Rk,Player,FantPt,STSnp,Day,G#,Week,Date,Age,Team,,Opp,Result,FantPt,PPR,DKPt,FDPt,OffSnp,Off%,DefSnp,Def%,STSnp,ST %,Pos.,-9999
1,Chris Boswell,24.00,13,Sun,10,11,2024-11-17,33-246,PIT,,BAL,W 18-16,24.00,24.00,24.0,24.0,0,0.0,0,0.0,13,44.8,K,BoswCh00
2,Chris Boswell,24.00,13,Sun,1,1,2024-09-08,33-176,PIT,@,ATL,W 18-10,24.00,24.00,26.0,26.0,0,0.0,0,0.0,13,52.0,K,BoswCh00
3,Matt Gay,24.00,12,Sun,3,3,2023-09-24,29-193,IND,@,BAL,W 22-19 (OT),24.00,24.00,24.0,24.0,0,0.0,0,0.0,12,33.3,K,GayxMa00
4,Jake Moody,24.00,17,Mon,1,1,2024-09-09,24-291,SFO,,NYJ,W 32-19,24.00,24.00,26.0,26.0,0,0.0,0,0.0,17,65.4,K,MoodJa00
5,Nick Folk,23.00,14,Mon,4,4,2024-09-30,39-330,TEN,@,MIA,W 31-12,23.00,23.00,24.0,24.0,0,0.0,0,0.0,14,45.2,K,FolkNi20
6,Brett Maher,22.00,16,Sun,10,11,2022-11-20,32-364,DAL,@,MIN,W 40-3,22.00,22.00,22.0,22.0,0,0.0,0,0.0,16,57.1,K,MaheBr01
7,Jason Sanders,22.00,12,Sun,15,16,2023-12-24,28-038,MIA,,DAL,W 22-20,22.00,22.00,22.0,22.0,0,0.0,0,0.0,12,46.2,K,SandJa00
8,Brandon Aubrey,21.00,15,Sun,13,14,2023-12-10,28-271,DAL,,PHI,W 33-13,21.00,21.00,22.0,22.0,0,0.0,0,0.0,15,60.0,K,AubrBr00
9,Tyler Bass,21.00,16,Sun,10,11,2022-11-20,25-279,BUF,,CLE,W 31-23,21.00,21.00,23.0,23.0,0,0.0,0,0.0,16,53.3,K,BassTy00
10,Harrison Butker,21.00,15,Sun,16,17,2023-12-31,28-170,KAN,,CIN,W 25-17,21.00,21.00,24.0,24.0,0,0.0,0,0.0,15,55.6,K,ButkHa00
11,Blake Grupe,21.00,19,Sun,1,1,2024-09-08,25-308,NOR,,CAR,W 47-10,21.00,21.00,22.0,22.0,0,0.0,0,0.0,19,63.3,K,GrupBl00
12,Dustin Hopkins,21.00,15,Sun,6,7,2023-10-22,33-021,CLE,@,IND,W 39-38,21.00,21.00,22.0,22.0,0,0.0,0,0.0,15,37.5,K,HopkDu00
13,Wil Lutz,21.00,15,Sun,12,12,2024-11-24,30-140,DEN,@,LVR,W 29-19,21.00,21.00,22.0,22.0,0,0.0,0,0.0,15,44.1,K,LutzWi00
14,Austin Seibert,21.00,14,Sun,2,2,2024-09-15,27-305,WAS,,NYG,W 21-18,21.00,21.00,22.0,22.0,0,0.0,0,0.0,14,66.7,K,SeibAu00
15,Brandon Aubrey,20.00,12,Sun,15,16,2024-12-22,29-283,DAL,,TAM,W 26-24,20.00,20.00,21.0,21.0,0,0.0,0,0.0,12,40.0,K,AubrBr00
16,Jake Elliott,20.00,13,Sun,17,18,2023-01-08,27-352,PHI,,NYG,W 22-16,20.00,20.00,20.0,20.0,0,0.0,0,0.0,13,46.4,K,ElliJa03
17,Chase McLaughlin,20.00,18,Sat,14,15,2022-12-17,26-252,IND,@,MIN,L 36-39 (OT),20.00,20.00,21.0,21.0,0,0.0,0,0.0,18,41.9,K,McLaCh00
18,Brandon Aubrey,19.00,15,Sun,1,1,2024-09-08,29-178,DAL,@,CLE,W 33-17,19.00,19.00,21.0,21.0,0,0.0,0,0.0,15,41.7,K,AubrBr00
19,Cameron Dicker,19.00,10,Mon,6,7,2024-10-21,24-168,LAC,@,ARI,L 15-17,19.00,19.00,21.0,21.0,0,0.0,0,0.0,10,45.5,K,DickCa00
20,Ka'imi Fairbairn,19.00,11,Sun,2,2,2024-09-15,30-230,HOU,,CHI,W 19-13,19.00,19.00,20.0,20.0,0,0.0,0,0.0,11,36.7,K,FairKa01
21,Matt Gay,19.00,19,Sun,15,16,2022-12-25,28-285,LAR,,DEN,W 51-14,19.00,19.00,19.0,19.0,0,0.0,0,0.0,19,73.1,K,GayxMa00
22,Joshua Karty,19.00,7,Mon,9,10,2024-11-11,22-249,LAR,,MIA,L 15-23,19.00,19.00,19.0,19.0,0,0.0,0,0.0,7,25.0,K,KartJo00
23,Jason Sanders,19.00,15,Sun,15,16,2024-12-22,29-036,MIA,,SFO,W 29-17,19.00,19.00,21.0,21.0,0,0.0,0,0.0,15,53.6,K,SandJa00
24,Brandon Aubrey,18.00,14,Sun,2,2,2023-09-17,28-187,DAL,,NYJ,W 30-10,18.00,18.00,18.0,18.0,0,0.0,0,0.0,14,50.0,K,AubrBr00
25,Daniel Carlson,18.00,13,Sun,2,2,2024-09-15,29-236,LVR,@,BAL,W 26-23,18.00,18.00,18.0,18.0,0,0.0,0,0.0,13,39.4,K,CarlDa00
26,Cameron Dicker,18.00,13,Sat,15,16,2023-12-23,23-231,LAC,,BUF,L 22-24,18.00,18.00,21.0,21.0,0,0.0,0,0.0,13,43.3,K,DickCa00
27,Nick Folk,18.00,6,Sun,8,8,2022-10-30,37-359,NWE,@,NYJ,W 22-17,18.00,18.00,21.0,21.0,0,0.0,0,0.0,6,21.4,K,FolkNi20
28,Nick Folk,18.00,12,Sun,11,12,2024-11-24,40-019,TEN,@,HOU,W 32-27,18.00,18.00,18.0,18.0,0,0.0,0,0.0,12,34.3,K,FolkNi20
29,Younghoe Koo,18.00,7,Sun,1,1,2022-09-11,28-039,ATL,,NOR,L 26-27,18.00,18.00,19.0,19.0,0,0.0,0,0.0,7,21.9,K,KooxYo00
30,Younghoe Koo,18.00,6,Sun,9,9,2023-11-05,29-094,ATL,,MIN,L 28-31,18.00,18.00,19.0,19.0,0,0.0,0,0.0,6,18.2,K,KooxYo00
31,Younghoe Koo,18.00,13,Sun,4,4,2024-09-29,30-057,ATL,,NOR,W 26-24,18.00,18.00,20.0,20.0,0,0.0,0,0.0,13,46.4,K,KooxYo00
32,Joey Slye,18.00,12,Mon,10,10,2022-11-14,26-218,WAS,@,PHI,W 32-21,18.00,18.00,19.0,19.0,0,0.0,0,0.0,12,46.2,K,SlyeJo00
33,Justin Tucker,18.00,14,Sun,6,6,2023-10-15,33-328,BAL,@,TEN,W 24-16,18.00,18.00,19.0,19.0,0,0.0,0,0.0,14,45.2,K,TuckJu00
34,Greg Zuerlein,18.00,13,Sun,12,13,2022-12-04,34-342,NYJ,@,MIN,L 22-27,18.00,18.00,19.0,19.0,0,0.0,0,0.0,13,40.6,K,ZuerGr00
35,Jake Bates,17.00,19,Sun,5,6,2024-10-13,25-224,DET,@,DAL,W 47-9,17.00,17.00,19.0,19.0,0,0.0,0,0.0,19,67.9,K,BateJa00
36,Harrison Butker,17.00,11,Thu,6,6,2023-10-12,28-090,KAN,,DEN,W 19-8,17.00,17.00,17.0,17.0,0,0.0,0,0.0,11,52.4,K,ButkHa00
37,Jake Elliott,17.00,13,Sun,1,1,2023-09-10,28-232,PHI,@,NWE,W 25-20,17.00,17.00,18.0,18.0,0,0.0,0,0.0,13,44.8,K,ElliJa03
38,Jake Elliott,17.00,8,Sun,15,16,2024-12-22,29-336,PHI,@,WAS,L 33-36,17.00,17.00,19.0,19.0,0,0.0,0,0.0,8,25.0,K,ElliJa03
39,Ka'imi Fairbairn,17.00,10,Sun,14,15,2023-12-17,29-322,HOU,@,TEN,W 19-16 (OT),17.00,17.00,17.0,17.0,0,0.0,0,0.0,10,32.3,K,FairKa01
40,Ka'imi Fairbairn,17.00,12,Sun,1,1,2024-09-08,30-223,HOU,@,IND,W 29-27,17.00,17.00,17.0,17.0,0,0.0,0,0.0,12,48.0,K,FairKa01
41,Nick Folk,17.00,7,Sun,5,5,2022-10-09,37-338,NWE,,DET,W 29-0,17.00,17.00,18.0,18.0,0,0.0,0,0.0,7,36.8,K,FolkNi20
42,Nick Folk,17.00,11,Sun,1,1,2023-09-10,38-309,TEN,@,NOR,L 15-16,17.00,17.00,18.0,18.0,0,0.0,0,0.0,11,39.3,K,FolkNi20
43,Graham Gano,17.00,11,Sun,2,2,2022-09-18,35-162,NYG,,CAR,W 19-16,17.00,17.00,17.0,17.0,0,0.0,0,0.0,11,36.7,K,GanoGr44
44,Blake Grupe,17.00,12,Sun,11,12,2023-11-26,25-021,NOR,@,ATL,L 15-24,17.00,17.00,19.0,19.0,0,0.0,0,0.0,12,50.0,K,GrupBl00
45,Greg Joseph,17.00,11,Thu,4,4,2024-09-26,30-053,NYG,,DAL,L 15-20,17.00,17.00,19.0,19.0,0,0.0,0,0.0,11,44.0,K,JoseGr00
46,Joshua Karty,17.00,5,Sun,17,18,2025-01-05,22-304,LAR,,SEA,L 25-30,17.00,17.00,17.0,17.0,0,0.0,0,0.0,5,18.5,K,KartJo00
47,Younghoe Koo,17.00,8,Sun,15,16,2023-12-24,29-143,ATL,,IND,W 29-10,17.00,17.00,19.0,19.0,0,0.0,0,0.0,8,28.6,K,KooxYo00
48,Wil Lutz,17.00,15,Thu,7,7,2024-10-17,30-102,DEN,@,NOR,W 33-10,17.00,17.00,18.0,18.0,0,0.0,0,0.0,15,51.7,K,LutzWi00
49,Wil Lutz,17.00,11,Sun,10,11,2023-11-19,29-135,DEN,,MIN,W 21-20,17.00,17.00,17.0,17.0,0,0.0,0,0.0,11,40.7,K,LutzWi00
50,Evan McPherson,17.00,11,Mon,3,3,2023-09-25,24-066,CIN,,LAR,W 19-16,17.00,17.00,19.0,19.0,0,0.0,0,0.0,11,35.5,K,McPhEv00
51,Jason Myers,17.00,16,Sun,3,3,2023-09-24,32-135,SEA,,CAR,W 37-27,17.00,17.00,18.0,18.0,0,0.0,0,0.0,16,45.7,K,MyerJa00
52,Jason Myers,17.00,14,Sun,9,10,2023-11-12,32-184,SEA,,WAS,W 29-26,17.00,17.00,21.0,21.0,0,0.0,0,0.0,14,40.0,K,MyerJa00
53,Matt Prater,17.00,11,Sun,10,10,2023-11-12,39-094,ARI,,ATL,W 25-23,17.00,17.00,18.0,18.0,0,0.0,0,0.0,11,42.3,K,PratMa20
54,Cairo Santos,17.00,14,Mon,7,7,2022-10-24,30-346,CHI,@,NWE,W 33-14,17.00,17.00,18.0,18.0,0,0.0,0,0.0,14,56.0,K,SantCa01
55,Greg Zuerlein,17.00,15,Sun,5,5,2023-10-08,35-285,NYJ,@,DEN,W 31-21,17.00,17.00,18.0,18.0,0,0.0,0,0.0,15,46.9,K,ZuerGr00
56,Michael Badgley,16.00,8,Sun,12,13,2022-12-04,27-129,DET,,JAX,W 40-14,16.00,16.00,19.0,19.0,0,0.0,0,0.0,8,30.8,K,BadgMi00
57,Tyler Bass,16.00,15,Sun,11,11,2023-11-19,26-278,BUF,,NYJ,W 32-6,16.00,16.00,17.0,17.0,0,0.0,0,0.0,15,55.6,K,BassTy00
58,Chris Boswell,16.00,17,Sun,12,13,2024-12-01,33-260,PIT,@,CIN,W 44-38,16.00,16.00,16.0,16.0,0,0.0,0,0.0,17,51.5,K,BoswCh00
59,Chris Boswell,16.00,14,Sun,6,6,2024-10-13,33-211,PIT,@,LVR,W 32-13,16.00,16.00,17.0,17.0,0,0.0,0,0.0,14,56.0,K,BoswCh00
60,Cameron Dicker,16.00,17,Sat,16,17,2024-12-28,24-236,LAC,@,NWE,W 40-7,16.00,16.00,17.0,17.0,0,0.0,0,0.0,17,65.4,K,DickCa00
61,Jake Elliott,16.00,13,Sun,4,4,2023-10-01,28-253,PHI,,WAS,W 34-31 (OT),16.00,16.00,18.0,18.0,0,0.0,0,0.0,13,41.9,K,ElliJa03
62,Ka'imi Fairbairn,16.00,13,Sun,16,17,2023-12-31,29-336,HOU,,TEN,W 26-3,16.00,16.00,16.0,16.0,0,0.0,0,0.0,13,54.2,K,FairKa01
63,Greg Joseph,16.00,14,Sun,4,4,2022-10-02,28-059,MIN,@,NOR,W 28-25,16.00,16.00,18.0,18.0,0,0.0,0,0.0,14,45.2,K,JoseGr00
64,Younghoe Koo,16.00,15,Thu,5,5,2024-10-03,30-061,ATL,,TAM,W 36-30 (OT),16.00,16.00,17.0,17.0,0,0.0,0,0.0,15,46.9,K,KooxYo00
65,Brett Maher,16.00,17,Sat,15,16,2022-12-24,33-033,DAL,,PHI,W 40-34,16.00,16.00,18.0,18.0,0,0.0,0,0.0,17,54.8,K,MaheBr01
66,Chase McLaughlin,16.00,10,Thu,5,5,2022-10-06,26-180,IND,@,DEN,W 12-9 (OT),16.00,16.00,17.0,17.0,0,0.0,0,0.0,10,32.3,K,McLaCh00
67,Chase McLaughlin,16.00,6,Thu,5,5,2024-10-03,28-177,TAM,@,ATL,L 30-36 (OT),16.00,16.00,16.0,16.0,0,0.0,0,0.0,6,18.8,K,McLaCh00
68,Chase McLaughlin,16.00,7,Sun,12,13,2024-12-01,28-236,TAM,@,CAR,W 26-23 (OT),16.00,16.00,16.0,16.0,0,0.0,0,0.0,7,19.4,K,McLaCh00
69,Chase McLaughlin,16.00,8,Sun,14,15,2024-12-15,28-250,TAM,@,LAC,W 40-17,16.00,16.00,18.0,18.0,0,0.0,0,0.0,8,29.6,K,McLaCh00
70,Brandon McManus,16.00,10,Sun,8,8,2023-10-29,32-096,JAX,@,PIT,W 20-10,16.00,16.00,16.0,16.0,0,0.0,0,0.0,10,38.5,K,McMaBr01
71,Riley Patterson,16.00,7,Mon,8,8,2023-10-30,24-053,DET,,LVR,W 26-14,16.00,16.00,17.0,17.0,0,0.0,0,0.0,7,28.0,K,PattRi01
72,Chad Ryland,16.00,13,Sun,12,13,2024-12-01,25-047,ARI,@,MIN,L 22-23,16.00,16.00,17.0,17.0,0,0.0,0,0.0,13,46.4,K,RylaCh00
73,Jason Sanders,16.00,12,Sun,13,14,2024-12-08,29-022,MIA,,NYJ,W 32-26 (OT),16.00,16.00,16.0,16.0,0,0.0,0,0.0,12,38.7,K,SandJa00
74,Cairo Santos,16.00,13,Sun,11,11,2023-11-19,32-007,CHI,@,DET,L 26-31,16.00,16.00,17.0,17.0,0,0.0,0,0.0,13,50.0,K,SantCa01
75,Cairo Santos,16.00,17,Thu,5,5,2023-10-05,31-327,CHI,@,WAS,W 40-20,16.00,16.00,17.0,17.0,0,0.0,0,0.0,17,56.7,K,SantCa01
76,Austin Seibert,16.00,17,Sun,7,7,2024-10-20,27-340,WAS,,CAR,W 40-7,16.00,16.00,17.0,17.0,0,0.0,0,0.0,17,65.4,K,SeibAu00
77,Cade York,16.00,14,Sun,1,1,2022-09-11,21-227,CLE,@,CAR,W 26-24,16.00,16.00,16.0,16.0,0,0.0,0,0.0,14,43.8,K,YorkCa00
78,Greg Zuerlein,16.00,8,Sun,3,3,2022-09-25,34-272,NYJ,,CIN,L 12-27,16.00,16.00,18.0,18.0,0,0.0,0,0.0,8,30.8,K,ZuerGr00
79,Greg Zuerlein,16.00,13,Sun,13,14,2023-12-10,35-348,NYJ,,HOU,W 30-6,16.00,16.00,17.0,17.0,0,0.0,0,0.0,13,44.8,K,ZuerGr00
80,Brandon Aubrey,15.00,10,Sun,2,2,2024-09-15,29-185,DAL,,NOR,L 19-44,15.00,15.00,17.0,17.0,0,0.0,0,0.0,10,37.0,K,AubrBr00
81,Brandon Aubrey,15.00,16,Thu,12,13,2023-11-30,28-261,DAL,,SEA,W 41-35,15.00,15.00,15.0,15.0,0,0.0,0,0.0,16,57.1,K,AubrBr00
82,Tyler Bass,15.00,15,Sun,3,3,2023-09-24,26-222,BUF,@,WAS,W 37-3,15.00,15.00,15.0,15.0,0,0.0,0,0.0,15,68.2,K,BassTy00
83,Daniel Carlson,15.00,12,Mon,5,5,2022-10-10,27-260,LVR,@,KAN,L 29-30,15.00,15.00,16.0,16.0,0,0.0,0,0.0,12,42.9,K,CarlDa00
84,Daniel Carlson,15.00,13,Sun,16,17,2024-12-29,29-341,LVR,@,NOR,W 25-10,15.00,15.00,15.0,15.0,0,0.0,0,0.0,13,46.4,K,CarlDa00
85,Daniel Carlson,15.00,10,Sun,11,12,2024-11-24,29-306,LVR,,DEN,L 19-29,15.00,15.00,15.0,15.0,0,0.0,0,0.0,10,29.4,K,CarlDa00
86,Daniel Carlson,15.00,10,Sun,7,7,2024-10-20,29-271,LVR,@,LAR,L 15-20,15.00,15.00,16.0,16.0,0,0.0,0,0.0,10,35.7,K,CarlDa00
87,Cameron Dicker,15.00,10,Mon,11,12,2024-11-25,24-203,LAC,,BAL,L 23-30,15.00,15.00,16.0,16.0,0,0.0,0,0.0,10,37.0,K,DickCa00
88,Jake Elliott,15.00,14,Mon,15,16,2023-12-25,28-338,PHI,,NYG,W 33-25,15.00,15.00,17.0,17.0,0,0.0,0,0.0,14,48.3,K,ElliJa03
89,Ka'imi Fairbairn,15.00,10,Sun,13,14,2022-12-11,28-316,HOU,@,DAL,L 23-27,15.00,15.00,16.0,16.0,0,0.0,0,0.0,10,35.7,K,FairKa01
90,Ka'imi Fairbairn,15.00,9,Sun,5,5,2024-10-06,30-251,HOU,,BUF,W 23-20,15.00,15.00,16.0,16.0,0,0.0,0,0.0,9,29.0,K,FairKa01
91,Robbie Gould,15.00,15,Sun,12,13,2022-12-04,39-363,SFO,,MIA,W 33-17,15.00,15.00,18.0,18.0,0,0.0,0,0.0,15,50.0,K,gouldrob01
92,Dustin Hopkins,15.00,12,Sun,5,6,2023-10-15,33-014,CLE,,SFO,W 19-17,15.00,15.00,17.0,17.0,0,0.0,0,0.0,12,38.7,K,HopkDu00
93,Cam Little,15.00,12,Sun,17,18,2025-01-05,21-141,JAX,@,IND,L 23-26 (OT),15.00,15.00,15.0,15.0,0,0.0,0,0.0,12,34.3,K,LittCa00
94,Wil Lutz,15.00,11,Sun,7,7,2023-10-22,29-107,DEN,,GNB,W 19-17,15.00,15.00,15.0,15.0,0,0.0,0,0.0,11,44.0,K,LutzWi00
95,Brett Maher,15.00,13,Sun,4,4,2022-10-02,32-315,DAL,,WAS,W 25-10,15.00,15.00,16.0,16.0,0,0.0,0,0.0,13,43.3,K,MaheBr01
96,Brett Maher,15.00,7,Sun,4,4,2023-10-01,33-314,LAR,@,IND,W 29-23 (OT),15.00,15.00,16.0,16.0,0,0.0,0,0.0,7,25.9,K,MaheBr01
97,Chase McLaughlin,15.00,7,Sun,8,9,2023-11-05,27-210,TAM,@,HOU,L 37-39,15.00,15.00,16.0,16.0,0,0.0,0,0.0,7,21.2,K,McLaCh00
98,Chase McLaughlin,15.00,7,Sun,1,1,2024-09-08,28-152,TAM,,WAS,W 37-20,15.00,15.00,15.0,15.0,0,0.0,0,0.0,7,25.9,K,McLaCh00
99,Brandon McManus,15.00,15,Sun,6,6,2023-10-15,32-082,JAX,,IND,W 37-20,15.00,15.00,17.0,17.0,0,0.0,0,0.0,15,48.4,K,McMaBr01
100,Evan McPherson,15.00,13,Sun,2,2,2024-09-15,25-056,CIN,@,KAN,L 25-26,15.00,15.00,16.0,16.0,0,0.0,0,0.0,13,50.0,K,McPhEv00
101,Evan McPherson,15.00,15,Sun,10,11,2022-11-20,23-122,CIN,@,PIT,W 37-30,15.00,15.00,17.0,17.0,0,0.0,0,0.0,15,41.7,K,McPhEv00
102,Jason Myers,15.00,15,Sun,7,7,2022-10-23,31-164,SEA,@,LAC,W 37-23,15.00,15.00,16.0,16.0,0,0.0,0,0.0,15,51.7,K,MyerJa00
103,Matt Prater,15.00,12,Sun,16,17,2023-01-01,38-144,ARI,@,ATL,L 19-20,15.00,15.00,15.0,15.0,0,0.0,0,0.0,12,48.0,K,PratMa20
104,Will Reichard,15.00,11,Sun,5,5,2024-10-06,23-271,MIN,,NYJ,W 23-17,15.00,15.00,16.0,16.0,0,0.0,0,0.0,11,37.9,K,ReicWi00
105,Jason Sanders,15.00,11,Mon,9,10,2024-11-11,28-361,MIA,@,LAR,W 23-15,15.00,15.00,15.0,15.0,0,0.0,0,0.0,11,39.3,K,SandJa00
106,Justin Tucker,15.00,14,Mon,15,16,2023-12-25,34-034,BAL,@,SFO,W 33-19,15.00,15.00,16.0,16.0,0,0.0,0,0.0,14,51.9,K,TuckJu00
107,Justin Tucker,15.00,13,Sun,11,12,2022-11-27,33-006,BAL,@,JAX,L 27-28,15.00,15.00,15.0,15.0,0,0.0,0,0.0,13,48.1,K,TuckJu00
108,Justin Tucker,15.00,10,Sun,5,5,2022-10-09,32-322,BAL,,CIN,W 19-17,15.00,15.00,16.0,16.0,0,0.0,0,0.0,10,43.5,K,TuckJu00
109,Matthew Wright,15.00,5,Sun,13,14,2024-12-08,28-261,KAN,,LAC,W 19-17,15.00,15.00,16.0,16.0,0,0.0,0,0.0,5,19.2,K,WrigMa00
110,Brandon Aubrey,14.00,14,Sun,14,15,2024-12-15,29-276,DAL,@,CAR,W 30-14,14.00,14.00,16.0,16.0,0,0.0,0,0.0,14,56.0,K,AubrBr00
111,Tyler Bass,14.00,17,Sun,4,4,2023-10-01,26-229,BUF,,MIA,W 48-20,14.00,14.00,14.0,14.0,0,0.0,0,0.0,17,60.7,K,BassTy00
112,Tyler Bass,14.00,18,Sun,14,15,2024-12-15,27-305,BUF,@,DET,W 48-42,14.00,14.00,15.0,15.0,0,0.0,0,0.0,18,50.0,K,BassTy00
113,Chris Boswell,14.00,13,Mon,8,8,2024-10-28,33-226,PIT,,NYG,W 26-18,14.00,14.00,14.0,14.0,0,0.0,0,0.0,13,43.3,K,BoswCh00
114,Harrison Butker,14.00,14,Mon,5,5,2024-10-07,29-085,KAN,,NOR,W 26-13,14.00,14.00,14.0,14.0,0,0.0,0,0.0,14,58.3,K,ButkHa00
115,Harrison Butker,14.00,13,Sun,11,12,2022-11-27,27-136,KAN,,LAR,W 26-10,14.00,14.00,14.0,14.0,0,0.0,0,0.0,13,54.2,K,ButkHa00
116,Harrison Butker,14.00,13,Sun,10,11,2022-11-20,27-129,KAN,@,LAC,W 30-27,14.00,14.00,14.0,14.0,0,0.0,0,0.0,13,44.8,K,ButkHa00
117,Anders Carlson,14.00,14,Sun,13,14,2024-12-08,26-175,NYJ,@,MIA,L 26-32 (OT),14.00,14.00,16.0,16.0,0,0.0,0,0.0,14,45.2,K,CarlAn00
118,Anders Carlson,14.00,13,Sun,8,8,2024-10-27,26-133,SFO,,DAL,W 30-24,14.00,14.00,16.0,16.0,0,0.0,0,0.0,13,43.3,K,CarlAn00
119,Daniel Carlson,14.00,10,Sun,10,11,2022-11-20,27-301,LVR,@,DEN,W 22-16 (OT),14.00,14.00,14.0,14.0,0,0.0,0,0.0,10,34.5,K,CarlDa00
120,Daniel Carlson,14.00,14,Sun,4,4,2022-10-02,27-252,LVR,,DEN,W 32-23,14.00,14.00,14.0,14.0,0,0.0,0,0.0,14,43.8,K,CarlDa00
121,Mason Crosby,14.00,13,Sun,15,16,2022-12-25,38-113,GNB,@,MIA,W 26-20,14.00,14.00,15.0,15.0,0,0.0,0,0.0,13,50.0,K,CrosMa20
122,Cameron Dicker,14.00,13,Sun,7,8,2023-10-29,23-176,LAC,,CHI,W 30-13,14.00,14.00,16.0,16.0,0,0.0,0,0.0,13,59.1,K,DickCa00
123,Cameron Dicker,14.00,15,Sun,17,18,2025-01-05,24-244,LAC,@,LVR,W 34-20,14.00,14.00,15.0,15.0,0,0.0,0,0.0,15,51.7,K,DickCa00
124,Nick Folk,14.00,13,Thu,11,12,2022-11-24,38-019,NWE,@,MIN,L 26-33,14.00,14.00,15.0,15.0,0,0.0,0,0.0,13,39.4,K,FolkNi20
125,Nick Folk,14.00,6,Sun,9,9,2022-11-06,38-001,NWE,,IND,W 26-3,14.00,14.00,17.0,17.0,0,0.0,0,0.0,6,18.2,K,FolkNi20
126,Graham Gano,14.00,10,Mon,3,3,2022-09-26,35-170,NYG,,DAL,L 16-23,14.00,14.00,15.0,15.0,0,0.0,0,0.0,10,34.5,K,GanoGr44
127,Matt Gay,14.00,14,Sun,17,18,2025-01-05,30-296,IND,,JAX,W 26-23 (OT),14.00,14.00,16.0,16.0,0,0.0,0,0.0,14,40.0,K,GayxMa00
128,Blake Grupe,14.00,13,Sun,5,5,2023-10-08,24-337,NOR,@,NWE,W 34-0,14.00,14.00,14.0,14.0,0,0.0,0,0.0,13,41.9,K,GrupBl00
129,Joshua Karty,14.00,5,Sun,4,4,2024-09-29,22-206,LAR,@,CHI,L 18-24,14.00,14.00,15.0,15.0,0,0.0,0,0.0,5,19.2,K,KartJo00
130,Younghoe Koo,14.00,4,Sun,13,13,2022-12-04,28-123,ATL,,PIT,L 16-19,14.00,14.00,14.0,14.0,0,0.0,0,0.0,4,16.0,K,KooxYo00
131,Younghoe Koo,14.00,6,Sun,17,18,2023-01-08,28-158,ATL,,TAM,W 30-17,14.00,14.00,15.0,15.0,0,0.0,0,0.0,6,21.4,K,KooxYo00
132,Wil Lutz,14.00,13,Sun,3,3,2024-09-22,30-077,DEN,@,TAM,W 26-7,14.00,14.00,16.0,16.0,0,0.0,0,0.0,13,59.1,K,LutzWi00
133,Wil Lutz,14.00,13,Sun,6,6,2022-10-16,28-101,NOR,,CIN,L 26-30,14.00,14.00,14.0,14.0,0,0.0,0,0.0,13,44.8,K,LutzWi00
134,Brett Maher,14.00,6,Sun,6,6,2023-10-15,33-328,LAR,,ARI,W 26-9,14.00,14.00,15.0,15.0,0,0.0,0,0.0,6,22.2,K,MaheBr01
135,Brett Maher,14.00,9,Sun,1,1,2023-09-10,33-293,LAR,@,SEA,W 30-13,14.00,14.00,15.0,15.0,0,0.0,0,0.0,9,32.1,K,MaheBr01
136,Chase McLaughlin,14.00,6,Sun,15,16,2023-12-24,27-259,TAM,,JAX,W 30-12,14.00,14.00,14.0,14.0,0,0.0,0,0.0,6,30.0,K,McLaCh00
137,Brandon McManus,14.00,13,Sun,16,17,2023-12-31,32-159,JAX,,CAR,W 26-0,14.00,14.00,14.0,14.0,0,0.0,0,0.0,13,56.5,K,McMaBr01
138,Jake Moody,14.00,12,Sun,2,2,2023-09-17,23-298,SFO,@,LAR,W 30-23,14.00,14.00,14.0,14.0,0,0.0,0,0.0,12,42.9,K,MoodJa00
139,Jason Myers,14.00,18,Sun,4,4,2022-10-02,31-143,SEA,@,DET,W 48-45,14.00,14.00,14.0,14.0,0,0.0,0,0.0,18,54.5,K,MyerJa00
140,Jason Myers,14.00,10,Sun,10,11,2023-11-19,32-191,SEA,@,LAR,L 16-17,14.00,14.00,15.0,15.0,0,0.0,0,0.0,10,38.5,K,MyerJa00
141,Matt Prater,14.00,9,Sun,15,16,2022-12-25,38-137,ARI,,TAM,L 16-19 (OT),14.00,14.00,14.0,14.0,0,0.0,0,0.0,9,27.3,K,PratMa20
142,Will Reichard,14.00,13,Mon,14,15,2024-12-16,23-342,MIN,,CHI,W 30-12,14.00,14.00,15.0,15.0,0,0.0,0,0.0,13,48.1,K,ReicWi00
143,Chad Ryland,14.00,13,Sun,15,16,2024-12-22,25-068,ARI,@,CAR,L 30-36 (OT),14.00,14.00,15.0,15.0,0,0.0,0,0.0,13,39.4,K,RylaCh00
144,Cairo Santos,14.00,10,Mon,12,12,2023-11-27,32-015,CHI,@,MIN,W 12-10,14.00,14.00,14.0,14.0,0,0.0,0,0.0,10,50.0,K,SantCa01
145,Cairo Santos,14.00,10,Sun,5,5,2022-10-09,30-331,CHI,@,MIN,L 22-29,14.00,14.00,15.0,15.0,0,0.0,0,0.0,10,43.5,K,SantCa01
146,Ryan Succop,14.00,4,Sun,6,6,2022-10-16,36-027,TAM,@,PIT,L 18-20,14.00,14.00,14.0,14.0,0,0.0,0,0.0,4,14.3,K,SuccRy44
147,Greg Zuerlein,14.00,9,Sun,9,10,2023-11-12,35-320,NYJ,@,LVR,L 12-16,14.00,14.00,16.0,16.0,0,0.0,0,0.0,9,33.3,K,ZuerGr00
148,Greg Zuerlein,14.00,13,Sun,15,16,2023-12-24,35-362,NYJ,,WAS,W 30-28,14.00,14.00,14.0,14.0,0,0.0,0,0.0,13,36.1,K,ZuerGr00
149,Brandon Aubrey,13.00,11,Sun,17,18,2025-01-05,29-297,DAL,,WAS,L 19-23,13.00,13.00,14.0,14.0,0,0.0,0,0.0,11,39.3,K,AubrBr00
150,Brandon Aubrey,13.00,15,Sun,7,8,2023-10-29,28-229,DAL,,LAR,W 43-20,13.00,13.00,13.0,13.0,0,0.0,0,0.0,15,50.0,K,AubrBr00
151,Chris Boswell,13.00,11,Sun,3,3,2023-09-24,32-192,PIT,@,LVR,W 23-18,13.00,13.00,15.0,15.0,0,0.0,0,0.0,11,37.9,K,BoswCh00
152,Chris Boswell,13.00,11,Sun,1,1,2022-09-11,31-179,PIT,@,CIN,W 23-20 (OT),13.00,13.00,14.0,14.0,0,0.0,0,0.0,11,34.4,K,BoswCh00
153,Chris Boswell,13.00,15,Sun,7,7,2024-10-20,33-218,PIT,,NYJ,W 37-15,13.00,13.00,14.0,14.0,0,0.0,0,0.0,15,51.7,K,BoswCh00
154,Randy Bullock,13.00,11,Sun,6,7,2022-10-23,32-311,TEN,,IND,W 19-10,13.00,13.00,14.0,14.0,0,0.0,0,0.0,11,45.8,K,BullRa00
155,Daniel Carlson,13.00,11,Sun,2,2,2022-09-18,27-238,LVR,,ARI,L 23-29 (OT),13.00,13.00,13.0,13.0,0,0.0,0,0.0,11,52.4,K,CarlDa00
156,Daniel Carlson,13.00,12,Sun,6,6,2023-10-15,28-265,LVR,,NWE,W 21-17,13.00,13.00,13.0,13.0,0,0.0,0,0.0,12,48.0,K,CarlDa00
157,Mason Crosby,13.00,14,Sun,16,17,2023-01-01,38-120,GNB,,MIN,W 41-17,13.00,13.00,13.0,13.0,0,0.0,0,0.0,14,50.0,K,CrosMa20
158,Cameron Dicker,13.00,8,Sun,16,17,2023-12-31,23-239,LAC,@,DEN,L 9-16,13.00,13.00,13.0,13.0,0,0.0,0,0.0,8,28.6,K,DickCa00
159,Jake Elliott,13.00,7,Sun,11,12,2024-11-24,29-308,PHI,@,LAR,W 37-20,13.00,13.00,13.0,13.0,0,0.0,0,0.0,7,25.0,K,ElliJa03
160,Jake Elliott,13.00,7,Sun,7,8,2024-10-27,29-280,PHI,@,CIN,W 37-17,13.00,13.00,15.0,15.0,0,0.0,0,0.0,7,29.2,K,ElliJa03
161,Ka'imi Fairbairn,13.00,14,Sun,3,3,2023-09-24,29-238,HOU,@,JAX,W 37-17,13.00,13.00,13.0,13.0,0,0.0,0,0.0,14,48.3,K,FairKa01
162,Ka'imi Fairbairn,13.00,11,Sun,5,5,2023-10-08,29-252,HOU,@,ATL,L 19-21,13.00,13.00,15.0,15.0,0,0.0,0,0.0,11,37.9,K,FairKa01
163,Ka'imi Fairbairn,13.00,12,Sun,10,10,2024-11-10,30-286,HOU,,DET,L 23-26,13.00,13.00,13.0,13.0,0,0.0,0,0.0,12,40.0,K,FairKa01
164,Ka'imi Fairbairn,13.00,11,Sun,13,13,2024-12-01,30-307,HOU,@,JAX,W 23-20,13.00,13.00,13.0,13.0,0,0.0,0,0.0,11,40.7,K,FairKa01
165,Matt Gay,13.00,13,Sun,12,13,2023-12-03,29-263,IND,@,TEN,W 31-28 (OT),13.00,13.00,14.0,14.0,0,0.0,0,0.0,13,35.1,K,GayxMa00
166,Matt Gay,13.00,11,Sun,12,13,2022-12-04,28-264,LAR,,SEA,L 23-27,13.00,13.00,14.0,14.0,0,0.0,0,0.0,11,40.7,K,GayxMa00
167,Robbie Gould,13.00,11,Sun,7,7,2022-10-23,39-321,SFO,,KAN,L 23-44,13.00,13.00,14.0,14.0,0,0.0,0,0.0,11,39.3,K,gouldrob01
168,Robbie Gould,13.00,15,Sat,15,16,2022-12-24,40-018,SFO,,WAS,W 37-20,13.00,13.00,13.0,13.0,0,0.0,0,0.0,15,55.6,K,gouldrob01
169,Robbie Gould,13.00,16,Sun,16,17,2023-01-01,40-026,SFO,@,LVR,W 37-34 (OT),13.00,13.00,14.0,14.0,0,0.0,0,0.0,16,48.5,K,gouldrob01
170,Blake Grupe,13.00,11,Sun,17,18,2025-01-05,26-061,NOR,@,TAM,L 19-27,13.00,13.00,14.0,14.0,0,0.0,0,0.0,11,39.3,K,GrupBl00
171,Lucas Havrisik,13.00,5,Sun,13,14,2023-12-10,24-072,LAR,@,BAL,L 31-37 (OT),13.00,13.00,13.0,13.0,0,0.0,0,0.0,5,13.5,K,HavrLu00
172,Dustin Hopkins,13.00,5,Mon,6,6,2022-10-17,32-016,LAC,,DEN,W 19-16 (OT),13.00,13.00,13.0,13.0,0,0.0,0,0.0,5,16.7,K,HopkDu00
173,Dustin Hopkins,13.00,13,Sun,9,10,2023-11-12,33-042,CLE,@,BAL,W 33-31,13.00,13.00,14.0,14.0,0,0.0,0,0.0,13,41.9,K,HopkDu00
174,Greg Joseph,13.00,11,Sun,1,1,2022-09-11,28-038,MIN,,GNB,W 23-7,13.00,13.00,13.0,13.0,0,0.0,0,0.0,11,47.8,K,JoseGr00
175,Greg Joseph,13.00,14,Sun,17,18,2023-01-08,28-157,MIN,@,CHI,W 29-13,13.00,13.00,14.0,14.0,0,0.0,0,0.0,14,60.9,K,JoseGr00
176,Younghoe Koo,13.00,7,Sun,8,8,2022-10-30,28-088,ATL,,CAR,W 37-34 (OT),13.00,13.00,14.0,14.0,0,0.0,0,0.0,7,20.0,K,KooxYo00
177,Younghoe Koo,13.00,6,Sun,2,2,2023-09-17,29-045,ATL,,GNB,W 25-24,13.00,13.00,13.0,13.0,0,0.0,0,0.0,6,22.2,K,KooxYo00
178,Cam Little,13.00,15,Sun,5,5,2024-10-06,21-050,JAX,,IND,W 37-34,13.00,13.00,14.0,14.0,0,0.0,0,0.0,15,44.1,K,LittCa00
179,Cam Little,13.00,11,Sun,14,15,2024-12-15,21-120,JAX,,NYJ,L 25-32,13.00,13.00,15.0,15.0,0,0.0,0,0.0,11,39.3,K,LittCa00
180,Brandon McManus,13.00,8,Sun,12,13,2022-12-04,31-132,DEN,@,BAL,L 9-10,13.00,13.00,14.0,14.0,0,0.0,0,0.0,8,30.8,K,McMaBr01
181,Brandon McManus,13.00,11,Sun,4,4,2023-10-01,32-068,JAX,,ATL,W 23-7,13.00,13.00,14.0,14.0,0,0.0,0,0.0,11,50.0,K,McMaBr01
182,Jason Myers,13.00,10,Sun,6,6,2022-10-16,31-157,SEA,,ARI,W 19-9,13.00,13.00,13.0,13.0,0,0.0,0,0.0,10,38.5,K,MyerJa00
183,Jason Myers,13.00,11,Sun,17,18,2023-01-08,31-241,SEA,,LAR,W 19-16 (OT),13.00,13.00,13.0,13.0,0,0.0,0,0.0,11,33.3,K,MyerJa00
184,Riley Patterson,13.00,12,Thu,15,16,2022-12-22,23-106,JAX,@,NYJ,W 19-3,13.00,13.00,15.0,15.0,0,0.0,0,0.0,12,54.5,K,PattRi01
185,Eddy Piñeiro,13.00,13,Thu,10,10,2022-11-10,27-058,CAR,,ATL,W 25-15,13.00,13.00,16.0,16.0,0,0.0,0,0.0,13,44.8,K,PineEd00
186,Eddy Piñeiro,13.00,14,Sat,15,16,2022-12-24,27-102,CAR,,DET,W 37-23,13.00,13.00,14.0,14.0,0,0.0,0,0.0,14,48.3,K,PineEd00
187,Eddy Piñeiro,13.00,7,Mon,2,2,2023-09-18,28-005,CAR,,NOR,L 17-20,13.00,13.00,13.0,13.0,0,0.0,0,0.0,7,25.9,K,PineEd00
188,Eddy Piñeiro,13.00,11,Sun,11,12,2024-11-24,29-072,CAR,,KAN,L 27-30,13.00,13.00,13.0,13.0,0,0.0,0,0.0,11,40.7,K,PineEd00
189,Matt Prater,13.00,15,Sun,2,2,2024-09-15,40-036,ARI,,LAR,W 41-10,13.00,13.00,14.0,14.0,0,0.0,0,0.0,15,60.0,K,PratMa20
190,Matt Prater,13.00,12,Sun,14,15,2023-12-17,39-129,ARI,,SFO,L 29-45,13.00,13.00,14.0,14.0,0,0.0,0,0.0,12,38.7,K,PratMa20
191,Matt Prater,13.00,7,Sun,14,15,2022-12-18,38-130,ARI,@,DEN,L 15-24,13.00,13.00,14.0,14.0,0,0.0,0,0.0,7,25.0,K,PratMa20
192,Will Reichard,13.00,12,Sun,6,7,2024-10-20,23-285,MIN,,DET,L 29-31,13.00,13.00,15.0,15.0,0,0.0,0,0.0,12,38.7,K,ReicWi00
193,John Parker Romo,13.00,12,Sun,12,13,2024-12-01,27-096,MIN,,ARI,W 23-22,13.00,13.00,14.0,14.0,0,0.0,0,0.0,12,42.9,K,RomoJo00
194,Chad Ryland,13.00,16,Sun,17,18,2025-01-05,25-082,ARI,,SFO,W 47-24,13.00,13.00,14.0,14.0,0,0.0,0,0.0,16,48.5,K,RylaCh00
195,Cairo Santos,13.00,7,Sun,8,9,2024-11-03,32-357,CHI,@,ARI,L 9-29,13.00,13.00,13.0,13.0,0,0.0,0,0.0,7,25.0,K,SantCa01
196,Cairo Santos,13.00,8,Sun,16,17,2023-12-31,32-049,CHI,,ATL,W 37-17,13.00,13.00,15.0,15.0,0,0.0,0,0.0,8,25.0,K,SantCa01
197,Cairo Santos,13.00,10,Sun,3,3,2022-09-25,30-317,CHI,,HOU,W 23-20,13.00,13.00,14.0,14.0,0,0.0,0,0.0,10,34.5,K,SantCa01
198,Austin Seibert,13.00,12,Sun,6,6,2024-10-13,27-333,WAS,@,BAL,L 23-30,13.00,13.00,15.0,15.0,0,0.0,0,0.0,12,41.4,K,SeibAu00
199,Joey Slye,13.00,11,Sun,17,18,2025-01-05,28-270,NWE,,BUF,W 23-16,13.00,13.00,15.0,15.0,0,0.0,0,0.0,11,44.0,K,SlyeJo00
200,Joey Slye,13.00,10,Sun,10,10,2024-11-10,28-214,NWE,@,CHI,W 19-3,13.00,13.00,13.0,13.0,0,0.0,0,0.0,10,37.0,K,SlyeJo00
201,Ryan Succop,13.00,6,Sun,1,1,2022-09-11,35-357,TAM,@,DAL,W 19-3,13.00,13.00,15.0,15.0,0,0.0,0,0.0,6,25.0,K,SuccRy44
202,Ryan Succop,13.00,5,Sun,15,16,2022-12-25,36-097,TAM,@,ARI,W 19-16 (OT),13.00,13.00,15.0,15.0,0,0.0,0,0.0,5,15.2,K,SuccRy44
203,Justin Tucker,13.00,11,Sun,7,7,2022-10-23,32-336,BAL,,CLE,W 23-20,13.00,13.00,13.0,13.0,0,0.0,0,0.0,11,40.7,K,TuckJu00
204,Justin Tucker,13.00,15,Sun,9,9,2023-11-05,33-349,BAL,,SEA,W 37-3,13.00,13.00,14.0,14.0,0,0.0,0,0.0,15,55.6,K,TuckJu00
205,Justin Tucker,13.00,15,Sun,5,5,2024-10-06,34-320,BAL,@,CIN,W 41-38 (OT),13.00,13.00,13.0,13.0,0,0.0,0,0.0,15,42.9,K,TuckJu00
206,Justin Tucker,13.00,15,Mon,7,7,2024-10-21,34-335,BAL,@,TAM,W 41-31,13.00,13.00,13.0,13.0,0,0.0,0,0.0,15,51.7,K,TuckJu00
207,Matthew Wright,13.00,11,Sun,12,13,2022-12-04,26-257,PIT,@,ATL,W 19-16,13.00,13.00,16.0,16.0,0,0.0,0,0.0,11,44.0,K,WrigMa00
208,Matthew Wright,13.00,12,Fri,12,13,2024-11-29,28-252,KAN,,LVR,W 19-17,13.00,13.00,14.0,14.0,0,0.0,0,0.0,12,38.7,K,WrigMa00
209,Cade York,13.00,11,Sat,17,18,2025-01-04,23-343,CIN,@,PIT,W 19-17,13.00,13.00,14.0,14.0,0,0.0,0,0.0,11,42.3,K,YorkCa00
210,Matt Ammendola,12.00,12,Sun,9,10,2023-11-12,26-336,HOU,@,CIN,W 30-27,12.00,12.00,13.0,13.0,0,0.0,0,0.0,12,37.5,K,AmmeMa00
211,Brandon Aubrey,12.00,15,Sun,4,4,2023-10-01,28-201,DAL,,NWE,W 38-3,12.00,12.00,12.0,12.0,0,0.0,0,0.0,15,57.7,K,AubrBr00
212,Michael Badgley,12.00,4,Sun,4,4,2022-10-02,27-066,CHI,@,NYG,L 12-20,12.00,12.00,13.0,13.0,0,0.0,0,0.0,4,13.3,K,BadgMi00
213,Tyler Bass,12.00,14,Sun,9,10,2022-11-13,25-272,BUF,,MIN,L 30-33 (OT),12.00,12.00,13.0,13.0,0,0.0,0,0.0,14,42.4,K,BassTy00
214,Tyler Bass,12.00,9,Mon,1,1,2023-09-11,26-209,BUF,@,NYJ,L 16-22 (OT),12.00,12.00,13.0,13.0,0,0.0,0,0.0,9,34.6,K,BassTy00
215,Tyler Bass,12.00,12,Sun,9,9,2024-11-03,27-263,BUF,,MIA,W 30-27,12.00,12.00,14.0,14.0,0,0.0,0,0.0,12,48.0,K,BassTy00
216,Tyler Bass,12.00,12,Sun,10,10,2024-11-10,27-270,BUF,@,IND,W 30-20,12.00,12.00,13.0,13.0,0,0.0,0,0.0,12,48.0,K,BassTy00
217,Jake Bates,12.00,17,Sun,7,8,2024-10-27,25-238,DET,,TEN,W 52-14,12.00,12.00,12.0,12.0,0,0.0,0,0.0,17,51.5,K,BateJa00
218,Jake Bates,12.00,9,Sun,9,10,2024-11-10,25-252,DET,@,HOU,W 26-23,12.00,12.00,12.0,12.0,0,0.0,0,0.0,9,30.0,K,BateJa00
219,Jake Bates,12.00,17,Sun,10,11,2024-11-17,25-259,DET,,JAX,W 52-6,12.00,12.00,12.0,12.0,0,0.0,0,0.0,17,65.4,K,BateJa00
220,Taylor Bertolet,12.00,13,Sun,5,5,2022-10-09,29-350,LAC,@,CLE,W 30-28,12.00,12.00,12.0,12.0,0,0.0,0,0.0,13,48.1,K,BertTa01
221,Chris Boswell,12.00,8,Sun,4,4,2022-10-02,31-200,PIT,,NYJ,L 20-24,12.00,12.00,12.0,12.0,0,0.0,0,0.0,8,30.8,K,BoswCh00
222,Chris Boswell,12.00,10,Sun,16,17,2023-01-01,31-291,PIT,@,BAL,W 16-13,12.00,12.00,12.0,12.0,0,0.0,0,0.0,10,43.5,K,BoswCh00
223,Chris Boswell,12.00,10,Mon,2,2,2023-09-18,32-186,PIT,,CLE,W 26-22,12.00,12.00,12.0,12.0,0,0.0,0,0.0,10,32.3,K,BoswCh00
224,Chris Boswell,12.00,12,Sat,15,16,2023-12-23,32-282,PIT,,CIN,W 34-11,12.00,12.00,12.0,12.0,0,0.0,0,0.0,12,50.0,K,BoswCh00
225,Chris Boswell,12.00,13,Sun,16,17,2023-12-31,32-290,PIT,@,SEA,W 30-23,12.00,12.00,12.0,12.0,0,0.0,0,0.0,13,46.4,K,BoswCh00
226,Randy Bullock,12.00,8,Sat,17,18,2023-01-07,33-022,TEN,@,JAX,L 16-20,12.00,12.00,13.0,13.0,0,0.0,0,0.0,8,33.3,K,BullRa00
227,Harrison Butker,12.00,11,Sun,3,3,2024-09-22,29-070,KAN,@,ATL,W 22-17,12.00,12.00,13.0,13.0,0,0.0,0,0.0,11,45.8,K,ButkHa00
228,Daniel Carlson,12.00,9,Thu,13,14,2022-12-08,27-319,LVR,@,LAR,L 16-17,12.00,12.00,12.0,12.0,0,0.0,0,0.0,9,36.0,K,CarlDa00
229,Daniel Carlson,12.00,13,Sun,16,17,2023-01-01,27-343,LVR,,SFO,L 34-37 (OT),12.00,12.00,12.0,12.0,0,0.0,0,0.0,13,39.4,K,CarlDa00
230,Daniel Carlson,12.00,13,Sun,9,9,2023-11-05,28-286,LVR,,NYG,W 30-6,12.00,12.00,14.0,14.0,0,0.0,0,0.0,13,54.2,K,CarlDa00
231,Daniel Carlson,12.00,8,Sun,10,10,2023-11-12,28-293,LVR,,NYJ,W 16-12,12.00,12.00,14.0,14.0,0,0.0,0,0.0,8,29.6,K,CarlDa00
232,Cameron Dicker,12.00,13,Sun,1,1,2023-09-10,23-127,LAC,,MIA,L 34-36,12.00,12.00,12.0,12.0,0,0.0,0,0.0,13,41.9,K,DickCa00
233,Cameron Dicker,12.00,8,Sun,17,18,2024-01-07,23-246,LAC,,KAN,L 12-13,12.00,12.00,15.0,15.0,0,0.0,0,0.0,8,29.6,K,DickCa00
234,Cameron Dicker,12.00,10,Sun,1,1,2024-09-08,24-125,LAC,,LVR,W 22-10,12.00,12.00,12.0,12.0,0,0.0,0,0.0,10,35.7,K,DickCa00
235,Cameron Dicker,12.00,12,Sun,10,11,2024-11-17,24-195,LAC,,CIN,W 34-27,12.00,12.00,12.0,12.0,0,0.0,0,0.0,12,32.4,K,DickCa00
236,Jake Elliott,12.00,15,Sun,11,12,2022-11-27,27-310,PHI,,GNB,W 40-33,12.00,12.00,12.0,12.0,0,0.0,0,0.0,15,48.4,K,ElliJa03
237,Jake Elliott,12.00,18,Sun,13,14,2022-12-11,27-324,PHI,@,NYG,W 48-22,12.00,12.00,12.0,12.0,0,0.0,0,0.0,18,58.1,K,ElliJa03
238,Jake Elliott,12.00,13,Thu,2,2,2023-09-14,28-236,PHI,,MIN,W 34-28,12.00,12.00,12.0,12.0,0,0.0,0,0.0,13,44.8,K,ElliJa03
239,Ka'imi Fairbairn,12.00,12,Sun,4,4,2023-10-01,29-245,HOU,,PIT,W 30-6,12.00,12.00,12.0,12.0,0,0.0,0,0.0,12,48.0,K,FairKa01
240,Ka'imi Fairbairn,12.00,10,Sun,7,7,2024-10-20,30-265,HOU,@,GNB,L 22-24,12.00,12.00,12.0,12.0,0,0.0,0,0.0,10,34.5,K,FairKa01
241,Nick Folk,12.00,10,Sun,14,15,2022-12-18,38-043,NWE,@,LVR,L 24-30,12.00,12.00,13.0,13.0,0,0.0,0,0.0,10,31.3,K,FolkNi20
242,Nick Folk,12.00,9,Sun,5,5,2023-10-08,38-337,TEN,@,IND,L 16-23,12.00,12.00,12.0,12.0,0,0.0,0,0.0,9,40.9,K,FolkNi20
243,Graham Gano,12.00,9,Sun,14,15,2022-12-18,35-253,NYG,@,WAS,W 20-12,12.00,12.00,12.0,12.0,0,0.0,0,0.0,9,36.0,K,GanoGr44
244,Graham Gano,12.00,10,Sat,15,16,2022-12-24,35-259,NYG,@,MIN,L 24-27,12.00,12.00,14.0,14.0,0,0.0,0,0.0,10,34.5,K,GanoGr44
245,Graham Gano,12.00,10,Sun,5,5,2023-10-08,36-182,NYG,@,MIA,L 16-31,12.00,12.00,13.0,13.0,0,0.0,0,0.0,10,38.5,K,GanoGr44
246,Matt Gay,12.00,15,Sat,14,15,2023-12-16,29-276,IND,,PIT,W 30-13,12.00,12.00,13.0,13.0,0,0.0,0,0.0,15,57.7,K,GayxMa00
247,Matt Gay,12.00,8,Sun,7,7,2024-10-20,30-219,IND,,MIA,W 16-10,12.00,12.00,12.0,12.0,0,0.0,0,0.0,8,29.6,K,GayxMa00
248,Matt Gay,12.00,11,Sun,11,11,2024-11-17,30-247,IND,@,NYJ,W 28-27,12.00,12.00,14.0,14.0,0,0.0,0,0.0,11,35.5,K,GayxMa00
249,Blake Grupe,12.00,9,Sun,1,1,2023-09-10,24-309,NOR,,TEN,W 16-15,12.00,12.00,12.0,12.0,0,0.0,0,0.0,9,32.1,K,GrupBl00
250,Blake Grupe,12.00,17,Sun,17,18,2024-01-07,25-063,NOR,,ATL,W 48-17,12.00,12.00,12.0,12.0,0,0.0,0,0.0,17,53.1,K,GrupBl00
251,Blake Grupe,12.00,10,Sun,9,9,2024-11-03,25-364,NOR,@,CAR,L 22-23,12.00,12.00,12.0,12.0,0,0.0,0,0.0,10,34.5,K,GrupBl00
252,Lucas Havrisik,12.00,7,Thu,15,16,2023-12-21,24-083,LAR,,NOR,W 30-22,12.00,12.00,12.0,12.0,0,0.0,0,0.0,7,29.2,K,HavrLu00
253,Dustin Hopkins,12.00,10,Sun,2,2,2024-09-15,33-350,CLE,@,JAX,W 18-13,12.00,12.00,13.0,13.0,0,0.0,0,0.0,10,37.0,K,HopkDu00
254,Greg Joseph,12.00,12,Mon,7,7,2023-10-23,29-080,MIN,,SFO,W 22-17,12.00,12.00,12.0,12.0,0,0.0,0,0.0,12,54.5,K,JoseGr00
255,Greg Joseph,12.00,10,Mon,8,8,2024-10-28,30-085,NYG,@,PIT,L 18-26,12.00,12.00,14.0,14.0,0,0.0,0,0.0,10,33.3,K,JoseGr00
256,Joshua Karty,12.00,4,Thu,14,15,2024-12-12,22-280,LAR,@,SFO,W 12-6,12.00,12.00,13.0,13.0,0,0.0,0,0.0,4,14.8,K,KartJo00
257,Younghoe Koo,12.00,4,Sun,7,7,2023-10-22,29-080,ATL,@,TAM,W 16-13,12.00,12.00,13.0,13.0,0,0.0,0,0.0,4,19.0,K,KooxYo00
258,Younghoe Koo,12.00,6,Sun,6,6,2024-10-13,30-071,ATL,@,CAR,W 38-20,12.00,12.00,12.0,12.0,0,0.0,0,0.0,6,22.2,K,KooxYo00
259,Wil Lutz,12.00,12,Mon,9,10,2023-11-13,29-129,DEN,@,BUF,W 24-22,12.00,12.00,15.0,15.0,0,0.0,0,0.0,12,44.4,K,LutzWi00
260,Wil Lutz,12.00,13,Sun,5,5,2024-10-06,30-091,DEN,,LVR,W 34-18,12.00,12.00,13.0,13.0,0,0.0,0,0.0,13,43.3,K,LutzWi00
261,Brett Maher,12.00,8,Sun,2,2,2022-09-18,32-301,DAL,,CIN,W 20-17,12.00,12.00,12.0,12.0,0,0.0,0,0.0,8,30.8,K,MaheBr01
262,Brett Maher,12.00,14,Sun,14,15,2022-12-18,33-027,DAL,@,JAX,L 34-40 (OT),12.00,12.00,12.0,12.0,0,0.0,0,0.0,14,42.4,K,MaheBr01
263,Chase McLaughlin,12.00,10,Sun,11,11,2022-11-20,26-225,IND,,PHI,L 16-17,12.00,12.00,12.0,12.0,0,0.0,0,0.0,10,40.0,K,McLaCh00
264,Chase McLaughlin,12.00,8,Sun,16,17,2024-12-29,28-264,TAM,,CAR,W 48-14,12.00,12.00,12.0,12.0,0,0.0,0,0.0,8,26.7,K,McLaCh00
265,Brandon McManus,12.00,9,Sun,2,2,2022-09-18,31-055,DEN,,HOU,W 16-9,12.00,12.00,12.0,12.0,0,0.0,0,0.0,9,34.6,K,McMaBr01
266,Brandon McManus,12.00,8,Mon,6,6,2022-10-17,31-084,DEN,@,LAC,L 16-19 (OT),12.00,12.00,13.0,13.0,0,0.0,0,0.0,8,26.7,K,McMaBr01
267,Brandon McManus,12.00,11,Sun,10,11,2022-11-20,31-118,DEN,,LVR,L 16-22 (OT),12.00,12.00,14.0,14.0,0,0.0,0,0.0,11,37.9,K,McMaBr01
268,Brandon McManus,12.00,12,Sun,8,8,2024-10-27,33-094,GNB,@,JAX,W 30-27,12.00,12.00,12.0,12.0,0,0.0,0,0.0,12,36.4,K,McMaBr01
269,Brandon McManus,12.00,12,Thu,12,13,2024-11-28,33-126,GNB,,MIA,W 30-17,12.00,12.00,13.0,13.0,0,0.0,0,0.0,12,50.0,K,McMaBr01
270,Brandon McManus,12.00,12,Sun,14,15,2024-12-15,33-143,GNB,@,SEA,W 30-13,12.00,12.00,12.0,12.0,0,0.0,0,0.0,12,41.4,K,McMaBr01
271,Brandon McManus,12.00,13,Mon,15,16,2024-12-23,33-151,GNB,,NOR,W 34-0,12.00,12.00,13.0,13.0,0,0.0,0,0.0,13,61.9,K,McMaBr01
272,Brandon McManus,12.00,10,Sun,17,18,2025-01-05,33-164,GNB,,CHI,L 22-24,12.00,12.00,12.0,12.0,0,0.0,0,0.0,10,37.0,K,McMaBr01
273,Brandon McManus,12.00,11,Sun,11,12,2023-11-26,32-124,JAX,@,HOU,W 24-21,12.00,12.00,14.0,14.0,0,0.0,0,0.0,11,42.3,K,McMaBr01
274,Evan McPherson,12.00,14,Mon,12,13,2023-12-04,24-136,CIN,@,JAX,W 34-31 (OT),12.00,12.00,13.0,13.0,0,0.0,0,0.0,14,43.8,K,McPhEv00
275,Evan McPherson,12.00,13,Sun,4,4,2024-09-29,25-070,CIN,@,CAR,W 34-24,12.00,12.00,13.0,13.0,0,0.0,0,0.0,13,46.4,K,McPhEv00
276,Jake Moody,12.00,13,Sun,4,4,2024-09-29,24-311,SFO,,NWE,W 30-13,12.00,12.00,13.0,13.0,0,0.0,0,0.0,13,50.0,K,MoodJa00
277,Jake Moody,12.00,7,Sun,1,1,2023-09-10,23-291,SFO,@,PIT,W 30-7,12.00,12.00,14.0,14.0,0,0.0,0,0.0,7,26.9,K,MoodJa00
278,Jake Moody,12.00,13,Thu,3,3,2023-09-21,23-302,SFO,,NYG,W 30-12,12.00,12.00,12.0,12.0,0,0.0,0,0.0,13,46.4,K,MoodJa00
279,Jason Myers,12.00,13,Sun,7,7,2024-10-20,33-161,SEA,@,ATL,W 34-14,12.00,12.00,12.0,12.0,0,0.0,0,0.0,13,50.0,K,MyerJa00
280,Jason Myers,12.00,9,Sun,10,11,2024-11-17,33-189,SEA,@,SFO,W 20-17,12.00,12.00,12.0,12.0,0,0.0,0,0.0,9,42.9,K,MyerJa00
281,Jason Myers,12.00,13,Sun,13,14,2024-12-08,33-210,SEA,@,ARI,W 30-18,12.00,12.00,12.0,12.0,0,0.0,0,0.0,13,44.8,K,MyerJa00
282,Brayden Narveson,12.00,13,Sun,3,3,2024-09-22,24-360,GNB,@,TEN,W 30-14,12.00,12.00,13.0,13.0,0,0.0,0,0.0,13,46.4,K,NarvBr00
283,Riley Patterson,12.00,7,Sun,15,16,2024-12-22,25-106,ATL,,NYG,W 34-7,12.00,12.00,12.0,12.0,0,0.0,0,0.0,7,29.2,K,PattRi01
284,Riley Patterson,12.00,14,Sun,3,3,2022-09-25,23-018,JAX,@,LAC,W 38-10,12.00,12.00,12.0,12.0,0,0.0,0,0.0,14,58.3,K,PattRi01
285,Riley Patterson,12.00,13,Sun,13,14,2022-12-11,23-095,JAX,@,TEN,W 36-22,12.00,12.00,13.0,13.0,0,0.0,0,0.0,13,50.0,K,PattRi01
286,Eddy Piñeiro,12.00,13,Sun,13,14,2022-12-11,27-089,CAR,@,SEA,W 30-24,12.00,12.00,13.0,13.0,0,0.0,0,0.0,13,46.4,K,PineEd00
287,Eddy Piñeiro,12.00,8,Sun,14,15,2022-12-18,27-096,CAR,,PIT,L 16-24,12.00,12.00,12.0,12.0,0,0.0,0,0.0,8,32.0,K,PineEd00
288,Eddy Piñeiro,12.00,14,Sun,3,3,2024-09-22,29-009,CAR,@,LVR,W 36-22,12.00,12.00,13.0,13.0,0,0.0,0,0.0,14,46.7,K,PineEd00
289,Matt Prater,12.00,9,Sun,3,3,2022-09-25,38-046,ARI,,LAR,L 12-20,12.00,12.00,14.0,14.0,0,0.0,0,0.0,9,36.0,K,PratMa20
290,Matt Prater,12.00,9,Sun,1,1,2023-09-10,39-031,ARI,@,WAS,L 16-20,12.00,12.00,12.0,12.0,0,0.0,0,0.0,9,32.1,K,PratMa20
291,Matt Prater,12.00,12,Sun,3,3,2023-09-24,39-045,ARI,,DAL,W 28-16,12.00,12.00,13.0,13.0,0,0.0,0,0.0,12,48.0,K,PratMa20
292,Will Reichard,12.00,13,Sun,3,3,2024-09-22,23-257,MIN,,HOU,W 34-7,12.00,12.00,12.0,12.0,0,0.0,0,0.0,13,50.0,K,ReicWi00
293,John Parker Romo,12.00,9,Sun,9,10,2024-11-10,27-075,MIN,@,JAX,W 12-7,12.00,12.00,13.0,13.0,0,0.0,0,0.0,9,47.4,K,RomoJo00
294,John Parker Romo,12.00,13,Sun,11,12,2024-11-24,27-089,MIN,@,CHI,W 30-27 (OT),12.00,12.00,13.0,13.0,0,0.0,0,0.0,13,41.9,K,RomoJo00
295,Chad Ryland,12.00,13,Sun,14,15,2024-12-15,25-061,ARI,,NWE,W 30-17,12.00,12.00,14.0,14.0,0,0.0,0,0.0,13,52.0,K,RylaCh00
296,Jason Sanders,12.00,12,Sun,11,12,2022-11-27,27-011,MIA,,HOU,W 30-15,12.00,12.00,13.0,13.0,0,0.0,0,0.0,12,40.0,K,SandJa00
297,Jason Sanders,12.00,14,Sun,1,1,2023-09-10,27-298,MIA,@,LAC,W 36-34,12.00,12.00,14.0,14.0,0,0.0,0,0.0,14,45.2,K,SandJa00
298,Jason Sanders,12.00,12,Fri,11,12,2023-11-24,28-008,MIA,@,NYJ,W 34-13,12.00,12.00,12.0,12.0,0,0.0,0,0.0,12,50.0,K,SandJa00
299,Jason Sanders,12.00,13,Sun,14,15,2023-12-17,28-031,MIA,,NYJ,W 30-0,12.00,12.00,12.0,12.0,0,0.0,0,0.0,13,54.2,K,SandJa00
300,Jason Sanders,12.00,13,Sun,11,12,2024-11-24,29-008,MIA,,NWE,W 34-15,12.00,12.00,12.0,12.0,0,0.0,0,0.0,13,46.4,K,SandJa00
301,Cairo Santos,12.00,8,Thu,10,10,2023-11-09,31-362,CHI,,CAR,W 16-13,12.00,12.00,12.0,12.0,0,0.0,0,0.0,8,28.6,K,SantCa01
302,Cairo Santos,12.00,10,Sun,1,1,2024-09-08,32-301,CHI,,TEN,W 24-17,12.00,12.00,13.0,13.0,0,0.0,0,0.0,10,34.5,K,SantCa01
303,Austin Seibert,12.00,10,Sun,8,8,2024-10-27,27-347,WAS,,CHI,W 18-15,12.00,12.00,13.0,13.0,0,0.0,0,0.0,10,38.5,K,SeibAu00
304,Spencer Shrader,12.00,12,Sun,11,12,2024-11-24,25-189,KAN,@,CAR,W 30-27,12.00,12.00,13.0,13.0,0,0.0,0,0.0,12,44.4,K,ShraSp00
305,Joey Slye,12.00,12,Sun,13,13,2024-12-01,28-235,NWE,,IND,L 24-25,12.00,12.00,12.0,12.0,0,0.0,0,0.0,12,52.2,K,SlyeJo00
306,Ryan Succop,12.00,5,Sun,9,9,2022-11-06,36-048,TAM,,LAR,W 16-13,12.00,12.00,12.0,12.0,0,0.0,0,0.0,5,15.2,K,SuccRy44
307,Justin Tucker,12.00,9,Sun,17,18,2023-01-08,33-048,BAL,@,CIN,L 16-27,12.00,12.00,12.0,12.0,0,0.0,0,0.0,9,30.0,K,TuckJu00
308,Justin Tucker,12.00,13,Sun,6,6,2024-10-13,34-327,BAL,,WAS,W 30-23,12.00,12.00,13.0,13.0,0,0.0,0,0.0,13,44.8,K,TuckJu00
309,Justin Tucker,12.00,11,Sat,15,16,2024-12-21,35-030,BAL,,PIT,W 34-17,12.00,12.00,12.0,12.0,0,0.0,0,0.0,11,40.7,K,TuckJu00
310,Matthew Wright,12.00,12,Sun,10,11,2022-11-20,26-243,PIT,,CIN,L 30-37,12.00,12.00,13.0,13.0,0,0.0,0,0.0,12,33.3,K,WrigMa00
311,Matthew Wright,12.00,10,Mon,11,12,2022-11-28,26-251,PIT,@,IND,W 24-17,12.00,12.00,13.0,13.0,0,0.0,0,0.0,10,38.5,K,WrigMa00
312,Matthew Wright,12.00,14,Thu,6,6,2024-10-10,28-202,SFO,@,SEA,W 36-24,12.00,12.00,13.0,13.0,0,0.0,0,0.0,14,46.7,K,WrigMa00
313,Greg Zuerlein,12.00,9,Sun,6,6,2023-10-15,35-292,NYJ,,PHI,W 20-14,12.00,12.00,14.0,14.0,0,0.0,0,0.0,9,40.9,K,ZuerGr00
314,Brandon Aubrey,11.00,9,Sun,3,3,2024-09-22,29-192,DAL,,BAL,L 25-28,11.00,11.00,11.0,11.0,0,0.0,0,0.0,9,32.1,K,AubrBr00
315,Brandon Aubrey,11.00,7,Sun,6,6,2024-10-13,29-213,DAL,,DET,L 9-47,11.00,11.00,12.0,12.0,0,0.0,0,0.0,7,25.0,K,AubrBr00
316,Michael Badgley,11.00,7,Sun,16,17,2023-01-01,27-157,DET,,CHI,W 41-10,11.00,11.00,12.0,12.0,0,0.0,0,0.0,7,23.3,K,BadgMi00
317,Tyler Bass,11.00,15,Mon,2,2,2022-09-19,25-217,BUF,,TEN,W 41-7,11.00,11.00,12.0,12.0,0,0.0,0,0.0,15,55.6,K,BassTy00
318,Tyler Bass,11.00,10,Sun,4,4,2022-10-02,25-230,BUF,@,BAL,W 23-20,11.00,11.00,11.0,11.0,0,0.0,0,0.0,10,40.0,K,BassTy00
319,Tyler Bass,11.00,17,Mon,3,3,2024-09-23,27-222,BUF,,JAX,W 47-10,11.00,11.00,12.0,12.0,0,0.0,0,0.0,17,68.0,K,BassTy00
320,Jake Bates,11.00,12,Thu,12,13,2024-11-28,25-270,DET,,CHI,W 23-20,11.00,11.00,12.0,12.0,0,0.0,0,0.0,12,50.0,K,BateJa00
321,Chris Boswell,11.00,11,Sun,9,10,2023-11-12,32-241,PIT,,GNB,W 23-19,11.00,11.00,13.0,13.0,0,0.0,0,0.0,11,37.9,K,BoswCh00
322,Chris Boswell,11.00,11,Sun,13,14,2024-12-08,33-267,PIT,,CLE,W 27-14,11.00,11.00,11.0,11.0,0,0.0,0,0.0,11,37.9,K,BoswCh00
323,Harrison Butker,11.00,14,Sun,3,3,2023-09-24,28-072,KAN,,CHI,W 41-10,11.00,11.00,12.0,12.0,0,0.0,0,0.0,14,56.0,K,ButkHa00
324,Harrison Butker,11.00,11,Sun,4,4,2023-10-01,28-079,KAN,@,NYJ,W 23-20,11.00,11.00,11.0,11.0,0,0.0,0,0.0,11,42.3,K,ButkHa00
325,Harrison Butker,11.00,6,Sun,8,8,2023-10-29,28-107,KAN,@,DEN,L 9-24,11.00,11.00,11.0,11.0,0,0.0,0,0.0,6,27.3,K,ButkHa00
326,Harrison Butker,11.00,12,Sun,14,15,2023-12-17,28-156,KAN,@,NWE,W 27-17,11.00,11.00,11.0,11.0,0,0.0,0,0.0,12,40.0,K,ButkHa00
327,Anders Carlson,11.00,13,Sun,15,16,2023-12-24,25-191,GNB,@,CAR,W 33-30,11.00,11.00,11.0,11.0,0,0.0,0,0.0,13,43.3,K,CarlAn00
328,Anders Carlson,11.00,11,Sun,11,11,2024-11-17,26-154,NYJ,,IND,L 27-28,11.00,11.00,11.0,11.0,0,0.0,0,0.0,11,35.5,K,CarlAn00
329,Daniel Carlson,11.00,12,Sun,12,13,2022-12-04,27-315,LVR,,LAC,W 27-20,11.00,11.00,11.0,11.0,0,0.0,0,0.0,12,40.0,K,CarlDa00
330,Cameron Dicker,11.00,11,Sun,13,14,2022-12-11,22-219,LAC,,MIA,W 23-17,11.00,11.00,11.0,11.0,0,0.0,0,0.0,11,37.9,K,DickCa00
331,Cameron Dicker,11.00,10,Mon,8,9,2023-11-06,23-184,LAC,@,NYJ,W 27-6,11.00,11.00,11.0,11.0,0,0.0,0,0.0,10,33.3,K,DickCa00
332,Cameron Dicker,11.00,11,Sun,5,6,2024-10-13,24-160,LAC,@,DEN,W 23-16,11.00,11.00,12.0,12.0,0,0.0,0,0.0,11,40.7,K,DickCa00
333,Cameron Dicker,11.00,8,Sun,12,13,2024-12-01,24-209,LAC,@,ATL,W 17-13,11.00,11.00,12.0,12.0,0,0.0,0,0.0,8,36.4,K,DickCa00
334,Jake Elliott,11.00,10,Mon,3,3,2023-09-25,28-247,PHI,@,TAM,W 25-11,11.00,11.00,11.0,11.0,0,0.0,0,0.0,10,50.0,K,ElliJa03
335,Jake Elliott,11.00,10,Sun,5,5,2023-10-08,28-260,PHI,@,LAR,W 23-14,11.00,11.00,11.0,11.0,0,0.0,0,0.0,10,50.0,K,ElliJa03
336,Jake Elliott,11.00,15,Sun,16,17,2024-12-29,29-343,PHI,,DAL,W 41-7,11.00,11.00,11.0,11.0,0,0.0,0,0.0,15,57.7,K,ElliJa03
337,Ka'imi Fairbairn,11.00,7,Sun,5,5,2022-10-09,28-253,HOU,@,JAX,W 13-6,11.00,11.00,11.0,11.0,0,0.0,0,0.0,7,33.3,K,FairKa01
338,Ka'imi Fairbairn,11.00,16,Sun,6,6,2024-10-13,30-258,HOU,@,NWE,W 41-21,11.00,11.00,12.0,12.0,0,0.0,0,0.0,16,48.5,K,FairKa01
339,Ka'imi Fairbairn,11.00,11,Sun,8,8,2024-10-27,30-272,HOU,,IND,W 23-20,11.00,11.00,11.0,11.0,0,0.0,0,0.0,11,33.3,K,FairKa01
340,Ka'imi Fairbairn,11.00,13,Sun,12,12,2024-11-24,30-300,HOU,,TEN,L 27-32,11.00,11.00,11.0,11.0,0,0.0,0,0.0,13,37.1,K,FairKa01
341,Nick Folk,11.00,10,Mon,13,14,2022-12-12,38-037,NWE,@,ARI,W 27-13,11.00,11.00,11.0,11.0,0,0.0,0,0.0,10,38.5,K,FolkNi20
342,Nick Folk,11.00,11,Sun,4,4,2023-10-01,38-330,TEN,,CIN,W 27-3,11.00,11.00,11.0,11.0,0,0.0,0,0.0,11,52.4,K,FolkNi20
343,Graham Gano,11.00,11,Sun,7,7,2022-10-23,35-197,NYG,@,JAX,W 23-17,11.00,11.00,11.0,11.0,0,0.0,0,0.0,11,50.0,K,GanoGr44
344,Matt Gay,11.00,11,Sun,5,5,2023-10-08,29-207,IND,,TEN,W 23-16,11.00,11.00,12.0,12.0,0,0.0,0,0.0,11,50.0,K,GayxMa00
345,Matt Gay,11.00,11,Sun,9,9,2023-11-05,29-235,IND,@,CAR,W 27-13,11.00,11.00,11.0,11.0,0,0.0,0,0.0,11,39.3,K,GayxMa00
346,Matt Gay,11.00,12,Sun,16,17,2023-12-31,29-291,IND,,LVR,W 23-20,11.00,11.00,12.0,12.0,0,0.0,0,0.0,12,40.0,K,GayxMa00
347,Matt Gay,11.00,9,Sat,17,18,2024-01-06,29-297,IND,,HOU,L 19-23,11.00,11.00,11.0,11.0,0,0.0,0,0.0,9,30.0,K,GayxMa00
348,Blake Grupe,11.00,11,Sun,16,17,2023-12-31,25-056,NOR,@,TAM,W 23-13,11.00,11.00,12.0,12.0,0,0.0,0,0.0,11,42.3,K,GrupBl00
349,Dustin Hopkins,11.00,11,Sun,3,3,2023-09-24,32-358,CLE,,TEN,W 27-3,11.00,11.00,12.0,12.0,0,0.0,0,0.0,11,45.8,K,HopkDu00
350,Dustin Hopkins,11.00,12,Sun,8,8,2024-10-27,34-026,CLE,,BAL,W 29-24,11.00,11.00,12.0,12.0,0,0.0,0,0.0,12,41.4,K,HopkDu00
351,Greg Joseph,11.00,11,Sun,12,13,2022-12-04,28-122,MIN,,NYJ,W 27-22,11.00,11.00,12.0,12.0,0,0.0,0,0.0,11,34.4,K,JoseGr00
352,Greg Joseph,11.00,10,Sat,15,16,2022-12-24,28-142,MIN,,NYG,W 27-24,11.00,11.00,12.0,12.0,0,0.0,0,0.0,10,34.5,K,JoseGr00
353,Greg Joseph,11.00,10,Sun,6,6,2023-10-15,29-072,MIN,@,CHI,W 19-13,11.00,11.00,11.0,11.0,0,0.0,0,0.0,10,38.5,K,JoseGr00
354,Greg Joseph,11.00,12,Sun,9,9,2023-11-05,29-093,MIN,@,ATL,W 31-28,11.00,11.00,11.0,11.0,0,0.0,0,0.0,12,36.4,K,JoseGr00
355,Greg Joseph,11.00,12,Sun,5,5,2024-10-06,30-063,NYG,@,SEA,W 29-20,11.00,11.00,11.0,11.0,0,0.0,0,0.0,12,40.0,K,JoseGr00
356,Younghoe Koo,11.00,5,Sun,3,3,2022-09-25,28-053,ATL,@,SEA,W 27-23,11.00,11.00,12.0,12.0,0,0.0,0,0.0,5,20.0,K,KooxYo00
357,Younghoe Koo,11.00,5,Sun,4,4,2022-10-02,28-060,ATL,,CLE,W 23-20,11.00,11.00,12.0,12.0,0,0.0,0,0.0,5,19.2,K,KooxYo00
358,Younghoe Koo,11.00,5,Sun,11,11,2022-11-20,28-109,ATL,,CHI,W 27-24,11.00,11.00,12.0,12.0,0,0.0,0,0.0,5,18.5,K,KooxYo00
359,Younghoe Koo,11.00,5,Sun,8,8,2023-10-29,29-087,ATL,@,TEN,L 23-28,11.00,11.00,12.0,12.0,0,0.0,0,0.0,5,14.3,K,KooxYo00
360,Wil Lutz,11.00,15,Mon,13,13,2024-12-02,30-148,DEN,,CLE,W 41-32,11.00,11.00,11.0,11.0,0,0.0,0,0.0,15,40.5,K,LutzWi00
361,Wil Lutz,11.00,11,Thu,15,16,2024-12-19,30-165,DEN,@,LAC,L 27-34,11.00,11.00,12.0,12.0,0,0.0,0,0.0,11,37.9,K,LutzWi00
362,Brett Maher,11.00,12,Mon,3,3,2022-09-26,32-309,DAL,@,NYG,W 23-16,11.00,11.00,12.0,12.0,0,0.0,0,0.0,12,41.4,K,MaheBr01
363,Brett Maher,11.00,11,Sun,13,14,2022-12-11,33-020,DAL,,HOU,W 27-23,11.00,11.00,11.0,11.0,0,0.0,0,0.0,11,39.3,K,MaheBr01
364,Brett Maher,11.00,5,Sun,2,2,2023-09-17,33-300,LAR,,SFO,L 23-30,11.00,11.00,13.0,13.0,0,0.0,0,0.0,5,17.9,K,MaheBr01
365,Chase McLaughlin,11.00,5,Sun,13,14,2023-12-10,27-245,TAM,@,ATL,W 29-25,11.00,11.00,11.0,11.0,0,0.0,0,0.0,5,15.6,K,McLaCh00
366,Chase McLaughlin,11.00,3,Sun,17,18,2024-01-07,27-273,TAM,@,CAR,W 9-0,11.00,11.00,11.0,11.0,0,0.0,0,0.0,3,15.0,K,McLaCh00
367,Chase McLaughlin,11.00,6,Sun,4,4,2024-09-29,28-173,TAM,,PHI,W 33-16,11.00,11.00,11.0,11.0,0,0.0,0,0.0,6,22.2,K,McLaCh00
368,Chase McLaughlin,11.00,5,Sun,17,18,2025-01-05,28-271,TAM,,NOR,W 27-19,11.00,11.00,11.0,11.0,0,0.0,0,0.0,5,17.9,K,McLaCh00
369,Evan McPherson,11.00,8,Sun,2,2,2022-09-18,23-059,CIN,@,DAL,L 17-20,11.00,11.00,13.0,13.0,0,0.0,0,0.0,8,30.8,K,McPhEv00
370,Evan McPherson,11.00,11,Thu,4,4,2022-09-29,23-070,CIN,,MIA,W 27-15,11.00,11.00,11.0,11.0,0,0.0,0,0.0,11,39.3,K,McPhEv00
371,Evan McPherson,11.00,11,Sun,9,10,2023-11-12,24-114,CIN,,HOU,L 27-30,11.00,11.00,11.0,11.0,0,0.0,0,0.0,11,34.4,K,McPhEv00
372,Evan McPherson,11.00,15,Sun,9,9,2024-11-03,25-105,CIN,,LVR,W 41-24,11.00,11.00,12.0,12.0,0,0.0,0,0.0,15,46.9,K,McPhEv00
373,Jake Moody,11.00,13,Sun,9,10,2024-11-10,24-353,SFO,@,TAM,W 23-20,11.00,11.00,12.0,12.0,0,0.0,0,0.0,13,44.8,K,MoodJa00
374,Jason Myers,11.00,11,Sun,3,3,2022-09-25,31-136,SEA,,ATL,L 23-27,11.00,11.00,11.0,11.0,0,0.0,0,0.0,11,44.0,K,MyerJa00
375,Jason Myers,11.00,11,Sun,8,8,2022-10-30,31-171,SEA,,NYG,W 27-13,11.00,11.00,11.0,11.0,0,0.0,0,0.0,11,36.7,K,MyerJa00
376,Jason Myers,11.00,12,Sun,16,17,2023-01-01,31-234,SEA,,NYJ,W 23-6,11.00,11.00,11.0,11.0,0,0.0,0,0.0,12,48.0,K,MyerJa00
377,Jason Myers,11.00,11,Sun,16,17,2023-12-31,32-233,SEA,,PIT,L 23-30,11.00,11.00,13.0,13.0,0,0.0,0,0.0,11,39.3,K,MyerJa00
378,Jason Myers,11.00,10,Sun,2,2,2024-09-15,33-126,SEA,@,NWE,W 23-20 (OT),11.00,11.00,12.0,12.0,0,0.0,0,0.0,10,32.3,K,MyerJa00
379,Brayden Narveson,11.00,14,Fri,1,1,2024-09-06,24-344,GNB,@,PHI,L 29-34,11.00,11.00,11.0,11.0,0,0.0,0,0.0,14,45.2,K,NarvBr00
380,Riley Patterson,11.00,7,Sun,9,10,2023-11-12,24-066,DET,@,LAC,W 41-38,11.00,11.00,12.0,12.0,0,0.0,0,0.0,7,23.3,K,PattRi01
381,Eddy Piñeiro,11.00,11,Sun,12,12,2022-11-27,27-075,CAR,,DEN,W 23-10,11.00,11.00,12.0,12.0,0,0.0,0,0.0,11,36.7,K,PineEd00
382,Eddy Piñeiro,11.00,14,Sun,12,13,2024-12-01,29-079,CAR,,TAM,L 23-26 (OT),11.00,11.00,12.0,12.0,0,0.0,0,0.0,14,38.9,K,PineEd00
383,Matt Prater,11.00,7,Sun,6,6,2023-10-15,39-066,ARI,@,LAR,L 9-26,11.00,11.00,11.0,11.0,0,0.0,0,0.0,7,25.9,K,PratMa20
384,Will Reichard,11.00,10,Sun,2,2,2024-09-15,23-250,MIN,,SFO,W 23-17,11.00,11.00,11.0,11.0,0,0.0,0,0.0,10,43.5,K,ReicWi00
385,Will Reichard,11.00,11,Sun,15,16,2024-12-22,23-348,MIN,@,SEA,W 27-24,11.00,11.00,12.0,12.0,0,0.0,0,0.0,11,33.3,K,ReicWi00
386,Will Reichard,11.00,13,Sun,16,17,2024-12-29,23-355,MIN,,GNB,W 27-25,11.00,11.00,11.0,11.0,0,0.0,0,0.0,13,48.1,K,ReicWi00
387,Will Reichard,11.00,8,Sun,17,18,2025-01-05,23-362,MIN,@,DET,L 9-31,11.00,11.00,11.0,11.0,0,0.0,0,0.0,8,34.8,K,ReicWi00
388,Chad Ryland,11.00,12,Sun,7,7,2023-10-22,24-007,NWE,,BUF,W 29-25,11.00,11.00,12.0,12.0,0,0.0,0,0.0,12,50.0,K,RylaCh00
389,Chad Ryland,11.00,12,Sun,9,9,2024-11-03,25-019,ARI,,CHI,W 29-9,11.00,11.00,11.0,11.0,0,0.0,0,0.0,12,42.9,K,RylaCh00
390,Jason Sanders,11.00,12,Sat,14,15,2022-12-17,27-031,MIA,@,BUF,L 29-32,11.00,11.00,12.0,12.0,0,0.0,0,0.0,12,40.0,K,SandJa00
391,Jason Sanders,11.00,7,Sun,17,18,2023-01-08,27-053,MIA,,NYJ,W 11-6,11.00,11.00,11.0,11.0,0,0.0,0,0.0,7,31.8,K,SandJa00
392,Jason Sanders,11.00,10,Sun,5,5,2024-10-06,28-325,MIA,@,NWE,W 15-10,11.00,11.00,12.0,12.0,0,0.0,0,0.0,10,38.5,K,SandJa00
393,Jason Sanders,11.00,12,Sun,7,8,2024-10-27,28-346,MIA,,ARI,L 27-28,11.00,11.00,11.0,11.0,0,0.0,0,0.0,12,46.2,K,SandJa00
394,Cairo Santos,11.00,3,Sun,17,18,2024-01-07,32-056,CHI,@,GNB,L 9-17,11.00,11.00,11.0,11.0,0,0.0,0,0.0,3,16.7,K,SantCa01
395,Cairo Santos,11.00,7,Sun,2,2,2024-09-15,32-308,CHI,@,HOU,L 13-19,11.00,11.00,11.0,11.0,0,0.0,0,0.0,7,23.3,K,SantCa01
396,Joey Slye,11.00,6,Sun,4,4,2024-09-29,28-172,NWE,@,SFO,L 13-30,11.00,11.00,11.0,11.0,0,0.0,0,0.0,6,23.1,K,SlyeJo00
397,Joey Slye,11.00,12,Sun,7,7,2022-10-23,26-196,WAS,,GNB,W 23-21,11.00,11.00,11.0,11.0,0,0.0,0,0.0,12,41.4,K,SlyeJo00
398,Joey Slye,11.00,11,Sun,11,11,2022-11-20,26-224,WAS,@,HOU,W 23-10,11.00,11.00,12.0,12.0,0,0.0,0,0.0,11,40.7,K,SlyeJo00
399,Justin Tucker,11.00,12,Sun,13,14,2023-12-10,34-019,BAL,,LAR,W 37-31 (OT),11.00,11.00,12.0,12.0,0,0.0,0,0.0,12,32.4,K,TuckJu00
400,Justin Tucker,11.00,11,Sun,14,15,2023-12-17,34-026,BAL,@,JAX,W 23-7,11.00,11.00,12.0,12.0,0,0.0,0,0.0,11,50.0,K,TuckJu00
401,Justin Tucker,11.00,13,Sun,2,2,2024-09-15,34-299,BAL,,LVR,L 23-26,11.00,11.00,13.0,13.0,0,0.0,0,0.0,13,39.4,K,TuckJu00
402,Justin Tucker,11.00,15,Sun,9,9,2024-11-03,34-348,BAL,,DEN,W 41-10,11.00,11.00,11.0,11.0,0,0.0,0,0.0,15,60.0,K,TuckJu00
403,Matthew Wright,11.00,15,Sun,4,4,2022-10-02,26-194,KAN,@,TAM,W 41-31,11.00,11.00,12.0,12.0,0,0.0,0,0.0,15,50.0,K,WrigMa00
404,Cade York,11.00,8,Sun,6,6,2022-10-16,21-262,CLE,,NWE,L 15-38,11.00,11.00,12.0,12.0,0,0.0,0,0.0,8,27.6,K,YorkCa00
405,Matt Ammendola,10.00,10,Sun,12,13,2023-12-03,26-357,HOU,,DEN,W 22-17,10.00,10.00,10.0,10.0,0,0.0,0,0.0,10,31.3,K,AmmeMa00
406,Brandon Aubrey,10.00,15,Sun,1,1,2023-09-10,28-180,DAL,@,NYG,W 40-0,10.00,10.00,10.0,10.0,0,0.0,0,0.0,15,62.5,K,AubrBr00
407,Brandon Aubrey,10.00,9,Sun,3,3,2023-09-24,28-194,DAL,@,ARI,L 16-28,10.00,10.00,11.0,11.0,0,0.0,0,0.0,9,36.0,K,AubrBr00
408,Brandon Aubrey,10.00,9,Sat,16,17,2023-12-30,28-291,DAL,,DET,W 20-19,10.00,10.00,11.0,11.0,0,0.0,0,0.0,9,34.6,K,AubrBr00
409,Brandon Aubrey,10.00,15,Sun,17,18,2024-01-07,28-299,DAL,@,WAS,W 38-10,10.00,10.00,10.0,10.0,0,0.0,0,0.0,15,68.2,K,AubrBr00
410,Brandon Aubrey,10.00,10,Thu,4,4,2024-09-26,29-196,DAL,@,NYG,W 20-15,10.00,10.00,11.0,11.0,0,0.0,0,0.0,10,40.0,K,AubrBr00
411,Brandon Aubrey,10.00,11,Sun,5,5,2024-10-06,29-206,DAL,@,PIT,W 20-17,10.00,10.00,10.0,10.0,0,0.0,0,0.0,11,45.8,K,AubrBr00
412,Brandon Aubrey,10.00,15,Sun,11,12,2024-11-24,29-255,DAL,@,WAS,W 34-26,10.00,10.00,12.0,12.0,0,0.0,0,0.0,15,39.5,K,AubrBr00
413,Michael Badgley,10.00,7,Sun,13,14,2022-12-11,27-136,DET,,MIN,W 34-23,10.00,10.00,12.0,12.0,0,0.0,0,0.0,7,24.1,K,BadgMi00
414,Tyler Bass,10.00,15,Sun,12,12,2023-11-26,26-285,BUF,@,PHI,L 34-37 (OT),10.00,10.00,12.0,12.0,0,0.0,0,0.0,15,41.7,K,BassTy00
415,Tyler Bass,10.00,13,Sun,1,1,2024-09-08,27-207,BUF,,ARI,W 34-28,10.00,10.00,10.0,10.0,0,0.0,0,0.0,13,48.1,K,BassTy00
416,Tyler Bass,10.00,13,Sun,7,7,2024-10-20,27-249,BUF,,TEN,W 34-10,10.00,10.00,10.0,10.0,0,0.0,0,0.0,13,46.4,K,BassTy00
417,Jake Bates,10.00,9,Sun,2,2,2024-09-15,25-196,DET,,TAM,L 16-20,10.00,10.00,10.0,10.0,1,1.2,0,0.0,9,34.6,K,BateJa00
418,Jake Bates,10.00,12,Thu,13,14,2024-12-05,25-277,DET,,GNB,W 34-31,10.00,10.00,11.0,11.0,0,0.0,0,0.0,12,42.9,K,BateJa00
419,Jake Bates,10.00,14,Sun,15,16,2024-12-22,25-294,DET,@,CHI,W 34-17,10.00,10.00,10.0,10.0,0,0.0,0,0.0,14,56.0,K,BateJa00
420,Jake Bates,10.00,14,Mon,16,17,2024-12-30,25-302,DET,@,SFO,W 40-34,10.00,10.00,11.0,11.0,0,0.0,0,0.0,14,51.9,K,BateJa00
421,Rodrigo Blankenship,10.00,13,Thu,7,7,2022-10-20,25-264,ARI,,NOR,W 42-34,10.00,10.00,10.0,10.0,0,0.0,0,0.0,13,40.6,K,BlanRo03
422,Chris Boswell,10.00,9,Sun,6,6,2022-10-16,31-214,PIT,,TAM,W 20-18,10.00,10.00,10.0,10.0,0,0.0,0,0.0,9,32.1,K,BoswCh00
423,Chris Boswell,10.00,9,Sun,11,12,2023-11-26,32-255,PIT,@,CIN,W 16-10,10.00,10.00,11.0,11.0,0,0.0,0,0.0,9,37.5,K,BoswCh00
424,Harrison Butker,10.00,9,Sun,6,6,2022-10-16,27-094,KAN,,BUF,L 20-24,10.00,10.00,11.0,11.0,0,0.0,0,0.0,9,39.1,K,ButkHa00
425,Harrison Butker,10.00,13,Sun,13,14,2022-12-11,27-150,KAN,@,DEN,W 34-28,10.00,10.00,11.0,11.0,0,0.0,0,0.0,13,40.6,K,ButkHa00
426,Harrison Butker,10.00,9,Sun,2,2,2024-09-15,29-063,KAN,,CIN,W 26-25,10.00,10.00,10.0,10.0,0,0.0,0,0.0,9,34.6,K,ButkHa00
427,Harrison Butker,10.00,9,Sun,9,10,2024-11-10,29-119,KAN,,DEN,W 16-14,10.00,10.00,10.0,10.0,0,0.0,0,0.0,9,36.0,K,ButkHa00
428,Anders Carlson,10.00,12,Sun,1,1,2023-09-10,25-086,GNB,@,CHI,W 38-20,10.00,10.00,10.0,10.0,0,0.0,0,0.0,12,42.9,K,CarlAn00
429,Anders Carlson,10.00,11,Mon,13,14,2023-12-11,25-178,GNB,@,NYG,L 22-24,10.00,10.00,11.0,11.0,0,0.0,0,0.0,11,40.7,K,CarlAn00
430,Daniel Carlson,10.00,10,Sun,3,3,2022-09-25,27-245,LVR,@,TEN,L 22-24,10.00,10.00,10.0,10.0,0,0.0,0,0.0,10,41.7,K,CarlDa00
431,Daniel Carlson,10.00,13,Sun,6,7,2022-10-23,27-273,LVR,,HOU,W 38-20,10.00,10.00,10.0,10.0,0,0.0,0,0.0,13,48.1,K,CarlDa00
432,Daniel Carlson,10.00,14,Sun,11,12,2022-11-27,27-308,LVR,@,SEA,W 40-34 (OT),10.00,10.00,10.0,10.0,0,0.0,0,0.0,14,41.2,K,CarlDa00
433,Daniel Carlson,10.00,9,Sun,4,4,2024-09-29,29-250,LVR,,CLE,W 20-16,10.00,10.00,10.0,10.0,0,0.0,0,0.0,9,34.6,K,CarlDa00
434,Daniel Carlson,10.00,9,Sun,8,8,2024-10-27,29-278,LVR,,KAN,L 20-27,10.00,10.00,10.0,10.0,0,0.0,0,0.0,9,37.5,K,CarlDa00
435,Mason Crosby,10.00,10,Sun,17,18,2023-01-08,38-127,GNB,,DET,L 16-20,10.00,10.00,12.0,12.0,0,0.0,0,0.0,10,40.0,K,CrosMa20
436,Cameron Dicker,10.00,8,Sun,9,10,2022-11-13,22-191,LAC,@,SFO,L 16-22,10.00,10.00,12.0,12.0,0,0.0,0,0.0,8,28.6,K,DickCa00
437,Cameron Dicker,10.00,9,Sun,2,2,2023-09-17,23-134,LAC,@,TEN,L 24-27 (OT),10.00,10.00,10.0,10.0,0,0.0,0,0.0,9,30.0,K,DickCa00
438,Cameron Dicker,10.00,10,Thu,15,16,2024-12-19,24-227,LAC,,DEN,W 34-27,10.00,10.00,10.0,10.0,0,0.0,0,0.0,10,34.5,K,DickCa00
439,Jake Elliott,10.00,10,Sun,6,6,2022-10-16,27-268,PHI,,DAL,W 26-17,10.00,10.00,10.0,10.0,0,0.0,0,0.0,10,41.7,K,ElliJa03
440,Jake Elliott,10.00,13,Sat,15,16,2022-12-24,27-337,PHI,@,DAL,L 34-40,10.00,10.00,11.0,11.0,0,0.0,0,0.0,13,41.9,K,ElliJa03
441,Jake Elliott,10.00,13,Sun,8,8,2023-10-29,28-281,PHI,@,WAS,W 38-31,10.00,10.00,10.0,10.0,0,0.0,0,0.0,13,46.4,K,ElliJa03
442,Jake Elliott,10.00,6,Fri,1,1,2024-09-06,29-229,PHI,,GNB,W 34-29,10.00,10.00,10.0,10.0,0,0.0,0,0.0,6,19.4,K,ElliJa03
443,Jake Elliott,10.00,6,Sun,9,10,2024-11-10,29-294,PHI,@,DAL,W 34-6,10.00,10.00,10.0,10.0,0,0.0,0,0.0,6,21.4,K,ElliJa03
444,Ka'imi Fairbairn,10.00,10,Sun,6,7,2022-10-23,28-267,HOU,@,LVR,L 20-38,10.00,10.00,10.0,10.0,0,0.0,0,0.0,10,37.0,K,FairKa01
445,Ka'imi Fairbairn,10.00,9,Sun,9,10,2022-11-13,28-288,HOU,@,NYG,L 16-24,10.00,10.00,11.0,11.0,0,0.0,0,0.0,9,30.0,K,FairKa01
446,Ka'imi Fairbairn,10.00,13,Mon,11,11,2024-11-18,30-294,HOU,@,DAL,W 34-10,10.00,10.00,10.0,10.0,0,0.0,0,0.0,13,48.1,K,FairKa01
447,Nick Folk,10.00,4,Sun,3,3,2022-09-25,37-324,NWE,,BAL,L 26-37,10.00,10.00,10.0,10.0,0,0.0,0,0.0,4,14.8,K,FolkNi20
448,Nick Folk,10.00,9,Sun,6,6,2023-10-15,38-344,TEN,,BAL,L 16-24,10.00,10.00,10.0,10.0,0,0.0,0,0.0,9,29.0,K,FolkNi20
449,Nick Folk,10.00,8,Thu,8,9,2023-11-02,38-362,TEN,@,PIT,L 16-20,10.00,10.00,11.0,11.0,0,0.0,0,0.0,8,33.3,K,FolkNi20
450,Graham Gano,10.00,8,Thu,11,12,2022-11-24,35-229,NYG,@,DAL,L 20-28,10.00,10.00,11.0,11.0,0,0.0,0,0.0,8,34.8,K,GanoGr44
451,Matt Gay,10.00,9,Sun,10,11,2022-11-20,28-250,LAR,@,NOR,L 20-27,10.00,10.00,10.0,10.0,0,0.0,0,0.0,9,29.0,K,GayxMa00
452,Matt Gay,10.00,10,Sun,17,18,2023-01-08,28-299,LAR,@,SEA,L 16-19 (OT),10.00,10.00,11.0,11.0,0,0.0,0,0.0,10,30.3,K,GayxMa00
453,Matt Gay,10.00,9,Sun,6,6,2023-10-15,29-214,IND,@,JAX,L 20-37,10.00,10.00,10.0,10.0,0,0.0,0,0.0,9,29.0,K,GayxMa00
454,Matt Gay,10.00,13,Sun,5,5,2024-10-06,30-205,IND,@,JAX,L 34-37,10.00,10.00,10.0,10.0,0,0.0,0,0.0,13,38.2,K,GayxMa00
455,Robbie Gould,10.00,11,Sun,9,10,2022-11-13,39-342,SFO,,LAC,W 22-16,10.00,10.00,10.0,10.0,0,0.0,0,0.0,11,39.3,K,gouldrob01
456,Blake Grupe,10.00,11,Thu,7,7,2023-10-19,24-348,NOR,,JAX,L 24-31,10.00,10.00,11.0,11.0,0,0.0,0,0.0,11,34.4,K,GrupBl00
457,Blake Grupe,10.00,7,Sun,12,13,2024-12-01,26-026,NOR,,LAR,L 14-21,10.00,10.00,10.0,10.0,0,0.0,0,0.0,7,33.3,K,GrupBl00
458,Lucas Havrisik,10.00,7,Sun,12,13,2023-12-03,24-065,LAR,,CLE,W 36-19,10.00,10.00,11.0,11.0,0,0.0,0,0.0,7,21.2,K,HavrLu00
459,Dustin Hopkins,10.00,12,Sun,4,4,2022-10-02,32-001,LAC,@,HOU,W 34-24,10.00,10.00,10.0,10.0,0,0.0,0,0.0,12,41.4,K,HopkDu00
460,Dustin Hopkins,10.00,10,Sun,1,1,2023-09-10,32-344,CLE,,CIN,W 24-3,10.00,10.00,12.0,12.0,0,0.0,0,0.0,10,32.3,K,HopkDu00
461,Dustin Hopkins,10.00,10,Sun,6,6,2024-10-13,34-012,CLE,@,PHI,L 16-20,10.00,10.00,12.0,12.0,0,0.0,0,0.0,10,37.0,K,HopkDu00
462,Younghoe Koo,10.00,4,Mon,2,2,2024-09-16,30-044,ATL,@,PHI,W 22-21,10.00,10.00,10.0,10.0,0,0.0,0,0.0,4,18.2,K,KooxYo00
463,Cam Little,10.00,9,Sun,4,4,2024-09-29,21-043,JAX,@,HOU,L 20-24,10.00,10.00,11.0,11.0,0,0.0,0,0.0,9,31.0,K,LittCa00
464,Wil Lutz,10.00,10,Sun,16,17,2023-12-31,29-177,DEN,,LAC,W 16-9,10.00,10.00,11.0,11.0,0,0.0,0,0.0,10,35.7,K,LutzWi00
465,Wil Lutz,10.00,9,Sun,1,1,2024-09-08,30-063,DEN,@,SEA,L 20-26,10.00,10.00,11.0,11.0,0,0.0,0,0.0,9,26.5,K,LutzWi00
466,Wil Lutz,10.00,13,Thu,7,7,2022-10-20,28-105,NOR,@,ARI,L 34-42,10.00,10.00,11.0,11.0,0,0.0,0,0.0,13,40.6,K,LutzWi00
467,Wil Lutz,10.00,9,Mon,13,13,2022-12-05,28-151,NOR,@,TAM,L 16-17,10.00,10.00,10.0,10.0,0,0.0,0,0.0,9,33.3,K,LutzWi00
468,Wil Lutz,10.00,9,Sun,16,17,2023-01-01,28-178,NOR,@,PHI,W 20-10,10.00,10.00,10.0,10.0,0,0.0,0,0.0,9,34.6,K,LutzWi00
469,Brett Maher,10.00,5,Mon,3,3,2023-09-25,33-308,LAR,@,CIN,L 16-19,10.00,10.00,11.0,11.0,0,0.0,0,0.0,5,16.1,K,MaheBr01
470,Brett Maher,10.00,11,Sun,5,5,2022-10-09,32-322,DAL,@,LAR,W 22-10,10.00,10.00,11.0,11.0,0,0.0,0,0.0,11,36.7,K,MaheBr01
471,Chase McLaughlin,10.00,9,Sun,3,3,2022-09-25,26-169,IND,,KAN,W 20-17,10.00,10.00,11.0,11.0,0,0.0,0,0.0,9,39.1,K,McLaCh00
472,Chase McLaughlin,10.00,9,Sun,8,8,2022-10-30,26-204,IND,,WAS,L 16-17,10.00,10.00,11.0,11.0,0,0.0,0,0.0,9,34.6,K,McLaCh00
473,Chase McLaughlin,10.00,5,Sun,1,1,2023-09-10,27-154,TAM,@,MIN,W 20-17,10.00,10.00,10.0,10.0,0,0.0,0,0.0,5,17.9,K,McLaCh00
474,Chase McLaughlin,10.00,4,Sun,4,4,2023-10-01,27-175,TAM,@,NOR,W 26-9,10.00,10.00,10.0,10.0,0,0.0,0,0.0,4,15.4,K,McLaCh00
475,Chase McLaughlin,10.00,6,Sun,14,15,2023-12-17,27-252,TAM,@,GNB,W 34-20,10.00,10.00,11.0,11.0,0,0.0,0,0.0,6,24.0,K,McLaCh00
476,Chase McLaughlin,10.00,4,Sun,2,2,2024-09-15,28-159,TAM,@,DET,W 20-16,10.00,10.00,10.0,10.0,0,0.0,0,0.0,4,15.4,K,McLaCh00
477,Brandon McManus,10.00,9,Mon,1,1,2022-09-12,31-049,DEN,@,SEA,L 16-17,10.00,10.00,11.0,11.0,0,0.0,0,0.0,9,47.4,K,McMaBr01
478,Brandon McManus,10.00,13,Sun,11,12,2024-11-24,33-122,GNB,,SFO,W 38-10,10.00,10.00,10.0,10.0,0,0.0,0,0.0,13,52.0,K,McMaBr01
479,Brandon McManus,10.00,13,Sun,10,11,2023-11-19,32-117,JAX,,TEN,W 34-14,10.00,10.00,10.0,10.0,0,0.0,0,0.0,13,52.0,K,McMaBr01
480,Evan McPherson,10.00,13,Sun,5,5,2023-10-08,24-079,CIN,@,ARI,W 34-20,10.00,10.00,12.0,12.0,0,0.0,0,0.0,13,48.1,K,McPhEv00
481,Evan McPherson,10.00,10,Thu,10,11,2023-11-16,24-118,CIN,@,BAL,L 20-34,10.00,10.00,10.0,10.0,0,0.0,0,0.0,10,31.3,K,McPhEv00
482,Evan McPherson,10.00,14,Sun,13,14,2023-12-10,24-142,CIN,,IND,W 34-14,10.00,10.00,10.0,10.0,0,0.0,0,0.0,14,51.9,K,McPhEv00
483,Jake Moody,10.00,12,Sun,9,10,2023-11-12,23-354,SFO,@,JAX,W 34-3,10.00,10.00,10.0,10.0,0,0.0,0,0.0,12,52.2,K,MoodJa00
484,Jason Myers,10.00,12,Sun,5,5,2022-10-09,31-150,SEA,@,NOR,L 32-39,10.00,10.00,10.0,10.0,0,0.0,0,0.0,12,35.3,K,MyerJa00
485,Jason Myers,10.00,14,Sun,11,12,2022-11-27,31-199,SEA,,LVR,L 34-40 (OT),10.00,10.00,10.0,10.0,0,0.0,0,0.0,14,41.2,K,MyerJa00
486,Jason Myers,10.00,12,Sun,1,1,2024-09-08,33-119,SEA,,DEN,W 26-20,10.00,10.00,10.0,10.0,0,0.0,0,0.0,12,35.3,K,MyerJa00
487,Jason Myers,10.00,11,Sun,12,13,2024-12-01,33-203,SEA,@,NYJ,W 26-21,10.00,10.00,11.0,11.0,0,0.0,0,0.0,11,45.8,K,MyerJa00
488,Brayden Narveson,10.00,10,Sun,2,2,2024-09-15,24-353,GNB,,IND,W 16-10,10.00,10.00,12.0,12.0,0,0.0,0,0.0,10,45.5,K,NarvBr00
489,Brayden Narveson,10.00,14,Sun,6,6,2024-10-13,25-015,GNB,,ARI,W 34-13,10.00,10.00,11.0,11.0,0,0.0,0,0.0,14,51.9,K,NarvBr00
490,Riley Patterson,10.00,7,Thu,4,4,2023-09-28,24-021,DET,@,GNB,W 34-20,10.00,10.00,10.0,10.0,0,0.0,0,0.0,7,23.3,K,PattRi01
491,Riley Patterson,10.00,11,Sun,1,1,2022-09-11,23-004,JAX,@,WAS,L 22-28,10.00,10.00,12.0,12.0,0,0.0,0,0.0,11,45.8,K,PattRi01
492,Riley Patterson,10.00,12,Sun,14,15,2022-12-18,23-102,JAX,,DAL,W 40-34 (OT),10.00,10.00,11.0,11.0,0,0.0,0,0.0,12,36.4,K,PattRi01
493,Eddy Piñeiro,10.00,9,Sun,2,2,2022-09-18,27-005,CAR,@,NYG,L 16-19,10.00,10.00,10.0,10.0,0,0.0,0,0.0,9,30.0,K,PineEd00
494,Eddy Piñeiro,10.00,10,Sun,3,3,2022-09-25,27-012,CAR,,NOR,W 22-14,10.00,10.00,12.0,12.0,0,0.0,0,0.0,10,34.5,K,PineEd00
495,Eddy Piñeiro,10.00,10,Sun,10,10,2024-11-10,29-058,CAR,,NYG,W 20-17 (OT),10.00,10.00,10.0,10.0,0,0.0,0,0.0,10,33.3,K,PineEd00
496,Chad Ryland,10.00,11,Sun,5,5,2024-10-06,24-357,ARI,@,SFO,W 24-23,10.00,10.00,11.0,11.0,0,0.0,0,0.0,11,45.8,K,RylaCh00
497,Chad Ryland,10.00,9,Sun,8,8,2024-10-27,25-012,ARI,@,MIA,W 28-27,10.00,10.00,10.0,10.0,0,0.0,0,0.0,9,34.6,K,RylaCh00
498,Chad Ryland,10.00,12,Sun,15,16,2023-12-24,24-070,NWE,@,DEN,W 26-23,10.00,10.00,10.0,10.0,0,0.0,0,0.0,12,36.4,K,RylaCh00
499,Jason Sanders,10.00,9,Sun,7,7,2022-10-23,26-341,MIA,,PIT,W 16-10,10.00,10.00,12.0,12.0,0,0.0,0,0.0,9,34.6,K,SandJa00
500,Jason Sanders,10.00,17,Sun,3,3,2023-09-24,27-312,MIA,,DEN,W 70-20,10.00,10.00,10.0,10.0,0,0.0,0,0.0,17,47.2,K,SandJa00
501,Jason Sanders,10.00,9,Sun,10,11,2023-11-19,28-003,MIA,,LVR,W 20-13,10.00,10.00,11.0,11.0,0,0.0,0,0.0,9,34.6,K,SandJa00
502,Jason Sanders,10.00,9,Sun,1,1,2024-09-08,28-297,MIA,,JAX,W 20-17,10.00,10.00,10.0,10.0,0,0.0,0,0.0,9,36.0,K,SandJa00
503,Jason Sanders,10.00,13,Sun,10,11,2024-11-17,29-001,MIA,,LVR,W 34-19,10.00,10.00,11.0,11.0,0,0.0,0,0.0,13,56.5,K,SandJa00
504,Jason Sanders,10.00,8,Sun,16,17,2024-12-29,29-043,MIA,@,CLE,W 20-3,10.00,10.00,10.0,10.0,0,0.0,0,0.0,8,34.8,K,SandJa00
505,Cairo Santos,10.00,12,Sun,13,14,2023-12-10,32-028,CHI,,DET,W 28-13,10.00,10.00,11.0,11.0,0,0.0,0,0.0,12,50.0,K,SantCa01
506,Austin Seibert,10.00,13,Sun,2,2,2022-09-18,25-307,DET,,WAS,W 36-27,10.00,10.00,11.0,11.0,0,0.0,0,0.0,13,40.6,K,SeibAu00
507,Austin Seibert,10.00,13,Sun,4,4,2024-09-29,27-319,WAS,@,ARI,W 42-14,10.00,10.00,11.0,11.0,0,0.0,0,0.0,13,56.5,K,SeibAu00
508,Austin Seibert,10.00,13,Sun,5,5,2024-10-06,27-326,WAS,,CLE,W 34-13,10.00,10.00,10.0,10.0,0,0.0,0,0.0,13,41.9,K,SeibAu00
509,Caleb Shudak,10.00,10,Sun,11,12,2022-11-27,25-008,TEN,,CIN,L 16-20,10.00,10.00,10.0,10.0,0,0.0,0,0.0,10,33.3,K,ShudCa00
510,Joey Slye,10.00,8,Sun,1,1,2024-09-08,28-151,NWE,@,CIN,W 16-10,10.00,10.00,10.0,10.0,0,0.0,0,0.0,8,38.1,K,SlyeJo00
511,Joey Slye,10.00,11,Sun,11,11,2024-11-17,28-221,NWE,,LAR,L 22-28,10.00,10.00,11.0,11.0,0,0.0,0,0.0,11,40.7,K,SlyeJo00
512,Ryan Succop,10.00,4,Thu,8,8,2022-10-27,36-038,TAM,,BAL,L 22-27,10.00,10.00,10.0,10.0,0,0.0,0,0.0,4,12.9,K,SuccRy44
513,Justin Tucker,10.00,13,Sun,2,2,2022-09-18,32-301,BAL,,MIA,L 38-42,10.00,10.00,10.0,10.0,0,0.0,0,0.0,13,43.3,K,TuckJu00
514,Justin Tucker,10.00,9,Sun,4,4,2022-10-02,32-315,BAL,,BUF,L 20-23,10.00,10.00,11.0,11.0,0,0.0,0,0.0,9,36.0,K,TuckJu00
515,Justin Tucker,10.00,9,Sun,13,14,2022-12-11,33-020,BAL,@,PIT,W 16-14,10.00,10.00,11.0,11.0,0,0.0,0,0.0,9,42.9,K,TuckJu00
516,Justin Tucker,10.00,13,Thu,11,11,2023-11-16,33-360,BAL,,CIN,W 34-20,10.00,10.00,11.0,11.0,0,0.0,0,0.0,13,40.6,K,TuckJu00
517,Greg Zuerlein,10.00,4,Sun,7,7,2022-10-23,34-300,NYJ,@,DEN,W 16-9,10.00,10.00,12.0,12.0,0,0.0,0,0.0,4,14.3,K,ZuerGr00
518,Greg Zuerlein,10.00,4,Sun,9,9,2022-11-06,34-314,NYJ,,BUF,W 20-17,10.00,10.00,10.0,10.0,0,0.0,0,0.0,4,17.4,K,ZuerGr00
519,Greg Zuerlein,10.00,10,Mon,1,1,2023-09-11,35-258,NYJ,,BUF,W 22-16 (OT),10.00,10.00,11.0,11.0,0,0.0,0,0.0,10,38.5,K,ZuerGr00
520,Matt Ammendola,9.00,11,Thu,2,2,2022-09-15,25-278,KAN,,LAC,W 27-24,9.00,9.00,9.0,9.0,0,0.0,0,0.0,11,34.4,K,AmmeMa00
521,Brandon Aubrey,9.00,13,Sun,10,11,2023-11-19,28-250,DAL,@,CAR,W 33-10,9.00,9.00,9.0,9.0,0,0.0,0,0.0,13,48.1,K,AubrBr00
522,Brandon Aubrey,9.00,14,Thu,11,12,2023-11-23,28-254,DAL,,WAS,W 45-10,9.00,9.00,9.0,9.0,0,0.0,0,0.0,14,56.0,K,AubrBr00
523,Brandon Aubrey,9.00,8,Sun,8,9,2024-11-03,29-234,DAL,@,ATL,L 21-27,9.00,9.00,9.0,9.0,0,0.0,0,0.0,8,30.8,K,AubrBr00
524,Brandon Aubrey,9.00,11,Thu,12,13,2024-11-28,29-259,DAL,,NYG,W 27-20,9.00,9.00,9.0,9.0,0,0.0,0,0.0,11,35.5,K,AubrBr00
525,Michael Badgley,9.00,5,Sun,7,8,2022-10-30,27-094,DET,,MIA,L 27-31,9.00,9.00,10.0,10.0,0,0.0,0,0.0,5,20.0,K,BadgMi00
526,Tyler Bass,9.00,10,Sun,7,8,2022-10-30,25-258,BUF,,GNB,W 27-17,9.00,9.00,10.0,10.0,0,0.0,0,0.0,10,45.5,K,BassTy00
527,Tyler Bass,9.00,11,Sun,16,17,2023-12-31,26-320,BUF,,NWE,W 27-21,9.00,9.00,9.0,9.0,0,0.0,0,0.0,11,37.9,K,BassTy00
528,Chris Boswell,9.00,8,Sun,5,5,2023-10-08,32-206,PIT,,BAL,W 17-10,9.00,9.00,11.0,11.0,0,0.0,0,0.0,8,32.0,K,BoswCh00
529,Chris Boswell,9.00,6,Sun,2,2,2024-09-15,33-183,PIT,@,DEN,W 13-6,9.00,9.00,9.0,9.0,0,0.0,0,0.0,6,24.0,K,BoswCh00
530,Harrison Butker,9.00,11,Sat,15,16,2024-12-21,29-160,KAN,,HOU,W 27-19,9.00,9.00,10.0,10.0,0,0.0,0,0.0,11,45.8,K,ButkHa00
531,Harrison Butker,9.00,6,Sun,1,1,2022-09-11,27-059,KAN,@,ARI,W 44-21,9.00,9.00,9.0,9.0,0,0.0,0,0.0,6,22.2,K,ButkHa00
532,Harrison Butker,9.00,10,Sun,5,5,2023-10-08,28-086,KAN,@,MIN,W 27-20,9.00,9.00,10.0,10.0,0,0.0,0,0.0,10,41.7,K,ButkHa00
533,Harrison Butker,9.00,11,Thu,1,1,2024-09-05,29-053,KAN,,BAL,W 27-20,9.00,9.00,9.0,9.0,0,0.0,0,0.0,11,42.3,K,ButkHa00
534,Harrison Butker,9.00,11,Sun,7,8,2024-10-27,29-105,KAN,@,LVR,W 27-20,9.00,9.00,10.0,10.0,0,0.0,0,0.0,11,45.8,K,ButkHa00
535,Anders Carlson,9.00,11,Sun,12,13,2023-12-03,25-170,GNB,,KAN,W 27-19,9.00,9.00,11.0,11.0,0,0.0,0,0.0,11,50.0,K,CarlAn00
536,Anders Carlson,9.00,13,Sun,16,17,2023-12-31,25-198,GNB,@,MIN,W 33-10,9.00,9.00,9.0,9.0,0,0.0,0,0.0,13,54.2,K,CarlAn00
537,Daniel Carlson,9.00,8,Sun,1,1,2022-09-11,27-231,LVR,@,LAC,L 19-24,9.00,9.00,9.0,9.0,0,0.0,0,0.0,8,33.3,K,CarlDa00
538,Daniel Carlson,9.00,7,Sat,17,18,2023-01-07,27-349,LVR,,KAN,L 13-31,9.00,9.00,9.0,9.0,0,0.0,0,0.0,7,30.4,K,CarlDa00
539,Daniel Carlson,9.00,19,Thu,14,15,2023-12-14,28-325,LVR,,LAC,W 63-21,9.00,9.00,9.0,9.0,0,0.0,0,0.0,19,51.4,K,CarlDa00
540,Daniel Carlson,9.00,11,Sun,17,18,2024-01-07,28-349,LVR,,DEN,W 27-14,9.00,9.00,10.0,10.0,0,0.0,0,0.0,11,44.0,K,CarlDa00
541,Mason Crosby,9.00,12,Sun,17,18,2024-01-07,39-126,NYG,,PHI,W 27-10,9.00,9.00,9.0,9.0,0,0.0,0,0.0,12,46.2,K,CrosMa20
542,Mason Crosby,9.00,11,Sun,2,2,2022-09-18,38-015,GNB,,CHI,W 27-10,9.00,9.00,10.0,10.0,0,0.0,0,0.0,11,50.0,K,CrosMa20
543,Mason Crosby,9.00,10,Sun,4,4,2022-10-02,38-029,GNB,,NWE,W 27-24 (OT),9.00,9.00,9.0,9.0,0,0.0,0,0.0,10,31.3,K,CrosMa20
544,Mason Crosby,9.00,13,Sun,12,12,2022-11-27,38-085,GNB,@,PHI,L 33-40,9.00,9.00,9.0,9.0,0,0.0,0,0.0,13,41.9,K,CrosMa20
545,Cameron Dicker,9.00,11,Sun,10,11,2022-11-20,22-198,LAC,,KAN,L 27-30,9.00,9.00,10.0,10.0,0,0.0,0,0.0,11,37.9,K,DickCa00
546,Cameron Dicker,9.00,11,Sun,9,10,2024-11-10,24-188,LAC,,TEN,W 27-17,9.00,9.00,9.0,9.0,0,0.0,0,0.0,11,42.3,K,DickCa00
547,Jake Elliott,9.00,12,Sun,11,12,2023-11-26,28-309,PHI,,BUF,W 37-34 (OT),9.00,9.00,9.0,9.0,0,0.0,0,0.0,12,33.3,K,ElliJa03
548,Jake Elliott,9.00,7,Sun,13,14,2023-12-10,28-323,PHI,@,DAL,L 13-33,9.00,9.00,10.0,10.0,0,0.0,0,0.0,7,28.0,K,ElliJa03
549,Jake Elliott,9.00,6,Sun,14,15,2024-12-15,29-329,PHI,,PIT,W 27-13,9.00,9.00,10.0,10.0,0,0.0,0,0.0,6,24.0,K,ElliJa03
550,Ka'imi Fairbairn,9.00,7,Sun,2,2,2022-09-18,28-232,HOU,@,DEN,L 9-16,9.00,9.00,11.0,11.0,0,0.0,0,0.0,7,26.9,K,FairKa01
551,Ka'imi Fairbairn,9.00,6,Sun,1,1,2023-09-10,29-224,HOU,@,BAL,L 9-25,9.00,9.00,9.0,9.0,0,0.0,0,0.0,6,24.0,K,FairKa01
552,Ka'imi Fairbairn,9.00,10,Thu,9,9,2024-10-31,30-276,HOU,@,NYJ,L 13-21,9.00,9.00,9.0,9.0,0,0.0,0,0.0,10,38.5,K,FairKa01
553,Nick Folk,9.00,10,Sun,2,2,2023-09-17,38-316,TEN,,LAC,W 27-24 (OT),9.00,9.00,10.0,10.0,0,0.0,0,0.0,10,33.3,K,FolkNi20
554,Graham Gano,9.00,11,Sun,5,5,2022-10-09,35-183,NYG,@,GNB,W 27-22,9.00,9.00,10.0,10.0,0,0.0,0,0.0,11,42.3,K,GanoGr44
555,Graham Gano,9.00,7,Sun,6,6,2023-10-15,36-189,NYG,@,BUF,L 9-14,9.00,9.00,10.0,10.0,0,0.0,0,0.0,7,33.3,K,GanoGr44
556,Graham Gano,9.00,15,Sun,16,17,2024-12-29,37-264,NYG,,IND,W 45-33,9.00,9.00,9.0,9.0,0,0.0,0,0.0,15,46.9,K,GanoGr44
557,Graham Gano,9.00,7,Sun,17,18,2025-01-05,37-271,NYG,@,PHI,L 13-20,9.00,9.00,9.0,9.0,0,0.0,0,0.0,7,29.2,K,GanoGr44
558,Matt Gay,9.00,7,Mon,4,4,2022-10-03,28-202,LAR,@,SFO,L 9-24,9.00,9.00,9.0,9.0,0,0.0,0,0.0,7,28.0,K,GayxMa00
559,Matt Gay,9.00,12,Sun,8,8,2023-10-29,29-228,IND,,NOR,L 27-38,9.00,9.00,10.0,10.0,0,0.0,0,0.0,12,35.3,K,GayxMa00
560,Matt Gay,9.00,12,Sun,11,12,2023-11-26,29-256,IND,,TAM,W 27-20,9.00,9.00,10.0,10.0,0,0.0,0,0.0,12,44.4,K,GayxMa00
561,Matt Gay,9.00,12,Sun,4,4,2024-09-29,30-198,IND,,PIT,W 27-24,9.00,9.00,9.0,9.0,0,0.0,0,0.0,12,44.4,K,GayxMa00
562,Matt Gay,9.00,7,Sun,9,9,2024-11-03,30-233,IND,@,MIN,L 13-21,9.00,9.00,10.0,10.0,0,0.0,0,0.0,7,31.8,K,GayxMa00
563,Matt Gay,9.00,13,Sun,16,17,2024-12-29,30-289,IND,@,NYG,L 33-45,9.00,9.00,9.0,9.0,0,0.0,0,0.0,13,40.6,K,GayxMa00
564,Zane Gonzalez,9.00,11,Sun,10,10,2024-11-10,29-187,WAS,,PIT,L 27-28,9.00,9.00,11.0,11.0,0,0.0,0,0.0,11,34.4,K,GonzZa00
565,Robbie Gould,9.00,12,Sun,2,2,2022-09-18,39-286,SFO,,SEA,W 27-7,9.00,9.00,9.0,9.0,0,0.0,0,0.0,12,52.2,K,gouldrob01
566,Blake Grupe,9.00,7,Sun,4,4,2023-10-01,24-330,NOR,,TAM,L 9-26,9.00,9.00,10.0,10.0,0,0.0,0,0.0,7,26.9,K,GrupBl00
567,Blake Grupe,9.00,11,Sun,6,6,2024-10-13,25-343,NOR,,TAM,L 27-51,9.00,9.00,10.0,10.0,0,0.0,0,0.0,11,29.7,K,GrupBl00
568,Blake Grupe,9.00,7,Sun,14,15,2024-12-15,26-040,NOR,,WAS,L 19-20,9.00,9.00,10.0,10.0,0,0.0,0,0.0,7,28.0,K,GrupBl00
569,Dustin Hopkins,9.00,11,Sun,8,9,2023-11-05,33-035,CLE,,ARI,W 27-0,9.00,9.00,10.0,10.0,0,0.0,0,0.0,11,39.3,K,HopkDu00
570,Dustin Hopkins,9.00,11,Sun,13,14,2023-12-10,33-070,CLE,,JAX,W 31-27,9.00,9.00,9.0,9.0,0,0.0,0,0.0,11,32.4,K,HopkDu00
571,Dustin Hopkins,9.00,7,Sun,5,5,2024-10-06,34-005,CLE,@,WAS,L 13-34,9.00,9.00,9.0,9.0,0,0.0,0,0.0,7,22.6,K,HopkDu00
572,Greg Joseph,9.00,13,Sun,9,10,2022-11-13,28-101,MIN,@,BUF,W 33-30 (OT),9.00,9.00,9.0,9.0,0,0.0,0,0.0,13,39.4,K,JoseGr00
573,Greg Joseph,9.00,13,Thu,11,12,2022-11-24,28-112,MIN,,NWE,W 33-26,9.00,9.00,9.0,9.0,0,0.0,0,0.0,13,39.4,K,JoseGr00
574,Greg Joseph,9.00,12,Sun,10,10,2023-11-12,29-100,MIN,,NOR,W 27-19,9.00,9.00,10.0,10.0,0,0.0,0,0.0,12,41.4,K,JoseGr00
575,Joshua Karty,9.00,5,Sun,3,3,2024-09-22,22-199,LAR,,SFO,W 27-24,9.00,9.00,9.0,9.0,0,0.0,0,0.0,5,18.5,K,KartJo00
576,Joshua Karty,9.00,3,Sat,16,17,2024-12-28,22-296,LAR,,ARI,W 13-9,9.00,9.00,9.0,9.0,0,0.0,0,0.0,3,13.6,K,KartJo00
577,Younghoe Koo,9.00,3,Sat,15,16,2022-12-24,28-143,ATL,@,BAL,L 9-17,9.00,9.00,9.0,9.0,0,0.0,0,0.0,3,14.3,K,KooxYo00
578,Cam Little,9.00,11,Sun,8,8,2024-10-27,21-071,JAX,,GNB,L 27-30,9.00,9.00,10.0,10.0,0,0.0,0,0.0,11,33.3,K,LittCa00
579,Wil Lutz,9.00,11,Sun,2,2,2023-09-17,29-072,DEN,,WAS,L 33-35,9.00,9.00,9.0,9.0,0,0.0,0,0.0,11,36.7,K,LutzWi00
580,Wil Lutz,9.00,11,Sun,4,4,2023-10-01,29-086,DEN,@,CHI,W 31-28,9.00,9.00,9.0,9.0,0,0.0,0,0.0,11,42.3,K,LutzWi00
581,Wil Lutz,9.00,11,Sun,11,12,2023-11-26,29-142,DEN,,CLE,W 29-12,9.00,9.00,9.0,9.0,0,0.0,0,0.0,11,42.3,K,LutzWi00
582,Wil Lutz,9.00,10,Sun,1,1,2022-09-11,28-066,NOR,@,ATL,W 27-26,9.00,9.00,10.0,10.0,0,0.0,0,0.0,10,31.3,K,LutzWi00
583,Wil Lutz,9.00,12,Sun,5,5,2022-10-09,28-094,NOR,,SEA,W 39-32,9.00,9.00,9.0,9.0,0,0.0,0,0.0,12,35.3,K,LutzWi00
584,Wil Lutz,9.00,11,Sun,11,11,2022-11-20,28-136,NOR,,LAR,W 27-20,9.00,9.00,10.0,10.0,0,0.0,0,0.0,11,35.5,K,LutzWi00
585,Brett Maher,9.00,11,Thu,16,17,2022-12-29,33-038,DAL,@,TEN,W 27-13,9.00,9.00,10.0,10.0,0,0.0,0,0.0,11,44.0,K,MaheBr01
586,Chase McLaughlin,9.00,8,Sun,13,13,2022-12-04,26-239,IND,@,DAL,L 19-54,9.00,9.00,9.0,9.0,0,0.0,0,0.0,8,25.8,K,McLaCh00
587,Chase McLaughlin,9.00,11,Sun,17,18,2023-01-08,26-274,IND,,HOU,L 31-32,9.00,9.00,9.0,9.0,0,0.0,0,0.0,11,40.7,K,McLaCh00
588,Chase McLaughlin,9.00,6,Sun,2,2,2023-09-17,27-161,TAM,,CHI,W 27-17,9.00,9.00,9.0,9.0,0,0.0,0,0.0,6,22.2,K,McLaCh00
589,Chase McLaughlin,9.00,7,Sun,6,6,2024-10-13,28-187,TAM,@,NOR,W 51-27,9.00,9.00,9.0,9.0,0,0.0,0,0.0,7,18.9,K,McLaCh00
590,Brandon McManus,9.00,9,Thu,5,5,2022-10-06,31-073,DEN,,IND,L 9-12 (OT),9.00,9.00,11.0,11.0,0,0.0,0,0.0,9,29.0,K,McMaBr01
591,Brandon McManus,9.00,6,Sun,2,2,2023-09-17,32-054,JAX,,KAN,L 9-17,9.00,9.00,10.0,10.0,0,0.0,0,0.0,6,27.3,K,McMaBr01
592,Evan McPherson,9.00,12,Sun,3,3,2022-09-25,23-066,CIN,@,NYJ,W 27-12,9.00,9.00,10.0,10.0,0,0.0,0,0.0,12,46.2,K,McPhEv00
593,Evan McPherson,9.00,11,Sun,12,13,2022-12-04,23-136,CIN,,KAN,W 27-24,9.00,9.00,10.0,10.0,0,0.0,0,0.0,11,47.8,K,McPhEv00
594,Evan McPherson,9.00,11,Sun,16,18,2023-01-08,23-171,CIN,,BAL,W 27-16,9.00,9.00,9.0,9.0,0,0.0,0,0.0,11,36.7,K,McPhEv00
595,Evan McPherson,9.00,12,Sun,7,8,2023-10-29,24-100,CIN,@,SFO,W 31-17,9.00,9.00,9.0,9.0,0,0.0,0,0.0,12,48.0,K,McPhEv00
596,Evan McPherson,9.00,10,Sat,14,15,2023-12-16,24-148,CIN,,MIN,W 27-24 (OT),9.00,9.00,9.0,9.0,0,0.0,0,0.0,10,37.0,K,McPhEv00
597,Evan McPherson,9.00,13,Mon,3,3,2024-09-23,25-064,CIN,,WAS,L 33-38,9.00,9.00,9.0,9.0,0,0.0,0,0.0,13,50.0,K,McPhEv00
598,Evan McPherson,9.00,13,Sun,11,11,2024-11-17,25-119,CIN,@,LAC,L 27-34,9.00,9.00,9.0,9.0,0,0.0,0,0.0,13,35.1,K,McPhEv00
599,Jake Moody,9.00,11,Sun,10,11,2023-11-19,23-361,SFO,,TAM,W 27-14,9.00,9.00,9.0,9.0,0,0.0,0,0.0,11,50.0,K,MoodJa00
600,Jake Moody,9.00,15,Sun,14,15,2023-12-17,24-024,SFO,@,ARI,W 45-29,9.00,9.00,10.0,10.0,0,0.0,0,0.0,15,48.4,K,MoodJa00
601,Jake Moody,9.00,11,Sun,16,17,2023-12-31,24-038,SFO,@,WAS,W 27-10,9.00,9.00,9.0,9.0,0,0.0,0,0.0,11,52.4,K,MoodJa00
602,Jason Myers,9.00,11,Sun,12,13,2022-12-04,31-206,SEA,@,LAR,W 27-23,9.00,9.00,10.0,10.0,0,0.0,0,0.0,11,40.7,K,MyerJa00
603,Jason Myers,9.00,7,Thu,14,15,2022-12-15,31-217,SEA,,SFO,L 13-21,9.00,9.00,9.0,9.0,0,0.0,0,0.0,7,25.0,K,MyerJa00
604,Jason Myers,9.00,7,Sun,5,6,2023-10-15,32-156,SEA,@,CIN,L 13-17,9.00,9.00,9.0,9.0,0,0.0,0,0.0,7,30.4,K,MyerJa00
605,Jason Myers,9.00,8,Thu,11,12,2023-11-23,32-195,SEA,,SFO,L 13-31,9.00,9.00,9.0,9.0,0,0.0,0,0.0,8,27.6,K,MyerJa00
606,Riley Patterson,9.00,5,Sun,12,13,2023-12-03,24-087,DET,@,NOR,W 33-28,9.00,9.00,9.0,9.0,0,0.0,0,0.0,5,16.7,K,PattRi01
607,Riley Patterson,9.00,11,Sun,9,9,2022-11-06,23-060,JAX,,LVR,W 27-20,9.00,9.00,11.0,11.0,0,0.0,0,0.0,11,40.7,K,PattRi01
608,Riley Patterson,9.00,11,Sun,16,17,2023-01-01,23-116,JAX,@,HOU,W 31-3,9.00,9.00,9.0,9.0,0,0.0,0,0.0,11,44.0,K,PattRi01
609,Eddy Piñeiro,9.00,9,Sun,5,5,2022-10-09,27-026,CAR,,SFO,L 15-37,9.00,9.00,10.0,10.0,0,0.0,0,0.0,9,32.1,K,PineEd00
610,Eddy Piñeiro,9.00,11,Sun,3,3,2023-09-24,28-011,CAR,@,SEA,L 27-37,9.00,9.00,11.0,11.0,0,0.0,0,0.0,11,31.4,K,PineEd00
611,Eddy Piñeiro,9.00,6,Sun,4,4,2023-10-01,28-018,CAR,,MIN,L 13-21,9.00,9.00,9.0,9.0,0,0.0,0,0.0,6,27.3,K,PineEd00
612,Eddy Piñeiro,9.00,10,Sun,7,8,2023-10-29,28-046,CAR,,HOU,W 15-13,9.00,9.00,10.0,10.0,0,0.0,0,0.0,10,41.7,K,PineEd00
613,Eddy Piñeiro,9.00,4,Sun,14,15,2023-12-17,28-095,CAR,,ATL,W 9-7,9.00,9.00,9.0,9.0,0,0.0,0,0.0,4,21.1,K,PineEd00
614,Matt Prater,9.00,12,Sun,16,17,2023-12-31,39-143,ARI,@,PHI,W 35-31,9.00,9.00,9.0,9.0,0,0.0,0,0.0,12,48.0,K,PratMa20
615,Chad Ryland,9.00,9,Sun,3,3,2023-09-24,23-344,NWE,@,NYJ,W 15-10,9.00,9.00,10.0,10.0,0,0.0,0,0.0,9,29.0,K,RylaCh00
616,Jason Sanders,9.00,10,Thu,4,4,2022-09-29,26-317,MIA,@,CIN,L 15-27,9.00,9.00,10.0,10.0,0,0.0,0,0.0,10,35.7,K,SandJa00
617,Jason Sanders,9.00,15,Sun,10,10,2022-11-13,26-362,MIA,,CLE,W 39-17,9.00,9.00,9.0,9.0,0,0.0,0,0.0,15,65.2,K,SandJa00
618,Jason Sanders,9.00,14,Sun,12,13,2023-12-03,28-017,MIA,@,WAS,W 45-15,9.00,9.00,10.0,10.0,0,0.0,0,0.0,14,50.0,K,SandJa00
619,Jason Sanders,9.00,12,Mon,13,14,2023-12-11,28-025,MIA,,TEN,L 27-28,9.00,9.00,9.0,9.0,0,0.0,0,0.0,12,38.7,K,SandJa00
620,Jason Sanders,9.00,11,Sun,8,9,2024-11-03,28-353,MIA,@,BUF,L 27-30,9.00,9.00,9.0,9.0,0,0.0,0,0.0,11,44.0,K,SandJa00
621,Cairo Santos,9.00,7,Sun,6,6,2023-10-15,31-337,CHI,,MIN,L 13-19,9.00,9.00,9.0,9.0,0,0.0,0,0.0,7,26.9,K,SantCa01
622,Cairo Santos,9.00,11,Sun,15,16,2023-12-24,32-042,CHI,,ARI,W 27-16,9.00,9.00,10.0,10.0,0,0.0,0,0.0,11,37.9,K,SantCa01
623,Cairo Santos,9.00,9,Sun,10,11,2024-11-17,33-005,CHI,,GNB,L 19-20,9.00,9.00,9.0,9.0,0,0.0,0,0.0,9,50.0,K,SantCa01
624,Austin Seibert,9.00,11,Sun,9,9,2024-11-03,27-354,WAS,@,NYG,W 27-22,9.00,9.00,9.0,9.0,0,0.0,0,0.0,11,50.0,K,SeibAu00
625,Joey Slye,9.00,13,Sun,2,2,2023-09-17,27-160,WAS,@,DEN,W 35-33,9.00,9.00,11.0,11.0,0,0.0,0,0.0,13,43.3,K,SlyeJo00
626,Joey Slye,9.00,11,Sun,8,8,2023-10-29,27-202,WAS,,PHI,L 31-38,9.00,9.00,9.0,9.0,0,0.0,0,0.0,11,39.3,K,SlyeJo00
627,Justin Tucker,9.00,13,Sun,3,3,2022-09-25,32-308,BAL,@,NWE,W 37-26,9.00,9.00,9.0,9.0,0,0.0,0,0.0,13,48.1,K,TuckJu00
628,Justin Tucker,9.00,12,Thu,8,8,2022-10-27,32-340,BAL,@,TAM,W 27-22,9.00,9.00,9.0,9.0,0,0.0,0,0.0,12,38.7,K,TuckJu00
629,Justin Tucker,9.00,11,Mon,9,9,2022-11-07,32-351,BAL,@,NOR,W 27-13,9.00,9.00,10.0,10.0,0,0.0,0,0.0,11,42.3,K,TuckJu00
630,Justin Tucker,9.00,9,Sat,15,16,2022-12-24,33-033,BAL,,ATL,W 17-9,9.00,9.00,9.0,9.0,0,0.0,0,0.0,9,42.9,K,TuckJu00
631,Justin Tucker,9.00,7,Sun,16,17,2023-01-01,33-041,BAL,,PIT,L 13-16,9.00,9.00,9.0,9.0,0,0.0,0,0.0,7,30.4,K,TuckJu00
632,Justin Tucker,9.00,11,Sun,2,2,2023-09-17,33-300,BAL,@,CIN,W 27-24,9.00,9.00,11.0,11.0,0,0.0,0,0.0,11,44.0,K,TuckJu00
633,Justin Tucker,9.00,11,Sun,13,13,2024-12-01,35-010,BAL,,PHI,L 19-24,9.00,9.00,9.0,9.0,0,0.0,0,0.0,11,33.3,K,TuckJu00
634,Justin Tucker,9.00,7,Wed,16,17,2024-12-25,35-034,BAL,@,HOU,W 31-2,9.00,9.00,9.0,9.0,0,0.0,0,0.0,7,29.2,K,TuckJu00
635,Tristan Vizcaino,9.00,11,Sun,10,10,2022-11-13,26-105,ARI,@,LAR,W 27-17,9.00,9.00,10.0,10.0,0,0.0,0,0.0,11,39.3,K,VizcTr00
636,Cade York,9.00,11,Mon,13,14,2024-12-09,23-317,CIN,@,DAL,W 27-20,9.00,9.00,9.0,9.0,0,0.0,0,0.0,11,40.7,K,YorkCa00
637,Cade York,9.00,11,Sun,12,13,2022-12-04,21-311,CLE,@,HOU,W 27-14,9.00,9.00,11.0,11.0,0,0.0,0,0.0,11,35.5,K,YorkCa00
638,Greg Zuerlein,9.00,10,Sun,2,2,2022-09-18,34-265,NYJ,@,CLE,W 31-30,9.00,9.00,9.0,9.0,0,0.0,0,0.0,10,33.3,K,ZuerGr00
639,Greg Zuerlein,9.00,12,Sun,6,6,2022-10-16,34-293,NYJ,@,GNB,W 27-10,9.00,9.00,9.0,9.0,0,0.0,0,0.0,12,41.4,K,ZuerGr00
640,Greg Zuerlein,9.00,13,Sun,11,12,2022-11-27,34-335,NYJ,,CHI,W 31-10,9.00,9.00,9.0,9.0,0,0.0,0,0.0,13,52.0,K,ZuerGr00
641,Greg Zuerlein,9.00,8,Sun,17,18,2024-01-07,36-011,NYJ,@,NWE,W 17-3,9.00,9.00,10.0,10.0,0,0.0,0,0.0,8,28.6,K,ZuerGr00
642,Greg Zuerlein,9.00,7,Sun,4,4,2024-09-29,36-277,NYJ,,DEN,L 9-10,9.00,9.00,10.0,10.0,0,0.0,0,0.0,7,25.0,K,ZuerGr00
643,Brandon Aubrey,8.00,8,Mon,6,6,2023-10-16,28-216,DAL,@,LAC,W 20-17,8.00,8.00,8.0,8.0,0,0.0,0,0.0,8,32.0,K,AubrBr00
644,Brandon Aubrey,8.00,9,Sun,15,16,2023-12-24,28-285,DAL,@,MIA,L 20-22,8.00,8.00,9.0,9.0,0,0.0,0,0.0,9,34.6,K,AubrBr00
645,Brandon Aubrey,8.00,9,Mon,13,14,2024-12-09,29-270,DAL,,CIN,L 20-27,8.00,8.00,9.0,9.0,0,0.0,0,0.0,9,33.3,K,AubrBr00
646,Michael Badgley,8.00,2,Sun,6,7,2022-10-23,27-087,DET,@,DAL,L 6-24,8.00,8.00,9.0,9.0,0,0.0,0,0.0,2,9.1,K,BadgMi00
647,Michael Badgley,8.00,5,Sun,14,15,2022-12-18,27-143,DET,@,NYJ,W 20-17,8.00,8.00,8.0,8.0,0,0.0,0,0.0,5,17.9,K,BadgMi00
648,Michael Badgley,8.00,6,Sun,17,18,2023-01-08,27-164,DET,@,GNB,W 20-16,8.00,8.00,8.0,8.0,0,0.0,0,0.0,6,24.0,K,BadgMi00
649,Tyler Bass,8.00,14,Sun,5,5,2022-10-09,25-237,BUF,,PIT,W 38-3,8.00,8.00,8.0,8.0,0,0.0,0,0.0,14,56.0,K,BassTy00
650,Tyler Bass,8.00,10,Thu,11,12,2022-11-24,25-283,BUF,@,DET,W 28-25,8.00,8.00,10.0,10.0,0,0.0,0,0.0,10,38.5,K,BassTy00
651,Tyler Bass,8.00,9,Sun,13,14,2022-12-11,25-300,BUF,,NYJ,W 20-12,8.00,8.00,9.0,9.0,0,0.0,0,0.0,9,30.0,K,BassTy00
652,Tyler Bass,8.00,13,Sun,2,2,2023-09-17,26-215,BUF,,LVR,W 38-10,8.00,8.00,8.0,8.0,0,0.0,0,0.0,13,59.1,K,BassTy00
653,Tyler Bass,8.00,9,Sun,13,14,2023-12-10,26-299,BUF,@,KAN,W 20-17,8.00,8.00,8.0,8.0,0,0.0,0,0.0,9,37.5,K,BassTy00
654,Tyler Bass,8.00,9,Sun,5,5,2024-10-06,27-235,BUF,@,HOU,L 20-23,8.00,8.00,8.0,8.0,0,0.0,0,0.0,9,29.0,K,BassTy00
655,Tyler Bass,8.00,9,Sun,15,16,2024-12-22,27-312,BUF,,NWE,W 24-21,8.00,8.00,8.0,8.0,0,0.0,0,0.0,9,37.5,K,BassTy00
656,Tyler Bass,8.00,12,Sun,16,17,2024-12-29,27-319,BUF,,NYJ,W 40-14,8.00,8.00,8.0,8.0,0,0.0,0,0.0,12,54.5,K,BassTy00
657,Jake Bates,8.00,9,Sun,1,1,2024-09-08,25-189,DET,,LAR,W 26-20 (OT),8.00,8.00,8.0,8.0,0,0.0,0,0.0,9,34.6,K,BateJa00
658,Jake Bates,8.00,9,Sun,11,12,2024-11-24,25-266,DET,@,IND,W 24-6,8.00,8.00,8.0,8.0,0,0.0,0,0.0,9,37.5,K,BateJa00
659,Rodrigo Blankenship,8.00,11,Sun,1,1,2022-09-11,25-225,IND,@,HOU,T 20-20 (OT),8.00,8.00,9.0,9.0,0,0.0,0,0.0,11,34.4,K,BlanRo03
660,Chris Boswell,8.00,6,Sun,2,2,2022-09-18,31-186,PIT,,NWE,L 14-17,8.00,8.00,8.0,8.0,0,0.0,0,0.0,6,27.3,K,BoswCh00
661,Chris Boswell,8.00,9,Sun,14,15,2022-12-18,31-277,PIT,@,CAR,W 24-16,8.00,8.00,8.0,8.0,0,0.0,0,0.0,9,36.0,K,BoswCh00
662,Chris Boswell,8.00,10,Sun,17,18,2023-01-08,31-298,PIT,,CLE,W 28-14,8.00,8.00,9.0,9.0,0,0.0,0,0.0,10,45.5,K,BoswCh00
663,Chris Boswell,8.00,9,Sun,6,7,2023-10-22,32-220,PIT,@,LAR,W 24-17,8.00,8.00,8.0,8.0,0,0.0,0,0.0,9,34.6,K,BoswCh00
664,Chris Boswell,8.00,9,Thu,8,9,2023-11-02,32-231,PIT,,TEN,W 20-16,8.00,8.00,8.0,8.0,0,0.0,0,0.0,9,37.5,K,BoswCh00
665,Chris Boswell,8.00,10,Sun,3,3,2024-09-22,33-190,PIT,,LAC,W 20-10,8.00,8.00,8.0,8.0,0,0.0,0,0.0,10,38.5,K,BoswCh00
666,Chris Boswell,8.00,8,Sun,4,4,2024-09-29,33-197,PIT,@,IND,L 24-27,8.00,8.00,8.0,8.0,0,0.0,0,0.0,8,29.6,K,BoswCh00
667,Randy Bullock,8.00,10,Sun,1,1,2022-09-11,32-269,TEN,,NYG,L 20-21,8.00,8.00,9.0,9.0,0,0.0,0,0.0,10,35.7,K,BullRa00
668,Harrison Butker,8.00,9,Thu,1,1,2023-09-07,28-055,KAN,,DET,L 20-21,8.00,8.00,8.0,8.0,0,0.0,0,0.0,9,33.3,K,ButkHa00
669,Anders Carlson,8.00,7,Thu,4,4,2023-09-28,25-104,GNB,,DET,L 20-34,8.00,8.00,8.0,8.0,0,0.0,0,0.0,7,23.3,K,CarlAn00
670,Anders Carlson,8.00,10,Sun,8,9,2023-11-05,25-142,GNB,,LAR,W 20-3,8.00,8.00,8.0,8.0,0,0.0,0,0.0,10,43.5,K,CarlAn00
671,Anders Carlson,8.00,9,Sun,14,15,2023-12-17,25-184,GNB,,TAM,L 20-34,8.00,8.00,8.0,8.0,0,0.0,0,0.0,9,36.0,K,CarlAn00
672,Anders Carlson,8.00,6,Sun,7,7,2024-10-20,26-126,SFO,,KAN,L 18-28,8.00,8.00,8.0,8.0,0,0.0,0,0.0,6,25.0,K,CarlAn00
673,Daniel Carlson,8.00,9,Sun,8,9,2022-11-06,27-287,LVR,@,JAX,L 20-27,8.00,8.00,8.0,8.0,0,0.0,0,0.0,9,33.3,K,CarlDa00
674,Daniel Carlson,8.00,9,Sun,16,17,2023-12-31,28-342,LVR,@,IND,L 20-23,8.00,8.00,9.0,9.0,0,0.0,0,0.0,9,30.0,K,CarlDa00
675,Daniel Carlson,8.00,9,Sun,17,18,2025-01-05,29-348,LVR,,LAC,L 20-34,8.00,8.00,10.0,10.0,0,0.0,0,0.0,9,31.0,K,CarlDa00
676,Mason Crosby,8.00,8,Sun,5,5,2022-10-09,38-036,GNB,,NYG,L 22-27,8.00,8.00,10.0,10.0,0,0.0,0,0.0,8,30.8,K,CrosMa20
677,Mason Crosby,8.00,10,Sun,13,13,2022-12-04,38-092,GNB,@,CHI,W 28-19,8.00,8.00,8.0,8.0,0,0.0,0,0.0,10,41.7,K,CrosMa20
678,Cameron Dicker,8.00,9,Sun,5,5,2022-10-09,22-156,PHI,@,ARI,W 20-17,8.00,8.00,9.0,9.0,0,0.0,0,0.0,9,36.0,K,DickCa00
679,Cameron Dicker,8.00,8,Sun,8,9,2022-11-06,22-184,LAC,@,ATL,W 20-17,8.00,8.00,8.0,8.0,0,0.0,0,0.0,8,33.3,K,DickCa00
680,Cameron Dicker,8.00,10,Sun,12,13,2022-12-04,22-212,LAC,@,LVR,L 20-27,8.00,8.00,8.0,8.0,0,0.0,0,0.0,10,33.3,K,DickCa00
681,Cameron Dicker,8.00,8,Mon,15,16,2022-12-26,22-234,LAC,@,IND,W 20-3,8.00,8.00,8.0,8.0,0,0.0,0,0.0,8,44.4,K,DickCa00
682,Cameron Dicker,8.00,10,Sun,17,18,2023-01-08,22-247,LAC,@,DEN,L 28-31,8.00,8.00,9.0,9.0,0,0.0,0,0.0,10,32.3,K,DickCa00
683,Cameron Dicker,8.00,13,Sun,9,10,2023-11-12,23-190,LAC,,DET,L 38-41,8.00,8.00,9.0,9.0,0,0.0,0,0.0,13,43.3,K,DickCa00
684,Cameron Dicker,8.00,9,Sun,10,11,2023-11-19,23-197,LAC,@,GNB,L 20-23,8.00,8.00,8.0,8.0,0,0.0,0,0.0,9,34.6,K,DickCa00
685,Cameron Dicker,8.00,11,Sun,2,2,2024-09-15,24-132,LAC,@,CAR,W 26-3,8.00,8.00,10.0,10.0,0,0.0,0,0.0,11,45.8,K,DickCa00
686,Cameron Dicker,8.00,12,Sun,7,8,2024-10-27,24-174,LAC,,NOR,W 26-8,8.00,8.00,9.0,9.0,0,0.0,0,0.0,12,35.3,K,DickCa00
687,Jake Elliott,8.00,13,Sun,1,1,2022-09-11,27-233,PHI,@,DET,W 38-35,8.00,8.00,8.0,8.0,0,0.0,0,0.0,13,41.9,K,ElliJa03
688,Jake Elliott,8.00,5,Sun,5,6,2024-10-13,29-266,PHI,,CLE,W 20-16,8.00,8.00,10.0,10.0,0,0.0,0,0.0,5,18.5,K,ElliJa03
689,Jake Elliott,8.00,7,Thu,10,11,2024-11-14,29-298,PHI,,WAS,W 26-18,8.00,8.00,8.0,8.0,0,0.0,0,0.0,7,25.9,K,ElliJa03
690,Jake Elliott,8.00,8,Sun,17,18,2025-01-05,29-350,PHI,,NYG,W 20-13,8.00,8.00,8.0,8.0,0,0.0,0,0.0,8,33.3,K,ElliJa03
691,Ka'imi Fairbairn,8.00,9,Sun,1,1,2022-09-11,28-225,HOU,,IND,T 20-20 (OT),8.00,8.00,10.0,10.0,0,0.0,0,0.0,9,28.1,K,FairKa01
692,Ka'imi Fairbairn,8.00,9,Sun,3,3,2022-09-25,28-239,HOU,@,CHI,L 20-23,8.00,8.00,8.0,8.0,0,0.0,0,0.0,9,31.0,K,FairKa01
693,Ka'imi Fairbairn,8.00,10,Sun,2,2,2023-09-17,29-231,HOU,,IND,L 20-31,8.00,8.00,8.0,8.0,0,0.0,0,0.0,10,34.5,K,FairKa01
694,Ka'imi Fairbairn,8.00,9,Sun,6,6,2023-10-15,29-259,HOU,,NOR,W 20-13,8.00,8.00,8.0,8.0,0,0.0,0,0.0,9,34.6,K,FairKa01
695,Ka'imi Fairbairn,8.00,8,Sun,14,15,2024-12-15,30-321,HOU,,MIA,W 20-12,8.00,8.00,9.0,9.0,0,0.0,0,0.0,8,32.0,K,FairKa01
696,Nick Folk,8.00,7,Sun,6,6,2022-10-16,37-345,NWE,@,CLE,W 38-15,8.00,8.00,8.0,8.0,0,0.0,0,0.0,7,24.1,K,FolkNi20
697,Nick Folk,8.00,13,Sun,12,13,2023-12-03,39-028,TEN,,IND,L 28-31 (OT),8.00,8.00,9.0,9.0,0,0.0,0,0.0,13,35.1,K,FolkNi20
698,Nick Folk,8.00,9,Mon,13,14,2023-12-11,39-036,TEN,@,MIA,W 28-27,8.00,8.00,8.0,8.0,0,0.0,0,0.0,9,29.0,K,FolkNi20
699,Nick Folk,8.00,9,Sun,8,9,2024-11-03,39-364,TEN,,NWE,W 20-17 (OT),8.00,8.00,8.0,8.0,0,0.0,0,0.0,9,34.6,K,FolkNi20
700,Graham Gano,8.00,10,Sun,4,4,2022-10-02,35-176,NYG,,CHI,W 20-12,8.00,8.00,10.0,10.0,0,0.0,0,0.0,10,33.3,K,GanoGr44
701,Graham Gano,8.00,10,Sun,12,13,2022-12-04,35-239,NYG,,WAS,T 20-20 (OT),8.00,8.00,9.0,9.0,0,0.0,0,0.0,10,29.4,K,GanoGr44
702,Graham Gano,8.00,13,Sun,16,17,2023-01-01,35-267,NYG,,IND,W 38-10,8.00,8.00,8.0,8.0,0,0.0,0,0.0,13,54.2,K,GanoGr44
703,Graham Gano,8.00,6,Thu,3,3,2023-09-21,36-165,NYG,@,SFO,L 12-30,8.00,8.00,9.0,9.0,0,0.0,0,0.0,6,21.4,K,GanoGr44
704,Graham Gano,8.00,5,Sun,1,1,2024-09-08,37-152,NYG,,MIN,L 6-28,8.00,8.00,8.0,8.0,0,0.0,0,0.0,5,20.8,K,GanoGr44
705,Graham Gano,8.00,9,Thu,12,13,2024-11-28,37-233,NYG,@,DAL,L 20-27,8.00,8.00,10.0,10.0,0,0.0,0,0.0,9,29.0,K,GanoGr44
706,Matt Gay,8.00,9,Sun,3,3,2022-09-25,28-194,LAR,@,ARI,W 20-12,8.00,8.00,9.0,9.0,0,0.0,0,0.0,9,36.0,K,GayxMa00
707,Matt Gay,8.00,7,Mon,14,15,2022-12-19,28-279,LAR,@,GNB,L 12-24,8.00,8.00,8.0,8.0,0,0.0,0,0.0,7,33.3,K,GayxMa00
708,Matt Gay,8.00,15,Sun,7,7,2023-10-22,29-221,IND,,CLE,L 38-39,8.00,8.00,8.0,8.0,0,0.0,0,0.0,15,37.5,K,GayxMa00
709,Matt Gay,8.00,9,Sun,6,6,2024-10-13,30-212,IND,@,TEN,W 20-17,8.00,8.00,8.0,8.0,0,0.0,0,0.0,9,34.6,K,GayxMa00
710,Matt Gay,8.00,9,Sun,8,8,2024-10-27,30-226,IND,@,HOU,L 20-23,8.00,8.00,9.0,9.0,0,0.0,0,0.0,9,27.3,K,GayxMa00
711,Matt Gay,8.00,9,Sun,10,10,2024-11-10,30-240,IND,,BUF,L 20-30,8.00,8.00,8.0,8.0,0,0.0,0,0.0,9,36.0,K,GayxMa00
712,Matt Gay,8.00,14,Sun,15,16,2024-12-22,30-282,IND,,TEN,W 38-30,8.00,8.00,8.0,8.0,0,0.0,0,0.0,14,46.7,K,GayxMa00
713,Robbie Gould,8.00,13,Mon,10,11,2022-11-21,39-350,SFO,@,ARI,W 38-10,8.00,8.00,8.0,8.0,0,0.0,0,0.0,13,50.0,K,gouldrob01
714,Robbie Gould,8.00,13,Sun,17,18,2023-01-08,40-033,SFO,,ARI,W 38-13,8.00,8.00,8.0,8.0,0,0.0,0,0.0,13,50.0,K,gouldrob01
715,Blake Grupe,8.00,9,Mon,2,2,2023-09-18,24-317,NOR,@,CAR,W 20-17,8.00,8.00,8.0,8.0,0,0.0,0,0.0,9,33.3,K,GrupBl00
716,Blake Grupe,8.00,13,Sun,8,8,2023-10-29,24-358,NOR,@,IND,W 38-27,8.00,8.00,8.0,8.0,0,0.0,0,0.0,13,38.2,K,GrupBl00
717,Blake Grupe,8.00,10,Sun,9,9,2023-11-05,25-000,NOR,,CHI,W 24-17,8.00,8.00,8.0,8.0,0,0.0,0,0.0,10,41.7,K,GrupBl00
718,Blake Grupe,8.00,9,Sun,14,15,2023-12-17,25-042,NOR,,NYG,W 24-6,8.00,8.00,8.0,8.0,0,0.0,0,0.0,9,39.1,K,GrupBl00
719,Blake Grupe,8.00,15,Sun,2,2,2024-09-15,25-315,NOR,@,DAL,W 44-19,8.00,8.00,8.0,8.0,0,0.0,0,0.0,15,55.6,K,GrupBl00
720,Blake Grupe,8.00,9,Sun,10,10,2024-11-10,26-005,NOR,,ATL,W 20-17,8.00,8.00,8.0,8.0,0,0.0,0,0.0,9,33.3,K,GrupBl00
721,Lucas Havrisik,8.00,5,Sun,14,15,2023-12-17,24-079,LAR,,WAS,W 28-20,8.00,8.00,8.0,8.0,0,0.0,0,0.0,5,18.5,K,HavrLu00
722,Dustin Hopkins,8.00,9,Mon,2,2,2023-09-18,32-352,CLE,@,PIT,L 22-26,8.00,8.00,9.0,9.0,0,0.0,0,0.0,9,29.0,K,HopkDu00
723,Dustin Hopkins,8.00,9,Sun,7,8,2023-10-29,33-028,CLE,@,SEA,L 20-24,8.00,8.00,8.0,8.0,0,0.0,0,0.0,9,34.6,K,HopkDu00
724,Dustin Hopkins,8.00,9,Sun,14,15,2023-12-17,33-077,CLE,,CHI,W 20-17,8.00,8.00,8.0,8.0,0,0.0,0,0.0,9,25.7,K,HopkDu00
725,Greg Joseph,8.00,10,Sun,8,9,2022-11-06,28-094,MIN,@,WAS,W 20-17,8.00,8.00,8.0,8.0,0,0.0,0,0.0,10,35.7,K,JoseGr00
726,Greg Joseph,8.00,9,Sun,5,5,2023-10-08,29-065,MIN,,KAN,L 20-27,8.00,8.00,9.0,9.0,0,0.0,0,0.0,9,37.5,K,JoseGr00
727,Greg Joseph,8.00,9,Sun,11,11,2023-11-19,29-107,MIN,@,DEN,L 20-21,8.00,8.00,8.0,8.0,0,0.0,0,0.0,9,33.3,K,JoseGr00
728,Greg Joseph,8.00,8,Sun,17,18,2024-01-07,29-156,MIN,@,DET,L 20-30,8.00,8.00,9.0,9.0,0,0.0,0,0.0,8,28.6,K,JoseGr00
729,Greg Joseph,8.00,11,Sun,14,15,2024-12-15,30-133,WAS,@,NOR,W 20-19,8.00,8.00,9.0,9.0,0,0.0,0,0.0,11,44.0,K,JoseGr00
730,Joshua Karty,8.00,4,Sun,1,1,2024-09-08,22-185,LAR,@,DET,L 20-26 (OT),8.00,8.00,9.0,9.0,0,0.0,0,0.0,4,15.4,K,KartJo00
731,Joshua Karty,8.00,10,Sun,8,9,2024-11-03,22-241,LAR,@,SEA,W 26-20 (OT),8.00,8.00,8.0,8.0,0,0.0,0,0.0,10,31.3,K,KartJo00
732,Joshua Karty,8.00,7,Sun,13,14,2024-12-08,22-276,LAR,,BUF,W 44-42,8.00,8.00,8.0,8.0,0,0.0,0,0.0,7,21.2,K,KartJo00
733,Younghoe Koo,8.00,4,Sun,16,17,2023-01-01,28-151,ATL,,ARI,W 20-19,8.00,8.00,8.0,8.0,0,0.0,0,0.0,4,16.0,K,KooxYo00
734,Younghoe Koo,8.00,2,Sun,11,11,2024-11-17,30-106,ATL,@,DEN,L 6-38,8.00,8.00,9.0,9.0,0,0.0,0,0.0,2,7.7,K,KooxYo00
735,Cam Little,8.00,4,Sun,11,11,2024-11-17,21-092,JAX,@,DET,L 6-52,8.00,8.00,8.0,8.0,0,0.0,0,0.0,4,15.4,K,LittCa00
736,Cam Little,8.00,9,Sun,16,17,2024-12-29,21-134,JAX,,TEN,W 20-13,8.00,8.00,10.0,10.0,0,0.0,0,0.0,9,42.9,K,LittCa00
737,Wil Lutz,8.00,9,Sun,3,3,2023-09-24,29-079,DEN,@,MIA,L 20-70,8.00,8.00,8.0,8.0,0,0.0,0,0.0,9,25.0,K,LutzWi00
738,Wil Lutz,8.00,13,Sun,11,11,2024-11-17,30-133,DEN,,ATL,W 38-6,8.00,8.00,9.0,9.0,0,0.0,0,0.0,13,50.0,K,LutzWi00
739,Wil Lutz,8.00,14,Sun,17,18,2025-01-05,30-182,DEN,,KAN,W 38-0,8.00,8.00,8.0,8.0,0,0.0,0,0.0,14,60.9,K,LutzWi00
740,Chase McLaughlin,8.00,11,Sun,6,6,2022-10-16,26-190,IND,,JAX,W 34-27,8.00,8.00,9.0,9.0,0,0.0,0,0.0,11,44.0,K,McLaCh00
741,Chase McLaughlin,8.00,4,Sun,9,10,2023-11-12,27-217,TAM,,TEN,W 20-6,8.00,8.00,8.0,8.0,0,0.0,0,0.0,4,17.4,K,McLaCh00
742,Chase McLaughlin,8.00,4,Sun,11,12,2023-11-26,27-231,TAM,@,IND,L 20-27,8.00,8.00,8.0,8.0,0,0.0,0,0.0,4,14.8,K,McLaCh00
743,Chase McLaughlin,8.00,4,Sun,8,8,2024-10-27,28-201,TAM,,ATL,L 26-31,8.00,8.00,8.0,8.0,0,0.0,0,0.0,4,14.8,K,McLaCh00
744,Chase McLaughlin,8.00,4,Sun,10,10,2024-11-10,28-215,TAM,,SFO,L 20-23,8.00,8.00,8.0,8.0,0,0.0,0,0.0,4,13.8,K,McLaCh00
745,Brandon McManus,8.00,10,Sun,14,15,2022-12-18,31-146,DEN,,ARI,W 24-15,8.00,8.00,8.0,8.0,0,0.0,0,0.0,10,35.7,K,McMaBr01
746,Brandon McManus,8.00,5,Sun,15,16,2022-12-25,31-153,DEN,@,LAR,L 14-51,8.00,8.00,9.0,9.0,0,0.0,0,0.0,5,19.2,K,McMaBr01
747,Brandon McManus,8.00,8,Sun,17,18,2024-01-07,32-166,JAX,@,TEN,L 20-28,8.00,8.00,9.0,9.0,0,0.0,0,0.0,8,36.4,K,McMaBr01
748,Evan McPherson,8.00,10,Sun,1,1,2022-09-11,23-052,CIN,,PIT,L 20-23 (OT),8.00,8.00,8.0,8.0,0,0.0,0,0.0,10,31.3,K,McPhEv00
749,Evan McPherson,8.00,10,Sun,6,6,2022-10-16,23-087,CIN,@,NOR,W 30-26,8.00,8.00,8.0,8.0,0,0.0,0,0.0,10,34.5,K,McPhEv00
750,Evan McPherson,8.00,10,Sun,11,12,2022-11-27,23-129,CIN,@,TEN,W 20-16,8.00,8.00,9.0,9.0,0,0.0,0,0.0,10,33.3,K,McPhEv00
751,Evan McPherson,8.00,10,Sun,14,15,2022-12-18,23-150,CIN,@,TAM,W 34-23,8.00,8.00,9.0,9.0,0,0.0,0,0.0,10,40.0,K,McPhEv00
752,Evan McPherson,8.00,13,Sun,12,13,2024-12-01,25-133,CIN,,PIT,L 38-44,8.00,8.00,8.0,8.0,0,0.0,0,0.0,13,39.4,K,McPhEv00
753,Jake Moody,8.00,8,Sun,5,5,2024-10-06,24-318,SFO,,ARI,L 23-24,8.00,8.00,8.0,8.0,0,0.0,0,0.0,8,33.3,K,MoodJa00
754,Jake Moody,8.00,13,Sun,13,14,2024-12-08,25-015,SFO,,CHI,W 38-13,8.00,8.00,8.0,8.0,0,0.0,0,0.0,13,52.0,K,MoodJa00
755,Jake Moody,8.00,5,Thu,14,15,2024-12-12,25-019,SFO,,LAR,L 6-12,8.00,8.00,9.0,9.0,0,0.0,0,0.0,5,18.5,K,MoodJa00
756,Jake Moody,8.00,10,Sun,17,18,2025-01-05,25-043,SFO,@,ARI,L 24-47,8.00,8.00,8.0,8.0,0,0.0,0,0.0,10,30.3,K,MoodJa00
757,Jason Myers,8.00,9,Sun,6,7,2023-10-22,32-163,SEA,,ARI,W 20-10,8.00,8.00,9.0,9.0,0,0.0,0,0.0,9,37.5,K,MyerJa00
758,Jason Myers,8.00,9,Mon,14,15,2023-12-18,32-220,SEA,,PHI,W 20-17,8.00,8.00,9.0,9.0,0,0.0,0,0.0,9,33.3,K,MyerJa00
759,Jason Myers,8.00,9,Sun,15,16,2023-12-24,32-226,SEA,@,TEN,W 20-17,8.00,8.00,8.0,8.0,0,0.0,0,0.0,9,40.9,K,MyerJa00
760,Jason Myers,8.00,10,Sun,3,3,2024-09-22,33-133,SEA,,MIA,W 24-3,8.00,8.00,8.0,8.0,0,0.0,0,0.0,10,37.0,K,MyerJa00
761,Jason Myers,8.00,10,Sun,5,5,2024-10-06,33-147,SEA,,NYG,L 20-29,8.00,8.00,10.0,10.0,0,0.0,0,0.0,10,33.3,K,MyerJa00
762,Jason Myers,8.00,5,Thu,16,17,2024-12-26,33-228,SEA,@,CHI,W 6-3,8.00,8.00,8.0,8.0,0,0.0,0,0.0,5,23.8,K,MyerJa00
763,Jason Myers,8.00,10,Sun,17,18,2025-01-05,33-238,SEA,@,LAR,W 30-25,8.00,8.00,8.0,8.0,0,0.0,0,0.0,10,37.0,K,MyerJa00
764,Riley Patterson,8.00,7,Sun,17,18,2025-01-05,25-120,ATL,,CAR,L 38-44 (OT),8.00,8.00,8.0,8.0,0,0.0,0,0.0,7,22.6,K,PattRi01
765,Riley Patterson,8.00,4,Sun,3,3,2023-09-24,24-017,DET,,ATL,W 20-6,8.00,8.00,8.0,8.0,0,0.0,0,0.0,4,14.8,K,PattRi01
766,Riley Patterson,8.00,10,Sun,6,6,2023-10-15,24-038,DET,@,TAM,W 20-6,8.00,8.00,8.0,8.0,0,0.0,0,0.0,10,40.0,K,PattRi01
767,Riley Patterson,8.00,9,Sun,2,2,2022-09-18,23-011,JAX,,IND,W 24-0,8.00,8.00,8.0,8.0,0,0.0,0,0.0,9,45.0,K,PattRi01
768,Riley Patterson,8.00,10,Sun,11,12,2022-11-27,23-081,JAX,,BAL,W 28-27,8.00,8.00,8.0,8.0,0,0.0,0,0.0,10,37.0,K,PattRi01
769,Riley Patterson,8.00,9,Sat,17,18,2023-01-07,23-122,JAX,,TEN,W 20-16,8.00,8.00,8.0,8.0,0,0.0,0,0.0,9,37.5,K,PattRi01
770,Eddy Piñeiro,8.00,14,Sun,8,8,2022-10-30,27-047,CAR,@,ATL,L 34-37 (OT),8.00,8.00,9.0,9.0,0,0.0,0,0.0,14,40.0,K,PineEd00
771,Eddy Piñeiro,8.00,9,Sun,6,6,2024-10-13,29-030,CAR,,ATL,L 20-38,8.00,8.00,9.0,9.0,0,0.0,0,0.0,9,33.3,K,PineEd00
772,Eddy Piñeiro,8.00,13,Sun,17,18,2025-01-05,29-114,CAR,@,ATL,W 44-38 (OT),8.00,8.00,8.0,8.0,0,0.0,0,0.0,13,41.9,K,PineEd00
773,Matt Prater,8.00,7,Sun,4,4,2022-10-02,38-053,ARI,@,CAR,W 26-16,8.00,8.00,8.0,8.0,0,0.0,0,0.0,7,30.4,K,PratMa20
774,Matt Prater,8.00,4,Sun,8,8,2022-10-30,38-081,ARI,@,MIN,L 26-34,8.00,8.00,9.0,9.0,0,0.0,0,0.0,4,13.3,K,PratMa20
775,Matt Prater,8.00,11,Sun,2,2,2023-09-17,39-038,ARI,,NYG,L 28-31,8.00,8.00,9.0,9.0,0,0.0,0,0.0,11,39.3,K,PratMa20
776,Matt Prater,8.00,9,Sun,13,13,2023-12-03,39-115,ARI,@,PIT,W 24-10,8.00,8.00,8.0,8.0,0,0.0,0,0.0,9,37.5,K,PratMa20
777,Matt Prater,8.00,11,Sun,17,18,2024-01-07,39-150,ARI,,SEA,L 20-21,8.00,8.00,8.0,8.0,1,1.4,0,0.0,11,42.3,K,PratMa20
778,Matt Prater,8.00,10,Sun,1,1,2024-09-08,40-029,ARI,@,BUF,L 28-34,8.00,8.00,8.0,8.0,0,0.0,0,0.0,10,37.0,K,PratMa20
779,Will Reichard,8.00,9,Thu,7,8,2024-10-24,23-289,MIN,@,LAR,L 20-30,8.00,8.00,8.0,8.0,0,0.0,0,0.0,9,36.0,K,ReicWi00
780,Jason Sanders,8.00,9,Sun,1,1,2022-09-11,26-299,MIA,,NWE,W 20-7,8.00,8.00,10.0,10.0,0,0.0,0,0.0,9,47.4,K,SandJa00
781,Jason Sanders,8.00,10,Sun,15,16,2022-12-25,27-039,MIA,,GNB,L 20-26,8.00,8.00,9.0,9.0,0,0.0,0,0.0,10,38.5,K,SandJa00
782,Jason Sanders,8.00,6,Mon,4,4,2024-09-30,28-319,MIA,,TEN,L 12-31,8.00,8.00,9.0,9.0,0,0.0,0,0.0,6,19.4,K,SandJa00
783,Jason Sanders,8.00,8,Sun,14,15,2024-12-15,29-029,MIA,@,HOU,L 12-20,8.00,8.00,8.0,8.0,0,0.0,0,0.0,8,32.0,K,SandJa00
784,Jason Sanders,8.00,9,Sun,17,18,2025-01-05,29-050,MIA,@,NYJ,L 20-32,8.00,8.00,8.0,8.0,0,0.0,0,0.0,9,34.6,K,SandJa00
785,Cairo Santos,8.00,11,Sun,7,7,2023-10-22,31-344,CHI,,LVR,W 30-12,8.00,8.00,8.0,8.0,0,0.0,0,0.0,11,47.8,K,SantCa01
786,Cairo Santos,8.00,8,Sun,17,18,2025-01-05,33-054,CHI,@,GNB,W 24-22,8.00,8.00,8.0,8.0,0,0.0,0,0.0,8,29.6,K,SantCa01
787,Austin Seibert,8.00,13,Mon,3,3,2024-09-23,27-313,WAS,@,CIN,W 38-33,8.00,8.00,9.0,9.0,0,0.0,0,0.0,13,50.0,K,SeibAu00
788,Austin Seibert,8.00,11,Sun,12,12,2024-11-24,28-009,WAS,,DAL,L 26-34,8.00,8.00,9.0,9.0,0,0.0,0,0.0,11,28.9,K,SeibAu00
789,Joey Slye,8.00,11,Sun,13,13,2022-12-04,26-238,WAS,@,NYG,T 20-20 (OT),8.00,8.00,9.0,9.0,0,0.0,0,0.0,11,32.4,K,SlyeJo00
790,Joey Slye,8.00,7,Sun,14,15,2022-12-18,26-252,WAS,,NYG,L 12-20,8.00,8.00,9.0,9.0,0,0.0,0,0.0,7,28.0,K,SlyeJo00
791,Joey Slye,8.00,13,Sun,17,18,2023-01-08,26-273,WAS,,DAL,W 26-6,8.00,8.00,8.0,8.0,0,0.0,0,0.0,13,38.2,K,SlyeJo00
792,Joey Slye,8.00,8,Sun,1,1,2023-09-10,27-153,WAS,,ARI,W 20-16,8.00,8.00,8.0,8.0,0,0.0,0,0.0,8,28.6,K,SlyeJo00
793,Joey Slye,8.00,8,Thu,5,5,2023-10-05,27-178,WAS,,CHI,L 20-40,8.00,8.00,8.0,8.0,0,0.0,0,0.0,8,26.7,K,SlyeJo00
794,Joey Slye,8.00,9,Sun,9,9,2023-11-05,27-209,WAS,@,NWE,W 20-17,8.00,8.00,8.0,8.0,0,0.0,0,0.0,9,32.1,K,SlyeJo00
795,Joey Slye,8.00,11,Sun,10,10,2023-11-12,27-216,WAS,@,SEA,L 26-29,8.00,8.00,10.0,10.0,0,0.0,0,0.0,11,31.4,K,SlyeJo00
796,Joey Slye,8.00,10,Sun,2,2,2024-09-15,28-158,NWE,,SEA,L 20-23 (OT),8.00,8.00,8.0,8.0,0,0.0,0,0.0,10,32.3,K,SlyeJo00
797,Ryan Succop,8.00,4,Sun,2,2,2022-09-18,35-364,TAM,@,NOR,W 20-10,8.00,8.00,10.0,10.0,0,0.0,0,0.0,4,15.4,K,SuccRy44
798,Justin Tucker,8.00,10,Sun,6,6,2022-10-16,32-329,BAL,@,NYG,L 20-24,8.00,8.00,8.0,8.0,0,0.0,0,0.0,10,38.5,K,TuckJu00
799,Justin Tucker,8.00,13,Sun,7,7,2023-10-22,33-335,BAL,,DET,W 38-6,8.00,8.00,8.0,8.0,0,0.0,0,0.0,13,61.9,K,TuckJu00
800,Justin Tucker,8.00,10,Sun,12,12,2023-11-26,34-005,BAL,@,LAC,W 20-10,8.00,8.00,10.0,10.0,0,0.0,0,0.0,10,47.6,K,TuckJu00
801,Justin Tucker,8.00,17,Sun,16,17,2023-12-31,34-040,BAL,,MIA,W 56-19,8.00,8.00,8.0,8.0,0,0.0,0,0.0,17,56.7,K,TuckJu00
802,Justin Tucker,8.00,10,Thu,1,1,2024-09-05,34-289,BAL,@,KAN,L 20-27,8.00,8.00,8.0,8.0,0,0.0,0,0.0,10,38.5,K,TuckJu00
803,Matthew Wright,8.00,11,Sun,9,10,2022-11-13,26-236,PIT,,NOR,W 20-10,8.00,8.00,8.0,8.0,0,0.0,0,0.0,11,45.8,K,WrigMa00
804,Matthew Wright,8.00,11,Mon,5,5,2022-10-10,26-202,KAN,,LVR,W 30-29,8.00,8.00,8.0,8.0,0,0.0,0,0.0,11,39.3,K,WrigMa00
805,Cade York,8.00,9,Sun,15,16,2024-12-22,23-330,CIN,,CLE,W 24-6,8.00,8.00,8.0,8.0,0,0.0,0,0.0,9,42.9,K,YorkCa00
806,Cade York,8.00,9,Sun,4,4,2022-10-02,21-248,CLE,@,ATL,L 20-23,8.00,8.00,9.0,9.0,0,0.0,0,0.0,9,34.6,K,YorkCa00
807,Cade York,8.00,10,Sun,7,7,2022-10-23,21-269,CLE,@,BAL,L 20-23,8.00,8.00,9.0,9.0,0,0.0,0,0.0,10,37.0,K,YorkCa00
808,Cade York,8.00,11,Mon,8,8,2022-10-31,21-277,CLE,,CIN,W 32-13,8.00,8.00,8.0,8.0,0,0.0,0,0.0,11,47.8,K,YorkCa00
809,Greg Zuerlein,8.00,13,Sun,5,5,2022-10-09,34-286,NYJ,,MIA,W 40-17,8.00,8.00,8.0,8.0,0,0.0,0,0.0,13,44.8,K,ZuerGr00
810,Greg Zuerlein,8.00,9,Thu,16,17,2023-12-28,36-001,NYJ,@,CLE,L 20-37,8.00,8.00,10.0,10.0,0,0.0,0,0.0,9,30.0,K,ZuerGr00
811,Greg Zuerlein,8.00,10,Mon,6,6,2024-10-14,36-292,NYJ,,BUF,L 20-23,8.00,8.00,8.0,8.0,0,0.0,0,0.0,10,40.0,K,ZuerGr00
812,Brandon Aubrey,7.00,8,Sun,8,9,2023-11-05,28-236,DAL,@,PHI,L 23-28,7.00,7.00,7.0,7.0,0,0.0,0,0.0,8,33.3,K,AubrBr00
813,Brandon Aubrey,7.00,15,Sun,9,10,2023-11-12,28-243,DAL,,NYG,W 49-17,7.00,7.00,7.0,7.0,0,0.0,0,0.0,15,48.4,K,AubrBr00
814,Michael Badgley,7.00,5,Sun,9,10,2022-11-13,27-108,DET,@,CHI,W 31-30,7.00,7.00,7.0,7.0,0,0.0,0,0.0,5,17.2,K,BadgMi00
815,Michael Badgley,7.00,6,Sun,10,11,2022-11-20,27-115,DET,@,NYG,W 31-18,7.00,7.00,7.0,7.0,0,0.0,0,0.0,6,23.1,K,BadgMi00
816,Michael Badgley,7.00,4,Thu,11,12,2022-11-24,27-119,DET,,BUF,L 25-28,7.00,7.00,7.0,7.0,0,0.0,0,0.0,4,15.4,K,BadgMi00
817,Michael Badgley,7.00,4,Sat,16,17,2023-12-30,28-155,DET,@,DAL,L 19-20,7.00,7.00,8.0,8.0,0,0.0,0,0.0,4,15.4,K,BadgMi00
818,Tyler Bass,7.00,11,Thu,1,1,2022-09-08,25-206,BUF,@,LAR,W 31-10,7.00,7.00,8.0,8.0,0,0.0,0,0.0,11,57.9,K,BassTy00
819,Tyler Bass,7.00,8,Sun,8,9,2022-11-06,25-265,BUF,@,NYJ,L 17-20,7.00,7.00,7.0,7.0,0,0.0,0,0.0,8,34.8,K,BassTy00
820,Tyler Bass,7.00,11,Sun,14,15,2023-12-17,26-306,BUF,,DAL,W 31-10,7.00,7.00,7.0,7.0,0,0.0,0,0.0,11,45.8,K,BassTy00
821,Tyler Bass,7.00,12,Thu,2,2,2024-09-12,27-211,BUF,@,MIA,W 31-10,7.00,7.00,8.0,8.0,0,0.0,0,0.0,12,57.1,K,BassTy00
822,Tyler Bass,7.00,11,Sun,8,8,2024-10-27,27-256,BUF,@,SEA,W 31-10,7.00,7.00,7.0,7.0,0,0.0,0,0.0,11,47.8,K,BassTy00
823,Jake Bates,7.00,11,Sun,6,7,2024-10-20,25-231,DET,@,MIN,W 31-29,7.00,7.00,8.0,8.0,0,0.0,0,0.0,11,35.5,K,BateJa00
824,Jake Bates,7.00,10,Sun,17,18,2025-01-05,25-308,DET,,MIN,W 31-9,7.00,7.00,8.0,8.0,0,0.0,0,0.0,10,43.5,K,BateJa00
825,Chris Boswell,7.00,9,Sat,15,16,2022-12-24,31-283,PIT,,LVR,W 13-10,7.00,7.00,9.0,9.0,0,0.0,0,0.0,9,40.9,K,BoswCh00
826,Chris Boswell,7.00,9,Thu,11,12,2024-11-21,33-250,PIT,@,CLE,L 19-24,7.00,7.00,8.0,8.0,0,0.0,0,0.0,9,45.0,K,BoswCh00
827,Chris Boswell,7.00,7,Sun,14,15,2024-12-15,33-274,PIT,@,PHI,L 13-27,7.00,7.00,8.0,8.0,0,0.0,0,0.0,7,28.0,K,BoswCh00
828,Chris Boswell,7.00,6,Sat,15,16,2024-12-21,33-280,PIT,@,BAL,L 17-34,7.00,7.00,7.0,7.0,0,0.0,0,0.0,6,22.2,K,BoswCh00
829,Chris Boswell,7.00,7,Sat,17,18,2025-01-04,33-294,PIT,,CIN,L 17-19,7.00,7.00,7.0,7.0,0,0.0,0,0.0,7,26.9,K,BoswCh00
830,Randy Bullock,7.00,11,Sun,11,11,2023-11-19,33-338,NYG,@,WAS,W 31-19,7.00,7.00,7.0,7.0,0,0.0,0,0.0,11,37.9,K,BullRa00
831,Randy Bullock,7.00,6,Thu,16,17,2022-12-29,33-013,TEN,,DAL,L 13-27,7.00,7.00,7.0,7.0,0,0.0,0,0.0,6,24.0,K,BullRa00
832,Harrison Butker,7.00,10,Sat,17,18,2023-01-07,27-177,KAN,@,LVR,W 31-13,7.00,7.00,8.0,8.0,0,0.0,0,0.0,10,43.5,K,ButkHa00
833,Harrison Butker,7.00,11,Sun,7,7,2023-10-22,28-100,KAN,,LAC,W 31-17,7.00,7.00,7.0,7.0,0,0.0,0,0.0,11,42.3,K,ButkHa00
834,Harrison Butker,7.00,11,Sun,11,12,2023-11-26,28-135,KAN,@,LVR,W 31-17,7.00,7.00,7.0,7.0,0,0.0,0,0.0,11,42.3,K,ButkHa00
835,Harrison Butker,7.00,8,Sun,12,13,2023-12-03,28-142,KAN,@,GNB,L 19-27,7.00,7.00,7.0,7.0,0,0.0,0,0.0,8,36.4,K,ButkHa00
836,Harrison Butker,7.00,7,Sun,17,18,2024-01-07,28-177,KAN,@,LAC,W 13-12,7.00,7.00,8.0,8.0,0,0.0,0,0.0,7,25.9,K,ButkHa00
837,Anders Carlson,7.00,7,Mon,5,5,2023-10-09,25-115,GNB,@,LVR,L 13-17,7.00,7.00,7.0,7.0,0,0.0,0,0.0,7,29.2,K,CarlAn00
838,Anders Carlson,7.00,9,Sun,9,10,2023-11-12,25-149,GNB,@,PIT,L 19-23,7.00,7.00,7.0,7.0,0,0.0,0,0.0,9,31.0,K,CarlAn00
839,Daniel Carlson,7.00,7,Sun,11,11,2023-11-19,28-300,LVR,@,MIA,L 13-20,7.00,7.00,8.0,8.0,0,0.0,0,0.0,7,26.9,K,CarlDa00
840,Daniel Carlson,7.00,8,Sun,10,11,2024-11-17,29-299,LVR,@,MIA,L 19-34,7.00,7.00,7.0,7.0,0,0.0,0,0.0,8,34.8,K,CarlDa00
841,Daniel Carlson,7.00,7,Sun,13,14,2024-12-08,29-320,LVR,@,TAM,L 13-28,7.00,7.00,7.0,7.0,0,0.0,0,0.0,7,30.4,K,CarlDa00
842,Daniel Carlson,7.00,9,Sun,15,16,2024-12-22,29-334,LVR,,JAX,W 19-14,7.00,7.00,8.0,8.0,0,0.0,0,0.0,9,33.3,K,CarlDa00
843,Mason Crosby,7.00,8,Mon,15,16,2023-12-25,39-113,NYG,@,PHI,L 25-33,7.00,7.00,7.0,7.0,0,0.0,0,0.0,8,27.6,K,CrosMa20
844,Mason Crosby,7.00,11,Sun,16,17,2023-12-31,39-119,NYG,,LAR,L 25-26,7.00,7.00,7.0,7.0,0,0.0,0,0.0,11,36.7,K,CrosMa20
845,Mason Crosby,7.00,6,Sun,10,10,2022-11-13,38-071,GNB,,DAL,W 31-28 (OT),7.00,7.00,7.0,7.0,0,0.0,0,0.0,6,20.0,K,CrosMa20
846,Cameron Dicker,7.00,11,Sun,16,17,2023-01-01,22-240,LAC,,LAR,W 31-10,7.00,7.00,8.0,8.0,0,0.0,0,0.0,11,44.0,K,DickCa00
847,Cameron Dicker,7.00,7,Sun,6,7,2023-10-22,23-169,LAC,@,KAN,L 17-31,7.00,7.00,7.0,7.0,0,0.0,0,0.0,7,26.9,K,DickCa00
848,Jake Elliott,7.00,11,Sun,7,7,2023-10-22,28-274,PHI,,MIA,W 31-17,7.00,7.00,7.0,7.0,0,0.0,0,0.0,11,50.0,K,ElliJa03
849,Jake Elliott,7.00,8,Sun,12,13,2023-12-03,28-316,PHI,,SFO,L 19-42,7.00,7.00,7.0,7.0,0,0.0,0,0.0,8,30.8,K,ElliJa03
850,Jake Elliott,7.00,11,Sun,16,17,2023-12-31,28-344,PHI,,ARI,L 31-35,7.00,7.00,8.0,8.0,0,0.0,0,0.0,11,44.0,K,ElliJa03
851,Jake Elliott,7.00,3,Mon,2,2,2024-09-16,29-239,PHI,,ATL,L 21-22,7.00,7.00,7.0,7.0,0,0.0,0,0.0,3,13.6,K,ElliJa03
852,Ka'imi Fairbairn,7.00,8,Sat,15,16,2022-12-24,28-329,HOU,@,TEN,W 19-14,7.00,7.00,7.0,7.0,0,0.0,0,0.0,8,33.3,K,FairKa01
853,Ka'imi Fairbairn,7.00,9,Sat,17,18,2024-01-06,29-342,HOU,@,IND,W 23-19,7.00,7.00,7.0,7.0,0,0.0,0,0.0,9,30.0,K,FairKa01
854,Ka'imi Fairbairn,7.00,9,Sat,15,16,2024-12-21,30-327,HOU,@,KAN,L 19-27,7.00,7.00,7.0,7.0,0,0.0,0,0.0,9,37.5,K,FairKa01
855,Nick Folk,7.00,6,Sun,11,12,2023-11-26,39-021,TEN,,CAR,W 17-10,7.00,7.00,7.0,7.0,0,0.0,0,0.0,6,25.0,K,FolkNi20
856,Nick Folk,7.00,7,Sun,10,11,2024-11-17,40-012,TEN,,MIN,L 13-23,7.00,7.00,8.0,8.0,0,0.0,0,0.0,7,26.9,K,FolkNi20
857,Nick Folk,7.00,8,Sun,12,13,2024-12-01,40-026,TEN,@,WAS,L 19-42,7.00,7.00,9.0,9.0,0,0.0,0,0.0,8,28.6,K,FolkNi20
858,Graham Gano,7.00,7,Sun,8,8,2022-10-30,35-204,NYG,@,SEA,L 13-27,7.00,7.00,8.0,8.0,0,0.0,0,0.0,7,23.3,K,GanoGr44
859,Graham Gano,7.00,11,Sun,2,2,2023-09-17,36-161,NYG,@,ARI,W 31-28,7.00,7.00,7.0,7.0,0,0.0,0,0.0,11,39.3,K,GanoGr44
860,Matt Gay,7.00,11,Sun,2,2,2022-09-18,28-187,LAR,,ATL,W 31-27,7.00,7.00,7.0,7.0,0,0.0,0,0.0,11,47.8,K,GayxMa00
861,Matt Gay,7.00,7,Sun,8,9,2022-11-06,28-236,LAR,@,TAM,L 13-16,7.00,7.00,7.0,7.0,0,0.0,0,0.0,7,21.2,K,GayxMa00
862,Matt Gay,7.00,8,Thu,13,14,2022-12-08,28-268,LAR,,LVR,W 17-16,7.00,7.00,7.0,7.0,0,0.0,0,0.0,8,32.0,K,GayxMa00
863,Matt Gay,7.00,11,Sun,2,2,2023-09-17,29-186,IND,@,HOU,W 31-20,7.00,7.00,8.0,8.0,0,0.0,0,0.0,11,37.9,K,GayxMa00
864,Matt Gay,7.00,7,Sun,14,15,2024-12-15,30-275,IND,@,DEN,L 13-31,7.00,7.00,8.0,8.0,0,0.0,0,0.0,7,23.3,K,GayxMa00
865,Robbie Gould,7.00,11,Sun,8,8,2022-10-30,39-328,SFO,@,LAR,W 31-14,7.00,7.00,7.0,7.0,0,0.0,0,0.0,11,45.8,K,gouldrob01
866,Robbie Gould,7.00,7,Sun,11,12,2022-11-27,39-356,SFO,,NOR,W 13-0,7.00,7.00,8.0,8.0,0,0.0,0,0.0,7,41.2,K,gouldrob01
867,Blake Grupe,7.00,9,Sun,6,6,2023-10-15,24-344,NOR,@,HOU,L 13-20,7.00,7.00,9.0,9.0,0,0.0,0,0.0,9,34.6,K,GrupBl00
868,Lucas Havrisik,7.00,7,Sun,11,12,2023-11-26,24-058,LAR,@,ARI,W 37-14,7.00,7.00,7.0,7.0,0,0.0,0,0.0,7,25.0,K,HavrLu00
869,Dustin Hopkins,7.00,7,Sun,10,11,2023-11-19,33-049,CLE,,PIT,W 13-10,7.00,7.00,7.0,7.0,0,0.0,0,0.0,7,24.1,K,HopkDu00
870,Dustin Hopkins,7.00,9,Sun,12,13,2023-12-03,33-063,CLE,@,LAR,L 19-36,7.00,7.00,8.0,8.0,0,0.0,0,0.0,9,27.3,K,HopkDu00
871,Dustin Hopkins,7.00,8,Sun,1,1,2024-09-08,33-343,CLE,,DAL,L 17-33,7.00,7.00,7.0,7.0,0,0.0,0,0.0,8,22.2,K,HopkDu00
872,Greg Joseph,7.00,11,Sat,14,15,2022-12-17,28-135,MIN,,IND,W 39-36 (OT),7.00,7.00,8.0,8.0,0,0.0,0,0.0,11,25.6,K,JoseGr00
873,Joshua Karty,7.00,4,Sun,15,16,2024-12-22,22-290,LAR,@,NYJ,W 19-9,7.00,7.00,8.0,8.0,0,0.0,0,0.0,4,25.0,K,KartJo00
874,Younghoe Koo,7.00,4,Sun,12,12,2022-11-27,28-116,ATL,@,WAS,L 13-19,7.00,7.00,9.0,9.0,0,0.0,0,0.0,4,16.7,K,KooxYo00
875,Younghoe Koo,7.00,3,Sun,5,5,2023-10-08,29-066,ATL,,HOU,W 21-19,7.00,7.00,7.0,7.0,0,0.0,0,0.0,3,10.3,K,KooxYo00
876,Younghoe Koo,7.00,3,Sun,12,13,2023-12-03,29-122,ATL,@,NYJ,W 13-8,7.00,7.00,8.0,8.0,0,0.0,0,0.0,3,10.7,K,KooxYo00
877,Younghoe Koo,7.00,3,Sun,3,3,2024-09-22,30-050,ATL,,KAN,L 17-22,7.00,7.00,7.0,7.0,0,0.0,0,0.0,3,12.5,K,KooxYo00
878,Younghoe Koo,7.00,6,Sun,8,8,2024-10-27,30-085,ATL,@,TAM,W 31-26,7.00,7.00,7.0,7.0,0,0.0,0,0.0,6,22.2,K,KooxYo00
879,Younghoe Koo,7.00,4,Sun,12,13,2024-12-01,30-120,ATL,,LAC,L 13-17,7.00,7.00,8.0,8.0,0,0.0,0,0.0,4,18.2,K,KooxYo00
880,Younghoe Koo,7.00,3,Sun,13,14,2024-12-08,30-127,ATL,@,MIN,L 21-42,7.00,7.00,7.0,7.0,0,0.0,0,0.0,3,11.1,K,KooxYo00
881,Younghoe Koo,7.00,4,Mon,14,15,2024-12-16,30-135,ATL,@,LVR,W 15-9,7.00,7.00,9.0,9.0,0,0.0,0,0.0,4,16.0,K,KooxYo00
882,Cam Little,7.00,6,Sun,1,1,2024-09-08,21-022,JAX,@,MIA,L 17-20,7.00,7.00,7.0,7.0,0,0.0,0,0.0,6,24.0,K,LittCa00
883,Cam Little,7.00,8,Sun,2,2,2024-09-15,21-029,JAX,,CLE,L 13-18,7.00,7.00,7.0,7.0,0,0.0,0,0.0,8,29.6,K,LittCa00
884,Wil Lutz,7.00,8,Sun,5,5,2023-10-08,29-093,DEN,,NYJ,L 21-31,7.00,7.00,7.0,7.0,0,0.0,0,0.0,8,25.0,K,LutzWi00
885,Wil Lutz,7.00,12,Sun,14,15,2024-12-15,30-161,DEN,,IND,W 31-13,7.00,7.00,8.0,8.0,0,0.0,0,0.0,12,40.0,K,LutzWi00
886,Wil Lutz,7.00,9,Sun,4,4,2022-10-02,28-087,NOR,,MIN,L 25-28,7.00,7.00,7.0,7.0,0,0.0,0,0.0,9,29.0,K,LutzWi00
887,Wil Lutz,7.00,6,Mon,9,9,2022-11-07,28-123,NOR,,BAL,L 13-27,7.00,7.00,7.0,7.0,0,0.0,0,0.0,6,23.1,K,LutzWi00
888,Brett Maher,7.00,15,Sun,8,8,2022-10-30,32-343,DAL,,CHI,W 49-29,7.00,7.00,7.0,7.0,0,0.0,0,0.0,15,51.7,K,MaheBr01
889,Chase McLaughlin,7.00,9,Sun,10,10,2022-11-13,26-218,IND,@,LVR,W 25-20,7.00,7.00,9.0,9.0,0,0.0,0,0.0,9,39.1,K,McLaCh00
890,Chase McLaughlin,7.00,9,Mon,12,12,2022-11-28,26-233,IND,,PIT,L 17-24,7.00,7.00,7.0,7.0,0,0.0,0,0.0,9,34.6,K,McLaCh00
891,Chase McLaughlin,7.00,3,Sun,6,7,2023-10-22,27-196,TAM,,ATL,L 13-16,7.00,7.00,7.0,7.0,0,0.0,0,0.0,3,14.3,K,McLaCh00
892,Brandon McManus,7.00,11,Sun,17,18,2023-01-08,31-167,DEN,,LAC,W 31-28,7.00,7.00,7.0,7.0,0,0.0,0,0.0,11,35.5,K,McMaBr01
893,Brandon McManus,7.00,11,Thu,13,14,2024-12-05,33-133,GNB,@,DET,L 31-34,7.00,7.00,7.0,7.0,0,0.0,0,0.0,11,39.3,K,McMaBr01
894,Brandon McManus,7.00,11,Sun,1,1,2023-09-10,32-047,JAX,@,IND,W 31-21,7.00,7.00,8.0,8.0,0,0.0,0,0.0,11,39.3,K,McMaBr01
895,Brandon McManus,7.00,11,Thu,7,7,2023-10-19,32-086,JAX,@,NOR,W 31-24,7.00,7.00,8.0,8.0,0,0.0,0,0.0,11,34.4,K,McMaBr01
896,Brandon McManus,7.00,12,Mon,12,13,2023-12-04,32-132,JAX,,CIN,L 31-34 (OT),7.00,7.00,8.0,8.0,0,0.0,0,0.0,12,37.5,K,McMaBr01
897,Evan McPherson,7.00,7,Sun,6,6,2023-10-15,24-086,CIN,,SEA,W 17-13,7.00,7.00,7.0,7.0,0,0.0,0,0.0,7,30.4,K,McPhEv00
898,Evan McPherson,7.00,11,Sun,17,18,2024-01-07,24-170,CIN,,CLE,W 31-14,7.00,7.00,8.0,8.0,0,0.0,0,0.0,11,37.9,K,McPhEv00
899,Jake Moody,7.00,8,Mon,7,7,2023-10-23,23-334,SFO,@,MIN,L 17-22,7.00,7.00,7.0,7.0,0,0.0,0,0.0,8,36.4,K,MoodJa00
900,Jake Moody,7.00,11,Thu,11,12,2023-11-23,24-000,SFO,@,SEA,W 31-13,7.00,7.00,7.0,7.0,0,0.0,0,0.0,11,37.9,K,MoodJa00
901,Jason Myers,7.00,11,Sun,9,9,2022-11-06,31-178,SEA,@,ARI,W 31-21,7.00,7.00,8.0,8.0,0,0.0,0,0.0,11,40.7,K,MyerJa00
902,Jason Myers,7.00,8,Sun,1,1,2023-09-10,32-121,SEA,,LAR,L 13-30,7.00,7.00,8.0,8.0,0,0.0,0,0.0,8,28.6,K,MyerJa00
903,Jason Myers,7.00,13,Sun,2,2,2023-09-17,32-128,SEA,@,DET,W 37-31 (OT),7.00,7.00,7.0,7.0,0,0.0,0,0.0,13,46.4,K,MyerJa00
904,Jason Myers,7.00,7,Sun,17,18,2024-01-07,32-240,SEA,@,ARI,W 21-20,7.00,7.00,7.0,7.0,0,0.0,0,0.0,7,26.9,K,MyerJa00
905,Jason Myers,7.00,7,Sun,14,15,2024-12-15,33-217,SEA,,GNB,L 13-30,7.00,7.00,9.0,9.0,0,0.0,0,0.0,7,24.1,K,MyerJa00
906,Riley Patterson,7.00,13,Thu,16,17,2023-12-28,24-112,CLE,,NYJ,W 37-20,7.00,7.00,7.0,7.0,0,0.0,0,0.0,13,43.3,K,PattRi01
907,Riley Patterson,7.00,5,Sun,2,2,2023-09-17,24-010,DET,,SEA,L 31-37 (OT),7.00,7.00,7.0,7.0,0,0.0,0,0.0,5,17.9,K,PattRi01
908,Eddy Piñeiro,7.00,7,Sun,8,9,2023-11-05,28-053,CAR,,IND,L 13-27,7.00,7.00,8.0,8.0,0,0.0,0,0.0,7,25.0,K,PineEd00
909,Eddy Piñeiro,7.00,8,Thu,9,10,2023-11-09,28-057,CAR,@,CHI,L 13-16,7.00,7.00,7.0,7.0,0,0.0,0,0.0,8,28.6,K,PineEd00
910,Matt Prater,7.00,8,Mon,13,14,2022-12-12,38-124,ARI,,NWE,L 13-27,7.00,7.00,7.0,7.0,0,0.0,0,0.0,8,30.8,K,PratMa20
911,Matt Prater,7.00,6,Sun,3,3,2024-09-22,40-043,ARI,,DET,L 13-20,7.00,7.00,9.0,9.0,0,0.0,0,0.0,6,26.1,K,PratMa20
912,Will Reichard,7.00,11,Sun,4,4,2024-09-29,23-264,MIN,@,GNB,W 31-29,7.00,7.00,7.0,7.0,0,0.0,0,0.0,11,37.9,K,ReicWi00
913,Chad Ryland,7.00,7,Sun,6,6,2024-10-13,24-364,ARI,@,GNB,L 13-34,7.00,7.00,8.0,8.0,0,0.0,0,0.0,7,25.9,K,RylaCh00
914,Chad Ryland,7.00,10,Sun,10,10,2024-11-10,25-026,ARI,,NYJ,W 31-6,7.00,7.00,7.0,7.0,0,0.0,0,0.0,10,55.6,K,RylaCh00
915,Jason Sanders,7.00,11,Sun,8,8,2022-10-30,26-348,MIA,@,DET,W 31-27,7.00,7.00,8.0,8.0,0,0.0,0,0.0,11,44.0,K,SandJa00
916,Jason Sanders,7.00,7,Sun,13,14,2022-12-11,27-025,MIA,@,LAC,L 17-23,7.00,7.00,7.0,7.0,0,0.0,0,0.0,7,24.1,K,SandJa00
917,Jason Sanders,7.00,9,Sun,5,5,2023-10-08,27-326,MIA,,NYG,W 31-16,7.00,7.00,8.0,8.0,0,0.0,0,0.0,9,34.6,K,SandJa00
918,Jason Sanders,7.00,11,Sun,8,8,2023-10-29,27-347,MIA,,NWE,W 31-17,7.00,7.00,7.0,7.0,0,0.0,0,0.0,11,42.3,K,SandJa00
919,Jason Sanders,7.00,8,Sun,16,17,2023-12-31,28-045,MIA,@,BAL,L 19-56,7.00,7.00,7.0,7.0,0,0.0,0,0.0,8,26.7,K,SandJa00
920,Cairo Santos,7.00,5,Sun,13,13,2022-12-04,31-022,CHI,,GNB,L 19-28,7.00,7.00,8.0,8.0,0,0.0,0,0.0,5,20.8,K,SantCa01
921,Cairo Santos,7.00,3,Sat,15,16,2022-12-24,31-042,CHI,,BUF,L 13-35,7.00,7.00,7.0,7.0,0,0.0,0,0.0,3,12.0,K,SantCa01
922,Cairo Santos,7.00,7,Sun,2,2,2023-09-17,31-309,CHI,@,TAM,L 17-27,7.00,7.00,7.0,7.0,0,0.0,0,0.0,7,25.9,K,SantCa01
923,Cairo Santos,7.00,8,Sun,11,12,2024-11-24,33-012,CHI,,MIN,L 27-30 (OT),7.00,7.00,9.0,9.0,0,0.0,0,0.0,8,25.8,K,SantCa01
924,Nick Sciba,7.00,7,Sun,8,8,2022-10-30,23-028,PIT,@,PHI,L 13-35,7.00,7.00,7.0,7.0,0,0.0,0,0.0,7,25.9,K,ScibNi00
925,Joey Slye,7.00,8,Sun,9,9,2024-11-03,28-207,NWE,@,TEN,L 17-20 (OT),7.00,7.00,7.0,7.0,0,0.0,0,0.0,8,30.8,K,SlyeJo00
926,Joey Slye,7.00,8,Sun,14,15,2024-12-15,28-249,NWE,@,ARI,L 17-30,7.00,7.00,7.0,7.0,0,0.0,0,0.0,8,32.0,K,SlyeJo00
927,Joey Slye,7.00,7,Sun,5,5,2022-10-09,26-182,WAS,,TEN,L 17-21,7.00,7.00,7.0,7.0,0,0.0,0,0.0,7,25.0,K,SlyeJo00
928,Joey Slye,7.00,9,Sun,12,12,2022-11-27,26-231,WAS,,ATL,W 19-13,7.00,7.00,8.0,8.0,0,0.0,0,0.0,9,37.5,K,SlyeJo00
929,Joey Slye,7.00,10,Sun,4,4,2023-10-01,27-174,WAS,@,PHI,L 31-34 (OT),7.00,7.00,7.0,7.0,0,0.0,0,0.0,10,32.3,K,SlyeJo00
930,Joey Slye,7.00,9,Sun,11,11,2023-11-19,27-223,WAS,,NYG,L 19-31,7.00,7.00,8.0,8.0,0,0.0,0,0.0,9,31.0,K,SlyeJo00
931,Ryan Succop,7.00,5,Sun,4,4,2022-10-02,36-013,TAM,,KAN,L 31-41,7.00,7.00,8.0,8.0,0,0.0,0,0.0,5,16.7,K,SuccRy44
932,Ryan Succop,7.00,3,Sun,5,5,2022-10-09,36-020,TAM,,ATL,W 21-15,7.00,7.00,8.0,8.0,0,0.0,0,0.0,3,13.6,K,SuccRy44
933,Justin Tucker,7.00,6,Sun,10,11,2022-11-20,32-364,BAL,,CAR,W 13-3,7.00,7.00,7.0,7.0,0,0.0,0,0.0,6,26.1,K,TuckJu00
934,Justin Tucker,7.00,9,Sun,3,3,2023-09-24,33-307,BAL,,IND,L 19-22 (OT),7.00,7.00,7.0,7.0,0,0.0,0,0.0,9,25.0,K,TuckJu00
935,Justin Tucker,7.00,12,Sun,8,8,2023-10-29,33-342,BAL,@,ARI,W 31-24,7.00,7.00,8.0,8.0,0,0.0,0,0.0,12,42.9,K,TuckJu00
936,Justin Tucker,7.00,12,Sun,10,10,2023-11-12,33-356,BAL,,CLE,L 31-33,7.00,7.00,7.0,7.0,0,0.0,0,0.0,12,38.7,K,TuckJu00
937,Matthew Wright,7.00,6,Sun,16,17,2024-12-29,28-282,TEN,@,JAX,L 13-20,7.00,7.00,7.0,7.0,0,0.0,0,0.0,6,28.6,K,WrigMa00
938,Cade York,7.00,13,Sun,14,15,2024-12-15,23-323,CIN,@,TEN,W 37-27,7.00,7.00,7.0,7.0,0,0.0,0,0.0,13,59.1,K,YorkCa00
939,Cade York,7.00,9,Sun,11,12,2022-11-27,21-304,CLE,,TAM,W 23-17 (OT),7.00,7.00,7.0,7.0,0,0.0,0,0.0,9,29.0,K,YorkCa00
940,Cade York,7.00,9,Sat,14,15,2022-12-17,21-324,CLE,,BAL,W 13-3,7.00,7.00,8.0,8.0,0,0.0,0,0.0,9,50.0,K,YorkCa00
941,Greg Zuerlein,7.00,6,Sun,7,8,2023-10-29,35-306,NYJ,@,NYG,W 13-10 (OT),7.00,7.00,7.0,7.0,0,0.0,0,0.0,6,16.2,K,ZuerGr00
942,Brandon Aubrey,6.00,5,Sun,5,5,2023-10-08,28-208,DAL,@,SFO,L 10-42,6.00,6.00,6.0,6.0,0,0.0,0,0.0,5,18.5,K,AubrBr00
943,Brandon Aubrey,6.00,9,Sun,7,8,2024-10-27,29-227,DAL,@,SFO,L 24-30,6.00,6.00,6.0,6.0,0,0.0,0,0.0,9,30.0,K,AubrBr00
944,Brandon Aubrey,6.00,5,Sun,9,10,2024-11-10,29-241,DAL,,PHI,L 6-34,6.00,6.00,7.0,7.0,0,0.0,0,0.0,5,17.9,K,AubrBr00
945,Brandon Aubrey,6.00,7,Mon,10,11,2024-11-18,29-249,DAL,,HOU,L 10-34,6.00,6.00,6.0,6.0,0,0.0,0,0.0,7,25.9,K,AubrBr00
946,Michael Badgley,6.00,6,Sat,14,15,2023-12-16,28-141,DET,,DEN,W 42-17,6.00,6.00,6.0,6.0,0,0.0,0,0.0,6,20.7,K,BadgMi00
947,Michael Badgley,6.00,5,Sun,15,16,2023-12-24,28-149,DET,@,MIN,W 30-24,6.00,6.00,6.0,6.0,0,0.0,0,0.0,5,19.2,K,BadgMi00
948,Michael Badgley,6.00,5,Sun,17,18,2024-01-07,28-163,DET,,MIN,W 30-20,6.00,6.00,6.0,6.0,0,0.0,0,0.0,5,17.9,K,BadgMi00
949,Tyler Bass,6.00,9,Sun,6,6,2022-10-16,25-244,BUF,@,KAN,W 24-20,6.00,6.00,6.0,6.0,0,0.0,0,0.0,9,39.1,K,BassTy00
950,Tyler Bass,6.00,9,Thu,12,13,2022-12-01,25-290,BUF,@,NWE,W 24-10,6.00,6.00,7.0,7.0,0,0.0,0,0.0,9,37.5,K,BassTy00
951,Tyler Bass,6.00,8,Sat,14,15,2022-12-17,25-306,BUF,,MIA,W 32-29,6.00,6.00,6.0,6.0,0,0.0,0,0.0,8,26.7,K,BassTy00
952,Tyler Bass,6.00,9,Thu,8,8,2023-10-26,26-254,BUF,,TAM,W 24-18,6.00,6.00,6.0,6.0,0,0.0,0,0.0,9,34.6,K,BassTy00
953,Tyler Bass,6.00,9,Sat,15,16,2023-12-23,26-312,BUF,@,LAC,W 24-22,6.00,6.00,6.0,6.0,0,0.0,0,0.0,9,30.0,K,BassTy00
954,Tyler Bass,6.00,6,Sun,4,4,2024-09-29,27-228,BUF,@,BAL,L 10-35,6.00,6.00,6.0,6.0,0,0.0,0,0.0,6,22.2,K,BassTy00
955,Tyler Bass,6.00,10,Sun,11,11,2024-11-17,27-277,BUF,,KAN,W 30-21,6.00,6.00,6.0,6.0,0,0.0,0,0.0,10,41.7,K,BassTy00
956,Tyler Bass,6.00,13,Sun,13,14,2024-12-08,27-298,BUF,@,LAR,L 42-44,6.00,6.00,6.0,6.0,0,0.0,0,0.0,13,39.4,K,BassTy00
957,Jake Bates,6.00,14,Mon,4,4,2024-09-30,25-211,DET,,SEA,W 42-29,6.00,6.00,6.0,6.0,0,0.0,0,0.0,14,48.3,K,BateJa00
958,Jake Bates,6.00,9,Sun,8,9,2024-11-03,25-245,DET,@,GNB,W 24-14,6.00,6.00,6.0,6.0,0,0.0,0,0.0,9,40.9,K,BateJa00
959,Jake Bates,6.00,14,Sun,14,15,2024-12-15,25-287,DET,,BUF,L 42-48,6.00,6.00,6.0,6.0,0,0.0,0,0.0,14,38.9,K,BateJa00
960,Chris Boswell,6.00,5,Sun,4,4,2023-10-01,32-199,PIT,@,HOU,L 6-30,6.00,6.00,6.0,6.0,0,0.0,0,0.0,5,20.0,K,BoswCh00
961,Chris Boswell,6.00,6,Thu,13,14,2023-12-07,32-266,PIT,,NWE,L 18-21,6.00,6.00,6.0,6.0,0,0.0,0,0.0,6,21.4,K,BoswCh00
962,Randy Bullock,6.00,9,Mon,13,14,2023-12-11,33-360,NYG,,GNB,W 24-22,6.00,6.00,6.0,6.0,0,0.0,0,0.0,9,33.3,K,BullRa00
963,Randy Bullock,6.00,8,Sun,3,3,2022-09-25,32-283,TEN,,LVR,W 24-22,6.00,6.00,7.0,7.0,0,0.0,0,0.0,8,33.3,K,BullRa00
964,Randy Bullock,6.00,9,Sun,4,4,2022-10-02,32-290,TEN,@,IND,W 24-17,6.00,6.00,7.0,7.0,0,0.0,0,0.0,9,39.1,K,BullRa00
965,Harrison Butker,6.00,14,Sun,7,7,2022-10-23,27-101,KAN,@,SFO,W 44-23,6.00,6.00,6.0,6.0,0,0.0,0,0.0,14,50.0,K,ButkHa00
966,Harrison Butker,6.00,9,Sun,8,9,2022-11-06,27-115,KAN,,TEN,W 20-17 (OT),6.00,6.00,6.0,6.0,0,0.0,0,0.0,9,29.0,K,ButkHa00
967,Harrison Butker,6.00,10,Sun,12,13,2022-12-04,27-143,KAN,@,CIN,L 24-27,6.00,6.00,6.0,6.0,0,0.0,0,0.0,10,43.5,K,ButkHa00
968,Harrison Butker,6.00,9,Sat,15,16,2022-12-24,27-163,KAN,,SEA,W 24-10,6.00,6.00,7.0,7.0,0,0.0,0,0.0,9,37.5,K,ButkHa00
969,Harrison Butker,6.00,9,Mon,8,9,2024-11-04,29-113,KAN,,TAM,W 30-24 (OT),6.00,6.00,7.0,7.0,0,0.0,0,0.0,9,32.1,K,ButkHa00
970,Anders Carlson,6.00,9,Sun,2,2,2023-09-17,25-093,GNB,@,ATL,L 24-25,6.00,6.00,6.0,6.0,0,0.0,0,0.0,9,33.3,K,CarlAn00
971,Anders Carlson,6.00,11,Sun,14,15,2024-12-15,26-182,NYJ,@,JAX,W 32-25,6.00,6.00,7.0,7.0,0,0.0,0,0.0,11,39.3,K,CarlAn00
972,Daniel Carlson,6.00,9,Sun,14,15,2022-12-18,27-329,LVR,,NWE,W 30-24,6.00,6.00,7.0,7.0,0,0.0,0,0.0,9,28.1,K,CarlDa00
973,Daniel Carlson,6.00,7,Sun,7,7,2023-10-22,28-272,LVR,@,CHI,L 12-30,6.00,6.00,7.0,7.0,0,0.0,0,0.0,7,30.4,K,CarlDa00
974,Daniel Carlson,6.00,8,Mon,15,16,2023-12-25,28-336,LVR,@,KAN,W 20-14,6.00,6.00,6.0,6.0,0,0.0,0,0.0,8,32.0,K,CarlDa00
975,Daniel Carlson,6.00,9,Sun,9,9,2024-11-03,29-285,LVR,@,CIN,L 24-41,6.00,6.00,7.0,7.0,0,0.0,0,0.0,9,28.1,K,CarlDa00
976,Mason Crosby,6.00,9,Mon,14,15,2022-12-19,38-107,GNB,,LAR,W 24-12,6.00,6.00,6.0,6.0,0,0.0,0,0.0,9,42.9,K,CrosMa20
977,Cameron Dicker,6.00,9,Sun,4,4,2023-10-01,23-148,LAC,,LVR,W 24-17,6.00,6.00,6.0,6.0,0,0.0,0,0.0,9,36.0,K,DickCa00
978,Cameron Dicker,6.00,5,Sun,12,13,2023-12-03,23-211,LAC,@,NWE,W 6-0,6.00,6.00,6.0,6.0,0,0.0,0,0.0,5,23.8,K,DickCa00
979,Cameron Dicker,6.00,6,Sun,4,4,2024-09-29,24-146,LAC,,KAN,L 10-17,6.00,6.00,6.0,6.0,0,0.0,0,0.0,6,25.0,K,DickCa00
980,Jake Elliott,6.00,9,Mon,2,2,2022-09-19,27-241,PHI,,MIN,W 24-7,6.00,6.00,6.0,6.0,0,0.0,0,0.0,9,42.9,K,ElliJa03
981,Jake Elliott,6.00,8,Sun,3,3,2022-09-25,27-247,PHI,@,WAS,W 24-8,6.00,6.00,6.0,6.0,0,0.0,0,0.0,8,30.8,K,ElliJa03
982,Jake Elliott,6.00,5,Sun,16,17,2023-01-01,27-345,PHI,,NOR,L 10-20,6.00,6.00,6.0,6.0,0,0.0,0,0.0,5,19.2,K,ElliJa03
983,Jake Elliott,6.00,5,Sun,12,13,2024-12-01,29-315,PHI,@,BAL,W 24-19,6.00,6.00,6.0,6.0,0,0.0,0,0.0,5,15.2,K,ElliJa03
984,Ka'imi Fairbairn,6.00,10,Sun,4,4,2022-10-02,28-246,HOU,,LAC,L 24-34,6.00,6.00,7.0,7.0,0,0.0,0,0.0,10,34.5,K,FairKa01
985,Ka'imi Fairbairn,6.00,6,Sun,12,13,2022-12-04,28-309,HOU,,CLE,L 14-27,6.00,6.00,7.0,7.0,0,0.0,0,0.0,6,19.4,K,FairKa01
986,Ka'imi Fairbairn,6.00,10,Sun,14,15,2022-12-18,28-323,HOU,,KAN,L 24-30 (OT),6.00,6.00,6.0,6.0,0,0.0,0,0.0,10,35.7,K,FairKa01
987,Ka'imi Fairbairn,6.00,10,Sun,17,18,2023-01-08,28-344,HOU,@,IND,W 32-31,6.00,6.00,6.0,6.0,0,0.0,0,0.0,10,37.0,K,FairKa01
988,Ka'imi Fairbairn,6.00,4,Sun,8,9,2023-11-05,29-280,HOU,,TAM,W 39-37,6.00,6.00,6.0,6.0,0,0.0,0,0.0,4,12.1,K,FairKa01
989,Ka'imi Fairbairn,6.00,9,Sun,4,4,2024-09-29,30-244,HOU,,JAX,W 24-20,6.00,6.00,6.0,6.0,0,0.0,0,0.0,9,31.0,K,FairKa01
990,Nick Folk,6.00,5,Sun,4,4,2022-10-02,37-331,NWE,@,GNB,L 24-27 (OT),6.00,6.00,6.0,6.0,0,0.0,0,0.0,5,15.6,K,FolkNi20
991,Nick Folk,6.00,6,Sun,9,10,2023-11-12,39-007,TEN,@,TAM,L 6-20,6.00,6.00,6.0,6.0,0,0.0,0,0.0,6,26.1,K,FolkNi20
992,Nick Folk,6.00,5,Sun,13,14,2024-12-08,40-033,TEN,,JAX,L 6-10,6.00,6.00,7.0,7.0,0,0.0,0,0.0,5,27.8,K,FolkNi20
993,Graham Gano,6.00,9,Sun,6,6,2022-10-16,35-190,NYG,,BAL,W 24-20,6.00,6.00,6.0,6.0,0,0.0,0,0.0,9,34.6,K,GanoGr44
994,Graham Gano,6.00,9,Sun,9,10,2022-11-13,35-218,NYG,,HOU,W 24-16,6.00,6.00,7.0,7.0,0,0.0,0,0.0,9,30.0,K,GanoGr44
995,Matt Gay,6.00,4,Thu,1,1,2022-09-08,28-177,LAR,,BUF,L 10-31,6.00,6.00,6.0,6.0,0,0.0,0,0.0,4,21.1,K,GayxMa00
996,Matt Gay,6.00,9,Sun,6,6,2022-10-16,28-215,LAR,,CAR,W 24-10,6.00,6.00,6.0,6.0,0,0.0,0,0.0,9,34.6,K,GayxMa00
997,Matt Gay,6.00,6,Sun,10,10,2023-11-12,29-242,IND,@,NWE,W 10-6,6.00,6.00,6.0,6.0,0,0.0,0,0.0,6,28.6,K,GayxMa00
998,Matt Gay,6.00,5,Sun,12,12,2024-11-24,30-254,IND,,DET,L 6-24,6.00,6.00,6.0,6.0,0,0.0,0,0.0,5,20.8,K,GayxMa00
999,Zane Gonzalez,6.00,15,Sun,13,13,2024-12-01,29-208,WAS,,TEN,W 42-19,6.00,6.00,6.0,6.0,0,0.0,0,0.0,15,53.6,K,GonzZa00
1000,Zane Gonzalez,6.00,9,Sun,16,17,2024-12-29,29-236,WAS,,ATL,W 30-24 (OT),6.00,6.00,6.0,6.0,0,0.0,0,0.0,9,33.3,K,GonzZa00
1001,Robbie Gould,6.00,5,Sun,3,3,2022-09-25,39-293,SFO,@,DEN,L 10-11,6.00,6.00,6.0,6.0,0,0.0,0,0.0,5,17.9,K,gouldrob01
1002,Robbie Gould,6.00,10,Mon,4,4,2022-10-03,39-301,SFO,,LAR,W 24-9,6.00,6.00,6.0,6.0,0,0.0,0,0.0,10,40.0,K,gouldrob01
1003,Robbie Gould,6.00,10,Sun,5,5,2022-10-09,39-307,SFO,@,CAR,W 37-15,6.00,6.00,7.0,7.0,0,0.0,0,0.0,10,35.7,K,gouldrob01
1004,Blake Grupe,6.00,6,Sun,3,3,2024-09-22,25-322,NOR,,PHI,L 12-15,6.00,6.00,6.0,6.0,0,0.0,0,0.0,6,35.3,K,GrupBl00
1005,Blake Grupe,6.00,9,Sun,4,4,2024-09-29,25-329,NOR,@,ATL,L 24-26,6.00,6.00,7.0,7.0,0,0.0,0,0.0,9,32.1,K,GrupBl00
1006,Blake Grupe,6.00,6,Sun,8,8,2024-10-27,25-357,NOR,@,LAC,L 8-26,6.00,6.00,8.0,8.0,0,0.0,0,0.0,6,17.6,K,GrupBl00
1007,Lucas Havrisik,6.00,3,Sun,8,8,2023-10-29,24-030,LAR,@,DAL,L 20-43,6.00,6.00,7.0,7.0,0,0.0,0,0.0,3,10.0,K,HavrLu00
1008,Dustin Hopkins,6.00,10,Sun,1,1,2022-09-11,31-345,LAC,,LVR,W 24-19,6.00,6.00,7.0,7.0,0,0.0,0,0.0,10,41.7,K,HopkDu00
1009,Dustin Hopkins,6.00,9,Thu,2,2,2022-09-15,31-349,LAC,@,KAN,L 24-27,6.00,6.00,6.0,6.0,0,0.0,0,0.0,9,28.1,K,HopkDu00
1010,Dustin Hopkins,6.00,6,Sun,11,12,2023-11-26,33-056,CLE,@,DEN,L 12-29,6.00,6.00,6.0,6.0,0,0.0,0,0.0,6,23.1,K,HopkDu00
1011,Dustin Hopkins,6.00,7,Sun,4,4,2024-09-29,33-364,CLE,@,LVR,L 16-20,6.00,6.00,6.0,6.0,0,0.0,0,0.0,7,26.9,K,HopkDu00
1012,Dustin Hopkins,6.00,11,Mon,12,13,2024-12-02,34-062,CLE,@,DEN,L 32-41,6.00,6.00,7.0,7.0,0,0.0,0,0.0,11,29.7,K,HopkDu00
1013,Greg Joseph,6.00,9,Sun,3,3,2023-09-24,29-051,MIN,,LAC,L 24-28,6.00,6.00,6.0,6.0,0,0.0,0,0.0,9,36.0,K,JoseGr00
1014,Greg Joseph,6.00,11,Sun,8,8,2023-10-29,29-086,MIN,@,GNB,W 24-10,6.00,6.00,6.0,6.0,0,0.0,0,0.0,11,47.8,K,JoseGr00
1015,Greg Joseph,6.00,10,Sat,14,15,2023-12-16,29-134,MIN,@,CIN,L 24-27 (OT),6.00,6.00,6.0,6.0,0,0.0,0,0.0,10,37.0,K,JoseGr00
1016,Greg Joseph,6.00,9,Sun,15,16,2023-12-24,29-142,MIN,,DET,L 24-30,6.00,6.00,6.0,6.0,0,0.0,0,0.0,9,34.6,K,JoseGr00
1017,Greg Joseph,6.00,5,Sun,16,17,2023-12-31,29-149,MIN,,GNB,L 10-33,6.00,6.00,6.0,6.0,0,0.0,0,0.0,5,20.8,K,JoseGr00
1018,Greg Joseph,6.00,10,Sun,17,18,2025-01-05,30-154,NYJ,,MIA,W 32-20,6.00,6.00,6.0,6.0,0,0.0,0,0.0,10,38.5,K,JoseGr00
1019,Younghoe Koo,6.00,4,Sun,1,1,2023-09-10,29-038,ATL,,CAR,W 24-10,6.00,6.00,7.0,7.0,0,0.0,0,0.0,4,15.4,K,KooxYo00
1020,Younghoe Koo,6.00,3,Sun,3,3,2023-09-24,29-052,ATL,@,DET,L 6-20,6.00,6.00,7.0,7.0,0,0.0,0,0.0,3,11.1,K,KooxYo00
1021,Younghoe Koo,6.00,4,Sun,11,12,2023-11-26,29-115,ATL,,NOR,W 24-15,6.00,6.00,6.0,6.0,0,0.0,0,0.0,4,16.7,K,KooxYo00
1022,Cam Little,6.00,10,Sun,7,7,2024-10-20,21-064,JAX,,NWE,W 32-16,6.00,6.00,6.0,6.0,0,0.0,0,0.0,10,45.5,K,LittCa00
1023,Cam Little,6.00,8,Sun,12,13,2024-12-01,21-106,JAX,,HOU,L 20-23,6.00,6.00,6.0,6.0,0,0.0,0,0.0,8,29.6,K,LittCa00
1024,Wil Lutz,6.00,10,Sun,8,8,2023-10-29,29-114,DEN,,KAN,W 24-9,6.00,6.00,6.0,6.0,0,0.0,0,0.0,10,45.5,K,LutzWi00
1025,Wil Lutz,6.00,9,Sun,13,14,2023-12-10,29-156,DEN,@,LAC,W 24-7,6.00,6.00,6.0,6.0,0,0.0,0,0.0,9,37.5,K,LutzWi00
1026,Wil Lutz,6.00,5,Sun,2,2,2024-09-15,30-070,DEN,,PIT,L 6-13,6.00,6.00,6.0,6.0,0,0.0,0,0.0,5,20.0,K,LutzWi00
1027,Wil Lutz,6.00,10,Sat,16,17,2024-12-28,30-174,DEN,@,CIN,L 24-30 (OT),6.00,6.00,6.0,6.0,0,0.0,0,0.0,10,40.0,K,LutzWi00
1028,Wil Lutz,6.00,10,Sun,8,8,2022-10-30,28-115,NOR,,LVR,W 24-0,6.00,6.00,6.0,6.0,0,0.0,0,0.0,10,52.6,K,LutzWi00
1029,Brett Maher,6.00,9,Sun,7,7,2022-10-23,32-336,DAL,,DET,W 24-6,6.00,6.00,6.0,6.0,0,0.0,0,0.0,9,40.9,K,MaheBr01
1030,Brett Maher,6.00,16,Sun,12,13,2022-12-04,33-013,DAL,,IND,W 54-19,6.00,6.00,6.0,6.0,0,0.0,0,0.0,16,51.6,K,MaheBr01
1031,Chase McLaughlin,6.00,5,Sun,7,7,2022-10-23,26-197,IND,@,TEN,L 10-19,6.00,6.00,6.0,6.0,0,0.0,0,0.0,5,20.8,K,McLaCh00
1032,Chase McLaughlin,6.00,2,Sun,5,6,2023-10-15,27-189,TAM,,DET,L 6-20,6.00,6.00,6.0,6.0,0,0.0,0,0.0,2,8.0,K,McLaCh00
1033,Chase McLaughlin,6.00,3,Thu,7,8,2023-10-26,27-200,TAM,@,BUF,L 18-24,6.00,6.00,6.0,6.0,0,0.0,0,0.0,3,11.5,K,McLaCh00
1034,Chase McLaughlin,6.00,4,Mon,9,9,2024-11-04,28-209,TAM,@,KAN,L 24-30 (OT),6.00,6.00,7.0,7.0,0,0.0,0,0.0,4,14.3,K,McLaCh00
1035,Chase McLaughlin,6.00,5,Sun,11,12,2024-11-24,28-229,TAM,@,NYG,W 30-7,6.00,6.00,6.0,6.0,0,0.0,0,0.0,5,25.0,K,McLaCh00
1036,Chase McLaughlin,6.00,9,Sun,15,16,2024-12-22,28-257,TAM,@,DAL,L 24-26,6.00,6.00,7.0,7.0,0,0.0,0,0.0,9,30.0,K,McLaCh00
1037,Brandon McManus,6.00,9,Sun,16,17,2023-01-01,31-160,DEN,@,KAN,L 24-27,6.00,6.00,7.0,7.0,0,0.0,0,0.0,9,31.0,K,McMaBr01
1038,Brandon McManus,6.00,8,Sun,7,7,2024-10-20,33-087,GNB,,HOU,W 24-22,6.00,6.00,7.0,7.0,0,0.0,0,0.0,8,27.6,K,McMaBr01
1039,Brandon McManus,6.00,7,Sun,9,9,2024-11-03,33-101,GNB,,DET,L 14-24,6.00,6.00,6.0,6.0,0,0.0,0,0.0,7,31.8,K,McMaBr01
1040,Evan McPherson,6.00,14,Sun,9,9,2022-11-06,23-108,CIN,,CAR,W 42-21,6.00,6.00,6.0,6.0,0,0.0,0,0.0,14,48.3,K,McPhEv00
1041,Evan McPherson,6.00,9,Sun,2,2,2023-09-17,24-058,CIN,,BAL,L 24-27,6.00,6.00,6.0,6.0,0,0.0,0,0.0,9,36.0,K,McPhEv00
1042,Evan McPherson,6.00,9,Sun,8,9,2023-11-05,24-107,CIN,,BUF,W 24-18,6.00,6.00,6.0,6.0,0,0.0,0,0.0,9,42.9,K,McPhEv00
1043,Evan McPherson,6.00,5,Sun,1,1,2024-09-08,25-049,CIN,,NWE,L 10-16,6.00,6.00,6.0,6.0,0,0.0,0,0.0,5,23.8,K,McPhEv00
1044,Jake Moody,6.00,13,Sun,5,5,2023-10-08,23-319,SFO,,DAL,W 42-10,6.00,6.00,6.0,6.0,0,0.0,0,0.0,13,48.1,K,MoodJa00
1045,Jake Moody,6.00,13,Sun,12,13,2023-12-03,24-010,SFO,@,PHI,W 42-19,6.00,6.00,6.0,6.0,0,0.0,0,0.0,13,50.0,K,MoodJa00
1046,Jake Moody,6.00,10,Sun,3,3,2024-09-22,24-304,SFO,@,LAR,L 24-27,6.00,6.00,6.0,6.0,0,0.0,0,0.0,10,37.0,K,MoodJa00
1047,Jason Myers,6.00,6,Sun,10,10,2022-11-13,31-185,SEA,@,TAM,L 16-21,6.00,6.00,6.0,6.0,0,0.0,0,0.0,6,28.6,K,MyerJa00
1048,Jason Myers,6.00,9,Sun,13,14,2022-12-11,31-213,SEA,,CAR,L 24-30,6.00,6.00,6.0,6.0,0,0.0,0,0.0,9,32.1,K,MyerJa00
1049,Jason Myers,6.00,10,Mon,4,4,2023-10-02,32-143,SEA,@,NYG,W 24-3,6.00,6.00,6.0,6.0,0,0.0,0,0.0,10,43.5,K,MyerJa00
1050,Jason Myers,6.00,9,Sun,7,8,2023-10-29,32-170,SEA,,CLE,W 24-20,6.00,6.00,6.0,6.0,0,0.0,0,0.0,9,34.6,K,MyerJa00
1051,Jason Myers,6.00,8,Thu,6,6,2024-10-10,33-151,SEA,,SFO,L 24-36,6.00,6.00,6.0,6.0,0,0.0,0,0.0,8,26.7,K,MyerJa00
1052,Jason Myers,6.00,7,Sun,11,12,2024-11-24,33-196,SEA,,ARI,W 16-6,6.00,6.00,6.0,6.0,0,0.0,0,0.0,7,29.2,K,MyerJa00
1053,Jason Myers,6.00,10,Sun,15,16,2024-12-22,33-224,SEA,,MIN,L 24-27,6.00,6.00,7.0,7.0,0,0.0,0,0.0,10,30.3,K,MyerJa00
1054,Brayden Narveson,6.00,8,Sun,5,5,2024-10-06,25-008,GNB,@,LAR,W 24-19,6.00,6.00,7.0,7.0,0,0.0,0,0.0,8,36.4,K,NarvBr00
1055,Riley Patterson,6.00,6,Sun,16,17,2024-12-29,25-113,ATL,@,WAS,L 24-30 (OT),6.00,6.00,6.0,6.0,0,0.0,0,0.0,6,22.2,K,PattRi01
1056,Riley Patterson,6.00,6,Sun,5,5,2023-10-08,24-031,DET,,CAR,W 42-24,6.00,6.00,6.0,6.0,0,0.0,0,0.0,6,22.2,K,PattRi01
1057,Riley Patterson,6.00,5,Sun,5,5,2022-10-09,23-032,JAX,,HOU,L 6-13,6.00,6.00,7.0,7.0,0,0.0,0,0.0,5,23.8,K,PattRi01
1058,Riley Patterson,6.00,6,Sun,12,13,2022-12-04,23-088,JAX,@,DET,L 14-40,6.00,6.00,7.0,7.0,0,0.0,0,0.0,6,23.1,K,PattRi01
1059,Eddy Piñeiro,6.00,9,Sun,1,1,2022-09-11,26-363,CAR,,CLE,L 24-26,6.00,6.00,6.0,6.0,0,0.0,0,0.0,9,28.1,K,PineEd00
1060,Eddy Piñeiro,6.00,5,Sun,4,4,2022-10-02,27-019,CAR,,ARI,L 16-26,6.00,6.00,6.0,6.0,0,0.0,0,0.0,5,21.7,K,PineEd00
1061,Eddy Piñeiro,6.00,8,Sun,16,17,2023-01-01,27-110,CAR,@,TAM,L 24-30,6.00,6.00,7.0,7.0,0,0.0,0,0.0,8,25.8,K,PineEd00
1062,Eddy Piñeiro,6.00,9,Sun,5,5,2023-10-08,28-025,CAR,@,DET,L 24-42,6.00,6.00,6.0,6.0,0,0.0,0,0.0,9,33.3,K,PineEd00
1063,Eddy Piñeiro,6.00,5,Sun,11,12,2023-11-26,28-074,CAR,@,TEN,L 10-17,6.00,6.00,6.0,6.0,0,0.0,0,0.0,5,20.8,K,PineEd00
1064,Eddy Piñeiro,6.00,6,Sun,13,14,2023-12-10,28-088,CAR,@,NOR,L 6-28,6.00,6.00,7.0,7.0,0,0.0,0,0.0,6,25.0,K,PineEd00
1065,Eddy Piñeiro,6.00,10,Sun,15,16,2023-12-24,28-102,CAR,,GNB,L 30-33,6.00,6.00,6.0,6.0,0,0.0,0,0.0,10,33.3,K,PineEd00
1066,Eddy Piñeiro,6.00,9,Sun,4,4,2024-09-29,29-016,CAR,,CIN,L 24-34,6.00,6.00,7.0,7.0,0,0.0,0,0.0,9,32.1,K,PineEd00
1067,Eddy Piñeiro,6.00,11,Sun,15,16,2024-12-22,29-100,CAR,,ARI,W 36-30 (OT),6.00,6.00,6.0,6.0,0,0.0,0,0.0,11,33.3,K,PineEd00
1068,Matt Prater,6.00,10,Sun,12,12,2022-11-27,38-109,ARI,,LAC,L 24-25,6.00,6.00,7.0,7.0,0,0.0,0,0.0,10,37.0,K,PratMa20
1069,Matt Prater,6.00,6,Sun,11,11,2023-11-19,39-101,ARI,@,HOU,L 16-21,6.00,6.00,6.0,6.0,0,0.0,0,0.0,6,33.3,K,PratMa20
1070,Matt Prater,6.00,6,Sun,15,16,2023-12-24,39-136,ARI,@,CHI,L 16-27,6.00,6.00,6.0,6.0,0,0.0,0,0.0,6,20.7,K,PratMa20
1071,Will Reichard,6.00,15,Sun,13,14,2024-12-08,23-334,MIN,,ATL,W 42-21,6.00,6.00,6.0,6.0,0,0.0,0,0.0,15,55.6,K,ReicWi00
1072,Chad Ryland,6.00,6,Sun,10,10,2023-11-12,24-028,NWE,,IND,L 6-10,6.00,6.00,6.0,6.0,0,0.0,0,0.0,6,28.6,K,RylaCh00
1073,Chad Ryland,6.00,6,Sun,11,12,2024-11-24,25-040,ARI,@,SEA,L 6-16,6.00,6.00,6.0,6.0,0,0.0,0,0.0,6,25.0,K,RylaCh00
1074,Jason Sanders,6.00,13,Sun,2,2,2022-09-18,26-306,MIA,@,BAL,W 42-38,6.00,6.00,6.0,6.0,0,0.0,0,0.0,13,43.3,K,SandJa00
1075,Jason Sanders,6.00,10,Sun,2,2,2023-09-17,27-305,MIA,@,NWE,W 24-17,6.00,6.00,6.0,6.0,0,0.0,0,0.0,10,40.0,K,SandJa00
1076,Jason Sanders,6.00,12,Sun,6,6,2023-10-15,27-333,MIA,,CAR,W 42-21,6.00,6.00,6.0,6.0,0,0.0,0,0.0,12,40.0,K,SandJa00
1077,Cairo Santos,6.00,10,Sun,9,9,2022-11-06,30-359,CHI,,MIA,L 32-35,6.00,6.00,6.0,6.0,0,0.0,0,0.0,10,38.5,K,SantCa01
1078,Cairo Santos,6.00,11,Sun,10,10,2022-11-13,31-001,CHI,,DET,L 30-31,6.00,6.00,6.0,6.0,0,0.0,0,0.0,11,37.9,K,SantCa01
1079,Cairo Santos,6.00,9,Sun,11,11,2022-11-20,31-008,CHI,@,ATL,L 24-27,6.00,6.00,7.0,7.0,0,0.0,0,0.0,9,33.3,K,SantCa01
1080,Cairo Santos,6.00,7,Sun,1,1,2023-09-10,31-302,CHI,,GNB,L 20-38,6.00,6.00,7.0,7.0,0,0.0,0,0.0,7,25.0,K,SantCa01
1081,Cairo Santos,6.00,7,Sun,3,3,2024-09-22,32-315,CHI,@,IND,L 16-21,6.00,6.00,6.0,6.0,0,0.0,0,0.0,7,30.4,K,SantCa01
1082,Cairo Santos,6.00,9,Sun,4,4,2024-09-29,32-322,CHI,,LAR,W 24-18,6.00,6.00,7.0,7.0,0,0.0,0,0.0,9,34.6,K,SantCa01
1083,Cairo Santos,6.00,12,Sun,5,5,2024-10-06,32-329,CHI,,CAR,W 36-10,6.00,6.00,6.0,6.0,0,0.0,0,0.0,12,46.2,K,SantCa01
1084,Cairo Santos,6.00,7,Mon,14,15,2024-12-16,33-034,CHI,@,MIN,L 12-30,6.00,6.00,6.0,6.0,0,0.0,0,0.0,7,25.9,K,SantCa01
1085,Austin Seibert,6.00,11,Sun,3,3,2022-09-25,25-314,DET,@,MIN,L 24-28,6.00,6.00,7.0,7.0,0,0.0,0,0.0,11,39.3,K,SeibAu00
1086,Spencer Shrader,6.00,5,Sun,10,10,2024-11-10,25-175,NYJ,@,ARI,L 6-31,6.00,6.00,7.0,7.0,0,0.0,0,0.0,5,27.8,K,ShraSp00
1087,Joey Slye,6.00,7,Thu,6,6,2022-10-13,26-186,WAS,@,CHI,W 12-7,6.00,6.00,6.0,6.0,0,0.0,0,0.0,7,35.0,K,SlyeJo00
1088,Joey Slye,6.00,9,Sun,6,6,2023-10-15,27-188,WAS,@,ATL,W 24-16,6.00,6.00,6.0,6.0,0,0.0,0,0.0,9,37.5,K,SlyeJo00
1089,Ryan Succop,6.00,2,Sun,3,3,2022-09-25,36-006,TAM,,GNB,L 12-14,6.00,6.00,8.0,8.0,0,0.0,0,0.0,2,8.0,K,SuccRy44
1090,Justin Tucker,6.00,9,Sun,1,1,2022-09-11,32-294,BAL,@,NYJ,W 24-9,6.00,6.00,6.0,6.0,0,0.0,0,0.0,9,33.3,K,TuckJu00
1091,Justin Tucker,6.00,10,Sun,8,8,2024-10-27,34-341,BAL,@,CLE,L 24-29,6.00,6.00,7.0,7.0,0,0.0,0,0.0,10,34.5,K,TuckJu00
1092,Justin Tucker,6.00,8,Sun,11,11,2024-11-17,34-362,BAL,@,PIT,L 16-18,6.00,6.00,6.0,6.0,0,0.0,0,0.0,8,27.6,K,TuckJu00
1093,Justin Tucker,6.00,10,Mon,12,12,2024-11-25,35-004,BAL,@,LAC,W 30-23,6.00,6.00,7.0,7.0,0,0.0,0,0.0,10,37.0,K,TuckJu00
1094,Matthew Wright,6.00,6,Sun,17,18,2025-01-05,28-289,TEN,,HOU,L 14-23,6.00,6.00,6.0,6.0,0,0.0,0,0.0,6,26.1,K,WrigMa00
1095,Cade York,6.00,10,Sat,16,17,2024-12-28,23-336,CIN,,DEN,W 30-24 (OT),6.00,6.00,6.0,6.0,0,0.0,0,0.0,10,40.0,K,YorkCa00
1096,Cade York,6.00,11,Sun,2,2,2022-09-18,21-234,CLE,,NYJ,L 30-31,6.00,6.00,6.0,6.0,0,0.0,0,0.0,11,36.7,K,YorkCa00
1097,Cade York,6.00,10,Sun,16,17,2023-01-01,21-339,CLE,@,WAS,W 24-10,6.00,6.00,6.0,6.0,0,0.0,0,0.0,10,47.6,K,YorkCa00
1098,Greg Zuerlein,6.00,9,Sun,4,4,2022-10-02,34-279,NYJ,@,PIT,W 24-20,6.00,6.00,6.0,6.0,0,0.0,0,0.0,9,34.6,K,ZuerGr00
1099,Greg Zuerlein,6.00,6,Sun,16,17,2023-01-01,35-005,NYJ,@,SEA,L 6-23,6.00,6.00,8.0,8.0,0,0.0,0,0.0,6,24.0,K,ZuerGr00
1100,Greg Zuerlein,6.00,6,Sun,17,18,2023-01-08,35-012,NYJ,@,MIA,L 6-11,6.00,6.00,6.0,6.0,0,0.0,0,0.0,6,27.3,K,ZuerGr00
1101,Greg Zuerlein,6.00,2,Sun,3,3,2023-09-24,35-271,NYJ,,NWE,L 10-15,6.00,6.00,6.0,6.0,0,0.0,0,0.0,2,6.5,K,ZuerGr00
1102,Greg Zuerlein,6.00,5,Mon,8,9,2023-11-06,35-314,NYJ,,LAC,L 6-27,6.00,6.00,8.0,8.0,0,0.0,0,0.0,5,16.7,K,ZuerGr00
1103,Greg Zuerlein,6.00,5,Sun,12,13,2023-12-03,35-341,NYJ,,ATL,L 8-13,6.00,6.00,7.0,7.0,0,0.0,0,0.0,5,17.9,K,ZuerGr00
1104,Greg Zuerlein,6.00,9,Sun,2,2,2024-09-15,36-263,NYJ,@,TEN,W 24-17,6.00,6.00,6.0,6.0,0,0.0,0,0.0,9,34.6,K,ZuerGr00
1105,Greg Zuerlein,6.00,10,Thu,3,3,2024-09-19,36-267,NYJ,,NWE,W 24-3,6.00,6.00,6.0,6.0,0,0.0,0,0.0,10,47.6,K,ZuerGr00
1106,Matt Ammendola,5.00,7,Sun,5,5,2022-10-09,25-302,ARI,,PHI,L 17-20,5.00,5.00,5.0,5.0,0,0.0,0,0.0,7,28.0,K,AmmeMa00
1107,Michael Badgley,5.00,5,Sat,15,16,2022-12-24,27-149,DET,@,CAR,L 23-37,5.00,5.00,5.0,5.0,0,0.0,0,0.0,5,17.2,K,BadgMi00
1108,Tyler Bass,5.00,8,Sun,3,3,2022-09-25,25-223,BUF,@,MIA,L 19-21,5.00,5.00,5.0,5.0,0,0.0,0,0.0,8,36.4,K,BassTy00
1109,Tyler Bass,5.00,11,Sun,16,18,2023-01-08,25-328,BUF,,NWE,W 35-23,5.00,5.00,5.0,5.0,0,0.0,0,0.0,11,42.3,K,BassTy00
1110,Tyler Bass,5.00,9,Sun,7,7,2023-10-22,26-250,BUF,@,NWE,L 25-29,5.00,5.00,5.0,5.0,0,0.0,0,0.0,9,37.5,K,BassTy00
1111,Tyler Bass,5.00,10,Mon,6,6,2024-10-14,27-243,BUF,@,NYJ,W 23-20,5.00,5.00,5.0,5.0,0,0.0,0,0.0,10,40.0,K,BassTy00
1112,Tyler Bass,5.00,12,Sun,12,13,2024-12-01,27-291,BUF,,SFO,W 35-10,5.00,5.00,5.0,5.0,0,0.0,0,0.0,12,48.0,K,BassTy00
1113,Chris Boswell,5.00,9,Thu,3,3,2022-09-22,31-190,PIT,@,CLE,L 17-29,5.00,5.00,5.0,5.0,0,0.0,0,0.0,9,32.1,K,BoswCh00
1114,Chris Boswell,5.00,7,Sat,17,18,2024-01-06,32-296,PIT,@,BAL,W 17-10,5.00,5.00,5.0,5.0,0,0.0,0,0.0,7,25.9,K,BoswCh00
1115,Chris Boswell,5.00,7,Sun,5,5,2024-10-06,33-204,PIT,,DAL,L 17-20,5.00,5.00,6.0,6.0,0,0.0,0,0.0,7,29.2,K,BoswCh00
1116,Randy Bullock,5.00,7,Sun,10,10,2023-11-12,33-331,NYG,@,DAL,L 17-49,5.00,5.00,6.0,6.0,0,0.0,0,0.0,7,22.6,K,BullRa00
1117,Randy Bullock,5.00,2,Sun,14,15,2023-12-17,34-001,NYG,@,NOR,L 6-24,5.00,5.00,5.0,5.0,0,0.0,0,0.0,2,8.7,K,BullRa00
1118,Randy Bullock,5.00,9,Sun,7,8,2022-10-30,32-318,TEN,@,HOU,W 17-10,5.00,5.00,5.0,5.0,0,0.0,0,0.0,9,33.3,K,BullRa00
1119,Randy Bullock,5.00,8,Sun,8,9,2022-11-06,32-325,TEN,@,KAN,L 17-20 (OT),5.00,5.00,6.0,6.0,0,0.0,0,0.0,8,25.8,K,BullRa00
1120,Randy Bullock,5.00,4,Sun,9,10,2022-11-13,32-332,TEN,,DEN,W 17-10,5.00,5.00,5.0,5.0,0,0.0,0,0.0,4,13.8,K,BullRa00
1121,Harrison Butker,5.00,10,Wed,16,17,2024-12-25,29-164,KAN,@,PIT,W 29-10,5.00,5.00,5.0,5.0,0,0.0,0,0.0,10,40.0,K,ButkHa00
1122,Harrison Butker,5.00,7,Sun,2,2,2023-09-17,28-065,KAN,@,JAX,W 17-9,5.00,5.00,5.0,5.0,0,0.0,0,0.0,7,31.8,K,ButkHa00
1123,Harrison Butker,5.00,6,Mon,10,11,2023-11-20,28-129,KAN,,PHI,L 17-21,5.00,5.00,6.0,6.0,0,0.0,0,0.0,6,23.1,K,ButkHa00
1124,Harrison Butker,5.00,7,Sun,13,14,2023-12-10,28-149,KAN,,BUF,L 17-20,5.00,5.00,5.0,5.0,0,0.0,0,0.0,7,29.2,K,ButkHa00
1125,Harrison Butker,5.00,8,Sun,4,4,2024-09-29,29-077,KAN,@,LAC,W 17-10,5.00,5.00,5.0,5.0,0,0.0,0,0.0,8,33.3,K,ButkHa00
1126,Anders Carlson,5.00,8,Sun,6,7,2023-10-22,25-128,GNB,@,DEN,L 17-19,5.00,5.00,5.0,5.0,0,0.0,0,0.0,8,32.0,K,CarlAn00
1127,Anders Carlson,5.00,10,Sun,10,11,2023-11-19,25-156,GNB,,LAC,W 23-20,5.00,5.00,5.0,5.0,0,0.0,0,0.0,10,38.5,K,CarlAn00
1128,Anders Carlson,5.00,11,Thu,11,12,2023-11-23,25-160,GNB,@,DET,W 29-22,5.00,5.00,6.0,6.0,0,0.0,0,0.0,11,47.8,K,CarlAn00
1129,Anders Carlson,5.00,8,Sun,17,18,2024-01-07,25-205,GNB,,CHI,W 17-9,5.00,5.00,5.0,5.0,0,0.0,0,0.0,8,44.4,K,CarlAn00
1130,Daniel Carlson,5.00,7,Sun,1,1,2023-09-10,28-230,LVR,@,DEN,W 17-16,5.00,5.00,5.0,5.0,0,0.0,0,0.0,7,36.8,K,CarlDa00
1131,Daniel Carlson,5.00,7,Sun,4,4,2023-10-01,28-251,LVR,@,LAC,L 17-24,5.00,5.00,5.0,5.0,0,0.0,0,0.0,7,28.0,K,CarlDa00
1132,Daniel Carlson,5.00,9,Mon,5,5,2023-10-09,28-259,LVR,,GNB,W 17-13,5.00,5.00,5.0,5.0,0,0.0,0,0.0,9,37.5,K,CarlDa00
1133,Daniel Carlson,5.00,8,Sun,12,12,2023-11-26,28-307,LVR,,KAN,L 17-31,5.00,5.00,5.0,5.0,0,0.0,0,0.0,8,30.8,K,CarlDa00
1134,Daniel Carlson,5.00,10,Fri,12,13,2024-11-29,29-311,LVR,@,KAN,L 17-19,5.00,5.00,5.0,5.0,0,0.0,0,0.0,10,32.3,K,CarlDa00
1135,Daniel Carlson,5.00,6,Mon,14,15,2024-12-16,29-328,LVR,,ATL,L 9-15,5.00,5.00,5.0,5.0,0,0.0,0,0.0,6,24.0,K,CarlDa00
1136,Mason Crosby,5.00,8,Sun,8,8,2022-10-30,38-057,GNB,@,BUF,L 17-27,5.00,5.00,5.0,5.0,0,0.0,0,0.0,8,36.4,K,CrosMa20
1137,Cameron Dicker,5.00,8,Sun,11,12,2022-11-27,22-205,LAC,@,ARI,W 25-24,5.00,5.00,5.0,5.0,0,0.0,0,0.0,8,29.6,K,DickCa00
1138,Cameron Dicker,5.00,7,Sun,14,15,2022-12-18,22-226,LAC,,TEN,W 17-14,5.00,5.00,6.0,6.0,0,0.0,0,0.0,7,25.9,K,DickCa00
1139,Cameron Dicker,5.00,7,Mon,5,6,2023-10-16,23-163,LAC,,DAL,L 17-20,5.00,5.00,5.0,5.0,0,0.0,0,0.0,7,28.0,K,DickCa00
1140,Cameron Dicker,5.00,7,Sun,13,14,2024-12-08,24-216,LAC,@,KAN,L 17-19,5.00,5.00,5.0,5.0,0,0.0,0,0.0,7,26.9,K,DickCa00
1141,Cameron Dicker,5.00,7,Sun,14,15,2024-12-15,24-223,LAC,,TAM,L 17-40,5.00,5.00,6.0,6.0,0,0.0,0,0.0,7,25.9,K,DickCa00
1142,Dominik Eberle,5.00,12,Sun,4,4,2022-10-02,26-090,DET,,SEA,L 45-48,5.00,5.00,6.0,6.0,0,0.0,0,0.0,12,36.4,K,EberDo01
1143,Jake Elliott,5.00,11,Sun,4,4,2022-10-02,27-254,PHI,,JAX,W 29-21,5.00,5.00,5.0,5.0,0,0.0,0,0.0,11,45.8,K,ElliJa03
1144,Jake Elliott,5.00,11,Sun,7,8,2022-10-30,27-282,PHI,,PIT,W 35-13,5.00,5.00,5.0,5.0,0,0.0,0,0.0,11,40.7,K,ElliJa03
1145,Jake Elliott,5.00,7,Sun,10,11,2022-11-20,27-303,PHI,@,IND,W 17-16,5.00,5.00,5.0,5.0,0,0.0,0,0.0,7,28.0,K,ElliJa03
1146,Jake Elliott,5.00,12,Sun,12,13,2022-12-04,27-317,PHI,,TEN,W 35-10,5.00,5.00,5.0,5.0,0,0.0,0,0.0,12,41.4,K,ElliJa03
1147,Jake Elliott,5.00,10,Sun,14,15,2022-12-18,27-331,PHI,@,CHI,W 25-20,5.00,5.00,5.0,5.0,0,0.0,0,0.0,10,40.0,K,ElliJa03
1148,Jake Elliott,5.00,7,Mon,14,15,2023-12-18,28-331,PHI,@,SEA,L 17-20,5.00,5.00,5.0,5.0,0,0.0,0,0.0,7,25.9,K,ElliJa03
1149,Ka'imi Fairbairn,5.00,7,Thu,8,9,2022-11-03,28-278,HOU,,PHI,L 17-29,5.00,5.00,5.0,5.0,0,0.0,0,0.0,7,30.4,K,FairKa01
1150,Ka'imi Fairbairn,5.00,3,Sun,16,17,2023-01-01,28-337,HOU,,JAX,L 3-31,5.00,5.00,5.0,5.0,0,0.0,0,0.0,3,12.0,K,FairKa01
1151,Ka'imi Fairbairn,5.00,8,Sun,17,18,2025-01-05,30-342,HOU,@,TEN,W 23-14,5.00,5.00,5.0,5.0,0,0.0,0,0.0,8,34.8,K,FairKa01
1152,Nick Folk,5.00,4,Sun,2,2,2022-09-18,37-317,NWE,@,PIT,W 17-14,5.00,5.00,5.0,5.0,0,0.0,0,0.0,4,18.2,K,FolkNi20
1153,Nick Folk,5.00,9,Sun,16,17,2023-01-01,38-057,NWE,,MIA,W 23-21,5.00,5.00,6.0,6.0,0,0.0,0,0.0,9,33.3,K,FolkNi20
1154,Nick Folk,5.00,8,Sun,17,18,2023-01-08,38-064,NWE,@,BUF,L 23-35,5.00,5.00,5.0,5.0,0,0.0,0,0.0,8,30.8,K,FolkNi20
1155,Nick Folk,5.00,3,Sun,15,16,2023-12-24,39-049,TEN,,SEA,L 17-20,5.00,5.00,5.0,5.0,0,0.0,0,0.0,3,13.6,K,FolkNi20
1156,Nick Folk,5.00,1,Sun,16,17,2023-12-31,39-056,TEN,@,HOU,L 3-26,5.00,5.00,5.0,5.0,0,0.0,0,0.0,1,4.2,K,FolkNi20
1157,Nick Folk,5.00,7,Sun,1,1,2024-09-08,39-308,TEN,@,CHI,L 17-24,5.00,5.00,6.0,6.0,0,0.0,0,0.0,7,24.1,K,FolkNi20
1158,Nick Folk,5.00,6,Sun,2,2,2024-09-15,39-315,TEN,,NYJ,L 17-24,5.00,5.00,6.0,6.0,0,0.0,0,0.0,6,23.1,K,FolkNi20
1159,Nick Folk,5.00,7,Sun,5,6,2024-10-13,39-343,TEN,,IND,L 17-20,5.00,5.00,6.0,6.0,0,0.0,0,0.0,7,26.9,K,FolkNi20
1160,Nick Folk,5.00,8,Sun,9,10,2024-11-10,40-005,TEN,@,LAC,L 17-27,5.00,5.00,5.0,5.0,0,0.0,0,0.0,8,30.8,K,FolkNi20
1161,Graham Gano,5.00,3,Mon,4,4,2023-10-02,36-176,NYG,,SEA,L 3-24,5.00,5.00,5.0,5.0,0,0.0,0,0.0,3,13.0,K,GanoGr44
1162,Graham Gano,5.00,8,Sun,10,10,2024-11-10,37-215,NYG,@,CAR,L 17-20 (OT),5.00,5.00,6.0,6.0,0,0.0,0,0.0,8,26.7,K,GanoGr44
1163,Matt Gay,5.00,7,Sun,9,10,2022-11-13,28-243,LAR,,ARI,L 17-27,5.00,5.00,5.0,5.0,0,0.0,0,0.0,7,25.0,K,GayxMa00
1164,Matt Gay,5.00,8,Sun,13,13,2024-12-01,30-261,IND,@,NWE,W 25-24,5.00,5.00,5.0,5.0,0,0.0,0,0.0,8,34.8,K,GayxMa00
1165,Zane Gonzalez,5.00,8,Sun,17,18,2025-01-05,29-243,WAS,@,DAL,W 23-19,5.00,5.00,6.0,6.0,0,0.0,0,0.0,8,28.6,K,GonzZa00
1166,Robbie Gould,5.00,11,Sun,13,14,2022-12-11,40-005,SFO,,TAM,W 35-7,5.00,5.00,5.0,5.0,0,0.0,0,0.0,11,52.4,K,gouldrob01
1167,Blake Grupe,5.00,8,Sun,3,3,2023-09-24,24-323,NOR,@,GNB,L 17-18,5.00,5.00,5.0,5.0,0,0.0,0,0.0,8,32.0,K,GrupBl00
1168,Blake Grupe,5.00,11,Sun,11,11,2024-11-17,26-012,NOR,,CLE,W 35-14,5.00,5.00,5.0,5.0,0,0.0,0,0.0,11,44.0,K,GrupBl00
1169,Lucas Havrisik,5.00,4,Sun,9,9,2023-11-05,24-037,LAR,@,GNB,L 3-20,5.00,5.00,5.0,5.0,0,0.0,0,0.0,4,17.4,K,HavrLu00
1170,Lucas Havrisik,5.00,3,Sun,10,11,2023-11-19,24-051,LAR,,SEA,W 17-16,5.00,5.00,5.0,5.0,0,0.0,0,0.0,3,11.5,K,HavrLu00
1171,Dustin Hopkins,5.00,3,Sun,4,4,2023-10-01,33-000,CLE,,BAL,L 3-28,5.00,5.00,5.0,5.0,0,0.0,0,0.0,3,10.7,K,HopkDu00
1172,Greg Joseph,5.00,8,Sun,13,14,2022-12-11,28-129,MIN,@,DET,L 23-34,5.00,5.00,6.0,6.0,0,0.0,0,0.0,8,27.6,K,JoseGr00
1173,Greg Joseph,5.00,9,Sun,16,17,2023-01-01,28-150,MIN,@,GNB,L 17-41,5.00,5.00,5.0,5.0,0,0.0,0,0.0,9,32.1,K,JoseGr00
1174,Greg Joseph,5.00,7,Sun,1,1,2023-09-10,29-037,MIN,,TAM,L 17-20,5.00,5.00,5.0,5.0,0,0.0,0,0.0,7,25.0,K,JoseGr00
1175,Younghoe Koo,5.00,4,Sun,2,2,2022-09-18,28-046,ATL,@,LAR,L 27-31,5.00,5.00,5.0,5.0,0,0.0,0,0.0,4,17.4,K,KooxYo00
1176,Younghoe Koo,5.00,3,Sun,7,7,2022-10-23,28-081,ATL,@,CIN,L 17-35,5.00,5.00,6.0,6.0,0,0.0,0,0.0,3,12.0,K,KooxYo00
1177,Younghoe Koo,5.00,4,Sun,9,9,2022-11-06,28-095,ATL,,LAC,L 17-20,5.00,5.00,5.0,5.0,0,0.0,0,0.0,4,16.7,K,KooxYo00
1178,Younghoe Koo,5.00,3,Sun,10,10,2023-11-12,29-101,ATL,@,ARI,L 23-25,5.00,5.00,5.0,5.0,0,0.0,0,0.0,3,11.5,K,KooxYo00
1179,Younghoe Koo,5.00,5,Sun,13,14,2023-12-10,29-129,ATL,,TAM,L 25-29,5.00,5.00,5.0,5.0,0,0.0,0,0.0,5,15.6,K,KooxYo00
1180,Younghoe Koo,5.00,5,Sun,16,17,2023-12-31,29-150,ATL,@,CHI,L 17-37,5.00,5.00,5.0,5.0,0,0.0,0,0.0,5,15.6,K,KooxYo00
1181,Younghoe Koo,5.00,3,Sun,17,18,2024-01-07,29-157,ATL,@,NOR,L 17-48,5.00,5.00,5.0,5.0,0,0.0,0,0.0,3,9.4,K,KooxYo00
1182,Younghoe Koo,5.00,6,Sun,10,10,2024-11-10,30-099,ATL,@,NOR,L 17-20,5.00,5.00,5.0,5.0,0,0.0,0,0.0,6,22.2,K,KooxYo00
1183,Wil Lutz,5.00,7,Sun,12,13,2023-12-03,29-149,DEN,@,HOU,L 17-22,5.00,5.00,5.0,5.0,0,0.0,0,0.0,7,21.9,K,LutzWi00
1184,Wil Lutz,5.00,7,Sat,14,15,2023-12-16,29-162,DEN,@,DET,L 17-42,5.00,5.00,5.0,5.0,0,0.0,0,0.0,7,24.1,K,LutzWi00
1185,Wil Lutz,5.00,6,Sat,15,16,2022-12-24,28-170,NOR,@,CLE,W 17-10,5.00,5.00,5.0,5.0,0,0.0,0,0.0,6,27.3,K,LutzWi00
1186,Brett Maher,5.00,3,Sun,1,1,2022-09-11,32-294,DAL,,TAM,L 3-19,5.00,5.00,5.0,5.0,0,0.0,0,0.0,3,12.5,K,MaheBr01
1187,Brett Maher,5.00,8,Sun,6,6,2022-10-16,32-329,DAL,@,PHI,L 17-26,5.00,5.00,5.0,5.0,0,0.0,0,0.0,8,33.3,K,MaheBr01
1188,Chase McLaughlin,5.00,8,Sun,4,4,2022-10-02,26-176,IND,,TEN,L 17-24,5.00,5.00,5.0,5.0,0,0.0,0,0.0,8,34.8,K,McLaCh00
1189,Chase McLaughlin,5.00,6,Mon,7,7,2024-10-21,28-195,TAM,,BAL,L 31-41,5.00,5.00,5.0,5.0,0,0.0,0,0.0,6,20.7,K,McLaCh00
1190,Brandon McManus,5.00,5,Sun,3,3,2022-09-25,31-062,DEN,,SFO,W 11-10,5.00,5.00,5.0,5.0,0,0.0,0,0.0,5,17.9,K,McMaBr01
1191,Brandon McManus,5.00,9,Sun,4,4,2022-10-02,31-069,DEN,@,LVR,L 23-32,5.00,5.00,5.0,5.0,0,0.0,0,0.0,9,28.1,K,McMaBr01
1192,Brandon McManus,5.00,8,Sun,16,17,2024-12-29,33-157,GNB,@,MIN,L 25-27,5.00,5.00,5.0,5.0,0,0.0,0,0.0,8,29.6,K,McMaBr01
1193,Brandon McManus,5.00,9,Sun,3,3,2023-09-24,32-061,JAX,,HOU,L 17-37,5.00,5.00,5.0,5.0,0,0.0,0,0.0,9,31.0,K,McMaBr01
1194,Brandon McManus,5.00,8,Sun,5,5,2023-10-08,32-075,JAX,@,BUF,W 25-20,5.00,5.00,6.0,6.0,0,0.0,0,0.0,8,32.0,K,McMaBr01
1195,Evan McPherson,5.00,7,Sun,5,5,2022-10-09,23-080,CIN,@,BAL,L 17-19,5.00,5.00,6.0,6.0,0,0.0,0,0.0,7,30.4,K,McPhEv00
1196,Evan McPherson,5.00,11,Sun,7,7,2022-10-23,23-094,CIN,,ATL,W 35-17,5.00,5.00,5.0,5.0,0,0.0,0,0.0,11,44.0,K,McPhEv00
1197,Evan McPherson,5.00,9,Sun,13,14,2022-12-11,23-143,CIN,,CLE,W 23-10,5.00,5.00,5.0,5.0,0,0.0,0,0.0,9,37.5,K,McPhEv00
1198,Evan McPherson,5.00,7,Sun,16,17,2023-12-31,24-163,CIN,@,KAN,L 17-25,5.00,5.00,5.0,5.0,0,0.0,0,0.0,7,25.9,K,McPhEv00
1199,Evan McPherson,5.00,7,Sun,6,6,2024-10-13,25-084,CIN,@,NYG,W 17-7,5.00,5.00,5.0,5.0,0,0.0,0,0.0,7,31.8,K,McPhEv00
1200,Evan McPherson,5.00,8,Sun,8,8,2024-10-27,25-098,CIN,,PHI,L 17-37,5.00,5.00,5.0,5.0,0,0.0,0,0.0,8,33.3,K,McPhEv00
1201,Jake Moody,5.00,11,Sun,4,4,2023-10-01,23-312,SFO,,ARI,W 35-16,5.00,5.00,5.0,5.0,0,0.0,0,0.0,11,50.0,K,MoodJa00
1202,Jake Moody,5.00,9,Sun,6,6,2023-10-15,23-326,SFO,@,CLE,L 17-19,5.00,5.00,5.0,5.0,0,0.0,0,0.0,9,29.0,K,MoodJa00
1203,Jake Moody,5.00,7,Sun,8,8,2023-10-29,23-340,SFO,,CIN,L 17-31,5.00,5.00,5.0,5.0,0,0.0,0,0.0,7,28.0,K,MoodJa00
1204,Jake Moody,5.00,7,Mon,15,16,2023-12-25,24-032,SFO,,BAL,L 19-33,5.00,5.00,6.0,6.0,0,0.0,0,0.0,7,25.9,K,MoodJa00
1205,Jake Moody,5.00,6,Sun,2,2,2024-09-15,24-297,SFO,@,MIN,L 17-23,5.00,5.00,5.0,5.0,0,0.0,0,0.0,6,26.1,K,MoodJa00
1206,Jake Moody,5.00,7,Sun,10,11,2024-11-17,24-360,SFO,,SEA,L 17-20,5.00,5.00,5.0,5.0,0,0.0,0,0.0,7,33.3,K,MoodJa00
1207,Jake Moody,5.00,8,Sun,15,16,2024-12-22,25-029,SFO,@,MIA,L 17-29,5.00,5.00,5.0,5.0,0,0.0,0,0.0,8,28.6,K,MoodJa00
1208,Jason Myers,5.00,7,Mon,1,1,2022-09-12,31-123,SEA,,DEN,W 17-16,5.00,5.00,6.0,6.0,0,0.0,0,0.0,7,36.8,K,MyerJa00
1209,Jason Myers,5.00,12,Thu,12,13,2023-11-30,32-202,SEA,@,DAL,L 35-41,5.00,5.00,5.0,5.0,0,0.0,0,0.0,12,42.9,K,MyerJa00
1210,Riley Patterson,5.00,7,Sun,8,8,2022-10-30,23-053,JAX,,DEN,L 17-21,5.00,5.00,5.0,5.0,0,0.0,0,0.0,7,26.9,K,PattRi01
1211,Riley Patterson,5.00,9,Sun,10,10,2022-11-13,23-067,JAX,@,KAN,L 17-27,5.00,5.00,5.0,5.0,0,0.0,0,0.0,9,34.6,K,PattRi01
1212,Eddy Piñeiro,5.00,8,Sun,9,9,2024-11-03,29-051,CAR,,NOR,W 23-22,5.00,5.00,6.0,6.0,0,0.0,0,0.0,8,27.6,K,PineEd00
1213,John Parker Romo,5.00,9,Sun,10,11,2024-11-17,27-082,MIN,@,TEN,W 23-13,5.00,5.00,6.0,6.0,0,0.0,0,0.0,9,34.6,K,RomoJo00
1214,Chad Ryland,5.00,7,Sun,2,2,2023-09-17,23-337,NWE,,MIA,L 17-24,5.00,5.00,6.0,6.0,0,0.0,0,0.0,7,28.0,K,RylaCh00
1215,Chad Ryland,5.00,7,Sun,6,6,2023-10-15,24-000,NWE,@,LVR,L 17-21,5.00,5.00,6.0,6.0,0,0.0,0,0.0,7,28.0,K,RylaCh00
1216,Chad Ryland,5.00,7,Sun,8,8,2023-10-29,24-014,NWE,@,MIA,L 17-31,5.00,5.00,5.0,5.0,0,0.0,0,0.0,7,26.9,K,RylaCh00
1217,Chad Ryland,5.00,7,Sun,9,9,2023-11-05,24-021,NWE,,WAS,L 17-20,5.00,5.00,6.0,6.0,0,0.0,0,0.0,7,25.0,K,RylaCh00
1218,Chad Ryland,5.00,8,Sun,14,15,2023-12-17,24-063,NWE,,KAN,L 17-27,5.00,5.00,5.0,5.0,0,0.0,0,0.0,8,26.7,K,RylaCh00
1219,Chad Ryland,5.00,6,Mon,7,7,2024-10-21,25-006,ARI,,LAC,W 17-15,5.00,5.00,5.0,5.0,0,0.0,0,0.0,6,27.3,K,RylaCh00
1220,Jason Sanders,5.00,8,Sun,5,5,2022-10-09,26-327,MIA,@,NYJ,L 17-40,5.00,5.00,6.0,6.0,0,0.0,0,0.0,8,27.6,K,SandJa00
1221,Jason Sanders,5.00,12,Sun,9,9,2022-11-06,26-355,MIA,@,CHI,W 35-32,5.00,5.00,5.0,5.0,0,0.0,0,0.0,12,46.2,K,SandJa00
1222,Jason Sanders,5.00,7,Sun,12,13,2022-12-04,27-018,MIA,@,SFO,L 17-33,5.00,5.00,6.0,6.0,0,0.0,0,0.0,7,23.3,K,SandJa00
1223,Jason Sanders,5.00,7,Sun,7,7,2023-10-22,27-340,MIA,@,PHI,L 17-31,5.00,5.00,6.0,6.0,0,0.0,0,0.0,7,31.8,K,SandJa00
1224,Cairo Santos,5.00,8,Sun,8,8,2022-10-30,30-352,CHI,@,DAL,L 29-49,5.00,5.00,5.0,5.0,0,0.0,0,0.0,8,27.6,K,SantCa01
1225,Cairo Santos,5.00,8,Sun,9,9,2023-11-05,31-358,CHI,@,NOR,L 17-24,5.00,5.00,5.0,5.0,0,0.0,0,0.0,8,33.3,K,SantCa01
1226,Cairo Santos,5.00,7,Sun,14,15,2023-12-17,32-035,CHI,@,CLE,L 17-20,5.00,5.00,6.0,6.0,0,0.0,0,0.0,7,20.0,K,SantCa01
1227,Cairo Santos,5.00,12,Sun,6,6,2024-10-13,32-336,CHI,,JAX,W 35-16,5.00,5.00,5.0,5.0,0,0.0,0,0.0,12,50.0,K,SantCa01
1228,Cairo Santos,5.00,7,Sun,15,16,2024-12-22,33-040,CHI,,DET,L 17-34,5.00,5.00,5.0,5.0,0,0.0,0,0.0,7,28.0,K,SantCa01
1229,Austin Seibert,5.00,11,Sun,1,1,2022-09-11,25-300,DET,,PHI,L 35-38,5.00,5.00,5.0,5.0,0,0.0,0,0.0,11,35.5,K,SeibAu00
1230,Joey Slye,5.00,8,Sun,8,8,2024-10-27,28-200,NWE,,NYJ,W 25-22,5.00,5.00,5.0,5.0,0,0.0,0,0.0,8,30.8,K,SlyeJo00
1231,Joey Slye,5.00,7,Sun,8,8,2022-10-30,26-203,WAS,@,IND,W 17-16,5.00,5.00,5.0,5.0,0,0.0,0,0.0,7,26.9,K,SlyeJo00
1232,Joey Slye,5.00,7,Sun,9,9,2022-11-06,26-210,WAS,,MIN,L 17-20,5.00,5.00,6.0,6.0,0,0.0,0,0.0,7,25.0,K,SlyeJo00
1233,Joey Slye,5.00,3,Sun,3,3,2023-09-24,27-167,WAS,,BUF,L 3-37,5.00,5.00,5.0,5.0,0,0.0,0,0.0,3,13.6,K,SlyeJo00
1234,Ryan Succop,5.00,3,Sun,11,12,2022-11-27,36-069,TAM,@,CLE,L 17-23 (OT),5.00,5.00,6.0,6.0,0,0.0,0,0.0,3,9.7,K,SuccRy44
1235,Ryan Succop,5.00,3,Mon,12,13,2022-12-05,36-077,TAM,,NOR,W 17-16,5.00,5.00,5.0,5.0,0,0.0,0,0.0,3,11.1,K,SuccRy44
1236,Ryan Succop,5.00,4,Sun,14,15,2022-12-18,36-090,TAM,,CIN,L 23-34,5.00,5.00,5.0,5.0,0,0.0,0,0.0,4,16.0,K,SuccRy44
1237,Ryan Succop,5.00,3,Sun,17,18,2023-01-08,36-111,TAM,@,ATL,L 17-30,5.00,5.00,6.0,6.0,0,0.0,0,0.0,3,10.7,K,SuccRy44
1238,Justin Tucker,5.00,5,Sat,14,15,2022-12-17,33-026,BAL,@,CLE,L 3-13,5.00,5.00,5.0,5.0,0,0.0,0,0.0,5,27.8,K,TuckJu00
1239,Justin Tucker,5.00,9,Sun,1,1,2023-09-10,33-293,BAL,,HOU,W 25-9,5.00,5.00,5.0,5.0,0,0.0,0,0.0,9,36.0,K,TuckJu00
1240,Justin Tucker,5.00,11,Sun,4,4,2024-09-29,34-313,BAL,,BUF,W 35-10,5.00,5.00,5.0,5.0,0,0.0,0,0.0,11,40.7,K,TuckJu00
1241,Justin Tucker,5.00,9,Sun,14,15,2024-12-15,35-024,BAL,@,NYG,W 35-14,5.00,5.00,5.0,5.0,0,0.0,0,0.0,9,42.9,K,TuckJu00
1242,Justin Tucker,5.00,10,Sat,17,18,2025-01-04,35-044,BAL,,CLE,W 35-10,5.00,5.00,5.0,5.0,0,0.0,0,0.0,10,40.0,K,TuckJu00
1243,Cade York,5.00,9,Thu,3,3,2022-09-22,21-238,CLE,,PIT,W 29-17,5.00,5.00,5.0,5.0,0,0.0,0,0.0,9,32.1,K,YorkCa00
1244,Cade York,5.00,7,Sun,9,10,2022-11-13,21-290,CLE,@,MIA,L 17-39,5.00,5.00,5.0,5.0,0,0.0,0,0.0,7,30.4,K,YorkCa00
1245,Cade York,5.00,9,Sun,10,11,2022-11-20,21-297,CLE,@,BUF,L 23-31,5.00,5.00,5.0,5.0,0,0.0,0,0.0,9,30.0,K,YorkCa00
1246,Greg Zuerlein,5.00,4,Sun,8,8,2022-10-30,34-307,NYJ,,NWE,L 17-22,5.00,5.00,5.0,5.0,0,0.0,0,0.0,4,14.3,K,ZuerGr00
1247,Greg Zuerlein,5.00,7,Sun,14,15,2022-12-18,34-356,NYJ,,DET,L 17-20,5.00,5.00,5.0,5.0,0,0.0,0,0.0,7,25.0,K,ZuerGr00
1248,Greg Zuerlein,5.00,7,Sun,5,5,2024-10-06,36-284,NYJ,@,MIN,L 17-23,5.00,5.00,5.0,5.0,0,0.0,0,0.0,7,24.1,K,ZuerGr00
1249,Brandon Aubrey,4.00,5,Sun,14,15,2023-12-17,28-278,DAL,@,BUF,L 10-31,4.00,4.00,4.0,4.0,0,0.0,0,0.0,5,20.8,K,AubrBr00
1250,Tyler Bass,4.00,6,Sun,9,9,2023-11-05,26-264,BUF,@,CIN,L 18-24,4.00,4.00,4.0,4.0,0,0.0,0,0.0,6,28.6,K,BassTy00
1251,Tyler Bass,4.00,7,Sun,17,18,2025-01-05,27-326,BUF,@,NWE,L 16-23,4.00,4.00,5.0,5.0,0,0.0,0,0.0,7,28.0,K,BassTy00
1252,Chris Boswell,4.00,5,Sun,7,7,2022-10-23,31-221,PIT,@,MIA,L 10-16,4.00,4.00,5.0,5.0,0,0.0,0,0.0,5,19.2,K,BoswCh00
1253,Chris Boswell,4.00,7,Sun,7,8,2023-10-29,32-227,PIT,,JAX,L 10-20,4.00,4.00,4.0,4.0,0,0.0,0,0.0,7,26.9,K,BoswCh00
1254,Chris Boswell,4.00,5,Sun,10,11,2023-11-19,32-248,PIT,@,CLE,L 10-13,4.00,4.00,4.0,4.0,0,0.0,0,0.0,5,17.2,K,BoswCh00
1255,Chris Boswell,4.00,6,Sun,12,13,2023-12-03,32-262,PIT,,ARI,L 10-24,4.00,4.00,4.0,4.0,0,0.0,0,0.0,6,25.0,K,BoswCh00
1256,Chris Boswell,4.00,9,Sun,9,10,2024-11-10,33-239,PIT,@,WAS,W 28-27,4.00,4.00,4.0,4.0,0,0.0,0,0.0,9,28.1,K,BoswCh00
1257,Chris Boswell,4.00,5,Wed,16,17,2024-12-25,33-284,PIT,,KAN,L 10-29,4.00,4.00,4.0,4.0,0,0.0,0,0.0,5,20.0,K,BoswCh00
1258,Randy Bullock,4.00,5,Sun,12,12,2023-11-26,33-345,NYG,,NWE,W 10-7,4.00,4.00,5.0,5.0,0,0.0,0,0.0,5,21.7,K,BullRa00
1259,Randy Bullock,4.00,5,Sun,12,13,2022-12-04,32-353,TEN,@,PHI,L 10-35,4.00,4.00,4.0,4.0,0,0.0,0,0.0,5,17.2,K,BullRa00
1260,Harrison Butker,4.00,9,Sun,14,15,2022-12-18,27-157,KAN,@,HOU,W 30-24 (OT),4.00,4.00,4.0,4.0,0,0.0,0,0.0,9,32.1,K,ButkHa00
1261,Harrison Butker,4.00,9,Sun,6,7,2024-10-20,29-098,KAN,@,SFO,W 28-18,4.00,4.00,4.0,4.0,0,0.0,0,0.0,9,37.5,K,ButkHa00
1262,Anders Carlson,4.00,6,Sun,3,3,2023-09-24,25-100,GNB,,NOR,W 18-17,4.00,4.00,4.0,4.0,0,0.0,0,0.0,6,24.0,K,CarlAn00
1263,Anders Carlson,4.00,5,Sun,7,8,2023-10-29,25-135,GNB,,MIN,L 10-24,4.00,4.00,4.0,4.0,0,0.0,0,0.0,5,21.7,K,CarlAn00
1264,Daniel Carlson,4.00,5,Sat,15,16,2022-12-24,27-335,LVR,@,PIT,L 10-13,4.00,4.00,5.0,5.0,0,0.0,0,0.0,5,22.7,K,CarlDa00
1265,Daniel Carlson,4.00,5,Sun,2,2,2023-09-17,28-237,LVR,@,BUF,L 10-38,4.00,4.00,5.0,5.0,0,0.0,0,0.0,5,22.7,K,CarlDa00
1266,Daniel Carlson,4.00,7,Sun,3,3,2023-09-24,28-244,LVR,,PIT,L 18-23,4.00,4.00,4.0,4.0,0,0.0,0,0.0,7,24.1,K,CarlDa00
1267,Daniel Carlson,4.00,6,Sun,1,1,2024-09-08,29-229,LVR,@,LAC,L 10-22,4.00,4.00,4.0,4.0,0,0.0,0,0.0,6,21.4,K,CarlDa00
1268,Daniel Carlson,4.00,6,Sun,5,5,2024-10-06,29-257,LVR,@,DEN,L 18-34,4.00,4.00,5.0,5.0,0,0.0,0,0.0,6,20.0,K,CarlDa00
1269,Mason Crosby,4.00,5,Sun,6,6,2022-10-16,38-043,GNB,,NYJ,L 10-27,4.00,4.00,4.0,4.0,0,0.0,0,0.0,5,17.2,K,CrosMa20
1270,Cameron Dicker,4.00,10,Sun,3,3,2023-09-24,23-141,LAC,@,MIN,W 28-24,4.00,4.00,4.0,4.0,0,0.0,0,0.0,10,40.0,K,DickCa00
1271,Cameron Dicker,4.00,5,Sun,11,12,2023-11-26,23-204,LAC,,BAL,L 10-20,4.00,4.00,4.0,4.0,0,0.0,0,0.0,5,23.8,K,DickCa00
1272,Cameron Dicker,4.00,5,Sun,3,3,2024-09-22,24-139,LAC,@,PIT,L 10-20,4.00,4.00,4.0,4.0,0,0.0,0,0.0,5,19.2,K,DickCa00
1273,Jake Elliott,4.00,9,Sun,9,9,2023-11-05,28-288,PHI,,DAL,W 28-23,4.00,4.00,4.0,4.0,0,0.0,0,0.0,9,37.5,K,ElliJa03
1274,Jake Elliott,4.00,5,Sun,17,18,2024-01-07,28-351,PHI,@,NYG,L 10-27,4.00,4.00,4.0,4.0,0,0.0,0,0.0,5,19.2,K,ElliJa03
1275,Jake Elliott,4.00,5,Sun,6,7,2024-10-20,29-273,PHI,@,NYG,W 28-3,4.00,4.00,4.0,4.0,0,0.0,0,0.0,5,15.6,K,ElliJa03
1276,Jake Elliott,4.00,4,Sun,8,9,2024-11-03,29-287,PHI,,JAX,W 28-23,4.00,4.00,5.0,5.0,0,0.0,0,0.0,4,17.4,K,ElliJa03
1277,Ka'imi Fairbairn,4.00,5,Sun,7,8,2022-10-30,28-274,HOU,,TEN,L 10-17,4.00,4.00,5.0,5.0,0,0.0,0,0.0,5,18.5,K,FairKa01
1278,Ka'imi Fairbairn,4.00,5,Sun,10,11,2022-11-20,28-295,HOU,,WAS,L 10-23,4.00,4.00,4.0,4.0,0,0.0,0,0.0,5,18.5,K,FairKa01
1279,Nick Folk,4.00,7,Sun,10,11,2022-11-20,38-015,NWE,,NYJ,W 10-3,4.00,4.00,4.0,4.0,0,0.0,0,0.0,7,23.3,K,FolkNi20
1280,Nick Folk,4.00,4,Thu,12,13,2022-12-01,38-026,NWE,,BUF,L 10-24,4.00,4.00,4.0,4.0,0,0.0,0,0.0,4,16.7,K,FolkNi20
1281,Nick Folk,4.00,9,Sun,7,8,2023-10-29,38-358,TEN,,ATL,W 28-23,4.00,4.00,4.0,4.0,0,0.0,0,0.0,9,25.7,K,FolkNi20
1282,Nick Folk,4.00,7,Sun,14,15,2023-12-17,39-042,TEN,,HOU,L 16-19 (OT),4.00,4.00,5.0,5.0,0,0.0,0,0.0,7,22.6,K,FolkNi20
1283,Nick Folk,4.00,4,Sun,17,18,2024-01-07,39-063,TEN,,JAX,W 28-20,4.00,4.00,4.0,4.0,0,0.0,0,0.0,4,18.2,K,FolkNi20
1284,Nick Folk,4.00,5,Sun,6,7,2024-10-20,39-350,TEN,@,BUF,L 10-34,4.00,4.00,4.0,4.0,0,0.0,0,0.0,5,17.9,K,FolkNi20
1285,Graham Gano,4.00,7,Sun,17,18,2023-01-08,35-274,NYG,@,PHI,L 16-22,4.00,4.00,4.0,4.0,0,0.0,0,0.0,7,25.0,K,GanoGr44
1286,Graham Gano,4.00,7,Sun,8,8,2023-10-29,36-203,NYG,,NYJ,L 10-13 (OT),4.00,4.00,4.0,4.0,0,0.0,0,0.0,7,18.9,K,GanoGr44
1287,Matt Gay,4.00,6,Sun,5,5,2022-10-09,28-208,LAR,,DAL,L 10-22,4.00,4.00,4.0,4.0,0,0.0,0,0.0,6,20.0,K,GayxMa00
1288,Matt Gay,4.00,5,Sun,11,12,2022-11-27,28-257,LAR,@,KAN,L 10-26,4.00,4.00,5.0,5.0,0,0.0,0,0.0,5,20.8,K,GayxMa00
1289,Matt Gay,4.00,5,Sun,16,17,2023-01-01,28-292,LAR,@,LAC,L 10-31,4.00,4.00,4.0,4.0,0,0.0,0,0.0,5,20.0,K,GayxMa00
1290,Matt Gay,4.00,5,Sun,15,16,2023-12-24,29-284,IND,@,ATL,L 10-29,4.00,4.00,4.0,4.0,0,0.0,0,0.0,5,17.9,K,GayxMa00
1291,Matt Gay,4.00,6,Sun,2,2,2024-09-15,30-184,IND,@,GNB,L 10-16,4.00,4.00,4.0,4.0,0,0.0,0,0.0,6,27.3,K,GayxMa00
1292,Zane Gonzalez,4.00,6,Thu,11,11,2024-11-14,29-191,WAS,@,PHI,L 18-26,4.00,4.00,5.0,5.0,0,0.0,0,0.0,6,22.2,K,GonzZa00
1293,Zane Gonzalez,4.00,10,Sun,15,16,2024-12-22,29-229,WAS,,PHI,W 36-33,4.00,4.00,4.0,4.0,0,0.0,0,0.0,10,31.3,K,GonzZa00
1294,Robbie Gould,4.00,5,Sun,1,1,2022-09-11,39-279,SFO,@,CHI,L 10-19,4.00,4.00,4.0,4.0,0,0.0,0,0.0,5,20.8,K,gouldrob01
1295,Blake Grupe,4.00,9,Sun,12,13,2023-12-03,25-028,NOR,,DET,L 28-33,4.00,4.00,4.0,4.0,0,0.0,0,0.0,9,30.0,K,GrupBl00
1296,Blake Grupe,4.00,10,Sun,13,14,2023-12-10,25-035,NOR,,CAR,W 28-6,4.00,4.00,4.0,4.0,0,0.0,0,0.0,10,41.7,K,GrupBl00
1297,Blake Grupe,4.00,4,Thu,7,7,2024-10-17,25-347,NOR,,DEN,L 10-33,4.00,4.00,4.0,4.0,0,0.0,0,0.0,4,13.8,K,GrupBl00
1298,Blake Grupe,4.00,4,Sun,16,17,2024-12-29,26-054,NOR,,LVR,L 10-25,4.00,4.00,4.0,4.0,0,0.0,0,0.0,4,14.3,K,GrupBl00
1299,Dustin Hopkins,4.00,5,Sun,3,3,2022-09-25,31-359,LAC,,JAX,L 10-38,4.00,4.00,4.0,4.0,0,0.0,0,0.0,5,20.8,K,HopkDu00
1300,Dustin Hopkins,4.00,6,Sun,9,9,2024-11-03,34-033,CLE,,LAC,L 10-27,4.00,4.00,4.0,4.0,0,0.0,0,0.0,6,20.7,K,HopkDu00
1301,Dustin Hopkins,4.00,7,Thu,11,12,2024-11-21,34-051,CLE,,PIT,W 24-19,4.00,4.00,4.0,4.0,0,0.0,0,0.0,7,35.0,K,HopkDu00
1302,Dustin Hopkins,4.00,5,Sat,17,18,2025-01-04,34-095,CLE,@,BAL,L 10-35,4.00,4.00,4.0,4.0,0,0.0,0,0.0,5,20.0,K,HopkDu00
1303,Greg Joseph,4.00,11,Sun,3,3,2022-09-25,28-052,MIN,,DET,W 28-24,4.00,4.00,4.0,4.0,0,0.0,0,0.0,11,39.3,K,JoseGr00
1304,Greg Joseph,4.00,7,Sun,6,6,2022-10-16,28-073,MIN,@,MIA,W 24-16,4.00,4.00,4.0,4.0,0,0.0,0,0.0,7,22.6,K,JoseGr00
1305,Greg Joseph,4.00,12,Sun,7,8,2022-10-30,28-087,MIN,,ARI,W 34-26,4.00,4.00,4.0,4.0,0,0.0,0,0.0,12,40.0,K,JoseGr00
1306,Greg Joseph,4.00,9,Thu,2,2,2023-09-14,29-041,MIN,@,PHI,L 28-34,4.00,4.00,4.0,4.0,0,0.0,0,0.0,9,31.0,K,JoseGr00
1307,Greg Joseph,4.00,4,Mon,12,12,2023-11-27,29-115,MIN,,CHI,L 10-12,4.00,4.00,4.0,4.0,0,0.0,0,0.0,4,20.0,K,JoseGr00
1308,Joshua Karty,4.00,2,Sun,2,2,2024-09-15,22-192,LAR,@,ARI,L 10-41,4.00,4.00,4.0,4.0,0,0.0,0,0.0,2,8.0,K,KartJo00
1309,Joshua Karty,4.00,4,Thu,7,8,2024-10-24,22-231,LAR,,MIN,W 30-20,4.00,4.00,4.0,4.0,0,0.0,0,0.0,4,16.0,K,KartJo00
1310,Joshua Karty,4.00,5,Sun,10,11,2024-11-17,22-255,LAR,@,NWE,W 28-22,4.00,4.00,4.0,4.0,0,0.0,0,0.0,5,18.5,K,KartJo00
1311,Younghoe Koo,4.00,4,Sun,6,6,2022-10-16,28-074,ATL,,SFO,W 28-14,4.00,4.00,4.0,4.0,0,0.0,0,0.0,4,18.2,K,KooxYo00
1312,Younghoe Koo,4.00,2,Sun,14,15,2022-12-18,28-137,ATL,@,NOR,L 18-21,4.00,4.00,4.0,4.0,0,0.0,0,0.0,2,9.1,K,KooxYo00
1313,Younghoe Koo,4.00,2,Sun,6,6,2023-10-15,29-073,ATL,,WAS,L 16-24,4.00,4.00,5.0,5.0,0,0.0,0,0.0,2,8.3,K,KooxYo00
1314,Younghoe Koo,4.00,2,Sun,1,1,2024-09-08,30-036,ATL,,PIT,L 10-18,4.00,4.00,4.0,4.0,0,0.0,0,0.0,2,8.0,K,KooxYo00
1315,Cam Little,4.00,5,Mon,3,3,2024-09-23,21-037,JAX,@,BUF,L 10-47,4.00,4.00,5.0,5.0,0,0.0,0,0.0,5,20.0,K,LittCa00
1316,Cam Little,4.00,6,Sun,6,6,2024-10-13,21-057,JAX,@,CHI,L 16-35,4.00,4.00,4.0,4.0,0,0.0,0,0.0,6,25.0,K,LittCa00
1317,Cam Little,4.00,5,Sun,13,14,2024-12-08,21-113,JAX,@,TEN,W 10-6,4.00,4.00,4.0,4.0,0,0.0,0,0.0,5,27.8,K,LittCa00
1318,Wil Lutz,4.00,8,Sun,1,1,2023-09-10,29-065,DEN,,LVR,L 16-17,4.00,4.00,4.0,4.0,0,0.0,0,0.0,8,42.1,K,LutzWi00
1319,Wil Lutz,4.00,6,Sun,4,4,2024-09-29,30-084,DEN,@,NYJ,W 10-9,4.00,4.00,5.0,5.0,0,0.0,0,0.0,6,21.4,K,LutzWi00
1320,Wil Lutz,4.00,7,Sun,6,6,2024-10-13,30-098,DEN,,LAC,L 16-23,4.00,4.00,5.0,5.0,0,0.0,0,0.0,7,25.9,K,LutzWi00
1321,Wil Lutz,4.00,10,Sun,8,8,2024-10-27,30-112,DEN,,CAR,W 28-14,4.00,4.00,4.0,4.0,0,0.0,0,0.0,10,41.7,K,LutzWi00
1322,Wil Lutz,4.00,5,Sun,9,9,2024-11-03,30-119,DEN,@,BAL,L 10-41,4.00,4.00,4.0,4.0,0,0.0,0,0.0,5,20.0,K,LutzWi00
1323,Wil Lutz,4.00,5,Sun,2,2,2022-09-18,28-073,NOR,,TAM,L 10-20,4.00,4.00,4.0,4.0,0,0.0,0,0.0,5,19.2,K,LutzWi00
1324,Wil Lutz,4.00,5,Sun,10,10,2022-11-13,28-129,NOR,@,PIT,L 10-20,4.00,4.00,5.0,5.0,0,0.0,0,0.0,5,20.8,K,LutzWi00
1325,Brett Maher,4.00,9,Sun,9,10,2022-11-13,32-357,DAL,@,GNB,L 28-31 (OT),4.00,4.00,4.0,4.0,0,0.0,0,0.0,9,30.0,K,MaheBr01
1326,Brett Maher,4.00,10,Thu,11,12,2022-11-24,33-003,DAL,,NYG,W 28-20,4.00,4.00,4.0,4.0,0,0.0,0,0.0,10,43.5,K,MaheBr01
1327,Jude McAtamney,4.00,7,Sun,9,9,2024-11-03,24-178,NYG,,WAS,L 22-27,4.00,4.00,4.0,4.0,0,0.0,0,0.0,7,31.8,K,McAtJu00
1328,Chase McLaughlin,4.00,4,Sun,13,14,2024-12-08,28-243,TAM,,LVR,W 28-13,4.00,4.00,4.0,4.0,0,0.0,0,0.0,4,17.4,K,McLaCh00
1329,Chase McLaughlin,4.00,6,Sun,16,17,2023-01-01,26-267,IND,@,NYG,L 10-38,4.00,4.00,4.0,4.0,0,0.0,0,0.0,6,25.0,K,McLaCh00
1330,Brandon McManus,4.00,5,Sun,9,10,2022-11-13,31-111,DEN,@,TEN,L 10-17,4.00,4.00,4.0,4.0,0,0.0,0,0.0,5,17.2,K,McMaBr01
1331,Brandon McManus,4.00,6,Sun,11,12,2022-11-27,31-125,DEN,@,CAR,L 10-23,4.00,4.00,4.0,4.0,0,0.0,0,0.0,6,20.0,K,McMaBr01
1332,Brandon McManus,4.00,9,Sun,13,14,2022-12-11,31-139,DEN,,KAN,L 28-34,4.00,4.00,4.0,4.0,0,0.0,0,0.0,9,28.1,K,McMaBr01
1333,Evan McPherson,4.00,10,Sat,15,16,2022-12-24,23-156,CIN,@,NWE,W 22-18,4.00,4.00,4.0,4.0,0,0.0,0,0.0,10,40.0,K,McPhEv00
1334,Evan McPherson,4.00,5,Sun,11,12,2023-11-26,24-128,CIN,,PIT,L 10-16,4.00,4.00,5.0,5.0,0,0.0,0,0.0,5,20.8,K,McPhEv00
1335,Evan McPherson,4.00,12,Sun,5,5,2024-10-06,25-077,CIN,,BAL,L 38-41 (OT),4.00,4.00,4.0,4.0,0,0.0,0,0.0,12,34.3,K,McPhEv00
1336,Evan McPherson,4.00,10,Thu,10,10,2024-11-07,25-109,CIN,@,BAL,L 34-35,4.00,4.00,4.0,4.0,0,0.0,0,0.0,10,35.7,K,McPhEv00
1337,Jake Moody,4.00,9,Sun,13,14,2023-12-10,24-017,SFO,,SEA,W 28-16,4.00,4.00,4.0,4.0,0,0.0,0,0.0,9,33.3,K,MoodJa00
1338,Jake Moody,4.00,5,Sun,11,12,2024-11-24,25-001,SFO,@,GNB,L 10-38,4.00,4.00,5.0,5.0,0,0.0,0,0.0,5,20.0,K,MoodJa00
1339,Jake Moody,4.00,7,Sun,12,13,2024-12-01,25-008,SFO,@,BUF,L 10-35,4.00,4.00,4.0,4.0,0,0.0,0,0.0,7,28.0,K,MoodJa00
1340,Jake Moody,4.00,13,Mon,16,17,2024-12-30,25-037,SFO,,DET,L 34-40,4.00,4.00,4.0,4.0,0,0.0,0,0.0,13,48.1,K,MoodJa00
1341,Jason Myers,4.00,4,Sat,15,16,2022-12-24,31-226,SEA,@,KAN,L 10-24,4.00,4.00,4.0,4.0,0,0.0,0,0.0,4,16.7,K,MyerJa00
1342,Jason Myers,4.00,6,Sun,13,14,2023-12-10,32-212,SEA,@,SFO,L 16-28,4.00,4.00,5.0,5.0,0,0.0,0,0.0,6,22.2,K,MyerJa00
1343,Jason Myers,4.00,5,Sun,8,8,2024-10-27,33-168,SEA,,BUF,L 10-31,4.00,4.00,4.0,4.0,0,0.0,0,0.0,5,21.7,K,MyerJa00
1344,Eddy Piñeiro,4.00,5,Sun,6,6,2022-10-16,27-033,CAR,@,LAR,L 10-24,4.00,4.00,5.0,5.0,0,0.0,0,0.0,5,19.2,K,PineEd00
1345,Eddy Piñeiro,4.00,4,Sun,17,18,2023-01-08,27-117,CAR,@,NOR,W 10-7,4.00,4.00,5.0,5.0,0,0.0,0,0.0,4,20.0,K,PineEd00
1346,Eddy Piñeiro,4.00,5,Sun,1,1,2023-09-10,27-362,CAR,@,ATL,L 10-24,4.00,4.00,5.0,5.0,0,0.0,0,0.0,5,19.2,K,PineEd00
1347,Eddy Piñeiro,4.00,5,Sun,10,11,2023-11-19,28-067,CAR,,DAL,L 10-33,4.00,4.00,5.0,5.0,0,0.0,0,0.0,5,18.5,K,PineEd00
1348,Eddy Piñeiro,4.00,6,Sun,12,13,2023-12-03,28-081,CAR,@,TAM,L 18-21,4.00,4.00,4.0,4.0,0,0.0,0,0.0,6,20.7,K,PineEd00
1349,Eddy Piñeiro,4.00,4,Sun,1,1,2024-09-08,28-361,CAR,@,NOR,L 10-47,4.00,4.00,5.0,5.0,0,0.0,0,0.0,4,13.3,K,PineEd00
1350,Eddy Piñeiro,4.00,6,Sun,5,5,2024-10-06,29-023,CAR,@,CHI,L 10-36,4.00,4.00,4.0,4.0,0,0.0,0,0.0,6,23.1,K,PineEd00
1351,Eddy Piñeiro,4.00,7,Sun,13,14,2024-12-08,29-086,CAR,@,PHI,L 16-22,4.00,4.00,4.0,4.0,0,0.0,0,0.0,7,31.8,K,PineEd00
1352,Matt Prater,4.00,5,Mon,11,11,2022-11-21,38-103,ARI,,SFO,L 10-38,4.00,4.00,5.0,5.0,0,0.0,0,0.0,5,19.2,K,PratMa20
1353,Matt Prater,4.00,6,Sun,4,4,2023-10-01,39-052,ARI,@,SFO,L 16-35,4.00,4.00,4.0,4.0,0,0.0,0,0.0,6,27.3,K,PratMa20
1354,Matt Prater,4.00,6,Sun,7,7,2023-10-22,39-073,ARI,@,SEA,L 10-20,4.00,4.00,5.0,5.0,0,0.0,0,0.0,6,25.0,K,PratMa20
1355,Matt Prater,4.00,7,Sun,8,8,2023-10-29,39-080,ARI,,BAL,L 24-31,4.00,4.00,5.0,5.0,0,0.0,0,0.0,7,25.0,K,PratMa20
1356,Will Reichard,4.00,9,Sun,1,1,2024-09-08,23-243,MIN,@,NYG,W 28-6,4.00,4.00,4.0,4.0,0,0.0,0,0.0,9,37.5,K,ReicWi00
1357,Chad Ryland,4.00,10,Sun,13,14,2024-12-08,25-054,ARI,,SEA,L 18-30,4.00,4.00,4.0,4.0,0,0.0,0,0.0,10,34.5,K,RylaCh00
1358,Jason Sanders,4.00,7,Sun,6,6,2022-10-16,26-334,MIA,,MIN,L 16-24,4.00,4.00,5.0,5.0,0,0.0,0,0.0,7,22.6,K,SandJa00
1359,Jason Sanders,4.00,5,Thu,2,2,2024-09-12,28-301,MIA,,BUF,L 10-31,4.00,4.00,4.0,4.0,0,0.0,0,0.0,5,23.8,K,SandJa00
1360,Jason Sanders,4.00,6,Sun,6,7,2024-10-20,28-339,MIA,@,IND,L 10-16,4.00,4.00,4.0,4.0,0,0.0,0,0.0,6,22.2,K,SandJa00
1361,Cairo Santos,4.00,5,Sun,2,2,2022-09-18,30-310,CHI,@,GNB,L 10-27,4.00,4.00,5.0,5.0,0,0.0,0,0.0,5,22.7,K,SantCa01
1362,Cairo Santos,4.00,2,Sun,12,12,2022-11-27,31-015,CHI,@,NYJ,L 10-31,4.00,4.00,4.0,4.0,0,0.0,0,0.0,2,8.0,K,SantCa01
1363,Cairo Santos,4.00,2,Sun,16,17,2023-01-01,31-050,CHI,@,DET,L 10-41,4.00,4.00,4.0,4.0,0,0.0,0,0.0,2,6.7,K,SantCa01
1364,Cairo Santos,4.00,5,Sun,3,3,2023-09-24,31-316,CHI,@,KAN,L 10-41,4.00,4.00,4.0,4.0,0,0.0,0,0.0,5,20.0,K,SantCa01
1365,Cairo Santos,4.00,9,Sun,4,4,2023-10-01,31-323,CHI,,DEN,L 28-31,4.00,4.00,4.0,4.0,0,0.0,0,0.0,9,34.6,K,SantCa01
1366,Austin Seibert,4.00,5,Sun,2,2,2023-09-17,26-306,NYJ,@,DAL,L 10-30,4.00,4.00,4.0,4.0,0,0.0,0,0.0,5,17.9,K,SeibAu00
1367,Joey Slye,4.00,6,Sun,5,5,2024-10-06,28-179,NWE,,MIA,L 10-15,4.00,4.00,4.0,4.0,0,0.0,0,0.0,6,23.1,K,SlyeJo00
1368,Joey Slye,4.00,6,Sun,7,7,2024-10-20,28-193,NWE,@,JAX,L 16-32,4.00,4.00,5.0,5.0,0,0.0,0,0.0,6,27.3,K,SlyeJo00
1369,Joey Slye,4.00,5,Sun,4,4,2022-10-02,26-175,WAS,@,DAL,L 10-25,4.00,4.00,5.0,5.0,0,0.0,0,0.0,5,16.7,K,SlyeJo00
1370,Joey Slye,4.00,5,Sun,16,17,2023-01-01,26-266,WAS,,CLE,L 10-24,4.00,4.00,5.0,5.0,0,0.0,0,0.0,5,23.8,K,SlyeJo00
1371,Joey Slye,4.00,5,Thu,12,12,2023-11-23,27-227,WAS,@,DAL,L 10-45,4.00,4.00,5.0,5.0,0,0.0,0,0.0,5,20.0,K,SlyeJo00
1372,Joey Slye,4.00,9,Sun,15,16,2023-12-24,27-258,WAS,@,NYJ,L 28-30,4.00,4.00,4.0,4.0,0,0.0,0,0.0,9,25.0,K,SlyeJo00
1373,Joey Slye,4.00,5,Sun,16,17,2023-12-31,27-265,WAS,,SFO,L 10-27,4.00,4.00,5.0,5.0,0,0.0,0,0.0,5,23.8,K,SlyeJo00
1374,Joey Slye,4.00,5,Sun,17,18,2024-01-07,27-272,WAS,,DAL,L 10-38,4.00,4.00,4.0,4.0,0,0.0,0,0.0,5,22.7,K,SlyeJo00
1375,Ryan Succop,4.00,5,Sun,16,17,2023-01-01,36-104,TAM,,CAR,W 30-24,4.00,4.00,4.0,4.0,0,0.0,0,0.0,5,16.1,K,SuccRy44
1376,Justin Tucker,4.00,5,Sun,12,13,2022-12-04,33-013,BAL,,DEN,W 10-9,4.00,4.00,4.0,4.0,0,0.0,0,0.0,5,19.2,K,TuckJu00
1377,Justin Tucker,4.00,9,Sun,4,4,2023-10-01,33-314,BAL,@,CLE,W 28-3,4.00,4.00,4.0,4.0,0,0.0,0,0.0,9,32.1,K,TuckJu00
1378,Justin Tucker,4.00,5,Sun,5,5,2023-10-08,33-321,BAL,@,PIT,L 10-17,4.00,4.00,4.0,4.0,0,0.0,0,0.0,5,20.0,K,TuckJu00
1379,Justin Tucker,4.00,4,Sat,17,18,2024-01-06,34-046,BAL,,PIT,L 10-17,4.00,4.00,4.0,4.0,0,0.0,0,0.0,4,14.8,K,TuckJu00
1380,Justin Tucker,4.00,10,Sun,3,3,2024-09-22,34-306,BAL,@,DAL,W 28-25,4.00,4.00,4.0,4.0,0,0.0,0,0.0,10,35.7,K,TuckJu00
1381,Cade York,4.00,11,Sun,5,5,2022-10-09,21-255,CLE,,LAC,L 28-30,4.00,4.00,4.0,4.0,0,0.0,0,0.0,11,40.7,K,YorkCa00
1382,Cade York,4.00,5,Sun,13,14,2022-12-11,21-318,CLE,@,CIN,L 10-23,4.00,4.00,4.0,4.0,0,0.0,0,0.0,5,20.8,K,YorkCa00
1383,Cade York,4.00,5,Sat,15,16,2022-12-24,21-331,CLE,,NOR,L 10-17,4.00,4.00,4.0,4.0,0,0.0,0,0.0,5,22.7,K,YorkCa00
1384,Greg Zuerlein,4.00,5,Sun,13,14,2022-12-11,34-349,NYJ,@,BUF,L 12-20,4.00,4.00,4.0,4.0,0,0.0,0,0.0,5,16.7,K,ZuerGr00
1385,Greg Zuerlein,4.00,7,Sun,4,4,2023-10-01,35-278,NYJ,,KAN,L 20-23,4.00,4.00,4.0,4.0,0,0.0,0,0.0,7,26.9,K,ZuerGr00
1386,Greg Zuerlein,4.00,9,Sun,8,8,2024-10-27,36-305,NYJ,@,NWE,L 22-25,4.00,4.00,4.0,4.0,0,0.0,0,0.0,9,34.6,K,ZuerGr00
1387,Matt Ammendola,3.00,5,Sun,6,6,2022-10-16,25-309,ARI,@,SEA,L 9-19,3.00,3.00,3.0,3.0,0,0.0,0,0.0,5,19.2,K,AmmeMa00
1388,Matt Ammendola,3.00,8,Sun,10,11,2023-11-19,26-343,HOU,,ARI,W 21-16,3.00,3.00,3.0,3.0,0,0.0,0,0.0,8,44.4,K,AmmeMa00
1389,Matt Ammendola,3.00,9,Sun,11,12,2023-11-26,26-350,HOU,,JAX,L 21-24,3.00,3.00,3.0,3.0,0,0.0,0,0.0,9,34.6,K,AmmeMa00
1390,Matt Ammendola,3.00,8,Sun,3,3,2022-09-25,25-288,KAN,@,IND,L 17-20,3.00,3.00,3.0,3.0,0,0.0,0,0.0,8,34.8,K,AmmeMa00
1391,Tyler Bass,3.00,11,Sat,15,16,2022-12-24,25-313,BUF,@,CHI,W 35-13,3.00,3.00,3.0,3.0,0,0.0,0,0.0,11,44.0,K,BassTy00
1392,Tyler Bass,3.00,7,Sun,17,18,2024-01-07,26-327,BUF,@,MIA,W 21-14,3.00,3.00,3.0,3.0,0,0.0,0,0.0,7,38.9,K,BassTy00
1393,Taylor Bertolet,3.00,7,Sun,7,7,2022-10-23,29-364,LAC,,SEA,L 23-37,3.00,3.00,3.0,3.0,0,0.0,0,0.0,7,24.1,K,BertTa01
1394,Chris Boswell,3.00,5,Sun,5,5,2022-10-09,31-207,PIT,@,BUF,L 3-38,3.00,3.00,3.0,3.0,0,0.0,0,0.0,5,20.0,K,BoswCh00
1395,Randy Bullock,3.00,7,Sun,5,5,2022-10-09,32-297,TEN,@,WAS,W 21-17,3.00,3.00,3.0,3.0,0,0.0,0,0.0,7,25.0,K,BullRa00
1396,Harrison Butker,3.00,9,Sun,9,10,2022-11-13,27-122,KAN,,JAX,W 27-17,3.00,3.00,3.0,3.0,0,0.0,0,0.0,9,34.6,K,ButkHa00
1397,Harrison Butker,3.00,10,Sun,16,17,2023-01-01,27-171,KAN,,DEN,W 27-24,3.00,3.00,3.0,3.0,0,0.0,0,0.0,10,34.5,K,ButkHa00
1398,Harrison Butker,3.00,7,Sun,9,9,2023-11-05,28-114,KAN,,MIA,W 21-14,3.00,3.00,3.0,3.0,0,0.0,0,0.0,7,28.0,K,ButkHa00
1399,Harrison Butker,3.00,4,Sun,14,15,2024-12-15,29-154,KAN,@,CLE,W 21-7,3.00,3.00,3.0,3.0,0,0.0,0,0.0,4,15.4,K,ButkHa00
1400,Anders Carlson,3.00,5,Sun,15,16,2024-12-22,26-189,NYJ,,LAR,L 9-19,3.00,3.00,3.0,3.0,0,0.0,0,0.0,5,31.3,K,CarlAn00
1401,Mason Crosby,3.00,7,Sun,7,7,2022-10-23,38-050,GNB,@,WAS,L 21-23,3.00,3.00,3.0,3.0,0,0.0,0,0.0,7,24.1,K,CrosMa20
1402,Mason Crosby,3.00,4,Sun,9,9,2022-11-06,38-064,GNB,@,DET,L 9-15,3.00,3.00,3.0,3.0,0,0.0,0,0.0,4,30.8,K,CrosMa20
1403,Mason Crosby,3.00,6,Thu,11,11,2022-11-17,38-075,GNB,,TEN,L 17-27,3.00,3.00,3.0,3.0,0,0.0,0,0.0,6,27.3,K,CrosMa20
1404,Cameron Dicker,3.00,7,Thu,14,15,2023-12-14,23-222,LAC,@,LVR,L 21-63,3.00,3.00,3.0,3.0,0,0.0,0,0.0,7,18.9,K,DickCa00
1405,Cameron Dicker,3.00,10,Sun,8,9,2024-11-03,24-181,LAC,@,CLE,W 27-10,3.00,3.00,3.0,3.0,0,0.0,0,0.0,10,34.5,K,DickCa00
1406,Jake Elliott,3.00,9,Thu,8,9,2022-11-03,27-286,PHI,@,HOU,W 29-17,3.00,3.00,3.0,3.0,0,0.0,0,0.0,9,39.1,K,ElliJa03
1407,Jake Elliott,3.00,7,Mon,9,10,2022-11-14,27-297,PHI,,WAS,L 21-32,3.00,3.00,3.0,3.0,0,0.0,0,0.0,7,26.9,K,ElliJa03
1408,Jake Elliott,3.00,7,Mon,10,11,2023-11-20,28-303,PHI,@,KAN,W 21-17,3.00,3.00,3.0,3.0,0,0.0,0,0.0,7,26.9,K,ElliJa03
1409,Ka'imi Fairbairn,3.00,5,Sun,11,12,2022-11-27,28-302,HOU,@,MIA,L 15-30,3.00,3.00,3.0,3.0,0,0.0,0,0.0,5,16.7,K,FairKa01
1410,Nick Folk,3.00,3,Sun,3,3,2023-09-24,38-323,TEN,@,CLE,L 3-27,3.00,3.00,4.0,4.0,0,0.0,0,0.0,3,12.5,K,FolkNi20
1411,Nick Folk,3.00,7,Sun,14,15,2024-12-15,40-040,TEN,,CIN,L 27-37,3.00,3.00,3.0,3.0,0,0.0,0,0.0,7,31.8,K,FolkNi20
1412,Graham Gano,3.00,6,Sun,13,14,2024-12-08,37-243,NYG,,NOR,L 11-14,3.00,3.00,4.0,4.0,0,0.0,0,0.0,6,20.7,K,GanoGr44
1413,Matt Gay,3.00,7,Sun,1,1,2023-09-10,29-179,IND,,JAX,L 21-31,3.00,3.00,3.0,3.0,0,0.0,0,0.0,7,25.0,K,GayxMa00
1414,Matt Gay,3.00,7,Sun,3,3,2024-09-22,30-191,IND,,CHI,W 21-16,3.00,3.00,3.0,3.0,0,0.0,0,0.0,7,30.4,K,GayxMa00
1415,Robbie Gould,3.00,8,Thu,14,15,2022-12-15,40-009,SFO,@,SEA,W 21-13,3.00,3.00,3.0,3.0,0,0.0,0,0.0,8,28.6,K,gouldrob01
1416,Blake Grupe,3.00,5,Sun,10,10,2023-11-12,25-007,NOR,@,MIN,L 19-27,3.00,3.00,4.0,4.0,0,0.0,0,0.0,5,17.2,K,GrupBl00
1417,Dustin Hopkins,3.00,3,Sun,16,17,2024-12-29,34-089,CLE,,MIA,L 3-20,3.00,3.00,3.0,3.0,0,0.0,0,0.0,3,13.0,K,HopkDu00
1418,Greg Joseph,3.00,10,Sun,5,5,2022-10-09,28-066,MIN,,CHI,W 29-22,3.00,3.00,3.0,3.0,0,0.0,0,0.0,10,43.5,K,JoseGr00
1419,Greg Joseph,3.00,3,Sun,10,11,2022-11-20,28-108,MIN,,DAL,L 3-40,3.00,3.00,3.0,3.0,0,0.0,0,0.0,3,10.7,K,JoseGr00
1420,Greg Joseph,3.00,7,Sun,4,4,2023-10-01,29-058,MIN,@,CAR,W 21-13,3.00,3.00,3.0,3.0,0,0.0,0,0.0,7,31.8,K,JoseGr00
1421,Greg Joseph,3.00,5,Sun,13,14,2023-12-10,29-128,MIN,@,LVR,W 3-0,3.00,3.00,3.0,3.0,0,0.0,0,0.0,5,22.7,K,JoseGr00
1422,Greg Joseph,3.00,8,Sun,3,3,2024-09-22,30-049,NYG,@,CLE,W 21-15,3.00,3.00,3.0,3.0,0,0.0,0,0.0,8,30.8,K,JoseGr00
1423,Greg Joseph,3.00,3,Sun,7,7,2024-10-20,30-077,NYG,,PHI,L 3-28,3.00,3.00,3.0,3.0,0,0.0,0,0.0,3,9.4,K,JoseGr00
1424,Joshua Karty,3.00,3,Sun,12,13,2024-12-01,22-269,LAR,@,NOR,W 21-14,3.00,3.00,3.0,3.0,0,0.0,0,0.0,3,14.3,K,KartJo00
1425,Younghoe Koo,3.00,3,Thu,10,10,2022-11-10,28-099,ATL,@,CAR,L 15-25,3.00,3.00,3.0,3.0,0,0.0,0,0.0,3,10.3,K,KooxYo00
1426,Younghoe Koo,3.00,4,Sun,9,9,2024-11-03,30-092,ATL,,DAL,W 27-21,3.00,3.00,3.0,3.0,0,0.0,0,0.0,4,15.4,K,KooxYo00
1427,Josh Lambo,3.00,9,Thu,10,11,2022-11-17,31-363,TEN,@,GNB,W 27-17,3.00,3.00,3.0,3.0,0,0.0,0,0.0,9,40.9,K,LambJo00
1428,Wil Lutz,3.00,7,Sun,14,15,2022-12-18,28-164,NOR,,ATL,W 21-18,3.00,3.00,3.0,3.0,0,0.0,0,0.0,7,31.8,K,LutzWi00
1429,Brett Maher,3.00,4,Sun,7,7,2023-10-22,33-335,LAR,,PIT,L 17-24,3.00,3.00,4.0,4.0,0,0.0,0,0.0,4,15.4,K,MaheBr01
1430,Chase McLaughlin,3.00,4,Sun,9,9,2022-11-06,26-211,IND,@,NWE,L 3-26,3.00,3.00,4.0,4.0,0,0.0,0,0.0,4,12.1,K,McLaCh00
1431,Chase McLaughlin,3.00,3,Mon,15,16,2022-12-26,26-261,IND,,LAC,L 3-20,3.00,3.00,4.0,4.0,0,0.0,0,0.0,3,16.7,K,McLaCh00
1432,Chase McLaughlin,3.00,1,Mon,3,3,2023-09-25,27-169,TAM,,PHI,L 11-25,3.00,3.00,3.0,3.0,0,0.0,0,0.0,1,5.0,K,McLaCh00
1433,Chase McLaughlin,3.00,3,Sun,12,13,2023-12-03,27-238,TAM,,CAR,W 21-18,3.00,3.00,3.0,3.0,0,0.0,0,0.0,3,10.3,K,McLaCh00
1434,Brandon McManus,3.00,6,Sun,7,7,2022-10-23,31-090,DEN,,NYJ,L 9-16,3.00,3.00,4.0,4.0,0,0.0,0,0.0,6,21.4,K,McMaBr01
1435,Brandon McManus,3.00,7,Sun,8,8,2022-10-30,31-097,DEN,@,JAX,W 21-17,3.00,3.00,3.0,3.0,0,0.0,0,0.0,7,26.9,K,McMaBr01
1436,Brandon McManus,3.00,3,Sun,9,10,2023-11-12,32-110,JAX,,SFO,L 3-34,3.00,3.00,3.0,3.0,0,0.0,0,0.0,3,13.0,K,McMaBr01
1437,Brandon McManus,3.00,8,Sun,13,14,2023-12-10,32-138,JAX,@,CLE,L 27-31,3.00,3.00,3.0,3.0,0,0.0,0,0.0,8,23.5,K,McMaBr01
1438,Evan McPherson,3.00,4,Sun,1,1,2023-09-10,24-051,CIN,@,CLE,L 3-24,3.00,3.00,4.0,4.0,0,0.0,0,0.0,4,12.9,K,McPhEv00
1439,Evan McPherson,3.00,3,Sun,4,4,2023-10-01,24-072,CIN,@,TEN,L 3-27,3.00,3.00,3.0,3.0,0,0.0,0,0.0,3,14.3,K,McPhEv00
1440,Evan McPherson,3.00,4,Sat,15,16,2023-12-23,24-155,CIN,@,PIT,L 11-34,3.00,3.00,3.0,3.0,0,0.0,0,0.0,4,16.7,K,McPhEv00
1441,Evan McPherson,3.00,8,Sun,7,7,2024-10-20,25-091,CIN,@,CLE,W 21-14,3.00,3.00,3.0,3.0,0,0.0,0,0.0,8,28.6,K,McPhEv00
1442,Jason Myers,3.00,3,Sun,8,9,2023-11-05,32-177,SEA,@,BAL,L 3-37,3.00,3.00,3.0,3.0,0,0.0,0,0.0,3,11.1,K,MyerJa00
1443,Jason Myers,3.00,9,Mon,4,4,2024-09-30,33-141,SEA,@,DET,L 29-42,3.00,3.00,3.0,3.0,0,0.0,0,0.0,9,31.0,K,MyerJa00
1444,Brayden Narveson,3.00,9,Sun,4,4,2024-09-29,25-001,GNB,,MIN,L 29-31,3.00,3.00,3.0,3.0,0,0.0,0,0.0,9,31.0,K,NarvBr00
1445,Riley Patterson,3.00,3,Thu,1,1,2023-09-07,24-000,DET,@,KAN,W 21-20,3.00,3.00,3.0,3.0,0,0.0,0,0.0,3,11.1,K,PattRi01
1446,Riley Patterson,3.00,3,Sun,10,11,2023-11-19,24-073,DET,,CHI,W 31-26,3.00,3.00,3.0,3.0,0,0.0,0,0.0,3,11.5,K,PattRi01
1447,Riley Patterson,3.00,7,Sun,4,4,2022-10-02,23-025,JAX,@,PHI,L 21-29,3.00,3.00,3.0,3.0,0,0.0,0,0.0,7,29.2,K,PattRi01
1448,Riley Patterson,3.00,8,Sun,6,6,2022-10-16,23-039,JAX,@,IND,L 27-34,3.00,3.00,3.0,3.0,0,0.0,0,0.0,8,32.0,K,PattRi01
1449,Riley Patterson,3.00,7,Sun,7,7,2022-10-23,23-046,JAX,,NYG,L 17-23,3.00,3.00,3.0,3.0,0,0.0,0,0.0,7,31.8,K,PattRi01
1450,Riley Patterson,3.00,7,Thu,9,9,2024-10-31,25-054,NYJ,,HOU,W 21-13,3.00,3.00,3.0,3.0,0,0.0,0,0.0,7,26.9,K,PattRi01
1451,Eddy Piñeiro,3.00,7,Sun,7,7,2022-10-23,27-040,CAR,,TAM,W 21-3,3.00,3.00,3.0,3.0,0,0.0,0,0.0,7,29.2,K,PineEd00
1452,Eddy Piñeiro,3.00,7,Sun,9,9,2022-11-06,27-054,CAR,@,CIN,L 21-42,3.00,3.00,3.0,3.0,0,0.0,0,0.0,7,24.1,K,PineEd00
1453,Eddy Piñeiro,3.00,3,Sun,11,11,2022-11-20,27-068,CAR,@,BAL,L 3-13,3.00,3.00,3.0,3.0,0,0.0,0,0.0,3,13.0,K,PineEd00
1454,Eddy Piñeiro,3.00,8,Sun,6,6,2023-10-15,28-032,CAR,@,MIA,L 21-42,3.00,3.00,3.0,3.0,0,0.0,0,0.0,8,26.7,K,PineEd00
1455,Eddy Piñeiro,3.00,3,Sun,2,2,2024-09-15,29-002,CAR,,LAC,L 3-26,3.00,3.00,3.0,3.0,0,0.0,0,0.0,3,12.5,K,PineEd00
1456,Matt Prater,3.00,7,Sun,9,9,2022-11-06,38-088,ARI,,SEA,L 21-31,3.00,3.00,3.0,3.0,0,0.0,0,0.0,7,25.9,K,PratMa20
1457,Will Reichard,3.00,9,Sun,8,9,2024-11-03,23-299,MIN,,IND,W 21-13,3.00,3.00,3.0,3.0,0,0.0,0,0.0,9,40.9,K,ReicWi00
1458,Chad Ryland,3.00,4,Sun,4,4,2023-10-01,23-351,NWE,@,DAL,L 3-38,3.00,3.00,3.0,3.0,0,0.0,0,0.0,4,15.4,K,RylaCh00
1459,Chad Ryland,3.00,7,Thu,13,14,2023-12-07,24-053,NWE,@,PIT,W 21-18,3.00,3.00,3.0,3.0,0,0.0,0,0.0,7,25.0,K,RylaCh00
1460,Chad Ryland,3.00,8,Sun,16,17,2023-12-31,24-077,NWE,@,BUF,L 21-27,3.00,3.00,3.0,3.0,0,0.0,0,0.0,8,27.6,K,RylaCh00
1461,Chad Ryland,3.00,3,Sun,17,18,2024-01-07,24-084,NWE,,NYJ,L 3-17,3.00,3.00,3.0,3.0,0,0.0,0,0.0,3,10.7,K,RylaCh00
1462,Chad Ryland,3.00,5,Sat,16,17,2024-12-28,25-074,ARI,@,LAR,L 9-13,3.00,3.00,3.0,3.0,0,0.0,0,0.0,5,22.7,K,RylaCh00
1463,Jason Sanders,3.00,7,Sun,3,3,2022-09-25,26-313,MIA,,BUF,W 21-19,3.00,3.00,3.0,3.0,0,0.0,0,0.0,7,31.8,K,SandJa00
1464,Jason Sanders,3.00,8,Sun,16,17,2023-01-01,27-046,MIA,@,NWE,L 21-23,3.00,3.00,3.0,3.0,0,0.0,0,0.0,8,29.6,K,SandJa00
1465,Jason Sanders,3.00,4,Sun,3,3,2024-09-22,28-311,MIA,@,SEA,L 3-24,3.00,3.00,3.0,3.0,0,0.0,0,0.0,4,14.8,K,SandJa00
1466,Jason Sanders,3.00,5,Thu,12,13,2024-11-28,29-012,MIA,@,GNB,L 17-30,3.00,3.00,3.0,3.0,0,0.0,0,0.0,5,20.8,K,SandJa00
1467,Cairo Santos,3.00,3,Sun,9,10,2024-11-10,32-364,CHI,,NWE,L 3-19,3.00,3.00,3.0,3.0,0,0.0,0,0.0,3,11.1,K,SantCa01
1468,Cairo Santos,3.00,3,Thu,16,17,2024-12-26,33-044,CHI,,SEA,L 3-6,3.00,3.00,4.0,4.0,0,0.0,0,0.0,3,14.3,K,SantCa01
1469,Spencer Shrader,3.00,8,Sun,1,1,2024-09-08,25-112,IND,,HOU,L 27-29,3.00,3.00,3.0,3.0,0,0.0,0,0.0,8,32.0,K,ShraSp00
1470,Spencer Shrader,3.00,7,Sun,10,11,2024-11-17,25-182,KAN,@,BUF,L 21-30,3.00,3.00,3.0,3.0,0,0.0,0,0.0,7,29.2,K,ShraSp00
1471,Joey Slye,3.00,3,Thu,3,3,2024-09-19,28-162,NWE,@,NYJ,L 3-24,3.00,3.00,4.0,4.0,0,0.0,0,0.0,3,14.3,K,SlyeJo00
1472,Joey Slye,3.00,7,Sun,6,6,2024-10-13,28-186,NWE,,HOU,L 21-41,3.00,3.00,3.0,3.0,0,0.0,0,0.0,7,21.2,K,SlyeJo00
1473,Joey Slye,3.00,7,Sun,15,16,2024-12-22,28-256,NWE,@,BUF,L 21-24,3.00,3.00,3.0,3.0,0,0.0,0,0.0,7,29.2,K,SlyeJo00
1474,Ryan Succop,3.00,1,Sun,7,7,2022-10-23,36-034,TAM,@,CAR,L 3-21,3.00,3.00,3.0,3.0,0,0.0,0,0.0,1,4.2,K,SuccRy44
1475,Ryan Succop,3.00,4,Sun,10,10,2022-11-13,36-055,TAM,,SEA,W 21-16,3.00,3.00,3.0,3.0,0,0.0,0,0.0,4,19.0,K,SuccRy44
1476,Justin Tucker,3.00,10,Thu,10,10,2024-11-07,34-352,BAL,,CIN,W 35-34,3.00,3.00,3.0,3.0,0,0.0,0,0.0,10,35.7,K,TuckJu00
1477,Greg Zuerlein,3.00,5,Sun,1,1,2022-09-11,34-258,NYJ,,BAL,L 9-24,3.00,3.00,4.0,4.0,0,0.0,0,0.0,5,18.5,K,ZuerGr00
1478,Greg Zuerlein,3.00,1,Sun,10,11,2022-11-20,34-328,NYJ,@,NWE,L 3-10,3.00,3.00,4.0,4.0,0,0.0,0,0.0,1,3.3,K,ZuerGr00
1479,Greg Zuerlein,3.00,3,Thu,15,16,2022-12-22,34-360,NYJ,,JAX,L 3-19,3.00,3.00,3.0,3.0,0,0.0,0,0.0,3,13.6,K,ZuerGr00
1480,Tyler Bass,2.00,6,Sun,5,5,2023-10-08,26-236,BUF,,JAX,L 20-25,2.00,2.00,2.0,2.0,0,0.0,0,0.0,6,24.0,K,BassTy00
1481,Tyler Bass,2.00,7,Sun,6,6,2023-10-15,26-243,BUF,,NYG,W 14-9,2.00,2.00,2.0,2.0,0,0.0,0,0.0,7,33.3,K,BassTy00
1482,Tyler Bass,2.00,7,Mon,10,10,2023-11-13,26-272,BUF,,DEN,L 22-24,2.00,2.00,2.0,2.0,0,0.0,0,0.0,7,25.9,K,BassTy00
1483,Jake Bates,2.00,7,Sun,3,3,2024-09-22,25-203,DET,@,ARI,W 20-13,2.00,2.00,2.0,2.0,0,0.0,0,0.0,7,30.4,K,BateJa00
1484,Chris Boswell,2.00,6,Sun,13,14,2022-12-11,31-270,PIT,,BAL,L 14-16,2.00,2.00,2.0,2.0,0,0.0,0,0.0,6,28.6,K,BoswCh00
1485,Randy Bullock,2.00,6,Sun,13,14,2022-12-11,32-360,TEN,,JAX,L 22-36,2.00,2.00,2.0,2.0,0,0.0,0,0.0,6,23.1,K,BullRa00
1486,Randy Bullock,2.00,6,Sun,14,15,2022-12-18,33-002,TEN,@,LAC,L 14-17,2.00,2.00,2.0,2.0,0,0.0,0,0.0,6,22.2,K,BullRa00
1487,Randy Bullock,2.00,5,Sat,15,16,2022-12-24,33-008,TEN,,HOU,L 14-19,2.00,2.00,2.0,2.0,0,0.0,0,0.0,5,20.8,K,BullRa00
1488,Harrison Butker,2.00,6,Mon,15,16,2023-12-25,28-164,KAN,,LVR,L 14-20,2.00,2.00,2.0,2.0,0,0.0,0,0.0,6,24.0,K,ButkHa00
1489,Daniel Carlson,2.00,6,Sun,9,10,2022-11-13,27-294,LVR,,IND,L 20-25,2.00,2.00,2.0,2.0,0,0.0,0,0.0,6,26.1,K,CarlDa00
1490,Daniel Carlson,2.00,5,Mon,8,8,2023-10-30,28-280,LVR,@,DET,L 14-26,2.00,2.00,2.0,2.0,0,0.0,0,0.0,5,20.0,K,CarlDa00
1491,Daniel Carlson,2.00,7,Sun,3,3,2024-09-22,29-243,LVR,,CAR,L 22-36,2.00,2.00,2.0,2.0,0,0.0,0,0.0,7,23.3,K,CarlDa00
1492,Mason Crosby,2.00,5,Sun,3,3,2022-09-25,38-022,GNB,@,TAM,W 14-12,2.00,2.00,2.0,2.0,0,0.0,0,0.0,5,20.0,K,CrosMa20
1493,Jake Elliott,2.00,6,Sun,6,6,2023-10-15,28-267,PHI,@,NYJ,L 14-20,2.00,2.00,2.0,2.0,0,0.0,0,0.0,6,27.3,K,ElliJa03
1494,Jake Elliott,2.00,2,Sun,4,4,2024-09-29,29-252,PHI,@,TAM,L 16-33,2.00,2.00,2.0,2.0,0,0.0,0,0.0,2,7.4,K,ElliJa03
1495,Jake Elliott,2.00,4,Sun,13,14,2024-12-08,29-322,PHI,,CAR,W 22-16,2.00,2.00,2.0,2.0,0,0.0,0,0.0,4,18.2,K,ElliJa03
1496,Ka'imi Fairbairn,2.00,6,Sun,15,16,2023-12-24,29-329,HOU,,CLE,L 22-36,2.00,2.00,2.0,2.0,0,0.0,0,0.0,6,25.0,K,FairKa01
1497,Nick Folk,2.00,2,Mon,7,7,2022-10-24,37-353,NWE,,CHI,L 14-33,2.00,2.00,2.0,2.0,0,0.0,0,0.0,2,8.0,K,FolkNi20
1498,Nick Folk,2.00,5,Sun,10,11,2023-11-19,39-014,TEN,@,JAX,L 14-34,2.00,2.00,2.0,2.0,0,0.0,0,0.0,5,20.0,K,FolkNi20
1499,Nick Folk,2.00,5,Sun,3,3,2024-09-22,39-322,TEN,,GNB,L 14-30,2.00,2.00,2.0,2.0,0,0.0,0,0.0,5,17.9,K,FolkNi20
1500,Nick Folk,2.00,5,Sun,7,8,2024-10-27,39-357,TEN,@,DET,L 14-52,2.00,2.00,2.0,2.0,0,0.0,0,0.0,5,15.2,K,FolkNi20
1501,Graham Gano,2.00,6,Sun,13,14,2022-12-11,35-246,NYG,,PHI,L 22-48,2.00,2.00,2.0,2.0,0,0.0,0,0.0,6,19.4,K,GanoGr44
1502,Graham Gano,2.00,6,Sun,7,7,2023-10-22,36-196,NYG,,WAS,W 14-7,2.00,2.00,2.0,2.0,0,0.0,0,0.0,6,20.7,K,GanoGr44
1503,Graham Gano,2.00,5,Sun,14,15,2024-12-15,37-250,NYG,,BAL,L 14-35,2.00,2.00,2.0,2.0,0,0.0,0,0.0,5,23.8,K,GanoGr44
1504,Matt Gay,2.00,5,Sun,7,8,2022-10-30,28-229,LAR,,SFO,L 14-31,2.00,2.00,2.0,2.0,0,0.0,0,0.0,5,20.8,K,GayxMa00
1505,Robbie Gould,2.00,5,Sun,6,6,2022-10-16,39-314,SFO,@,ATL,L 14-28,2.00,2.00,2.0,2.0,0,0.0,0,0.0,5,22.7,K,gouldrob01
1506,Blake Grupe,2.00,6,Thu,15,16,2023-12-21,25-046,NOR,@,LAR,L 22-30,2.00,2.00,2.0,2.0,0,0.0,0,0.0,6,25.0,K,GrupBl00
1507,Blake Grupe,2.00,7,Sun,13,14,2024-12-08,26-033,NOR,@,NYG,W 14-11,2.00,2.00,2.0,2.0,0,0.0,0,0.0,7,24.1,K,GrupBl00
1508,Lucas Havrisik,2.00,9,Sun,16,17,2023-12-31,24-093,LAR,@,NYG,W 26-25,2.00,2.00,2.0,2.0,0,0.0,0,0.0,9,30.0,K,HavrLu00
1509,Dustin Hopkins,2.00,4,Sun,15,16,2023-12-24,33-084,CLE,@,HOU,W 36-22,2.00,2.00,2.0,2.0,0,0.0,0,0.0,4,16.7,K,HopkDu00
1510,Dustin Hopkins,2.00,7,Sun,13,14,2024-12-08,34-068,CLE,@,PIT,L 14-27,2.00,2.00,2.0,2.0,0,0.0,0,0.0,7,24.1,K,HopkDu00
1511,Joshua Karty,2.00,4,Sun,6,7,2024-10-20,22-227,LAR,,LVR,W 20-15,2.00,2.00,2.0,2.0,0,0.0,0,0.0,4,14.3,K,KartJo00
1512,Joshua Karty,2.00,3,Sun,11,12,2024-11-24,22-262,LAR,,PHI,L 20-37,2.00,2.00,2.0,2.0,0,0.0,0,0.0,3,10.7,K,KartJo00
1513,Younghoe Koo,2.00,5,Sun,7,7,2024-10-20,30-078,ATL,,SEA,L 14-34,2.00,2.00,2.0,2.0,0,0.0,0,0.0,5,19.2,K,KooxYo00
1514,Cam Little,2.00,5,Sun,15,16,2024-12-22,21-127,JAX,@,LVR,L 14-19,2.00,2.00,2.0,2.0,0,0.0,0,0.0,5,18.5,K,LittCa00
1515,Wil Lutz,2.00,5,Sun,17,18,2024-01-07,29-184,DEN,@,LVR,L 14-27,2.00,2.00,2.0,2.0,0,0.0,0,0.0,5,20.0,K,LutzWi00
1516,Wil Lutz,2.00,7,Sun,10,10,2024-11-10,30-126,DEN,@,KAN,L 14-16,2.00,2.00,2.0,2.0,0,0.0,0,0.0,7,28.0,K,LutzWi00
1517,Wil Lutz,2.00,7,Sun,3,3,2022-09-25,28-080,NOR,@,CAR,L 14-22,2.00,2.00,2.0,2.0,0,0.0,0,0.0,7,24.1,K,LutzWi00
1518,Brett Maher,2.00,2,Sun,5,5,2023-10-08,33-321,LAR,,PHI,L 14-23,2.00,2.00,2.0,2.0,0,0.0,0,0.0,2,10.0,K,MaheBr01
1519,Chase McLaughlin,2.00,2,Sun,10,11,2023-11-19,27-224,TAM,@,SFO,L 14-27,2.00,2.00,2.0,2.0,0,0.0,0,0.0,2,9.1,K,McLaCh00
1520,Brandon McManus,2.00,6,Sun,10,11,2024-11-17,33-115,GNB,@,CHI,W 20-19,2.00,2.00,2.0,2.0,0,0.0,0,0.0,6,33.3,K,McMaBr01
1521,Jake Moody,2.00,8,Sun,17,18,2024-01-07,24-045,SFO,,LAR,L 20-21,2.00,2.00,2.0,2.0,0,0.0,0,0.0,8,42.1,K,MoodJa00
1522,Jason Myers,2.00,7,Sun,9,9,2024-11-03,33-175,SEA,,LAR,L 20-26 (OT),2.00,2.00,2.0,2.0,0,0.0,0,0.0,7,21.9,K,MyerJa00
1523,Brayden Narveson,2.00,8,Sun,15,16,2024-12-22,25-085,TEN,@,IND,L 30-38,2.00,2.00,2.0,2.0,0,0.0,0,0.0,8,26.7,K,NarvBr00
1524,Riley Patterson,2.00,5,Sun,17,18,2024-01-07,24-122,CLE,@,CIN,L 14-31,2.00,2.00,2.0,2.0,0,0.0,0,0.0,5,17.2,K,PattRi01
1525,Eddy Piñeiro,2.00,4,Sun,8,8,2024-10-27,29-044,CAR,@,DEN,L 14-28,2.00,2.00,2.0,2.0,0,0.0,0,0.0,4,16.7,K,PineEd00
1526,Eddy Piñeiro,2.00,2,Sun,14,15,2024-12-15,29-093,CAR,,DAL,L 14-30,2.00,2.00,2.0,2.0,0,0.0,0,0.0,2,8.0,K,PineEd00
1527,Eddy Piñeiro,2.00,6,Sun,16,17,2024-12-29,29-107,CAR,@,TAM,L 14-48,2.00,2.00,2.0,2.0,0,0.0,0,0.0,6,20.0,K,PineEd00
1528,Matt Prater,2.00,7,Sun,5,5,2023-10-08,39-059,ARI,,CIN,L 20-34,2.00,2.00,2.0,2.0,0,0.0,0,0.0,7,25.9,K,PratMa20
1529,Matt Prater,2.00,5,Sun,4,4,2024-09-29,40-050,ARI,,WAS,L 14-42,2.00,2.00,2.0,2.0,0,0.0,0,0.0,5,21.7,K,PratMa20
1530,Chad Ryland,2.00,6,Sun,1,1,2023-09-10,23-330,NWE,,PHI,L 20-25,2.00,2.00,2.0,2.0,0,0.0,0,0.0,6,20.7,K,RylaCh00
1531,Jason Sanders,2.00,5,Sun,4,4,2023-10-01,27-319,MIA,@,BUF,L 20-48,2.00,2.00,2.0,2.0,0,0.0,0,0.0,5,17.9,K,SandJa00
1532,Jason Sanders,2.00,5,Sun,9,9,2023-11-05,27-354,MIA,@,KAN,L 14-21,2.00,2.00,2.0,2.0,0,0.0,0,0.0,5,20.0,K,SandJa00
1533,Jason Sanders,2.00,5,Sun,17,18,2024-01-07,28-052,MIA,,BUF,L 14-21,2.00,2.00,2.0,2.0,0,0.0,0,0.0,5,27.8,K,SandJa00
1534,Cairo Santos,2.00,4,Sun,14,15,2022-12-18,31-036,CHI,,PHI,L 20-25,2.00,2.00,2.0,2.0,0,0.0,0,0.0,4,16.0,K,SantCa01
1535,Cairo Santos,2.00,6,Thu,12,13,2024-11-28,33-016,CHI,@,DET,L 20-23,2.00,2.00,2.0,2.0,0,0.0,0,0.0,6,25.0,K,SantCa01
1536,Joey Slye,2.00,7,Sun,1,1,2022-09-11,26-154,WAS,,JAX,W 28-22,2.00,2.00,2.0,2.0,0,0.0,0,0.0,7,29.2,K,SlyeJo00
1537,Joey Slye,2.00,6,Sat,15,16,2022-12-24,26-258,WAS,@,SFO,L 20-37,2.00,2.00,2.0,2.0,0,0.0,0,0.0,6,22.2,K,SlyeJo00
1538,Joey Slye,2.00,7,Sun,14,15,2023-12-17,27-251,WAS,@,LAR,L 20-28,2.00,2.00,2.0,2.0,0,0.0,0,0.0,7,25.9,K,SlyeJo00
1539,Cade York,2.00,8,Sun,1,1,2024-09-08,23-225,WAS,@,TAM,L 20-37,2.00,2.00,2.0,2.0,0,0.0,0,0.0,8,29.6,K,YorkCa00
1540,Cade York,2.00,5,Sun,17,18,2023-01-08,21-346,CLE,@,PIT,L 14-28,2.00,2.00,2.0,2.0,0,0.0,0,0.0,5,22.7,K,YorkCa00
1541,Brandon Aubrey,1.00,4,Sun,16,17,2024-12-29,29-290,DAL,@,PHI,L 7-41,1.00,1.00,1.0,1.0,0,0.0,0,0.0,4,15.4,K,AubrBr00
1542,Michael Badgley,1.00,2,Sun,8,9,2022-11-06,27-101,DET,,GNB,W 15-9,1.00,1.00,1.0,1.0,0,0.0,0,0.0,2,15.4,K,BadgMi00
1543,Chris Boswell,1.00,3,Sun,1,1,2023-09-10,32-178,PIT,,SFO,L 7-30,1.00,1.00,1.0,1.0,0,0.0,0,0.0,3,11.5,K,BoswCh00
1544,Chris Boswell,1.00,5,Sat,14,15,2023-12-16,32-275,PIT,@,IND,L 13-30,1.00,1.00,1.0,1.0,0,0.0,0,0.0,5,19.2,K,BoswCh00
1545,Randy Bullock,1.00,3,Mon,2,2,2022-09-19,32-277,TEN,@,BUF,L 7-41,1.00,1.00,1.0,1.0,0,0.0,0,0.0,3,11.1,K,BullRa00
1546,Anders Carlson,1.00,6,Sun,12,13,2024-12-01,26-168,NYJ,,SEA,L 21-26,1.00,1.00,1.0,1.0,0,0.0,0,0.0,6,25.0,K,CarlAn00
1547,Daniel Carlson,1.00,4,Sun,6,6,2024-10-13,29-264,LVR,,PIT,L 13-32,1.00,1.00,1.0,1.0,0,0.0,0,0.0,4,16.0,K,CarlDa00
1548,Mason Crosby,1.00,3,Sun,1,1,2022-09-11,38-008,GNB,@,MIN,L 7-23,1.00,1.00,1.0,1.0,0,0.0,0,0.0,3,13.0,K,CrosMa20
1549,Cameron Dicker,1.00,3,Sun,13,14,2023-12-10,23-218,LAC,,DEN,L 7-24,1.00,1.00,1.0,1.0,0,0.0,0,0.0,3,12.5,K,DickCa00
1550,Jake Elliott,1.00,2,Sun,3,3,2024-09-22,29-245,PHI,@,NOR,W 15-12,1.00,1.00,1.0,1.0,0,0.0,0,0.0,2,11.8,K,ElliJa03
1551,Ka'imi Fairbairn,1.00,4,Sun,7,8,2023-10-29,29-273,HOU,@,CAR,L 13-15,1.00,1.00,1.0,1.0,0,0.0,0,0.0,4,16.7,K,FairKa01
1552,Ka'imi Fairbairn,1.00,5,Sun,3,3,2024-09-22,30-237,HOU,@,MIN,L 7-34,1.00,1.00,1.0,1.0,0,0.0,0,0.0,5,19.2,K,FairKa01
1553,Nick Folk,1.00,1,Sun,1,1,2022-09-11,37-310,NWE,@,MIA,L 7-20,1.00,1.00,1.0,1.0,0,0.0,0,0.0,1,5.3,K,FolkNi20
1554,Graham Gano,1.00,6,Sun,1,1,2022-09-11,35-155,NYG,@,TEN,W 21-20,1.00,1.00,1.0,1.0,0,0.0,0,0.0,6,21.4,K,GanoGr44
1555,Graham Gano,1.00,3,Sun,11,12,2024-11-24,37-229,NYG,,TAM,L 7-30,1.00,1.00,1.0,1.0,0,0.0,0,0.0,3,15.0,K,GanoGr44
1556,Graham Gano,1.00,3,Sun,15,16,2024-12-22,37-257,NYG,@,ATL,L 7-34,1.00,1.00,1.0,1.0,0,0.0,0,0.0,3,12.5,K,GanoGr44
1557,Matt Gay,1.00,7,Sun,4,4,2023-10-01,29-200,IND,,LAR,L 23-29 (OT),1.00,1.00,1.0,1.0,0,0.0,0,0.0,7,25.9,K,GayxMa00
1558,Blake Grupe,1.00,5,Mon,5,5,2024-10-07,25-337,NOR,@,KAN,L 13-26,1.00,1.00,1.0,1.0,0,0.0,0,0.0,5,20.8,K,GrupBl00
1559,Dustin Hopkins,1.00,5,Sun,3,3,2024-09-22,33-357,CLE,,NYG,L 15-21,1.00,1.00,1.0,1.0,0,0.0,0,0.0,5,19.2,K,HopkDu00
1560,Greg Joseph,1.00,3,Mon,2,2,2022-09-19,28-046,MIN,@,PHI,L 7-24,1.00,1.00,1.0,1.0,0,0.0,0,0.0,3,14.3,K,JoseGr00
1561,Greg Joseph,1.00,5,Sun,6,6,2024-10-13,30-070,NYG,,CIN,L 7-17,1.00,1.00,1.0,1.0,0,0.0,0,0.0,5,22.7,K,JoseGr00
1562,Joshua Karty,1.00,2,Sun,5,5,2024-10-06,22-213,LAR,,GNB,L 19-24,1.00,1.00,1.0,1.0,0,0.0,0,0.0,2,9.1,K,KartJo00
1563,Younghoe Koo,1.00,2,Sun,5,5,2022-10-09,28-067,ATL,@,TAM,L 15-21,1.00,1.00,1.0,1.0,0,0.0,0,0.0,2,9.1,K,KooxYo00
1564,Younghoe Koo,1.00,1,Sun,4,4,2023-10-01,29-059,ATL,@,JAX,L 7-23,1.00,1.00,1.0,1.0,0,0.0,0,0.0,1,4.5,K,KooxYo00
1565,Younghoe Koo,1.00,1,Sun,14,15,2023-12-17,29-136,ATL,@,CAR,L 7-9,1.00,1.00,1.0,1.0,0,0.0,0,0.0,1,5.3,K,KooxYo00
1566,Cam Little,1.00,5,Sun,9,9,2024-11-03,21-078,JAX,@,PHI,L 23-28,1.00,1.00,1.0,1.0,0,0.0,0,0.0,5,21.7,K,LittCa00
1567,Cam Little,1.00,3,Sun,10,10,2024-11-10,21-085,JAX,,MIN,L 7-12,1.00,1.00,1.0,1.0,0,0.0,0,0.0,3,15.8,K,LittCa00
1568,Wil Lutz,1.00,6,Sun,15,16,2023-12-24,29-170,DEN,,NWE,L 23-26,1.00,1.00,1.0,1.0,0,0.0,0,0.0,6,18.2,K,LutzWi00
1569,Wil Lutz,1.00,5,Sun,17,18,2023-01-08,28-185,NOR,,CAR,L 7-10,1.00,1.00,1.0,1.0,0,0.0,0,0.0,5,25.0,K,LutzWi00
1570,Brett Maher,1.00,2,Sun,17,18,2024-01-07,34-047,LAR,@,SFO,W 21-20,1.00,1.00,1.0,1.0,0,0.0,0,0.0,2,10.5,K,MaheBr01
1571,Chase McLaughlin,1.00,1,Sun,16,17,2023-12-31,27-266,TAM,,NOR,L 13-23,1.00,1.00,1.0,1.0,0,0.0,0,0.0,1,3.8,K,McLaCh00
1572,Chase McLaughlin,1.00,1,Sun,3,3,2024-09-22,28-166,TAM,,DEN,L 7-26,1.00,1.00,1.0,1.0,0,0.0,0,0.0,1,4.5,K,McLaCh00
1573,Brandon McManus,1.00,5,Sun,14,15,2023-12-17,32-145,JAX,,BAL,L 7-23,1.00,1.00,1.0,1.0,0,0.0,0,0.0,5,22.7,K,McMaBr01
1574,Evan McPherson,1.00,6,Mon,8,8,2022-10-31,23-102,CIN,@,CLE,L 13-32,1.00,1.00,1.0,1.0,0,0.0,0,0.0,6,26.1,K,McPhEv00
1575,Jason Myers,1.00,3,Sun,2,2,2022-09-18,31-129,SEA,@,SFO,L 7-27,1.00,1.00,1.0,1.0,0,0.0,0,0.0,3,13.0,K,MyerJa00
1576,Riley Patterson,1.00,3,Sun,14,15,2024-12-15,25-099,CLE,,KAN,L 7-21,1.00,1.00,1.0,1.0,0,0.0,0,0.0,3,11.5,K,PattRi01
1577,Riley Patterson,1.00,2,Sun,13,14,2023-12-10,24-094,DET,@,CHI,L 13-28,1.00,1.00,1.0,1.0,0,0.0,0,0.0,2,8.3,K,PattRi01
1578,Eddy Piñeiro,1.00,3,Sun,7,7,2024-10-20,29-037,CAR,@,WAS,L 7-40,1.00,1.00,1.0,1.0,0,0.0,0,0.0,3,11.5,K,PineEd00
1579,Matt Prater,1.00,5,Sun,1,1,2022-09-11,38-032,ARI,,KAN,L 21-44,1.00,1.00,1.0,1.0,0,0.0,0,0.0,5,18.5,K,PratMa20
1580,Matt Prater,1.00,4,Sun,2,2,2022-09-18,38-039,ARI,@,LVR,W 29-23 (OT),1.00,1.00,1.0,1.0,0,0.0,0,0.0,4,19.0,K,PratMa20
1581,Matt Prater,1.00,5,Sun,17,18,2023-01-08,38-151,ARI,@,SFO,L 13-38,1.00,1.00,1.0,1.0,0,0.0,0,0.0,5,19.2,K,PratMa20
1582,Chad Ryland,1.00,4,Sun,11,12,2023-11-26,24-042,NWE,@,NYG,L 7-10,1.00,1.00,1.0,1.0,0,0.0,0,0.0,4,17.4,K,RylaCh00
1583,Cairo Santos,1.00,8,Sun,1,1,2022-09-11,30-303,CHI,,SFO,W 19-10,1.00,1.00,1.0,1.0,0,0.0,0,0.0,8,33.3,K,SantCa01
1584,Cairo Santos,1.00,3,Thu,6,6,2022-10-13,30-335,CHI,,WAS,L 7-12,1.00,1.00,1.0,1.0,0,0.0,0,0.0,3,15.0,K,SantCa01
1585,Cairo Santos,1.00,2,Sun,17,18,2023-01-08,31-057,CHI,,MIN,L 13-29,1.00,1.00,1.0,1.0,0,0.0,0,0.0,2,8.7,K,SantCa01
1586,Cairo Santos,1.00,4,Sun,8,8,2023-10-29,31-351,CHI,@,LAC,L 13-30,1.00,1.00,1.0,1.0,0,0.0,0,0.0,4,18.2,K,SantCa01
1587,Cairo Santos,1.00,4,Sun,7,8,2024-10-27,32-350,CHI,@,WAS,L 15-18,1.00,1.00,1.0,1.0,0,0.0,0,0.0,4,15.4,K,SantCa01
1588,Cairo Santos,1.00,4,Sun,13,14,2024-12-08,33-026,CHI,@,SFO,L 13-38,1.00,1.00,1.0,1.0,0,0.0,0,0.0,4,16.0,K,SantCa01
1589,Joey Slye,1.00,5,Sun,12,12,2024-11-24,28-228,NWE,@,MIA,L 15-34,1.00,1.00,1.0,1.0,0,0.0,0,0.0,5,17.9,K,SlyeJo00
1590,Joey Slye,1.00,3,Sat,16,17,2024-12-28,28-262,NWE,,LAC,L 7-40,1.00,1.00,1.0,1.0,0,0.0,0,0.0,3,11.5,K,SlyeJo00
1591,Joey Slye,1.00,7,Sun,2,2,2022-09-18,26-161,WAS,@,DET,L 27-36,1.00,1.00,1.0,1.0,0,0.0,0,0.0,7,21.9,K,SlyeJo00
1592,Joey Slye,1.00,4,Sun,7,7,2023-10-22,27-195,WAS,@,NYG,L 7-14,1.00,1.00,1.0,1.0,0,0.0,0,0.0,4,13.8,K,SlyeJo00
1593,Joey Slye,1.00,5,Sun,13,13,2023-12-03,27-237,WAS,,MIA,L 15-45,1.00,1.00,1.0,1.0,0,0.0,0,0.0,5,17.9,K,SlyeJo00
1594,Ryan Succop,1.00,2,Sun,13,14,2022-12-11,36-083,TAM,@,SFO,L 7-35,1.00,1.00,1.0,1.0,0,0.0,0,0.0,2,9.5,K,SuccRy44
1595,Greg Zuerlein,1.00,4,Fri,11,12,2023-11-24,35-332,NYJ,,MIA,L 13-34,1.00,1.00,1.0,1.0,0,0.0,0,0.0,4,16.7,K,ZuerGr00
1596,Greg Zuerlein,1.00,5,Mon,1,1,2024-09-09,36-257,NYJ,@,SFO,L 19-32,1.00,1.00,1.0,1.0,0,0.0,0,0.0,5,19.2,K,ZuerGr00
1597,Greg Zuerlein,1.00,6,Sun,7,7,2024-10-20,36-298,NYJ,@,PIT,L 15-37,1.00,1.00,1.0,1.0,0,0.0,0,0.0,6,20.7,K,ZuerGr00
1598,Ramiz Ahmed,0.00,6,Sun,10,10,2022-11-13,27-109,GNB,,DAL,W 31-28 (OT),0.00,0.00,0.0,0.0,0,0.0,0,0.0,6,20.0,K,AhmeRa00
1599,Matt Ammendola,0.00,3,Sun,13,14,2023-12-10,26-364,HOU,@,NYJ,L 6-30,0.00,0.00,0.0,0.0,0,0.0,0,0.0,3,10.3,K,AmmeMa00
1600,Rodrigo Blankenship,0.00,6,Sun,8,8,2022-10-30,25-274,ARI,@,MIN,L 26-34,0.00,0.00,0.0,0.0,0,0.0,0,0.0,6,20.0,K,BlanRo03
1601,Randy Bullock,0.00,2,Sun,9,9,2023-11-05,33-324,NYG,@,LVR,L 6-30,0.00,0.00,0.0,0.0,0,0.0,0,0.0,2,8.3,K,BullRa00
1602,Harrison Butker,0.00,2,Sun,17,18,2025-01-05,29-175,KAN,@,DEN,L 0-38,0.00,0.00,0.0,0.0,0,0.0,0,0.0,2,8.7,K,ButkHa00
1603,Daniel Carlson,0.00,1,Sun,7,8,2022-10-30,27-280,LVR,@,NOR,L 0-24,0.00,0.00,0.0,0.0,0,0.0,0,0.0,1,5.3,K,CarlDa00
1604,Daniel Carlson,0.00,1,Sun,13,14,2023-12-10,28-321,LVR,,MIN,L 0-3,0.00,0.00,0.0,0.0,0,0.0,0,0.0,1,4.5,K,CarlDa00
1605,Ka'imi Fairbairn,0.00,1,Wed,16,17,2024-12-25,30-331,HOU,,BAL,L 2-31,0.00,0.00,0.0,0.0,0,0.0,0,0.0,1,4.2,K,FairKa01
1606,Nick Folk,0.00,2,Sat,15,16,2022-12-24,38-049,NWE,,CIN,L 18-22,0.00,0.00,0.0,0.0,0,0.0,0,0.0,2,8.0,K,FolkNi20
1607,Graham Gano,0.00,6,Sun,10,11,2022-11-20,35-225,NYG,,DET,L 18-31,0.00,0.00,0.0,0.0,0,0.0,0,0.0,6,23.1,K,GanoGr44
1608,Graham Gano,0.00,3,Sun,1,1,2023-09-10,36-154,NYG,,DAL,L 0-40,0.00,0.00,0.0,0.0,0,0.0,0,0.0,3,12.5,K,GanoGr44
1609,Graham Gano,0.00,1,Sun,2,2,2024-09-15,37-159,NYG,@,WAS,L 18-21,0.00,0.00,0.0,0.0,0,0.0,0,0.0,1,4.8,K,GanoGr44
1610,Matt Gay,0.00,5,Sun,13,14,2023-12-10,29-270,IND,@,CIN,L 14-34,0.00,0.00,0.0,0.0,0,0.0,0,0.0,5,18.5,K,GayxMa00
1611,Blake Grupe,0.00,1,Mon,15,16,2024-12-23,26-048,NOR,@,GNB,L 0-34,0.00,0.00,0.0,0.0,0,0.0,0,0.0,1,4.8,K,GrupBl00
1612,Dustin Hopkins,0.00,5,Sun,7,7,2024-10-20,34-019,CLE,,CIN,L 14-21,0.00,0.00,0.0,0.0,0,0.0,0,0.0,5,17.9,K,HopkDu00
1613,Dustin Hopkins,0.00,6,Sun,10,11,2024-11-17,34-047,CLE,@,NOR,L 14-35,0.00,0.00,0.0,0.0,0,0.0,0,0.0,6,24.0,K,HopkDu00
1614,Dustin Hopkins,0.00,3,Sun,15,16,2024-12-22,34-082,CLE,@,CIN,L 6-24,0.00,0.00,0.0,0.0,0,0.0,0,0.0,3,14.3,K,HopkDu00
1615,Wil Lutz,0.00,2,Thu,6,6,2023-10-12,29-097,DEN,@,KAN,L 8-19,0.00,0.00,0.0,0.0,0,0.0,0,0.0,2,9.5,K,LutzWi00
1616,Wil Lutz,0.00,2,Sun,12,12,2022-11-27,28-143,NOR,@,SFO,L 0-13,0.00,0.00,0.0,0.0,0,0.0,0,0.0,2,11.8,K,LutzWi00
1617,Brett Maher,0.00,3,Sun,17,18,2023-01-08,33-048,DAL,@,WAS,L 6-26,0.00,0.00,0.0,0.0,0,0.0,0,0.0,3,8.8,K,MaheBr01
1618,Chase McLaughlin,0.00,1,Sun,2,2,2022-09-18,26-162,IND,@,JAX,L 0-24,0.00,0.00,0.0,0.0,0,0.0,0,0.0,1,5.0,K,McLaCh00
1619,Brandon McManus,0.00,4,Sun,15,16,2023-12-24,32-152,JAX,@,TAM,L 12-30,0.00,0.00,0.0,0.0,0,0.0,0,0.0,4,20.0,K,McMaBr01
1620,Riley Patterson,0.00,1,Sun,7,7,2023-10-22,24-045,DET,@,BAL,L 6-38,0.00,0.00,0.0,0.0,0,0.0,0,0.0,1,4.8,K,PattRi01
1621,Riley Patterson,0.00,2,Thu,11,12,2023-11-23,24-077,DET,,GNB,L 22-29,0.00,0.00,0.0,0.0,0,0.0,0,0.0,2,8.7,K,PattRi01
1622,Matt Prater,0.00,1,Sun,9,9,2023-11-05,39-087,ARI,@,CLE,L 0-27,0.00,0.00,0.0,0.0,0,0.0,0,0.0,1,3.6,K,PratMa20
1623,Matt Prater,0.00,6,Sun,12,12,2023-11-26,39-108,ARI,,LAR,L 14-37,0.00,0.00,0.0,0.0,0,0.0,0,0.0,6,21.4,K,PratMa20
1624,Chad Ryland,0.00,2,Sun,5,5,2023-10-08,23-358,NWE,,NOR,L 0-34,0.00,0.00,0.0,0.0,0,0.0,0,0.0,2,6.5,K,RylaCh00
1625,Chad Ryland,0.00,1,Sun,12,13,2023-12-03,24-049,NWE,,LAC,L 0-6,0.00,0.00,0.0,0.0,0,0.0,0,0.0,1,4.8,K,RylaCh00
1626,Joey Slye,0.00,3,Sun,3,3,2022-09-25,26-168,WAS,,PHI,L 8-24,0.00,0.00,0.0,0.0,0,0.0,0,0.0,3,11.5,K,SlyeJo00
1627,Tristan Vizcaino,0.00,2,Thu,12,13,2022-12-01,26-123,NWE,,BUF,L 10-24,0.00,0.00,0.0,0.0,0,0.0,0,0.0,2,8.3,K,VizcTr00
1628,Tristan Vizcaino,0.00,4,Sat,15,16,2022-12-24,26-146,NWE,,CIN,L 18-22,0.00,0.00,0.0,0.0,0,0.0,0,0.0,4,16.0,K,VizcTr00
1629,Matthew Wright,0.00,2,Sun,17,18,2024-01-07,27-291,CAR,,TAM,L 0-9,0.00,0.00,0.0,0.0,0,0.0,0,0.0,2,10.0,K,WrigMa00
1630,Ty Zentner,0.00,8,Sun,1,1,2023-09-10,25-095,HOU,@,BAL,L 9-25,0.00,0.00,0.0,0.0,0,0.0,0,0.0,8,32.0,K,ZentTy00
1631,Ty Zentner,0.00,8,Sun,2,2,2023-09-17,25-102,HOU,,IND,L 20-31,0.00,0.00,0.0,0.0,0,0.0,0,0.0,8,27.6,K,ZentTy00
1632,Ty Zentner,0.00,11,Sun,3,3,2023-09-24,25-109,HOU,@,JAX,W 37-17,0.00,0.00,0.0,0.0,0,0.0,0,0.0,11,37.9,K,ZentTy00
1633,Ty Zentner,0.00,9,Sun,4,4,2023-10-01,25-116,HOU,,PIT,W 30-6,0.00,0.00,0.0,0.0,0,0.0,0,0.0,9,36.0,K,ZentTy00
1634,Greg Zuerlein,0.00,2,Sun,10,11,2023-11-19,35-327,NYJ,@,BUF,L 6-32,0.00,0.00,0.0,0.0,0,0.0,0,0.0,2,7.4,K,ZuerGr00
1635,Greg Zuerlein,0.00,1,Sun,14,15,2023-12-17,35-355,NYJ,@,MIA,L 0-30,0.00,0.00,0.0,0.0,0,0.0,0,0.0,1,4.2,K,ZuerGr00
