Rk,Player,FantPt,OffSnp,Day,G#,Week,Date,Age,Team,,Opp,Result,FantPt,PPR,DKPt,FDPt,OffSnp,Off%,DefSnp,Def%,STSnp,ST %,Pos.,-9999
1,Josh Allen,51.88,60,Sun,13,14,2024-12-08,28-201,BUF,@,LAR,L 42-44,51.88,51.88,54.9,51.9,60,100.0,0,0.0,0,0.0,QB,AlleJo02
2,Justin Fields,42.72,74,Sun,9,9,2022-11-06,23-246,CHI,,MIA,L 32-35,42.72,42.72,45.7,42.7,74,100.0,0,0.0,0,0.0,QB,FielJu00
3,Lamar Jackson,42.62,59,Sun,2,2,2022-09-18,25-254,BAL,,MIA,L 38-42,42.62,42.62,48.6,42.6,59,100.0,0,0.0,0,0.0,QB,JackLa00
4,C.J. Stroud,41.80,72,Sun,8,9,2023-11-05,22-033,HOU,,TAM,W 39-37,41.80,41.80,44.8,41.8,72,100.0,0,0.0,0,0.0,QB,StroCJ00
5,Josh Allen,41.28,70,Sun,14,15,2024-12-15,28-208,BUF,@,DET,W 48-42,41.28,41.28,44.3,41.3,70,100.0,0,0.0,0,0.0,QB,AlleJo02
6,Jared Goff,41.06,79,Sun,14,15,2024-12-15,30-062,DET,,BUF,L 42-48,41.06,41.06,44.1,41.1,79,100.0,0,0.0,0,0.0,QB,GoffJa00
7,Josh Allen,39.66,95,Sun,12,12,2023-11-26,27-189,BUF,@,PHI,L 34-37 (OT),39.66,39.66,43.7,40.7,95,100.0,0,0.0,0,0.0,QB,AlleJo02
8,Lamar Jackson,39.42,60,Sun,3,3,2022-09-25,25-261,BAL,@,NWE,W 37-26,39.42,39.42,43.4,40.4,60,100.0,0,0.0,0,0.0,QB,JackLa00
9,Justin Fields,39.38,61,Sun,10,10,2022-11-13,23-253,CHI,,DET,L 30-31,39.38,39.38,43.4,40.4,61,100.0,0,0.0,0,0.0,QB,FielJu00
10,Joe Burrow,39.24,68,Sun,7,7,2022-10-23,25-317,CIN,,ATL,W 35-17,39.24,39.24,42.2,39.2,68,100.0,0,0.0,0,0.0,QB,BurrJo01
11,Tua Tagovailoa,38.86,71,Sun,2,2,2022-09-18,24-200,MIA,@,BAL,W 42-38,38.86,38.86,43.9,40.9,71,100.0,0,0.0,0,0.0,QB,TagoTu00
12,Dak Prescott,37.86,60,Sun,9,10,2023-11-12,30-106,DAL,,NYG,W 49-17,37.86,37.86,41.9,38.9,60,76.9,0,0.0,0,0.0,QB,PresDa01
13,Tom Brady,37.68,78,Sun,16,17,2023-01-01,45-151,TAM,,CAR,W 30-24,37.68,37.68,40.7,37.7,78,100.0,0,0.0,0,0.0,QB,BradTo00
14,Joe Burrow,36.98,90,Sat,16,17,2024-12-28,28-018,CIN,,DEN,W 30-24 (OT),36.98,36.98,40.0,37.0,90,100.0,0,0.0,0,0.0,QB,BurrJo01
15,Josh Allen,36.50,50,Sun,4,4,2023-10-01,27-133,BUF,,MIA,W 48-20,36.50,36.50,39.5,36.5,50,86.2,0,0.0,0,0.0,QB,AlleJo02
16,Bryce Young,36.44,67,Sun,17,18,2025-01-05,23-164,CAR,@,ATL,W 44-38 (OT),36.44,36.44,36.4,36.4,67,100.0,0,0.0,0,0.0,QB,YounBr01
17,Lamar Jackson,36.34,53,Sun,16,17,2023-12-31,26-358,BAL,,MIA,W 56-19,36.34,36.34,39.3,36.3,53,93.0,0,0.0,0,0.0,QB,JackLa00
18,Daniel Jones,36.18,55,Sun,16,17,2023-01-01,25-219,NYG,,IND,W 38-10,36.18,36.18,36.2,36.2,55,87.3,0,0.0,0,0.0,QB,JoneDa05
19,Lamar Jackson,36.10,49,Sun,14,15,2024-12-15,27-343,BAL,@,NYG,W 35-14,36.10,36.10,37.1,36.1,49,83.1,0,0.0,0,0.0,QB,JackLa00
20,Josh Allen,35.86,78,Sat,14,15,2022-12-17,26-210,BUF,,MIA,W 32-29,35.86,35.86,39.9,35.9,78,100.0,0,0.0,0,0.0,QB,AlleJo02
21,Josh Allen,35.16,48,Sun,5,5,2022-10-09,26-141,BUF,,PIT,W 38-3,35.16,35.16,39.2,36.2,48,85.7,0,0.0,0,0.0,QB,AlleJo02
22,Jalen Hurts,35.14,61,Sun,7,8,2024-10-27,26-081,PHI,@,CIN,W 37-17,35.14,35.14,35.1,35.1,61,100.0,0,0.0,0,0.0,QB,HurtJa00
23,Patrick Mahomes,34.90,65,Sun,1,1,2022-09-11,26-359,KAN,@,ARI,W 44-21,34.90,34.90,37.9,34.9,65,92.9,0,0.0,0,0.0,QB,MahoPa00
24,Jalen Hurts,34.70,73,Sun,14,15,2022-12-18,24-133,PHI,@,CHI,W 25-20,34.70,34.70,39.7,36.7,73,100.0,0,0.0,0,0.0,QB,HurtJa00
25,Sam Darnold,34.58,58,Sun,13,14,2024-12-08,27-186,MIN,,ATL,W 42-21,34.58,34.58,37.6,34.6,58,96.7,0,0.0,0,0.0,QB,DarnSa00
26,Jared Goff,34.58,63,Sun,10,11,2024-11-17,30-034,DET,,JAX,W 52-6,34.58,34.58,37.6,34.6,63,79.7,0,0.0,0,0.0,QB,GoffJa00
27,Baker Mayfield,34.56,66,Sun,16,17,2024-12-29,29-259,TAM,,CAR,W 48-14,34.56,34.56,37.6,34.6,66,85.7,0,0.0,0,0.0,QB,MayfBa00
28,Jalen Hurts,34.50,66,Sun,11,12,2023-11-26,25-111,PHI,,BUF,W 37-34 (OT),34.50,34.50,36.5,35.5,66,100.0,0,0.0,0,0.0,QB,HurtJa00
29,Lamar Jackson,34.44,56,Mon,7,7,2024-10-21,27-288,BAL,@,TAM,W 41-31,34.44,34.44,35.4,34.4,56,94.9,0,0.0,0,0.0,QB,JackLa00
30,Jayden Daniels,34.42,68,Sun,15,16,2024-12-22,24-004,WAS,,PHI,W 36-33,34.42,34.42,36.4,36.4,68,100.0,0,0.0,0,0.0,QB,DaniJa02
31,Jalen Hurts,34.40,64,Sun,12,13,2022-12-04,24-119,PHI,,TEN,W 35-10,34.40,34.40,37.4,34.4,64,87.7,0,0.0,0,0.0,QB,HurtJa00
32,Kirk Cousins,34.36,87,Thu,5,5,2024-10-03,36-045,ATL,,TAM,W 36-30 (OT),34.36,34.36,38.4,35.4,87,100.0,0,0.0,0,0.0,QB,CousKi00
33,Drew Lock,34.36,56,Sun,16,17,2024-12-29,28-049,NYG,,IND,W 45-33,34.36,34.36,37.4,34.4,56,100.0,0,0.0,0,0.0,QB,LockDr00
34,Patrick Mahomes,34.14,100,Sun,8,9,2022-11-06,27-050,KAN,,TEN,W 20-17 (OT),34.14,34.14,38.1,35.1,100,100.0,0,0.0,0,0.0,QB,MahoPa00
35,Taysom Hill,34.08,23,Sun,5,5,2022-10-09,32-047,NOR,,SEA,W 39-32,34.08,34.08,37.1,34.1,23,29.9,0,0.0,15,44.1,TE/QB,HillTa00
36,Lamar Jackson,33.88,57,Sun,7,7,2023-10-22,26-288,BAL,,DET,W 38-6,33.88,33.88,37.9,33.9,57,95.0,0,0.0,0,0.0,QB,JackLa00
37,Patrick Mahomes,33.86,68,Sun,7,7,2023-10-22,28-035,KAN,,LAC,W 31-17,33.86,33.86,37.9,34.9,68,100.0,0,0.0,0,0.0,QB,MahoPa00
38,Joe Burrow,33.78,67,Sun,5,5,2024-10-06,27-301,CIN,,BAL,L 38-41 (OT),33.78,33.78,37.8,34.8,67,100.0,0,0.0,0,0.0,QB,BurrJo01
39,Joe Burrow,33.72,82,Thu,10,10,2024-11-07,27-333,CIN,@,BAL,L 34-35,33.72,33.72,36.7,33.7,82,100.0,0,0.0,0,0.0,QB,BurrJo01
40,Bo Nix,33.54,65,Sun,17,18,2025-01-05,24-315,DEN,,KAN,W 38-0,33.54,33.54,36.5,33.5,65,87.8,0,0.0,0,0.0,QB,NixxBo00
41,Lamar Jackson,33.42,78,Sun,5,5,2024-10-06,27-273,BAL,@,CIN,W 41-38 (OT),33.42,33.42,37.4,33.4,78,100.0,0,0.0,0,0.0,QB,JackLa00
42,Trevor Lawrence,33.42,72,Sun,13,14,2022-12-11,23-066,JAX,@,TEN,W 36-22,33.42,33.42,36.4,33.4,72,100.0,0,0.0,0,0.0,QB,LawrTr00
43,Jared Goff,33.22,74,Sun,4,4,2022-10-02,27-353,DET,,SEA,L 45-48,33.22,33.22,37.2,34.2,74,100.0,0,0.0,0,0.0,QB,GoffJa00
44,Jalen Hurts,33.02,73,Mon,2,2,2022-09-19,24-043,PHI,,MIN,W 24-7,33.02,33.02,37.0,34.0,73,100.0,0,0.0,0,0.0,QB,HurtJa00
45,Justin Fields,32.98,64,Thu,5,5,2023-10-05,24-214,CHI,@,WAS,W 40-20,32.98,32.98,33.0,33.0,64,100.0,0,0.0,0,0.0,QB,FielJu00
46,Jameis Winston,32.98,86,Mon,12,13,2024-12-02,30-331,CLE,@,DEN,L 32-41,32.98,32.98,39.0,36.0,86,100.0,0,0.0,0,0.0,QB,WinsJa00
47,Lamar Jackson,32.90,63,Thu,10,10,2024-11-07,27-305,BAL,,CIN,W 35-34,32.90,32.90,32.9,32.9,63,100.0,0,0.0,0,0.0,QB,JackLa00
48,Patrick Mahomes,32.74,77,Sun,14,15,2022-12-18,27-092,KAN,@,HOU,W 30-24 (OT),32.74,32.74,35.7,32.7,77,100.0,0,0.0,0,0.0,QB,MahoPa00
49,Joe Burrow,32.50,57,Sun,6,6,2022-10-16,25-310,CIN,@,NOR,W 30-26,32.50,32.50,35.5,32.5,57,100.0,0,0.0,0,0.0,QB,BurrJo01
50,Kirk Cousins,32.40,90,Sat,14,15,2022-12-17,34-120,MIN,,IND,W 39-36 (OT),32.40,32.40,37.4,34.4,90,100.0,0,0.0,0,0.0,QB,CousKi00
51,Dak Prescott,32.24,54,Thu,11,12,2023-11-23,30-117,DAL,,WAS,W 45-10,32.24,32.24,35.2,32.2,54,100.0,0,0.0,0,0.0,QB,PresDa01
52,Trevor Lawrence,32.18,63,Sun,10,11,2023-11-19,24-044,JAX,,TEN,W 34-14,32.18,32.18,32.2,32.2,63,88.7,0,0.0,0,0.0,QB,LawrTr00
53,Justin Fields,31.98,70,Sun,4,4,2024-09-29,25-208,PIT,@,IND,L 24-27,31.98,31.98,36.0,32.0,70,100.0,0,0.0,0,0.0,QB,FielJu00
54,Jayden Daniels,31.78,83,Sun,16,17,2024-12-29,24-011,WAS,,ATL,W 30-24 (OT),31.78,31.78,35.8,32.8,83,100.0,0,0.0,0,0.0,QB,DaniJa02
55,Geno Smith,31.70,70,Sun,4,4,2022-10-02,31-357,SEA,@,DET,W 48-45,31.70,31.70,34.7,31.7,70,100.0,0,0.0,0,0.0,QB,SmitGe00
56,Lamar Jackson,31.64,72,Sun,13,14,2023-12-10,26-337,BAL,,LAR,W 37-31 (OT),31.64,31.64,35.6,32.6,72,100.0,0,0.0,0,0.0,QB,JackLa00
57,Josh Allen,31.48,59,Thu,1,1,2022-09-08,26-110,BUF,@,LAR,W 31-10,31.48,31.48,33.5,33.5,59,100.0,0,0.0,0,0.0,QB,AlleJo02
58,Josh Allen,31.18,62,Sun,1,1,2024-09-08,28-110,BUF,,ARI,W 34-28,31.18,31.18,32.2,31.2,62,100.0,0,0.0,0,0.0,QB,AlleJo02
59,Patrick Mahomes,31.14,63,Sun,9,10,2022-11-13,27-057,KAN,,JAX,W 27-17,31.14,31.14,35.1,32.1,63,100.0,0,0.0,0,0.0,QB,MahoPa00
60,Jared Goff,31.12,66,Sat,14,15,2023-12-16,29-063,DET,,DEN,W 42-17,31.12,31.12,31.1,31.1,66,100.0,0,0.0,0,0.0,QB,GoffJa00
61,Sam Howell,30.98,72,Sun,8,8,2023-10-29,23-043,WAS,,PHI,L 31-38,30.98,30.98,35.0,32.0,72,100.0,0,0.0,0,0.0,QB,HoweSa00
62,Josh Allen,30.92,56,Mon,3,3,2024-09-23,28-125,BUF,,JAX,W 47-10,30.92,30.92,30.9,30.9,56,87.5,0,0.0,0,0.0,QB,AlleJo02
63,C.J. Stroud,30.86,60,Sun,11,12,2023-11-26,22-054,HOU,,JAX,L 21-24,30.86,30.86,33.9,30.9,60,100.0,0,0.0,0,0.0,QB,StroCJ00
64,Daniel Jones,30.74,68,Sun,2,2,2023-09-17,26-113,NYG,@,ARI,W 31-28,30.74,30.74,34.7,31.7,68,100.0,0,0.0,0,0.0,QB,JoneDa05
65,Patrick Mahomes,30.48,72,Mon,5,5,2022-10-10,27-023,KAN,,LVR,W 30-29,30.48,30.48,30.5,30.5,72,100.0,0,0.0,0,0.0,QB,MahoPa00
66,Jayden Daniels,30.40,70,Sun,12,12,2024-11-24,23-342,WAS,,DAL,L 26-34,30.40,30.40,32.4,32.4,70,100.0,0,0.0,0,0.0,QB,DaniJa02
67,Jalen Hurts,30.38,63,Sun,13,14,2022-12-11,24-126,PHI,@,NYG,W 48-22,30.38,30.38,30.4,30.4,63,92.6,0,0.0,0,0.0,QB,HurtJa00
68,Brock Purdy,30.28,59,Mon,16,17,2024-12-30,25-003,SFO,,DET,L 34-40,30.28,30.28,35.3,32.3,59,92.2,0,0.0,0,0.0,QB,PurdBr00
69,Aaron Rodgers,30.06,58,Sun,14,15,2024-12-15,41-013,NYJ,@,JAX,W 32-25,30.06,30.06,30.1,30.1,58,100.0,0,0.0,0,0.0,QB,RodgAa00
70,Joe Burrow,30.04,72,Sun,12,13,2022-12-04,25-359,CIN,,KAN,W 27-24,30.04,30.04,30.0,30.0,72,100.0,0,0.0,0,0.0,QB,BurrJo01
71,Geno Smith,29.96,69,Thu,12,13,2023-11-30,33-051,SEA,@,DAL,L 35-41,29.96,29.96,34.0,31.0,69,100.0,0,0.0,0,0.0,QB,SmitGe00
72,Josh Allen,29.92,77,Thu,11,12,2022-11-24,26-187,BUF,@,DET,W 28-25,29.92,29.92,30.9,30.9,77,100.0,0,0.0,0,0.0,QB,AlleJo02
73,Jalen Hurts,29.90,79,Sun,8,9,2024-11-03,26-088,PHI,,JAX,W 28-23,29.90,29.90,29.9,29.9,79,100.0,0,0.0,0,0.0,QB,HurtJa00
74,Dak Prescott,29.86,80,Sun,3,3,2024-09-22,31-055,DAL,,BAL,L 25-28,29.86,29.86,32.9,29.9,80,100.0,0,0.0,0,0.0,QB,PresDa01
75,Jalen Hurts,29.82,80,Sun,11,12,2022-11-27,24-112,PHI,,GNB,W 40-33,29.82,29.82,32.8,29.8,80,100.0,0,0.0,0,0.0,QB,HurtJa00
76,Bo Nix,29.76,73,Sun,8,8,2024-10-27,24-245,DEN,,CAR,W 28-14,29.76,29.76,29.8,29.8,73,100.0,0,0.0,0,0.0,QB,NixxBo00
77,Josh Allen,29.68,52,Mon,2,2,2022-09-19,26-121,BUF,,TEN,W 41-7,29.68,29.68,32.7,29.7,52,76.5,0,0.0,0,0.0,QB,AlleJo02
78,Jalen Hurts,29.68,54,Sun,9,10,2024-11-10,26-095,PHI,@,DAL,W 34-6,29.68,29.68,31.7,30.7,54,79.4,0,0.0,0,0.0,QB,HurtJa00
79,Baker Mayfield,29.66,62,Sun,1,1,2024-09-08,29-147,TAM,,WAS,W 37-20,29.66,29.66,29.7,29.7,62,96.9,0,0.0,0,0.0,QB,MayfBa00
80,Anthony Richardson,29.60,64,Sun,4,4,2023-10-01,21-132,IND,,LAR,L 23-29 (OT),29.60,29.60,30.6,29.6,64,100.0,0,0.0,0,0.0,QB,RichAn03
81,Brock Purdy,29.46,55,Sun,12,13,2023-12-03,23-341,SFO,@,PHI,W 42-19,29.46,29.46,32.5,29.5,55,93.2,0,0.0,0,0.0,QB,PurdBr00
82,Lamar Jackson,29.42,52,Wed,16,17,2024-12-25,27-353,BAL,@,HOU,W 31-2,29.42,29.42,29.4,29.4,52,82.5,0,0.0,0,0.0,QB,JackLa00
83,Justin Herbert,29.30,66,Sun,3,3,2023-09-24,25-198,LAC,@,MIN,W 28-24,29.30,29.30,32.3,29.3,66,100.0,0,0.0,0,0.0,QB,HerbJu00
84,Tua Tagovailoa,29.18,68,Sun,8,8,2022-10-30,24-242,MIA,@,DET,W 31-27,29.18,29.18,32.2,29.2,68,100.0,0,0.0,0,0.0,QB,TagoTu00
85,Joe Burrow,29.14,73,Sun,9,9,2024-11-03,27-329,CIN,,LVR,W 41-24,29.14,29.14,30.1,30.1,73,98.6,0,0.0,0,0.0,QB,BurrJo01
86,Josh Allen,29.06,69,Thu,8,8,2023-10-26,27-158,BUF,,TAM,W 24-18,29.06,29.06,33.1,30.1,69,100.0,0,0.0,0,0.0,QB,AlleJo02
87,Joe Burrow,29.04,82,Sun,11,11,2024-11-17,27-343,CIN,@,LAC,L 27-34,29.04,29.04,32.0,29.0,82,100.0,0,0.0,0,0.0,QB,BurrJo01
88,Baker Mayfield,29.04,62,Sun,14,15,2023-12-17,28-247,TAM,@,GNB,W 34-20,29.04,29.04,33.0,29.0,62,100.0,0,0.0,0,0.0,QB,MayfBa00
89,Baker Mayfield,28.88,77,Sun,4,4,2024-09-29,29-168,TAM,,PHI,W 33-16,28.88,28.88,31.9,28.9,77,100.0,0,0.0,0,0.0,QB,MayfBa00
90,Daniel Jones,28.78,77,Sun,7,7,2022-10-23,25-149,NYG,@,JAX,W 23-17,28.78,28.78,31.8,28.8,77,100.0,0,0.0,0,0.0,QB,JoneDa05
91,Bo Nix,28.78,59,Sun,11,11,2024-11-17,24-266,DEN,,ATL,W 38-6,28.78,28.78,31.8,28.8,59,95.2,0,0.0,0,0.0,QB,NixxBo00
92,Justin Herbert,28.76,66,Sun,11,12,2022-11-27,24-262,LAC,@,ARI,W 25-24,28.76,28.76,28.8,28.8,66,100.0,0,0.0,0,0.0,QB,HerbJu00
93,Patrick Mahomes,28.76,74,Sun,11,12,2024-11-24,29-068,KAN,@,CAR,W 30-27,28.76,28.76,28.8,28.8,74,100.0,0,0.0,0,0.0,QB,MahoPa00
94,Kyler Murray,28.74,52,Sun,10,10,2024-11-10,27-095,ARI,,NYJ,W 31-6,28.74,28.74,28.7,28.7,52,88.1,0,0.0,0,0.0,QB,MurrKy00
95,Kirk Cousins,28.64,62,Sun,8,8,2024-10-27,36-069,ATL,@,TAM,W 31-26,28.64,28.64,28.6,28.6,62,100.0,0,0.0,0,0.0,QB,CousKi00
96,Caleb Williams,28.64,63,Sun,6,6,2024-10-13,22-330,CHI,,JAX,W 35-16,28.64,28.64,29.6,29.6,63,95.5,0,0.0,0,0.0,QB,WillCa03
97,Kirk Cousins,28.56,58,Thu,2,2,2023-09-14,35-026,MIN,@,PHI,L 28-34,28.56,28.56,32.6,28.6,58,100.0,0,0.0,0,0.0,QB,CousKi00
98,Kyler Murray,28.54,60,Sun,2,2,2024-09-15,27-039,ARI,,LAR,W 41-10,28.54,28.54,28.5,28.5,60,90.9,0,0.0,0,0.0,QB,MurrKy00
99,Tua Tagovailoa,28.48,66,Sun,11,12,2024-11-24,26-267,MIA,,NWE,W 34-15,28.48,28.48,31.5,28.5,66,97.1,0,0.0,0,0.0,QB,TagoTu00
100,Jordan Love,28.44,66,Sun,16,17,2023-12-31,25-059,GNB,@,MIN,W 33-10,28.44,28.44,28.4,28.4,66,89.2,0,0.0,0,0.0,QB,LoveJo03
101,Josh Allen,28.42,43,Sun,12,13,2024-12-01,28-194,BUF,,SFO,W 35-10,28.42,28.42,28.4,28.4,43,74.1,0,0.0,0,0.0,QB,AlleJo02
102,Justin Herbert,28.42,72,Sun,9,10,2023-11-12,25-247,LAC,,DET,L 38-41,28.42,28.42,32.4,29.4,72,100.0,0,0.0,0,0.0,QB,HerbJu00
103,Jalen Hurts,28.40,46,Sun,7,8,2022-10-30,24-084,PHI,,PIT,W 35-13,28.40,28.40,28.4,28.4,46,80.7,0,0.0,0,0.0,QB,HurtJa00
104,Dak Prescott,28.36,75,Sun,8,9,2023-11-05,30-099,DAL,@,PHI,L 23-28,28.36,28.36,31.4,28.4,75,100.0,0,0.0,0,0.0,QB,PresDa01
105,Tua Tagovailoa,28.36,58,Sun,3,3,2023-09-24,25-206,MIA,,DEN,W 70-20,28.36,28.36,31.4,28.4,58,79.5,0,0.0,0,0.0,QB,TagoTu00
106,Dak Prescott,28.26,89,Thu,12,13,2023-11-30,30-124,DAL,,SEA,W 41-35,28.26,28.26,28.3,28.3,89,100.0,0,0.0,0,0.0,QB,PresDa01
107,Lamar Jackson,28.18,72,Sun,3,3,2023-09-24,26-260,BAL,,IND,L 19-22 (OT),28.18,28.18,32.2,28.2,72,100.0,0,0.0,0,0.0,QB,JackLa00
108,Jayden Daniels,28.16,59,Sun,1,1,2024-09-08,23-265,WAS,@,TAM,L 20-37,28.16,28.16,28.2,28.2,59,100.0,0,0.0,0,0.0,QB,DaniJa02
109,Jordan Love,28.16,76,Sun,4,4,2024-09-29,25-332,GNB,,MIN,L 29-31,28.16,28.16,34.2,31.2,76,100.0,0,0.0,0,0.0,QB,LoveJo03
110,Lamar Jackson,28.14,55,Sun,4,4,2023-10-01,26-267,BAL,@,CLE,W 28-3,28.14,28.14,29.1,28.1,55,94.8,0,0.0,0,0.0,QB,JackLa00
111,Jalen Hurts,28.10,80,Sun,14,15,2024-12-15,26-130,PHI,,PIT,W 27-13,28.10,28.10,29.1,28.1,80,100.0,0,0.0,0,0.0,QB,HurtJa00
112,Anthony Richardson,28.08,70,Sun,11,11,2024-11-17,22-179,IND,@,NYJ,W 28-27,28.08,28.08,29.1,28.1,70,100.0,0,0.0,0,0.0,QB,RichAn03
113,Jayden Daniels,28.06,59,Mon,3,3,2024-09-23,23-280,WAS,@,CIN,W 38-33,28.06,28.06,28.1,28.1,59,100.0,0,0.0,0,0.0,QB,DaniJa02
114,Dak Prescott,28.06,56,Sun,7,8,2023-10-29,30-092,DAL,,LAR,W 43-20,28.06,28.06,32.1,29.1,56,86.2,0,0.0,0,0.0,QB,PresDa01
115,Justin Herbert,28.04,75,Sun,17,18,2025-01-05,26-301,LAC,@,LVR,W 34-20,28.04,28.04,31.0,28.0,75,100.0,0,0.0,0,0.0,QB,HerbJu00
116,Baker Mayfield,28.02,68,Sun,14,15,2024-12-15,29-245,TAM,@,LAC,W 40-17,28.02,28.02,29.0,29.0,68,94.4,0,0.0,0,0.0,QB,MayfBa00
117,Dak Prescott,27.98,73,Sat,15,16,2022-12-24,29-148,DAL,,PHI,W 40-34,27.98,27.98,32.0,29.0,73,100.0,0,0.0,0,0.0,QB,PresDa01
118,Justin Fields,27.90,72,Sun,4,4,2023-10-01,24-210,CHI,,DEN,L 28-31,27.90,27.90,32.9,28.9,72,100.0,0,0.0,0,0.0,QB,FielJu00
119,Kyler Murray,27.88,60,Sun,17,18,2025-01-05,27-151,ARI,,SFO,W 47-24,27.88,27.88,27.9,27.9,60,92.3,0,0.0,0,0.0,QB,MurrKy00
120,Matthew Stafford,27.80,52,Sun,10,11,2024-11-17,36-284,LAR,@,NWE,W 28-22,27.80,27.80,27.8,27.8,52,100.0,0,0.0,0,0.0,QB,StafMa00
121,Carson Wentz,27.78,74,Sun,2,2,2022-09-18,29-262,WAS,@,DET,L 27-36,27.78,27.78,31.8,28.8,74,100.0,0,0.0,0,0.0,QB,WentCa00
122,Josh Allen,27.76,60,Sun,5,5,2023-10-08,27-140,BUF,,JAX,L 20-25,27.76,27.76,31.8,28.8,60,100.0,0,0.0,0,0.0,QB,AlleJo02
123,Carson Wentz,27.72,77,Sun,1,1,2022-09-11,29-255,WAS,,JAX,W 28-22,27.72,27.72,32.7,29.7,77,100.0,0,0.0,0,0.0,QB,WentCa00
124,Jalen Hurts,27.66,73,Sun,5,5,2022-10-09,24-063,PHI,@,ARI,W 20-17,27.66,27.66,27.7,27.7,73,100.0,0,0.0,0,0.0,QB,HurtJa00
125,Jayden Daniels,27.64,83,Sun,13,13,2024-12-01,23-349,WAS,,TEN,W 42-19,27.64,27.64,28.6,28.6,83,100.0,0,0.0,0,0.0,QB,DaniJa02
126,Joe Burrow,27.62,63,Sun,7,8,2023-10-29,26-323,CIN,@,SFO,W 31-17,27.62,27.62,27.6,27.6,63,100.0,0,0.0,0,0.0,QB,BurrJo01
127,Jalen Hurts,27.60,70,Sun,3,3,2022-09-25,24-049,PHI,@,WAS,W 24-8,27.60,27.60,30.6,27.6,70,100.0,0,0.0,0,0.0,QB,HurtJa00
128,Patrick Mahomes,27.46,65,Sun,10,11,2022-11-20,27-064,KAN,@,LAC,W 30-27,27.46,27.46,30.5,27.5,65,100.0,0,0.0,0,0.0,QB,MahoPa00
129,Jared Goff,27.44,57,Sun,5,5,2023-10-08,28-359,DET,,CAR,W 42-24,27.44,27.44,27.4,27.4,57,95.0,0,0.0,0,0.0,QB,GoffJa00
130,Jalen Hurts,27.36,63,Sun,8,8,2023-10-29,25-083,PHI,@,WAS,W 38-31,27.36,27.36,31.4,27.4,63,100.0,0,0.0,0,0.0,QB,HurtJa00
131,Jalen Hurts,27.32,79,Sun,5,5,2023-10-08,25-062,PHI,@,LAR,W 23-14,27.32,27.32,31.3,28.3,79,100.0,0,0.0,0,0.0,QB,HurtJa00
132,Derek Carr,27.16,59,Sun,17,18,2024-01-07,32-285,NOR,,ATL,W 48-17,27.16,27.16,27.2,27.2,59,88.1,0,0.0,0,0.0,QB,CarrDe02
133,Matt Ryan,27.16,81,Sun,6,6,2022-10-16,37-152,IND,,JAX,W 34-27,27.16,27.16,30.2,27.2,81,100.0,0,0.0,0,0.0,QB,RyanMa00
134,Tua Tagovailoa,27.14,67,Sun,1,1,2023-09-10,25-192,MIA,@,LAC,W 36-34,27.14,27.14,32.1,28.1,67,100.0,0,0.0,0,0.0,QB,TagoTu00
135,Bryce Young,27.12,68,Sun,15,16,2024-12-22,23-150,CAR,,ARI,W 36-30 (OT),27.12,27.12,27.1,27.1,68,100.0,0,0.0,0,0.0,QB,YounBr01
136,Gardner Minshew II,27.10,70,Sun,7,7,2023-10-22,27-159,IND,,CLE,L 38-39,27.10,27.10,34.1,28.1,70,100.0,0,0.0,0,0.0,QB,MinsGa00
137,Baker Mayfield,27.00,82,Mon,7,7,2024-10-21,29-190,TAM,,BAL,L 31-41,27.00,27.00,32.0,29.0,82,100.0,0,0.0,0,0.0,QB,MayfBa00
138,Patrick Mahomes,26.92,58,Sun,7,7,2022-10-23,27-036,KAN,@,SFO,W 44-23,26.92,26.92,30.9,27.9,58,90.6,0,0.0,0,0.0,QB,MahoPa00
139,Caleb Williams,26.90,76,Sun,11,12,2024-11-24,23-006,CHI,,MIN,L 27-30 (OT),26.90,26.90,29.9,26.9,76,100.0,0,0.0,0,0.0,QB,WillCa03
140,Joe Flacco,26.88,70,Sun,2,2,2022-09-18,37-245,NYJ,@,CLE,W 31-30,26.88,26.88,30.9,26.9,70,100.0,0,0.0,0,0.0,QB,FlacJo00
141,Russell Wilson,26.86,67,Sun,12,13,2024-12-01,36-002,PIT,@,CIN,W 44-38,26.86,26.86,30.9,27.9,67,97.1,0,0.0,0,0.0,QB,WilsRu00
142,Trevor Lawrence,26.82,70,Sun,14,15,2022-12-18,23-073,JAX,,DAL,W 40-34 (OT),26.82,26.82,31.8,27.8,70,100.0,0,0.0,0,0.0,QB,LawrTr00
143,Brock Purdy,26.72,60,Sun,10,11,2023-11-19,23-327,SFO,,TAM,W 27-14,26.72,26.72,29.7,26.7,60,100.0,0,0.0,0,0.0,QB,PurdBr00
144,Josh Allen,26.70,92,Sun,3,3,2022-09-25,26-127,BUF,@,MIA,L 19-21,26.70,26.70,30.7,26.7,92,100.0,0,0.0,0,0.0,QB,AlleJo02
145,Joe Burrow,26.70,66,Sun,10,11,2022-11-20,25-345,CIN,@,PIT,W 37-30,26.70,26.70,31.7,28.7,66,100.0,0,0.0,0,0.0,QB,BurrJo01
146,Will Levis,26.62,66,Sun,7,8,2023-10-29,24-124,TEN,,ATL,W 28-23,26.62,26.62,26.6,26.6,66,97.1,0,0.0,0,0.0,QB,LeviWi00
147,Jordan Love,26.62,56,Thu,11,12,2023-11-23,25-021,GNB,@,DET,W 29-22,26.62,26.62,26.6,26.6,56,100.0,0,0.0,0,0.0,QB,LoveJo03
148,Jameis Winston,26.60,69,Sun,10,11,2024-11-17,30-316,CLE,@,NOR,L 14-35,26.60,26.60,29.6,26.6,69,94.5,0,0.0,0,0.0,QB,WinsJa00
149,Joe Flacco,26.56,70,Sun,5,5,2024-10-06,39-264,IND,@,JAX,L 34-37,26.56,26.56,30.6,26.6,70,100.0,0,0.0,0,0.0,QB,FlacJo00
150,Andy Dalton,26.54,71,Thu,7,7,2022-10-20,34-356,NOR,@,ARI,L 34-42,26.54,26.54,32.5,29.5,71,98.6,0,0.0,0,0.0,QB,DaltAn00
151,Russell Wilson,26.48,53,Sun,4,4,2022-10-02,33-307,DEN,@,LVR,L 23-32,26.48,27.48,27.5,27.0,53,100.0,0,0.0,0,0.0,QB,WilsRu00
152,Josh Allen,26.36,73,Sun,6,6,2022-10-16,26-148,BUF,@,KAN,W 24-20,26.36,26.36,30.4,26.4,73,100.0,0,0.0,0,0.0,QB,AlleJo02
153,Geno Smith,26.32,55,Sun,17,18,2025-01-05,34-087,SEA,@,LAR,W 30-25,26.32,26.32,26.3,26.3,55,100.0,0,0.0,0,0.0,QB,SmitGe00
154,Jared Goff,26.18,53,Mon,4,4,2024-09-30,29-352,DET,,SEA,W 42-29,26.18,27.18,27.2,26.7,53,100.0,0,0.0,0,0.0,QB,GoffJa00
155,Desmond Ridder,26.16,77,Sun,5,5,2023-10-08,24-038,ATL,,HOU,W 21-19,26.16,26.16,29.2,26.2,77,100.0,0,0.0,0,0.0,QB,RiddDe00
156,Caleb Williams,26.14,67,Thu,12,13,2024-11-28,23-010,CHI,@,DET,L 20-23,26.14,26.14,26.1,26.1,67,100.0,0,0.0,0,0.0,QB,WillCa03
157,Carson Wentz,26.12,67,Sun,17,18,2024-01-07,31-008,LAR,@,SFO,W 21-20,26.12,26.12,27.1,27.1,67,100.0,0,0.0,0,0.0,QB,WentCa00
158,Jared Goff,26.10,70,Sun,13,14,2022-12-11,28-058,DET,,MIN,W 34-23,26.10,26.10,29.1,26.1,70,100.0,0,0.0,0,0.0,QB,GoffJa00
159,Brock Purdy,26.08,60,Sun,5,5,2023-10-08,23-285,SFO,,DAL,W 42-10,26.08,26.08,26.1,26.1,60,84.5,0,0.0,0,0.0,QB,PurdBr00
160,Anthony Richardson,26.08,45,Sun,1,1,2024-09-08,22-109,IND,,HOU,L 27-29,26.08,26.08,27.1,27.1,45,100.0,0,0.0,0,0.0,QB,RichAn03
161,Justin Fields,26.04,76,Sun,8,8,2022-10-30,23-239,CHI,@,DAL,L 29-49,26.04,26.04,26.0,26.0,76,96.2,0,0.0,0,0.0,QB,FielJu00
162,Jared Goff,26.04,61,Sun,2,2,2022-09-18,27-339,DET,,WAS,W 36-27,26.04,26.04,26.0,26.0,61,100.0,0,0.0,0,0.0,QB,GoffJa00
163,Marcus Mariota,26.04,32,Sun,17,18,2025-01-05,31-067,WAS,@,DAL,W 23-19,26.04,26.04,26.0,26.0,32,55.2,0,0.0,0,0.0,QB,MariMa01
164,Patrick Mahomes,26.00,62,Wed,16,17,2024-12-25,29-099,KAN,@,PIT,W 29-10,26.00,26.00,29.0,26.0,62,100.0,0,0.0,0,0.0,QB,MahoPa00
165,Brock Purdy,26.00,68,Sun,8,8,2024-10-27,24-305,SFO,,DAL,W 30-24,26.00,26.00,26.0,26.0,68,100.0,0,0.0,0,0.0,QB,PurdBr00
166,Jarrett Stidham,26.00,70,Sun,16,17,2023-01-01,26-146,LVR,,SFO,L 34-37 (OT),26.00,26.00,31.0,28.0,70,100.0,0,0.0,0,0.0,QB,StidJa00
167,Lamar Jackson,25.98,63,Sun,3,3,2024-09-22,27-259,BAL,@,DAL,W 28-25,25.98,25.98,26.0,26.0,63,100.0,0,0.0,0,0.0,QB,JackLa00
168,Aidan O'Connell,25.92,64,Thu,14,15,2023-12-14,25-104,LVR,,LAC,W 63-21,25.92,25.92,25.9,25.9,64,100.0,0,0.0,0,0.0,QB,OConAi00
169,Russell Wilson,25.92,66,Sun,2,2,2023-09-17,34-292,DEN,,WAS,L 33-35,25.92,25.92,30.9,26.9,66,100.0,0,0.0,0,0.0,QB,WilsRu00
170,Baker Mayfield,25.90,77,Sun,6,6,2024-10-13,29-182,TAM,@,NOR,W 51-27,25.90,25.90,31.9,28.9,77,100.0,0,0.0,0,0.0,QB,MayfBa00
171,Jalen Hurts,25.88,62,Sun,9,9,2023-11-05,25-090,PHI,,DAL,W 28-23,25.88,25.88,25.9,25.9,62,100.0,0,0.0,0,0.0,QB,HurtJa00
172,Kyler Murray,25.88,87,Sun,2,2,2022-09-18,25-042,ARI,@,LVR,W 29-23 (OT),25.88,25.88,26.9,26.9,87,100.0,0,0.0,0,0.0,QB,MurrKy00
173,Jacoby Brissett,25.86,75,Sun,10,11,2022-11-20,29-344,CLE,@,BUF,L 23-31,25.86,25.86,29.9,25.9,75,100.0,0,0.0,0,0.0,QB,BrisJa00
174,Jared Goff,25.82,71,Mon,16,17,2024-12-30,30-077,DET,@,SFO,W 40-34,25.82,25.82,28.8,25.8,71,100.0,0,0.0,0,0.0,QB,GoffJa00
175,Brock Purdy,25.78,71,Sun,3,3,2024-09-22,24-270,SFO,@,LAR,L 24-27,25.78,25.78,26.8,25.8,71,100.0,0,0.0,0,0.0,QB,PurdBr00
176,Jared Goff,25.70,66,Sat,15,16,2022-12-24,28-071,DET,@,CAR,L 23-37,25.70,25.70,29.7,25.7,66,100.0,0,0.0,0,0.0,QB,GoffJa00
177,Justin Herbert,25.70,65,Sun,10,11,2023-11-19,25-254,LAC,@,GNB,L 20-23,25.70,25.70,25.7,25.7,65,100.0,0,0.0,0,0.0,QB,HerbJu00
178,Kirk Cousins,25.68,82,Sun,3,3,2023-09-24,35-036,MIN,,LAC,L 24-28,25.68,25.68,29.7,26.7,82,100.0,0,0.0,0,0.0,QB,CousKi00
179,Patrick Mahomes,25.68,56,Sun,3,3,2023-09-24,28-007,KAN,,CHI,W 41-10,25.68,25.68,25.7,25.7,56,72.7,0,0.0,0,0.0,QB,MahoPa00
180,Brock Purdy,25.68,46,Sun,14,15,2023-12-17,23-355,SFO,@,ARI,W 45-29,25.68,25.68,25.7,25.7,46,82.1,0,0.0,0,0.0,QB,PurdBr00
181,Jake Browning,25.66,73,Mon,12,13,2023-12-04,27-237,CIN,@,JAX,W 34-31 (OT),25.66,26.66,29.7,26.2,73,100.0,0,0.0,0,0.0,QB,BrowJa08
182,Jordan Love,25.62,73,Sun,6,6,2024-10-13,25-346,GNB,,ARI,W 34-13,25.62,25.62,26.6,26.6,73,100.0,0,0.0,0,0.0,QB,LoveJo03
183,Russell Wilson,25.58,62,Sun,13,14,2022-12-11,34-012,DEN,,KAN,L 28-34,25.58,25.58,26.6,26.6,62,86.1,0,0.0,0,0.0,QB,WilsRu00
184,Jimmy Garoppolo,25.42,51,Mon,10,11,2022-11-21,31-019,SFO,@,ARI,W 38-10,25.42,25.42,25.4,25.4,51,87.9,0,0.0,0,0.0,QB,GaroJi00
185,Sam Howell,25.42,70,Thu,5,5,2023-10-05,23-019,WAS,,CHI,L 20-40,25.42,25.42,29.4,26.4,70,100.0,0,0.0,0,0.0,QB,HoweSa00
186,Tom Brady,25.40,64,Sun,4,4,2022-10-02,45-060,TAM,,KAN,L 31-41,25.40,25.40,29.4,25.4,64,100.0,0,0.0,0,0.0,QB,BradTo00
187,Dak Prescott,25.40,58,Sun,8,8,2022-10-30,29-093,DAL,,CHI,W 49-29,25.40,25.40,26.4,26.4,58,100.0,0,0.0,0,0.0,QB,PresDa01
188,Lamar Jackson,25.38,72,Sun,13,13,2024-12-01,27-329,BAL,,PHI,L 19-24,25.38,25.38,25.4,25.4,72,100.0,0,0.0,0,0.0,QB,JackLa00
189,Desmond Ridder,25.38,72,Sun,13,14,2023-12-10,24-101,ATL,,TAM,L 25-29,25.38,25.38,29.4,26.4,72,100.0,0,0.0,0,0.0,QB,RiddDe00
190,Malik Willis,25.38,63,Sun,3,3,2024-09-22,25-120,GNB,@,TEN,W 30-14,25.38,25.38,25.4,25.4,63,100.0,0,0.0,0,0.0,QB,WillMa12
191,Joe Burrow,25.36,62,Mon,3,3,2024-09-23,27-288,CIN,,WAS,L 33-38,25.36,25.36,28.4,25.4,62,100.0,0,0.0,0,0.0,QB,BurrJo01
192,Jared Goff,25.34,65,Sun,15,16,2024-12-22,30-069,DET,@,CHI,W 34-17,25.34,25.34,28.3,25.3,65,100.0,0,0.0,0,0.0,QB,GoffJa00
193,Kyler Murray,25.24,66,Sun,12,12,2022-11-27,25-112,ARI,,LAC,L 24-25,25.24,25.24,26.2,26.2,66,100.0,0,0.0,0,0.0,QB,MurrKy00
194,Joshua Dobbs,25.22,65,Sun,2,2,2023-09-17,28-234,ARI,,NYG,L 28-31,25.22,25.22,25.2,25.2,65,100.0,0,0.0,0,0.0,QB,DobbJo00
195,Justin Fields,25.22,74,Sun,16,17,2023-12-31,24-301,CHI,,ATL,W 37-17,25.22,25.22,25.2,25.2,74,100.0,0,0.0,0,0.0,QB,FielJu00
196,Jalen Hurts,25.22,77,Thu,2,2,2023-09-14,25-038,PHI,,MIN,W 34-28,25.22,25.22,26.2,26.2,77,100.0,0,0.0,0,0.0,QB,HurtJa00
197,Tua Tagovailoa,25.20,71,Thu,12,13,2024-11-28,26-271,MIA,@,GNB,L 17-30,25.20,25.20,28.2,25.2,71,100.0,0,0.0,0,0.0,QB,TagoTu00
198,Trevor Lawrence,25.18,75,Sun,3,3,2022-09-25,22-354,JAX,@,LAC,W 38-10,25.18,25.18,25.2,25.2,75,98.7,0,0.0,0,0.0,QB,LawrTr00
199,Dak Prescott,25.16,65,Sun,17,18,2024-01-07,30-162,DAL,@,WAS,W 38-10,25.16,25.16,26.2,26.2,65,90.3,0,0.0,0,0.0,QB,PresDa01
200,Joshua Dobbs,25.12,73,Sun,10,10,2023-11-12,28-290,MIN,,NOR,W 27-19,25.12,25.12,25.1,25.1,73,100.0,0,0.0,0,0.0,QB,DobbJo00
201,Lamar Jackson,25.12,80,Thu,1,1,2024-09-05,27-242,BAL,@,KAN,L 20-27,25.12,25.12,29.1,25.1,80,100.0,0,0.0,0,0.0,QB,JackLa00
202,Trevor Lawrence,25.12,53,Mon,12,13,2023-12-04,24-059,JAX,,CIN,L 31-34 (OT),25.12,25.12,25.1,25.1,53,76.8,0,0.0,0,0.0,QB,LawrTr00
203,Jared Goff,25.10,57,Sun,5,6,2024-10-13,29-365,DET,@,DAL,W 47-9,25.10,25.10,28.1,25.1,57,83.8,0,0.0,0,0.0,QB,GoffJa00
204,Kirk Cousins,25.00,65,Sun,13,14,2022-12-11,34-114,MIN,@,DET,L 23-34,25.00,25.00,28.0,25.0,65,100.0,0,0.0,0,0.0,QB,CousKi00
205,Josh Allen,24.98,55,Sat,15,16,2023-12-23,27-216,BUF,@,LAC,W 24-22,24.98,24.98,26.0,26.0,55,100.0,0,0.0,0,0.0,QB,AlleJo02
206,Michael Penix,24.98,79,Sun,17,18,2025-01-05,24-242,ATL,,CAR,L 38-44 (OT),24.98,24.98,29.0,26.0,79,100.0,0,0.0,0,0.0,QB,PeniMi00
207,Derek Carr,24.96,58,Thu,15,16,2023-12-21,32-268,NOR,@,LAR,L 22-30,24.96,24.96,29.0,26.0,58,96.7,0,0.0,0,0.0,QB,CarrDe02
208,Aaron Rodgers,24.96,64,Sun,17,18,2025-01-05,41-034,NYJ,,MIA,W 32-20,24.96,24.96,26.0,26.0,64,100.0,0,0.0,0,0.0,QB,RodgAa00
209,Trevor Lawrence,24.94,63,Sun,11,12,2022-11-27,23-052,JAX,,BAL,W 28-27,24.94,24.94,28.9,24.9,63,100.0,0,0.0,0,0.0,QB,LawrTr00
210,Joshua Dobbs,24.92,64,Sun,9,9,2023-11-05,28-283,MIN,@,ATL,W 31-28,24.92,24.92,26.9,24.9,64,85.3,0,0.0,0,0.0,QB,DobbJo00
211,Trevor Lawrence,24.90,63,Sun,6,6,2022-10-16,23-010,JAX,@,IND,L 27-34,24.90,24.90,24.9,24.9,63,100.0,0,0.0,0,0.0,QB,LawrTr00
212,Dak Prescott,24.88,64,Mon,6,6,2023-10-16,30-079,DAL,@,LAC,W 20-17,24.88,24.88,24.9,24.9,64,100.0,0,0.0,0,0.0,QB,PresDa01
213,Russell Wilson,24.86,68,Sun,7,7,2024-10-20,35-326,PIT,,NYJ,W 37-15,24.86,24.86,24.9,24.9,68,100.0,0,0.0,0,0.0,QB,WilsRu00
214,Joe Flacco,24.82,73,Sun,15,16,2023-12-24,38-342,CLE,@,HOU,W 36-22,24.82,24.82,29.8,26.8,73,89.0,0,0.0,0,0.0,QB,FlacJo00
215,Josh Allen,24.80,62,Sun,8,9,2022-11-06,26-169,BUF,@,NYJ,L 17-20,24.80,24.80,26.8,26.8,62,100.0,0,0.0,0,0.0,QB,AlleJo02
216,Joe Burrow,24.80,66,Sun,14,15,2022-12-18,26-008,CIN,@,TAM,W 34-23,24.80,24.80,25.8,25.8,66,100.0,0,0.0,0,0.0,QB,BurrJo01
217,Mike White,24.80,63,Sun,11,12,2022-11-27,27-247,NYJ,,CHI,W 31-10,24.80,24.80,27.8,24.8,63,100.0,0,0.0,0,0.0,QB,WhitMi01
218,Sam Darnold,24.78,72,Sun,16,17,2024-12-29,27-207,MIN,,GNB,W 27-25,24.78,24.78,28.8,25.8,72,100.0,0,0.0,0,0.0,QB,DarnSa00
219,Matthew Stafford,24.76,72,Thu,7,8,2024-10-24,36-260,LAR,,MIN,W 30-20,24.76,24.76,25.8,25.8,72,100.0,0,0.0,0,0.0,QB,StafMa00
220,Josh Allen,24.72,58,Sun,9,9,2023-11-05,27-168,BUF,@,CIN,L 18-24,24.72,24.72,25.7,25.7,58,100.0,0,0.0,0,0.0,QB,AlleJo02
221,Justin Fields,24.72,71,Sun,13,14,2023-12-10,24-280,CHI,,DET,W 28-13,24.72,24.72,24.7,24.7,71,100.0,0,0.0,0,0.0,QB,FielJu00
222,Jalen Hurts,24.72,77,Sun,1,1,2022-09-11,24-035,PHI,@,DET,W 38-35,24.72,24.72,24.7,24.7,77,100.0,0,0.0,0,0.0,QB,HurtJa00
223,Daniel Jones,24.64,76,Sun,10,11,2022-11-20,25-177,NYG,,DET,L 18-31,24.64,24.64,29.6,26.6,76,100.0,0,0.0,0,0.0,QB,JoneDa05
224,Kyler Murray,24.64,78,Sun,8,8,2022-10-30,25-084,ARI,@,MIN,L 26-34,24.64,24.64,29.6,26.6,78,100.0,0,0.0,0,0.0,QB,MurrKy00
225,Joe Burrow,24.56,71,Mon,13,14,2024-12-09,27-365,CIN,@,DAL,W 27-20,24.56,24.56,28.6,25.6,71,100.0,0,0.0,0,0.0,QB,BurrJo01
226,Andy Dalton,24.56,74,Sun,3,3,2024-09-22,36-329,CAR,@,LVR,W 36-22,24.56,24.56,27.6,24.6,74,100.0,0,0.0,0,0.0,QB,DaltAn00
227,Trevor Lawrence,24.56,76,Sun,11,12,2023-11-26,24-051,JAX,@,HOU,W 24-21,24.56,24.56,28.6,25.6,76,100.0,0,0.0,0,0.0,QB,LawrTr00
228,Patrick Mahomes,24.54,85,Mon,8,9,2024-11-04,29-048,KAN,,TAM,W 30-24 (OT),24.54,24.54,24.5,24.5,85,100.0,0,0.0,0,0.0,QB,MahoPa00
229,Patrick Mahomes,24.52,60,Sun,16,17,2023-01-01,27-106,KAN,,DEN,W 27-24,24.52,25.52,29.5,26.0,60,100.0,0,0.0,0,0.0,QB,MahoPa00
230,Justin Fields,24.50,70,Sun,15,16,2023-12-24,24-294,CHI,,ARI,W 27-16,24.50,24.50,25.5,25.5,70,100.0,0,0.0,0,0.0,QB,FielJu00
231,Justin Herbert,24.44,69,Sat,16,17,2024-12-28,26-293,LAC,@,NWE,W 40-7,24.44,24.44,24.4,24.4,69,87.3,0,0.0,0,0.0,QB,HerbJu00
232,Josh Allen,24.40,69,Mon,6,6,2024-10-14,28-146,BUF,@,NYJ,W 23-20,24.40,24.40,24.4,24.4,69,100.0,0,0.0,0,0.0,QB,AlleJo02
233,Justin Herbert,24.38,67,Sun,10,11,2024-11-17,26-252,LAC,,CIN,W 34-27,24.38,24.38,25.4,24.4,67,100.0,0,0.0,0,0.0,QB,HerbJu00
234,Daniel Jones,24.36,65,Sun,9,9,2024-11-03,27-160,NYG,,WAS,L 22-27,24.36,24.36,25.4,24.4,65,100.0,0,0.0,0,0.0,QB,JoneDa05
235,Josh Allen,24.30,71,Sun,7,7,2023-10-22,27-154,BUF,@,NWE,L 25-29,24.30,24.30,26.3,25.3,71,100.0,0,0.0,0,0.0,QB,AlleJo02
236,Jordan Love,24.26,79,Sun,3,3,2023-09-24,24-326,GNB,,NOR,W 18-17,24.26,24.26,25.3,25.3,79,100.0,0,0.0,0,0.0,QB,LoveJo03
237,Jalen Hurts,24.22,58,Sun,13,14,2024-12-08,26-123,PHI,,CAR,W 22-16,24.22,24.22,24.2,24.2,58,100.0,0,0.0,0,0.0,QB,HurtJa00
238,Tyler Huntley,24.20,60,Sun,16,17,2024-12-29,26-330,MIA,@,CLE,W 20-3,24.20,24.20,24.2,24.2,60,100.0,0,0.0,0,0.0,QB,HuntTy01
239,Jalen Hurts,24.20,68,Sun,10,11,2022-11-20,24-105,PHI,@,IND,W 17-16,24.20,24.20,25.2,24.2,68,100.0,0,0.0,0,0.0,QB,HurtJa00
240,Sam Howell,24.18,61,Sun,10,10,2023-11-12,23-057,WAS,@,SEA,L 26-29,24.18,24.18,28.2,24.2,61,100.0,0,0.0,0,0.0,QB,HoweSa00
241,Kirk Cousins,24.16,72,Sat,15,16,2022-12-24,34-127,MIN,,NYG,W 27-24,24.16,24.16,24.2,24.2,72,100.0,0,0.0,0,0.0,QB,CousKi00
242,Jalen Hurts,24.16,71,Sun,4,4,2023-10-01,25-055,PHI,,WAS,W 34-31 (OT),24.16,24.16,27.2,24.2,71,100.0,0,0.0,0,0.0,QB,HurtJa00
243,Lamar Jackson,24.16,68,Sun,8,8,2024-10-27,27-294,BAL,@,CLE,L 24-29,24.16,24.16,24.2,24.2,68,100.0,0,0.0,0,0.0,QB,JackLa00
244,Marcus Mariota,24.16,58,Sun,6,6,2022-10-16,28-351,ATL,,SFO,W 28-14,24.16,24.16,24.2,24.2,58,100.0,0,0.0,0,0.0,QB,MariMa01
245,Mac Jones,24.14,80,Sun,1,1,2023-09-10,25-005,NWE,,PHI,L 20-25,24.14,24.14,28.1,25.1,80,100.0,0,0.0,0,0.0,QB,JoneMa05
246,Kyler Murray,24.10,58,Sun,5,5,2024-10-06,27-060,ARI,@,SFO,W 24-23,24.10,24.10,25.1,25.1,58,100.0,0,0.0,0,0.0,QB,MurrKy00
247,Brock Purdy,24.10,65,Thu,6,6,2024-10-10,24-288,SFO,@,SEA,W 36-24,24.10,24.10,24.1,24.1,65,100.0,0,0.0,0,0.0,QB,PurdBr00
248,Tua Tagovailoa,24.08,57,Sun,9,9,2022-11-06,24-249,MIA,@,CHI,W 35-32,24.08,24.08,27.1,24.1,57,100.0,0,0.0,0,0.0,QB,TagoTu00
249,Justin Herbert,24.06,66,Sun,7,8,2024-10-27,26-231,LAC,,NOR,W 26-8,24.06,24.06,24.1,24.1,66,100.0,0,0.0,0,0.0,QB,HerbJu00
250,Geno Smith,24.06,81,Sun,9,10,2023-11-12,33-033,SEA,,WAS,W 29-26,24.06,24.06,27.1,24.1,81,100.0,0,0.0,0,0.0,QB,SmitGe00
251,Jayden Daniels,24.02,72,Sun,4,4,2024-09-29,23-286,WAS,@,ARI,W 42-14,24.02,24.02,25.0,25.0,72,100.0,0,0.0,0,0.0,QB,DaniJa02
252,Justin Herbert,24.02,69,Sun,7,8,2023-10-29,25-233,LAC,,CHI,W 30-13,24.02,24.02,24.0,24.0,69,100.0,0,0.0,0,0.0,QB,HerbJu00
253,Geno Smith,24.02,52,Sun,5,5,2022-10-09,31-364,SEA,@,NOR,L 32-39,24.02,24.02,24.0,24.0,52,100.0,0,0.0,0,0.0,QB,SmitGe00
254,Josh Allen,23.98,73,Sun,11,11,2024-11-17,28-180,BUF,,KAN,W 30-21,23.98,23.98,25.0,25.0,73,100.0,0,0.0,0,0.0,QB,AlleJo02
255,Lamar Jackson,23.96,66,Thu,11,11,2023-11-16,26-313,BAL,,CIN,W 34-20,23.96,23.96,24.0,24.0,66,100.0,0,0.0,0,0.0,QB,JackLa00
256,Jordan Love,23.96,66,Sun,15,16,2023-12-24,25-052,GNB,@,CAR,W 33-30,23.96,23.96,24.0,24.0,66,100.0,0,0.0,0,0.0,QB,LoveJo03
257,Jalen Hurts,23.92,67,Sun,12,13,2023-12-03,25-118,PHI,,SFO,L 19-42,23.92,23.92,23.9,23.9,67,93.1,0,0.0,0,0.0,QB,HurtJa00
258,Brock Purdy,23.84,49,Sun,9,10,2023-11-12,23-320,SFO,@,JAX,W 34-3,23.84,23.84,23.8,23.8,49,79.0,0,0.0,0,0.0,QB,PurdBr00
259,Jalen Hurts,23.82,71,Mon,2,2,2024-09-16,26-040,PHI,,ATL,L 21-22,23.82,23.82,24.8,24.8,71,100.0,0,0.0,0,0.0,QB,HurtJa00
260,Brock Purdy,23.82,64,Sun,9,10,2024-11-10,24-319,SFO,@,TAM,W 23-20,23.82,23.82,26.8,23.8,64,100.0,0,0.0,0,0.0,QB,PurdBr00
261,Patrick Mahomes,23.76,53,Sat,15,16,2022-12-24,27-098,KAN,,SEA,W 24-10,23.76,23.76,23.8,23.8,53,100.0,0,0.0,0,0.0,QB,MahoPa00
262,Jake Browning,23.70,55,Sun,13,14,2023-12-10,27-243,CIN,,IND,W 34-14,23.70,23.70,24.7,24.7,55,91.7,0,0.0,0,0.0,QB,BrowJa08
263,Justin Fields,23.70,67,Sun,6,6,2024-10-13,25-222,PIT,@,LVR,W 32-13,23.70,23.70,23.7,23.7,67,100.0,0,0.0,0,0.0,QB,FielJu00
264,Patrick Mahomes,23.70,74,Sat,15,16,2024-12-21,29-095,KAN,,HOU,W 27-19,23.70,23.70,23.7,23.7,74,100.0,0,0.0,0,0.0,QB,MahoPa00
265,Jordan Love,23.68,64,Sun,12,13,2023-12-03,25-031,GNB,,KAN,W 27-19,23.68,23.68,23.7,23.7,64,100.0,0,0.0,0,0.0,QB,LoveJo03
266,Kyler Murray,23.68,75,Sun,16,17,2023-12-31,26-146,ARI,@,PHI,W 35-31,23.68,23.68,24.7,24.7,75,98.7,0,0.0,0,0.0,QB,MurrKy00
267,Josh Allen,23.66,74,Sun,2,2,2023-09-17,27-119,BUF,,LVR,W 38-10,23.66,23.66,23.7,23.7,74,94.9,0,0.0,0,0.0,QB,AlleJo02
268,Matthew Stafford,23.66,77,Sun,13,14,2023-12-10,35-306,LAR,@,BAL,L 31-37 (OT),23.66,23.66,23.7,23.7,77,100.0,0,0.0,0,0.0,QB,StafMa00
269,Jayden Daniels,23.64,78,Sun,14,15,2024-12-15,23-363,WAS,@,NOR,W 20-19,23.64,23.64,23.6,23.6,78,100.0,0,0.0,0,0.0,QB,DaniJa02
270,Sam Darnold,23.64,73,Sun,10,11,2024-11-17,27-165,MIN,@,TEN,W 23-13,23.64,23.64,24.6,23.6,73,100.0,0,0.0,0,0.0,QB,DarnSa00
271,Lamar Jackson,23.64,54,Sun,4,4,2024-09-29,27-266,BAL,,BUF,W 35-10,23.64,23.64,24.6,23.6,54,94.7,0,0.0,0,0.0,QB,JackLa00
272,Bryce Young,23.62,70,Sun,12,13,2024-12-01,23-129,CAR,,TAM,L 23-26 (OT),23.62,23.62,23.6,23.6,70,100.0,0,0.0,0,0.0,QB,YounBr01
273,Lamar Jackson,23.60,51,Sun,9,9,2024-11-03,27-301,BAL,,DEN,W 41-10,23.60,23.60,23.6,23.6,51,89.5,0,0.0,0,0.0,QB,JackLa00
274,Justin Fields,23.58,58,Sun,14,15,2022-12-18,23-288,CHI,,PHI,L 20-25,23.58,23.58,23.6,23.6,58,98.3,0,0.0,0,0.0,QB,FielJu00
275,Russell Wilson,23.58,70,Sun,16,17,2023-01-01,34-033,DEN,@,KAN,L 24-27,23.58,23.58,25.6,24.6,70,100.0,0,0.0,0,0.0,QB,WilsRu00
276,Caleb Williams,23.56,72,Sun,5,5,2024-10-06,22-323,CHI,,CAR,W 36-10,23.56,23.56,26.6,23.6,72,96.0,0,0.0,0,0.0,QB,WillCa03
277,Jameis Winston,23.56,69,Sun,8,8,2024-10-27,30-295,CLE,,BAL,W 29-24,23.56,23.56,27.6,23.6,69,100.0,0,0.0,0,0.0,QB,WinsJa00
278,Andy Dalton,23.54,79,Sun,3,3,2023-09-24,35-330,CAR,@,SEA,L 27-37,23.54,23.54,26.5,23.5,79,100.0,0,0.0,0,0.0,QB,DaltAn00
279,Tua Tagovailoa,23.54,72,Sun,13,14,2024-12-08,26-281,MIA,,NYJ,W 32-26 (OT),23.54,23.54,26.5,23.5,72,100.0,0,0.0,0,0.0,QB,TagoTu00
280,Josh Allen,23.52,64,Sun,4,4,2022-10-02,26-134,BUF,@,BAL,W 23-20,23.52,23.52,24.5,24.5,64,100.0,0,0.0,0,0.0,QB,AlleJo02
281,Tua Tagovailoa,23.52,68,Sun,10,11,2024-11-17,26-260,MIA,,LVR,W 34-19,23.52,23.52,23.5,23.5,68,100.0,0,0.0,0,0.0,QB,TagoTu00
282,Russell Wilson,23.52,69,Sun,15,16,2023-12-24,35-025,DEN,,NWE,L 23-26,23.52,23.52,23.5,23.5,69,100.0,0,0.0,0,0.0,QB,WilsRu00
283,Joe Burrow,23.50,83,Sat,15,16,2022-12-24,26-014,CIN,@,NWE,W 22-18,23.50,23.50,28.5,25.5,83,100.0,0,0.0,0,0.0,QB,BurrJo01
284,C.J. Stroud,23.50,75,Sun,4,4,2024-09-29,22-362,HOU,,JAX,W 24-20,23.50,23.50,26.5,23.5,75,100.0,0,0.0,0,0.0,QB,StroCJ00
285,Kirk Cousins,23.48,71,Sun,7,8,2022-10-30,34-072,MIN,,ARI,W 34-26,23.48,23.48,24.5,23.5,71,100.0,0,0.0,0,0.0,QB,CousKi00
286,Justin Herbert,23.46,74,Thu,2,2,2022-09-15,24-189,LAC,@,KAN,L 24-27,23.46,23.46,27.5,24.5,74,98.7,0,0.0,0,0.0,QB,HerbJu00
287,Jalen Hurts,23.44,75,Mon,15,16,2023-12-25,25-140,PHI,,NYG,W 33-25,23.44,23.44,27.4,24.4,75,100.0,0,0.0,0,0.0,QB,HurtJa00
288,Joshua Dobbs,23.40,71,Sun,4,4,2023-10-01,28-248,ARI,@,SFO,L 16-35,23.40,23.40,23.4,23.4,71,100.0,0,0.0,0,0.0,QB,DobbJo00
289,Baker Mayfield,23.40,53,Thu,5,5,2024-10-03,29-172,TAM,@,ATL,L 30-36 (OT),23.40,23.40,23.4,23.4,53,100.0,0,0.0,0,0.0,QB,MayfBa00
290,Tua Tagovailoa,23.40,62,Sun,10,10,2022-11-13,24-256,MIA,,CLE,W 39-17,23.40,23.40,23.4,23.4,62,89.9,0,0.0,0,0.0,QB,TagoTu00
291,Joe Burrow,23.38,82,Sun,5,5,2023-10-08,26-302,CIN,@,ARI,W 34-20,23.38,23.38,27.4,24.4,82,100.0,0,0.0,0,0.0,QB,BurrJo01
292,Justin Herbert,23.38,65,Sun,4,4,2023-10-01,25-205,LAC,,LVR,W 24-17,23.38,23.38,24.4,24.4,65,100.0,0,0.0,0,0.0,QB,HerbJu00
293,Justin Fields,23.36,71,Mon,7,7,2022-10-24,23-233,CHI,@,NWE,W 33-14,23.36,23.36,24.4,24.4,71,100.0,0,0.0,0,0.0,QB,FielJu00
294,Patrick Mahomes,23.36,80,Sun,4,4,2022-10-02,27-015,KAN,@,TAM,W 41-31,23.36,23.36,24.4,24.4,80,100.0,0,0.0,0,0.0,QB,MahoPa00
295,Matthew Stafford,23.36,64,Sun,11,12,2023-11-26,35-292,LAR,@,ARI,W 37-14,23.36,23.36,24.4,24.4,64,95.5,0,0.0,0,0.0,QB,StafMa00
296,Trevor Lawrence,23.32,57,Sun,8,8,2024-10-27,25-021,JAX,,GNB,L 27-30,23.32,23.32,28.3,24.3,57,100.0,0,0.0,0,0.0,QB,LawrTr00
297,Mac Jones,23.28,55,Thu,11,12,2022-11-24,24-080,NWE,@,MIN,L 26-33,23.28,23.28,26.3,23.3,55,100.0,0,0.0,0,0.0,QB,JoneMa05
298,Justin Herbert,23.26,67,Sun,1,1,2022-09-11,24-185,LAC,,LVR,W 24-19,23.26,23.26,23.3,23.3,67,100.0,0,0.0,0,0.0,QB,HerbJu00
299,Jalen Hurts,23.26,72,Sun,7,7,2023-10-22,25-076,PHI,,MIA,W 31-17,23.26,23.26,25.3,24.3,72,100.0,0,0.0,0,0.0,QB,HurtJa00
300,Sam Darnold,23.24,61,Sun,3,3,2024-09-22,27-109,MIN,,HOU,W 34-7,23.24,23.24,23.2,23.2,61,96.8,0,0.0,0,0.0,QB,DarnSa00
301,Bo Nix,23.14,63,Sun,5,5,2024-10-06,24-224,DEN,,LVR,W 34-18,23.14,23.14,23.1,23.1,63,100.0,0,0.0,0,0.0,QB,NixxBo00
302,Geno Smith,23.12,72,Sun,2,2,2023-09-17,32-342,SEA,@,DET,W 37-31 (OT),23.12,23.12,26.1,23.1,72,100.0,0,0.0,0,0.0,QB,SmitGe00
303,Russell Wilson,23.12,65,Sun,17,18,2023-01-08,34-040,DEN,,LAC,W 31-28,23.12,23.12,24.1,24.1,65,100.0,0,0.0,0,0.0,QB,WilsRu00
304,Josh Allen,23.06,78,Sun,17,18,2024-01-07,27-231,BUF,@,MIA,W 21-14,23.06,23.06,29.1,25.1,78,100.0,0,0.0,0,0.0,QB,AlleJo02
305,Lamar Jackson,23.06,72,Sun,11,12,2022-11-27,25-324,BAL,@,JAX,L 27-28,23.06,23.06,24.1,23.1,72,100.0,0,0.0,0,0.0,QB,JackLa00
306,Joe Burrow,23.00,68,Sun,3,3,2022-09-25,25-289,CIN,@,NYJ,W 27-12,23.00,23.00,23.0,23.0,68,100.0,0,0.0,0,0.0,QB,BurrJo01
307,Jordan Love,23.00,55,Sun,1,1,2023-09-10,24-312,GNB,@,CHI,W 38-20,23.00,23.00,23.0,23.0,55,91.7,0,0.0,0,0.0,QB,LoveJo03
308,Josh Allen,22.98,64,Sat,15,16,2022-12-24,26-217,BUF,@,CHI,W 35-13,22.98,22.98,25.0,25.0,64,100.0,0,0.0,0,0.0,QB,AlleJo02
309,Josh Allen,22.98,60,Sun,16,17,2024-12-29,28-222,BUF,,NYJ,W 40-14,22.98,22.98,23.0,23.0,60,85.7,0,0.0,0,0.0,QB,AlleJo02
310,Lamar Jackson,22.98,67,Sat,17,18,2025-01-04,27-363,BAL,,CLE,W 35-10,22.98,22.98,23.0,23.0,67,95.7,0,0.0,0,0.0,QB,JackLa00
311,Geno Smith,22.98,67,Sun,12,13,2022-12-04,32-055,SEA,@,LAR,W 27-23,22.98,22.98,28.0,24.0,67,100.0,0,0.0,0,0.0,QB,SmitGe00
312,Matthew Stafford,22.96,64,Sun,12,13,2023-12-03,35-299,LAR,,CLE,W 36-19,22.96,22.96,23.0,23.0,64,100.0,0,0.0,0,0.0,QB,StafMa00
313,Sam Darnold,22.94,66,Sun,15,16,2024-12-22,27-200,MIN,@,SEA,W 27-24,22.94,22.94,22.9,22.9,66,100.0,0,0.0,0,0.0,QB,DarnSa00
314,Baker Mayfield,22.94,71,Sun,4,4,2023-10-01,28-170,TAM,@,NOR,W 26-9,22.94,22.94,23.9,23.9,71,100.0,0,0.0,0,0.0,QB,MayfBa00
315,Joshua Dobbs,22.92,77,Sun,8,8,2023-10-29,28-276,ARI,,BAL,L 24-31,22.92,22.92,24.9,24.9,77,100.0,0,0.0,0,0.0,QB,DobbJo00
316,Jared Goff,22.92,66,Sun,2,2,2023-09-17,28-338,DET,,SEA,L 31-37 (OT),22.92,22.92,26.9,23.9,66,100.0,0,0.0,0,0.0,QB,GoffJa00
317,Lamar Jackson,22.88,75,Sun,2,2,2023-09-17,26-253,BAL,@,CIN,W 27-24,22.88,22.88,22.9,22.9,75,100.0,0,0.0,0,0.0,QB,JackLa00
318,Kyler Murray,22.88,76,Sun,4,4,2022-10-02,25-056,ARI,@,CAR,W 26-16,22.88,22.88,23.9,23.9,76,100.0,0,0.0,0,0.0,QB,MurrKy00
319,Jalen Hurts,22.76,54,Sun,6,7,2024-10-20,26-074,PHI,@,NYG,W 28-3,22.76,22.76,22.8,22.8,54,81.8,0,0.0,0,0.0,QB,HurtJa00
320,Caleb Williams,22.76,64,Sun,15,16,2024-12-22,23-034,CHI,,DET,L 17-34,22.76,22.76,26.8,22.8,64,100.0,0,0.0,0,0.0,QB,WillCa03
321,Joshua Dobbs,22.74,76,Sun,17,18,2025-01-05,29-345,SFO,@,ARI,L 24-47,22.74,22.74,28.7,24.7,76,100.0,0,0.0,0,0.0,QB,DobbJo00
322,Gardner Minshew II,22.70,71,Sat,15,16,2022-12-24,26-222,PHI,@,DAL,L 34-40,22.70,22.70,28.7,24.7,71,100.0,0,0.0,0,0.0,QB,MinsGa00
323,Matt Ryan,22.68,65,Sun,10,10,2022-11-13,37-180,IND,@,LVR,W 25-20,22.68,22.68,22.7,22.7,65,100.0,0,0.0,0,0.0,QB,RyanMa00
324,Joe Flacco,22.66,60,Thu,16,17,2023-12-28,38-346,CLE,,NYJ,W 37-20,22.66,22.66,26.7,23.7,60,100.0,0,0.0,0,0.0,QB,FlacJo00
325,Justin Fields,22.62,69,Sun,11,11,2022-11-20,23-260,CHI,@,ATL,L 24-27,22.62,22.62,23.6,23.6,69,100.0,0,0.0,0,0.0,QB,FielJu00
326,Lamar Jackson,22.58,68,Mon,15,16,2023-12-25,26-352,BAL,@,SFO,W 33-19,22.58,22.58,22.6,22.6,68,100.0,0,0.0,0,0.0,QB,JackLa00
327,Lamar Jackson,22.58,65,Mon,12,12,2024-11-25,27-323,BAL,@,LAC,W 30-23,22.58,22.58,22.6,22.6,65,100.0,0,0.0,0,0.0,QB,JackLa00
328,Geno Smith,22.56,58,Sun,5,5,2024-10-06,33-362,SEA,,NYG,L 20-29,22.56,22.56,22.6,22.6,58,100.0,0,0.0,0,0.0,QB,SmitGe00
329,Tommy DeVito,22.54,55,Sun,11,11,2023-11-19,25-104,NYG,@,WAS,W 31-19,22.54,22.54,22.5,22.5,55,100.0,0,0.0,0,0.0,QB,DeViTo00
330,Davis Mills,22.52,59,Sun,17,18,2023-01-08,24-079,HOU,@,IND,W 32-31,22.52,22.52,24.5,24.5,59,90.8,0,0.0,0,0.0,QB,MillDa02
331,Josh Allen,22.50,72,Sun,11,11,2023-11-19,27-182,BUF,,NYJ,W 32-6,22.50,22.50,23.5,23.5,72,94.7,0,0.0,0,0.0,QB,AlleJo02
332,Tua Tagovailoa,22.48,56,Sun,6,6,2023-10-15,25-227,MIA,,CAR,W 42-21,22.48,22.48,22.5,22.5,56,83.6,0,0.0,0,0.0,QB,TagoTu00
333,Jared Goff,22.42,70,Sun,6,6,2023-10-15,29-001,DET,@,TAM,W 20-6,22.42,22.42,25.4,22.4,70,100.0,0,0.0,0,0.0,QB,GoffJa00
334,Marcus Mariota,22.42,67,Sun,8,8,2022-10-30,29-000,ATL,,CAR,W 37-34 (OT),22.42,22.42,24.4,24.4,67,100.0,0,0.0,0,0.0,QB,MariMa01
335,Jared Goff,22.40,64,Sun,16,17,2023-01-01,28-079,DET,,CHI,W 41-10,22.40,22.40,22.4,22.4,64,90.1,0,0.0,0,0.0,QB,GoffJa00
336,Joe Burrow,22.32,70,Sun,8,9,2023-11-05,26-330,CIN,,BUF,W 24-18,22.32,22.32,25.3,22.3,70,100.0,0,0.0,0,0.0,QB,BurrJo01
337,Baker Mayfield,22.32,72,Sun,15,16,2024-12-22,29-252,TAM,@,DAL,L 24-26,22.32,22.32,26.3,23.3,72,100.0,0,0.0,0,0.0,QB,MayfBa00
338,Baker Mayfield,22.30,73,Sun,8,8,2024-10-27,29-196,TAM,,ATL,L 26-31,22.30,22.30,27.3,24.3,73,100.0,0,0.0,0,0.0,QB,MayfBa00
339,Kirk Cousins,22.24,79,Sun,5,5,2022-10-09,34-051,MIN,,CHI,W 29-22,22.24,22.24,23.2,23.2,79,100.0,0,0.0,0,0.0,QB,CousKi00
340,Jayden Daniels,22.24,74,Sun,8,8,2024-10-27,23-314,WAS,,CHI,W 18-15,22.24,22.24,25.2,22.2,74,100.0,0,0.0,0,0.0,QB,DaniJa02
341,Russell Wilson,22.22,48,Sun,4,4,2023-10-01,34-306,DEN,@,CHI,W 31-28,22.22,22.22,22.2,22.2,48,100.0,0,0.0,0,0.0,QB,WilsRu00
342,Andy Dalton,22.20,40,Sun,11,11,2022-11-20,35-022,NOR,,LAR,W 27-20,22.20,22.20,22.2,22.2,40,70.2,0,0.0,0,0.0,QB,DaltAn00
343,Justin Herbert,22.20,68,Sun,2,2,2023-09-17,25-191,LAC,@,TEN,L 24-27 (OT),22.20,22.20,25.2,22.2,68,100.0,0,0.0,0,0.0,QB,HerbJu00
344,Kyler Murray,22.18,66,Sun,8,8,2024-10-27,27-081,ARI,@,MIA,W 28-27,22.18,22.18,25.2,22.2,66,100.0,0,0.0,0,0.0,QB,MurrKy00
345,Bryce Young,22.18,66,Sun,15,16,2023-12-24,22-152,CAR,,GNB,L 30-33,22.18,22.18,25.2,22.2,66,100.0,0,0.0,0,0.0,QB,YounBr01
346,Justin Herbert,22.16,65,Thu,15,16,2024-12-19,26-284,LAC,,DEN,W 34-27,22.16,22.16,23.2,23.2,65,100.0,0,0.0,0,0.0,QB,HerbJu00
347,Geno Smith,22.12,80,Sun,9,9,2024-11-03,34-024,SEA,,LAR,L 20-26 (OT),22.12,22.12,28.1,25.1,80,100.0,0,0.0,0,0.0,QB,SmitGe00
348,Josh Allen,22.10,66,Sun,9,9,2024-11-03,28-166,BUF,,MIA,W 30-27,22.10,22.10,23.1,23.1,66,100.0,0,0.0,0,0.0,QB,AlleJo02
349,Brock Purdy,22.10,57,Sun,13,14,2024-12-08,24-347,SFO,,CHI,W 38-13,22.10,22.10,25.1,22.1,57,93.4,0,0.0,0,0.0,QB,PurdBr00
350,Daniel Jones,22.08,72,Sun,5,5,2024-10-06,27-132,NYG,@,SEA,W 29-20,22.08,22.08,22.1,22.1,72,100.0,0,0.0,0,0.0,QB,JoneDa05
351,Taylor Heinicke,22.06,61,Sun,8,8,2022-10-30,29-229,WAS,@,IND,W 17-16,22.06,22.06,23.1,23.1,61,100.0,0,0.0,0,0.0,QB,HeinTa00
352,Jared Goff,22.02,80,Thu,13,14,2024-12-05,30-052,DET,,GNB,W 34-31,22.02,22.02,23.0,23.0,80,100.0,0,0.0,0,0.0,QB,GoffJa00
353,Joe Burrow,21.98,55,Sun,15,16,2024-12-22,28-012,CIN,,CLE,W 24-6,21.98,21.98,23.0,22.0,55,98.2,0,0.0,0,0.0,QB,BurrJo01
354,Jalen Hurts,21.92,69,Mon,14,15,2023-12-18,25-133,PHI,@,SEA,L 17-20,21.92,21.92,23.9,23.9,69,100.0,0,0.0,0,0.0,QB,HurtJa00
355,Sam Darnold,21.90,68,Sat,15,16,2022-12-24,25-202,CAR,,DET,W 37-23,21.90,21.90,21.9,21.9,68,100.0,0,0.0,0,0.0,QB,DarnSa00
356,Kirk Cousins,21.86,69,Thu,11,12,2022-11-24,34-097,MIN,,NWE,W 33-26,21.86,21.86,22.9,22.9,69,100.0,0,0.0,0,0.0,QB,CousKi00
357,Jalen Hurts,21.86,62,Sun,5,6,2024-10-13,26-067,PHI,,CLE,W 20-16,21.86,21.86,21.9,21.9,62,100.0,0,0.0,0,0.0,QB,HurtJa00
358,Bo Nix,21.86,60,Sat,16,17,2024-12-28,24-307,DEN,@,CIN,L 24-30 (OT),21.86,21.86,22.9,22.9,60,100.0,0,0.0,0,0.0,QB,NixxBo00
359,Deshaun Watson,21.86,56,Sun,16,17,2023-01-01,27-109,CLE,@,WAS,W 24-10,21.86,21.86,21.9,21.9,56,98.2,0,0.0,0,0.0,QB,WatsDe00
360,Carson Wentz,21.86,63,Sun,5,5,2022-10-09,29-283,WAS,,TEN,L 17-21,21.86,21.86,25.9,22.9,63,100.0,0,0.0,0,0.0,QB,WentCa00
361,C.J. Stroud,21.84,71,Sun,4,4,2023-10-01,21-363,HOU,,PIT,W 30-6,21.84,21.84,24.8,21.8,71,100.0,0,0.0,0,0.0,QB,StroCJ00
362,Derek Carr,21.82,53,Sun,2,2,2024-09-15,33-171,NOR,@,DAL,W 44-19,21.82,21.82,22.8,22.8,53,89.8,0,0.0,0,0.0,QB,CarrDe02
363,Lamar Jackson,21.82,76,Thu,8,8,2022-10-27,25-293,BAL,@,TAM,W 27-22,21.82,21.82,21.8,21.8,76,100.0,0,0.0,0,0.0,QB,JackLa00
364,Jalen Hurts,21.80,50,Mon,9,10,2022-11-14,24-099,PHI,,WAS,L 21-32,21.80,21.80,22.8,22.8,50,100.0,0,0.0,0,0.0,QB,HurtJa00
365,Josh Allen,21.76,59,Sun,16,18,2023-01-08,26-232,BUF,,NWE,W 35-23,21.76,21.76,22.8,22.8,59,100.0,0,0.0,0,0.0,QB,AlleJo02
366,Tua Tagovailoa,21.76,77,Sun,8,8,2023-10-29,25-241,MIA,,NWE,W 31-17,21.76,21.76,26.8,22.8,77,100.0,0,0.0,0,0.0,QB,TagoTu00
367,Brock Purdy,21.70,52,Sun,13,14,2022-12-11,22-349,SFO,,TAM,W 35-7,21.70,21.70,21.7,21.7,52,82.5,0,0.0,0,0.0,QB,PurdBr00
368,Kyler Murray,21.66,61,Sun,11,11,2023-11-19,26-104,ARI,@,HOU,L 16-21,21.66,21.66,22.7,22.7,61,100.0,0,0.0,0,0.0,QB,MurrKy00
369,Tyrod Taylor,21.66,68,Sun,7,7,2023-10-22,34-080,NYG,,WAS,W 14-7,21.66,21.66,21.7,21.7,68,100.0,0,0.0,0,0.0,QB,TaylTy00
370,Jameis Winston,21.66,61,Sun,1,1,2022-09-11,28-248,NOR,@,ATL,W 27-26,21.66,21.66,21.7,21.7,61,100.0,0,0.0,0,0.0,QB,WinsJa00
371,Sam Darnold,21.64,66,Sun,16,17,2023-01-01,25-210,CAR,@,TAM,L 24-30,21.64,21.64,27.6,22.6,66,100.0,0,0.0,0,0.0,QB,DarnSa00
372,Daniel Jones,21.64,53,Sun,4,4,2022-10-02,25-128,NYG,,CHI,W 20-12,21.64,21.64,21.6,21.6,53,81.5,0,0.0,0,0.0,QB,JoneDa05
373,Baker Mayfield,21.64,67,Sun,17,18,2025-01-05,29-266,TAM,,NOR,W 27-19,21.64,21.64,22.6,22.6,67,100.0,0,0.0,0,0.0,QB,MayfBa00
374,Jared Goff,21.60,74,Sun,12,13,2022-12-04,28-051,DET,,JAX,W 40-14,21.60,21.60,24.6,21.6,74,97.4,0,0.0,0,0.0,QB,GoffJa00
375,Geno Smith,21.60,90,Mon,4,4,2024-09-30,33-356,SEA,@,DET,L 29-42,21.60,21.60,25.6,22.6,90,100.0,0,0.0,0,0.0,QB,SmitGe00
376,Taysom Hill,21.46,29,Sun,8,8,2023-10-29,33-067,NOR,@,IND,W 38-27,21.46,22.46,22.5,22.0,29,43.9,0,0.0,15,44.1,TE/QB,HillTa00
377,C.J. Stroud,21.46,84,Sun,2,2,2023-09-17,21-349,HOU,,IND,L 20-31,21.46,21.46,25.5,21.5,84,100.0,0,0.0,0,0.0,QB,StroCJ00
378,Brock Purdy,21.42,54,Sun,13,14,2023-12-10,23-348,SFO,,SEA,W 28-16,21.42,21.42,25.4,22.4,54,100.0,0,0.0,0,0.0,QB,PurdBr00
379,Baker Mayfield,21.38,68,Thu,7,8,2023-10-26,28-195,TAM,@,BUF,L 18-24,21.38,21.38,21.4,21.4,68,100.0,0,0.0,0,0.0,QB,MayfBa00
380,Desmond Ridder,21.38,82,Sun,2,2,2023-09-17,24-017,ATL,,GNB,W 25-24,21.38,21.38,22.4,22.4,82,100.0,0,0.0,0,0.0,QB,RiddDe00
381,Geno Smith,21.36,64,Sun,15,16,2024-12-22,34-073,SEA,,MIN,L 24-27,21.36,21.36,26.4,23.4,64,100.0,0,0.0,0,0.0,QB,SmitGe00
382,Josh Allen,21.32,57,Sun,3,3,2023-09-24,27-126,BUF,@,WAS,W 37-3,21.32,21.32,22.3,22.3,57,83.8,0,0.0,0,0.0,QB,AlleJo02
383,Brock Purdy,21.32,54,Sun,4,4,2023-10-01,23-278,SFO,,ARI,W 35-16,21.32,21.32,21.3,21.3,54,98.2,0,0.0,0,0.0,QB,PurdBr00
384,Derek Carr,21.30,60,Sun,1,1,2024-09-08,33-164,NOR,,CAR,W 47-10,21.30,21.30,21.3,21.3,60,90.9,0,0.0,0,0.0,QB,CarrDe02
385,Sam Howell,21.26,73,Sun,2,2,2023-09-17,23-001,WAS,@,DEN,W 35-33,21.26,21.26,21.3,21.3,73,100.0,0,0.0,0,0.0,QB,HoweSa00
386,Trevor Lawrence,21.24,58,Sun,5,5,2024-10-06,25-000,JAX,,IND,W 37-34,21.24,21.24,25.2,22.2,58,100.0,0,0.0,0,0.0,QB,LawrTr00
387,Patrick Mahomes,21.20,67,Sun,2,2,2023-09-17,28-000,KAN,@,JAX,W 17-9,21.20,21.20,25.2,22.2,67,100.0,0,0.0,0,0.0,QB,MahoPa00
388,Josh Allen,21.16,67,Sun,16,17,2023-12-31,27-224,BUF,,NWE,W 27-21,21.16,21.16,22.2,22.2,67,97.1,0,0.0,0,0.0,QB,AlleJo02
389,Justin Fields,21.16,75,Sun,11,11,2023-11-19,24-259,CHI,@,DET,L 26-31,21.16,21.16,24.2,21.2,75,100.0,0,0.0,0,0.0,QB,FielJu00
390,Anthony Richardson,21.16,62,Sun,13,13,2024-12-01,22-193,IND,@,NWE,W 25-24,21.16,21.16,23.2,23.2,62,100.0,0,0.0,0,0.0,QB,RichAn03
391,Deshaun Watson,21.16,66,Sun,3,3,2023-09-24,28-010,CLE,,TEN,W 27-3,21.16,21.16,21.2,21.2,66,93.0,0,0.0,0,0.0,QB,WatsDe00
392,Jared Goff,21.12,66,Sun,9,10,2023-11-12,29-029,DET,@,LAC,W 41-38,21.12,21.12,24.1,21.1,66,100.0,0,0.0,0,0.0,QB,GoffJa00
393,Brock Purdy,21.12,64,Sun,15,16,2024-12-22,24-361,SFO,@,MIA,L 17-29,21.12,21.12,25.1,22.1,64,100.0,0,0.0,0,0.0,QB,PurdBr00
394,Sam Darnold,21.10,69,Sun,11,12,2024-11-24,27-172,MIN,@,CHI,W 30-27 (OT),21.10,21.10,24.1,21.1,69,97.2,0,0.0,0,0.0,QB,DarnSa00
395,Justin Herbert,21.10,70,Sun,4,4,2022-10-02,24-206,LAC,@,HOU,W 34-24,21.10,21.10,24.1,21.1,70,100.0,0,0.0,0,0.0,QB,HerbJu00
396,Jake Browning,21.08,74,Sun,16,17,2023-12-31,27-264,CIN,@,KAN,L 17-25,21.08,21.08,21.1,21.1,74,100.0,0,0.0,0,0.0,QB,BrowJa08
397,Aaron Rodgers,21.04,73,Thu,3,3,2024-09-19,40-292,NYJ,,NWE,W 24-3,21.04,21.04,21.0,21.0,73,100.0,0,0.0,0,0.0,QB,RodgAa00
398,Ryan Tannehill,21.04,65,Sun,2,2,2023-09-17,35-052,TEN,,LAC,W 27-24 (OT),21.04,21.04,21.0,21.0,65,100.0,0,0.0,0,0.0,QB,TannRy00
399,Josh Allen,21.02,55,Sun,7,7,2024-10-20,28-152,BUF,,TEN,W 34-10,21.02,21.02,24.0,21.0,55,100.0,0,0.0,0,0.0,QB,AlleJo02
400,Kirk Cousins,21.02,70,Mon,7,7,2023-10-23,35-065,MIN,,SFO,W 22-17,21.02,21.02,25.0,22.0,70,100.0,0,0.0,0,0.0,QB,CousKi00
401,Bo Nix,21.02,64,Thu,15,16,2024-12-19,24-298,DEN,@,LAC,L 27-34,21.02,21.02,21.0,21.0,64,100.0,0,0.0,0,0.0,QB,NixxBo00
402,Jayden Daniels,20.96,59,Sun,6,6,2024-10-13,23-300,WAS,@,BAL,L 23-30,20.96,20.96,21.0,21.0,59,100.0,0,0.0,0,0.0,QB,DaniJa02
403,Trevor Lawrence,20.96,64,Sun,10,10,2022-11-13,23-038,JAX,@,KAN,L 17-27,20.96,20.96,21.0,21.0,64,100.0,0,0.0,0,0.0,QB,LawrTr00
404,Anthony Richardson,20.92,69,Sun,1,1,2023-09-10,21-111,IND,,JAX,L 21-31,20.92,20.92,21.9,21.9,69,95.8,0,0.0,0,0.0,QB,RichAn03
405,Bailey Zappe,20.90,57,Thu,13,14,2023-12-07,24-225,NWE,@,PIT,W 21-18,20.90,20.90,21.9,21.9,57,100.0,0,0.0,0,0.0,QB,ZappBa00
406,Jordan Love,20.88,72,Sun,10,11,2023-11-19,25-017,GNB,,LAC,W 23-20,20.88,20.88,23.9,20.9,72,100.0,0,0.0,0,0.0,QB,LoveJo03
407,Justin Herbert,20.86,81,Sun,1,1,2023-09-10,25-184,LAC,,MIA,L 34-36,20.86,20.86,20.9,20.9,81,100.0,0,0.0,0,0.0,QB,HerbJu00
408,Drake Maye,20.84,60,Sun,7,7,2024-10-20,22-051,NWE,@,JAX,L 16-32,20.84,20.84,20.8,20.8,60,100.0,0,0.0,0,0.0,QB,MayeDr00
409,Patrick Mahomes,20.82,60,Sun,11,12,2023-11-26,28-070,KAN,@,LVR,W 31-17,20.82,20.82,20.8,20.8,60,100.0,0,0.0,0,0.0,QB,MahoPa00
410,Davis Webb,20.82,63,Sun,17,18,2023-01-08,27-351,NYG,@,PHI,L 16-22,20.82,20.82,20.8,20.8,63,100.0,0,0.0,0,0.0,QB,WebbDa00
411,Derek Carr,20.80,76,Sun,11,12,2022-11-27,31-244,LVR,@,SEA,W 40-34 (OT),20.80,20.80,22.8,22.8,76,98.7,0,0.0,0,0.0,QB,CarrDe02
412,Jared Goff,20.80,57,Sun,17,18,2024-01-07,29-085,DET,,MIN,W 30-20,20.80,20.80,23.8,20.8,57,100.0,0,0.0,0,0.0,QB,GoffJa00
413,Geno Smith,20.80,73,Sun,9,9,2022-11-06,32-027,SEA,@,ARI,W 31-21,20.80,20.80,21.8,21.8,73,100.0,0,0.0,0,0.0,QB,SmitGe00
414,Matthew Stafford,20.80,77,Sun,13,14,2024-12-08,36-305,LAR,,BUF,W 44-42,20.80,20.80,23.8,20.8,77,100.0,0,0.0,0,0.0,QB,StafMa00
415,Daniel Jones,20.76,69,Sat,15,16,2022-12-24,25-211,NYG,@,MIN,L 24-27,20.76,20.76,24.8,21.8,69,100.0,0,0.0,0,0.0,QB,JoneDa05
416,Bo Nix,20.74,55,Sun,6,6,2024-10-13,24-231,DEN,,LAC,L 16-23,20.74,20.74,21.7,21.7,55,100.0,0,0.0,0,0.0,QB,NixxBo00
417,Matthew Stafford,20.72,70,Thu,15,16,2023-12-21,35-317,LAR,,NOR,W 30-22,20.72,20.72,23.7,20.7,70,100.0,0,0.0,0,0.0,QB,StafMa00
418,Deshaun Watson,20.66,74,Sun,1,1,2023-09-10,27-361,CLE,,CIN,W 24-3,20.66,20.66,21.7,21.7,74,100.0,0,0.0,0,0.0,QB,WatsDe00
419,Nick Mullens,20.64,73,Sun,17,18,2024-01-07,28-292,MIN,@,DET,L 20-30,20.64,20.64,25.6,22.6,73,100.0,0,0.0,0,0.0,QB,MullNi00
420,Dak Prescott,20.64,64,Sun,10,11,2022-11-20,29-114,DAL,@,MIN,W 40-3,20.64,20.64,20.6,20.6,64,88.9,0,0.0,0,0.0,QB,PresDa01
421,Kyler Murray,20.62,57,Sun,1,1,2022-09-11,25-035,ARI,,KAN,L 21-44,20.62,20.62,20.6,20.6,57,87.7,0,0.0,0,0.0,QB,MurrKy00
422,Gardner Minshew II,20.60,67,Sat,14,15,2023-12-16,27-214,IND,,PIT,W 30-13,20.60,20.60,20.6,20.6,67,100.0,0,0.0,0,0.0,QB,MinsGa00
423,C.J. Stroud,20.60,56,Sun,3,3,2023-09-24,21-356,HOU,@,JAX,W 37-17,20.60,20.60,20.6,20.6,56,100.0,0,0.0,0,0.0,QB,StroCJ00
424,Mitchell Trubisky,20.60,70,Thu,13,14,2023-12-07,29-109,PIT,,NWE,L 18-21,20.60,20.60,21.6,21.6,70,100.0,0,0.0,0,0.0,QB,TrubMi00
425,Josh Allen,20.58,59,Sun,13,14,2022-12-11,26-204,BUF,,NYJ,W 20-12,20.58,20.58,20.6,20.6,59,100.0,0,0.0,0,0.0,QB,AlleJo02
426,Geno Smith,20.56,54,Sun,13,14,2022-12-11,32-062,SEA,,CAR,L 24-30,20.56,20.56,22.6,22.6,54,100.0,0,0.0,0,0.0,QB,SmitGe00
427,C.J. Stroud,20.56,56,Sat,17,18,2024-01-06,22-095,HOU,@,IND,W 23-19,20.56,20.56,20.6,20.6,56,100.0,0,0.0,0,0.0,QB,StroCJ00
428,Josh Allen,20.52,77,Sun,13,14,2023-12-10,27-203,BUF,@,KAN,W 20-17,20.52,20.52,21.5,21.5,77,100.0,0,0.0,0,0.0,QB,AlleJo02
429,Sam Darnold,20.50,68,Sun,4,4,2024-09-29,27-116,MIN,@,GNB,W 31-29,20.50,20.50,22.5,21.5,68,100.0,0,0.0,0,0.0,QB,DarnSa00
430,Lamar Jackson,20.48,62,Sat,15,16,2024-12-21,27-349,BAL,,PIT,W 34-17,20.48,20.48,21.5,21.5,62,100.0,0,0.0,0,0.0,QB,JackLa00
431,Derek Carr,20.46,51,Sun,10,10,2024-11-10,33-227,NOR,,ATL,W 20-17,20.46,20.46,20.5,20.5,51,96.2,0,0.0,0,0.0,QB,CarrDe02
432,Kyler Murray,20.44,70,Sun,12,12,2023-11-26,26-111,ARI,,LAR,L 14-37,20.44,20.44,20.4,20.4,70,98.6,0,0.0,0,0.0,QB,MurrKy00
433,Kyler Murray,20.40,61,Sun,15,16,2023-12-24,26-139,ARI,@,CHI,L 16-27,20.40,20.40,20.4,20.4,61,100.0,0,0.0,0,0.0,QB,MurrKy00
434,Kyler Murray,20.38,70,Sun,15,16,2024-12-22,27-137,ARI,@,CAR,L 30-36 (OT),20.38,20.38,22.4,21.4,70,100.0,0,0.0,0,0.0,QB,MurrKy00
435,Geno Smith,20.36,55,Sun,17,18,2024-01-07,33-089,SEA,@,ARI,W 21-20,20.36,20.36,20.4,20.4,55,100.0,0,0.0,0,0.0,QB,SmitGe00
436,Joe Flacco,20.34,74,Sun,13,14,2023-12-10,38-328,CLE,,JAX,W 31-27,20.34,20.34,25.3,21.3,74,97.4,0,0.0,0,0.0,QB,FlacJo00
437,Jordan Love,20.34,50,Sun,2,2,2023-09-17,24-319,GNB,@,ATL,L 24-25,20.34,20.34,20.3,20.3,50,100.0,0,0.0,0,0.0,QB,LoveJo03
438,Aaron Rodgers,20.34,58,Thu,9,9,2024-10-31,40-334,NYJ,,HOU,W 21-13,20.34,20.34,20.3,20.3,58,100.0,0,0.0,0,0.0,QB,RodgAa00
439,Jacoby Brissett,20.32,72,Mon,8,8,2022-10-31,29-324,CLE,,CIN,W 32-13,20.32,20.32,21.3,20.3,72,100.0,0,0.0,0,0.0,QB,BrisJa00
440,Derek Carr,20.32,59,Sun,14,15,2023-12-17,32-264,NOR,,NYG,W 24-6,20.32,20.32,20.3,20.3,59,95.2,0,0.0,0,0.0,QB,CarrDe02
441,Dak Prescott,20.30,65,Sat,16,17,2023-12-30,30-154,DAL,,DET,W 20-19,20.30,20.30,24.3,21.3,65,100.0,0,0.0,0,0.0,QB,PresDa01
442,Brock Purdy,20.30,79,Thu,3,3,2023-09-21,23-268,SFO,,NYG,W 30-12,20.30,20.30,23.3,20.3,79,95.2,0,0.0,0,0.0,QB,PurdBr00
443,Derek Carr,20.28,66,Sun,10,11,2022-11-20,31-237,LVR,@,DEN,W 22-16 (OT),20.28,20.28,23.3,20.3,66,100.0,0,0.0,0,0.0,QB,CarrDe02
444,Aidan O'Connell,20.26,75,Sun,16,17,2023-12-31,25-121,LVR,@,IND,L 20-23,20.26,20.26,20.3,20.3,75,100.0,0,0.0,0,0.0,QB,OConAi00
445,Jordan Love,20.24,46,Sun,10,11,2024-11-17,26-015,GNB,@,CHI,W 20-19,20.24,20.24,21.2,21.2,46,100.0,0,0.0,0,0.0,QB,LoveJo03
446,Dak Prescott,20.24,75,Sun,14,15,2022-12-18,29-142,DAL,@,JAX,L 34-40 (OT),20.24,20.24,22.2,22.2,75,100.0,0,0.0,0,0.0,QB,PresDa01
447,Anthony Richardson,20.24,62,Sun,15,16,2024-12-22,22-214,IND,,TEN,W 38-30,20.24,20.24,21.2,21.2,62,100.0,0,0.0,0,0.0,QB,RichAn03
448,Lamar Jackson,20.22,56,Sun,1,1,2022-09-11,25-247,BAL,@,NYJ,W 24-9,20.22,20.22,21.2,21.2,56,100.0,0,0.0,0,0.0,QB,JackLa00
449,Kyler Murray,20.20,54,Mon,7,7,2024-10-21,27-075,ARI,,LAC,W 17-15,20.20,20.20,21.2,21.2,54,94.7,0,0.0,0,0.0,QB,MurrKy00
450,Joe Burrow,20.08,64,Thu,4,4,2022-09-29,25-293,CIN,,MIA,W 27-15,20.08,20.08,20.1,20.1,64,100.0,0,0.0,0,0.0,QB,BurrJo01
451,Baker Mayfield,20.06,68,Sun,13,14,2023-12-10,28-240,TAM,@,ATL,W 29-25,20.06,20.06,20.1,20.1,68,100.0,0,0.0,0,0.0,QB,MayfBa00
452,Jalen Hurts,20.02,65,Thu,8,9,2022-11-03,24-088,PHI,@,HOU,W 29-17,20.02,20.02,21.0,20.0,65,100.0,0,0.0,0,0.0,QB,HurtJa00
453,Mac Jones,20.00,51,Sun,12,13,2024-12-01,26-087,JAX,,HOU,L 20-23,20.00,20.00,20.0,20.0,51,72.9,0,0.0,0,0.0,QB,JoneMa05
454,Mason Rudolph,20.00,59,Sat,15,16,2023-12-23,28-159,PIT,,CIN,W 34-11,20.00,20.00,20.0,20.0,59,100.0,0,0.0,0,0.0,QB,RudoMa00
455,Mac Jones,19.98,60,Sun,7,7,2023-10-22,25-047,NWE,,BUF,W 29-25,19.98,19.98,20.0,20.0,60,100.0,0,0.0,0,0.0,QB,JoneMa05
456,Sam Darnold,19.92,54,Sun,2,2,2024-09-15,27-102,MIN,,SFO,W 23-17,19.92,19.92,20.9,20.9,54,100.0,0,0.0,0,0.0,QB,DarnSa00
457,Jalen Hurts,19.90,70,Sun,6,6,2023-10-15,25-069,PHI,@,NYJ,L 14-20,19.90,19.90,22.9,22.9,70,100.0,0,0.0,0,0.0,QB,HurtJa00
458,Joe Burrow,19.88,64,Sun,9,10,2023-11-12,26-337,CIN,,HOU,L 27-30,19.88,19.88,24.9,21.9,64,100.0,0,0.0,0,0.0,QB,BurrJo01
459,Jalen Hurts,19.88,80,Mon,3,3,2023-09-25,25-049,PHI,@,TAM,W 25-11,19.88,19.88,21.9,21.9,80,100.0,0,0.0,0,0.0,QB,HurtJa00
460,Kirk Cousins,19.86,72,Sun,5,5,2023-10-08,35-050,MIN,,KAN,L 20-27,19.86,19.86,19.9,19.9,72,100.0,0,0.0,0,0.0,QB,CousKi00
461,Kirk Cousins,19.86,61,Sun,8,8,2023-10-29,35-071,MIN,@,GNB,W 24-10,19.86,19.86,19.9,19.9,61,84.7,0,0.0,0,0.0,QB,CousKi00
462,Jayden Daniels,19.86,62,Sun,9,9,2024-11-03,23-321,WAS,@,NYG,W 27-22,19.86,19.86,19.9,19.9,62,100.0,0,0.0,0,0.0,QB,DaniJa02
463,Jimmy Garoppolo,19.86,66,Sun,17,18,2025-01-05,33-064,LAR,,SEA,L 25-30,19.86,19.86,23.9,20.9,66,100.0,0,0.0,0,0.0,QB,GaroJi00
464,Josh Allen,19.82,69,Sun,8,8,2024-10-27,28-159,BUF,@,SEA,W 31-10,19.82,19.82,20.8,20.8,69,90.8,0,0.0,0,0.0,QB,AlleJo02
465,Joe Burrow,19.82,53,Sun,6,6,2024-10-13,27-308,CIN,@,NYG,W 17-7,19.82,19.82,19.8,19.8,53,100.0,0,0.0,0,0.0,QB,BurrJo01
466,Derek Carr,19.82,70,Sun,3,3,2022-09-25,31-181,LVR,@,TEN,L 22-24,19.82,19.82,23.8,20.8,70,100.0,0,0.0,0,0.0,QB,CarrDe02
467,Patrick Mahomes,19.82,55,Sun,12,13,2022-12-04,27-078,KAN,@,CIN,L 24-27,19.82,19.82,19.8,19.8,55,100.0,0,0.0,0,0.0,QB,MahoPa00
468,Baker Mayfield,19.82,74,Sun,15,16,2023-12-24,28-254,TAM,,JAX,W 30-12,19.82,19.82,19.8,19.8,74,100.0,0,0.0,0,0.0,QB,MayfBa00
469,Brock Purdy,19.82,51,Sun,17,18,2023-01-08,23-012,SFO,,ARI,W 38-13,19.82,19.82,19.8,19.8,51,82.3,0,0.0,0,0.0,QB,PurdBr00
470,Marcus Mariota,19.80,75,Sun,1,1,2022-09-11,28-316,ATL,,NOR,L 26-27,19.80,19.80,20.8,19.8,75,100.0,0,0.0,0,0.0,QB,MariMa01
471,Patrick Mahomes,19.78,68,Sun,13,14,2022-12-11,27-085,KAN,@,DEN,W 34-28,19.78,19.78,25.8,22.8,68,100.0,0,0.0,0,0.0,QB,MahoPa00
472,Justin Herbert,19.76,59,Sun,9,10,2024-11-10,26-245,LAC,,TEN,W 27-17,19.76,19.76,19.8,19.8,59,100.0,0,0.0,0,0.0,QB,HerbJu00
473,Tom Brady,19.74,79,Sun,5,5,2022-10-09,45-067,TAM,,ATL,W 21-15,19.74,19.74,22.7,19.7,79,100.0,0,0.0,0,0.0,QB,BradTo00
474,Jayden Daniels,19.72,58,Sun,5,5,2024-10-06,23-293,WAS,,CLE,W 34-13,19.72,19.72,20.7,20.7,58,86.6,0,0.0,0,0.0,QB,DaniJa02
475,Patrick Mahomes,19.62,67,Sun,6,6,2022-10-16,27-029,KAN,,BUF,L 20-24,19.62,19.62,24.6,21.6,67,100.0,0,0.0,0,0.0,QB,MahoPa00
476,Josh Allen,19.60,75,Sun,9,10,2022-11-13,26-176,BUF,,MIN,L 30-33 (OT),19.60,19.60,25.6,21.6,75,100.0,0,0.0,0,0.0,QB,AlleJo02
477,Sam Darnold,19.60,53,Sun,12,13,2024-12-01,27-179,MIN,,ARI,W 23-22,19.60,19.60,19.6,19.6,53,100.0,0,0.0,0,0.0,QB,DarnSa00
478,Sam Howell,19.60,78,Sun,4,4,2023-10-01,23-015,WAS,@,PHI,L 31-34 (OT),19.60,19.60,19.6,19.6,78,100.0,0,0.0,0,0.0,QB,HoweSa00
479,Marcus Mariota,19.60,59,Sun,7,7,2024-10-20,30-356,WAS,,CAR,W 40-7,19.60,19.60,19.6,19.6,59,85.5,0,0.0,0,0.0,QB,MariMa01
480,Aidan O'Connell,19.60,68,Fri,12,13,2024-11-29,26-089,LVR,@,KAN,L 17-19,19.60,19.60,23.6,19.6,68,100.0,0,0.0,0,0.0,QB,OConAi00
481,Dak Prescott,19.60,87,Sun,2,2,2023-09-17,30-050,DAL,,NYJ,W 30-10,19.60,19.60,19.6,19.6,87,100.0,0,0.0,0,0.0,QB,PresDa01
482,Trevor Lawrence,19.56,54,Sun,9,9,2024-11-03,25-028,JAX,@,PHI,L 23-28,19.56,19.56,21.6,21.6,54,100.0,0,0.0,0,0.0,QB,LawrTr00
483,Patrick Mahomes,19.54,65,Thu,1,1,2023-09-07,27-355,KAN,,DET,L 20-21,19.54,19.54,20.5,20.5,65,100.0,0,0.0,0,0.0,QB,MahoPa00
484,Mason Rudolph,19.54,76,Sun,7,8,2024-10-27,29-102,TEN,@,DET,L 14-52,19.54,19.54,21.5,21.5,76,100.0,0,0.0,0,0.0,QB,RudoMa00
485,Drake Maye,19.52,66,Sun,6,6,2024-10-13,22-044,NWE,,HOU,L 21-41,19.52,19.52,22.5,21.5,66,100.0,0,0.0,0,0.0,QB,MayeDr00
486,Justin Herbert,19.48,80,Sun,13,14,2022-12-11,24-276,LAC,,MIA,W 23-17,19.48,19.48,22.5,19.5,80,100.0,0,0.0,0,0.0,QB,HerbJu00
487,Justin Herbert,19.48,57,Sun,8,9,2024-11-03,26-238,LAC,@,CLE,W 27-10,19.48,19.48,19.5,19.5,57,100.0,0,0.0,0,0.0,QB,HerbJu00
488,Daniel Jones,19.44,72,Sun,3,3,2024-09-22,27-118,NYG,@,CLE,W 21-15,19.44,19.44,19.4,19.4,72,100.0,0,0.0,0,0.0,QB,JoneDa05
489,Drake Maye,19.42,71,Sun,13,13,2024-12-01,22-093,NWE,,IND,L 24-25,19.42,19.42,20.4,20.4,71,98.6,0,0.0,0,0.0,QB,MayeDr00
490,Bo Nix,19.42,68,Sun,12,12,2024-11-24,24-273,DEN,@,LVR,W 29-19,19.42,19.42,19.4,19.4,68,100.0,0,0.0,0,0.0,QB,NixxBo00
491,Ryan Tannehill,19.40,61,Sun,9,10,2022-11-13,34-109,TEN,,DEN,W 17-10,19.40,19.40,19.4,19.4,61,98.4,0,0.0,0,0.0,QB,TannRy00
492,Zach Wilson,19.38,63,Sun,14,15,2022-12-18,23-137,NYJ,,DET,L 17-20,19.38,19.38,23.4,20.4,63,100.0,0,0.0,0,0.0,QB,WilsZa00
493,Daniel Jones,19.36,52,Sun,13,14,2022-12-11,25-198,NYG,,PHI,L 22-48,19.36,19.36,19.4,19.4,52,81.3,0,0.0,0,0.0,QB,JoneDa05
494,Aaron Rodgers,19.36,64,Sun,10,10,2022-11-13,38-346,GNB,,DAL,W 31-28 (OT),19.36,19.36,20.4,19.4,64,100.0,0,0.0,0,0.0,QB,RodgAa00
495,Bo Nix,19.34,68,Sun,3,3,2024-09-22,24-210,DEN,@,TAM,W 26-7,19.34,19.34,19.3,19.3,68,100.0,0,0.0,0,0.0,QB,NixxBo00
496,Ryan Tannehill,19.34,65,Sun,1,1,2022-09-11,34-046,TEN,,NYG,L 20-21,19.34,19.34,19.3,19.3,65,100.0,0,0.0,0,0.0,QB,TannRy00
497,Geno Smith,19.32,65,Sun,11,12,2022-11-27,32-048,SEA,,LVR,L 34-40 (OT),19.32,19.32,24.3,20.3,65,100.0,0,0.0,0,0.0,QB,SmitGe00
498,Joe Burrow,19.26,62,Sun,12,13,2024-12-01,27-357,CIN,,PIT,L 38-44,19.26,19.26,25.3,20.3,62,100.0,0,0.0,0,0.0,QB,BurrJo01
499,Justin Fields,19.26,52,Sun,13,13,2022-12-04,23-274,CHI,,GNB,L 19-28,19.26,19.26,21.3,21.3,52,100.0,0,0.0,0,0.0,QB,FielJu00
500,Derek Carr,19.24,68,Sun,14,15,2022-12-18,31-265,LVR,,NWE,W 30-24,19.24,19.24,20.2,20.2,68,100.0,0,0.0,0,0.0,QB,CarrDe02
501,Patrick Mahomes,19.24,66,Sun,5,5,2023-10-08,28-021,KAN,@,MIN,W 27-20,19.24,19.24,19.2,19.2,66,100.0,0,0.0,0,0.0,QB,MahoPa00
502,Joe Milton,19.24,61,Sun,17,18,2025-01-05,24-305,NWE,,BUF,W 23-16,19.24,19.24,20.2,19.2,61,95.3,0,0.0,0,0.0,QB,MiltJo00
503,Zach Wilson,19.24,68,Sun,13,14,2023-12-10,24-129,NYJ,,HOU,W 30-6,19.24,19.24,23.2,19.2,68,100.0,0,0.0,0,0.0,QB,WilsZa00
504,Matthew Stafford,19.22,64,Sun,11,12,2024-11-24,36-291,LAR,,PHI,L 20-37,19.22,19.22,19.2,19.2,64,100.0,0,0.0,0,0.0,QB,StafMa00
505,Dak Prescott,19.20,83,Sun,9,10,2022-11-13,29-107,DAL,@,GNB,L 28-31 (OT),19.20,19.20,21.2,21.2,83,100.0,0,0.0,0,0.0,QB,PresDa01
506,Geno Smith,19.20,52,Sun,10,10,2022-11-13,32-034,SEA,@,TAM,L 16-21,19.20,19.20,20.2,19.2,52,100.0,0,0.0,0,0.0,QB,SmitGe00
507,Tua Tagovailoa,19.20,48,Sun,12,13,2023-12-03,25-276,MIA,@,WAS,W 45-15,19.20,19.20,19.2,19.2,48,78.7,0,0.0,0,0.0,QB,TagoTu00
508,Zach Wilson,19.20,59,Sun,4,4,2023-10-01,24-059,NYJ,,KAN,L 20-23,19.20,19.20,20.2,19.2,59,100.0,0,0.0,0,0.0,QB,WilsZa00
509,Sam Howell,19.18,52,Sun,13,13,2023-12-03,23-078,WAS,,MIA,L 15-45,19.18,19.18,20.2,20.2,52,94.5,0,0.0,0,0.0,QB,HoweSa00
510,Jalen Hurts,19.18,49,Sun,16,17,2023-12-31,25-146,PHI,,ARI,L 31-35,19.18,19.18,20.2,20.2,49,100.0,0,0.0,0,0.0,QB,HurtJa00
511,Joe Burrow,19.14,58,Sun,9,9,2022-11-06,25-331,CIN,,CAR,W 42-21,19.14,19.14,19.1,19.1,58,78.4,0,0.0,0,0.0,QB,BurrJo01
512,Will Levis,19.10,54,Sun,9,10,2024-11-10,25-136,TEN,@,LAC,L 17-27,19.10,19.10,19.1,19.1,54,100.0,0,0.0,0,0.0,QB,LeviWi00
513,Kirk Cousins,19.08,62,Sun,1,1,2022-09-11,34-023,MIN,,GNB,W 23-7,19.08,19.08,19.1,19.1,62,100.0,0,0.0,0,0.0,QB,CousKi00
514,Aaron Rodgers,19.08,61,Thu,11,11,2022-11-17,38-350,GNB,,TEN,L 17-27,19.08,19.08,19.1,19.1,61,100.0,0,0.0,0,0.0,QB,RodgAa00
515,Geno Smith,19.08,64,Sun,8,8,2022-10-30,32-020,SEA,,NYG,W 27-13,19.08,19.08,19.1,19.1,64,100.0,0,0.0,0,0.0,QB,SmitGe00
516,Kenny Pickett,19.06,84,Sun,9,10,2022-11-13,24-160,PIT,,NOR,W 20-10,19.06,19.06,19.1,19.1,84,100.0,0,0.0,0,0.0,QB,PickKe00
517,Cooper Rush,19.06,73,Sun,14,15,2024-12-15,31-024,DAL,@,CAR,W 30-14,19.06,19.06,20.1,19.1,73,100.0,0,0.0,0,0.0,QB,RushCo00
518,C.J. Stroud,19.04,75,Sun,9,10,2023-11-12,22-040,HOU,@,CIN,W 30-27,19.04,19.04,25.0,20.0,75,100.0,0,0.0,0,0.0,QB,StroCJ00
519,Ryan Tannehill,19.02,66,Thu,10,11,2022-11-17,34-113,TEN,@,GNB,W 27-17,19.02,19.02,23.0,20.0,66,100.0,0,0.0,0,0.0,QB,TannRy00
520,Sam Darnold,19.00,73,Sun,8,9,2024-11-03,27-151,MIN,,IND,W 21-13,19.00,19.00,22.0,21.0,73,100.0,0,0.0,0,0.0,QB,DarnSa00
521,Baker Mayfield,19.00,66,Sun,8,9,2023-11-05,28-205,TAM,@,HOU,L 37-39,19.00,19.00,19.0,19.0,66,100.0,0,0.0,0,0.0,QB,MayfBa00
522,Baker Mayfield,19.00,62,Sun,13,14,2024-12-08,29-238,TAM,,LVR,W 28-13,19.00,19.00,22.0,21.0,62,100.0,0,0.0,0,0.0,QB,MayfBa00
523,Kyler Murray,19.00,63,Sun,9,9,2022-11-06,25-091,ARI,,SEA,L 21-31,19.00,19.00,20.0,19.0,63,100.0,0,0.0,0,0.0,QB,MurrKy00
524,Derek Carr,18.98,67,Sun,2,2,2022-09-18,31-174,LVR,,ARI,L 23-29 (OT),18.98,18.98,19.0,19.0,67,100.0,0,0.0,0,0.0,QB,CarrDe02
525,Jake Browning,18.96,70,Sat,14,15,2023-12-16,27-249,CIN,,MIN,W 27-24 (OT),18.96,18.96,23.0,20.0,70,100.0,0,0.0,0,0.0,QB,BrowJa08
526,Jordan Love,18.96,54,Thu,12,13,2024-11-28,26-026,GNB,,MIA,W 30-17,18.96,18.96,19.0,19.0,54,100.0,0,0.0,0,0.0,QB,LoveJo03
527,Deshaun Watson,18.96,67,Sun,8,9,2023-11-05,28-052,CLE,,ARI,W 27-0,18.96,18.96,19.0,19.0,67,91.8,0,0.0,0,0.0,QB,WatsDe00
528,Davis Mills,18.94,52,Sun,14,15,2022-12-18,24-058,HOU,,KAN,L 24-30 (OT),18.94,18.94,19.9,18.9,52,82.5,0,0.0,0,0.0,QB,MillDa02
529,Lamar Jackson,18.92,68,Sun,6,6,2024-10-13,27-280,BAL,,WAS,W 30-23,18.92,18.92,22.9,19.9,68,100.0,0,0.0,0,0.0,QB,JackLa00
530,Jalen Hurts,18.90,56,Mon,10,11,2023-11-20,25-105,PHI,@,KAN,W 21-17,18.90,18.90,19.9,19.9,56,100.0,0,0.0,0,0.0,QB,HurtJa00
531,Geno Smith,18.90,71,Sun,3,3,2022-09-25,31-350,SEA,,ATL,L 23-27,18.90,18.90,22.9,19.9,71,100.0,0,0.0,0,0.0,QB,SmitGe00
532,Matthew Stafford,18.88,62,Sun,2,2,2022-09-18,34-223,LAR,,ATL,W 31-27,18.88,18.88,20.9,20.9,62,98.4,0,0.0,0,0.0,QB,StafMa00
533,Tanner McKee,18.86,68,Sun,17,18,2025-01-05,24-253,PHI,,NYG,W 20-13,18.86,18.86,18.9,18.9,68,100.0,0,0.0,0,0.0,QB,McKeTa01
534,Justin Herbert,18.82,55,Sun,17,18,2023-01-08,24-304,LAC,@,DEN,L 28-31,18.82,18.82,18.8,18.8,55,80.9,0,0.0,0,0.0,QB,HerbJu00
535,Jared Goff,18.80,57,Sun,6,7,2024-10-20,30-006,DET,@,MIN,W 31-29,18.80,18.80,18.8,18.8,57,100.0,0,0.0,0,0.0,QB,GoffJa00
536,Baker Mayfield,18.80,48,Sun,2,2,2024-09-15,29-154,TAM,@,DET,W 20-16,18.80,18.80,19.8,19.8,48,100.0,0,0.0,0,0.0,QB,MayfBa00
537,Ryan Tannehill,18.76,58,Sun,3,3,2022-09-25,34-060,TEN,,LVR,W 24-22,18.76,18.76,19.8,19.8,58,100.0,0,0.0,0,0.0,QB,TannRy00
538,Tyrod Taylor,18.76,74,Sun,16,17,2023-12-31,34-150,NYG,,LAR,L 25-26,18.76,18.76,22.8,19.8,74,100.0,0,0.0,0,0.0,QB,TaylTy00
539,Jalen Hurts,18.74,71,Thu,10,11,2024-11-14,26-099,PHI,,WAS,W 26-18,18.74,18.74,18.7,18.7,71,100.0,0,0.0,0,0.0,QB,HurtJa00
540,Russell Wilson,18.74,63,Sun,5,5,2023-10-08,34-313,DEN,,NYJ,L 21-31,18.74,18.74,19.7,18.7,63,100.0,0,0.0,0,0.0,QB,WilsRu00
541,Derek Carr,18.72,56,Sun,11,11,2024-11-17,33-234,NOR,,CLE,W 35-14,18.72,18.72,18.7,18.7,56,93.3,0,0.0,0,0.0,QB,CarrDe02
542,Russell Wilson,18.72,75,Mon,9,10,2023-11-13,34-349,DEN,@,BUF,W 24-22,18.72,18.72,18.7,18.7,75,100.0,0,0.0,0,0.0,QB,WilsRu00
543,Justin Herbert,18.70,65,Sun,10,11,2022-11-20,24-255,LAC,,KAN,L 27-30,18.70,19.70,20.7,20.2,65,100.0,0,0.0,0,0.0,QB,HerbJu00
544,Trevor Lawrence,18.70,71,Sun,7,7,2022-10-23,23-017,JAX,,NYG,L 17-23,18.70,18.70,21.7,18.7,71,100.0,0,0.0,0,0.0,QB,LawrTr00
545,Gardner Minshew II,18.68,71,Sun,12,13,2023-12-03,27-201,IND,@,TEN,W 31-28 (OT),18.68,18.68,22.7,18.7,71,100.0,0,0.0,0,0.0,QB,MinsGa00
546,Mac Jones,18.66,84,Sun,14,15,2024-12-15,26-101,JAX,,NYJ,L 25-32,18.66,18.66,20.7,20.7,84,100.0,0,0.0,0,0.0,QB,JoneMa05
547,Baker Mayfield,18.66,65,Sun,11,12,2024-11-24,29-224,TAM,@,NYG,W 30-7,18.66,18.66,19.7,18.7,65,100.0,0,0.0,0,0.0,QB,MayfBa00
548,C.J. Stroud,18.66,79,Sun,1,1,2024-09-08,22-341,HOU,@,IND,W 29-27,18.66,18.66,18.7,18.7,79,100.0,0,0.0,0,0.0,QB,StroCJ00
549,Dak Prescott,18.62,66,Sun,15,16,2023-12-24,30-148,DAL,@,MIA,L 20-22,18.62,18.62,19.6,18.6,66,100.0,0,0.0,0,0.0,QB,PresDa01
550,Tua Tagovailoa,18.62,71,Sun,1,1,2024-09-08,26-190,MIA,,JAX,W 20-17,18.62,18.62,21.6,18.6,71,100.0,0,0.0,0,0.0,QB,TagoTu00
551,Lamar Jackson,18.54,70,Sun,14,15,2023-12-17,26-344,BAL,@,JAX,W 23-7,18.54,18.54,19.5,19.5,70,100.0,0,0.0,0,0.0,QB,JackLa00
552,Jordan Love,18.54,60,Sun,17,18,2024-01-07,25-066,GNB,,CHI,W 17-9,18.54,18.54,22.5,18.5,60,100.0,0,0.0,0,0.0,QB,LoveJo03
553,Matthew Stafford,18.52,75,Sun,14,15,2023-12-17,35-313,LAR,,WAS,W 28-20,18.52,18.52,18.5,18.5,75,100.0,0,0.0,0,0.0,QB,StafMa00
554,Trevor Lawrence,18.50,71,Sun,2,2,2022-09-18,22-347,JAX,,IND,W 24-0,18.50,18.50,18.5,18.5,71,100.0,0,0.0,0,0.0,QB,LawrTr00
555,Kenny Pickett,18.50,62,Sun,3,3,2023-09-24,25-110,PIT,@,LVR,W 23-18,18.50,18.50,18.5,18.5,62,100.0,0,0.0,0,0.0,QB,PickKe00
556,Justin Fields,18.40,68,Sun,3,3,2024-09-22,25-201,PIT,,LAC,W 20-10,18.40,18.40,19.4,19.4,68,100.0,0,0.0,0,0.0,QB,FielJu00
557,Justin Fields,18.40,72,Thu,6,6,2022-10-13,23-222,CHI,,WAS,L 7-12,18.40,18.40,19.4,19.4,72,100.0,0,0.0,0,0.0,QB,FielJu00
558,Patrick Mahomes,18.40,76,Sun,11,12,2022-11-27,27-071,KAN,,LAR,W 26-10,18.40,18.40,22.4,19.4,76,100.0,0,0.0,0,0.0,QB,MahoPa00
559,Baker Mayfield,18.38,71,Sun,2,2,2023-09-17,28-156,TAM,,CHI,W 27-17,18.38,18.38,21.4,18.4,71,100.0,0,0.0,0,0.0,QB,MayfBa00
560,C.J. Stroud,18.38,63,Sun,6,6,2024-10-13,23-010,HOU,@,NWE,W 41-21,18.38,18.38,19.4,19.4,63,95.5,0,0.0,0,0.0,QB,StroCJ00
561,Derek Carr,18.36,59,Sun,8,9,2022-11-06,31-223,LVR,@,JAX,L 20-27,18.36,18.36,18.4,18.4,59,100.0,0,0.0,0,0.0,QB,CarrDe02
562,Brock Purdy,18.36,63,Sun,10,11,2024-11-17,24-326,SFO,,SEA,L 17-20,18.36,18.36,19.4,19.4,63,100.0,0,0.0,0,0.0,QB,PurdBr00
563,Sam Howell,18.34,51,Sun,6,6,2023-10-15,23-029,WAS,@,ATL,W 24-16,18.34,18.34,18.3,18.3,51,100.0,0,0.0,0,0.0,QB,HoweSa00
564,Daniel Jones,18.32,56,Sun,2,2,2024-09-15,27-111,NYG,@,WAS,L 18-21,18.32,18.32,18.3,18.3,56,100.0,0,0.0,0,0.0,QB,JoneDa05
565,Baker Mayfield,18.32,64,Sun,9,10,2023-11-12,28-212,TAM,,TEN,W 20-6,18.32,18.32,19.3,19.3,64,98.5,0,0.0,0,0.0,QB,MayfBa00
566,Derek Carr,18.30,55,Sun,8,8,2023-10-29,32-215,NOR,@,IND,W 38-27,18.30,18.30,22.3,18.3,55,83.3,0,0.0,0,0.0,QB,CarrDe02
567,Kirk Cousins,18.30,72,Sun,3,3,2022-09-25,34-037,MIN,,DET,W 28-24,18.30,18.30,18.3,18.3,72,100.0,0,0.0,0,0.0,QB,CousKi00
568,Brock Purdy,18.30,59,Sun,8,8,2023-10-29,23-306,SFO,,CIN,L 17-31,18.30,18.30,24.3,20.3,59,100.0,0,0.0,0,0.0,QB,PurdBr00
569,Daniel Jones,18.28,69,Sun,9,10,2022-11-13,25-170,NYG,,HOU,W 24-16,18.28,18.28,18.3,18.3,69,100.0,0,0.0,0,0.0,QB,JoneDa05
570,Bryce Young,18.28,70,Sun,5,5,2023-10-08,22-075,CAR,@,DET,L 24-42,18.28,18.28,20.3,20.3,70,98.6,0,0.0,0,0.0,QB,YounBr01
571,Sam Howell,18.26,66,Sun,17,18,2023-01-08,22-114,WAS,,DAL,W 26-6,18.26,18.26,19.3,19.3,66,100.0,0,0.0,0,0.0,QB,HoweSa00
572,Trevor Lawrence,18.26,69,Thu,15,16,2022-12-22,23-077,JAX,@,NYJ,W 19-3,18.26,18.26,19.3,18.3,69,95.8,0,0.0,0,0.0,QB,LawrTr00
573,Joe Burrow,18.22,100,Sun,1,1,2022-09-11,25-275,CIN,,PIT,L 20-23 (OT),18.22,18.22,26.2,22.2,100,100.0,0,0.0,0,0.0,QB,BurrJo01
574,Josh Allen,18.20,73,Sun,10,10,2024-11-10,28-173,BUF,@,IND,W 30-20,18.20,18.20,20.2,20.2,73,98.6,0,0.0,0,0.0,QB,AlleJo02
575,Sam Darnold,18.20,50,Thu,7,8,2024-10-24,27-141,MIN,@,LAR,L 20-30,18.20,18.20,18.2,18.2,50,100.0,0,0.0,0,0.0,QB,DarnSa00
576,Jared Goff,18.18,84,Thu,11,12,2023-11-23,29-040,DET,,GNB,L 22-29,18.18,18.18,24.2,18.2,84,100.0,0,0.0,0,0.0,QB,GoffJa00
577,Patrick Mahomes,18.18,72,Sun,7,8,2024-10-27,29-040,KAN,@,LVR,W 27-20,18.18,18.18,19.2,19.2,72,100.0,0,0.0,0,0.0,QB,MahoPa00
578,Teddy Bridgewater,18.16,54,Sun,6,6,2022-10-16,29-340,MIA,,MIN,L 16-24,18.16,18.16,23.2,20.2,54,69.2,0,0.0,0,0.0,QB,BridTe00
579,Justin Herbert,18.10,75,Sun,12,13,2022-12-04,24-269,LAC,@,LVR,L 20-27,18.10,18.10,21.1,18.1,75,100.0,0,0.0,0,0.0,QB,HerbJu00
580,Russell Wilson,18.10,78,Sun,9,10,2024-11-10,35-347,PIT,@,WAS,W 28-27,18.10,18.10,19.1,19.1,78,100.0,0,0.0,0,0.0,QB,WilsRu00
581,Justin Herbert,18.08,73,Mon,5,6,2023-10-16,25-220,LAC,,DAL,L 17-20,18.08,19.08,20.1,19.6,73,100.0,0,0.0,0,0.0,QB,HerbJu00
582,Davis Mills,18.08,65,Sun,6,7,2022-10-23,24-002,HOU,@,LVR,L 20-38,18.08,18.08,22.1,19.1,65,100.0,0,0.0,0,0.0,QB,MillDa02
583,Trevor Lawrence,18.06,56,Thu,7,7,2023-10-19,24-013,JAX,@,NOR,W 31-24,18.06,18.06,18.1,18.1,56,100.0,0,0.0,0,0.0,QB,LawrTr00
584,Tua Tagovailoa,18.06,59,Sat,14,15,2022-12-17,24-290,MIA,@,BUF,L 29-32,18.06,18.06,18.1,18.1,59,100.0,0,0.0,0,0.0,QB,TagoTu00
585,Tom Brady,18.04,69,Sun,11,12,2022-11-27,45-116,TAM,@,CLE,L 17-23 (OT),18.04,18.04,18.0,18.0,69,100.0,0,0.0,0,0.0,QB,BradTo00
586,Jake Browning,18.04,52,Sun,17,18,2024-01-07,27-271,CIN,,CLE,W 31-14,18.04,18.04,19.0,19.0,52,81.3,0,0.0,0,0.0,QB,BrowJa08
587,Jimmy Garoppolo,18.02,66,Sun,5,5,2022-10-09,30-341,SFO,@,CAR,W 37-15,18.02,18.02,18.0,18.0,66,98.5,0,0.0,0,0.0,QB,GaroJi00
588,Jared Goff,18.02,70,Sun,3,3,2023-09-24,28-345,DET,,ATL,W 20-6,18.02,18.02,19.0,19.0,70,100.0,0,0.0,0,0.0,QB,GoffJa00
589,Joe Burrow,18.00,70,Sun,11,12,2022-11-27,25-352,CIN,@,TEN,W 20-16,18.00,18.00,18.0,18.0,70,100.0,0,0.0,0,0.0,QB,BurrJo01
590,Baker Mayfield,18.00,53,Sun,1,1,2022-09-11,27-150,CAR,,CLE,L 24-26,18.00,18.00,19.0,19.0,53,100.0,0,0.0,0,0.0,QB,MayfBa00
591,Baker Mayfield,18.00,55,Mon,9,9,2024-11-04,29-204,TAM,@,KAN,L 24-30 (OT),18.00,18.00,18.0,18.0,55,100.0,0,0.0,0,0.0,QB,MayfBa00
592,Marcus Mariota,17.98,66,Sun,5,5,2022-10-09,28-344,ATL,@,TAM,L 15-21,17.98,17.98,18.0,18.0,66,100.0,0,0.0,0,0.0,QB,MariMa01
593,Drake Maye,17.98,76,Sun,11,11,2024-11-17,22-079,NWE,,LAR,L 22-28,17.98,17.98,20.0,19.0,76,100.0,0,0.0,0,0.0,QB,MayeDr00
594,Gardner Minshew II,17.98,65,Sun,10,11,2024-11-17,28-185,LVR,@,MIA,L 19-34,17.98,17.98,19.0,19.0,65,100.0,0,0.0,0,0.0,QB,MinsGa00
595,Cooper Rush,17.98,64,Sun,11,12,2024-11-24,31-003,DAL,@,WAS,W 34-26,17.98,17.98,18.0,18.0,64,97.0,0,0.0,0,0.0,QB,RushCo00
596,Kyler Murray,17.96,71,Sun,13,14,2024-12-08,27-123,ARI,,SEA,L 18-30,17.96,17.96,20.0,20.0,71,100.0,0,0.0,0,0.0,QB,MurrKy00
597,Derek Carr,17.94,64,Mon,5,5,2022-10-10,31-196,LVR,@,KAN,L 29-30,17.94,17.94,17.9,17.9,64,100.0,0,0.0,0,0.0,QB,CarrDe02
598,Dak Prescott,17.94,82,Sun,13,14,2023-12-10,30-134,DAL,,PHI,W 33-13,17.94,17.94,18.9,17.9,82,100.0,0,0.0,0,0.0,QB,PresDa01
599,Derek Carr,17.92,70,Sun,9,10,2022-11-13,31-230,LVR,,IND,L 20-25,17.92,17.92,17.9,17.9,70,100.0,0,0.0,0,0.0,QB,CarrDe02
600,Matthew Stafford,17.92,77,Sun,8,9,2024-11-03,36-270,LAR,@,SEA,W 26-20 (OT),17.92,17.92,18.9,18.9,77,100.0,0,0.0,0,0.0,QB,StafMa00
601,Jacoby Brissett,17.90,72,Thu,3,3,2022-09-22,29-285,CLE,,PIT,W 29-17,17.90,17.90,17.9,17.9,72,100.0,0,0.0,0,0.0,QB,BrisJa00
602,Geno Smith,17.88,70,Sun,2,2,2024-09-15,33-341,SEA,@,NWE,W 23-20 (OT),17.88,17.88,20.9,17.9,70,100.0,0,0.0,0,0.0,QB,SmitGe00
603,Aidan O'Connell,17.86,63,Sun,17,18,2024-01-07,25-128,LVR,,DEN,W 27-14,17.86,17.86,17.9,17.9,63,95.5,0,0.0,0,0.0,QB,OConAi00
604,Matt Ryan,17.84,66,Sun,4,4,2022-10-02,37-138,IND,,TEN,L 17-24,17.84,17.84,22.8,18.8,66,100.0,0,0.0,0,0.0,QB,RyanMa00
605,Geno Smith,17.84,67,Sun,1,1,2024-09-08,33-334,SEA,,DEN,W 26-20,17.84,17.84,18.8,18.8,67,100.0,0,0.0,0,0.0,QB,SmitGe00
606,Russell Wilson,17.80,66,Mon,1,1,2022-09-12,33-287,DEN,@,SEA,L 16-17,17.80,17.80,20.8,17.8,66,100.0,0,0.0,0,0.0,QB,WilsRu00
607,Kirk Cousins,17.78,57,Sun,9,9,2024-11-03,36-076,ATL,,DAL,W 27-21,17.78,17.78,18.8,17.8,57,100.0,0,0.0,0,0.0,QB,CousKi00
608,Kyler Murray,17.78,68,Sun,17,18,2024-01-07,26-153,ARI,,SEA,L 20-21,17.78,17.78,17.8,17.8,68,97.1,0,0.0,0,0.0,QB,MurrKy00
609,Geno Smith,17.78,59,Sun,7,7,2024-10-20,34-010,SEA,@,ATL,W 34-14,17.78,17.78,17.8,17.8,59,98.3,0,0.0,0,0.0,QB,SmitGe00
610,Zach Wilson,17.78,70,Sun,4,4,2022-10-02,23-060,NYJ,@,PIT,W 24-20,17.78,18.78,20.8,20.3,70,100.0,0,0.0,0,0.0,QB,WilsZa00
611,Aaron Rodgers,17.76,63,Mon,6,6,2024-10-14,40-317,NYJ,,BUF,L 20-23,17.76,17.76,18.8,18.8,63,100.0,0,0.0,0,0.0,QB,RodgAa00
612,Ryan Tannehill,17.76,67,Sun,13,14,2022-12-11,34-137,TEN,,JAX,L 22-36,17.76,17.76,19.8,18.8,67,100.0,0,0.0,0,0.0,QB,TannRy00
613,Sam Howell,17.74,81,Sun,11,11,2023-11-19,23-064,WAS,,NYG,L 19-31,17.74,17.74,20.7,20.7,81,100.0,0,0.0,0,0.0,QB,HoweSa00
614,Trevor Lawrence,17.74,70,Sun,1,1,2023-09-10,23-339,JAX,@,IND,W 31-21,17.74,17.74,18.7,18.7,70,100.0,0,0.0,0,0.0,QB,LawrTr00
615,Marcus Mariota,17.74,63,Thu,10,10,2022-11-10,29-011,ATL,@,CAR,L 15-25,17.74,17.74,18.7,18.7,63,100.0,0,0.0,0,0.0,QB,MariMa01
616,Marcus Mariota,17.74,55,Sun,11,11,2022-11-20,29-021,ATL,,CHI,W 27-24,17.74,17.74,17.7,17.7,55,100.0,0,0.0,0,0.0,QB,MariMa01
617,Anthony Richardson,17.74,18,Sun,2,2,2023-09-17,21-118,IND,@,HOU,W 31-20,17.74,17.74,17.7,17.7,18,31.6,0,0.0,0,0.0,QB,RichAn03
618,Jimmy Garoppolo,17.70,53,Sun,8,8,2022-10-30,30-362,SFO,@,LAR,W 31-14,17.70,17.70,17.7,17.7,53,100.0,0,0.0,0,0.0,QB,GaroJi00
619,Sam Howell,17.70,78,Sun,9,9,2023-11-05,23-050,WAS,@,NWE,W 20-17,17.70,17.70,21.7,18.7,78,100.0,0,0.0,0,0.0,QB,HoweSa00
620,Russell Wilson,17.70,75,Wed,16,17,2024-12-25,36-026,PIT,,KAN,L 10-29,17.70,17.70,18.7,18.7,75,100.0,0,0.0,0,0.0,QB,WilsRu00
621,Tyrod Taylor,17.68,63,Sun,17,18,2024-01-07,34-157,NYG,,PHI,W 27-10,17.68,17.68,18.7,18.7,63,94.0,0,0.0,0,0.0,QB,TaylTy00
622,Jimmy Garoppolo,17.66,72,Sun,3,3,2023-09-24,31-326,LVR,,PIT,L 18-23,17.66,17.66,23.7,20.7,72,100.0,0,0.0,0,0.0,QB,GaroJi00
623,Jared Goff,17.64,60,Sun,7,8,2022-10-30,28-016,DET,,MIA,L 27-31,17.64,18.64,21.6,18.1,60,100.0,0,0.0,0,0.0,QB,GoffJa00
624,Jordan Love,17.64,57,Thu,4,4,2023-09-28,24-330,GNB,,DET,L 20-34,17.64,17.64,19.6,19.6,57,100.0,0,0.0,0,0.0,QB,LoveJo03
625,Josh Allen,17.62,59,Sun,7,8,2022-10-30,26-162,BUF,,GNB,W 27-17,17.62,17.62,19.6,19.6,59,100.0,0,0.0,0,0.0,QB,AlleJo02
626,Justin Herbert,17.62,69,Mon,11,12,2024-11-25,26-260,LAC,,BAL,L 23-30,17.62,17.62,17.6,17.6,69,100.0,0,0.0,0,0.0,QB,HerbJu00
627,Jalen Hurts,17.62,56,Sun,12,13,2024-12-01,26-116,PHI,@,BAL,W 24-19,17.62,17.62,17.6,17.6,56,100.0,0,0.0,0,0.0,QB,HurtJa00
628,Cooper Rush,17.62,61,Sun,4,4,2022-10-02,28-315,DAL,,WAS,W 25-10,17.62,17.62,17.6,17.6,61,100.0,0,0.0,0,0.0,QB,RushCo00
629,Jared Goff,17.60,71,Thu,11,12,2022-11-24,28-041,DET,,BUF,L 25-28,17.60,17.60,17.6,17.6,71,100.0,0,0.0,0,0.0,QB,GoffJa00
630,Taylor Heinicke,17.60,85,Sun,13,13,2022-12-04,29-264,WAS,@,NYG,T 20-20 (OT),17.60,17.60,18.6,17.6,85,100.0,0,0.0,0,0.0,QB,HeinTa00
631,Brock Purdy,17.60,65,Sun,16,17,2023-12-31,24-004,SFO,@,WAS,W 27-10,17.60,17.60,17.6,17.6,65,92.9,0,0.0,0,0.0,QB,PurdBr00
632,Tua Tagovailoa,17.60,70,Sun,10,11,2023-11-19,25-262,MIA,,LVR,W 20-13,17.60,17.60,22.6,18.6,70,100.0,0,0.0,0,0.0,QB,TagoTu00
633,Deshaun Watson,17.60,63,Sun,17,18,2023-01-08,27-116,CLE,@,PIT,L 14-28,17.60,17.60,19.6,19.6,63,98.4,0,0.0,0,0.0,QB,WatsDe00
634,Aidan O'Connell,17.58,77,Sun,16,17,2024-12-29,26-119,LVR,@,NOR,W 25-10,17.58,17.58,17.6,17.6,77,100.0,0,0.0,0,0.0,QB,OConAi00
635,Jordan Love,17.56,64,Sun,14,15,2024-12-15,26-043,GNB,@,SEA,W 30-13,17.56,17.56,17.6,17.6,64,100.0,0,0.0,0,0.0,QB,LoveJo03
636,Aaron Rodgers,17.56,68,Sun,13,14,2024-12-08,41-006,NYJ,@,MIA,L 26-32 (OT),17.56,17.56,20.6,17.6,68,100.0,0,0.0,0,0.0,QB,RodgAa00
637,Russell Wilson,17.56,71,Sun,8,8,2023-10-29,34-334,DEN,,KAN,W 24-9,17.56,17.56,18.6,17.6,71,100.0,0,0.0,0,0.0,QB,WilsRu00
638,Kirk Cousins,17.54,61,Mon,2,2,2024-09-16,36-028,ATL,@,PHI,W 22-21,17.54,17.54,17.5,17.5,61,100.0,0,0.0,0,0.0,QB,CousKi00
639,Tua Tagovailoa,17.54,61,Sun,8,9,2024-11-03,26-246,MIA,@,BUF,L 27-30,17.54,17.54,17.5,17.5,61,100.0,0,0.0,0,0.0,QB,TagoTu00
640,Lamar Jackson,17.52,68,Mon,9,9,2022-11-07,25-304,BAL,@,NOR,W 27-13,17.52,17.52,17.5,17.5,68,100.0,0,0.0,0,0.0,QB,JackLa00
641,Russell Wilson,17.52,60,Sat,14,15,2023-12-16,35-017,DEN,@,DET,L 17-42,17.52,17.52,18.5,17.5,60,93.8,0,0.0,0,0.0,QB,WilsRu00
642,Mac Jones,17.50,56,Sat,15,16,2022-12-24,24-110,NWE,,CIN,L 18-22,17.50,17.50,17.5,17.5,56,100.0,0,0.0,0,0.0,QB,JoneMa05
643,Mason Rudolph,17.50,77,Sun,8,9,2024-11-03,29-109,TEN,,NWE,W 20-17 (OT),17.50,17.50,18.5,18.5,77,100.0,0,0.0,0,0.0,QB,RudoMa00
644,Drake Maye,17.48,51,Sun,14,15,2024-12-15,22-107,NWE,@,ARI,L 17-30,17.48,17.48,18.5,18.5,51,100.0,0,0.0,0,0.0,QB,MayeDr00
645,Sam Darnold,17.46,61,Sun,17,18,2024-01-07,26-216,SFO,,LAR,L 20-21,17.46,17.46,18.5,17.5,61,100.0,0,0.0,0,0.0,QB,DarnSa00
646,Jordan Love,17.46,60,Sun,14,15,2023-12-17,25-045,GNB,,TAM,L 20-34,17.46,17.46,18.5,17.5,60,100.0,0,0.0,0,0.0,QB,LoveJo03
647,Mike White,17.46,85,Sun,12,13,2022-12-04,27-254,NYJ,@,MIN,L 22-27,17.46,17.46,22.5,19.5,85,100.0,0,0.0,0,0.0,QB,WhitMi01
648,Derek Carr,17.44,86,Thu,7,7,2023-10-19,32-205,NOR,,JAX,L 24-31,17.44,17.44,21.4,18.4,86,95.6,0,0.0,0,0.0,QB,CarrDe02
649,Drake Maye,17.44,73,Sun,15,16,2024-12-22,22-114,NWE,@,BUF,L 21-24,17.44,17.44,19.4,18.4,73,100.0,0,0.0,0,0.0,QB,MayeDr00
650,Tommy DeVito,17.42,56,Mon,13,14,2023-12-11,25-126,NYG,,GNB,W 24-22,17.42,17.42,17.4,17.4,56,100.0,0,0.0,0,0.0,QB,DeViTo00
651,Baker Mayfield,17.40,61,Sun,15,16,2022-12-25,27-255,LAR,,DEN,W 51-14,17.40,17.40,17.4,17.4,61,93.8,0,0.0,0,0.0,QB,MayfBa00
652,Trevor Lawrence,17.38,76,Sun,13,14,2023-12-10,24-065,JAX,@,CLE,L 27-31,17.38,17.38,20.4,20.4,76,100.0,0,0.0,0,0.0,QB,LawrTr00
653,Matthew Stafford,17.38,58,Sun,7,8,2022-10-30,34-265,LAR,,SFO,L 14-31,17.38,17.38,17.4,17.4,58,100.0,0,0.0,0,0.0,QB,StafMa00
654,Easton Stick,17.38,65,Thu,14,15,2023-12-14,28-090,LAC,@,LVR,L 21-63,17.38,17.38,20.4,18.4,65,100.0,0,0.0,0,0.0,QB,SticEa00
655,Bailey Zappe,17.36,70,Sun,6,6,2022-10-16,23-173,NWE,@,CLE,W 38-15,17.36,18.36,22.4,17.9,70,100.0,0,0.0,0,0.0,QB,ZappBa00
656,Patrick Mahomes,17.34,71,Thu,6,6,2023-10-12,28-025,KAN,,DEN,W 19-8,17.34,17.34,21.3,18.3,71,100.0,0,0.0,0,0.0,QB,MahoPa00
657,Aaron Rodgers,17.32,62,Sun,8,8,2024-10-27,40-330,NYJ,@,NWE,L 22-25,17.32,17.32,17.3,17.3,62,100.0,0,0.0,0,0.0,QB,RodgAa00
658,Caleb Williams,17.32,90,Sun,3,3,2024-09-22,22-309,CHI,@,IND,L 16-21,17.32,17.32,23.3,19.3,90,100.0,0,0.0,0,0.0,QB,WillCa03
659,Sam Howell,17.30,78,Thu,12,12,2023-11-23,23-068,WAS,@,DAL,L 10-45,17.30,17.30,21.3,18.3,78,100.0,0,0.0,0,0.0,QB,HoweSa00
660,Patrick Mahomes,17.30,57,Thu,2,2,2022-09-15,26-363,KAN,,LAC,W 27-24,17.30,17.30,17.3,17.3,57,100.0,0,0.0,0,0.0,QB,MahoPa00
661,Joe Burrow,17.28,63,Sun,5,5,2022-10-09,25-303,CIN,@,BAL,L 17-19,17.28,17.28,18.3,18.3,63,100.0,0,0.0,0,0.0,QB,BurrJo01
662,Geno Smith,17.28,62,Sun,15,16,2023-12-24,33-075,SEA,@,TEN,W 20-17,17.28,17.28,17.3,17.3,62,100.0,0,0.0,0,0.0,QB,SmitGe00
663,Kyler Murray,17.26,63,Sun,10,10,2023-11-12,26-097,ARI,,ATL,W 25-23,17.26,17.26,18.3,18.3,63,96.9,0,0.0,0,0.0,QB,MurrKy00
664,Joe Burrow,17.22,64,Sun,2,2,2024-09-15,27-280,CIN,@,KAN,L 25-26,17.22,17.22,18.2,17.2,64,100.0,0,0.0,0,0.0,QB,BurrJo01
665,Geno Smith,17.20,55,Mon,1,1,2022-09-12,31-337,SEA,,DEN,W 17-16,17.20,17.20,17.2,17.2,55,100.0,0,0.0,0,0.0,QB,SmitGe00
666,Brock Purdy,17.18,63,Sun,7,7,2024-10-20,24-298,SFO,,KAN,L 18-28,17.18,17.18,20.2,20.2,63,100.0,0,0.0,0,0.0,QB,PurdBr00
667,Andy Dalton,17.16,54,Sun,8,8,2022-10-30,35-001,NOR,,LVR,W 24-0,17.16,17.16,17.2,17.2,54,84.4,0,0.0,0,0.0,QB,DaltAn00
668,Mac Jones,17.16,58,Sun,16,17,2024-12-29,26-115,JAX,,TEN,W 20-13,17.16,17.16,17.2,17.2,58,100.0,0,0.0,0,0.0,QB,JoneMa05
669,Kyler Murray,17.16,66,Thu,7,7,2022-10-20,25-074,ARI,,NOR,W 42-34,17.16,17.16,17.2,17.2,66,100.0,0,0.0,0,0.0,QB,MurrKy00
670,Tom Brady,17.14,80,Mon,12,13,2022-12-05,45-124,TAM,,NOR,W 17-16,17.14,17.14,18.1,18.1,80,100.0,0,0.0,0,0.0,QB,BradTo00
671,Justin Herbert,17.12,71,Sun,7,7,2022-10-23,24-227,LAC,,SEA,L 23-37,17.12,18.12,20.1,18.6,71,100.0,0,0.0,0,0.0,QB,HerbJu00
672,Lamar Jackson,17.12,71,Sun,6,6,2023-10-15,26-281,BAL,@,TEN,W 24-16,17.12,17.12,18.1,18.1,71,100.0,0,0.0,0,0.0,QB,JackLa00
673,Nick Mullens,17.12,68,Sat,14,15,2023-12-16,28-270,MIN,@,CIN,L 24-27 (OT),17.12,17.12,22.1,19.1,68,100.0,0,0.0,0,0.0,QB,MullNi00
674,Geno Smith,17.12,72,Sun,16,17,2023-01-01,32-083,SEA,,NYJ,W 23-6,17.12,17.12,17.1,17.1,72,100.0,0,0.0,0,0.0,QB,SmitGe00
675,Tom Brady,17.10,68,Thu,8,8,2022-10-27,45-085,TAM,,BAL,L 22-27,17.10,17.10,20.1,17.1,68,100.0,0,0.0,0,0.0,QB,BradTo00
676,Daniel Jones,17.10,66,Sun,12,13,2022-12-04,25-191,NYG,,WAS,T 20-20 (OT),17.10,17.10,18.1,17.1,66,100.0,0,0.0,0,0.0,QB,JoneDa05
677,Easton Stick,17.10,70,Sat,15,16,2023-12-23,28-099,LAC,,BUF,L 22-24,17.10,17.10,17.1,17.1,70,100.0,0,0.0,0,0.0,QB,SticEa00
678,Patrick Mahomes,17.08,63,Sun,3,3,2022-09-25,27-008,KAN,@,IND,L 17-20,17.08,17.08,18.1,18.1,63,100.0,0,0.0,0,0.0,QB,MahoPa00
679,Joshua Dobbs,17.06,61,Sun,3,3,2023-09-24,28-241,ARI,,DAL,W 28-16,17.06,17.06,17.1,17.1,61,100.0,0,0.0,0,0.0,QB,DobbJo00
680,Trevor Lawrence,17.06,59,Sun,6,6,2024-10-13,25-007,JAX,@,CHI,L 16-35,17.06,17.06,18.1,18.1,59,95.2,0,0.0,0,0.0,QB,LawrTr00
681,Brock Purdy,17.06,67,Sun,16,17,2023-01-01,23-005,SFO,@,LVR,W 37-34 (OT),17.06,17.06,18.1,18.1,67,100.0,0,0.0,0,0.0,QB,PurdBr00
682,Justin Fields,17.02,50,Sun,5,5,2022-10-09,23-218,CHI,@,MIN,L 22-29,17.02,17.02,17.0,17.0,50,100.0,0,0.0,0,0.0,QB,FielJu00
683,Joshua Dobbs,16.94,74,Sun,11,11,2023-11-19,28-297,MIN,@,DEN,L 20-21,16.94,16.94,18.9,17.9,74,100.0,0,0.0,0,0.0,QB,DobbJo00
684,Jimmy Garoppolo,16.94,60,Sun,6,6,2022-10-16,30-348,SFO,@,ATL,L 14-28,16.94,16.94,18.9,18.9,60,100.0,0,0.0,0,0.0,QB,GaroJi00
685,Jared Goff,16.94,70,Thu,12,13,2024-11-28,30-045,DET,,CHI,W 23-20,16.94,16.94,16.9,16.9,70,100.0,0,0.0,0,0.0,QB,GoffJa00
686,Josh Allen,16.92,75,Thu,12,13,2022-12-01,26-194,BUF,@,NWE,W 24-10,16.92,16.92,17.9,16.9,75,100.0,0,0.0,0,0.0,QB,AlleJo02
687,Tua Tagovailoa,16.92,54,Sun,5,5,2023-10-08,25-220,MIA,,NYG,W 31-16,16.92,16.92,21.9,18.9,54,100.0,0,0.0,0,0.0,QB,TagoTu00
688,Bryce Young,16.92,47,Sun,16,17,2024-12-29,23-157,CAR,@,TAM,L 14-48,16.92,16.92,16.9,16.9,47,100.0,0,0.0,0,0.0,QB,YounBr01
689,Jalen Hurts,16.90,71,Sun,6,6,2022-10-16,24-070,PHI,,DAL,W 26-17,16.90,16.90,16.9,16.9,71,100.0,0,0.0,0,0.0,QB,HurtJa00
690,Geno Smith,16.90,49,Sun,16,17,2023-12-31,33-082,SEA,,PIT,L 23-30,16.90,16.90,17.9,16.9,49,100.0,0,0.0,0,0.0,QB,SmitGe00
691,Patrick Mahomes,16.88,79,Mon,10,11,2023-11-20,28-064,KAN,,PHI,L 17-21,16.88,16.88,17.9,17.9,79,100.0,0,0.0,0,0.0,QB,MahoPa00
692,Aaron Rodgers,16.88,63,Sun,5,5,2022-10-09,38-311,GNB,,NYG,L 22-27,16.88,16.88,16.9,16.9,63,100.0,0,0.0,0,0.0,QB,RodgAa00
693,Matthew Stafford,16.88,56,Sun,5,5,2023-10-08,35-243,LAR,,PHI,L 14-23,16.88,16.88,16.9,16.9,56,100.0,0,0.0,0,0.0,QB,StafMa00
694,Sam Darnold,16.86,66,Sun,12,12,2022-11-27,25-175,CAR,,DEN,W 23-10,16.86,16.86,16.9,16.9,66,100.0,0,0.0,0,0.0,QB,DarnSa00
695,Joe Flacco,16.86,68,Sun,14,15,2023-12-17,38-335,CLE,,CHI,W 20-17,16.86,16.86,22.9,19.9,68,98.6,0,0.0,0,0.0,QB,FlacJo00
696,Davis Mills,16.86,38,Sun,15,16,2023-12-24,25-064,HOU,,CLE,L 22-36,16.86,16.86,16.9,16.9,38,50.7,0,0.0,0,0.0,QB,MillDa02
697,Joe Burrow,16.84,69,Sun,14,15,2024-12-15,28-005,CIN,@,TEN,W 37-27,16.84,16.84,19.8,18.8,69,100.0,0,0.0,0,0.0,QB,BurrJo01
698,Jordan Love,16.80,58,Sun,7,7,2024-10-20,25-353,GNB,,HOU,W 24-22,16.80,16.80,18.8,18.8,58,100.0,0,0.0,0,0.0,QB,LoveJo03
699,Dak Prescott,16.80,65,Sun,12,13,2022-12-04,29-128,DAL,,IND,W 54-19,16.80,16.80,17.8,17.8,65,95.6,0,0.0,0,0.0,QB,PresDa01
700,Brock Purdy,16.80,66,Sun,1,1,2023-09-10,23-257,SFO,@,PIT,W 30-7,16.80,16.80,17.8,16.8,66,97.1,0,0.0,0,0.0,QB,PurdBr00
701,Russell Wilson,16.76,67,Sun,11,12,2023-11-26,34-362,DEN,,CLE,W 29-12,16.76,16.76,17.8,16.8,67,100.0,0,0.0,0,0.0,QB,WilsRu00
702,Derek Carr,16.74,52,Sun,9,9,2023-11-05,32-222,NOR,,CHI,W 24-17,16.74,16.74,16.7,16.7,52,82.5,0,0.0,0,0.0,QB,CarrDe02
703,Dak Prescott,16.74,56,Thu,4,4,2024-09-26,31-059,DAL,@,NYG,W 20-15,16.74,16.74,16.7,16.7,56,100.0,0,0.0,0,0.0,QB,PresDa01
704,Bo Nix,16.72,72,Sun,9,9,2024-11-03,24-252,DEN,@,BAL,L 10-41,16.72,17.72,18.7,18.2,72,100.0,0,0.0,0,0.0,QB,NixxBo00
705,Trevor Lawrence,16.70,69,Sun,9,9,2022-11-06,23-031,JAX,,LVR,W 27-20,16.70,16.70,17.7,16.7,69,100.0,0,0.0,0,0.0,QB,LawrTr00
706,Patrick Mahomes,16.70,76,Mon,15,16,2023-12-25,28-099,KAN,,LVR,L 14-20,16.70,16.70,17.7,17.7,76,100.0,0,0.0,0,0.0,QB,MahoPa00
707,Justin Herbert,16.68,51,Sun,16,17,2023-01-01,24-297,LAC,,LAR,W 31-10,16.68,16.68,16.7,16.7,51,79.7,0,0.0,0,0.0,QB,HerbJu00
708,P.J. Walker,16.68,80,Sun,8,8,2022-10-30,27-246,CAR,@,ATL,L 34-37 (OT),16.68,16.68,20.7,17.7,80,100.0,0,0.0,0,0.0,QB,WalkPh00
709,Jimmy Garoppolo,16.66,60,Sun,2,2,2022-09-18,30-320,SFO,,SEA,W 27-7,16.66,16.66,16.7,16.7,60,78.9,0,0.0,0,0.0,QB,GaroJi00
710,Jordan Love,16.66,68,Sun,9,10,2023-11-12,25-010,GNB,@,PIT,L 19-23,16.66,16.66,18.7,18.7,68,100.0,0,0.0,0,0.0,QB,LoveJo03
711,Patrick Mahomes,16.64,71,Fri,12,13,2024-11-29,29-073,KAN,,LVR,W 19-17,16.64,16.64,19.6,16.6,71,100.0,0,0.0,0,0.0,QB,MahoPa00
712,Taysom Hill,16.62,29,Sun,9,9,2023-11-05,33-074,NOR,,CHI,W 24-17,16.62,20.62,20.6,18.6,29,46.0,0,0.0,6,25.0,TE/QB,HillTa00
713,Tom Brady,16.58,74,Sun,14,15,2022-12-18,45-137,TAM,,CIN,L 23-34,16.58,16.58,23.6,18.6,74,100.0,0,0.0,0,0.0,QB,BradTo00
714,Will Levis,16.58,71,Mon,13,14,2023-12-11,24-167,TEN,@,MIA,W 28-27,16.58,16.58,21.6,17.6,71,100.0,0,0.0,0,0.0,QB,LeviWi00
715,Joe Burrow,16.56,70,Sun,2,2,2022-09-18,25-282,CIN,@,DAL,L 17-20,16.56,16.56,16.6,16.6,70,100.0,0,0.0,0,0.0,QB,BurrJo01
716,Joe Burrow,16.56,67,Sun,13,14,2022-12-11,26-001,CIN,,CLE,W 23-10,16.56,16.56,17.6,17.6,67,100.0,0,0.0,0,0.0,QB,BurrJo01
717,Aaron Rodgers,16.56,56,Sun,16,17,2023-01-01,39-030,GNB,,MIN,W 41-17,16.56,16.56,16.6,16.6,56,88.9,0,0.0,0,0.0,QB,RodgAa00
718,Patrick Mahomes,16.54,68,Sun,9,10,2024-11-10,29-054,KAN,,DEN,W 16-14,16.54,16.54,16.5,16.5,68,100.0,0,0.0,0,0.0,QB,MahoPa00
719,Nick Mullens,16.54,55,Sun,15,16,2023-12-24,28-278,MIN,,DET,L 24-30,16.54,16.54,23.5,20.5,55,100.0,0,0.0,0,0.0,QB,MullNi00
720,Bryce Young,16.52,62,Sun,11,12,2024-11-24,23-122,CAR,,KAN,L 27-30,16.52,16.52,16.5,16.5,62,100.0,0,0.0,0,0.0,QB,YounBr01
721,Kirk Cousins,16.50,52,Sun,6,6,2022-10-16,34-058,MIN,@,MIA,W 24-16,16.50,16.50,16.5,16.5,52,100.0,0,0.0,0,0.0,QB,CousKi00
722,Jacoby Brissett,16.48,67,Sun,9,10,2022-11-13,29-337,CLE,@,MIA,L 17-39,16.48,16.48,16.5,16.5,67,100.0,0,0.0,0,0.0,QB,BrisJa00
723,Trevor Lawrence,16.48,66,Sun,4,4,2023-10-01,23-360,JAX,,ATL,W 23-7,16.48,16.48,16.5,16.5,66,100.0,0,0.0,0,0.0,QB,LawrTr00
724,Brock Purdy,16.48,64,Thu,14,15,2022-12-15,22-353,SFO,@,SEA,W 21-13,16.48,16.48,16.5,16.5,64,100.0,0,0.0,0,0.0,QB,PurdBr00
725,Kirk Cousins,16.46,64,Sun,1,1,2023-09-10,35-022,MIN,,TAM,L 17-20,16.46,16.46,22.5,17.5,64,100.0,0,0.0,0,0.0,QB,CousKi00
726,Deshaun Watson,16.44,65,Sun,3,3,2024-09-22,29-008,CLE,,NYG,L 15-21,16.44,16.44,18.4,16.4,65,97.0,0,0.0,0,0.0,QB,WatsDe00
727,Bailey Zappe,16.44,58,Sun,15,16,2023-12-24,24-242,NWE,@,DEN,W 26-23,16.44,16.44,17.4,16.4,58,100.0,0,0.0,0,0.0,QB,ZappBa00
728,Jalen Hurts,16.42,76,Fri,1,1,2024-09-06,26-030,PHI,,GNB,W 34-29,16.42,16.42,19.4,18.4,76,100.0,0,0.0,0,0.0,QB,HurtJa00
729,Kirk Cousins,16.40,65,Sun,8,9,2022-11-06,34-079,MIN,@,WAS,W 20-17,16.40,16.40,17.4,17.4,65,98.5,0,0.0,0,0.0,QB,CousKi00
730,Jordan Love,16.40,65,Fri,1,1,2024-09-06,25-309,GNB,@,PHI,L 29-34,16.40,16.40,17.4,17.4,65,97.0,0,0.0,0,0.0,QB,LoveJo03
731,Zach Wilson,16.40,59,Sun,8,8,2022-10-30,23-088,NYJ,,NWE,L 17-22,16.40,16.40,22.4,19.4,59,100.0,0,0.0,0,0.0,QB,WilsZa00
732,Lamar Jackson,16.38,65,Sun,2,2,2024-09-15,27-252,BAL,,LVR,L 23-26,16.38,16.38,17.4,17.4,65,100.0,0,0.0,0,0.0,QB,JackLa00
733,Patrick Mahomes,16.38,74,Sun,3,3,2024-09-22,29-005,KAN,@,ATL,W 22-17,16.38,16.38,17.4,17.4,74,100.0,0,0.0,0,0.0,QB,MahoPa00
734,Dak Prescott,16.38,76,Sun,5,5,2024-10-06,31-069,DAL,@,PIT,W 20-17,16.38,16.38,22.4,18.4,76,100.0,0,0.0,0,0.0,QB,PresDa01
735,Trevor Lawrence,16.36,52,Sun,12,13,2022-12-04,23-059,JAX,@,DET,L 14-40,16.36,16.36,16.4,16.4,52,92.9,0,0.0,0,0.0,QB,LawrTr00
736,Aaron Rodgers,16.36,68,Sun,2,2,2022-09-18,38-290,GNB,,CHI,W 27-10,16.36,16.36,17.4,16.4,68,100.0,0,0.0,0,0.0,QB,RodgAa00
737,Cooper Rush,16.36,83,Mon,10,11,2024-11-18,30-363,DAL,,HOU,L 10-34,16.36,16.36,20.4,17.4,83,100.0,0,0.0,0,0.0,QB,RushCo00
738,Deshaun Watson,16.34,71,Sun,13,14,2022-12-11,27-088,CLE,@,CIN,L 10-23,16.34,16.34,17.3,17.3,71,98.6,0,0.0,0,0.0,QB,WatsDe00
739,Derek Carr,16.32,79,Sun,6,6,2023-10-15,32-201,NOR,@,HOU,L 13-20,16.32,16.32,20.3,17.3,79,96.3,0,0.0,0,0.0,QB,CarrDe02
740,Jimmy Garoppolo,16.32,69,Sun,7,7,2022-10-23,30-355,SFO,,KAN,L 23-44,16.32,16.32,21.3,17.3,69,87.3,0,0.0,0,0.0,QB,GaroJi00
741,Jared Goff,16.32,58,Sun,12,13,2023-12-03,29-050,DET,@,NOR,W 33-28,16.32,16.32,16.3,16.3,58,100.0,0,0.0,0,0.0,QB,GoffJa00
742,Jalen Hurts,16.32,57,Sun,4,4,2024-09-29,26-053,PHI,@,TAM,L 16-33,16.32,16.32,17.3,16.3,57,100.0,0,0.0,0,0.0,QB,HurtJa00
743,Joe Burrow,16.28,67,Sun,4,4,2024-09-29,27-294,CIN,@,CAR,W 34-24,16.28,16.28,17.3,17.3,67,100.0,0,0.0,0,0.0,QB,BurrJo01
744,Sam Darnold,16.26,60,Sun,6,7,2024-10-20,27-137,MIN,,DET,L 29-31,16.26,16.26,17.3,17.3,60,100.0,0,0.0,0,0.0,QB,DarnSa00
745,Mac Jones,16.26,60,Sun,16,17,2023-01-01,24-118,NWE,,MIA,W 23-21,16.26,16.26,16.3,16.3,60,100.0,0,0.0,0,0.0,QB,JoneMa05
746,Baker Mayfield,16.26,56,Sun,16,17,2023-12-31,28-261,TAM,,NOR,L 13-23,16.26,16.26,21.3,18.3,56,100.0,0,0.0,0,0.0,QB,MayfBa00
747,Caleb Williams,16.24,72,Sun,10,11,2024-11-17,22-365,CHI,,GNB,L 19-20,16.24,16.24,16.2,16.2,72,100.0,0,0.0,0,0.0,QB,WillCa03
748,Mac Jones,16.22,68,Sun,17,18,2023-01-08,24-125,NWE,@,BUF,L 23-35,16.22,16.22,19.2,19.2,68,100.0,0,0.0,0,0.0,QB,JoneMa05
749,Deshaun Watson,16.22,77,Sun,9,10,2023-11-12,28-059,CLE,@,BAL,W 33-31,16.22,16.22,17.2,17.2,77,98.7,0,0.0,0,0.0,QB,WatsDe00
750,Justin Fields,16.20,52,Sun,16,17,2023-01-01,23-302,CHI,@,DET,L 10-41,16.20,16.20,21.2,17.2,52,100.0,0,0.0,0,0.0,QB,FielJu00
751,Trevor Lawrence,16.20,71,Sun,17,18,2024-01-07,24-093,JAX,@,TEN,L 20-28,16.20,16.20,18.2,18.2,71,100.0,0,0.0,0,0.0,QB,LawrTr00
752,Baker Mayfield,16.20,73,Sun,6,7,2023-10-22,28-191,TAM,,ATL,L 13-16,16.20,16.20,17.2,17.2,73,100.0,0,0.0,0,0.0,QB,MayfBa00
753,Kyler Murray,16.20,69,Sun,5,5,2022-10-09,25-063,ARI,,PHI,L 17-20,16.20,16.20,17.2,17.2,69,100.0,0,0.0,0,0.0,QB,MurrKy00
754,Will Levis,16.18,55,Sun,12,13,2024-12-01,25-157,TEN,@,WAS,L 19-42,16.18,16.18,16.2,16.2,55,100.0,0,0.0,0,0.0,QB,LeviWi00
755,Josh Allen,16.16,61,Sun,14,15,2023-12-17,27-210,BUF,,DAL,W 31-10,16.16,16.16,16.2,16.2,61,89.7,0,0.0,0,0.0,QB,AlleJo02
756,Joe Flacco,16.16,71,Sun,12,13,2023-12-03,38-321,CLE,@,LAR,L 19-36,16.16,16.16,17.2,17.2,71,100.0,0,0.0,0,0.0,QB,FlacJo00
757,Dak Prescott,16.16,61,Sun,10,11,2023-11-19,30-113,DAL,@,CAR,W 33-10,16.16,16.16,16.2,16.2,61,84.7,0,0.0,0,0.0,QB,PresDa01
758,Matthew Stafford,16.16,82,Sun,4,4,2023-10-01,35-236,LAR,@,IND,W 29-23 (OT),16.16,16.16,20.2,17.2,82,100.0,0,0.0,0,0.0,QB,StafMa00
759,Joshua Dobbs,16.14,66,Sun,7,7,2023-10-22,28-269,ARI,@,SEA,L 10-20,16.14,16.14,16.1,16.1,66,100.0,0,0.0,0,0.0,QB,DobbJo00
760,Aaron Rodgers,16.14,73,Sun,4,4,2022-10-02,38-304,GNB,,NWE,W 27-24 (OT),16.14,16.14,17.1,17.1,73,100.0,0,0.0,0,0.0,QB,RodgAa00
761,Will Levis,16.12,67,Sun,11,12,2024-11-24,25-150,TEN,@,HOU,W 32-27,16.12,16.12,18.1,17.1,67,100.0,0,0.0,0,0.0,QB,LeviWi00
762,Lamar Jackson,16.10,59,Sun,6,6,2022-10-16,25-282,BAL,@,NYG,L 20-24,16.10,16.10,18.1,17.1,59,100.0,0,0.0,0,0.0,QB,JackLa00
763,Bo Nix,16.10,58,Sun,10,10,2024-11-10,24-259,DEN,@,KAN,L 14-16,16.10,16.10,16.1,16.1,58,100.0,0,0.0,0,0.0,QB,NixxBo00
764,Aaron Rodgers,16.10,62,Sun,3,3,2022-09-25,38-297,GNB,@,TAM,W 14-12,16.10,16.10,17.1,17.1,62,100.0,0,0.0,0,0.0,QB,RodgAa00
765,Desmond Ridder,16.08,83,Sun,6,6,2023-10-15,24-045,ATL,,WAS,L 16-24,16.08,16.08,22.1,19.1,83,100.0,0,0.0,0,0.0,QB,RiddDe00
766,Aaron Rodgers,16.06,51,Sun,11,11,2024-11-17,40-351,NYJ,,IND,L 27-28,16.06,16.06,16.1,16.1,51,100.0,0,0.0,0,0.0,QB,RodgAa00
767,C.J. Stroud,16.06,66,Sun,12,13,2023-12-03,22-061,HOU,,DEN,W 22-17,16.06,16.06,16.1,16.1,66,97.1,0,0.0,0,0.0,QB,StroCJ00
768,C.J. Stroud,16.06,59,Sat,15,16,2024-12-21,23-079,HOU,@,KAN,L 19-27,16.06,16.06,18.1,18.1,59,100.0,0,0.0,0,0.0,QB,StroCJ00
769,Kyler Murray,16.04,79,Sat,16,17,2024-12-28,27-143,ARI,@,LAR,L 9-13,16.04,16.04,21.0,18.0,79,100.0,0,0.0,0,0.0,QB,MurrKy00
770,Tom Brady,16.02,75,Sun,10,10,2022-11-13,45-102,TAM,,SEA,W 21-16,16.02,16.02,17.0,17.0,75,100.0,0,0.0,0,0.0,QB,BradTo00
771,Daniel Jones,16.02,60,Sun,1,1,2022-09-11,25-107,NYG,@,TEN,W 21-20,16.02,16.02,18.0,17.0,60,100.0,0,0.0,0,0.0,QB,JoneDa05
772,Baker Mayfield,16.02,68,Sun,1,1,2023-09-10,28-149,TAM,@,MIN,W 20-17,16.02,16.02,16.0,16.0,68,100.0,0,0.0,0,0.0,QB,MayfBa00
773,Kenny Pickett,16.02,44,Sun,16,17,2024-12-29,26-206,PHI,,DAL,W 41-7,16.02,16.02,16.0,16.0,44,67.7,0,0.0,0,0.0,QB,PickKe00
774,Easton Stick,16.02,83,Sun,17,18,2024-01-07,28-114,LAC,,KAN,L 12-13,16.02,16.02,17.0,16.0,83,100.0,0,0.0,0,0.0,QB,SticEa00
775,Russell Wilson,16.02,65,Sun,13,14,2024-12-08,36-009,PIT,,CLE,W 27-14,16.02,16.02,16.0,16.0,65,100.0,0,0.0,0,0.0,QB,WilsRu00
776,Derek Carr,16.00,61,Sun,12,13,2022-12-04,31-251,LVR,,LAC,W 27-20,16.00,16.00,17.0,17.0,61,100.0,0,0.0,0,0.0,QB,CarrDe02
777,Kenny Pickett,16.00,73,Sun,10,11,2022-11-20,24-167,PIT,,CIN,L 30-37,16.00,16.00,16.0,16.0,73,100.0,0,0.0,0,0.0,QB,PickKe00
778,Jalen Hurts,15.96,82,Sun,4,4,2022-10-02,24-056,PHI,,JAX,W 29-21,15.96,15.96,17.0,17.0,82,100.0,0,0.0,0,0.0,QB,HurtJa00
779,Jordan Love,15.96,59,Sun,5,5,2024-10-06,25-339,GNB,@,LAR,W 24-19,15.96,15.96,17.0,17.0,59,100.0,0,0.0,0,0.0,QB,LoveJo03
780,Brock Purdy,15.96,52,Sat,15,16,2022-12-24,22-362,SFO,,WAS,W 37-20,15.96,15.96,17.0,17.0,52,100.0,0,0.0,0,0.0,QB,PurdBr00
781,Tua Tagovailoa,15.96,55,Sun,11,12,2022-11-27,24-270,MIA,,HOU,W 30-15,15.96,15.96,16.0,16.0,55,72.4,0,0.0,0,0.0,QB,TagoTu00
782,Justin Fields,15.94,56,Sun,5,5,2024-10-06,25-215,PIT,,DAL,L 17-20,15.94,15.94,15.9,15.9,56,96.6,0,0.0,0,0.0,QB,FielJu00
783,Mac Jones,15.94,66,Sun,3,3,2022-09-25,24-020,NWE,,BAL,L 26-37,15.94,15.94,21.9,18.9,66,100.0,0,0.0,0,0.0,QB,JoneMa05
784,C.J. Stroud,15.94,68,Sun,5,5,2024-10-06,23-003,HOU,,BUF,W 23-20,15.94,15.94,20.9,16.9,68,100.0,0,0.0,0,0.0,QB,StroCJ00
785,Tua Tagovailoa,15.94,62,Sun,7,7,2022-10-23,24-235,MIA,,PIT,W 16-10,15.94,15.94,15.9,15.9,62,100.0,0,0.0,0,0.0,QB,TagoTu00
786,Jimmy Garoppolo,15.90,71,Sun,9,10,2022-11-13,31-011,SFO,,LAC,W 22-16,15.90,15.90,15.9,15.9,71,100.0,0,0.0,0,0.0,QB,GaroJi00
787,Aidan O'Connell,15.86,48,Sun,17,18,2025-01-05,26-126,LVR,,LAC,L 20-34,15.86,15.86,16.9,16.9,48,94.1,0,0.0,0,0.0,QB,OConAi00
788,Desmond Ridder,15.86,64,Sun,17,18,2023-01-08,23-130,ATL,,TAM,W 30-17,15.86,15.86,16.9,15.9,64,94.1,0,0.0,0,0.0,QB,RiddDe00
789,Patrick Mahomes,15.84,55,Sun,10,11,2024-11-17,29-061,KAN,@,BUF,L 21-30,15.84,15.84,17.8,17.8,55,100.0,0,0.0,0,0.0,QB,MahoPa00
790,Russell Wilson,15.84,60,Sun,12,13,2023-12-03,35-004,DEN,@,HOU,L 17-22,15.84,15.84,18.8,18.8,60,100.0,0,0.0,0,0.0,QB,WilsRu00
791,Tyson Bagent,15.80,68,Sun,9,9,2023-11-05,23-150,CHI,@,NOR,L 17-24,15.80,15.80,19.8,18.8,68,100.0,0,0.0,0,0.0,QB,BageTy00
792,Patrick Mahomes,15.80,60,Sun,9,9,2023-11-05,28-049,KAN,,MIA,W 21-14,15.80,15.80,16.8,15.8,60,100.0,0,0.0,0,0.0,QB,MahoPa00
793,Patrick Mahomes,15.76,67,Sun,14,15,2024-12-15,29-089,KAN,@,CLE,W 21-7,15.76,15.76,15.8,15.8,67,89.3,0,0.0,0,0.0,QB,MahoPa00
794,Aaron Rodgers,15.76,54,Sun,7,7,2022-10-23,38-325,GNB,@,WAS,L 21-23,15.76,15.76,15.8,15.8,54,100.0,0,0.0,0,0.0,QB,RodgAa00
795,Mason Rudolph,15.76,37,Sun,14,15,2024-12-15,29-151,TEN,,CIN,L 27-37,15.76,15.76,16.8,16.8,37,52.9,0,0.0,0,0.0,QB,RudoMa00
796,Drake Maye,15.74,69,Sun,9,9,2024-11-03,22-065,NWE,@,TEN,L 17-20 (OT),15.74,15.74,18.7,17.7,69,100.0,0,0.0,0,0.0,QB,MayeDr00
797,Geno Smith,15.74,60,Sun,10,11,2024-11-17,34-038,SEA,@,SFO,W 20-17,15.74,15.74,16.7,16.7,60,100.0,0,0.0,0,0.0,QB,SmitGe00
798,Derek Carr,15.72,58,Sun,5,5,2023-10-08,32-194,NOR,@,NWE,W 34-0,15.72,15.72,15.7,15.7,58,80.6,0,0.0,0,0.0,QB,CarrDe02
799,Andy Dalton,15.70,70,Sun,4,4,2024-09-29,36-336,CAR,,CIN,L 24-34,15.70,15.70,16.7,16.7,70,100.0,0,0.0,0,0.0,QB,DaltAn00
800,Trevor Lawrence,15.70,88,Sun,5,5,2023-10-08,24-002,JAX,@,BUF,W 25-20,15.70,15.70,20.7,15.7,88,100.0,0,0.0,0,0.0,QB,LawrTr00
801,Patrick Mahomes,15.70,65,Sun,14,15,2023-12-17,28-091,KAN,@,NWE,W 27-17,15.70,15.70,20.7,17.7,65,100.0,0,0.0,0,0.0,QB,MahoPa00
802,C.J. Stroud,15.68,56,Sun,12,12,2024-11-24,23-052,HOU,,TEN,L 27-32,15.68,15.68,17.7,17.7,56,100.0,0,0.0,0,0.0,QB,StroCJ00
803,Desmond Ridder,15.64,51,Sun,17,18,2024-01-07,24-129,ATL,@,NOR,L 17-48,15.64,15.64,17.6,16.6,51,83.6,0,0.0,0,0.0,QB,RiddDe00
804,Matthew Stafford,15.62,56,Sun,12,13,2024-12-01,36-298,LAR,@,NOR,W 21-14,15.62,15.62,15.6,15.6,56,100.0,0,0.0,0,0.0,QB,StafMa00
805,Will Levis,15.60,59,Sun,10,11,2024-11-17,25-143,TEN,,MIN,L 13-23,15.60,15.60,16.6,16.6,59,100.0,0,0.0,0,0.0,QB,LeviWi00
806,Derek Carr,15.58,64,Sun,16,17,2023-12-31,32-278,NOR,@,TAM,W 23-13,15.58,15.58,15.6,15.6,64,91.4,0,0.0,0,0.0,QB,CarrDe02
807,Tyler Huntley,15.58,62,Sun,12,13,2022-12-04,24-304,BAL,,DEN,W 10-9,15.58,15.58,16.6,16.6,62,86.1,0,0.0,0,0.0,QB,HuntTy01
808,Marcus Mariota,15.56,57,Sun,3,3,2022-09-25,28-330,ATL,@,SEA,W 27-23,15.56,15.56,17.6,16.6,57,100.0,0,0.0,0,0.0,QB,MariMa01
809,Tua Tagovailoa,15.52,65,Sun,15,16,2023-12-24,25-297,MIA,,DAL,W 22-20,15.52,15.52,15.5,15.5,65,100.0,0,0.0,0,0.0,QB,TagoTu00
810,Jared Goff,15.50,69,Sun,1,1,2022-09-11,27-332,DET,,PHI,L 35-38,15.50,15.50,16.5,16.5,69,100.0,0,0.0,0,0.0,QB,GoffJa00
811,Jared Goff,15.50,42,Sun,7,8,2024-10-27,30-013,DET,,TEN,W 52-14,15.50,15.50,15.5,15.5,42,87.5,0,0.0,0,0.0,QB,GoffJa00
812,Davis Mills,15.50,68,Sun,1,1,2022-09-11,23-325,HOU,,IND,T 20-20 (OT),15.50,15.50,16.5,15.5,68,97.1,0,0.0,0,0.0,QB,MillDa02
813,Kirk Cousins,15.48,83,Sun,9,10,2022-11-13,34-086,MIN,@,BUF,W 33-30 (OT),15.48,15.48,20.5,17.5,83,100.0,0,0.0,0,0.0,QB,CousKi00
814,Jacoby Brissett,15.46,67,Sun,2,2,2022-09-18,29-281,CLE,,NYJ,L 30-31,15.46,15.46,16.5,16.5,67,100.0,0,0.0,0,0.0,QB,BrisJa00
815,Lamar Jackson,15.46,69,Sun,10,11,2022-11-20,25-317,BAL,,CAR,W 13-3,15.46,15.46,16.5,16.5,69,100.0,0,0.0,0,0.0,QB,JackLa00
816,Russell Wilson,15.46,67,Sun,13,14,2023-12-10,35-011,DEN,@,LAC,W 24-7,15.46,15.46,16.5,16.5,67,100.0,0,0.0,0,0.0,QB,WilsRu00
817,Geno Smith,15.44,75,Sun,3,3,2023-09-24,32-349,SEA,,CAR,W 37-27,15.44,15.44,16.4,16.4,75,100.0,0,0.0,0,0.0,QB,SmitGe00
818,Deshaun Watson,15.44,69,Sun,2,2,2024-09-15,29-001,CLE,@,JAX,W 18-13,15.44,15.44,15.4,15.4,69,95.8,0,0.0,0,0.0,QB,WatsDe00
819,Joe Burrow,15.38,60,Sun,2,2,2023-09-17,26-281,CIN,,BAL,L 24-27,15.38,15.38,16.4,16.4,60,100.0,0,0.0,0,0.0,QB,BurrJo01
820,Russell Wilson,15.38,60,Sat,15,16,2024-12-21,36-022,PIT,@,BAL,L 17-34,15.38,15.38,17.4,16.4,60,100.0,0,0.0,0,0.0,QB,WilsRu00
821,C.J. Stroud,15.34,66,Sun,10,11,2023-11-19,22-047,HOU,,ARI,W 21-16,15.34,15.34,21.3,18.3,66,98.5,0,0.0,0,0.0,QB,StroCJ00
822,Geno Smith,15.32,64,Thu,14,15,2022-12-15,32-066,SEA,,SFO,L 13-21,15.32,15.32,15.3,15.3,64,100.0,0,0.0,0,0.0,QB,SmitGe00
823,Joe Flacco,15.30,77,Sun,16,17,2024-12-29,39-348,IND,@,NYG,L 33-45,15.30,15.30,21.3,17.3,77,100.0,0,0.0,0,0.0,QB,FlacJo00
824,Jordan Love,15.30,64,Sun,6,7,2023-10-22,24-354,GNB,@,DEN,L 17-19,15.30,15.30,16.3,16.3,64,100.0,0,0.0,0,0.0,QB,LoveJo03
825,Cooper Rush,15.28,60,Sun,15,16,2024-12-22,31-031,DAL,,TAM,W 26-24,15.28,15.28,15.3,15.3,60,100.0,0,0.0,0,0.0,QB,RushCo00
826,Matt Ryan,15.28,92,Sun,1,1,2022-09-11,37-117,IND,@,HOU,T 20-20 (OT),15.28,15.28,20.3,16.3,92,100.0,0,0.0,0,0.0,QB,RyanMa00
827,Matt Ryan,15.28,71,Sun,3,3,2022-09-25,37-131,IND,,KAN,W 20-17,15.28,15.28,16.3,15.3,71,100.0,0,0.0,0,0.0,QB,RyanMa00
828,Jameis Winston,15.28,72,Sun,13,14,2024-12-08,30-337,CLE,@,PIT,L 14-27,15.28,15.28,17.3,17.3,72,100.0,0,0.0,0,0.0,QB,WinsJa00
829,Drew Lock,15.26,59,Sun,13,14,2023-12-10,27-030,SEA,@,SFO,L 16-28,15.26,15.26,17.3,17.3,59,100.0,0,0.0,0,0.0,QB,LockDr00
830,Aaron Rodgers,15.22,66,Sun,8,8,2022-10-30,38-332,GNB,@,BUF,L 17-27,15.22,15.22,16.2,16.2,66,100.0,0,0.0,0,0.0,QB,RodgAa00
831,Tom Brady,15.20,84,Sun,9,9,2022-11-06,45-095,TAM,,LAR,W 16-13,15.20,15.20,15.2,15.2,84,100.0,0,0.0,0,0.0,QB,BradTo00
832,Kyler Murray,15.20,82,Sun,12,13,2024-12-01,27-116,ARI,@,MIN,L 22-23,15.20,15.20,17.2,17.2,82,100.0,0,0.0,0,0.0,QB,MurrKy00
833,Kenny Pickett,15.20,59,Sun,6,7,2023-10-22,25-138,PIT,@,LAR,W 24-17,15.20,15.20,15.2,15.2,59,100.0,0,0.0,0,0.0,QB,PickKe00
834,Sam Howell,15.18,71,Sun,1,1,2023-09-10,22-359,WAS,,ARI,W 20-16,15.18,15.18,17.2,16.2,71,100.0,0,0.0,0,0.0,QB,HoweSa00
835,Russell Wilson,15.18,64,Sun,1,1,2023-09-10,34-285,DEN,,LVR,L 16-17,15.18,15.18,15.2,15.2,64,100.0,0,0.0,0,0.0,QB,WilsRu00
836,Aaron Rodgers,15.14,57,Sun,2,2,2024-09-15,40-288,NYJ,@,TEN,W 24-17,15.14,15.14,15.1,15.1,57,100.0,0,0.0,0,0.0,QB,RodgAa00
837,Taylor Heinicke,15.12,52,Sun,16,17,2023-12-31,30-291,ATL,@,CHI,L 17-37,15.12,15.12,18.1,18.1,52,88.1,0,0.0,0,0.0,QB,HeinTa00
838,Jimmy Garoppolo,15.10,57,Sun,1,1,2023-09-10,31-312,LVR,@,DEN,W 17-16,15.10,15.10,16.1,16.1,57,96.6,0,0.0,0,0.0,QB,GaroJi00
839,P.J. Walker,15.08,50,Sun,7,7,2022-10-23,27-239,CAR,,TAM,W 21-3,15.08,15.08,15.1,15.1,50,100.0,0,0.0,0,0.0,QB,WalkPh00
840,Jalen Hurts,15.06,71,Sun,11,12,2024-11-24,26-109,PHI,@,LAR,W 37-20,15.06,15.06,15.1,15.1,71,97.3,0,0.0,0,0.0,QB,HurtJa00
841,Joe Flacco,15.02,53,Sun,4,4,2024-09-29,39-257,IND,,PIT,W 27-24,15.02,15.02,15.0,15.0,53,80.3,0,0.0,0,0.0,QB,FlacJo00
842,Trevor Lawrence,15.02,61,Sun,7,7,2024-10-20,25-014,JAX,,NWE,W 32-16,15.02,15.02,15.0,15.0,61,100.0,0,0.0,0,0.0,QB,LawrTr00
843,Lamar Jackson,14.98,71,Sun,12,12,2023-11-26,26-323,BAL,@,LAC,W 20-10,14.98,14.98,15.0,15.0,71,100.0,0,0.0,0,0.0,QB,JackLa00
844,Drew Lock,14.98,77,Sun,13,14,2024-12-08,28-028,NYG,,NOR,L 11-14,14.98,14.98,16.0,16.0,77,98.7,0,0.0,0,0.0,QB,LockDr00
845,Patrick Mahomes,14.98,52,Sat,17,18,2023-01-07,27-112,KAN,@,LVR,W 31-13,14.98,14.98,15.0,15.0,52,88.1,0,0.0,0,0.0,QB,MahoPa00
846,Mitchell Trubisky,14.98,59,Thu,3,3,2022-09-22,28-033,PIT,@,CLE,L 17-29,14.98,14.98,15.0,15.0,59,100.0,0,0.0,0,0.0,QB,TrubMi00
847,Jacoby Brissett,14.96,73,Sun,4,4,2022-10-02,29-295,CLE,@,ATL,L 20-23,14.96,14.96,16.0,16.0,73,100.0,0,0.0,0,0.0,QB,BrisJa00
848,Gardner Minshew II,14.96,58,Sun,8,8,2024-10-27,28-164,LVR,,KAN,L 20-27,14.96,14.96,16.0,15.0,58,100.0,0,0.0,0,0.0,QB,MinsGa00
849,Joe Burrow,14.94,55,Sun,7,7,2024-10-20,27-315,CIN,@,CLE,W 21-14,14.94,14.94,14.9,14.9,55,100.0,0,0.0,0,0.0,QB,BurrJo01
850,Andy Dalton,14.94,66,Sun,6,6,2024-10-13,36-350,CAR,,ATL,L 20-38,14.94,14.94,16.9,16.9,66,100.0,0,0.0,0,0.0,QB,DaltAn00
851,Lamar Jackson,14.88,61,Sun,11,11,2024-11-17,27-315,BAL,@,PIT,L 16-18,14.88,14.88,15.9,15.9,61,100.0,0,0.0,0,0.0,QB,JackLa00
852,Kyler Murray,14.88,71,Sun,6,6,2022-10-16,25-070,ARI,@,SEA,L 9-19,14.88,14.88,19.9,15.9,71,100.0,0,0.0,0,0.0,QB,MurrKy00
853,Tua Tagovailoa,14.88,64,Sun,16,17,2023-12-31,25-304,MIA,@,BAL,L 19-56,14.88,14.88,16.9,16.9,64,92.8,0,0.0,0,0.0,QB,TagoTu00
854,Jared Goff,14.84,62,Sun,9,10,2022-11-13,28-030,DET,@,CHI,W 31-30,14.84,14.84,14.8,14.8,62,100.0,0,0.0,0,0.0,QB,GoffJa00
855,Dak Prescott,14.84,75,Thu,11,12,2022-11-24,29-118,DAL,,NYG,W 28-20,14.84,14.84,16.8,16.8,75,100.0,0,0.0,0,0.0,QB,PresDa01
856,Drew Lock,14.82,63,Thu,12,13,2024-11-28,28-018,NYG,@,DAL,L 20-27,14.82,14.82,16.8,15.8,63,100.0,0,0.0,0,0.0,QB,LockDr00
857,Gardner Minshew II,14.82,71,Sun,8,8,2023-10-29,27-166,IND,,NOR,L 27-38,14.82,14.82,15.8,15.8,71,100.0,0,0.0,0,0.0,QB,MinsGa00
858,Tua Tagovailoa,14.80,60,Sun,1,1,2022-09-11,24-193,MIA,,NWE,W 20-7,14.80,14.80,14.8,14.8,60,100.0,0,0.0,0,0.0,QB,TagoTu00
859,Kyler Murray,14.78,59,Sun,3,3,2024-09-22,27-046,ARI,,DET,L 13-20,14.78,14.78,15.8,15.8,59,100.0,0,0.0,0,0.0,QB,MurrKy00
860,Justin Herbert,14.76,66,Mon,6,7,2024-10-21,26-225,LAC,@,ARI,L 15-17,14.76,14.76,17.8,14.8,66,100.0,0,0.0,0,0.0,QB,HerbJu00
861,Lamar Jackson,14.76,65,Sun,5,5,2022-10-09,25-275,BAL,,CIN,W 19-17,14.76,14.76,15.8,15.8,65,100.0,0,0.0,0,0.0,QB,JackLa00
862,Trevor Lawrence,14.76,58,Sun,4,4,2024-09-29,24-359,JAX,@,HOU,L 20-24,14.76,14.76,14.8,14.8,58,100.0,0,0.0,0,0.0,QB,LawrTr00
863,Davis Mills,14.76,64,Sun,9,10,2022-11-13,24-023,HOU,@,NYG,L 16-24,14.76,14.76,18.8,15.8,64,100.0,0,0.0,0,0.0,QB,MillDa02
864,Matthew Stafford,14.76,38,Sun,10,11,2022-11-20,34-286,LAR,@,NOR,L 20-27,14.76,14.76,14.8,14.8,38,59.4,0,0.0,0,0.0,QB,StafMa00
865,Tom Brady,14.74,65,Sun,3,3,2022-09-25,45-053,TAM,,GNB,L 12-14,14.74,14.74,14.7,14.7,65,100.0,0,0.0,0,0.0,QB,BradTo00
866,Justin Fields,14.74,53,Sun,2,2,2023-09-17,24-196,CHI,@,TAM,L 17-27,14.74,14.74,16.7,16.7,53,100.0,0,0.0,0,0.0,QB,FielJu00
867,Trevor Lawrence,14.74,61,Sun,6,6,2023-10-15,24-009,JAX,,IND,W 37-20,14.74,14.74,15.7,15.7,61,95.3,0,0.0,0,0.0,QB,LawrTr00
868,Brock Purdy,14.74,57,Sun,2,2,2023-09-17,23-264,SFO,@,LAR,W 30-23,14.74,14.74,14.7,14.7,57,100.0,0,0.0,0,0.0,QB,PurdBr00
869,Taylor Heinicke,14.72,69,Sun,9,9,2023-11-05,30-235,ATL,,MIN,L 28-31,14.72,14.72,15.7,15.7,69,100.0,0,0.0,0,0.0,QB,HeinTa00
870,Jordan Love,14.72,68,Sun,11,12,2024-11-24,26-022,GNB,,SFO,W 38-10,14.72,14.72,14.7,14.7,68,94.4,0,0.0,0,0.0,QB,LoveJo03
871,Spencer Rattler,14.70,66,Sun,17,18,2025-01-05,24-099,NOR,@,TAM,L 19-27,14.70,14.70,14.7,14.7,66,100.0,0,0.0,0,0.0,QB,RattSp00
872,Trevor Lawrence,14.68,71,Sun,8,8,2023-10-29,24-023,JAX,@,PIT,W 20-10,14.68,14.68,15.7,15.7,71,100.0,0,0.0,0,0.0,QB,LawrTr00
873,Matthew Stafford,14.68,78,Sun,1,1,2024-09-08,36-214,LAR,@,DET,L 20-26 (OT),14.68,14.68,18.7,15.7,78,100.0,0,0.0,0,0.0,QB,StafMa00
874,Trevor Lawrence,14.66,62,Sun,14,15,2023-12-17,24-072,JAX,,BAL,L 7-23,14.66,14.66,16.7,14.7,62,100.0,0,0.0,0,0.0,QB,LawrTr00
875,Tua Tagovailoa,14.66,65,Sun,7,8,2024-10-27,26-239,MIA,,ARI,L 27-28,14.66,14.66,14.7,14.7,65,100.0,0,0.0,0,0.0,QB,TagoTu00
876,Josh Allen,14.64,60,Sun,5,5,2024-10-06,28-138,BUF,@,HOU,L 20-23,14.64,14.64,14.6,14.6,60,98.4,0,0.0,0,0.0,QB,AlleJo02
877,Gardner Minshew II,14.64,73,Sun,11,12,2023-11-26,27-194,IND,,TAM,W 27-20,14.64,14.64,15.6,15.6,73,100.0,0,0.0,0,0.0,QB,MinsGa00
878,Sam Darnold,14.62,55,Sun,1,1,2024-09-08,27-095,MIN,@,NYG,W 28-6,14.62,14.62,15.6,15.6,55,100.0,0,0.0,0,0.0,QB,DarnSa00
879,Brock Purdy,14.62,63,Sun,4,4,2024-09-29,24-277,SFO,,NWE,W 30-13,14.62,14.62,15.6,15.6,63,100.0,0,0.0,0,0.0,QB,PurdBr00
880,Jameis Winston,14.62,69,Sun,3,3,2022-09-25,28-262,NOR,@,CAR,L 14-22,14.62,14.62,19.6,16.6,69,100.0,0,0.0,0,0.0,QB,WinsJa00
881,Derek Carr,14.60,62,Sun,1,1,2023-09-10,32-166,NOR,,TEN,W 16-15,14.60,14.60,18.6,15.6,62,95.4,0,0.0,0,0.0,QB,CarrDe02
882,Zach Wilson,14.60,59,Sun,5,5,2022-10-09,23-067,NYJ,,MIA,W 40-17,14.60,14.60,14.6,14.6,59,100.0,0,0.0,0,0.0,QB,WilsZa00
883,Derek Carr,14.56,70,Sun,12,13,2024-12-01,33-248,NOR,,LAR,L 14-21,14.56,14.56,14.6,14.6,70,100.0,0,0.0,0,0.0,QB,CarrDe02
884,Joe Flacco,14.56,78,Sun,17,18,2025-01-05,39-355,IND,,JAX,W 26-23 (OT),14.56,14.56,14.6,14.6,78,100.0,0,0.0,0,0.0,QB,FlacJo00
885,Jared Goff,14.56,68,Sun,3,3,2024-09-22,29-344,DET,@,ARI,W 20-13,14.56,14.56,15.6,15.6,68,100.0,0,0.0,0,0.0,QB,GoffJa00
886,Jordan Love,14.56,68,Sun,7,8,2023-10-29,24-361,GNB,,MIN,L 10-24,14.56,14.56,15.6,15.6,68,100.0,0,0.0,0,0.0,QB,LoveJo03
887,Justin Fields,14.54,74,Sun,1,1,2023-09-10,24-189,CHI,,GNB,L 20-38,14.54,14.54,16.5,15.5,74,100.0,0,0.0,0,0.0,QB,FielJu00
888,Jordan Love,14.54,50,Thu,13,14,2024-12-05,26-033,GNB,@,DET,L 31-34,14.54,14.54,14.5,14.5,50,100.0,0,0.0,0,0.0,QB,LoveJo03
889,Daniel Jones,14.52,64,Thu,11,12,2022-11-24,25-181,NYG,@,DAL,L 20-28,14.52,14.52,14.5,14.5,64,100.0,0,0.0,0,0.0,QB,JoneDa05
890,Bryce Young,14.50,67,Sun,7,8,2023-10-29,22-096,CAR,,HOU,W 15-13,14.50,14.50,14.5,14.5,67,100.0,0,0.0,0,0.0,QB,YounBr01
891,Sam Ehlinger,14.46,73,Sun,17,18,2023-01-08,24-100,IND,,HOU,L 31-32,14.46,14.46,16.5,16.5,73,100.0,0,0.0,0,0.0,QB,EhliSa00
892,Will Levis,14.46,63,Sun,14,15,2023-12-17,24-173,TEN,,HOU,L 16-19 (OT),14.46,14.46,15.5,15.5,63,100.0,0,0.0,0,0.0,QB,LeviWi00
893,Matthew Stafford,14.46,81,Sun,1,1,2023-09-10,35-215,LAR,@,SEA,W 30-13,14.46,14.46,17.5,14.5,81,100.0,0,0.0,0,0.0,QB,StafMa00
894,Russell Wilson,14.46,55,Sun,10,11,2023-11-19,34-355,DEN,,MIN,W 21-20,14.46,14.46,14.5,14.5,55,100.0,0,0.0,0,0.0,QB,WilsRu00
895,Taylor Heinicke,14.44,74,Sun,7,7,2022-10-23,29-222,WAS,,GNB,W 23-21,14.44,14.44,15.4,15.4,74,100.0,0,0.0,0,0.0,QB,HeinTa00
896,Justin Herbert,14.42,71,Sun,5,5,2022-10-09,24-213,LAC,@,CLE,W 30-28,14.42,14.42,14.4,14.4,71,100.0,0,0.0,0,0.0,QB,HerbJu00
897,Jacoby Brissett,14.40,67,Sun,5,5,2022-10-09,29-302,CLE,,LAC,L 28-30,14.40,14.40,15.4,15.4,67,100.0,0,0.0,0,0.0,QB,BrisJa00
898,Josh Allen,14.38,54,Mon,10,10,2023-11-13,27-176,BUF,,DEN,L 22-24,14.38,14.38,17.4,16.4,54,100.0,0,0.0,0,0.0,QB,AlleJo02
899,Dak Prescott,14.38,80,Thu,16,17,2022-12-29,29-153,DAL,@,TEN,W 27-13,14.38,14.38,17.4,16.4,80,100.0,0,0.0,0,0.0,QB,PresDa01
900,Mason Rudolph,14.38,61,Sun,15,16,2024-12-22,29-158,TEN,@,IND,L 30-38,14.38,14.38,17.4,17.4,61,100.0,0,0.0,0,0.0,QB,RudoMa00
901,C.J. Stroud,14.38,63,Sun,13,13,2024-12-01,23-059,HOU,@,JAX,W 23-20,14.38,14.38,14.4,14.4,63,100.0,0,0.0,0,0.0,QB,StroCJ00
902,Ryan Tannehill,14.38,54,Sun,4,4,2022-10-02,34-067,TEN,@,IND,W 24-17,14.38,14.38,14.4,14.4,54,100.0,0,0.0,0,0.0,QB,TannRy00
903,Joe Flacco,14.36,84,Sun,1,1,2022-09-11,37-238,NYJ,,BAL,L 9-24,14.36,14.36,18.4,15.4,84,100.0,0,0.0,0,0.0,QB,FlacJo00
904,Trevor Lawrence,14.36,68,Sun,3,3,2023-09-24,23-353,JAX,,HOU,L 17-37,14.36,14.36,15.4,15.4,68,93.2,0,0.0,0,0.0,QB,LawrTr00
905,Dak Prescott,14.36,81,Sun,3,3,2023-09-24,30-057,DAL,@,ARI,L 16-28,14.36,14.36,15.4,15.4,81,100.0,0,0.0,0,0.0,QB,PresDa01
906,Dak Prescott,14.34,63,Sun,4,4,2023-10-01,30-064,DAL,,NWE,W 38-3,14.34,14.34,14.3,14.3,63,90.0,0,0.0,0,0.0,QB,PresDa01
907,Taysom Hill,14.30,16,Sun,1,1,2022-09-11,32-019,NOR,@,ATL,W 27-26,14.30,15.30,15.3,14.8,16,26.2,0,0.0,9,28.1,TE/QB,HillTa00
908,Brock Purdy,14.30,76,Sun,12,13,2022-12-04,22-342,SFO,,MIA,W 33-17,14.30,14.30,15.3,15.3,76,90.5,0,0.0,0,0.0,QB,PurdBr00
909,C.J. Stroud,14.30,62,Sun,2,2,2024-09-15,22-348,HOU,,CHI,W 19-13,14.30,14.30,14.3,14.3,62,100.0,0,0.0,0,0.0,QB,StroCJ00
910,Jared Goff,14.28,79,Sun,15,16,2023-12-24,29-071,DET,@,MIN,W 30-24,14.28,14.28,14.3,14.3,79,100.0,0,0.0,0,0.0,QB,GoffJa00
911,Russell Wilson,14.24,80,Sun,9,10,2022-11-13,33-349,DEN,@,TEN,L 10-17,14.24,14.24,15.2,15.2,80,100.0,0,0.0,0,0.0,QB,WilsRu00
912,Russell Wilson,14.24,62,Sun,3,3,2023-09-24,34-299,DEN,@,MIA,L 20-70,14.24,14.24,18.2,15.2,62,100.0,0,0.0,0,0.0,QB,WilsRu00
913,Baker Mayfield,14.20,31,Sun,9,9,2022-11-06,27-206,CAR,@,CIN,L 21-42,14.20,14.20,14.2,14.2,31,63.3,0,0.0,0,0.0,QB,MayfBa00
914,Baker Mayfield,14.20,61,Thu,13,14,2022-12-08,27-238,LAR,,LVR,W 17-16,14.20,14.20,14.2,14.2,61,95.3,0,0.0,0,0.0,QB,MayfBa00
915,Kyler Murray,14.18,61,Sun,1,1,2024-09-08,27-032,ARI,@,BUF,L 28-34,14.18,14.18,15.2,14.2,61,100.0,0,0.0,0,0.0,QB,MurrKy00
916,Taylor Heinicke,14.16,64,Sun,15,16,2023-12-24,30-284,ATL,,IND,W 29-10,14.16,14.16,14.2,14.2,64,100.0,0,0.0,0,0.0,QB,HeinTa00
917,C.J. Stroud,14.16,58,Sun,5,5,2023-10-08,22-005,HOU,@,ATL,L 19-21,14.16,14.16,14.2,14.2,58,100.0,0,0.0,0,0.0,QB,StroCJ00
918,C.J. Stroud,14.16,63,Sun,6,6,2023-10-15,22-012,HOU,,NOR,W 20-13,14.16,14.16,15.2,15.2,63,100.0,0,0.0,0,0.0,QB,StroCJ00
919,Andy Dalton,14.14,47,Sun,14,15,2022-12-18,35-050,NOR,,ATL,W 21-18,14.14,14.14,14.1,14.1,47,85.5,0,0.0,0,0.0,QB,DaltAn00
920,Patrick Mahomes,14.14,54,Thu,1,1,2024-09-05,28-354,KAN,,BAL,W 27-20,14.14,15.14,16.1,15.6,54,100.0,0,0.0,0,0.0,QB,MahoPa00
921,Patrick Mahomes,14.10,69,Sun,13,14,2024-12-08,29-082,KAN,,LAC,W 19-17,14.10,14.10,14.1,14.1,69,100.0,0,0.0,0,0.0,QB,MahoPa00
922,Gardner Minshew II,14.10,61,Sun,13,14,2023-12-10,27-208,IND,@,CIN,L 14-34,14.10,14.10,15.1,15.1,61,95.3,0,0.0,0,0.0,QB,MinsGa00
923,Jared Goff,14.08,68,Sun,14,15,2022-12-18,28-065,DET,@,NYJ,W 20-17,14.08,14.08,14.1,14.1,68,100.0,0,0.0,0,0.0,QB,GoffJa00
924,Bo Nix,14.06,63,Thu,7,7,2024-10-17,24-235,DEN,@,NOR,W 33-10,14.06,14.06,14.1,14.1,63,96.9,0,0.0,0,0.0,QB,NixxBo00
925,Mitchell Trubisky,14.06,68,Sun,14,15,2022-12-18,28-120,PIT,@,CAR,W 24-16,14.06,14.06,14.1,14.1,68,100.0,0,0.0,0,0.0,QB,TrubMi00
926,Caleb Williams,14.06,49,Sun,13,14,2024-12-08,23-020,CHI,@,SFO,L 13-38,14.06,14.06,15.1,14.1,49,92.5,0,0.0,0,0.0,QB,WillCa03
927,Matthew Stafford,14.04,68,Sun,7,7,2023-10-22,35-257,LAR,,PIT,L 17-24,14.04,14.04,15.0,15.0,68,100.0,0,0.0,0,0.0,QB,StafMa00
928,Jared Goff,14.02,70,Thu,1,1,2023-09-07,28-328,DET,@,KAN,W 21-20,14.02,14.02,14.0,14.0,70,100.0,0,0.0,0,0.0,QB,GoffJa00
929,Jordan Love,14.00,63,Sun,16,17,2024-12-29,26-057,GNB,@,MIN,L 25-27,14.00,14.00,14.0,14.0,63,100.0,0,0.0,0,0.0,QB,LoveJo03
930,Aaron Rodgers,14.00,68,Sun,12,13,2024-12-01,40-365,NYJ,,SEA,L 21-26,14.00,14.00,15.0,15.0,68,100.0,0,0.0,0,0.0,QB,RodgAa00
931,Matthew Stafford,13.98,80,Sun,2,2,2023-09-17,35-222,LAR,,SFO,L 23-30,13.98,13.98,19.0,16.0,80,100.0,0,0.0,0,0.0,QB,StafMa00
932,Tua Tagovailoa,13.98,65,Sun,4,4,2023-10-01,25-213,MIA,@,BUF,L 20-48,13.98,13.98,15.0,15.0,65,100.0,0,0.0,0,0.0,QB,TagoTu00
933,Gardner Minshew II,13.96,51,Sun,3,3,2024-09-22,28-129,LVR,,CAR,L 22-36,13.96,13.96,15.0,15.0,51,79.7,0,0.0,0,0.0,QB,MinsGa00
934,Brock Purdy,13.96,70,Sun,2,2,2024-09-15,24-263,SFO,@,MIN,L 17-23,13.96,13.96,19.0,15.0,70,100.0,0,0.0,0,0.0,QB,PurdBr00
935,Jeff Driskel,13.94,53,Sun,17,18,2024-01-07,30-259,CLE,@,CIN,L 14-31,13.94,13.94,15.9,15.9,53,100.0,0,0.0,0,0.0,QB,DrisJe00
936,Colt McCoy,13.92,66,Sun,10,10,2022-11-13,36-069,ARI,@,LAR,W 27-17,13.92,13.92,13.9,13.9,66,97.1,0,0.0,0,0.0,QB,McCoCo00
937,Aidan O'Connell,13.92,58,Sun,12,12,2023-11-26,25-086,LVR,,KAN,L 17-31,13.92,13.92,13.9,13.9,58,100.0,0,0.0,0,0.0,QB,OConAi00
938,Tyrod Taylor,13.92,23,Sun,16,17,2024-12-29,35-148,NYJ,@,BUF,L 14-40,13.92,13.92,13.9,13.9,23,36.5,0,0.0,0,0.0,QB,TaylTy00
939,Zach Wilson,13.92,66,Sun,9,10,2023-11-12,24-101,NYJ,@,LVR,L 12-16,13.92,13.92,14.9,14.9,66,100.0,0,0.0,0,0.0,QB,WilsZa00
940,Kenny Pickett,13.90,73,Sun,17,18,2023-01-08,24-216,PIT,,CLE,W 28-14,13.90,13.90,13.9,13.9,73,100.0,0,0.0,0,0.0,QB,PickKe00
941,Jared Goff,13.88,78,Sun,3,3,2022-09-25,27-346,DET,@,MIN,L 24-28,13.88,13.88,14.9,14.9,78,100.0,0,0.0,0,0.0,QB,GoffJa00
942,Mac Jones,13.88,67,Sun,15,16,2024-12-22,26-108,JAX,@,LVR,L 14-19,13.88,13.88,13.9,13.9,67,100.0,0,0.0,0,0.0,QB,JoneMa05
943,Josh Allen,13.86,59,Sun,6,6,2023-10-15,27-147,BUF,,NYG,W 14-9,13.86,13.86,14.9,14.9,59,96.7,0,0.0,0,0.0,QB,AlleJo02
944,Jacoby Brissett,13.86,16,Sun,14,15,2023-12-17,31-006,WAS,@,LAR,L 20-28,13.86,13.86,13.9,13.9,16,26.7,0,0.0,0,0.0,QB,BrisJa00
945,Jimmy Garoppolo,13.86,50,Mon,4,4,2022-10-03,30-335,SFO,,LAR,W 24-9,13.86,13.86,13.9,13.9,50,100.0,0,0.0,0,0.0,QB,GaroJi00
946,Marcus Mariota,13.86,57,Sun,12,12,2022-11-27,29-028,ATL,@,WAS,L 13-19,13.86,13.86,14.9,14.9,57,100.0,0,0.0,0,0.0,QB,MariMa01
947,Geno Smith,13.86,58,Sun,7,8,2023-10-29,33-019,SEA,,CLE,W 24-20,13.86,13.86,15.9,15.9,58,100.0,0,0.0,0,0.0,QB,SmitGe00
948,Russell Wilson,13.86,59,Sun,7,7,2023-10-22,34-327,DEN,,GNB,W 19-17,13.86,13.86,13.9,13.9,59,100.0,0,0.0,0,0.0,QB,WilsRu00
949,Tyler Huntley,13.84,57,Sat,17,18,2024-01-06,25-337,BAL,,PIT,L 10-17,13.84,13.84,13.8,13.8,57,100.0,0,0.0,0,0.0,QB,HuntTy01
950,Davis Mills,13.84,57,Sun,4,4,2022-10-02,23-346,HOU,,LAC,L 24-34,13.84,13.84,15.8,15.8,57,100.0,0,0.0,0,0.0,QB,MillDa02
951,Jordan Love,13.82,72,Sun,8,9,2023-11-05,25-003,GNB,,LAR,W 20-3,13.82,13.82,13.8,13.8,72,100.0,0,0.0,0,0.0,QB,LoveJo03
952,Cooper Rush,13.82,60,Mon,13,14,2024-12-09,31-018,DAL,,CIN,L 20-27,13.82,13.82,14.8,14.8,60,100.0,0,0.0,0,0.0,QB,RushCo00
953,Russell Wilson,13.82,58,Mon,6,6,2022-10-17,33-322,DEN,@,LAC,L 16-19 (OT),13.82,13.82,13.8,13.8,58,100.0,0,0.0,0,0.0,QB,WilsRu00
954,Russell Wilson,13.82,66,Mon,8,8,2024-10-28,35-334,PIT,,NYG,W 26-18,13.82,13.82,14.8,13.8,66,100.0,0,0.0,0,0.0,QB,WilsRu00
955,Joe Burrow,13.80,54,Sun,6,6,2023-10-15,26-309,CIN,,SEA,W 17-13,13.80,13.80,14.8,14.8,54,100.0,0,0.0,0,0.0,QB,BurrJo01
956,Derek Carr,13.80,58,Sun,1,1,2022-09-11,31-167,LVR,@,LAC,L 19-24,13.80,13.80,16.8,16.8,58,100.0,0,0.0,0,0.0,QB,CarrDe02
957,Justin Herbert,13.80,51,Sun,14,15,2024-12-15,26-280,LAC,,TAM,L 17-40,13.80,13.80,14.8,14.8,51,98.1,0,0.0,0,0.0,QB,HerbJu00
958,Desmond Ridder,13.80,65,Sun,7,7,2023-10-22,24-052,ATL,@,TAM,W 16-13,13.80,13.80,16.8,13.8,65,100.0,0,0.0,0,0.0,QB,RiddDe00
959,Tua Tagovailoa,13.80,45,Sun,12,13,2022-12-04,24-277,MIA,@,SFO,L 17-33,13.80,13.80,16.8,15.8,45,97.8,0,0.0,0,0.0,QB,TagoTu00
960,Russell Wilson,13.80,62,Thu,11,12,2024-11-21,35-358,PIT,@,CLE,L 19-24,13.80,13.80,14.8,13.8,62,89.9,0,0.0,0,0.0,QB,WilsRu00
961,Russell Wilson,13.78,61,Sun,8,8,2022-10-30,33-335,DEN,@,JAX,W 21-17,13.78,13.78,14.8,14.8,61,100.0,0,0.0,0,0.0,QB,WilsRu00
962,Geno Smith,13.76,60,Sun,6,7,2023-10-22,33-012,SEA,,ARI,W 20-10,13.76,13.76,15.8,14.8,60,100.0,0,0.0,0,0.0,QB,SmitGe00
963,Jarrett Stidham,13.76,70,Sat,17,18,2023-01-07,26-152,LVR,,KAN,L 13-31,13.76,13.76,15.8,14.8,70,100.0,0,0.0,0,0.0,QB,StidJa00
964,Andy Dalton,13.74,57,Sun,4,4,2022-10-02,34-338,NOR,,MIN,L 25-28,13.74,13.74,14.7,13.7,57,95.0,0,0.0,0,0.0,QB,DaltAn00
965,Jared Goff,13.74,62,Sun,10,11,2023-11-19,29-036,DET,,CHI,W 31-26,13.74,13.74,16.7,16.7,62,100.0,0,0.0,0,0.0,QB,GoffJa00
966,Daniel Jones,13.74,72,Mon,3,3,2022-09-26,25-122,NYG,,DAL,L 16-23,13.74,13.74,14.7,14.7,72,100.0,0,0.0,0,0.0,QB,JoneDa05
967,Mac Jones,13.74,74,Sun,2,2,2023-09-17,25-012,NWE,,MIA,L 17-24,13.74,13.74,14.7,14.7,74,100.0,0,0.0,0,0.0,QB,JoneMa05
968,Trevor Siemian,13.74,73,Thu,16,17,2023-12-28,32-002,NYJ,@,CLE,L 20-37,13.74,13.74,14.7,14.7,73,100.0,0,0.0,0,0.0,QB,SiemTr00
969,Tom Brady,13.72,72,Sun,6,6,2022-10-16,45-074,TAM,@,PIT,L 18-20,13.72,13.72,13.7,13.7,72,100.0,0,0.0,0,0.0,QB,BradTo00
970,Justin Herbert,13.72,59,Sun,13,14,2024-12-08,26-273,LAC,@,KAN,L 17-19,13.72,13.72,13.7,13.7,59,98.3,0,0.0,0,0.0,QB,HerbJu00
971,Justin Herbert,13.68,78,Sun,5,6,2024-10-13,26-217,LAC,@,DEN,W 23-16,13.68,13.68,13.7,13.7,78,100.0,0,0.0,0,0.0,QB,HerbJu00
972,Aaron Rodgers,13.68,66,Sun,13,13,2022-12-04,39-002,GNB,@,CHI,W 28-19,13.68,13.68,13.7,13.7,66,100.0,0,0.0,0,0.0,QB,RodgAa00
973,Joe Flacco,13.66,70,Sun,6,6,2024-10-13,39-271,IND,@,TEN,W 20-17,13.66,13.66,14.7,14.7,70,100.0,0,0.0,0,0.0,QB,FlacJo00
974,Taylor Heinicke,13.66,64,Sun,9,9,2022-11-06,29-236,WAS,,MIN,L 17-20,13.66,13.66,14.7,14.7,64,100.0,0,0.0,0,0.0,QB,HeinTa00
975,Dak Prescott,13.66,71,Sun,13,14,2022-12-11,29-135,DAL,,HOU,W 27-23,13.66,13.66,15.7,15.7,71,100.0,0,0.0,0,0.0,QB,PresDa01
976,Justin Fields,13.64,58,Sun,1,1,2022-09-11,23-190,CHI,,SFO,W 19-10,13.64,13.64,14.6,14.6,58,100.0,0,0.0,0,0.0,QB,FielJu00
977,Patrick Mahomes,13.64,66,Sun,13,14,2023-12-10,28-084,KAN,,BUF,L 17-20,13.64,13.64,14.6,14.6,66,100.0,0,0.0,0,0.0,QB,MahoPa00
978,Aaron Rodgers,13.64,74,Sun,9,9,2022-11-06,38-339,GNB,@,DET,L 9-15,13.64,13.64,16.6,16.6,74,100.0,0,0.0,0,0.0,QB,RodgAa00
979,Dak Prescott,13.62,62,Sun,7,8,2024-10-27,31-090,DAL,@,SFO,L 24-30,13.62,13.62,15.6,15.6,62,100.0,0,0.0,0,0.0,QB,PresDa01
980,Geno Smith,13.62,70,Sun,17,18,2023-01-08,32-090,SEA,,LAR,W 19-16 (OT),13.62,13.62,15.6,15.6,70,100.0,0,0.0,0,0.0,QB,SmitGe00
981,Will Levis,13.60,54,Sun,3,3,2024-09-22,25-087,TEN,,GNB,L 14-30,13.60,13.60,16.6,15.6,54,100.0,0,0.0,0,0.0,QB,LeviWi00
982,Cooper Rush,13.60,61,Sun,2,2,2022-09-18,28-301,DAL,,CIN,W 20-17,13.60,13.60,13.6,13.6,61,100.0,0,0.0,0,0.0,QB,RushCo00
983,David Blough,13.58,74,Sun,16,17,2023-01-01,27-154,ARI,@,ATL,L 19-20,13.58,13.58,13.6,13.6,74,100.0,0,0.0,0,0.0,QB,BlouDa00
984,Jarrett Stidham,13.56,69,Sun,16,17,2023-12-31,27-145,DEN,,LAC,W 16-9,13.56,13.56,13.6,13.6,69,100.0,0,0.0,0,0.0,QB,StidJa00
985,Bryce Young,13.56,61,Sun,8,8,2024-10-27,23-094,CAR,@,DEN,L 14-28,13.56,13.56,15.6,15.6,61,100.0,0,0.0,0,0.0,QB,YounBr01
986,Derek Carr,13.54,55,Sun,6,7,2022-10-23,31-209,LVR,,HOU,W 38-20,13.54,13.54,13.5,13.5,55,98.2,0,0.0,0,0.0,QB,CarrDe02
987,Tommy DeVito,13.54,57,Sun,10,10,2023-11-12,25-097,NYG,@,DAL,L 17-49,13.54,13.54,14.5,14.5,57,100.0,0,0.0,0,0.0,QB,DeViTo00
988,Daniel Jones,13.52,65,Sun,6,6,2022-10-16,25-142,NYG,,BAL,W 24-20,13.52,13.52,14.5,13.5,65,100.0,0,0.0,0,0.0,QB,JoneDa05
989,Bryce Young,13.52,59,Mon,2,2,2023-09-18,22-055,CAR,,NOR,L 17-20,13.52,13.52,14.5,13.5,59,98.3,0,0.0,0,0.0,QB,YounBr01
990,Bo Nix,13.50,63,Sun,14,15,2024-12-15,24-294,DEN,,IND,W 31-13,13.50,13.50,16.5,16.5,63,100.0,0,0.0,0,0.0,QB,NixxBo00
991,Joe Burrow,13.48,53,Mon,8,8,2022-10-31,25-325,CIN,@,CLE,L 13-32,13.48,13.48,15.5,14.5,53,100.0,0,0.0,0,0.0,QB,BurrJo01
992,Drake Maye,13.48,69,Sun,12,12,2024-11-24,22-086,NWE,@,MIA,L 15-34,13.48,13.48,15.5,14.5,69,100.0,0,0.0,0,0.0,QB,MayeDr00
993,Jameis Winston,13.46,57,Thu,11,12,2024-11-21,30-320,CLE,,PIT,W 24-19,13.46,13.46,15.5,14.5,57,98.3,0,0.0,0,0.0,QB,WinsJa00
994,Derek Carr,13.44,78,Sun,9,9,2024-11-03,33-220,NOR,@,CAR,L 22-23,13.44,13.44,13.4,13.4,78,98.7,0,0.0,0,0.0,QB,CarrDe02
995,Jayden Daniels,13.44,71,Sun,2,2,2024-09-15,23-272,WAS,,NYG,W 21-18,13.44,13.44,13.4,13.4,71,98.6,0,0.0,0,0.0,QB,DaniJa02
996,Jayden Daniels,13.44,66,Thu,11,11,2024-11-14,23-332,WAS,@,PHI,L 18-26,13.44,13.44,14.4,14.4,66,100.0,0,0.0,0,0.0,QB,DaniJa02
997,Patrick Mahomes,13.44,84,Mon,5,5,2024-10-07,29-020,KAN,,NOR,W 26-13,13.44,13.44,17.4,14.4,84,100.0,0,0.0,0,0.0,QB,MahoPa00
998,Marcus Mariota,13.44,61,Sun,2,2,2022-09-18,28-323,ATL,@,LAR,L 27-31,13.44,13.44,16.4,15.4,61,100.0,0,0.0,0,0.0,QB,MariMa01
999,Jake Browning,13.40,64,Sat,15,16,2023-12-23,27-256,CIN,@,PIT,L 11-34,13.40,13.40,19.4,16.4,64,100.0,0,0.0,0,0.0,QB,BrowJa08
1000,Taysom Hill,13.40,28,Sun,12,13,2023-12-03,33-102,NOR,,DET,L 28-33,13.40,15.40,15.4,14.4,28,41.8,0,0.0,15,50.0,TE/QB,HillTa00
1001,Trevor Lawrence,13.40,70,Sun,1,1,2022-09-11,22-340,JAX,@,WAS,L 22-28,13.40,13.40,14.4,14.4,70,100.0,0,0.0,0,0.0,QB,LawrTr00
1002,Justin Herbert,13.38,66,Sun,11,12,2023-11-26,25-261,LAC,,BAL,L 10-20,13.38,13.38,15.4,14.4,66,100.0,0,0.0,0,0.0,QB,HerbJu00
1003,Anthony Richardson,13.38,76,Sun,14,15,2024-12-15,22-207,IND,@,DEN,L 13-31,13.38,14.38,16.4,15.9,76,100.0,0,0.0,0,0.0,QB,RichAn03
1004,Baker Mayfield,13.36,58,Sun,11,12,2023-11-26,28-226,TAM,@,IND,L 20-27,13.36,13.36,15.4,14.4,58,96.7,0,0.0,0,0.0,QB,MayfBa00
1005,Kyler Murray,13.36,83,Sun,3,3,2022-09-25,25-049,ARI,,LAR,L 12-20,13.36,13.36,16.4,13.4,83,100.0,0,0.0,0,0.0,QB,MurrKy00
1006,Mac Jones,13.34,72,Sun,3,3,2023-09-24,25-019,NWE,@,NYJ,W 15-10,13.34,13.34,13.3,13.3,72,100.0,0,0.0,0,0.0,QB,JoneMa05
1007,Kyler Murray,13.34,72,Sun,14,15,2023-12-17,26-132,ARI,,SFO,L 29-45,13.34,13.34,15.3,15.3,72,97.3,0,0.0,0,0.0,QB,MurrKy00
1008,Spencer Rattler,13.32,60,Sun,16,17,2024-12-29,24-092,NOR,,LVR,L 10-25,13.32,13.32,15.3,15.3,60,100.0,0,0.0,0,0.0,QB,RattSp00
1009,Aaron Rodgers,13.32,66,Sun,15,16,2022-12-25,39-023,GNB,@,MIA,W 26-20,13.32,13.32,14.3,14.3,66,100.0,0,0.0,0,0.0,QB,RodgAa00
1010,Geno Smith,13.32,64,Sun,13,14,2024-12-08,34-059,SEA,@,ARI,W 30-18,13.32,13.32,13.3,13.3,64,100.0,0,0.0,0,0.0,QB,SmitGe00
1011,Trevor Lawrence,13.30,60,Sun,2,2,2024-09-15,24-345,JAX,,CLE,L 13-18,13.30,13.30,13.3,13.3,60,100.0,0,0.0,0,0.0,QB,LawrTr00
1012,Baker Mayfield,13.30,58,Sun,2,2,2022-09-18,27-157,CAR,@,NYG,L 16-19,13.30,13.30,13.3,13.3,58,100.0,0,0.0,0,0.0,QB,MayfBa00
1013,Jimmy Garoppolo,13.28,70,Sun,11,12,2022-11-27,31-025,SFO,,NOR,W 13-0,13.28,13.28,13.3,13.3,70,100.0,0,0.0,0,0.0,QB,GaroJi00
1014,Kenny Pickett,13.28,65,Sun,12,13,2022-12-04,24-181,PIT,@,ATL,W 19-16,13.28,13.28,13.3,13.3,65,100.0,0,0.0,0,0.0,QB,PickKe00
1015,Andy Dalton,13.26,52,Mon,13,13,2022-12-05,35-037,NOR,@,TAM,L 16-17,13.26,13.26,13.3,13.3,52,88.1,0,0.0,0,0.0,QB,DaltAn00
1016,Taylor Heinicke,13.26,63,Sun,14,15,2022-12-18,29-278,WAS,,NYG,L 12-20,13.26,13.26,15.3,13.3,63,100.0,0,0.0,0,0.0,QB,HeinTa00
1017,Gardner Minshew II,13.26,56,Sun,16,17,2023-12-31,27-229,IND,,LVR,W 23-20,13.26,13.26,13.3,13.3,56,100.0,0,0.0,0,0.0,QB,MinsGa00
1018,Matthew Stafford,13.24,57,Sun,6,6,2023-10-15,35-250,LAR,,ARI,W 26-9,13.24,13.24,13.2,13.2,57,100.0,0,0.0,0,0.0,QB,StafMa00
1019,Patrick Mahomes,13.22,70,Sun,4,4,2023-10-01,28-014,KAN,@,NYJ,W 23-20,13.22,13.22,15.2,15.2,70,100.0,0,0.0,0,0.0,QB,MahoPa00
1020,Geno Smith,13.22,57,Sun,10,11,2023-11-19,33-040,SEA,@,LAR,L 16-17,13.22,13.22,13.2,13.2,57,87.7,0,0.0,0,0.0,QB,SmitGe00
1021,Sam Darnold,13.20,46,Sun,14,15,2022-12-18,25-196,CAR,,PIT,L 16-24,13.20,13.20,13.2,13.2,46,100.0,0,0.0,0,0.0,QB,DarnSa00
1022,Tyler Huntley,13.20,52,Sat,15,16,2022-12-24,24-324,BAL,,ATL,W 17-9,13.20,13.20,13.2,13.2,52,100.0,0,0.0,0,0.0,QB,HuntTy01
1023,Daniel Jones,13.14,73,Sun,2,2,2022-09-18,25-114,NYG,,CAR,W 19-16,13.14,13.14,13.1,13.1,73,100.0,0,0.0,0,0.0,QB,JoneDa05
1024,Jacoby Brissett,13.10,79,Sun,11,12,2022-11-27,29-351,CLE,,TAM,W 23-17 (OT),13.10,13.10,14.1,14.1,79,100.0,0,0.0,0,0.0,QB,BrisJa00
1025,Geno Smith,13.10,71,Sun,7,7,2022-10-23,32-013,SEA,@,LAC,W 37-23,13.10,13.10,15.1,14.1,71,100.0,0,0.0,0,0.0,QB,SmitGe00
1026,Gardner Minshew II,13.08,84,Sun,3,3,2023-09-24,27-131,IND,@,BAL,W 22-19 (OT),13.08,13.08,13.1,13.1,84,100.0,0,0.0,0,0.0,QB,MinsGa00
1027,Jarrett Stidham,13.08,61,Sun,17,18,2024-01-07,27-152,DEN,@,LVR,L 14-27,13.08,13.08,14.1,14.1,61,100.0,0,0.0,0,0.0,QB,StidJa00
1028,Lamar Jackson,13.06,70,Sun,4,4,2022-10-02,25-268,BAL,,BUF,L 20-23,13.06,13.06,15.1,15.1,70,100.0,0,0.0,0,0.0,QB,JackLa00
1029,Brock Purdy,13.06,64,Sun,5,5,2024-10-06,24-284,SFO,,ARI,L 23-24,13.06,13.06,15.1,15.1,64,100.0,0,0.0,0,0.0,QB,PurdBr00
1030,Aaron Rodgers,13.04,57,Sun,7,7,2024-10-20,40-323,NYJ,@,PIT,L 15-37,13.04,13.04,15.0,15.0,57,100.0,0,0.0,0,0.0,QB,RodgAa00
1031,Ryan Tannehill,13.04,45,Sun,12,13,2022-12-04,34-130,TEN,@,PHI,L 10-35,13.04,13.04,13.0,13.0,45,81.8,0,0.0,0,0.0,QB,TannRy00
1032,Lamar Jackson,13.02,54,Sun,10,10,2023-11-12,26-309,BAL,,CLE,L 31-33,13.02,13.02,15.0,15.0,54,100.0,0,0.0,0,0.0,QB,JackLa00
1033,Kirk Cousins,13.00,38,Sun,17,18,2023-01-08,34-142,MIN,@,CHI,W 29-13,13.00,13.00,13.0,13.0,38,53.5,0,0.0,0,0.0,QB,CousKi00
1034,Patrick Mahomes,13.00,67,Sun,12,13,2023-12-03,28-077,KAN,@,GNB,L 19-27,13.00,13.00,14.0,14.0,67,100.0,0,0.0,0,0.0,QB,MahoPa00
1035,Patrick Mahomes,13.00,62,Sun,4,4,2024-09-29,29-012,KAN,@,LAC,W 17-10,13.00,13.00,14.0,14.0,62,100.0,0,0.0,0,0.0,QB,MahoPa00
1036,Joe Burrow,12.98,74,Sat,17,18,2025-01-04,28-025,CIN,@,PIT,W 19-17,12.98,12.98,14.0,14.0,74,100.0,0,0.0,0,0.0,QB,BurrJo01
1037,Anthony Richardson,12.98,55,Sun,12,12,2024-11-24,22-186,IND,,DET,L 6-24,12.98,12.98,13.0,13.0,55,100.0,0,0.0,0,0.0,QB,RichAn03
1038,Malik Willis,12.98,70,Sun,2,2,2024-09-15,25-113,GNB,,IND,W 16-10,12.98,12.98,13.0,13.0,70,100.0,0,0.0,0,0.0,QB,WillMa12
1039,Gardner Minshew II,12.96,55,Sun,16,17,2023-01-01,26-230,PHI,,NOR,L 10-20,12.96,12.96,14.0,14.0,55,100.0,0,0.0,0,0.0,QB,MinsGa00
1040,Tua Tagovailoa,12.96,53,Sun,14,15,2023-12-17,25-290,MIA,,NYJ,W 30-0,12.96,12.96,13.0,13.0,53,86.9,0,0.0,0,0.0,QB,TagoTu00
1041,Patrick Mahomes,12.94,65,Sun,2,2,2024-09-15,28-364,KAN,,CIN,W 26-25,12.94,12.94,14.9,14.9,65,100.0,0,0.0,0,0.0,QB,MahoPa00
1042,Gardner Minshew II,12.94,63,Sun,2,2,2024-09-15,28-122,LVR,@,BAL,W 26-23,12.94,12.94,13.9,13.9,63,100.0,0,0.0,0,0.0,QB,MinsGa00
1043,Kirk Cousins,12.92,72,Sun,4,4,2022-10-02,34-044,MIN,@,NOR,W 28-25,12.92,12.92,13.9,13.9,72,100.0,0,0.0,0,0.0,QB,CousKi00
1044,Dak Prescott,12.92,67,Sun,2,2,2024-09-15,31-048,DAL,,NOR,L 19-44,12.92,12.92,14.9,14.9,67,95.7,0,0.0,0,0.0,QB,PresDa01
1045,C.J. Stroud,12.92,58,Sun,16,17,2023-12-31,22-089,HOU,,TEN,W 26-3,12.92,12.92,12.9,12.9,58,95.1,0,0.0,0,0.0,QB,StroCJ00
1046,C.J. Stroud,12.90,58,Sun,7,8,2023-10-29,22-026,HOU,@,CAR,L 13-15,12.90,12.90,12.9,12.9,58,100.0,0,0.0,0,0.0,QB,StroCJ00
1047,Tyson Bagent,12.88,68,Sun,7,7,2023-10-22,23-136,CHI,,LVR,W 30-12,12.88,12.88,12.9,12.9,68,95.8,0,0.0,0,0.0,QB,BageTy00
1048,Joe Burrow,12.86,55,Sun,8,8,2024-10-27,27-322,CIN,,PHI,L 17-37,12.86,12.86,13.9,13.9,55,94.8,0,0.0,0,0.0,QB,BurrJo01
1049,Mitchell Trubisky,12.86,52,Sat,14,15,2023-12-16,29-118,PIT,@,IND,L 13-30,12.86,12.86,14.9,14.9,52,89.7,0,0.0,0,0.0,QB,TrubMi00
1050,Aaron Rodgers,12.84,69,Sun,15,16,2024-12-22,41-020,NYJ,,LAR,L 9-19,12.84,12.84,13.8,12.8,69,100.0,0,0.0,0,0.0,QB,RodgAa00
1051,Matthew Stafford,12.84,58,Sun,3,3,2024-09-22,36-228,LAR,,SFO,W 27-24,12.84,12.84,12.8,12.8,58,100.0,0,0.0,0,0.0,QB,StafMa00
1052,Taysom Hill,12.80,52,Thu,7,7,2023-10-19,33-057,NOR,,JAX,L 24-31,12.80,16.80,16.8,14.8,52,57.8,0,0.0,10,31.3,TE/QB,HillTa00
1053,Brock Purdy,12.78,53,Mon,7,7,2023-10-23,23-300,SFO,@,MIN,L 17-22,12.78,12.78,14.8,14.8,53,100.0,0,0.0,0,0.0,QB,PurdBr00
1054,Mac Jones,12.70,69,Sun,17,18,2025-01-05,26-122,JAX,@,IND,L 23-26 (OT),12.70,12.70,13.7,13.7,69,100.0,0,0.0,0,0.0,QB,JoneMa05
1055,Ryan Tannehill,12.70,66,Sun,4,4,2023-10-01,35-066,TEN,,CIN,W 27-3,12.70,12.70,13.7,13.7,66,100.0,0,0.0,0,0.0,QB,TannRy00
1056,Jared Goff,12.68,86,Mon,8,8,2023-10-30,29-016,DET,,LVR,W 26-14,12.68,12.68,13.7,13.7,86,100.0,0,0.0,0,0.0,QB,GoffJa00
1057,Mac Jones,12.68,68,Sun,2,2,2022-09-18,24-013,NWE,@,PIT,W 17-14,12.68,12.68,13.7,13.7,68,100.0,0,0.0,0,0.0,QB,JoneMa05
1058,Geno Smith,12.68,68,Sun,6,6,2022-10-16,32-006,SEA,,ARI,W 19-9,12.68,12.68,12.7,12.7,68,100.0,0,0.0,0,0.0,QB,SmitGe00
1059,Bryce Young,12.68,69,Sun,6,6,2023-10-15,22-082,CAR,@,MIA,L 21-42,12.68,12.68,12.7,12.7,69,100.0,0,0.0,0,0.0,QB,YounBr01
1060,Kenny Pickett,12.66,68,Sat,15,16,2022-12-24,24-201,PIT,,LVR,W 13-10,12.66,12.66,13.7,13.7,68,100.0,0,0.0,0,0.0,QB,PickKe00
1061,Mitchell Trubisky,12.66,63,Sun,1,1,2022-09-11,28-022,PIT,@,CIN,W 23-20 (OT),12.66,12.66,12.7,12.7,63,100.0,0,0.0,0,0.0,QB,TrubMi00
1062,Deshaun Watson,12.64,65,Sat,14,15,2022-12-17,27-094,CLE,,BAL,W 13-3,12.64,12.64,12.6,12.6,65,98.5,0,0.0,0,0.0,QB,WatsDe00
1063,Derek Carr,12.60,44,Mon,5,5,2024-10-07,33-193,NOR,@,KAN,L 13-26,12.60,12.60,13.6,13.6,44,83.0,0,0.0,0,0.0,QB,CarrDe02
1064,Tua Tagovailoa,12.60,51,Sun,13,14,2022-12-11,24-284,MIA,@,LAC,L 17-23,12.60,12.60,12.6,12.6,51,100.0,0,0.0,0,0.0,QB,TagoTu00
1065,Josh Allen,12.58,65,Sun,10,11,2022-11-20,26-183,BUF,,CLE,W 31-23,12.58,12.58,12.6,12.6,65,100.0,0,0.0,0,0.0,QB,AlleJo02
1066,Justin Herbert,12.58,61,Sun,3,3,2022-09-25,24-199,LAC,,JAX,L 10-38,12.58,12.58,14.6,13.6,61,100.0,0,0.0,0,0.0,QB,HerbJu00
1067,Matthew Stafford,12.58,62,Sun,16,17,2023-12-31,35-327,LAR,@,NYG,W 26-25,12.58,12.58,17.6,14.6,62,100.0,0,0.0,0,0.0,QB,StafMa00
1068,Taysom Hill,12.56,31,Sun,16,17,2023-01-01,32-131,NOR,@,PHI,W 20-10,12.56,13.56,13.6,13.1,31,44.9,0,0.0,14,53.8,TE/QB,HillTa00
1069,Ryan Tannehill,12.54,57,Sun,11,12,2022-11-27,34-123,TEN,,CIN,L 16-20,12.54,12.54,12.5,12.5,57,100.0,0,0.0,0,0.0,QB,TannRy00
1070,Bryce Young,12.54,71,Sun,13,14,2024-12-08,23-136,CAR,@,PHI,L 16-22,12.54,12.54,13.5,13.5,71,100.0,0,0.0,0,0.0,QB,YounBr01
1071,Will Levis,12.52,40,Sun,10,11,2023-11-19,24-145,TEN,@,JAX,L 14-34,12.52,12.52,13.5,12.5,40,100.0,0,0.0,0,0.0,QB,LeviWi00
1072,Kirk Cousins,12.50,70,Sun,6,6,2024-10-13,36-055,ATL,@,CAR,W 38-20,12.50,12.50,12.5,12.5,70,100.0,0,0.0,0,0.0,QB,CousKi00
1073,Jalen Hurts,12.50,66,Sun,1,1,2023-09-10,25-034,PHI,@,NWE,W 25-20,12.50,12.50,13.5,12.5,66,100.0,0,0.0,0,0.0,QB,HurtJa00
1074,Mac Jones,12.50,54,Thu,12,13,2022-12-01,24-087,NWE,,BUF,L 10-24,12.50,12.50,12.5,12.5,54,100.0,0,0.0,0,0.0,QB,JoneMa05
1075,Tua Tagovailoa,12.50,67,Sun,15,16,2024-12-22,26-295,MIA,,SFO,W 29-17,12.50,12.50,12.5,12.5,67,100.0,0,0.0,0,0.0,QB,TagoTu00
1076,Geno Smith,12.48,78,Thu,6,6,2024-10-10,34-000,SEA,,SFO,L 24-36,12.48,12.48,17.5,14.5,78,100.0,0,0.0,0,0.0,QB,SmitGe00
1077,Geno Smith,12.44,64,Sun,12,13,2024-12-01,34-052,SEA,@,NYJ,W 26-21,12.44,12.44,12.4,12.4,64,100.0,0,0.0,0,0.0,QB,SmitGe00
1078,Spencer Rattler,12.42,70,Sun,6,6,2024-10-13,24-015,NOR,,TAM,L 27-51,12.42,12.42,14.4,14.4,70,100.0,0,0.0,0,0.0,QB,RattSp00
1079,Tua Tagovailoa,12.42,63,Sun,9,9,2023-11-05,25-248,MIA,@,KAN,L 14-21,12.42,12.42,12.4,12.4,63,100.0,0,0.0,0,0.0,QB,TagoTu00
1080,Ryan Tannehill,12.42,55,Sun,17,18,2024-01-07,35-164,TEN,,JAX,W 28-20,12.42,12.42,13.4,13.4,55,100.0,0,0.0,0,0.0,QB,TannRy00
1081,Taylor Heinicke,12.40,37,Sun,8,8,2023-10-29,30-228,ATL,@,TEN,L 23-28,12.40,12.40,12.4,12.4,37,54.4,0,0.0,0,0.0,QB,HeinTa00
1082,Cooper Rush,12.40,64,Mon,3,3,2022-09-26,28-309,DAL,@,NYG,W 23-16,12.40,12.40,12.4,12.4,64,100.0,0,0.0,0,0.0,QB,RushCo00
1083,Matthew Stafford,12.40,78,Sun,5,5,2024-10-06,36-242,LAR,,GNB,L 19-24,12.40,12.40,13.4,13.4,78,100.0,0,0.0,0,0.0,QB,StafMa00
1084,C.J. Stroud,12.40,71,Sun,8,8,2024-10-27,23-024,HOU,,IND,W 23-20,12.40,12.40,13.4,12.4,71,100.0,0,0.0,0,0.0,QB,StroCJ00
1085,Daniel Jones,12.38,61,Sun,5,5,2022-10-09,25-135,NYG,@,GNB,W 27-22,12.38,12.38,12.4,12.4,61,100.0,0,0.0,0,0.0,QB,JoneDa05
1086,Trey Lance,12.36,78,Sun,17,18,2025-01-05,24-241,DAL,,WAS,L 19-23,12.36,12.36,12.4,12.4,78,100.0,0,0.0,0,0.0,QB,LancTr00
1087,Kenny Pickett,12.36,66,Sun,5,5,2023-10-08,25-124,PIT,,BAL,W 17-10,12.36,12.36,12.4,12.4,66,100.0,0,0.0,0,0.0,QB,PickKe00
1088,Geno Smith,12.36,64,Sun,11,12,2024-11-24,34-045,SEA,,ARI,W 16-6,12.36,12.36,13.4,13.4,64,100.0,0,0.0,0,0.0,QB,SmitGe00
1089,Dak Prescott,12.32,47,Sun,8,9,2024-11-03,31-097,DAL,@,ATL,L 21-27,12.32,12.32,12.3,12.3,47,61.0,0,0.0,0,0.0,QB,PresDa01
1090,Kenny Pickett,12.30,31,Sun,4,4,2022-10-02,24-118,PIT,,NYJ,L 20-24,12.30,12.30,15.3,15.3,31,48.4,0,0.0,0,0.0,QB,PickKe00
1091,Dak Prescott,12.28,63,Sun,7,7,2022-10-23,29-086,DAL,,DET,W 24-6,12.28,12.28,12.3,12.3,63,100.0,0,0.0,0,0.0,QB,PresDa01
1092,Tua Tagovailoa,12.26,63,Sun,2,2,2023-09-17,25-199,MIA,@,NWE,W 24-17,12.26,12.26,13.3,13.3,63,100.0,0,0.0,0,0.0,QB,TagoTu00
1093,Mac Jones,12.24,53,Sun,8,8,2023-10-29,25-054,NWE,@,MIA,L 17-31,12.24,12.24,13.2,13.2,53,100.0,0,0.0,0,0.0,QB,JoneMa05
1094,Deshaun Watson,12.24,59,Sun,4,4,2024-09-29,29-015,CLE,@,LVR,L 16-20,12.24,12.24,13.2,13.2,59,100.0,0,0.0,0,0.0,QB,WatsDe00
1095,Daniel Jones,12.20,75,Sun,10,10,2024-11-10,27-167,NYG,@,CAR,L 17-20 (OT),12.20,12.20,14.2,14.2,75,100.0,0,0.0,0,0.0,QB,JoneDa05
1096,Geno Smith,12.20,76,Sat,15,16,2022-12-24,32-075,SEA,@,KAN,L 10-24,12.20,12.20,13.2,13.2,76,100.0,0,0.0,0,0.0,QB,SmitGe00
1097,Bo Nix,12.16,66,Mon,13,13,2024-12-02,24-281,DEN,,CLE,W 41-32,12.16,12.16,14.2,14.2,66,100.0,0,0.0,0,0.0,QB,NixxBo00
1098,Kenny Pickett,12.16,69,Mon,11,12,2022-11-28,24-175,PIT,@,IND,W 24-17,12.16,12.16,12.2,12.2,69,100.0,0,0.0,0,0.0,QB,PickKe00
1099,Drew Lock,12.12,61,Mon,14,15,2023-12-18,27-038,SEA,,PHI,W 20-17,12.12,12.12,12.1,12.1,61,100.0,0,0.0,0,0.0,QB,LockDr00
1100,Justin Herbert,12.10,69,Sun,8,9,2022-11-06,24-241,LAC,@,ATL,W 20-17,12.10,12.10,13.1,13.1,69,100.0,0,0.0,0,0.0,QB,HerbJu00
1101,Zach Wilson,12.10,64,Sun,7,8,2023-10-29,24-087,NYJ,@,NYG,W 13-10 (OT),12.10,12.10,14.1,12.1,64,100.0,0,0.0,0,0.0,QB,WilsZa00
1102,Kenny Pickett,12.08,75,Sun,5,5,2022-10-09,24-125,PIT,@,BUF,L 3-38,12.08,12.08,16.1,13.1,75,100.0,0,0.0,0,0.0,QB,PickKe00
1103,Patrick Mahomes,12.06,70,Sun,6,7,2024-10-20,29-033,KAN,@,SFO,W 28-18,12.06,12.06,14.1,14.1,70,100.0,0,0.0,0,0.0,QB,MahoPa00
1104,Marcus Mariota,12.06,47,Sun,7,7,2022-10-23,28-358,ATL,@,CIN,L 17-35,12.06,12.06,12.1,12.1,47,100.0,0,0.0,0,0.0,QB,MariMa01
1105,Bailey Zappe,12.06,53,Sun,16,17,2023-12-31,24-249,NWE,@,BUF,L 21-27,12.06,12.06,15.1,15.1,53,100.0,0,0.0,0,0.0,QB,ZappBa00
1106,Justin Herbert,12.04,55,Sun,9,10,2022-11-13,24-248,LAC,@,SFO,L 16-22,12.04,12.04,13.0,13.0,55,94.8,0,0.0,0,0.0,QB,HerbJu00
1107,Bryce Young,12.04,60,Sun,10,10,2024-11-10,23-108,CAR,,NYG,W 20-17 (OT),12.04,12.04,12.0,12.0,60,100.0,0,0.0,0,0.0,QB,YounBr01
1108,Mason Rudolph,12.02,69,Sun,16,17,2024-12-29,29-165,TEN,@,JAX,L 13-20,12.02,12.02,13.0,13.0,69,100.0,0,0.0,0,0.0,QB,RudoMa00
1109,Patrick Mahomes,12.00,54,Sun,16,17,2023-12-31,28-105,KAN,,CIN,W 25-17,12.00,12.00,13.0,12.0,54,100.0,0,0.0,0,0.0,QB,MahoPa00
1110,Jake Browning,11.98,43,Sun,11,12,2023-11-26,27-229,CIN,,PIT,L 10-16,11.98,11.98,13.0,13.0,43,100.0,0,0.0,0,0.0,QB,BrowJa08
1111,Lamar Jackson,11.98,65,Sun,8,8,2023-10-29,26-295,BAL,@,ARI,W 31-24,11.98,11.98,12.0,12.0,65,100.0,0,0.0,0,0.0,QB,JackLa00
1112,Derek Carr,11.96,63,Sun,13,14,2024-12-08,33-255,NOR,@,NYG,W 14-11,11.96,11.96,13.0,13.0,63,92.6,0,0.0,0,0.0,QB,CarrDe02
1113,Davis Mills,11.96,60,Thu,8,9,2022-11-03,24-013,HOU,,PHI,L 17-29,11.96,11.96,14.0,14.0,60,100.0,0,0.0,0,0.0,QB,MillDa02
1114,Kyler Murray,11.96,58,Sun,6,6,2024-10-13,27-067,ARI,@,GNB,L 13-34,11.96,11.96,13.0,12.0,58,100.0,0,0.0,0,0.0,QB,MurrKy00
1115,Bryce Young,11.96,55,Sun,14,15,2024-12-15,23-143,CAR,,DAL,L 14-30,11.96,11.96,16.0,14.0,55,100.0,0,0.0,0,0.0,QB,YounBr01
1116,Justin Fields,11.94,68,Sun,1,1,2024-09-08,25-187,PIT,@,ATL,W 18-10,11.94,11.94,11.9,11.9,68,100.0,0,0.0,0,0.0,QB,FielJu00
1117,Easton Stick,11.90,65,Sun,16,17,2023-12-31,28-107,LAC,@,DEN,L 9-16,11.90,11.90,11.9,11.9,65,100.0,0,0.0,0,0.0,QB,SticEa00
1118,Tyler Huntley,11.84,60,Mon,4,4,2024-09-30,26-240,MIA,,TEN,L 12-31,11.84,11.84,12.8,11.8,60,100.0,0,0.0,0,0.0,QB,HuntTy01
1119,Aaron Rodgers,11.84,69,Sun,6,6,2022-10-16,38-318,GNB,,NYJ,L 10-27,11.84,11.84,12.8,11.8,69,94.5,0,0.0,0,0.0,QB,RodgAa00
1120,Kirk Cousins,11.82,68,Sun,12,13,2022-12-04,34-107,MIN,,NYJ,W 27-22,11.82,11.82,11.8,11.8,68,100.0,0,0.0,0,0.0,QB,CousKi00
1121,Matthew Stafford,11.82,65,Sun,6,6,2022-10-16,34-251,LAR,,CAR,W 24-10,11.82,11.82,12.8,12.8,65,100.0,0,0.0,0,0.0,QB,StafMa00
1122,Sam Darnold,11.80,72,Sun,13,14,2022-12-11,25-189,CAR,@,SEA,W 30-24,11.80,11.80,11.8,11.8,72,100.0,0,0.0,0,0.0,QB,DarnSa00
1123,Daniel Jones,11.80,79,Sun,6,6,2024-10-13,27-139,NYG,,CIN,L 7-17,11.80,11.80,12.8,12.8,79,100.0,0,0.0,0,0.0,QB,JoneDa05
1124,Will Levis,11.80,36,Sun,17,18,2025-01-05,25-192,TEN,,HOU,L 14-23,11.80,11.80,12.8,11.8,36,58.1,0,0.0,0,0.0,QB,LeviWi00
1125,Kyler Murray,11.80,68,Sun,13,13,2023-12-03,26-118,ARI,@,PIT,W 24-10,11.80,11.80,11.8,11.8,68,100.0,0,0.0,0,0.0,QB,MurrKy00
1126,Cooper Rush,11.80,76,Thu,12,13,2024-11-28,31-007,DAL,,NYG,W 27-20,11.80,11.80,11.8,11.8,76,100.0,0,0.0,0,0.0,QB,RushCo00
1127,Deshaun Watson,11.80,70,Sat,15,16,2022-12-24,27-101,CLE,,NOR,L 10-17,11.80,11.80,12.8,12.8,70,100.0,0,0.0,0,0.0,QB,WatsDe00
1128,Drake Maye,11.76,64,Sun,10,10,2024-11-10,22-072,NWE,@,CHI,W 19-3,11.76,11.76,12.8,12.8,64,100.0,0,0.0,0,0.0,QB,MayeDr00
1129,Aaron Rodgers,11.76,72,Sun,5,5,2024-10-06,40-309,NYJ,@,MIN,L 17-23,11.76,11.76,14.8,14.8,72,100.0,0,0.0,0,0.0,QB,RodgAa00
1130,Tom Brady,11.70,67,Sun,7,7,2022-10-23,45-081,TAM,@,CAR,L 3-21,11.70,11.70,11.7,11.7,67,100.0,0,0.0,0,0.0,QB,BradTo00
1131,Gardner Minshew II,11.70,64,Sun,11,12,2024-11-24,28-192,LVR,,DEN,L 19-29,11.70,11.70,12.7,12.7,64,83.1,0,0.0,0,0.0,QB,MinsGa00
1132,Mac Jones,11.66,78,Sun,8,8,2022-10-30,24-055,NWE,@,NYJ,W 22-17,11.66,11.66,12.7,12.7,78,100.0,0,0.0,0,0.0,QB,JoneMa05
1133,C.J. Stroud,11.64,50,Sun,14,15,2024-12-15,23-073,HOU,,MIA,W 20-12,11.64,11.64,12.6,11.6,50,100.0,0,0.0,0,0.0,QB,StroCJ00
1134,Kenny Pickett,11.62,71,Sun,11,12,2023-11-26,25-173,PIT,@,CIN,W 16-10,11.62,11.62,11.6,11.6,71,100.0,0,0.0,0,0.0,QB,PickKe00
1135,Joe Burrow,11.60,66,Sun,16,18,2023-01-08,26-029,CIN,,BAL,W 27-16,11.60,11.60,12.6,11.6,66,100.0,0,0.0,0,0.0,QB,BurrJo01
1136,Taysom Hill,11.60,25,Sat,15,16,2022-12-24,32-123,NOR,@,CLE,W 17-10,11.60,11.60,11.6,11.6,25,46.3,0,0.0,15,68.2,TE/QB,HillTa00
1137,Aaron Rodgers,11.60,74,Sun,4,4,2024-09-29,40-302,NYJ,,DEN,L 9-10,11.60,11.60,11.6,11.6,74,100.0,0,0.0,0,0.0,QB,RodgAa00
1138,Deshaun Watson,11.60,87,Mon,2,2,2023-09-18,28-004,CLE,@,PIT,L 22-26,11.60,11.60,14.6,12.6,87,100.0,0,0.0,0,0.0,QB,WatsDe00
1139,C.J. Stroud,11.54,79,Thu,9,9,2024-10-31,23-028,HOU,@,NYJ,L 13-21,11.54,11.54,12.5,11.5,79,100.0,0,0.0,0,0.0,QB,StroCJ00
1140,Ryan Tannehill,11.54,64,Sun,5,5,2022-10-09,34-074,TEN,@,WAS,W 21-17,11.54,11.54,11.5,11.5,64,100.0,0,0.0,0,0.0,QB,TannRy00
1141,Derek Carr,11.52,75,Sun,4,4,2022-10-02,31-188,LVR,,DEN,W 32-23,11.52,11.52,11.5,11.5,75,100.0,0,0.0,0,0.0,QB,CarrDe02
1142,Drake Maye,11.52,20,Sun,8,8,2024-10-27,22-058,NWE,,NYJ,W 25-22,11.52,11.52,11.5,11.5,20,29.9,0,0.0,0,0.0,QB,MayeDr00
1143,Russell Wilson,11.52,61,Sat,17,18,2025-01-04,36-036,PIT,,CIN,L 17-19,11.52,11.52,11.5,11.5,61,100.0,0,0.0,0,0.0,QB,WilsRu00
1144,Anthony Richardson,11.50,63,Sun,8,8,2024-10-27,22-158,IND,@,HOU,L 20-23,11.50,11.50,13.5,12.5,63,98.4,0,0.0,0,0.0,QB,RichAn03
1145,Lamar Jackson,11.48,57,Sun,9,9,2023-11-05,26-302,BAL,,SEA,W 37-3,11.48,11.48,12.5,11.5,57,75.0,0,0.0,0,0.0,QB,JackLa00
1146,Will Levis,11.48,66,Sun,2,2,2024-09-15,25-080,TEN,,NYJ,L 17-24,11.48,11.48,13.5,12.5,66,100.0,0,0.0,0,0.0,QB,LeviWi00
1147,Jordan Love,11.48,60,Mon,15,16,2024-12-23,26-051,GNB,,NOR,W 34-0,11.48,11.48,11.5,11.5,60,87.0,0,0.0,0,0.0,QB,LoveJo03
1148,Aidan O'Connell,11.48,74,Sun,15,16,2024-12-22,26-112,LVR,,JAX,W 19-14,11.48,11.48,11.5,11.5,74,100.0,0,0.0,0,0.0,QB,OConAi00
1149,Caleb Williams,11.48,60,Sun,4,4,2024-09-29,22-316,CHI,,LAR,W 24-18,11.48,11.48,11.5,11.5,60,100.0,0,0.0,0,0.0,QB,WillCa03
1150,Will Levis,11.46,85,Sun,12,13,2023-12-03,24-159,TEN,,IND,L 28-31 (OT),11.46,11.46,12.5,11.5,85,100.0,0,0.0,0,0.0,QB,LeviWi00
1151,Dak Prescott,11.46,62,Sun,1,1,2024-09-08,31-041,DAL,@,CLE,W 33-17,11.46,11.46,11.5,11.5,62,98.4,0,0.0,0,0.0,QB,PresDa01
1152,Mason Rudolph,11.46,72,Sun,16,17,2023-12-31,28-167,PIT,@,SEA,W 30-23,11.46,11.46,11.5,11.5,72,100.0,0,0.0,0,0.0,QB,RudoMa00
1153,Matthew Stafford,11.46,55,Mon,3,3,2023-09-25,35-230,LAR,@,CIN,L 16-19,11.46,11.46,13.5,13.5,55,100.0,0,0.0,0,0.0,QB,StafMa00
1154,Dorian Thompson-Robinson,11.46,52,Sun,11,12,2023-11-26,24-012,CLE,@,DEN,L 12-29,11.46,11.46,11.5,11.5,52,71.2,0,0.0,0,0.0,QB,ThomDo02
1155,Tua Tagovailoa,11.44,40,Sun,3,3,2022-09-25,24-207,MIA,,BUF,W 21-19,11.44,11.44,11.4,11.4,40,93.0,0,0.0,0,0.0,QB,TagoTu00
1156,Taylor Heinicke,11.42,62,Sun,12,12,2022-11-27,29-257,WAS,,ATL,W 19-13,11.42,11.42,12.4,12.4,62,100.0,0,0.0,0,0.0,QB,HeinTa00
1157,Mitchell Trubisky,11.42,59,Sun,2,2,2022-09-18,28-029,PIT,,NWE,L 14-17,11.42,11.42,12.4,12.4,59,100.0,0,0.0,0,0.0,QB,TrubMi00
1158,Jared Goff,11.40,75,Thu,4,4,2023-09-28,28-349,DET,@,GNB,W 34-20,11.40,11.40,12.4,12.4,75,100.0,0,0.0,0,0.0,QB,GoffJa00
1159,Justin Fields,11.38,66,Sun,2,2,2024-09-15,25-194,PIT,@,DEN,W 13-6,11.38,11.38,11.4,11.4,66,100.0,0,0.0,0,0.0,QB,FielJu00
1160,Jared Goff,11.38,62,Sun,8,9,2022-11-06,28-023,DET,,GNB,W 15-9,11.38,11.38,12.4,12.4,62,100.0,0,0.0,0,0.0,QB,GoffJa00
1161,Jared Goff,11.38,61,Sun,1,1,2024-09-08,29-330,DET,,LAR,W 26-20 (OT),11.38,11.38,12.4,12.4,61,100.0,0,0.0,0,0.0,QB,GoffJa00
1162,Matthew Stafford,11.38,42,Sun,8,8,2023-10-29,35-264,LAR,@,DAL,L 20-43,11.38,11.38,12.4,12.4,42,67.7,0,0.0,0,0.0,QB,StafMa00
1163,Geno Smith,11.36,64,Sun,3,3,2024-09-22,33-348,SEA,,MIA,W 24-3,11.36,11.36,13.4,13.4,64,100.0,0,0.0,0,0.0,QB,SmitGe00
1164,Tom Brady,11.34,81,Sun,15,16,2022-12-25,45-144,TAM,@,ARI,W 19-16 (OT),11.34,11.34,13.3,13.3,81,100.0,0,0.0,0,0.0,QB,BradTo00
1165,Taysom Hill,11.34,27,Mon,13,13,2022-12-05,32-104,NOR,@,TAM,L 16-17,11.34,13.34,13.3,12.3,27,45.8,0,0.0,11,40.7,TE/QB,HillTa00
1166,Trevor Lawrence,11.28,53,Sun,1,1,2024-09-08,24-338,JAX,@,MIA,L 17-20,11.28,11.28,11.3,11.3,53,100.0,0,0.0,0,0.0,QB,LawrTr00
1167,Matt Ryan,11.28,79,Sat,14,15,2022-12-17,37-214,IND,@,MIN,L 36-39 (OT),11.28,11.28,11.3,11.3,79,100.0,0,0.0,0,0.0,QB,RyanMa00
1168,Case Keenum,11.26,76,Sun,14,15,2023-12-17,35-303,HOU,@,TEN,W 19-16 (OT),11.26,11.26,12.3,12.3,76,98.7,0,0.0,0,0.0,QB,KeenCa00
1169,Sam Darnold,11.24,77,Mon,14,15,2024-12-16,27-194,MIN,,CHI,W 30-12,11.24,11.24,12.2,12.2,77,100.0,0,0.0,0,0.0,QB,DarnSa00
1170,Michael Penix,11.22,64,Sun,16,17,2024-12-29,24-235,ATL,@,WAS,L 24-30 (OT),11.22,11.22,12.2,12.2,64,100.0,0,0.0,0,0.0,QB,PeniMi00
1171,Aaron Rodgers,11.20,60,Sun,17,18,2023-01-08,39-037,GNB,,DET,L 16-20,11.20,11.20,12.2,12.2,60,100.0,0,0.0,0,0.0,QB,RodgAa00
1172,Tyson Bagent,11.18,66,Sun,8,8,2023-10-29,23-143,CHI,@,LAC,L 13-30,11.18,11.18,13.2,13.2,66,100.0,0,0.0,0,0.0,QB,BageTy00
1173,Josh Allen,11.16,59,Sun,15,16,2024-12-22,28-215,BUF,,NWE,W 24-21,11.16,11.16,12.2,12.2,59,100.0,0,0.0,0,0.0,QB,AlleJo02
1174,Justin Herbert,11.16,56,Sun,4,4,2024-09-29,26-203,LAC,,KAN,L 10-17,11.16,11.16,11.2,11.2,56,100.0,0,0.0,0,0.0,QB,HerbJu00
1175,Gardner Minshew II,11.14,39,Sun,2,2,2023-09-17,27-124,IND,@,HOU,W 31-20,11.14,11.14,11.1,11.1,39,68.4,0,0.0,0,0.0,QB,MinsGa00
1176,Desmond Ridder,11.12,67,Mon,14,15,2024-12-16,25-107,LVR,,ATL,L 9-15,11.12,11.12,13.1,13.1,67,100.0,0,0.0,0,0.0,QB,RiddDe00
1177,Kirk Cousins,11.10,61,Sun,3,3,2024-09-22,36-034,ATL,,KAN,L 17-22,11.10,11.10,12.1,12.1,61,100.0,0,0.0,0,0.0,QB,CousKi00
1178,Mac Jones,11.10,64,Sun,9,9,2023-11-05,25-061,NWE,,WAS,L 17-20,11.10,11.10,12.1,12.1,64,100.0,0,0.0,0,0.0,QB,JoneMa05
1179,Aidan O'Connell,11.08,63,Sun,6,6,2024-10-13,26-042,LVR,,PIT,L 13-32,11.08,11.08,12.1,12.1,63,100.0,0,0.0,0,0.0,QB,OConAi00
1180,Russell Wilson,11.06,72,Sun,2,2,2022-09-18,33-293,DEN,,HOU,W 16-9,11.06,11.06,12.1,12.1,72,100.0,0,0.0,0,0.0,QB,WilsRu00
1181,Andy Dalton,11.04,51,Sun,17,18,2023-01-08,35-071,NOR,,CAR,L 7-10,11.04,11.04,11.0,11.0,51,85.0,0,0.0,0,0.0,QB,DaltAn00
1182,Geno Smith,11.04,74,Sun,5,6,2023-10-15,33-005,SEA,@,CIN,L 13-17,11.04,11.04,16.0,13.0,74,100.0,0,0.0,0,0.0,QB,SmitGe00
1183,Bo Nix,11.02,69,Sun,1,1,2024-09-08,24-196,DEN,@,SEA,L 20-26,11.02,11.02,13.0,13.0,69,100.0,0,0.0,0,0.0,QB,NixxBo00
1184,Justin Herbert,11.00,69,Sun,2,2,2024-09-15,26-189,LAC,@,CAR,W 26-3,11.00,11.00,13.0,12.0,69,100.0,0,0.0,0,0.0,QB,HerbJu00
1185,Cooper Rush,11.00,30,Sun,8,9,2024-11-03,30-348,DAL,@,ATL,L 21-27,11.00,11.00,11.0,11.0,30,39.0,0,0.0,0,0.0,QB,RushCo00
1186,Jalen Hurts,10.94,72,Sun,3,3,2024-09-22,26-046,PHI,@,NOR,W 15-12,10.94,10.94,15.9,11.9,72,100.0,0,0.0,0,0.0,QB,HurtJa00
1187,Zach Wilson,10.94,65,Sun,6,6,2023-10-15,24-073,NYJ,,PHI,W 20-14,10.94,10.94,10.9,10.9,65,100.0,0,0.0,0,0.0,QB,WilsZa00
1188,Jordan Love,10.92,65,Sun,9,9,2024-11-03,26-001,GNB,,DET,L 14-24,10.92,10.92,11.9,11.9,65,100.0,0,0.0,0,0.0,QB,LoveJo03
1189,Kenny Pickett,10.92,70,Sun,16,17,2023-01-01,24-209,PIT,@,BAL,W 16-13,10.92,10.92,10.9,10.9,70,100.0,0,0.0,0,0.0,QB,PickKe00
1190,Caleb Williams,10.92,62,Sun,17,18,2025-01-05,23-048,CHI,@,GNB,W 24-22,10.92,10.92,10.9,10.9,62,100.0,0,0.0,0,0.0,QB,WillCa03
1191,Andy Dalton,10.90,46,Mon,9,9,2022-11-07,35-009,NOR,,BAL,L 13-27,10.90,10.90,11.9,11.9,46,90.2,0,0.0,0,0.0,QB,DaltAn00
1192,Jacoby Brissett,10.88,80,Sun,1,1,2022-09-11,29-274,CLE,@,CAR,W 26-24,10.88,10.88,10.9,10.9,80,100.0,0,0.0,0,0.0,QB,BrisJa00
1193,Joe Flacco,10.88,64,Sun,10,10,2024-11-10,39-299,IND,,BUF,L 20-30,10.88,10.88,14.9,13.9,64,100.0,0,0.0,0,0.0,QB,FlacJo00
1194,C.J. Stroud,10.88,64,Mon,11,11,2024-11-18,23-046,HOU,@,DAL,W 34-10,10.88,10.88,11.9,11.9,64,100.0,0,0.0,0,0.0,QB,StroCJ00
1195,Derek Carr,10.86,63,Sun,11,12,2023-11-26,32-243,NOR,@,ATL,L 15-24,10.86,10.86,14.9,11.9,63,87.5,0,0.0,0,0.0,QB,CarrDe02
1196,Justin Herbert,10.86,63,Sun,6,7,2023-10-22,25-226,LAC,@,KAN,L 17-31,10.86,10.86,12.9,12.9,63,100.0,0,0.0,0,0.0,QB,HerbJu00
1197,Aaron Rodgers,10.86,71,Mon,14,15,2022-12-19,39-017,GNB,,LAR,W 24-12,10.86,10.86,11.9,11.9,71,100.0,0,0.0,0,0.0,QB,RodgAa00
1198,Jared Goff,10.84,69,Sat,16,17,2023-12-30,29-077,DET,@,DAL,L 19-20,10.84,10.84,12.8,12.8,69,100.0,0,0.0,0,0.0,QB,GoffJa00
1199,Teddy Bridgewater,10.82,39,Thu,4,4,2022-09-29,29-323,MIA,@,CIN,L 15-27,10.82,10.82,11.8,11.8,39,60.9,0,0.0,0,0.0,QB,BridTe00
1200,Gardner Minshew II,10.78,60,Sun,1,1,2024-09-08,28-115,LVR,@,LAC,L 10-22,10.78,10.78,12.8,11.8,60,100.0,0,0.0,0,0.0,QB,MinsGa00
1201,Derek Carr,10.76,50,Sun,13,14,2023-12-10,32-257,NOR,,CAR,W 28-6,10.76,10.76,11.8,11.8,50,96.2,0,0.0,0,0.0,QB,CarrDe02
1202,Tommy DeVito,10.76,58,Sun,11,12,2024-11-24,26-109,NYG,,TAM,L 7-30,10.76,10.76,10.8,10.8,58,98.3,0,0.0,0,0.0,QB,DeViTo00
1203,Jared Goff,10.76,72,Sun,11,12,2024-11-24,30-041,DET,@,IND,W 24-6,10.76,10.76,10.8,10.8,72,100.0,0,0.0,0,0.0,QB,GoffJa00
1204,Jake Browning,10.72,34,Thu,10,11,2023-11-16,27-219,CIN,@,BAL,L 20-34,10.72,10.72,10.7,10.7,34,55.7,0,0.0,0,0.0,QB,BrowJa08
1205,Jimmy Garoppolo,10.72,64,Mon,5,5,2023-10-09,31-341,LVR,,GNB,W 17-13,10.72,10.72,11.7,11.7,64,100.0,0,0.0,0,0.0,QB,GaroJi00
1206,Mike White,10.72,67,Sun,13,14,2022-12-11,27-261,NYJ,@,BUF,L 12-20,10.72,10.72,10.7,10.7,67,90.5,0,0.0,0,0.0,QB,WhitMi01
1207,Lamar Jackson,10.70,64,Sun,7,7,2022-10-23,25-289,BAL,,CLE,W 23-20,10.70,10.70,10.7,10.7,64,100.0,0,0.0,0,0.0,QB,JackLa00
1208,Baker Mayfield,10.70,61,Sun,3,3,2022-09-25,27-164,CAR,,NOR,W 22-14,10.70,10.70,10.7,10.7,61,100.0,0,0.0,0,0.0,QB,MayfBa00
1209,Ryan Tannehill,10.70,52,Sun,14,15,2022-12-18,34-144,TEN,@,LAC,L 14-17,10.70,10.70,11.7,11.7,52,83.9,0,0.0,0,0.0,QB,TannRy00
1210,Tommy DeVito,10.68,58,Sun,14,15,2023-12-17,25-132,NYG,@,NOR,L 6-24,10.68,10.68,10.7,10.7,58,93.5,0,0.0,0,0.0,QB,DeViTo00
1211,Russell Wilson,10.68,64,Sun,10,11,2022-11-20,33-356,DEN,,LVR,L 16-22 (OT),10.68,10.68,10.7,10.7,64,100.0,0,0.0,0,0.0,QB,WilsRu00
1212,Justin Fields,10.66,51,Sun,3,3,2023-09-24,24-203,CHI,@,KAN,L 10-41,10.66,10.66,11.7,11.7,51,100.0,0,0.0,0,0.0,QB,FielJu00
1213,Deshaun Watson,10.66,76,Sun,1,1,2024-09-08,28-360,CLE,,DAL,L 17-33,10.66,10.66,12.7,12.7,76,100.0,0,0.0,0,0.0,QB,WatsDe00
1214,P.J. Walker,10.62,77,Sun,7,8,2023-10-29,28-245,CLE,@,SEA,L 20-24,10.62,10.62,13.6,12.6,77,98.7,0,0.0,0,0.0,QB,WalkPh00
1215,Justin Fields,10.58,70,Mon,12,12,2023-11-27,24-267,CHI,@,MIN,W 12-10,10.58,10.58,12.6,10.6,70,100.0,0,0.0,0,0.0,QB,FielJu00
1216,Jacoby Brissett,10.56,68,Sun,2,2,2024-09-15,31-279,NWE,,SEA,L 20-23 (OT),10.56,10.56,10.6,10.6,68,100.0,0,0.0,0,0.0,QB,BrisJa00
1217,Zach Wilson,10.56,60,Sun,9,9,2022-11-06,23-095,NYJ,,BUF,W 20-17,10.56,10.56,11.6,10.6,60,100.0,0,0.0,0,0.0,QB,WilsZa00
1218,Marcus Mariota,10.52,37,Sun,17,18,2024-01-07,30-069,PHI,@,NYG,L 10-27,10.52,10.52,12.5,11.5,37,56.9,0,0.0,0,0.0,QB,MariMa01
1219,Matthew Stafford,10.50,57,Sun,8,9,2022-11-06,34-272,LAR,@,TAM,L 13-16,10.50,10.50,10.5,10.5,57,100.0,0,0.0,0,0.0,QB,StafMa00
1220,Andy Dalton,10.48,63,Sun,6,6,2022-10-16,34-352,NOR,,CIN,L 26-30,10.48,10.48,10.5,10.5,63,87.5,0,0.0,0,0.0,QB,DaltAn00
1221,Joshua Dobbs,10.48,65,Thu,16,17,2022-12-29,27-337,TEN,,DAL,L 13-27,10.48,10.48,12.5,11.5,65,100.0,0,0.0,0,0.0,QB,DobbJo00
1222,Trevor Siemian,10.48,90,Sun,15,16,2023-12-24,31-363,NYJ,,WAS,W 30-28,10.48,10.48,12.5,11.5,90,100.0,0,0.0,0,0.0,QB,SiemTr00
1223,Brock Purdy,10.46,66,Thu,11,12,2023-11-23,23-331,SFO,@,SEA,W 31-13,10.46,10.46,11.5,11.5,66,100.0,0,0.0,0,0.0,QB,PurdBr00
1224,Tua Tagovailoa,10.40,50,Sun,15,16,2022-12-25,24-298,MIA,,GNB,L 20-26,10.40,10.40,16.4,13.4,50,100.0,0,0.0,0,0.0,QB,TagoTu00
1225,Tyrod Taylor,10.40,77,Sun,6,6,2023-10-15,34-073,NYG,@,BUF,L 9-14,10.40,10.40,10.4,10.4,77,100.0,0,0.0,0,0.0,QB,TaylTy00
1226,Tom Brady,10.38,62,Sun,1,1,2022-09-11,45-039,TAM,@,DAL,W 19-3,10.38,10.38,11.4,11.4,62,100.0,0,0.0,0,0.0,QB,BradTo00
1227,Marcus Mariota,10.38,54,Sun,13,13,2022-12-04,29-035,ATL,,PIT,L 16-19,10.38,10.38,11.4,11.4,54,100.0,0,0.0,0,0.0,QB,MariMa01
1228,Joshua Dobbs,10.36,74,Sat,17,18,2023-01-07,27-346,TEN,@,JAX,L 16-20,10.36,10.36,12.4,11.4,74,98.7,0,0.0,0,0.0,QB,DobbJo00
1229,Justin Herbert,10.36,57,Sun,1,1,2024-09-08,26-182,LAC,,LVR,W 22-10,10.36,10.36,10.4,10.4,57,100.0,0,0.0,0,0.0,QB,HerbJu00
1230,Trevor Lawrence,10.34,75,Sun,5,5,2022-10-09,23-003,JAX,,HOU,L 6-13,10.34,10.34,12.3,12.3,75,100.0,0,0.0,0,0.0,QB,LawrTr00
1231,Baker Mayfield,10.34,71,Sun,10,11,2023-11-19,28-219,TAM,@,SFO,L 14-27,10.34,10.34,12.3,11.3,71,100.0,0,0.0,0,0.0,QB,MayfBa00
1232,Brock Purdy,10.34,71,Mon,1,1,2024-09-09,24-257,SFO,,NYJ,W 32-19,10.34,10.34,10.3,10.3,71,98.6,0,0.0,0,0.0,QB,PurdBr00
1233,Tua Tagovailoa,10.34,49,Sun,7,7,2023-10-22,25-234,MIA,@,PHI,L 17-31,10.34,10.34,11.3,11.3,49,100.0,0,0.0,0,0.0,QB,TagoTu00
1234,Matthew Stafford,10.32,65,Sun,5,5,2022-10-09,34-244,LAR,,DAL,L 10-22,10.32,10.32,16.3,11.3,65,100.0,0,0.0,0,0.0,QB,StafMa00
1235,Kyler Murray,10.30,58,Sun,11,12,2024-11-24,27-109,ARI,@,SEA,L 6-16,10.30,10.30,11.3,11.3,58,100.0,0,0.0,0,0.0,QB,MurrKy00
1236,Kenny Pickett,10.30,65,Thu,8,9,2023-11-02,25-149,PIT,,TEN,W 20-16,10.30,10.30,10.3,10.3,65,100.0,0,0.0,0,0.0,QB,PickKe00
1237,Kenny Pickett,10.28,54,Mon,2,2,2023-09-18,25-104,PIT,,CLE,W 26-22,10.28,10.28,11.3,11.3,54,100.0,0,0.0,0,0.0,QB,PickKe00
1238,Kenny Pickett,10.28,75,Sun,7,7,2022-10-23,24-139,PIT,@,MIA,L 10-16,10.28,10.28,13.3,13.3,75,100.0,0,0.0,0,0.0,QB,PickKe00
1239,Andy Dalton,10.26,49,Sun,12,12,2022-11-27,35-029,NOR,@,SFO,L 0-13,10.26,10.26,10.3,10.3,49,86.0,0,0.0,0,0.0,QB,DaltAn00
1240,Mitchell Trubisky,10.26,27,Sun,6,6,2022-10-16,28-057,PIT,,TAM,W 20-18,10.26,10.26,10.3,10.3,27,42.2,0,0.0,0,0.0,QB,TrubMi00
1241,Malik Willis,10.26,61,Sat,15,16,2022-12-24,23-213,TEN,,HOU,L 14-19,10.26,10.26,12.3,12.3,61,100.0,0,0.0,0,0.0,QB,WillMa12
1242,Kirk Cousins,10.24,78,Sun,10,10,2024-11-10,36-083,ATL,@,NOR,L 17-20,10.24,10.24,14.2,11.2,78,100.0,0,0.0,0,0.0,QB,CousKi00
1243,Tommy DeVito,10.24,52,Sun,12,12,2023-11-26,25-111,NYG,,NWE,W 10-7,10.24,10.24,11.2,10.2,52,100.0,0,0.0,0,0.0,QB,DeViTo00
1244,Taylor Heinicke,10.24,54,Sat,15,16,2022-12-24,29-284,WAS,@,SFO,L 20-37,10.24,10.24,12.2,11.2,54,74.0,0,0.0,0,0.0,QB,HeinTa00
1245,Colt McCoy,10.24,72,Mon,13,14,2022-12-12,36-098,ARI,,NWE,L 13-27,10.24,10.24,11.2,11.2,72,96.0,0,0.0,0,0.0,QB,McCoCo00
1246,Taysom Hill,10.20,24,Sun,14,15,2022-12-18,32-117,NOR,,ATL,W 21-18,10.20,10.20,10.2,10.2,24,43.6,0,0.0,15,68.2,TE/QB,HillTa00
1247,Baker Mayfield,10.20,78,Sun,12,13,2024-12-01,29-231,TAM,@,CAR,W 26-23 (OT),10.20,10.20,12.2,12.2,78,97.5,0,0.0,0,0.0,QB,MayfBa00
1248,Trevor Lawrence,10.18,49,Sat,17,18,2023-01-07,23-093,JAX,,TEN,W 20-16,10.18,10.18,11.2,10.2,49,100.0,0,0.0,0,0.0,QB,LawrTr00
1249,Justin Fields,10.16,62,Sun,4,4,2022-10-02,23-211,CHI,@,NYG,L 12-20,10.16,10.16,11.2,10.2,62,100.0,0,0.0,0,0.0,QB,FielJu00
1250,Matt Ryan,10.16,64,Mon,12,12,2022-11-28,37-195,IND,,PIT,L 17-24,10.16,10.16,12.2,11.2,64,100.0,0,0.0,0,0.0,QB,RyanMa00
1251,Matthew Stafford,10.16,48,Sun,3,3,2022-09-25,34-230,LAR,@,ARI,W 20-12,10.16,10.16,10.2,10.2,48,100.0,0,0.0,0,0.0,QB,StafMa00
1252,Mac Jones,10.14,63,Sun,10,11,2022-11-20,24-076,NWE,,NYJ,W 10-3,10.14,10.14,10.1,10.1,63,100.0,0,0.0,0,0.0,QB,JoneMa05
1253,Tom Brady,10.12,76,Sun,13,14,2022-12-11,45-130,TAM,@,SFO,L 7-35,10.12,10.12,12.1,12.1,76,100.0,0,0.0,0,0.0,QB,BradTo00
1254,Jacoby Brissett,10.12,60,Sun,7,7,2022-10-23,29-316,CLE,@,BAL,L 20-23,10.12,10.12,11.1,10.1,60,100.0,0,0.0,0,0.0,QB,BrisJa00
1255,Joshua Dobbs,10.10,76,Sun,6,6,2023-10-15,28-262,ARI,@,LAR,L 9-26,10.10,10.10,12.1,11.1,76,100.0,0,0.0,0,0.0,QB,DobbJo00
1256,Jameis Winston,10.10,79,Sun,9,9,2024-11-03,30-302,CLE,,LAC,L 10-27,10.10,10.10,13.1,13.1,79,100.0,0,0.0,0,0.0,QB,WinsJa00
1257,Kyler Murray,10.06,63,Sun,14,15,2024-12-15,27-130,ARI,,NWE,W 30-17,10.06,10.06,10.1,10.1,63,90.0,0,0.0,0,0.0,QB,MurrKy00
1258,Baker Mayfield,10.04,47,Mon,3,3,2023-09-25,28-164,TAM,,PHI,L 11-25,10.04,10.04,11.0,11.0,47,100.0,0,0.0,0,0.0,QB,MayfBa00
1259,Bailey Zappe,10.02,60,Sun,5,5,2022-10-09,23-166,NWE,,DET,W 29-0,10.02,10.02,11.0,11.0,60,100.0,0,0.0,0,0.0,QB,ZappBa00
1260,Kyler Murray,9.98,59,Sun,4,4,2024-09-29,27-053,ARI,,WAS,L 14-42,9.98,9.98,10.0,10.0,59,100.0,0,0.0,0,0.0,QB,MurrKy00
1261,Trey Lance,9.96,68,Sun,1,1,2022-09-11,22-125,SFO,@,CHI,L 10-19,9.96,9.96,11.0,11.0,68,100.0,0,0.0,0,0.0,QB,LancTr00
1262,Tanner McKee,9.96,21,Sun,16,17,2024-12-29,24-246,PHI,,DAL,W 41-7,9.96,9.96,10.0,10.0,21,32.3,0,0.0,0,0.0,QB,McKeTa01
1263,Trevor Siemian,9.96,57,Sun,12,12,2022-11-27,30-336,CHI,@,NYJ,L 10-31,9.96,9.96,11.0,11.0,57,100.0,0,0.0,0,0.0,QB,SiemTr00
1264,Lamar Jackson,9.94,70,Sun,5,5,2023-10-08,26-274,BAL,@,PIT,L 10-17,9.94,9.94,11.9,10.9,70,100.0,0,0.0,0,0.0,QB,JackLa00
1265,Caleb Williams,9.94,63,Sun,7,8,2024-10-27,22-344,CHI,@,WAS,L 15-18,9.94,9.94,10.9,9.9,63,100.0,0,0.0,0,0.0,QB,WillCa03
1266,Caleb Williams,9.94,64,Mon,14,15,2024-12-16,23-028,CHI,@,MIN,L 12-30,9.94,9.94,10.9,9.9,64,95.5,0,0.0,0,0.0,QB,WillCa03
1267,Davis Mills,9.92,52,Sat,15,16,2022-12-24,24-064,HOU,@,TEN,W 19-14,9.92,9.92,10.9,10.9,52,77.6,0,0.0,0,0.0,QB,MillDa02
1268,Matt Ryan,9.92,64,Sun,7,7,2022-10-23,37-159,IND,@,TEN,L 10-19,9.92,9.92,11.9,11.9,64,100.0,0,0.0,0,0.0,QB,RyanMa00
1269,Daniel Jones,9.90,63,Sun,14,15,2022-12-18,25-205,NYG,@,WAS,W 20-12,9.90,9.90,9.9,9.9,63,100.0,0,0.0,0,0.0,QB,JoneDa05
1270,Mason Rudolph,9.90,73,Sun,6,7,2024-10-20,29-095,TEN,@,BUF,L 10-34,9.90,9.90,11.9,10.9,73,100.0,0,0.0,0,0.0,QB,RudoMa00
1271,Andy Dalton,9.88,68,Sun,5,5,2022-10-09,34-345,NOR,,SEA,W 39-32,9.88,9.88,10.9,10.9,68,88.3,0,0.0,0,0.0,QB,DaltAn00
1272,Drake Maye,9.88,43,Sat,16,17,2024-12-28,22-120,NWE,,LAC,L 7-40,9.88,9.88,10.9,9.9,43,81.1,0,0.0,0,0.0,QB,MayeDr00
1273,Baker Mayfield,9.88,62,Sun,12,13,2023-12-03,28-233,TAM,,CAR,W 21-18,9.88,9.88,10.9,10.9,62,100.0,0,0.0,0,0.0,QB,MayfBa00
1274,Tyrod Taylor,9.88,12,Sun,13,14,2022-12-11,33-130,NYG,,PHI,L 22-48,9.88,9.88,10.9,9.9,12,18.8,0,0.0,0,0.0,QB,TaylTy00
1275,Justin Fields,9.86,58,Sat,15,16,2022-12-24,23-294,CHI,,BUF,L 13-35,9.86,9.86,9.9,9.9,58,92.1,0,0.0,0,0.0,QB,FielJu00
1276,Anthony Richardson,9.86,56,Sun,2,2,2024-09-15,22-116,IND,@,GNB,L 10-16,9.86,9.86,12.9,12.9,56,100.0,0,0.0,0,0.0,QB,RichAn03
1277,Aidan O'Connell,9.82,73,Sun,4,4,2023-10-01,25-030,LVR,@,LAC,L 17-24,9.82,9.82,12.8,10.8,73,100.0,0,0.0,0,0.0,QB,OConAi00
1278,Kyle Allen,9.80,61,Sun,11,12,2022-11-27,26-264,HOU,@,MIA,L 15-30,9.80,9.80,11.8,11.8,61,100.0,0,0.0,0,0.0,QB,AlleKy00
1279,Davis Mills,9.80,59,Sun,3,3,2022-09-25,23-339,HOU,@,CHI,L 20-23,9.80,9.80,11.8,11.8,59,100.0,0,0.0,0,0.0,QB,MillDa02
1280,C.J. Stroud,9.80,54,Sun,3,3,2024-09-22,22-355,HOU,@,MIN,L 7-34,9.80,9.80,11.8,11.8,54,80.6,0,0.0,0,0.0,QB,StroCJ00
1281,C.J. Stroud,9.78,68,Sun,10,10,2024-11-10,23-038,HOU,,DET,L 23-26,9.78,9.78,11.8,11.8,68,100.0,0,0.0,0,0.0,QB,StroCJ00
1282,Ryan Tannehill,9.78,66,Sun,15,16,2023-12-24,35-150,TEN,,SEA,L 17-20,9.78,9.78,9.8,9.8,66,100.0,0,0.0,0,0.0,QB,TannRy00
1283,Josh Allen,9.76,41,Thu,2,2,2024-09-12,28-114,BUF,@,MIA,W 31-10,9.76,9.76,9.8,9.8,41,91.1,0,0.0,0,0.0,QB,AlleJo02
1284,Kirk Cousins,9.76,74,Sun,13,14,2024-12-08,36-111,ATL,@,MIN,L 21-42,9.76,9.76,14.8,11.8,74,100.0,0,0.0,0,0.0,QB,CousKi00
1285,Davis Mills,9.76,56,Sun,10,11,2022-11-20,24-030,HOU,,WAS,L 10-23,9.76,9.76,11.8,11.8,56,100.0,0,0.0,0,0.0,QB,MillDa02
1286,Ryan Tannehill,9.76,60,Sun,5,5,2023-10-08,35-073,TEN,@,IND,L 16-23,9.76,9.76,10.8,10.8,60,100.0,0,0.0,0,0.0,QB,TannRy00
1287,Bryce Young,9.74,53,Sun,9,9,2024-11-03,23-101,CAR,,NOR,W 23-22,9.74,9.74,10.7,10.7,53,100.0,0,0.0,0,0.0,QB,YounBr01
1288,Desmond Ridder,9.72,62,Sun,11,12,2023-11-26,24-087,ATL,,NOR,W 24-15,9.72,9.72,11.7,11.7,62,100.0,0,0.0,0,0.0,QB,RiddDe00
1289,Matthew Stafford,9.72,70,Mon,9,10,2024-11-11,36-278,LAR,,MIA,L 15-23,9.72,9.72,10.7,10.7,70,100.0,0,0.0,0,0.0,QB,StafMa00
1290,Matthew Stafford,9.70,67,Sun,10,11,2023-11-19,35-285,LAR,,SEA,W 17-16,9.70,9.70,10.7,10.7,67,100.0,0,0.0,0,0.0,QB,StafMa00
1291,Mac Jones,9.68,63,Sun,9,9,2022-11-06,24-062,NWE,,IND,W 26-3,9.68,9.68,9.7,9.7,63,100.0,0,0.0,0,0.0,QB,JoneMa05
1292,Kenny Pickett,9.68,63,Sun,1,1,2023-09-10,25-096,PIT,,SFO,L 7-30,9.68,9.68,11.7,11.7,63,100.0,0,0.0,0,0.0,QB,PickKe00
1293,C.J. Stroud,9.68,77,Sun,1,1,2023-09-10,21-342,HOU,@,BAL,L 9-25,9.68,10.68,11.7,10.2,77,100.0,0,0.0,0,0.0,QB,StroCJ00
1294,Russell Wilson,9.66,53,Sun,12,13,2022-12-04,34-005,DEN,@,BAL,L 9-10,9.66,9.66,9.7,9.7,53,100.0,0,0.0,0,0.0,QB,WilsRu00
1295,Justin Fields,9.64,73,Sun,14,15,2023-12-17,24-287,CHI,@,CLE,L 17-20,9.64,9.64,11.6,11.6,73,100.0,0,0.0,0,0.0,QB,FielJu00
1296,Bryce Young,9.64,54,Sun,1,1,2024-09-08,23-045,CAR,@,NOR,L 10-47,9.64,9.64,11.6,11.6,54,91.5,0,0.0,0,0.0,QB,YounBr01
1297,Jared Goff,9.60,57,Sun,8,9,2024-11-03,30-020,DET,@,GNB,W 24-14,9.60,9.60,9.6,9.6,57,100.0,0,0.0,0,0.0,QB,GoffJa00
1298,Taylor Heinicke,9.60,49,Sun,10,10,2023-11-12,30-242,ATL,@,ARI,L 23-25,9.60,9.60,9.6,9.6,49,69.0,0,0.0,0,0.0,QB,HeinTa00
1299,Tyler Huntley,9.60,52,Sun,16,17,2023-01-01,24-332,BAL,,PIT,L 13-16,9.60,9.60,10.6,10.6,52,100.0,0,0.0,0,0.0,QB,HuntTy01
1300,Gardner Minshew II,9.58,61,Sun,9,9,2023-11-05,27-173,IND,@,CAR,W 27-13,9.58,9.58,9.6,9.6,61,100.0,0,0.0,0,0.0,QB,MinsGa00
1301,Kirk Cousins,9.56,48,Sun,4,4,2023-10-01,35-043,MIN,@,CAR,W 21-13,9.56,9.56,11.6,11.6,48,100.0,0,0.0,0,0.0,QB,CousKi00
1302,Gardner Minshew II,9.56,78,Sun,6,6,2023-10-15,27-152,IND,@,JAX,L 20-37,9.56,9.56,16.6,12.6,78,100.0,0,0.0,0,0.0,QB,MinsGa00
1303,Taysom Hill,9.54,24,Sun,16,17,2023-12-31,33-130,NOR,@,TAM,W 23-13,9.54,11.54,11.5,10.5,24,34.3,0,0.0,13,50.0,TE/QB,HillTa00
1304,Daniel Jones,9.54,69,Thu,4,4,2024-09-26,27-122,NYG,,DAL,L 15-20,9.54,9.54,10.5,10.5,69,100.0,0,0.0,0,0.0,QB,JoneDa05
1305,C.J. Beathard,9.52,57,Sun,16,17,2023-12-31,30-045,JAX,,CAR,W 26-0,9.52,9.52,9.5,9.5,57,90.5,0,0.0,0,0.0,QB,BeatC.00
1306,Desmond Ridder,9.52,71,Sat,15,16,2022-12-24,23-115,ATL,@,BAL,L 9-17,9.52,9.52,9.5,9.5,71,100.0,0,0.0,0,0.0,QB,RiddDe00
1307,Aaron Rodgers,9.50,39,Sun,12,12,2022-11-27,38-360,GNB,@,PHI,L 33-40,9.50,9.50,11.5,11.5,39,79.6,0,0.0,0,0.0,QB,RodgAa00
1308,Tyler Huntley,9.48,46,Sun,6,7,2024-10-20,26-260,MIA,@,IND,L 10-16,9.48,9.48,9.5,9.5,46,66.7,0,0.0,0,0.0,QB,HuntTy01
1309,Jared Goff,9.46,62,Sun,17,18,2023-01-08,28-086,DET,@,GNB,W 20-16,9.46,9.46,9.5,9.5,62,100.0,0,0.0,0,0.0,QB,GoffJa00
1310,Sam Howell,9.46,69,Sun,7,7,2023-10-22,23-036,WAS,@,NYG,L 7-14,9.46,9.46,10.5,10.5,69,100.0,0,0.0,0,0.0,QB,HoweSa00
1311,Trevor Lawrence,9.42,57,Mon,3,3,2024-09-23,24-353,JAX,@,BUF,L 10-47,9.42,9.42,10.4,10.4,57,80.3,0,0.0,0,0.0,QB,LawrTr00
1312,Tyrod Taylor,9.42,31,Mon,15,16,2023-12-25,34-144,NYG,@,PHI,L 25-33,9.42,9.42,10.4,10.4,31,49.2,0,0.0,0,0.0,QB,TaylTy00
1313,Tom Brady,9.40,67,Sun,2,2,2022-09-18,45-046,TAM,@,NOR,W 20-10,9.40,9.40,10.4,9.4,67,100.0,0,0.0,0,0.0,QB,BradTo00
1314,Spencer Rattler,9.40,34,Sun,14,15,2024-12-15,24-078,NOR,,WAS,L 19-20,9.40,9.40,9.4,9.4,34,61.8,0,0.0,0,0.0,QB,RattSp00
1315,Bailey Zappe,9.40,53,Sun,14,15,2023-12-17,24-235,NWE,,KAN,L 17-27,9.40,9.40,10.4,10.4,53,100.0,0,0.0,0,0.0,QB,ZappBa00
1316,Davis Mills,9.38,58,Sun,16,17,2023-01-01,24-072,HOU,,JAX,L 3-31,9.38,9.38,10.4,9.4,58,82.9,0,0.0,0,0.0,QB,MillDa02
1317,Jared Goff,9.36,75,Sun,7,7,2023-10-22,29-008,DET,@,BAL,L 6-38,9.36,9.36,10.4,10.4,75,100.0,0,0.0,0,0.0,QB,GoffJa00
1318,Trevor Lawrence,9.34,45,Sun,15,16,2023-12-24,24-079,JAX,@,TAM,L 12-30,9.34,9.34,12.3,11.3,45,68.2,0,0.0,0,0.0,QB,LawrTr00
1319,Nathan Peterman,9.26,38,Sun,17,18,2023-01-08,28-249,CHI,,MIN,L 13-29,9.26,9.26,9.3,9.3,38,74.5,0,0.0,0,0.0,QB,PeteNa00
1320,Jared Goff,9.24,68,Sun,17,18,2025-01-05,30-083,DET,,MIN,W 31-9,9.24,9.24,11.2,11.2,68,100.0,0,0.0,0,0.0,QB,GoffJa00
1321,Trevor Lawrence,9.24,67,Sun,2,2,2023-09-17,23-346,JAX,,KAN,L 9-17,9.24,9.24,10.2,9.2,67,100.0,0,0.0,0,0.0,QB,LawrTr00
1322,Mitchell Trubisky,9.24,48,Sun,17,18,2025-01-05,30-138,BUF,@,NWE,L 16-23,9.24,9.24,9.2,9.2,48,71.6,0,0.0,0,0.0,QB,TrubMi00
1323,Bryce Young,9.20,60,Thu,9,10,2023-11-09,22-107,CAR,@,CHI,L 13-16,9.20,9.20,9.2,9.2,60,100.0,0,0.0,0,0.0,QB,YounBr01
1324,Caleb Williams,9.18,74,Sun,8,9,2024-11-03,22-351,CHI,@,ARI,L 9-29,9.18,9.18,9.2,9.2,74,100.0,0,0.0,0,0.0,QB,WillCa03
1325,Matthew Stafford,9.16,57,Sat,16,17,2024-12-28,36-325,LAR,,ARI,W 13-9,9.16,9.16,9.2,9.2,57,100.0,0,0.0,0,0.0,QB,StafMa00
1326,Russell Wilson,9.16,73,Thu,5,5,2022-10-06,33-311,DEN,,IND,L 9-12 (OT),9.16,9.16,11.2,11.2,73,100.0,0,0.0,0,0.0,QB,WilsRu00
1327,Gardner Minshew II,9.14,71,Sun,15,16,2023-12-24,27-222,IND,@,ATL,L 10-29,9.14,9.14,10.1,10.1,71,100.0,0,0.0,0,0.0,QB,MinsGa00
1328,Aidan O'Connell,9.14,61,Sun,11,11,2023-11-19,25-079,LVR,@,MIA,L 13-20,9.14,9.14,12.1,12.1,61,100.0,0,0.0,0,0.0,QB,OConAi00
1329,Jeff Driskel,9.12,33,Sun,13,14,2022-12-11,29-232,HOU,@,DAL,L 23-27,9.12,9.12,9.1,9.1,33,50.0,0,0.0,0,0.0,QB,DrisJe00
1330,Taysom Hill,9.12,18,Thu,7,7,2022-10-20,32-058,NOR,@,ARI,L 34-42,9.12,10.12,10.1,9.6,18,25.0,0,0.0,8,25.0,TE/QB,HillTa00
1331,Nick Mullens,9.12,29,Sun,16,17,2023-12-31,28-285,MIN,,GNB,L 10-33,9.12,9.12,9.1,9.1,29,54.7,0,0.0,0,0.0,QB,MullNi00
1332,Matt Ryan,9.12,72,Sun,13,13,2022-12-04,37-201,IND,@,DAL,L 19-54,9.12,9.12,13.1,12.1,72,100.0,0,0.0,0,0.0,QB,RyanMa00
1333,Tua Tagovailoa,9.10,72,Mon,13,14,2023-12-11,25-284,MIA,,TEN,L 27-28,9.10,9.10,10.1,9.1,72,100.0,0,0.0,0,0.0,QB,TagoTu00
1334,Geno Smith,9.08,51,Sun,1,1,2023-09-10,32-335,SEA,,LAR,L 13-30,9.08,9.08,9.1,9.1,51,100.0,0,0.0,0,0.0,QB,SmitGe00
1335,Russell Wilson,9.06,74,Sun,3,3,2022-09-25,33-300,DEN,,SFO,W 11-10,9.06,9.06,9.1,9.1,74,100.0,0,0.0,0,0.0,QB,WilsRu00
1336,Josh Allen,9.04,69,Mon,1,1,2023-09-11,27-113,BUF,@,NYJ,L 16-22 (OT),9.04,9.04,13.0,12.0,69,100.0,0,0.0,0,0.0,QB,AlleJo02
1337,Teddy Bridgewater,9.04,44,Sun,16,17,2023-01-01,30-052,MIA,@,NWE,L 21-23,9.04,9.04,10.0,10.0,44,62.0,0,0.0,0,0.0,QB,BridTe00
1338,Daniel Jones,9.04,65,Sun,8,8,2022-10-30,25-156,NYG,@,SEA,L 13-27,9.04,9.04,9.0,9.0,65,100.0,0,0.0,0,0.0,QB,JoneDa05
1339,Mitchell Trubisky,9.04,47,Sun,13,14,2022-12-11,28-113,PIT,,BAL,L 14-16,9.04,9.04,12.0,12.0,47,85.5,0,0.0,0,0.0,QB,TrubMi00
1340,Kenny Pickett,9.02,62,Sun,15,16,2024-12-22,26-199,PHI,@,WAS,L 33-36,9.02,9.02,10.0,10.0,62,83.8,0,0.0,0,0.0,QB,PickKe00
1341,Bryce Young,9.02,71,Sun,8,9,2023-11-05,22-103,CAR,,IND,L 13-27,9.02,9.02,12.0,12.0,71,100.0,0,0.0,0,0.0,QB,YounBr01
1342,Jacoby Brissett,9.00,27,Sun,15,16,2023-12-24,31-013,WAS,@,NYJ,L 28-30,9.00,9.00,9.0,9.0,27,44.3,0,0.0,0,0.0,QB,BrisJa00
1343,Justin Herbert,9.00,36,Sun,3,3,2024-09-22,26-196,LAC,@,PIT,L 10-20,9.00,9.00,9.0,9.0,36,78.3,0,0.0,0,0.0,QB,HerbJu00
1344,Chris Streveler,9.00,31,Thu,15,16,2022-12-22,27-350,NYJ,,JAX,L 3-19,9.00,9.00,9.0,9.0,31,52.5,0,0.0,0,0.0,QB,StreCh00
1345,Derek Carr,8.94,42,Sun,12,13,2023-12-03,32-250,NOR,,DET,L 28-33,8.94,8.94,10.9,9.9,42,62.7,0,0.0,0,0.0,QB,CarrDe02
1346,Baker Mayfield,8.94,61,Sun,10,10,2024-11-10,29-210,TAM,,SFO,L 20-23,8.94,8.94,8.9,8.9,61,100.0,0,0.0,0,0.0,QB,MayfBa00
1347,Jordan Love,8.92,68,Mon,13,14,2023-12-11,25-039,GNB,@,NYG,L 22-24,8.92,8.92,10.9,9.9,68,100.0,0,0.0,0,0.0,QB,LoveJo03
1348,Carson Wentz,8.92,19,Sat,15,16,2022-12-24,29-359,WAS,@,SFO,L 20-37,8.92,8.92,8.9,8.9,19,26.0,0,0.0,0,0.0,QB,WentCa00
1349,Jimmy Garoppolo,8.88,43,Sun,6,6,2023-10-15,31-347,LVR,,NWE,W 21-17,8.88,8.88,9.9,9.9,43,61.4,0,0.0,0,0.0,QB,GaroJi00
1350,Jalen Hurts,8.88,53,Sun,13,14,2023-12-10,25-125,PHI,@,DAL,L 13-33,8.88,8.88,9.9,8.9,53,96.4,0,0.0,0,0.0,QB,HurtJa00
1351,Davis Mills,8.88,54,Sun,7,8,2022-10-30,24-009,HOU,,TEN,L 10-17,8.88,8.88,9.9,9.9,54,100.0,0,0.0,0,0.0,QB,MillDa02
1352,Jameis Winston,8.88,33,Sun,10,10,2023-11-12,29-310,NOR,@,MIN,L 19-27,8.88,8.88,10.9,10.9,33,49.3,0,0.0,0,0.0,QB,WinsJa00
1353,Kirk Cousins,8.84,61,Mon,2,2,2022-09-19,34-031,MIN,@,PHI,L 7-24,8.84,8.84,11.8,11.8,61,100.0,0,0.0,0,0.0,QB,CousKi00
1354,Desmond Ridder,8.84,68,Sun,12,13,2023-12-03,24-094,ATL,@,NYJ,W 13-8,8.84,8.84,8.8,8.8,68,100.0,0,0.0,0,0.0,QB,RiddDe00
1355,Justin Fields,8.80,41,Sun,2,2,2022-09-18,23-197,CHI,@,GNB,L 10-27,8.80,8.80,9.8,9.8,41,100.0,0,0.0,0,0.0,QB,FielJu00
1356,Jared Goff,8.78,85,Sun,2,2,2024-09-15,29-337,DET,,TAM,L 16-20,8.78,8.78,13.8,10.8,85,98.8,0,0.0,0,0.0,QB,GoffJa00
1357,John Wolford,8.78,55,Sun,9,10,2022-11-13,27-028,LAR,,ARI,L 17-27,8.78,8.78,10.8,9.8,55,91.7,0,0.0,0,0.0,QB,WolfJo00
1358,Blaine Gabbert,8.76,58,Sun,17,18,2024-01-07,34-084,KAN,@,LAC,W 13-12,8.76,8.76,9.8,9.8,58,100.0,0,0.0,0,0.0,QB,GabbBl00
1359,Anthony Richardson,8.76,62,Sun,7,7,2024-10-20,22-151,IND,,MIA,W 16-10,8.76,8.76,9.8,8.8,62,100.0,0,0.0,0,0.0,QB,RichAn03
1360,Joe Burrow,8.74,27,Thu,10,11,2023-11-16,26-341,CIN,@,BAL,L 20-34,8.74,8.74,8.7,8.7,27,44.3,0,0.0,0,0.0,QB,BurrJo01
1361,Kirk Cousins,8.74,57,Sun,6,6,2023-10-15,35-057,MIN,@,CHI,W 19-13,8.74,8.74,9.7,8.7,57,100.0,0,0.0,0,0.0,QB,CousKi00
1362,Joshua Dobbs,8.74,57,Sun,5,5,2023-10-08,28-255,ARI,,CIN,L 20-34,8.74,8.74,11.7,10.7,57,100.0,0,0.0,0,0.0,QB,DobbJo00
1363,Justin Herbert,8.72,71,Sun,14,15,2022-12-18,24-283,LAC,,TEN,W 17-14,8.72,8.72,13.7,10.7,71,100.0,0,0.0,0,0.0,QB,HerbJu00
1364,Daniel Jones,8.72,73,Mon,4,4,2023-10-02,26-128,NYG,,SEA,L 3-24,8.72,8.72,11.7,10.7,73,97.3,0,0.0,0,0.0,QB,JoneDa05
1365,Dak Prescott,8.72,61,Sun,17,18,2023-01-08,29-163,DAL,@,WAS,L 6-26,8.72,8.72,9.7,9.7,61,91.0,0,0.0,0,0.0,QB,PresDa01
1366,Tommy DeVito,8.70,42,Sun,9,9,2023-11-05,25-090,NYG,@,LVR,L 6-30,8.70,8.70,10.7,10.7,42,66.7,0,0.0,0,0.0,QB,DeViTo00
1367,Tyler Huntley,8.68,70,Sun,17,18,2025-01-05,26-337,MIA,@,NYJ,L 20-32,8.68,8.68,11.7,10.7,70,100.0,0,0.0,0,0.0,QB,HuntTy01
1368,Will Levis,8.68,74,Thu,8,9,2023-11-02,24-128,TEN,@,PIT,L 16-20,8.68,8.68,9.7,9.7,74,100.0,0,0.0,0,0.0,QB,LeviWi00
1369,Jameis Winston,8.68,13,Sun,7,7,2024-10-20,30-288,CLE,,CIN,L 14-21,8.68,8.68,8.7,8.7,13,15.5,0,0.0,0,0.0,QB,WinsJa00
1370,Desmond Ridder,8.66,22,Sun,10,10,2023-11-12,24-073,ATL,@,ARI,L 23-25,8.66,8.66,8.7,8.7,22,31.0,0,0.0,0,0.0,QB,RiddDe00
1371,Jacoby Brissett,8.64,70,Sun,6,6,2022-10-16,29-309,CLE,,NWE,L 15-38,8.64,8.64,11.6,10.6,70,100.0,0,0.0,0,0.0,QB,BrisJa00
1372,Carson Wentz,8.64,77,Sun,3,3,2022-09-25,29-269,WAS,,PHI,L 8-24,8.64,8.64,9.6,8.6,77,100.0,0,0.0,0,0.0,QB,WentCa00
1373,Justin Fields,8.62,47,Sun,17,18,2024-01-07,24-308,CHI,@,GNB,L 9-17,8.62,8.62,8.6,8.6,47,97.9,0,0.0,0,0.0,QB,FielJu00
1374,Matt Ryan,8.62,65,Sun,11,11,2022-11-20,37-187,IND,,PHI,L 16-17,8.62,8.62,8.6,8.6,65,100.0,0,0.0,0,0.0,QB,RyanMa00
1375,Jayden Daniels,8.58,64,Sun,10,10,2024-11-10,23-328,WAS,,PIT,L 27-28,8.58,8.58,8.6,8.6,64,100.0,0,0.0,0,0.0,QB,DaniJa02
1376,Aaron Rodgers,8.58,38,Mon,1,1,2024-09-09,40-282,NYJ,@,SFO,L 19-32,8.58,8.58,9.6,9.6,38,74.5,0,0.0,0,0.0,QB,RodgAa00
1377,Zach Wilson,8.56,65,Sun,5,5,2023-10-08,24-066,NYJ,@,DEN,W 31-21,8.56,8.56,9.6,9.6,65,100.0,0,0.0,0,0.0,QB,WilsZa00
1378,Gardner Minshew II,8.54,66,Sat,17,18,2024-01-06,27-235,IND,,HOU,L 19-23,8.54,8.54,8.5,8.5,66,100.0,0,0.0,0,0.0,QB,MinsGa00
1379,Malik Willis,8.54,26,Sun,8,8,2024-10-27,25-155,GNB,@,JAX,W 30-27,8.54,8.54,8.5,8.5,26,37.1,0,0.0,0,0.0,QB,WillMa12
1380,Mac Jones,8.52,57,Sun,1,1,2022-09-11,24-006,NWE,@,MIA,L 7-20,8.52,8.52,10.5,9.5,57,100.0,0,0.0,0,0.0,QB,JoneMa05
1381,Jordan Love,8.52,10,Sun,12,12,2022-11-27,24-025,GNB,@,PHI,L 33-40,8.52,8.52,8.5,8.5,10,20.4,0,0.0,0,0.0,QB,LoveJo03
1382,Baker Mayfield,8.52,57,Sun,3,3,2024-09-22,29-161,TAM,,DEN,L 7-26,8.52,8.52,9.5,9.5,57,100.0,0,0.0,0,0.0,QB,MayfBa00
1383,Russell Wilson,8.48,60,Sun,11,12,2022-11-27,33-363,DEN,@,CAR,L 10-23,8.48,8.48,9.5,8.5,60,100.0,0,0.0,0,0.0,QB,WilsRu00
1384,Brandon Allen,8.46,49,Sun,11,12,2024-11-24,32-080,SFO,@,GNB,L 10-38,8.46,8.46,10.5,9.5,49,100.0,0,0.0,0,0.0,QB,AlleBr00
1385,Jalen Hurts,8.46,73,Sun,17,18,2023-01-08,24-154,PHI,,NYG,W 22-16,8.46,8.46,9.5,9.5,73,100.0,0,0.0,0,0.0,QB,HurtJa00
1386,Jimmy Garoppolo,8.44,56,Sun,3,3,2022-09-25,30-327,SFO,@,DEN,L 10-11,8.44,8.44,10.4,9.4,56,100.0,0,0.0,0,0.0,QB,GaroJi00
1387,Justin Herbert,8.42,93,Mon,6,6,2022-10-17,24-221,LAC,,DEN,W 19-16 (OT),8.42,8.42,9.4,9.4,93,100.0,0,0.0,0,0.0,QB,HerbJu00
1388,Aidan O'Connell,8.42,64,Sun,10,10,2023-11-12,25-072,LVR,,NYJ,W 16-12,8.42,8.42,9.4,9.4,64,100.0,0,0.0,0,0.0,QB,OConAi00
1389,Deshaun Watson,8.42,56,Sun,6,6,2024-10-13,29-029,CLE,@,PHI,L 16-20,8.42,8.42,8.4,8.4,56,98.2,0,0.0,0,0.0,QB,WatsDe00
1390,Russell Wilson,8.42,42,Sun,14,15,2024-12-15,36-016,PIT,@,PHI,L 13-27,8.42,8.42,9.4,8.4,42,97.7,0,0.0,0,0.0,QB,WilsRu00
1391,Bryce Perkins,8.40,54,Sun,11,12,2022-11-27,25-342,LAR,@,KAN,L 10-26,8.40,8.40,10.4,10.4,54,100.0,0,0.0,0,0.0,QB,PerkBr02
1392,Deshaun Watson,8.40,57,Sun,5,5,2024-10-06,29-022,CLE,@,WAS,L 13-34,8.40,8.40,9.4,8.4,57,91.9,0,0.0,0,0.0,QB,WatsDe00
1393,Zach Wilson,8.40,47,Sun,2,2,2023-09-17,24-045,NYJ,@,DAL,L 10-30,8.40,8.40,11.4,11.4,47,100.0,0,0.0,0,0.0,QB,WilsZa00
1394,Jacoby Brissett,8.38,47,Sun,8,8,2024-10-27,31-321,NWE,,NYJ,W 25-22,8.38,8.38,8.4,8.4,47,70.1,0,0.0,0,0.0,QB,BrisJa00
1395,C.J. Beathard,8.36,21,Sun,15,16,2023-12-24,30-038,JAX,@,TAM,L 12-30,8.36,8.36,8.4,8.4,21,31.8,0,0.0,0,0.0,QB,BeatC.00
1396,Aidan O'Connell,8.36,60,Sun,9,9,2023-11-05,25-065,LVR,,NYG,W 30-6,8.36,8.36,8.4,8.4,60,100.0,0,0.0,0,0.0,QB,OConAi00
1397,Bo Nix,8.34,61,Sun,2,2,2024-09-15,24-203,DEN,,PIT,L 6-13,8.34,8.34,10.3,10.3,61,100.0,0,0.0,0,0.0,QB,NixxBo00
1398,Geno Smith,8.30,52,Thu,16,17,2024-12-26,34-077,SEA,@,CHI,W 6-3,8.30,8.30,8.3,8.3,52,100.0,0,0.0,0,0.0,QB,SmitGe00
1399,Sam Howell,8.28,44,Sun,14,15,2023-12-17,23-092,WAS,@,LAR,L 20-28,8.28,8.28,9.3,9.3,44,73.3,0,0.0,0,0.0,QB,HoweSa00
1400,Kenny Pickett,8.28,37,Sun,6,6,2022-10-16,24-132,PIT,,TAM,W 20-18,8.28,8.28,8.3,8.3,37,57.8,0,0.0,0,0.0,QB,PickKe00
1401,Russell Wilson,8.26,50,Sun,15,16,2022-12-25,34-026,DEN,@,LAR,L 14-51,8.26,8.26,11.3,11.3,50,74.6,0,0.0,0,0.0,QB,WilsRu00
1402,Geno Smith,8.20,38,Mon,4,4,2023-10-02,32-357,SEA,@,NYG,W 24-3,8.20,9.20,9.2,8.7,38,69.1,0,0.0,0,0.0,QB,SmitGe00
1403,Matthew Stafford,8.20,65,Thu,14,15,2024-12-12,36-309,LAR,@,SFO,W 12-6,8.20,8.20,8.2,8.2,65,100.0,0,0.0,0,0.0,QB,StafMa00
1404,Zach Wilson,8.20,50,Mon,1,1,2023-09-11,24-039,NYJ,,BUF,W 22-16 (OT),8.20,8.20,9.2,9.2,50,92.6,0,0.0,0,0.0,QB,WilsZa00
1405,Tua Tagovailoa,8.18,53,Mon,9,10,2024-11-11,26-254,MIA,@,LAR,W 23-15,8.18,8.18,10.2,9.2,53,100.0,0,0.0,0,0.0,QB,TagoTu00
1406,Joe Burrow,8.16,77,Mon,3,3,2023-09-25,26-289,CIN,,LAR,W 19-16,8.16,8.16,9.2,9.2,77,100.0,0,0.0,0,0.0,QB,BurrJo01
1407,Derek Carr,8.12,33,Sun,3,3,2023-09-24,32-180,NOR,@,GNB,L 17-18,8.12,8.12,8.1,8.1,33,54.1,0,0.0,0,0.0,QB,CarrDe02
1408,Joshua Dobbs,8.10,5,Mon,16,17,2024-12-30,29-339,SFO,,DET,L 34-40,8.10,8.10,8.1,8.1,5,7.8,0,0.0,0,0.0,QB,DobbJo00
1409,Taysom Hill,8.10,12,Sun,4,4,2022-10-02,32-040,NOR,,MIN,L 25-28,8.10,8.10,8.1,8.1,12,20.0,0,0.0,8,25.8,TE/QB,HillTa00
1410,Geno Smith,8.08,51,Sun,8,8,2024-10-27,34-017,SEA,,BUF,L 10-31,8.08,8.08,9.1,9.1,51,100.0,0,0.0,0,0.0,QB,SmitGe00
1411,Joe Burrow,8.06,51,Sun,1,1,2024-09-08,27-273,CIN,,NWE,L 10-16,8.06,8.06,8.1,8.1,51,100.0,0,0.0,0,0.0,QB,BurrJo01
1412,Derek Carr,8.06,73,Sun,4,4,2024-09-29,33-185,NOR,@,ATL,L 24-26,8.06,8.06,9.1,9.1,73,98.6,0,0.0,0,0.0,QB,CarrDe02
1413,Bryce Young,8.06,74,Sun,11,12,2023-11-26,22-124,CAR,@,TEN,L 10-17,8.06,8.06,9.1,8.1,74,100.0,0,0.0,0,0.0,QB,YounBr01
1414,Jacoby Brissett,8.04,65,Sun,1,1,2024-09-08,31-272,NWE,@,CIN,W 16-10,8.04,8.04,8.0,8.0,65,100.0,0,0.0,0,0.0,QB,BrisJa00
1415,Derek Carr,7.98,56,Sun,3,3,2024-09-22,33-178,NOR,,PHI,L 12-15,7.98,7.98,9.0,9.0,56,100.0,0,0.0,0,0.0,QB,CarrDe02
1416,Justin Herbert,7.98,61,Sun,12,13,2023-12-03,25-268,LAC,@,NWE,W 6-0,7.98,7.98,8.0,8.0,61,100.0,0,0.0,0,0.0,QB,HerbJu00
1417,Justin Herbert,7.98,46,Sun,12,13,2024-12-01,26-266,LAC,@,ATL,W 17-13,7.98,7.98,8.0,8.0,46,100.0,0,0.0,0,0.0,QB,HerbJu00
1418,Mason Rudolph,7.98,62,Sat,17,18,2024-01-06,28-173,PIT,@,BAL,W 17-10,7.98,7.98,9.0,8.0,62,100.0,0,0.0,0,0.0,QB,RudoMa00
1419,Kirk Cousins,7.90,50,Sun,16,17,2023-01-01,34-135,MIN,@,GNB,L 17-41,7.90,7.90,11.9,10.9,50,86.2,0,0.0,0,0.0,QB,CousKi00
1420,Taysom Hill,7.90,28,Sun,17,18,2024-01-07,33-137,NOR,,ATL,W 48-17,7.90,11.90,11.9,9.9,28,41.8,0,0.0,12,37.5,TE/QB,HillTa00
1421,Desmond Ridder,7.90,52,Sun,1,1,2023-09-10,24-010,ATL,,CAR,W 24-10,7.90,8.90,8.9,8.4,52,100.0,0,0.0,0,0.0,QB,RiddDe00
1422,Brett Rypien,7.90,79,Sun,7,7,2022-10-23,26-106,DEN,,NYJ,L 9-16,7.90,7.90,8.9,8.9,79,100.0,0,0.0,0,0.0,QB,RypiBr00
1423,Desmond Ridder,7.88,52,Sun,14,15,2023-12-17,24-108,ATL,@,CAR,L 7-9,7.88,7.88,8.9,8.9,52,100.0,0,0.0,0,0.0,QB,RiddDe00
1424,Taylor Heinicke,7.84,68,Sun,11,11,2022-11-20,29-250,WAS,@,HOU,W 23-10,7.84,7.84,7.8,7.8,68,100.0,0,0.0,0,0.0,QB,HeinTa00
1425,Drew Lock,7.82,53,Sun,17,18,2025-01-05,28-056,NYG,@,PHI,L 13-20,7.82,7.82,8.8,8.8,53,100.0,0,0.0,0,0.0,QB,LockDr00
1426,Tua Tagovailoa,7.82,69,Fri,11,12,2023-11-24,25-267,MIA,@,NYJ,W 34-13,7.82,7.82,10.8,9.8,69,98.6,0,0.0,0,0.0,QB,TagoTu00
1427,Jared Goff,7.80,65,Sun,9,10,2024-11-10,30-027,DET,@,HOU,W 26-23,7.80,7.80,12.8,12.8,65,100.0,0,0.0,0,0.0,QB,GoffJa00
1428,Matthew Stafford,7.80,67,Thu,1,1,2022-09-08,34-213,LAR,,BUF,L 10-31,7.80,7.80,10.8,10.8,67,100.0,0,0.0,0,0.0,QB,StafMa00
1429,Taysom Hill,7.72,31,Mon,2,2,2023-09-18,33-026,NOR,@,CAR,W 20-17,7.72,8.72,8.7,8.2,31,40.3,0,0.0,10,37.0,TE/QB,HillTa00
1430,Brock Purdy,7.70,62,Sun,6,6,2023-10-15,23-292,SFO,@,CLE,L 17-19,7.70,7.70,8.7,8.7,62,100.0,0,0.0,0,0.0,QB,PurdBr00
1431,Tyson Bagent,7.68,72,Thu,10,10,2023-11-09,23-154,CHI,,CAR,W 16-13,7.68,7.68,7.7,7.7,72,100.0,0,0.0,0,0.0,QB,BageTy00
1432,Gardner Minshew II,7.68,44,Sun,5,5,2024-10-06,28-143,LVR,@,DEN,L 18-34,7.68,7.68,9.7,9.7,44,62.9,0,0.0,0,0.0,QB,MinsGa00
1433,Desmond Ridder,7.68,74,Sun,14,15,2022-12-18,23-109,ATL,@,NOR,L 18-21,7.68,7.68,7.7,7.7,74,100.0,0,0.0,0,0.0,QB,RiddDe00
1434,Brett Rypien,7.68,69,Sun,14,15,2022-12-18,26-162,DEN,,ARI,W 24-15,7.68,7.68,9.7,8.7,69,100.0,0,0.0,0,0.0,QB,RypiBr00
1435,Sam Darnold,7.64,65,Sun,17,18,2025-01-05,27-214,MIN,@,DET,L 9-31,7.64,7.64,7.6,7.6,65,100.0,0,0.0,0,0.0,QB,DarnSa00
1436,Jameis Winston,7.64,66,Sun,2,2,2022-09-18,28-255,NOR,,TAM,L 10-20,7.64,7.64,10.6,10.6,66,97.1,0,0.0,0,0.0,QB,WinsJa00
1437,Tua Tagovailoa,7.62,52,Sun,17,18,2024-01-07,25-311,MIA,,BUF,L 14-21,7.62,7.62,9.6,9.6,52,100.0,0,0.0,0,0.0,QB,TagoTu00
1438,Sam Ehlinger,7.60,29,Sun,16,17,2023-01-01,24-093,IND,@,NYG,L 10-38,7.60,7.60,7.6,7.6,29,50.0,0,0.0,0,0.0,QB,EhliSa00
1439,Bryce Young,7.58,66,Sun,14,15,2023-12-17,22-145,CAR,,ATL,W 9-7,7.58,7.58,7.6,7.6,66,100.0,0,0.0,0,0.0,QB,YounBr01
1440,Marcus Mariota,7.56,61,Sun,9,9,2022-11-06,29-007,ATL,,LAC,L 17-20,7.56,7.56,7.6,7.6,61,100.0,0,0.0,0,0.0,QB,MariMa01
1441,Sam Ehlinger,7.54,58,Sun,8,8,2022-10-30,24-030,IND,,WAS,L 16-17,7.54,7.54,8.5,7.5,58,100.0,0,0.0,0,0.0,QB,EhliSa00
1442,Bryce Young,7.54,77,Sun,1,1,2023-09-10,22-047,CAR,@,ATL,L 10-24,7.54,7.54,9.5,9.5,77,100.0,0,0.0,0,0.0,QB,YounBr01
1443,Kirk Cousins,7.52,56,Sun,4,4,2024-09-29,36-041,ATL,,NOR,W 26-24,7.52,7.52,8.5,8.5,56,100.0,0,0.0,0,0.0,QB,CousKi00
1444,Jimmy Garoppolo,7.50,40,Sun,2,2,2023-09-17,31-319,LVR,@,BUF,L 10-38,7.50,7.50,9.5,9.5,40,100.0,0,0.0,0,0.0,QB,GaroJi00
1445,Mac Jones,7.48,65,Sun,14,15,2022-12-18,24-104,NWE,@,LVR,L 24-30,7.48,7.48,7.5,7.5,65,100.0,0,0.0,0,0.0,QB,JoneMa05
1446,Bryce Young,7.48,80,Sun,13,14,2023-12-10,22-138,CAR,@,NOR,L 6-28,7.48,7.48,8.5,7.5,80,100.0,0,0.0,0,0.0,QB,YounBr01
1447,Jacoby Brissett,7.40,60,Sun,5,5,2024-10-06,31-300,NWE,,MIA,L 10-15,7.40,7.40,7.4,7.4,60,100.0,0,0.0,0,0.0,QB,BrisJa00
1448,Chase Daniel,7.40,13,Sun,17,18,2023-01-08,36-093,LAC,@,DEN,L 28-31,7.40,7.40,7.4,7.4,13,19.1,0,0.0,0,0.0,QB,DaniCh00
1449,Tim Boyle,7.36,58,Fri,11,12,2023-11-24,29-052,NYJ,,MIA,L 13-34,7.36,7.36,9.4,9.4,58,100.0,0,0.0,0,0.0,QB,BoylTi00
1450,Tom Brady,7.36,31,Sun,17,18,2023-01-08,45-158,TAM,@,ATL,L 17-30,7.36,7.36,7.4,7.4,31,56.4,0,0.0,0,0.0,QB,BradTo00
1451,Caleb Williams,7.36,70,Sun,2,2,2024-09-15,22-302,CHI,@,HOU,L 13-19,7.36,7.36,9.4,9.4,70,100.0,0,0.0,0,0.0,QB,WillCa03
1452,Kenny Pickett,7.34,76,Sun,8,8,2022-10-30,24-146,PIT,@,PHI,L 13-35,7.34,7.34,9.3,8.3,76,100.0,0,0.0,0,0.0,QB,PickKe00
1453,Colt McCoy,7.32,56,Mon,11,11,2022-11-21,36-077,ARI,,SFO,L 10-38,7.32,7.32,8.3,8.3,56,78.9,0,0.0,0,0.0,QB,McCoCo00
1454,Mitchell Trubisky,7.32,39,Sun,7,8,2023-10-29,29-070,PIT,,JAX,L 10-20,7.32,7.32,9.3,9.3,39,58.2,0,0.0,0,0.0,QB,TrubMi00
1455,Josh Allen,7.30,51,Sun,4,4,2024-09-29,28-131,BUF,@,BAL,L 10-35,7.30,7.30,8.3,7.3,51,86.4,0,0.0,0,0.0,QB,AlleJo02
1456,Mac Jones,7.30,59,Mon,13,14,2022-12-12,24-098,NWE,@,ARI,W 27-13,7.30,7.30,8.3,8.3,59,100.0,0,0.0,0,0.0,QB,JoneMa05
1457,Mac Jones,7.30,61,Sun,10,10,2023-11-12,25-068,NWE,,IND,L 6-10,7.30,7.30,8.3,8.3,61,88.4,0,0.0,0,0.0,QB,JoneMa05
1458,Will Levis,7.30,58,Sun,5,6,2024-10-13,25-108,TEN,,IND,L 17-20,7.30,7.30,8.3,8.3,58,100.0,0,0.0,0,0.0,QB,LeviWi00
1459,Geno Smith,7.30,56,Thu,11,12,2023-11-23,33-044,SEA,,SFO,L 13-31,7.30,7.30,8.3,8.3,56,100.0,0,0.0,0,0.0,QB,SmitGe00
1460,Carson Wentz,7.30,74,Sun,4,4,2022-10-02,29-276,WAS,@,DAL,L 10-25,7.30,7.30,9.3,9.3,74,100.0,0,0.0,0,0.0,QB,WentCa00
1461,Taysom Hill,7.28,23,Sun,8,8,2022-10-30,32-068,NOR,,LVR,W 24-0,7.28,8.28,8.3,7.8,23,35.9,0,0.0,7,36.8,TE/QB,HillTa00
1462,Aidan O'Connell,7.28,13,Sun,3,3,2024-09-22,26-021,LVR,,CAR,L 22-36,7.28,7.28,7.3,7.3,13,20.3,0,0.0,0,0.0,QB,OConAi00
1463,Zach Wilson,7.24,59,Sun,7,7,2022-10-23,23-081,NYJ,@,DEN,W 16-9,7.24,7.24,7.2,7.2,59,100.0,0,0.0,0,0.0,QB,WilsZa00
1464,Bailey Zappe,7.24,64,Sun,12,13,2023-12-03,24-221,NWE,,LAC,L 0-6,7.24,7.24,7.2,7.2,64,100.0,0,0.0,0,0.0,QB,ZappBa00
1465,Caleb Williams,7.22,56,Sun,1,1,2024-09-08,22-295,CHI,,TEN,W 24-17,7.22,7.22,7.2,7.2,56,100.0,0,0.0,0,0.0,QB,WillCa03
1466,Zach Wilson,7.22,81,Mon,8,9,2023-11-06,24-095,NYJ,,LAC,L 6-27,7.22,7.22,9.2,7.2,81,100.0,0,0.0,0,0.0,QB,WilsZa00
1467,Malik Willis,7.20,51,Sun,8,9,2022-11-06,23-165,TEN,@,KAN,L 17-20 (OT),7.20,7.20,7.2,7.2,51,100.0,0,0.0,0,0.0,QB,WillMa12
1468,Kirk Cousins,7.18,66,Sun,7,7,2024-10-20,36-062,ATL,,SEA,L 14-34,7.18,7.18,10.2,9.2,66,90.4,0,0.0,0,0.0,QB,CousKi00
1469,Davis Mills,7.18,60,Sun,2,2,2022-09-18,23-332,HOU,@,DEN,L 9-16,7.18,7.18,7.2,7.2,60,95.2,0,0.0,0,0.0,QB,MillDa02
1470,Dorian Thompson-Robinson,7.18,66,Sun,15,16,2024-12-22,25-038,CLE,@,CIN,L 6-24,7.18,7.18,9.2,9.2,66,100.0,0,0.0,0,0.0,QB,ThomDo02
1471,Mitchell Trubisky,7.18,31,Sun,12,13,2023-12-03,29-105,PIT,,ARI,L 10-24,7.18,7.18,8.2,7.2,31,50.8,0,0.0,0,0.0,QB,TrubMi00
1472,Tommy DeVito,7.16,50,Sun,8,8,2023-10-29,25-083,NYG,,NYJ,L 10-13 (OT),7.16,7.16,7.2,7.2,50,66.7,0,0.0,0,0.0,QB,DeViTo00
1473,Daniel Jones,7.16,49,Sun,5,5,2023-10-08,26-134,NYG,@,MIA,L 16-31,7.16,7.16,7.2,7.2,49,68.1,0,0.0,0,0.0,QB,JoneDa05
1474,Bryce Young,7.16,72,Sun,4,4,2023-10-01,22-068,CAR,,MIN,L 13-21,7.16,7.16,8.2,7.2,72,100.0,0,0.0,0,0.0,QB,YounBr01
1475,Justin Herbert,7.14,58,Mon,8,9,2023-11-06,25-241,LAC,@,NYJ,W 27-6,7.14,7.14,7.1,7.1,58,100.0,0,0.0,0,0.0,QB,HerbJu00
1476,Bryce Young,7.12,72,Sun,12,13,2023-12-03,22-131,CAR,@,TAM,L 18-21,7.12,7.12,8.1,8.1,72,100.0,0,0.0,0,0.0,QB,YounBr01
1477,Will Levis,7.10,53,Sun,11,12,2023-11-26,24-152,TEN,,CAR,W 17-10,7.10,7.10,7.1,7.1,53,100.0,0,0.0,0,0.0,QB,LeviWi00
1478,Andy Dalton,7.06,43,Sun,10,10,2022-11-13,35-015,NOR,@,PIT,L 10-20,7.06,7.06,9.1,9.1,43,91.5,0,0.0,0,0.0,QB,DaltAn00
1479,Jacoby Brissett,7.02,64,Sun,4,4,2024-09-29,31-293,NWE,@,SFO,L 13-30,7.02,7.02,9.0,8.0,64,100.0,0,0.0,0,0.0,QB,BrisJa00
1480,Will Levis,7.02,64,Sun,13,14,2024-12-08,25-164,TEN,,JAX,L 6-10,7.02,7.02,7.0,7.0,64,100.0,0,0.0,0,0.0,QB,LeviWi00
1481,Bailey Zappe,7.00,53,Sat,17,18,2025-01-04,25-253,CLE,@,BAL,L 10-35,7.00,7.00,9.0,9.0,53,89.8,0,0.0,0,0.0,QB,ZappBa00
1482,Russell Wilson,6.90,52,Thu,6,6,2023-10-12,34-317,DEN,@,KAN,L 8-19,6.90,6.90,8.9,8.9,52,100.0,0,0.0,0,0.0,QB,WilsRu00
1483,Baker Mayfield,6.84,56,Sun,5,6,2023-10-15,28-184,TAM,,DET,L 6-20,6.84,6.84,7.8,7.8,56,100.0,0,0.0,0,0.0,QB,MayfBa00
1484,Tim Boyle,6.82,36,Sun,14,15,2024-12-15,30-073,NYG,,BAL,L 14-35,6.82,6.82,7.8,7.8,36,52.9,0,0.0,0,0.0,QB,BoylTi00
1485,Trevor Lawrence,6.82,72,Sun,8,8,2022-10-30,23-024,JAX,,DEN,L 17-21,6.82,6.82,8.8,8.8,72,100.0,0,0.0,0,0.0,QB,LawrTr00
1486,Aidan O'Connell,6.76,44,Sun,13,14,2024-12-08,26-098,LVR,@,TAM,L 13-28,6.76,6.76,8.8,7.8,44,65.7,0,0.0,0,0.0,QB,OConAi00
1487,Matthew Stafford,6.76,74,Mon,4,4,2022-10-03,34-238,LAR,@,SFO,L 9-24,6.76,6.76,8.8,7.8,74,100.0,0,0.0,0,0.0,QB,StafMa00
1488,Zach Wilson,6.74,38,Sun,10,11,2023-11-19,24-108,NYJ,@,BUF,L 6-32,6.74,6.74,7.7,7.7,38,66.7,0,0.0,0,0.0,QB,WilsZa00
1489,Derek Carr,6.72,69,Mon,2,2,2023-09-18,32-174,NOR,@,CAR,W 20-17,6.72,6.72,7.7,7.7,69,89.6,0,0.0,0,0.0,QB,CarrDe02
1490,Ryan Tannehill,6.72,42,Sun,16,17,2023-12-31,35-157,TEN,@,HOU,L 3-26,6.72,6.72,6.7,6.7,42,76.4,0,0.0,0,0.0,QB,TannRy00
1491,Bo Nix,6.70,61,Sun,4,4,2024-09-29,24-217,DEN,@,NYJ,W 10-9,6.70,6.70,6.7,6.7,61,100.0,0,0.0,0,0.0,QB,NixxBo00
1492,Will Levis,6.68,64,Sun,1,1,2024-09-08,25-073,TEN,@,CHI,L 17-24,6.68,6.68,9.7,8.7,64,100.0,0,0.0,0,0.0,QB,LeviWi00
1493,Sam Howell,6.66,46,Sun,16,17,2023-12-31,23-106,WAS,,SFO,L 10-27,6.66,6.66,8.7,8.7,46,100.0,0,0.0,0,0.0,QB,HoweSa00
1494,Daniel Jones,6.66,72,Mon,8,8,2024-10-28,27-154,NYG,@,PIT,L 18-26,6.66,6.66,8.7,7.7,72,100.0,0,0.0,0,0.0,QB,JoneDa05
1495,Mitchell Trubisky,6.66,10,Sun,16,17,2024-12-29,30-131,BUF,,NYJ,W 40-14,6.66,6.66,6.7,6.7,10,14.3,0,0.0,0,0.0,QB,TrubMi00
1496,Kenny Pickett,6.64,65,Sun,9,10,2023-11-12,25-159,PIT,,GNB,W 23-19,6.64,6.64,6.6,6.6,65,100.0,0,0.0,0,0.0,QB,PickKe00
1497,Matthew Stafford,6.64,52,Sun,2,2,2024-09-15,36-221,LAR,@,ARI,L 10-41,6.64,6.64,7.6,6.6,52,100.0,0,0.0,0,0.0,QB,StafMa00
1498,Tyler Huntley,6.62,38,Sun,13,14,2022-12-11,24-311,BAL,@,PIT,W 16-14,6.62,6.62,6.6,6.6,38,62.3,0,0.0,0,0.0,QB,HuntTy01
1499,Baker Mayfield,6.60,60,Sun,5,5,2022-10-09,27-178,CAR,,SFO,L 15-37,6.60,6.60,7.6,7.6,60,87.0,0,0.0,0,0.0,QB,MayfBa00
1500,Dorian Thompson-Robinson,6.60,75,Sun,10,11,2023-11-19,24-005,CLE,,PIT,W 13-10,6.60,6.60,7.6,7.6,75,100.0,0,0.0,0,0.0,QB,ThomDo02
1501,Mike White,6.58,15,Sun,3,3,2023-09-24,28-183,MIA,,DEN,W 70-20,6.58,6.58,6.6,6.6,15,20.5,0,0.0,0,0.0,QB,WhitMi01
1502,Caleb Williams,6.58,61,Thu,16,17,2024-12-26,23-038,CHI,,SEA,L 3-6,6.58,6.58,7.6,7.6,61,100.0,0,0.0,0,0.0,QB,WillCa03
1503,Taysom Hill,6.56,24,Sun,11,11,2022-11-20,32-089,NOR,,LAR,W 27-20,6.56,7.56,7.6,7.1,24,42.1,0,0.0,11,35.5,TE/QB,HillTa00
1504,Lamar Jackson,6.56,64,Sun,1,1,2023-09-10,26-246,BAL,,HOU,W 25-9,6.56,6.56,8.6,7.6,64,100.0,0,0.0,0,0.0,QB,JackLa00
1505,Skylar Thompson,6.56,27,Sun,16,17,2023-01-01,25-211,MIA,@,NWE,L 21-23,6.56,6.56,7.6,7.6,27,38.0,0,0.0,0,0.0,QB,ThomSk00
1506,Baker Mayfield,6.54,45,Mon,14,15,2022-12-19,27-249,LAR,@,GNB,L 12-24,6.54,6.54,7.5,7.5,45,100.0,0,0.0,0,0.0,QB,MayfBa00
1507,Jared Goff,6.50,67,Sun,10,11,2022-11-20,28-037,DET,@,NYG,W 31-18,6.50,6.50,6.5,6.5,67,100.0,0,0.0,0,0.0,QB,GoffJa00
1508,Drew Lock,6.50,59,Sun,15,16,2024-12-22,28-042,NYG,@,ATL,L 7-34,6.50,6.50,9.5,8.5,59,100.0,0,0.0,0,0.0,QB,LockDr00
1509,Kirk Cousins,6.48,58,Mon,14,15,2024-12-16,36-119,ATL,@,LVR,W 15-9,6.48,6.48,7.5,7.5,58,100.0,0,0.0,0,0.0,QB,CousKi00
1510,Tyler Huntley,6.46,78,Sun,5,5,2024-10-06,26-246,MIA,@,NWE,W 15-10,6.46,6.46,7.5,7.5,78,100.0,0,0.0,0,0.0,QB,HuntTy01
1511,Bryce Perkins,6.46,26,Sun,10,11,2022-11-20,25-335,LAR,@,NOR,L 20-27,6.46,6.46,6.5,6.5,26,40.6,0,0.0,0,0.0,QB,PerkBr02
1512,Sam Darnold,6.44,84,Sun,9,10,2024-11-10,27-158,MIN,@,JAX,W 12-7,6.44,6.44,9.4,9.4,84,100.0,0,0.0,0,0.0,QB,DarnSa00
1513,Sam Howell,6.42,49,Sun,17,18,2024-01-07,23-113,WAS,,DAL,L 10-38,6.42,7.42,9.4,8.9,49,100.0,0,0.0,0,0.0,QB,HoweSa00
1514,Carson Wentz,6.42,69,Sun,16,17,2023-01-01,30-002,WAS,,CLE,L 10-24,6.42,6.42,9.4,9.4,69,100.0,0,0.0,0,0.0,QB,WentCa00
1515,Michael Penix,6.38,67,Sun,15,16,2024-12-22,24-228,ATL,,NYG,W 34-7,6.38,6.38,7.4,7.4,67,100.0,0,0.0,0,0.0,QB,PeniMi00
1516,Skylar Thompson,6.38,65,Sun,17,18,2023-01-08,25-218,MIA,,NYJ,W 11-6,6.38,6.38,6.4,6.4,65,100.0,0,0.0,0,0.0,QB,ThomSk00
1517,Zach Wilson,6.38,63,Sun,3,3,2023-09-24,24-052,NYJ,,NWE,L 10-15,6.38,6.38,6.4,6.4,63,100.0,0,0.0,0,0.0,QB,WilsZa00
1518,Derek Carr,6.36,53,Sat,15,16,2022-12-24,31-271,LVR,@,PIT,L 10-13,6.36,6.36,9.4,9.4,53,100.0,0,0.0,0,0.0,QB,CarrDe02
1519,Desmond Ridder,6.34,67,Sun,3,3,2023-09-24,24-024,ATL,@,DET,L 6-20,6.34,6.34,7.3,6.3,67,100.0,0,0.0,0,0.0,QB,RiddDe00
1520,Tyler Huntley,6.32,19,Sun,9,9,2023-11-05,25-275,BAL,,SEA,W 37-3,6.32,6.32,6.3,6.3,19,25.0,0,0.0,0,0.0,QB,HuntTy01
1521,Dak Prescott,6.32,51,Sun,1,1,2023-09-10,30-043,DAL,@,NYG,W 40-0,6.32,6.32,6.3,6.3,51,87.9,0,0.0,0,0.0,QB,PresDa01
1522,Gardner Minshew II,6.30,44,Sun,5,5,2023-10-08,27-145,IND,,TEN,W 23-16,6.30,6.30,6.3,6.3,44,66.7,0,0.0,0,0.0,QB,MinsGa00
1523,Caleb Williams,6.30,60,Sun,9,10,2024-11-10,22-358,CHI,,NWE,L 3-19,6.30,6.30,6.3,6.3,60,100.0,0,0.0,0,0.0,QB,WillCa03
1524,Russell Wilson,6.30,75,Sun,10,11,2024-11-17,35-354,PIT,,BAL,W 18-16,6.30,6.30,7.3,7.3,75,96.2,0,0.0,0,0.0,QB,WilsRu00
1525,Nick Mullens,6.28,8,Sun,16,17,2023-01-01,27-286,MIN,@,GNB,L 17-41,6.28,6.28,6.3,6.3,8,13.8,0,0.0,0,0.0,QB,MullNi00
1526,Spencer Rattler,6.28,65,Thu,7,7,2024-10-17,24-019,NOR,,DEN,L 10-33,6.28,6.28,8.3,6.3,65,92.9,0,0.0,0,0.0,QB,RattSp00
1527,Spencer Rattler,6.24,45,Sun,8,8,2024-10-27,24-029,NOR,@,LAC,L 8-26,6.24,6.24,6.2,6.2,45,61.6,0,0.0,0,0.0,QB,RattSp00
1528,Desmond Ridder,6.24,58,Sun,4,4,2023-10-01,24-031,ATL,@,JAX,L 7-23,6.24,6.24,9.2,8.2,58,100.0,0,0.0,0,0.0,QB,RiddDe00
1529,Davis Mills,6.22,49,Sun,17,18,2025-01-05,26-076,HOU,@,TEN,W 23-14,6.22,6.22,6.2,6.2,49,81.7,0,0.0,0,0.0,QB,MillDa02
1530,Kirk Cousins,6.20,56,Sun,1,1,2024-09-08,36-020,ATL,,PIT,L 10-18,6.20,6.20,8.2,8.2,56,100.0,0,0.0,0,0.0,QB,CousKi00
1531,Baker Mayfield,6.18,65,Sun,17,18,2024-01-07,28-268,TAM,@,CAR,W 9-0,6.18,6.18,6.2,6.2,65,100.0,0,0.0,0,0.0,QB,MayfBa00
1532,Kyle Allen,6.14,65,Sun,12,13,2022-12-04,26-271,HOU,,CLE,L 14-27,6.14,6.14,9.1,8.1,65,100.0,0,0.0,0,0.0,QB,AlleKy00
1533,Sam Darnold,6.14,19,Mon,15,16,2023-12-25,26-203,SFO,,BAL,L 19-33,6.14,6.14,7.1,7.1,19,27.1,0,0.0,0,0.0,QB,DarnSa00
1534,Matt Ryan,6.14,79,Thu,5,5,2022-10-06,37-142,IND,@,DEN,W 12-9 (OT),6.14,6.14,8.1,8.1,79,100.0,0,0.0,0,0.0,QB,RyanMa00
1535,Tyrod Taylor,6.14,13,Mon,1,1,2024-09-09,35-037,NYJ,@,SFO,L 19-32,6.14,6.14,6.1,6.1,13,25.5,0,0.0,0,0.0,QB,TaylTy00
1536,Taysom Hill,6.10,25,Sun,11,12,2023-11-26,33-095,NOR,@,ATL,L 15-24,6.10,8.10,9.1,7.1,25,34.7,0,0.0,7,29.2,TE/QB,HillTa00
1537,C.J. Stroud,6.10,49,Wed,16,17,2024-12-25,23-083,HOU,,BAL,L 2-31,6.10,6.10,7.1,7.1,49,87.5,0,0.0,0,0.0,QB,StroCJ00
1538,Clayton Tune,6.10,2,Sun,10,10,2023-11-12,24-234,ARI,,ATL,W 25-23,6.10,6.10,6.1,6.1,2,3.1,0,0.0,0,0.0,QB,TuneCl00
1539,Cooper Rush,6.08,59,Sun,16,17,2024-12-29,31-038,DAL,@,PHI,L 7-41,6.08,6.08,8.1,8.1,59,95.2,0,0.0,0,0.0,QB,RushCo00
1540,Geno Smith,6.08,49,Sun,2,2,2022-09-18,31-343,SEA,@,SFO,L 7-27,6.08,6.08,7.1,7.1,49,100.0,0,0.0,0,0.0,QB,SmitGe00
1541,Dak Prescott,6.06,57,Sun,14,15,2023-12-17,30-141,DAL,@,BUF,L 10-31,6.06,6.06,7.1,7.1,57,100.0,0,0.0,0,0.0,QB,PresDa01
1542,Sam Ehlinger,6.02,62,Sun,9,9,2022-11-06,24-037,IND,@,NWE,L 3-26,6.02,6.02,7.0,7.0,62,100.0,0,0.0,0,0.0,QB,EhliSa00
1543,John Wolford,6.02,63,Sun,12,13,2022-12-04,27-049,LAR,,SEA,L 23-27,6.02,6.02,8.0,8.0,63,98.4,0,0.0,0,0.0,QB,WolfJo00
1544,Andy Dalton,6.00,56,Sun,16,17,2023-01-01,35-064,NOR,@,PHI,W 20-10,6.00,6.00,7.0,7.0,56,81.2,0,0.0,0,0.0,QB,DaltAn00
1545,Matthew Stafford,6.00,52,Sun,15,16,2024-12-22,36-319,LAR,@,NYJ,W 19-9,6.00,6.00,7.0,7.0,52,100.0,0,0.0,0,0.0,QB,StafMa00
1546,C.J. Stroud,6.00,11,Sun,17,18,2025-01-05,23-094,HOU,@,TEN,W 23-14,6.00,6.00,6.0,6.0,11,18.3,0,0.0,0,0.0,QB,StroCJ00
1547,Daniel Jones,5.96,46,Sun,7,7,2024-10-20,27-146,NYG,,PHI,L 3-28,5.96,5.96,6.0,6.0,46,79.3,0,0.0,0,0.0,QB,JoneDa05
1548,Will Levis,5.96,63,Sun,9,10,2023-11-12,24-138,TEN,@,TAM,L 6-20,5.96,5.96,7.0,7.0,63,100.0,0,0.0,0,0.0,QB,LeviWi00
1549,Bailey Zappe,5.96,43,Sun,4,4,2022-10-02,23-159,NWE,@,GNB,L 24-27 (OT),5.96,5.96,7.0,6.0,43,74.1,0,0.0,0,0.0,QB,ZappBa00
1550,Mac Jones,5.90,57,Sun,6,6,2023-10-15,25-040,NWE,@,LVR,L 17-21,5.90,5.90,6.9,6.9,57,95.0,0,0.0,0,0.0,QB,JoneMa05
1551,Jake Haener,5.88,28,Sun,8,8,2024-10-27,25-225,NOR,@,LAC,L 8-26,5.88,5.88,5.9,5.9,28,38.4,0,0.0,0,0.0,QB,HaenJa00
1552,Baker Mayfield,5.88,52,Sun,4,4,2022-10-02,27-171,CAR,,ARI,L 16-26,5.88,5.88,8.9,7.9,52,100.0,0,0.0,0,0.0,QB,MayfBa00
1553,Jared Goff,5.86,66,Sun,5,5,2022-10-09,27-360,DET,@,NWE,L 0-29,5.86,5.86,7.9,6.9,66,100.0,0,0.0,0,0.0,QB,GoffJa00
1554,Davis Mills,5.80,58,Sun,5,5,2022-10-09,23-353,HOU,@,JAX,W 13-6,5.80,5.80,5.8,5.8,58,100.0,0,0.0,0,0.0,QB,MillDa02
1555,Jordan Love,5.74,44,Sun,8,8,2024-10-27,25-360,GNB,@,JAX,W 30-27,5.74,5.74,6.7,6.7,44,62.9,0,0.0,0,0.0,QB,LoveJo03
1556,Tyson Bagent,5.72,31,Sun,6,6,2023-10-15,23-129,CHI,,MIN,L 13-19,5.72,5.72,7.7,6.7,31,47.0,0,0.0,0,0.0,QB,BageTy00
1557,P.J. Walker,5.72,66,Thu,10,10,2022-11-10,27-257,CAR,,ATL,W 25-15,5.72,5.72,5.7,5.7,66,100.0,0,0.0,0,0.0,QB,WalkPh00
1558,Zach Wilson,5.68,50,Sun,10,11,2022-11-20,23-109,NYJ,@,NWE,L 3-10,5.68,5.68,5.7,5.7,50,100.0,0,0.0,0,0.0,QB,WilsZa00
1559,Joe Flacco,5.66,56,Sun,17,18,2023-01-08,37-357,NYJ,@,MIA,L 6-11,5.66,5.66,5.7,5.7,56,100.0,0,0.0,0,0.0,QB,FlacJo00
1560,Trevor Lawrence,5.66,47,Sun,4,4,2022-10-02,22-361,JAX,@,PHI,L 21-29,5.66,5.66,10.7,6.7,47,100.0,0,0.0,0,0.0,QB,LawrTr00
1561,Gardner Minshew II,5.66,57,Sun,10,10,2023-11-12,27-180,IND,@,NWE,W 10-6,5.66,5.66,6.7,6.7,57,100.0,0,0.0,0,0.0,QB,MinsGa00
1562,Desmond Ridder,5.66,62,Sun,16,17,2023-01-01,23-123,ATL,,ARI,W 20-19,5.66,5.66,6.7,5.7,62,100.0,0,0.0,0,0.0,QB,RiddDe00
1563,Patrick Mahomes,5.60,61,Sun,8,8,2023-10-29,28-042,KAN,@,DEN,L 9-24,5.60,5.60,8.6,7.6,61,100.0,0,0.0,0,0.0,QB,MahoPa00
1564,Jake Haener,5.52,5,Thu,7,7,2024-10-17,25-215,NOR,,DEN,L 10-33,5.52,5.52,5.5,5.5,5,7.1,0,0.0,0,0.0,QB,HaenJa00
1565,Justin Herbert,5.50,68,Mon,15,16,2022-12-26,24-291,LAC,@,IND,W 20-3,5.50,5.50,7.5,6.5,68,100.0,0,0.0,0,0.0,QB,HerbJu00
1566,Tua Tagovailoa,5.50,55,Thu,2,2,2024-09-12,26-194,MIA,,BUF,L 10-31,5.50,5.50,8.5,8.5,55,72.4,0,0.0,0,0.0,QB,TagoTu00
1567,Baker Mayfield,5.48,61,Sun,17,18,2023-01-08,27-269,LAR,@,SEA,L 16-19 (OT),5.48,5.48,6.5,6.5,61,100.0,0,0.0,0,0.0,QB,MayfBa00
1568,Anthony Brown,5.44,78,Sun,17,18,2023-01-08,24-165,BAL,@,CIN,L 16-27,5.44,5.44,8.4,7.4,78,100.0,0,0.0,0,0.0,QB,BrowAn06
1569,Taylor Heinicke,5.44,83,Mon,10,10,2022-11-14,29-244,WAS,@,PHI,W 32-21,5.44,5.44,7.4,6.4,83,100.0,0,0.0,0,0.0,QB,HeinTa00
1570,P.J. Walker,5.42,63,Sun,6,7,2023-10-22,28-238,CLE,@,IND,W 39-38,5.42,5.42,6.4,6.4,63,84.0,0,0.0,0,0.0,QB,WalkPh00
1571,Derek Carr,5.40,33,Sun,10,10,2023-11-12,32-229,NOR,@,MIN,L 19-27,5.40,5.40,5.4,5.4,33,49.3,0,0.0,0,0.0,QB,CarrDe02
1572,C.J. Stroud,5.34,64,Sun,7,7,2024-10-20,23-017,HOU,@,GNB,L 22-24,5.34,5.34,5.3,5.3,64,100.0,0,0.0,0,0.0,QB,StroCJ00
1573,Deshaun Watson,5.34,62,Sun,12,13,2022-12-04,27-081,CLE,@,HOU,W 27-14,5.34,5.34,6.3,6.3,62,98.4,0,0.0,0,0.0,QB,WatsDe00
1574,Bailey Zappe,5.30,34,Mon,7,7,2022-10-24,23-181,NWE,,CHI,L 14-33,5.30,5.30,8.3,7.3,34,65.4,0,0.0,0,0.0,QB,ZappBa00
1575,Taysom Hill,5.26,49,Sun,6,6,2023-10-15,33-053,NOR,@,HOU,L 13-20,5.26,12.26,12.3,8.8,49,59.8,0,0.0,8,30.8,TE/QB,HillTa00
1576,Jayden Daniels,5.24,10,Sun,7,7,2024-10-20,23-307,WAS,,CAR,W 40-7,5.24,5.24,5.2,5.2,10,14.5,0,0.0,0,0.0,QB,DaniJa02
1577,Mac Jones,5.24,44,Sun,10,10,2024-11-10,26-066,JAX,,MIN,L 7-12,5.24,5.24,8.2,7.2,44,100.0,0,0.0,0,0.0,QB,JoneMa05
1578,Anthony Richardson,5.24,13,Sun,4,4,2024-09-29,22-130,IND,,PIT,W 27-24,5.24,5.24,5.2,5.2,13,19.7,0,0.0,0,0.0,QB,RichAn03
1579,Cooper Rush,5.24,67,Sun,6,6,2022-10-16,28-329,DAL,@,PHI,L 17-26,5.24,5.24,8.2,8.2,67,100.0,0,0.0,0,0.0,QB,RushCo00
1580,Bryce Young,5.22,59,Sun,10,11,2023-11-19,22-117,CAR,,DAL,L 10-33,5.22,5.22,7.2,6.2,59,100.0,0,0.0,0,0.0,QB,YounBr01
1581,Davis Mills,5.20,33,Sun,13,14,2022-12-11,24-051,HOU,@,DAL,L 23-27,5.20,5.20,6.2,6.2,33,50.0,0,0.0,0,0.0,QB,MillDa02
1582,Blaine Gabbert,5.16,14,Sun,17,18,2023-01-08,33-085,TAM,@,ATL,L 17-30,5.16,5.16,5.2,5.2,14,25.5,0,0.0,0,0.0,QB,GabbBl00
1583,Desmond Ridder,5.16,26,Sun,9,9,2024-11-03,25-064,LVR,@,CIN,L 24-41,5.16,5.16,6.2,5.2,26,42.6,0,0.0,0,0.0,QB,RiddDe00
1584,Easton Stick,5.16,37,Sun,13,14,2023-12-10,28-086,LAC,,DEN,L 7-24,5.16,5.16,6.2,5.2,37,54.4,0,0.0,0,0.0,QB,SticEa00
1585,Kenny Pickett,5.14,58,Sun,10,11,2023-11-19,25-166,PIT,@,CLE,L 10-13,5.14,5.14,5.1,5.1,58,100.0,0,0.0,0,0.0,QB,PickKe00
1586,Deshaun Watson,5.12,33,Sun,7,7,2024-10-20,29-036,CLE,,CIN,L 14-21,5.12,5.12,5.1,5.1,33,39.3,0,0.0,0,0.0,QB,WatsDe00
1587,Mac Jones,5.10,59,Sun,13,14,2024-12-08,26-094,JAX,@,TEN,W 10-6,5.10,5.10,7.1,7.1,59,100.0,0,0.0,0,0.0,QB,JoneMa05
1588,Anthony Richardson,5.08,56,Sun,3,3,2024-09-22,22-123,IND,,CHI,W 21-16,5.08,5.08,7.1,7.1,56,100.0,0,0.0,0,0.0,QB,RichAn03
1589,Baker Mayfield,5.04,57,Sun,11,11,2022-11-20,27-220,CAR,@,BAL,L 3-13,5.04,5.04,7.0,7.0,57,100.0,0,0.0,0,0.0,QB,MayfBa00
1590,Aidan O'Connell,5.04,54,Sun,13,14,2023-12-10,25-100,LVR,,MIN,L 0-3,5.04,5.04,6.0,6.0,54,100.0,0,0.0,0,0.0,QB,OConAi00
1591,Tyler Huntley,5.02,63,Sat,14,15,2022-12-17,24-317,BAL,@,CLE,L 3-13,5.02,5.02,6.0,6.0,63,100.0,0,0.0,0,0.0,QB,HuntTy01
1592,David Blough,5.00,35,Sun,17,18,2023-01-08,27-161,ARI,@,SFO,L 13-38,5.00,5.00,8.0,7.0,35,67.3,0,0.0,0,0.0,QB,BlouDa00
1593,Gardner Minshew II,5.00,59,Sun,4,4,2024-09-29,28-136,LVR,,CLE,W 20-16,5.00,5.00,5.0,5.0,59,100.0,0,0.0,0,0.0,QB,MinsGa00
1594,Aidan O'Connell,5.00,14,Sun,7,7,2023-10-22,25-051,LVR,@,CHI,L 12-30,5.00,5.00,6.0,6.0,14,21.5,0,0.0,0,0.0,QB,OConAi00
1595,Jordan Love,4.98,58,Mon,5,5,2023-10-09,24-341,GNB,@,LVR,L 13-17,4.98,4.98,8.0,8.0,58,100.0,0,0.0,0,0.0,QB,LoveJo03
1596,Justin Fields,4.94,63,Sun,3,3,2022-09-25,23-204,CHI,,HOU,W 23-20,4.94,4.94,6.9,6.9,63,100.0,0,0.0,0,0.0,QB,FielJu00
1597,Daniel Jones,4.94,71,Sun,1,1,2024-09-08,27-104,NYG,,MIN,L 6-28,4.94,4.94,6.9,6.9,71,100.0,0,0.0,0,0.0,QB,JoneDa05
1598,Kirk Cousins,4.92,46,Sun,11,11,2024-11-17,36-090,ATL,@,DEN,L 6-38,4.92,4.92,5.9,5.9,46,78.0,0,0.0,0,0.0,QB,CousKi00
1599,Justin Fields,4.92,35,Sun,6,6,2023-10-15,24-224,CHI,,MIN,L 13-19,4.92,4.92,5.9,5.9,35,53.0,0,0.0,0,0.0,QB,FielJu00
1600,Spencer Rattler,4.92,56,Mon,15,16,2024-12-23,24-086,NOR,@,GNB,L 0-34,4.92,4.92,6.9,5.9,56,100.0,0,0.0,0,0.0,QB,RattSp00
1601,Matthew Stafford,4.86,61,Sun,4,4,2024-09-29,36-235,LAR,@,CHI,L 18-24,4.86,4.86,6.9,5.9,61,100.0,0,0.0,0,0.0,QB,StafMa00
1602,Tyrod Taylor,4.84,23,Sun,5,5,2023-10-08,34-066,NYG,@,MIA,L 16-31,4.84,4.84,4.8,4.8,23,31.9,0,0.0,0,0.0,QB,TaylTy00
1603,Kyler Murray,4.76,55,Sun,9,9,2024-11-03,27-088,ARI,,CHI,W 29-9,4.76,4.76,5.8,4.8,55,94.8,0,0.0,0,0.0,QB,MurrKy00
1604,Joe Burrow,4.70,53,Sun,4,4,2023-10-01,26-295,CIN,@,TEN,L 3-27,4.70,4.70,5.7,4.7,53,100.0,0,0.0,0,0.0,QB,BurrJo01
1605,Tyler Huntley,4.66,4,Sun,16,17,2023-12-31,25-331,BAL,,MIA,W 56-19,4.66,4.66,4.7,4.7,4,7.0,0,0.0,0,0.0,QB,HuntTy01
1606,Malik Willis,4.66,18,Sun,6,6,2023-10-15,24-143,TEN,,BAL,L 16-24,4.66,4.66,4.7,4.7,18,32.7,0,0.0,0,0.0,QB,WillMa12
1607,Joshua Dobbs,4.62,53,Sun,13,14,2023-12-10,28-318,MIN,@,LVR,W 3-0,4.62,4.62,4.6,4.6,53,73.6,0,0.0,0,0.0,QB,DobbJo00
1608,Taysom Hill,4.54,15,Sun,6,6,2022-10-16,32-054,NOR,,CIN,L 26-30,4.54,4.54,4.5,4.5,15,20.8,0,0.0,6,20.7,TE/QB,HillTa00
1609,Jalen Hurts,4.54,12,Sun,15,16,2024-12-22,26-137,PHI,@,WAS,L 33-36,4.54,4.54,4.5,4.5,12,16.2,0,0.0,0,0.0,QB,HurtJa00
1610,Joshua Dobbs,4.50,55,Mon,12,12,2023-11-27,28-305,MIN,,CHI,L 10-12,4.50,4.50,8.5,8.5,55,100.0,0,0.0,0,0.0,QB,DobbJo00
1611,Zach Wilson,4.50,55,Sun,6,6,2022-10-16,23-074,NYJ,@,GNB,W 27-10,4.50,4.50,4.5,4.5,55,100.0,0,0.0,0,0.0,QB,WilsZa00
1612,Trevor Lawrence,4.48,44,Sun,16,17,2023-01-01,23-087,JAX,@,HOU,W 31-3,4.48,4.48,5.5,5.5,44,69.8,0,0.0,0,0.0,QB,LawrTr00
1613,Daniel Jones,4.46,67,Sun,1,1,2023-09-10,26-106,NYG,,DAL,L 0-40,4.46,4.46,6.5,6.5,67,95.7,0,0.0,0,0.0,QB,JoneDa05
1614,Dak Prescott,4.46,53,Sun,1,1,2022-09-11,29-044,DAL,,TAM,L 3-19,4.46,4.46,5.5,5.5,53,76.8,0,0.0,0,0.0,QB,PresDa01
1615,Geno Smith,4.46,35,Sun,14,15,2024-12-15,34-066,SEA,,GNB,L 13-30,4.46,4.46,5.5,5.5,35,59.3,0,0.0,0,0.0,QB,SmitGe00
1616,Skylar Thompson,4.46,24,Sun,6,6,2022-10-16,25-134,MIA,,MIN,L 16-24,4.46,4.46,4.5,4.5,24,30.8,0,0.0,0,0.0,QB,ThomSk00
1617,Jared Goff,4.44,65,Sun,13,14,2023-12-10,29-057,DET,@,CHI,L 13-28,4.44,4.44,7.4,6.4,65,100.0,0,0.0,0,0.0,QB,GoffJa00
1618,Anthony Richardson,4.42,22,Sun,5,5,2023-10-08,21-139,IND,,TEN,W 23-16,4.42,4.42,4.4,4.4,22,33.3,0,0.0,0,0.0,QB,RichAn03
1619,Desmond Ridder,4.34,23,Sun,13,14,2024-12-08,25-099,LVR,@,TAM,L 13-28,4.34,4.34,4.3,4.3,23,34.3,0,0.0,0,0.0,QB,RiddDe00
1620,Dak Prescott,4.32,39,Sun,5,5,2023-10-08,30-071,DAL,@,SFO,L 10-42,4.32,4.32,7.3,7.3,39,79.6,0,0.0,0,0.0,QB,PresDa01
1621,Skylar Thompson,4.28,35,Sun,3,3,2024-09-22,27-110,MIA,@,SEA,L 3-24,4.28,4.28,4.3,4.3,35,57.4,0,0.0,0,0.0,QB,ThomSk00
1622,Sam Darnold,4.26,72,Sun,5,5,2024-10-06,27-123,MIN,,NYJ,W 23-17,4.26,4.26,6.3,5.3,72,98.6,0,0.0,0,0.0,QB,DarnSa00
1623,Jimmy Garoppolo,4.24,46,Mon,8,8,2023-10-30,31-362,LVR,@,DET,L 14-26,4.24,4.24,5.2,5.2,46,100.0,0,0.0,0,0.0,QB,GaroJi00
1624,Jayden Daniels,4.22,26,Sun,17,18,2025-01-05,24-018,WAS,@,DAL,W 23-19,4.22,4.22,4.2,4.2,26,44.8,0,0.0,0,0.0,QB,DaniJa02
1625,Jaren Hall,4.22,11,Sun,9,9,2023-11-05,25-226,MIN,@,ATL,W 31-28,4.22,4.22,4.2,4.2,11,14.7,0,0.0,0,0.0,QB,HallJa00
1626,Mac Jones,4.22,48,Sun,11,11,2024-11-17,26-073,JAX,@,DET,L 6-52,4.22,4.22,5.2,5.2,48,100.0,0,0.0,0,0.0,QB,JoneMa05
1627,Ryan Tannehill,4.16,46,Sun,3,3,2023-09-24,35-059,TEN,@,CLE,L 3-27,4.16,4.16,4.2,4.2,46,95.8,0,0.0,0,0.0,QB,TannRy00
1628,Carson Wentz,4.16,57,Thu,6,6,2022-10-13,29-287,WAS,@,CHI,W 12-7,4.16,4.16,4.2,4.2,57,100.0,0,0.0,0,0.0,QB,WentCa00
1629,Bryce Young,4.16,52,Sun,17,18,2024-01-07,22-166,CAR,,TAM,L 0-9,4.16,4.16,5.2,4.2,52,100.0,0,0.0,0,0.0,QB,YounBr01
1630,Tim Boyle,4.12,45,Sun,12,13,2023-12-03,29-061,NYJ,,ATL,L 8-13,4.12,4.12,5.1,5.1,45,66.2,0,0.0,0,0.0,QB,BoylTi00
1631,Baker Mayfield,4.08,49,Sun,16,17,2023-01-01,27-262,LAR,@,LAC,L 10-31,4.08,4.08,5.1,4.1,49,100.0,0,0.0,0,0.0,QB,MayfBa00
1632,Trace McSorley,4.08,76,Sun,15,16,2022-12-25,27-124,ARI,,TAM,L 16-19 (OT),4.08,4.08,7.1,5.1,76,100.0,0,0.0,0,0.0,QB,McSoTr00
1633,Aaron Rodgers,4.04,58,Sun,10,10,2024-11-10,40-344,NYJ,@,ARI,L 6-31,4.04,4.04,5.0,4.0,58,100.0,0,0.0,0,0.0,QB,RodgAa00
1634,Jameis Winston,4.04,23,Sun,3,3,2023-09-24,29-261,NOR,@,GNB,L 17-18,4.04,4.04,4.0,4.0,23,37.7,0,0.0,0,0.0,QB,WinsJa00
1635,Daniel Jones,3.98,47,Thu,3,3,2023-09-21,26-117,NYG,@,SFO,L 12-30,3.98,3.98,5.0,5.0,47,94.0,0,0.0,0,0.0,QB,JoneDa05
1636,Brock Purdy,3.98,54,Thu,14,15,2024-12-12,24-351,SFO,,LAR,L 6-12,3.98,3.98,5.0,5.0,54,100.0,0,0.0,0,0.0,QB,PurdBr00
1637,Cooper Rush,3.98,55,Sun,5,5,2022-10-09,28-322,DAL,@,LAR,W 22-10,3.98,3.98,4.0,4.0,55,100.0,0,0.0,0,0.0,QB,RushCo00
1638,Matthew Stafford,3.96,55,Sun,6,7,2024-10-20,36-256,LAR,,LVR,W 20-15,3.96,3.96,5.0,5.0,55,100.0,0,0.0,0,0.0,QB,StafMa00
1639,Jacoby Brissett,3.92,36,Thu,3,3,2024-09-19,31-283,NWE,@,NYJ,L 3-24,3.92,3.92,3.9,3.9,36,69.2,0,0.0,0,0.0,QB,BrisJa00
1640,Kenny Pickett,3.92,28,Sun,7,8,2023-10-29,25-145,PIT,,JAX,L 10-20,3.92,3.92,3.9,3.9,28,41.8,0,0.0,0,0.0,QB,PickKe00
1641,Carson Wentz,3.92,29,Sun,17,18,2025-01-05,32-006,KAN,@,DEN,L 0-38,3.92,3.92,3.9,3.9,29,85.3,0,0.0,0,0.0,QB,WentCa00
1642,Ryan Tannehill,3.88,58,Sun,6,7,2022-10-23,34-088,TEN,,IND,W 19-10,3.88,3.88,4.9,3.9,58,98.3,0,0.0,0,0.0,QB,TannRy00
1643,Marcus Mariota,3.86,55,Sun,4,4,2022-10-02,28-337,ATL,,CLE,W 23-20,3.86,3.86,4.9,4.9,55,100.0,0,0.0,0,0.0,QB,MariMa01
1644,Tua Tagovailoa,3.84,68,Sun,14,15,2024-12-15,26-288,MIA,@,HOU,L 12-20,3.84,3.84,7.8,6.8,68,100.0,0,0.0,0,0.0,QB,TagoTu00
1645,Dorian Thompson-Robinson,3.80,79,Sun,16,17,2024-12-29,25-045,CLE,,MIA,L 3-20,3.80,3.80,5.8,4.8,79,100.0,0,0.0,0,0.0,QB,ThomDo02
1646,Brian Hoyer,3.78,27,Sun,6,6,2023-10-15,38-002,LVR,,NWE,W 21-17,3.78,3.78,3.8,3.8,27,38.6,0,0.0,0,0.0,QB,HoyeBr00
1647,P.J. Walker,3.78,75,Sun,5,6,2023-10-15,28-231,CLE,,SFO,W 19-17,3.78,3.78,5.8,5.8,75,98.7,0,0.0,0,0.0,QB,WalkPh00
1648,Tim Boyle,3.76,26,Sun,3,3,2024-09-22,29-355,MIA,@,SEA,L 3-24,3.76,3.76,3.8,3.8,26,42.6,0,0.0,0,0.0,QB,BoylTi00
1649,Andy Dalton,3.74,51,Sun,5,5,2024-10-06,36-343,CAR,@,CHI,L 10-36,3.74,3.74,4.7,4.7,51,85.0,0,0.0,0,0.0,QB,DaltAn00
1650,Malik Willis,3.74,43,Sun,17,18,2025-01-05,25-225,GNB,,CHI,L 22-24,3.74,3.74,4.7,3.7,43,66.2,0,0.0,0,0.0,QB,WillMa12
1651,Aaron Rodgers,3.70,56,Sun,1,1,2022-09-11,38-283,GNB,@,MIN,L 7-23,3.70,3.70,5.7,4.7,56,91.8,0,0.0,0,0.0,QB,RodgAa00
1652,Dorian Thompson-Robinson,3.68,38,Sun,7,7,2024-10-20,24-341,CLE,,CIN,L 14-21,3.68,3.68,5.7,5.7,38,45.2,0,0.0,0,0.0,QB,ThomDo02
1653,C.J. Stroud,3.64,48,Sun,13,14,2023-12-10,22-068,HOU,@,NYJ,L 6-30,3.64,3.64,3.6,3.6,48,85.7,0,0.0,0,0.0,QB,StroCJ00
1654,Drew Lock,3.62,17,Mon,4,4,2023-10-02,26-326,SEA,@,NYG,W 24-3,3.62,3.62,3.6,3.6,17,30.9,0,0.0,0,0.0,QB,LockDr00
1655,Tyrod Taylor,3.62,25,Sun,8,8,2023-10-29,34-087,NYG,,NYJ,L 10-13 (OT),3.62,3.62,3.6,3.6,25,33.3,0,0.0,0,0.0,QB,TaylTy00
1656,Skylar Thompson,3.60,21,Thu,2,2,2024-09-12,27-100,MIA,,BUF,L 10-31,3.60,3.60,3.6,3.6,21,27.6,0,0.0,0,0.0,QB,ThomSk00
1657,Mike White,3.60,70,Sun,16,17,2023-01-01,27-282,NYJ,@,SEA,L 6-23,3.60,3.60,6.6,5.6,70,100.0,0,0.0,0,0.0,QB,WhitMi01
1658,Kenny Pickett,3.46,49,Sun,4,4,2023-10-01,25-117,PIT,@,HOU,L 6-30,3.46,3.46,4.5,4.5,49,83.1,0,0.0,0,0.0,QB,PickKe00
1659,Nick Mullens,3.44,33,Sun,17,18,2023-01-08,27-293,MIN,@,CHI,W 29-13,3.44,3.44,4.4,4.4,33,46.5,0,0.0,0,0.0,QB,MullNi00
1660,Desmond Ridder,3.44,31,Sun,8,8,2023-10-29,24-059,ATL,@,TEN,L 23-28,3.44,3.44,4.4,3.4,31,45.6,0,0.0,0,0.0,QB,RiddDe00
1661,Joe Flacco,3.40,78,Sun,3,3,2022-09-25,37-252,NYJ,,CIN,L 12-27,3.40,3.40,7.4,5.4,78,100.0,0,0.0,0,0.0,QB,FlacJo00
1662,Mason Rudolph,3.40,54,Mon,4,4,2024-09-30,29-075,TEN,@,MIA,W 31-12,3.40,3.40,3.4,3.4,54,83.1,0,0.0,0,0.0,QB,RudoMa00
1663,Tim Boyle,3.36,23,Sun,6,7,2024-10-20,30-017,MIA,@,IND,L 10-16,3.36,3.36,3.4,3.4,23,33.3,0,0.0,0,0.0,QB,BoylTi00
1664,Nick Mullens,3.32,19,Sun,13,14,2023-12-10,28-264,MIN,@,LVR,W 3-0,3.32,3.32,3.3,3.3,19,26.4,0,0.0,0,0.0,QB,MullNi00
1665,Mason Rudolph,3.30,26,Sun,17,18,2025-01-05,29-172,TEN,,HOU,L 14-23,3.30,3.30,3.3,3.3,26,41.9,0,0.0,0,0.0,QB,RudoMa00
1666,C.J. Beathard,3.22,16,Mon,12,13,2023-12-04,30-018,JAX,,CIN,L 31-34 (OT),3.22,3.22,3.2,3.2,16,23.2,0,0.0,0,0.0,QB,BeatC.00
1667,Dak Prescott,3.22,51,Sun,6,6,2024-10-13,31-076,DAL,,DET,L 9-47,3.22,3.22,5.2,5.2,51,73.9,0,0.0,0,0.0,QB,PresDa01
1668,Joe Burrow,3.18,52,Sun,1,1,2023-09-10,26-274,CIN,@,CLE,L 3-24,3.18,3.18,3.2,3.2,52,92.9,0,0.0,0,0.0,QB,BurrJo01
1669,Derek Carr,3.18,56,Sun,4,4,2023-10-01,32-187,NOR,,TAM,L 9-26,3.18,3.18,4.2,3.2,56,86.2,0,0.0,0,0.0,QB,CarrDe02
1670,Davis Mills,3.16,13,Sun,3,3,2024-09-22,25-337,HOU,@,MIN,L 7-34,3.16,3.16,3.2,3.2,13,19.4,0,0.0,0,0.0,QB,MillDa02
1671,Bryce Young,3.12,9,Sun,5,5,2024-10-06,23-073,CAR,@,CHI,L 10-36,3.12,3.12,3.1,3.1,9,15.0,0,0.0,0,0.0,QB,YounBr01
1672,Kenny Pickett,3.10,30,Sun,12,13,2023-12-03,25-180,PIT,,ARI,L 10-24,3.10,3.10,3.1,3.1,30,49.2,0,0.0,0,0.0,QB,PickKe00
1673,Brett Rypien,3.10,58,Sun,9,9,2023-11-05,27-119,LAR,@,GNB,L 3-20,3.10,3.10,5.1,4.1,58,100.0,0,0.0,0,0.0,QB,RypiBr00
1674,Joe Flacco,3.06,54,Sun,9,9,2024-11-03,39-292,IND,@,MIN,L 13-21,3.06,3.06,5.1,4.1,54,100.0,0,0.0,0,0.0,QB,FlacJo00
1675,Gardner Minshew II,2.96,35,Sun,9,9,2024-11-03,28-171,LVR,@,CIN,L 24-41,2.96,2.96,4.0,3.0,35,57.4,0,0.0,0,0.0,QB,MinsGa00
1676,Trevor Siemian,2.90,65,Sun,17,18,2024-01-07,32-012,NYJ,@,NWE,W 17-3,2.90,2.90,2.9,2.9,65,100.0,0,0.0,0,0.0,QB,SiemTr00
1677,Jarrett Stidham,2.88,14,Sun,7,8,2022-10-30,26-083,LVR,@,NOR,L 0-24,2.88,2.88,2.9,2.9,14,24.1,0,0.0,0,0.0,QB,StidJa00
1678,Jordan Love,2.76,23,Sun,17,18,2025-01-05,26-064,GNB,,CHI,L 22-24,2.76,2.76,2.8,2.8,23,35.4,0,0.0,0,0.0,QB,LoveJo03
1679,Tommy DeVito,2.72,32,Sun,14,15,2024-12-15,26-130,NYG,,BAL,L 14-35,2.72,2.72,2.7,2.7,32,47.1,0,0.0,0,0.0,QB,DeViTo00
1680,Tommy DeVito,2.70,32,Mon,15,16,2023-12-25,25-140,NYG,@,PHI,L 25-33,2.70,2.70,2.7,2.7,32,50.8,0,0.0,0,0.0,QB,DeViTo00
1681,Geno Smith,2.68,49,Sun,8,9,2023-11-05,33-026,SEA,@,BAL,L 3-37,2.68,2.68,4.7,3.7,49,100.0,0,0.0,0,0.0,QB,SmitGe00
1682,Bryce Young,2.68,54,Sun,16,17,2023-12-31,22-159,CAR,@,JAX,L 0-26,2.68,2.68,3.7,3.7,54,100.0,0,0.0,0,0.0,QB,YounBr01
1683,Brett Rypien,2.64,10,Sun,13,14,2022-12-11,26-155,DEN,,KAN,L 28-34,2.64,2.64,3.6,3.6,10,13.9,0,0.0,0,0.0,QB,RypiBr00
1684,Skylar Thompson,2.64,66,Sun,5,5,2022-10-09,25-127,MIA,@,NYJ,L 17-40,2.64,2.64,4.6,3.6,66,98.5,0,0.0,0,0.0,QB,ThomSk00
1685,Justin Fields,2.60,7,Thu,11,12,2024-11-21,25-261,PIT,@,CLE,L 19-24,2.60,2.60,2.6,2.6,7,10.1,0,0.0,0,0.0,QB,FielJu00
1686,Jordan Love,2.60,5,Sun,1,1,2022-09-11,23-313,GNB,@,MIN,L 7-23,2.60,2.60,2.6,2.6,5,8.2,0,0.0,0,0.0,QB,LoveJo03
1687,Derek Carr,2.58,60,Thu,13,14,2022-12-08,31-255,LVR,@,LAR,L 16-17,2.58,2.58,4.6,4.6,60,100.0,0,0.0,0,0.0,QB,CarrDe02
1688,Cooper Rush,2.56,16,Sun,1,1,2022-09-11,28-294,DAL,,TAM,L 3-19,2.56,2.56,2.6,2.6,16,23.2,0,0.0,0,0.0,QB,RushCo00
1689,Taysom Hill,2.50,18,Sun,17,18,2023-01-08,32-138,NOR,,CAR,L 7-10,2.50,3.50,3.5,3.0,18,30.0,0,0.0,13,65.0,TE/QB,HillTa00
1690,Trey Lance,2.50,16,Sun,2,2,2022-09-18,22-132,SFO,,SEA,W 27-7,2.50,2.50,2.5,2.5,16,21.1,0,0.0,0,0.0,QB,LancTr00
1691,Trace McSorley,2.48,8,Sun,1,1,2022-09-11,27-019,ARI,,KAN,L 21-44,2.48,2.48,2.5,2.5,8,12.3,0,0.0,0,0.0,QB,McSoTr00
1692,Ryan Tannehill,2.42,63,Sun,1,1,2023-09-10,35-045,TEN,@,NOR,L 15-16,2.42,2.42,5.4,5.4,63,100.0,0,0.0,0,0.0,QB,TannRy00
1693,Brock Purdy,2.40,51,Mon,15,16,2023-12-25,23-363,SFO,,BAL,L 19-33,2.40,2.40,6.4,6.4,51,72.9,0,0.0,0,0.0,QB,PurdBr00
1694,Tua Tagovailoa,2.40,25,Thu,4,4,2022-09-29,24-211,MIA,@,CIN,L 15-27,2.40,2.40,3.4,3.4,25,39.1,0,0.0,0,0.0,QB,TagoTu00
1695,P.J. Walker,2.40,9,Sun,5,5,2022-10-09,27-225,CAR,,SFO,L 15-37,2.40,2.40,2.4,2.4,9,13.0,0,0.0,0,0.0,QB,WalkPh00
1696,Taysom Hill,2.30,20,Sun,10,10,2023-11-12,33-081,NOR,@,MIN,L 19-27,2.30,4.30,4.3,3.3,20,29.9,0,0.0,12,41.4,TE/QB,HillTa00
1697,P.J. Walker,2.30,37,Sun,6,6,2022-10-16,27-232,CAR,@,LAR,L 10-24,2.30,2.30,2.3,2.3,37,84.1,0,0.0,0,0.0,QB,WalkPh00
1698,Bailey Zappe,2.28,15,Sun,4,4,2023-10-01,24-158,NWE,@,DAL,L 3-38,2.28,2.28,2.3,2.3,15,27.3,0,0.0,0,0.0,QB,ZappBa00
1699,Jimmy Garoppolo,2.24,8,Sun,12,13,2022-12-04,31-032,SFO,,MIA,W 33-17,2.24,2.24,2.2,2.2,8,9.5,0,0.0,0,0.0,QB,GaroJi00
1700,Taysom Hill,2.22,33,Sun,4,4,2023-10-01,33-039,NOR,,TAM,L 9-26,2.22,3.22,3.2,2.7,33,50.8,0,0.0,10,38.5,TE/QB,HillTa00
1701,Kirk Cousins,2.20,45,Sun,10,11,2022-11-20,34-093,MIN,,DAL,L 3-40,2.20,2.20,3.2,2.2,45,78.9,0,0.0,0,0.0,QB,CousKi00
1702,Jeff Driskel,2.20,19,Sat,15,16,2022-12-24,29-245,HOU,@,TEN,W 19-14,2.20,3.20,3.2,2.7,19,28.4,0,0.0,0,0.0,QB,DrisJe00
1703,Nick Mullens,2.16,12,Sun,10,11,2022-11-20,27-244,MIN,,DAL,L 3-40,2.16,2.16,2.2,2.2,12,21.1,0,0.0,0,0.0,QB,MullNi00
1704,Brock Purdy,2.16,48,Sun,12,13,2024-12-01,24-340,SFO,@,BUF,L 10-35,2.16,2.16,3.2,2.2,48,100.0,0,0.0,0,0.0,QB,PurdBr00
1705,Kirk Cousins,2.10,81,Sun,12,13,2024-12-01,36-104,ATL,,LAC,L 13-17,2.10,2.10,6.1,6.1,81,100.0,0,0.0,0,0.0,QB,CousKi00
1706,Taysom Hill,2.10,18,Sun,3,3,2023-09-24,33-032,NOR,@,GNB,L 17-18,2.10,3.10,3.1,2.6,18,29.5,0,0.0,12,48.0,TE/QB,HillTa00
1707,Trevor Lawrence,2.10,54,Sun,9,10,2023-11-12,24-037,JAX,,SFO,L 3-34,2.10,2.10,5.1,4.1,54,94.7,0,0.0,0,0.0,QB,LawrTr00
1708,Drake Maye,2.08,16,Thu,3,3,2024-09-19,22-020,NWE,@,NYJ,L 3-24,2.08,2.08,2.1,2.1,16,30.8,0,0.0,0,0.0,QB,MayeDr00
1709,Aidan O'Connell,2.08,55,Mon,15,16,2023-12-25,25-115,LVR,@,KAN,W 20-14,2.08,2.08,2.1,2.1,55,100.0,0,0.0,0,0.0,QB,OConAi00
1710,Aidan O'Connell,2.08,14,Sun,7,7,2024-10-20,26-049,LVR,@,LAR,L 15-20,2.08,2.08,2.1,2.1,14,17.7,0,0.0,0,0.0,QB,OConAi00
1711,Nick Foles,2.04,29,Sun,16,17,2023-01-01,33-346,IND,@,NYG,L 10-38,2.04,2.04,3.0,3.0,29,50.0,0,0.0,0,0.0,QB,FoleNi00
1712,Taysom Hill,2.00,28,Sun,12,12,2022-11-27,32-096,NOR,@,SFO,L 0-13,2.00,3.00,3.0,2.5,28,49.1,0,0.0,8,47.1,TE/QB,HillTa00
1713,Taysom Hill,2.00,28,Sun,5,5,2023-10-08,33-046,NOR,@,NWE,W 34-0,2.00,3.00,3.0,2.5,28,38.9,0,0.0,16,51.6,TE/QB,HillTa00
1714,Bryce Young,1.96,48,Sun,2,2,2024-09-15,23-052,CAR,,LAC,L 3-26,1.96,1.96,3.0,3.0,48,100.0,0,0.0,0,0.0,QB,YounBr01
1715,Derek Carr,1.94,44,Sun,7,8,2022-10-30,31-216,LVR,@,NOR,L 0-24,1.94,1.94,2.9,2.9,44,75.9,0,0.0,0,0.0,QB,CarrDe02
1716,Daniel Jones,1.90,21,Sun,9,9,2023-11-05,26-162,NYG,@,LVR,L 6-30,1.90,1.90,1.9,1.9,21,33.3,0,0.0,0,0.0,QB,JoneDa05
1717,Justin Herbert,1.84,31,Sun,13,14,2023-12-10,25-275,LAC,,DEN,L 7-24,1.84,1.84,2.8,2.8,31,45.6,0,0.0,0,0.0,QB,HerbJu00
1718,Matt Ryan,1.80,48,Sun,2,2,2022-09-18,37-124,IND,@,JAX,L 0-24,1.80,1.80,4.8,4.8,48,96.0,0,0.0,0,0.0,QB,RyanMa00
1719,Jake Haener,1.78,9,Mon,5,5,2024-10-07,25-205,NOR,@,KAN,L 13-26,1.78,1.78,1.8,1.8,9,17.0,0,0.0,0,0.0,QB,HaenJa00
1720,Hendon Hooker,1.78,16,Sun,10,11,2024-11-17,26-309,DET,,JAX,W 52-6,1.78,1.78,1.8,1.8,16,20.3,0,0.0,0,0.0,QB,HookHe00
1721,Zach Wilson,1.78,29,Thu,15,16,2022-12-22,23-141,NYJ,,JAX,L 3-19,1.78,1.78,2.8,2.8,29,49.2,0,0.0,0,0.0,QB,WilsZa00
1722,Aidan O'Connell,1.76,26,Sun,5,5,2024-10-06,26-035,LVR,@,DEN,L 18-34,1.76,1.76,2.8,2.8,26,37.1,0,0.0,0,0.0,QB,OConAi00
1723,Dorian Thompson-Robinson,1.74,9,Sun,15,16,2023-12-24,24-040,CLE,@,HOU,W 36-22,1.74,1.74,1.7,1.7,9,11.0,0,0.0,0,0.0,QB,ThomDo02
1724,Justin Fields,1.70,3,Sun,10,11,2024-11-17,25-257,PIT,,BAL,W 18-16,1.70,1.70,1.7,1.7,3,3.8,0,0.0,0,0.0,QB,FielJu00
1725,Brett Rypien,1.68,20,Sun,8,8,2023-10-29,27-112,LAR,@,DAL,L 20-43,1.68,1.68,1.7,1.7,20,32.3,0,0.0,0,0.0,QB,RypiBr00
1726,Jameis Winston,1.64,9,Sun,12,13,2023-12-03,29-331,NOR,,DET,L 28-33,1.64,1.64,1.6,1.6,9,13.4,0,0.0,0,0.0,QB,WinsJa00
1727,Kenny Pickett,1.60,8,Sun,13,14,2022-12-11,24-188,PIT,,BAL,L 14-16,1.60,1.60,1.6,1.6,8,14.5,0,0.0,0,0.0,QB,PickKe00
1728,Malik Willis,1.60,10,Sun,14,15,2022-12-18,23-207,TEN,@,LAC,L 14-17,1.60,1.60,1.6,1.6,10,16.1,0,0.0,0,0.0,QB,WillMa12
1729,Andy Dalton,1.58,39,Sat,15,16,2022-12-24,35-056,NOR,@,CLE,W 17-10,1.58,1.58,2.6,2.6,39,72.2,0,0.0,0,0.0,QB,DaltAn00
1730,Drew Lock,1.54,12,Sun,7,7,2024-10-20,27-345,NYG,,PHI,L 3-28,1.54,1.54,1.5,1.5,12,20.7,0,0.0,0,0.0,QB,LockDr00
1731,Jared Goff,1.52,59,Sun,6,7,2022-10-23,28-009,DET,@,DAL,L 6-24,1.52,1.52,5.5,3.5,59,100.0,0,0.0,0,0.0,QB,GoffJa00
1732,Brian Hoyer,1.48,15,Sun,4,4,2022-10-02,36-354,NWE,@,GNB,L 24-27 (OT),1.48,1.48,1.5,1.5,15,25.9,0,0.0,0,0.0,QB,HoyeBr00
1733,Mitchell Trubisky,1.46,33,Sun,4,4,2022-10-02,28-043,PIT,,NYJ,L 20-24,1.46,1.46,2.5,2.5,33,51.6,0,0.0,0,0.0,QB,TrubMi00
1734,Trevor Siemian,1.44,23,Sun,12,13,2023-12-03,31-342,NYJ,,ATL,L 8-13,1.44,1.44,2.4,1.4,23,33.8,0,0.0,0,0.0,QB,SiemTr00
1735,Tyrod Taylor,1.44,12,Sun,4,4,2022-10-02,33-060,NYG,,CHI,W 20-12,1.44,1.44,2.4,2.4,12,18.5,0,0.0,0,0.0,QB,TaylTy00
1736,Malik Willis,1.44,10,Sun,12,13,2022-12-04,23-193,TEN,@,PHI,L 10-35,1.44,1.44,1.4,1.4,10,18.2,0,0.0,0,0.0,QB,WillMa12
1737,Taysom Hill,1.40,6,Sun,2,2,2022-09-18,32-026,NOR,,TAM,L 10-20,1.40,1.40,1.4,1.4,6,8.8,0,0.0,12,46.2,TE/QB,HillTa00
1738,Malik Willis,1.40,58,Sun,7,8,2022-10-30,23-158,TEN,@,HOU,W 17-10,1.40,1.40,2.4,2.4,58,100.0,0,0.0,0,0.0,QB,WillMa12
1739,Lamar Jackson,1.34,10,Sun,12,13,2022-12-04,25-331,BAL,,DEN,W 10-9,1.34,1.34,1.3,1.3,10,13.9,0,0.0,0,0.0,QB,JackLa00
1740,Colt McCoy,1.32,35,Sun,14,15,2022-12-18,36-104,ARI,@,DEN,L 15-24,1.32,1.32,2.3,2.3,35,53.8,0,0.0,0,0.0,QB,McCoCo00
1741,Sean Clifford,1.28,8,Sun,16,17,2023-12-31,25-170,GNB,@,MIN,W 33-10,1.28,1.28,1.3,1.3,8,10.8,0,0.0,0,0.0,QB,ClifSe00
1742,Marcus Mariota,1.24,5,Sun,12,13,2023-12-03,30-034,PHI,,SFO,L 19-42,1.24,1.24,1.2,1.2,5,6.9,0,0.0,0,0.0,QB,MariMa01
1743,Cooper Rush,1.24,8,Sun,10,11,2022-11-20,28-364,DAL,@,MIN,W 40-3,1.24,1.24,1.2,1.2,8,11.1,0,0.0,0,0.0,QB,RushCo00
1744,Dorian Thompson-Robinson,1.24,69,Sun,4,4,2023-10-01,23-321,CLE,,BAL,L 3-28,1.24,1.24,4.2,4.2,69,100.0,0,0.0,0,0.0,QB,ThomDo02
1745,Jeff Driskel,1.22,6,Sun,17,18,2023-01-08,29-260,HOU,@,IND,W 32-31,1.22,1.22,1.2,1.2,6,9.2,0,0.0,0,0.0,QB,DrisJe00
1746,Cooper Rush,1.22,18,Sun,9,10,2023-11-12,29-356,DAL,,NYG,W 49-17,1.22,1.22,2.2,2.2,18,23.1,0,0.0,0,0.0,QB,RushCo00
1747,Taylor Heinicke,1.20,1,Sun,13,14,2024-12-08,31-268,LAC,@,KAN,L 17-19,1.20,1.20,1.2,1.2,1,1.7,0,0.0,0,0.0,QB,HeinTa00
1748,Cooper Rush,1.20,7,Sun,17,18,2024-01-07,30-047,DAL,@,WAS,W 38-10,1.20,1.20,1.2,1.2,7,9.7,0,0.0,0,0.0,QB,RushCo00
1749,Brian Hoyer,1.16,51,Sun,7,7,2023-10-22,38-009,LVR,@,CHI,L 12-30,1.16,1.16,3.2,3.2,51,78.5,0,0.0,0,0.0,QB,HoyeBr00
1750,Malik Willis,1.16,9,Mon,15,16,2024-12-23,25-212,GNB,,NOR,W 34-0,1.16,1.16,1.2,1.2,9,13.0,0,0.0,0,0.0,QB,WillMa12
1751,Jeff Driskel,1.12,18,Sun,14,15,2022-12-18,29-239,HOU,,KAN,L 24-30 (OT),1.12,1.12,1.1,1.1,18,28.6,0,0.0,0,0.0,QB,DrisJe00
1752,Taysom Hill,1.12,17,Mon,9,9,2022-11-07,32-076,NOR,,BAL,L 13-27,1.12,1.12,1.1,1.1,17,33.3,0,0.0,9,34.6,TE/QB,HillTa00
1753,Mike White,1.12,20,Sun,17,18,2025-01-05,29-286,BUF,@,NWE,L 16-23,1.12,1.12,1.1,1.1,20,29.9,0,0.0,0,0.0,QB,WhitMi01
1754,Chase Daniel,1.08,13,Sun,16,17,2023-01-01,36-086,LAC,,LAR,W 31-10,1.08,1.08,1.1,1.1,13,20.3,0,0.0,0,0.0,QB,DaniCh00
1755,Jeff Driskel,1.06,15,Sun,16,17,2023-01-01,29-253,HOU,,JAX,L 3-31,1.06,1.06,1.1,1.1,15,21.4,0,0.0,0,0.0,QB,DrisJe00
1756,Ryan Tannehill,1.04,37,Sun,6,6,2023-10-15,35-080,TEN,,BAL,L 16-24,1.04,1.04,2.0,2.0,37,67.3,0,0.0,0,0.0,QB,TannRy00
1757,Jeff Driskel,1.00,3,Sun,2,2,2022-09-18,29-148,HOU,@,DEN,L 9-16,1.00,1.00,1.0,1.0,3,4.8,0,0.0,0,0.0,QB,DrisJe00
1758,Joshua Dobbs,0.98,62,Sun,1,1,2023-09-10,28-227,ARI,@,WAS,L 16-20,0.98,0.98,3.0,1.0,62,100.0,0,0.0,0,0.0,QB,DobbJo00
1759,Taylor Heinicke,0.96,10,Sun,3,3,2024-09-22,31-191,LAC,@,PIT,L 10-20,0.96,0.96,1.0,1.0,10,21.7,0,0.0,0,0.0,QB,HeinTa00
1760,Trace McSorley,0.96,15,Mon,11,11,2022-11-21,27-090,ARI,,SFO,L 10-38,0.96,0.96,2.0,2.0,15,21.1,0,0.0,0,0.0,QB,McSoTr00
1761,Nick Mullens,0.96,1,Sun,5,5,2024-10-06,29-199,MIN,,NYJ,W 23-17,0.96,0.96,1.0,1.0,1,1.4,0,0.0,0,0.0,QB,MullNi00
1762,Michael Penix,0.96,13,Sun,11,11,2024-11-17,24-193,ATL,@,DEN,L 6-38,0.96,0.96,1.0,1.0,13,22.0,0,0.0,0,0.0,QB,PeniMi00
1763,Sam Darnold,0.92,59,Sun,17,18,2023-01-08,25-217,CAR,@,NOR,W 10-7,0.92,0.92,2.9,2.9,59,100.0,0,0.0,0,0.0,QB,DarnSa00
1764,Mac Jones,0.92,18,Mon,7,7,2022-10-24,24-049,NWE,,CHI,L 14-33,0.92,0.92,1.9,1.9,18,34.6,0,0.0,0,0.0,QB,JoneMa05
1765,Kyle Trask,0.92,10,Sun,17,18,2023-01-08,24-308,TAM,@,ATL,L 17-30,0.92,0.92,0.9,0.9,10,18.2,0,0.0,0,0.0,QB,TrasKy00
1766,Ryan Tannehill,0.88,39,Mon,2,2,2022-09-19,34-054,TEN,@,BUF,L 7-41,0.88,0.88,2.9,2.9,39,69.6,0,0.0,0,0.0,QB,TannRy00
1767,Bailey Zappe,0.88,15,Sun,5,5,2023-10-08,24-165,NWE,,NOR,L 0-34,0.88,0.88,0.9,0.9,15,27.8,0,0.0,0,0.0,QB,ZappBa00
1768,Desmond Ridder,0.86,13,Sun,11,12,2024-11-24,25-085,LVR,,DEN,L 19-29,0.86,0.86,1.9,0.9,13,16.9,0,0.0,0,0.0,QB,RiddDe00
1769,Gardner Minshew II,0.82,11,Sun,7,8,2022-10-30,26-167,PHI,,PIT,W 35-13,0.82,0.82,0.8,0.8,11,19.3,0,0.0,0,0.0,QB,MinsGa00
1770,Dorian Thompson-Robinson,0.82,6,Sat,17,18,2025-01-04,25-051,CLE,@,BAL,L 10-35,0.82,0.82,0.8,0.8,6,10.2,0,0.0,0,0.0,QB,ThomDo02
1771,Bailey Zappe,0.82,57,Sun,17,18,2024-01-07,24-256,NWE,,NYJ,L 3-17,0.82,0.82,2.8,2.8,57,100.0,0,0.0,0,0.0,QB,ZappBa00
1772,Justin Fields,0.80,1,Sun,14,15,2024-12-15,25-285,PIT,@,PHI,L 13-27,0.80,0.80,0.8,0.8,1,2.3,0,0.0,0,0.0,QB,FielJu00
1773,Taylor Heinicke,0.80,10,Sat,16,17,2024-12-28,31-288,LAC,@,NWE,W 40-7,0.80,0.80,0.8,0.8,10,12.7,0,0.0,0,0.0,QB,HeinTa00
1774,Tyler Huntley,0.80,3,Sun,4,4,2023-10-01,25-240,BAL,@,CLE,W 28-3,0.80,0.80,0.8,0.8,3,5.2,0,0.0,0,0.0,QB,HuntTy01
1775,A.J. McCarron,0.80,12,Sun,17,18,2024-01-07,33-116,CIN,,CLE,W 31-14,0.80,0.80,0.8,0.8,12,18.8,0,0.0,0,0.0,QB,McCaA.00
1776,Carson Wentz,0.80,8,Sun,14,15,2024-12-15,31-351,KAN,@,CLE,W 21-7,0.80,0.80,0.8,0.8,8,10.7,0,0.0,0,0.0,QB,WentCa00
1777,Brandon Allen,0.78,16,Sun,9,9,2022-11-06,30-062,CIN,,CAR,W 42-21,0.78,0.78,0.8,0.8,16,21.6,0,0.0,0,0.0,QB,AlleBr00
1778,Kyle Allen,0.76,2,Sun,5,5,2024-10-06,28-212,PIT,,DAL,L 17-20,0.76,0.76,0.8,0.8,2,3.4,0,0.0,0,0.0,QB,AlleKy00
1779,Brock Purdy,0.74,10,Sun,7,7,2022-10-23,22-300,SFO,,KAN,L 23-44,0.74,0.74,1.7,1.7,10,12.7,0,0.0,0,0.0,QB,PurdBr00
1780,Davis Mills,0.72,2,Sun,12,13,2023-12-03,25-043,HOU,,DEN,W 22-17,0.72,0.72,0.7,0.7,2,2.9,0,0.0,0,0.0,QB,MillDa02
1781,Mitchell Trubisky,0.72,10,Sun,4,4,2023-10-01,29-042,PIT,@,HOU,L 6-30,0.72,0.72,0.7,0.7,10,16.9,0,0.0,0,0.0,QB,TrubMi00
1782,Justin Fields,0.70,2,Sun,12,13,2024-12-01,25-271,PIT,@,CIN,W 44-38,0.70,0.70,0.7,0.7,2,2.9,0,0.0,0,0.0,QB,FielJu00
1783,Josh Johnson,0.70,11,Sun,13,14,2022-12-11,36-210,SFO,,TAM,W 35-7,0.70,0.70,0.7,0.7,11,17.5,0,0.0,0,0.0,QB,JohnJo05
1784,Mac Jones,0.70,40,Sun,4,4,2023-10-01,25-026,NWE,@,DAL,L 3-38,0.70,0.70,3.7,2.7,40,72.7,0,0.0,0,0.0,QB,JoneMa05
1785,Jarrett Stidham,0.70,9,Sun,17,18,2025-01-05,28-150,DEN,,KAN,W 38-0,0.70,0.70,0.7,0.7,9,12.2,0,0.0,0,0.0,QB,StidJa00
1786,Skylar Thompson,0.68,7,Sun,10,10,2022-11-13,25-162,MIA,,CLE,W 39-17,0.68,0.68,0.7,0.7,7,10.1,0,0.0,0,0.0,QB,ThomSk00
1787,Jake Haener,0.66,21,Sun,14,15,2024-12-15,25-274,NOR,,WAS,L 19-20,0.66,0.66,1.7,1.7,21,38.2,0,0.0,0,0.0,QB,HaenJa00
1788,Hendon Hooker,0.66,11,Sun,5,6,2024-10-13,26-274,DET,@,DAL,W 47-9,0.66,0.66,0.7,0.7,11,16.2,0,0.0,0,0.0,QB,HookHe00
1789,Kyler Murray,0.66,3,Mon,13,14,2022-12-12,25-127,ARI,,NWE,L 13-27,0.66,0.66,0.7,0.7,3,4.0,0,0.0,0,0.0,QB,MurrKy00
1790,Josh Johnson,0.64,11,Wed,16,17,2024-12-25,38-224,BAL,@,HOU,W 31-2,0.64,0.64,0.6,0.6,11,17.5,0,0.0,0,0.0,QB,JohnJo05
1791,Sam Darnold,0.60,10,Sun,14,15,2023-12-17,26-195,SFO,@,ARI,W 45-29,0.60,0.60,0.6,0.6,10,17.9,0,0.0,0,0.0,QB,DarnSa00
1792,Sam Howell,0.60,54,Sun,3,3,2023-09-24,23-008,WAS,,BUF,L 3-37,0.60,0.60,4.6,4.6,54,100.0,0,0.0,0,0.0,QB,HoweSa00
1793,Jalen Hurts,0.60,28,Sun,17,18,2024-01-07,25-153,PHI,@,NYG,L 10-27,0.60,0.60,1.6,1.6,28,43.1,0,0.0,0,0.0,QB,HurtJa00
1794,Trace McSorley,0.60,30,Sun,14,15,2022-12-18,27-117,ARI,@,DEN,L 15-24,0.60,0.60,2.6,2.6,30,46.2,0,0.0,0,0.0,QB,McSoTr00
1795,Cooper Rush,0.60,7,Sun,4,4,2023-10-01,29-314,DAL,,NWE,W 38-3,0.60,0.60,0.6,0.6,7,10.0,0,0.0,0,0.0,QB,RushCo00
1796,Tommy DeVito,0.56,4,Sun,17,18,2024-01-07,25-153,NYG,,PHI,W 27-10,0.56,0.56,0.6,0.6,4,6.0,0,0.0,0,0.0,QB,DeViTo00
1797,Nick Mullens,0.56,2,Sun,11,12,2024-11-24,29-248,MIN,@,CHI,W 30-27 (OT),0.56,0.56,0.6,0.6,2,2.8,0,0.0,0,0.0,QB,MullNi00
1798,Michael Penix,0.56,7,Sun,7,7,2024-10-20,24-165,ATL,,SEA,L 14-34,0.56,0.56,0.6,0.6,7,9.6,0,0.0,0,0.0,QB,PeniMi00
1799,Trey Lance,0.54,15,Sun,9,10,2024-11-10,24-185,DAL,,PHI,L 6-34,0.54,0.54,1.5,1.5,15,25.0,0,0.0,0,0.0,QB,LancTr00
1800,Tyrod Taylor,0.52,4,Sun,14,15,2023-12-17,34-136,NYG,@,NOR,L 6-24,0.52,0.52,0.5,0.5,4,6.5,0,0.0,0,0.0,QB,TaylTy00
1801,Jeff Driskel,0.50,2,Sun,1,1,2022-09-11,29-141,HOU,,IND,T 20-20 (OT),0.50,0.50,0.5,0.5,2,2.9,0,0.0,0,0.0,QB,DrisJe00
1802,Taysom Hill,0.50,12,Sun,14,15,2023-12-17,33-116,NOR,,NYG,W 24-6,0.50,1.50,1.5,1.0,12,19.4,0,0.0,6,26.1,TE/QB,HillTa00
1803,Chris Oladokun,0.50,5,Sun,17,18,2025-01-05,27-124,KAN,@,DEN,L 0-38,0.50,0.50,0.5,0.5,5,14.7,0,0.0,0,0.0,QB,OladCh00
1804,Bryce Perkins,0.50,1,Sun,12,13,2022-12-04,25-349,LAR,,SEA,L 23-27,0.50,0.50,0.5,0.5,1,1.6,0,0.0,0,0.0,QB,PerkBr02
1805,Dorian Thompson-Robinson,0.50,2,Sun,13,14,2023-12-10,24-026,CLE,,JAX,W 31-27,0.50,0.50,0.5,0.5,2,2.6,0,0.0,0,0.0,QB,ThomDo02
1806,Aaron Rodgers,0.48,40,Sun,16,17,2024-12-29,41-027,NYJ,@,BUF,L 14-40,0.48,0.48,2.5,2.5,40,63.5,0,0.0,0,0.0,QB,RodgAa00
1807,Trace McSorley,0.46,17,Sun,17,18,2023-01-08,27-138,ARI,@,SFO,L 13-38,0.46,0.46,1.5,1.5,17,32.7,0,0.0,0,0.0,QB,McSoTr00
1808,Gardner Minshew II,0.44,9,Sun,12,13,2022-12-04,26-202,PHI,,TEN,W 35-10,0.44,0.44,0.4,0.4,9,12.3,0,0.0,0,0.0,QB,MinsGa00
1809,Desmond Ridder,0.44,3,Sun,17,18,2025-01-05,25-127,LVR,,LAC,L 20-34,0.44,0.44,0.4,0.4,3,5.9,0,0.0,0,0.0,QB,RiddDe00
1810,Taysom Hill,0.40,9,Sun,1,1,2023-09-10,33-018,NOR,,TEN,W 16-15,0.40,0.40,0.4,0.4,9,13.8,0,0.0,8,28.6,TE/QB,HillTa00
1811,Jameis Winston,0.40,3,Sun,2,2,2024-09-15,30-253,CLE,@,JAX,W 18-13,0.40,0.40,0.4,0.4,3,4.2,0,0.0,0,0.0,QB,WinsJa00
1812,C.J. Beathard,0.36,5,Sun,3,3,2023-09-24,29-312,JAX,,HOU,L 17-37,0.36,0.36,0.4,0.4,5,6.8,0,0.0,0,0.0,QB,BeatC.00
1813,Jacob Eason,0.36,7,Sun,6,6,2022-10-16,24-333,CAR,@,LAR,L 10-24,0.36,0.36,1.4,1.4,7,15.9,0,0.0,0,0.0,QB,EasoJa00
1814,Dorian Thompson-Robinson,0.36,1,Sun,7,8,2023-10-29,23-349,CLE,@,SEA,L 20-24,0.36,0.36,0.4,0.4,1,1.3,0,0.0,0,0.0,QB,ThomDo02
1815,Jameis Winston,0.34,5,Sun,5,5,2024-10-06,30-274,CLE,@,WAS,L 13-34,0.34,0.34,0.3,0.3,5,8.1,0,0.0,0,0.0,QB,WinsJa00
1816,Jordan Love,0.32,4,Sun,6,6,2022-10-16,23-348,GNB,,NYJ,L 10-27,0.32,0.32,0.3,0.3,4,5.5,0,0.0,0,0.0,QB,LoveJo03
1817,Dorian Thompson-Robinson,0.32,14,Sun,14,15,2024-12-15,25-031,CLE,,KAN,L 7-21,0.32,0.32,1.3,1.3,14,22.6,0,0.0,0,0.0,QB,ThomDo02
1818,Jacoby Brissett,0.30,1,Sat,14,15,2022-12-17,30-006,CLE,,BAL,W 13-3,0.30,0.30,0.3,0.3,1,1.5,0,0.0,0,0.0,QB,BrisJa00
1819,Kenny Pickett,0.30,14,Sun,9,10,2024-11-10,26-157,PHI,@,DAL,W 34-6,0.30,0.30,0.3,0.3,14,20.6,0,0.0,0,0.0,QB,PickKe00
1820,Brock Purdy,0.30,7,Mon,10,11,2022-11-21,22-329,SFO,@,ARI,W 38-10,0.30,0.30,0.3,0.3,7,12.1,0,0.0,0,0.0,QB,PurdBr00
1821,Cooper Rush,0.30,11,Sun,10,11,2023-11-19,29-363,DAL,@,CAR,W 33-10,0.30,0.30,0.3,0.3,11,15.3,0,0.0,0,0.0,QB,RushCo00
1822,Bryce Perkins,0.28,5,Sun,9,10,2022-11-13,25-328,LAR,,ARI,L 17-27,0.28,0.28,0.3,0.3,5,8.3,0,0.0,0,0.0,QB,PerkBr02
1823,Jordan Love,0.26,7,Sun,16,17,2023-01-01,24-060,GNB,,MIN,W 41-17,0.26,0.26,0.3,0.3,7,11.1,0,0.0,0,0.0,QB,LoveJo03
1824,Tyson Bagent,0.24,4,Sun,13,14,2024-12-08,24-183,CHI,@,SFO,L 13-38,0.24,0.24,0.2,0.2,4,7.5,0,0.0,0,0.0,QB,BageTy00
1825,C.J. Beathard,0.24,4,Sun,12,13,2022-12-04,29-018,JAX,@,DET,L 14-40,0.24,0.24,0.2,0.2,4,7.1,0,0.0,0,0.0,QB,BeatC.00
1826,Hendon Hooker,0.24,6,Sun,7,8,2024-10-27,26-288,DET,,TEN,W 52-14,0.24,0.24,0.2,0.2,6,12.5,0,0.0,0,0.0,QB,HookHe00
1827,Mac Jones,0.24,3,Sun,6,6,2024-10-13,26-038,JAX,@,CHI,L 16-35,0.24,0.24,0.2,0.2,3,4.8,0,0.0,0,0.0,QB,JoneMa05
1828,Trevor Lawrence,0.24,19,Sun,12,13,2024-12-01,25-056,JAX,,HOU,L 20-23,0.24,0.24,1.2,1.2,19,27.1,0,0.0,0,0.0,QB,LawrTr00
1829,Cooper Rush,0.24,3,Sun,2,2,2024-09-15,30-299,DAL,,NOR,L 19-44,0.24,0.24,0.2,0.2,3,4.3,0,0.0,0,0.0,QB,RushCo00
1830,Tyrod Taylor,0.24,3,Sun,1,1,2023-09-10,34-038,NYG,,DAL,L 0-40,0.24,0.24,0.2,0.2,3,4.3,0,0.0,0,0.0,QB,TaylTy00
1831,Clayton Tune,0.22,7,Sun,14,15,2024-12-15,25-267,ARI,,NWE,W 30-17,0.22,0.22,0.2,0.2,7,10.0,0,0.0,0,0.0,QB,TuneCl00
1832,Tyson Bagent,0.20,3,Mon,14,15,2024-12-16,24-191,CHI,@,MIN,L 12-30,0.20,0.20,0.2,0.2,3,4.5,0,0.0,0,0.0,QB,BageTy00
1833,C.J. Beathard,0.20,3,Sun,9,10,2023-11-12,29-361,JAX,,SFO,L 3-34,0.20,0.20,0.2,0.2,3,5.3,0,0.0,0,0.0,QB,BeatC.00
1834,Jacoby Brissett,0.20,1,Sun,16,17,2023-01-01,30-021,CLE,@,WAS,W 24-10,0.20,0.20,0.2,0.2,1,1.8,0,0.0,0,0.0,QB,BrisJa00
1835,Taysom Hill,0.20,10,Thu,15,16,2023-12-21,33-120,NOR,@,LAR,L 22-30,0.20,0.20,0.2,0.2,10,16.7,0,0.0,5,20.8,TE/QB,HillTa00
1836,Josh Johnson,0.20,6,Sun,9,9,2024-11-03,38-172,BAL,,DEN,W 41-10,0.20,0.20,0.2,0.2,6,10.5,0,0.0,0,0.0,QB,JohnJo05
1837,Case Keenum,0.20,16,Mon,2,2,2022-09-19,34-214,BUF,,TEN,W 41-7,0.20,0.20,0.2,0.2,16,23.5,0,0.0,0,0.0,QB,KeenCa00
1838,Davis Mills,0.20,7,Wed,16,17,2024-12-25,26-065,HOU,,BAL,L 2-31,0.20,0.20,0.2,0.2,7,12.5,0,0.0,0,0.0,QB,MillDa02
1839,Trevor Siemian,0.20,3,Sun,8,8,2022-10-30,30-308,CHI,@,DAL,L 29-49,0.20,0.20,0.2,0.2,3,3.8,0,0.0,0,0.0,QB,SiemTr00
1840,Tyrod Taylor,0.20,3,Thu,3,3,2023-09-21,34-049,NYG,@,SFO,L 12-30,0.20,0.20,0.2,0.2,3,6.0,0,0.0,0,0.0,QB,TaylTy00
1841,Dorian Thompson-Robinson,0.20,1,Sun,14,15,2023-12-17,24-033,CLE,,CHI,W 20-17,0.20,0.20,0.2,0.2,1,1.4,0,0.0,0,0.0,QB,ThomDo02
1842,Kyle Trask,0.20,2,Sun,12,13,2024-12-01,26-270,TAM,@,CAR,W 26-23 (OT),0.20,0.20,0.2,0.2,2,2.5,0,0.0,0,0.0,QB,TrasKy00
1843,Clayton Tune,0.20,3,Mon,7,7,2024-10-21,25-212,ARI,,LAC,W 17-15,0.20,0.20,0.2,0.2,3,5.3,0,0.0,0,0.0,QB,TuneCl00
1844,Clayton Tune,0.20,5,Sun,17,18,2025-01-05,25-288,ARI,,SFO,W 47-24,0.20,0.20,0.2,0.2,5,7.7,0,0.0,0,0.0,QB,TuneCl00
1845,Taylor Heinicke,0.16,1,Sun,14,15,2024-12-15,31-275,LAC,,TAM,L 17-40,0.16,0.16,0.2,0.2,1,1.9,0,0.0,0,0.0,QB,HeinTa00
1846,Davis Mills,0.16,8,Sun,13,14,2023-12-10,25-050,HOU,@,NYJ,L 6-30,0.16,0.16,0.2,0.2,8,14.3,0,0.0,0,0.0,QB,MillDa02
1847,Bailey Zappe,0.16,33,Sun,11,12,2023-11-26,24-214,NWE,@,NYG,L 7-10,0.16,0.16,1.2,1.2,33,48.5,0,0.0,0,0.0,QB,ZappBa00
1848,Anthony Brown,0.14,23,Sun,13,14,2022-12-11,24-137,BAL,@,PIT,W 16-14,0.14,0.14,0.1,0.1,23,37.7,0,0.0,0,0.0,QB,BrowAn06
1849,Trey Lance,0.14,3,Sun,16,17,2024-12-29,24-234,DAL,@,PHI,L 7-41,0.14,0.14,0.1,0.1,3,4.8,0,0.0,0,0.0,QB,LancTr00
1850,P.J. Walker,0.14,21,Sun,11,12,2023-11-26,28-273,CLE,@,DEN,L 12-29,0.14,0.14,1.1,0.1,21,28.8,0,0.0,0,0.0,QB,WalkPh00
1851,Case Keenum,0.12,8,Sun,5,5,2022-10-09,34-234,BUF,,PIT,W 38-3,0.12,0.12,0.1,0.1,8,14.3,0,0.0,0,0.0,QB,KeenCa00
1852,Drew Lock,0.12,1,Sun,11,12,2024-11-24,28-014,NYG,,TAM,L 7-30,0.12,0.12,0.1,0.1,1,1.7,0,0.0,0,0.0,QB,LockDr00
1853,Mason Rudolph,0.12,6,Sat,14,15,2023-12-16,28-152,PIT,@,IND,L 13-30,0.12,0.12,0.1,0.1,6,10.3,0,0.0,0,0.0,QB,RudoMa00
1854,Cooper Rush,0.12,10,Sun,5,5,2023-10-08,29-321,DAL,@,SFO,L 10-42,0.12,0.12,0.1,0.1,10,20.4,0,0.0,0,0.0,QB,RushCo00
1855,Mike White,0.12,13,Sun,12,13,2023-12-03,28-253,MIA,@,WAS,W 45-15,0.12,0.12,0.1,0.1,13,21.3,0,0.0,0,0.0,QB,WhitMi01
1856,Andy Dalton,0.10,1,Sun,5,5,2023-10-08,35-344,CAR,@,DET,L 24-42,0.10,0.10,0.1,0.1,1,1.4,0,0.0,0,0.0,QB,DaltAn00
1857,Taysom Hill,0.10,19,Sun,10,10,2022-11-13,32-082,NOR,@,PIT,L 10-20,0.10,0.10,0.1,0.1,19,40.4,0,0.0,8,33.3,TE/QB,HillTa00
1858,Clayton Tune,0.10,2,Sun,17,18,2024-01-07,24-290,ARI,,SEA,L 20-21,0.10,0.10,0.1,0.1,2,2.9,0,0.0,0,0.0,QB,TuneCl00
1859,Jameis Winston,0.10,2,Sun,3,3,2024-09-22,30-260,CLE,,NYG,L 15-21,0.10,0.10,0.1,0.1,2,3.0,0,0.0,0,0.0,QB,WinsJa00
1860,Davis Mills,0.08,1,Sun,10,11,2023-11-19,25-029,HOU,,ARI,W 21-16,0.08,0.08,0.1,0.1,1,1.5,0,0.0,0,0.0,QB,MillDa02
1861,Mitchell Trubisky,0.08,8,Sun,4,4,2024-09-29,30-040,BUF,@,BAL,L 10-35,0.08,0.08,0.1,0.1,8,13.6,0,0.0,0,0.0,QB,TrubMi00
1862,Josh Johnson,0.04,3,Sun,4,4,2024-09-29,38-137,BAL,,BUF,W 35-10,0.04,0.04,0.0,0.0,3,5.3,0,0.0,0,0.0,QB,JohnJo05
1863,Cooper Rush,0.04,18,Sun,6,6,2024-10-13,30-327,DAL,,DET,L 9-47,0.04,0.04,1.0,1.0,18,26.1,0,0.0,0,0.0,QB,RushCo00
1864,Andy Dalton,0.02,40,Sun,7,7,2024-10-20,36-357,CAR,@,WAS,L 7-40,0.02,0.02,2.0,2.0,40,93.0,0,0.0,0,0.0,QB,DaltAn00
1865,Mitchell Trubisky,0.02,8,Mon,3,3,2024-09-23,30-034,BUF,,JAX,W 47-10,0.02,0.02,0.0,0.0,8,12.5,0,0.0,0,0.0,QB,TrubMi00
1866,Brandon Allen,0.00,1,Mon,1,1,2024-09-09,32-004,SFO,,NYJ,W 32-19,0.00,0.00,-0.1,-0.1,1,1.4,0,0.0,0,0.0,QB,AlleBr00
1867,Josh Allen,0.00,1,Sun,17,18,2025-01-05,28-229,BUF,@,NWE,L 16-23,0.00,0.00,0.0,0.0,1,1.5,0,0.0,0,0.0,QB,AlleJo02
1868,Kyle Allen,0.00,4,Sun,2,2,2023-09-17,27-193,BUF,,LVR,W 38-10,0.00,0.00,-0.2,-0.2,4,5.1,0,0.0,0,0.0,QB,AlleKy00
1869,Kyle Allen,0.00,11,Sun,3,3,2023-09-24,27-200,BUF,@,WAS,W 37-3,0.00,0.00,-0.2,-0.2,11,16.2,0,0.0,0,0.0,QB,AlleKy00
1870,Kyle Allen,0.00,8,Sun,4,4,2023-10-01,27-207,BUF,,MIA,W 48-20,0.00,0.00,-0.3,-0.3,8,13.8,0,0.0,0,0.0,QB,AlleKy00
1871,Kyle Allen,0.00,2,Sun,6,6,2023-10-15,27-221,BUF,,NYG,W 14-9,0.00,0.00,0.0,0.0,2,3.3,0,0.0,0,0.0,QB,AlleKy00
1872,Kyle Allen,0.00,4,Sun,11,11,2023-11-19,27-256,BUF,,NYJ,W 32-6,0.00,0.00,-0.2,-0.2,4,5.3,0,0.0,0,0.0,QB,AlleKy00
1873,Kyle Allen,0.00,7,Sun,14,15,2023-12-17,27-284,BUF,,DAL,W 31-10,0.00,0.00,-0.2,-0.2,7,10.3,0,0.0,0,0.0,QB,AlleKy00
1874,Kyle Allen,0.00,2,Sun,16,17,2023-12-31,27-298,BUF,,NWE,W 27-21,0.00,0.00,-0.2,-0.2,2,2.9,0,0.0,0,0.0,QB,AlleKy00
1875,Tyson Bagent,0.00,3,Sun,5,5,2024-10-06,24-120,CHI,,CAR,W 36-10,0.00,0.00,-0.4,-0.4,3,4.0,0,0.0,0,0.0,QB,BageTy00
1876,Tyson Bagent,0.00,3,Sun,6,6,2024-10-13,24-127,CHI,,JAX,W 35-16,0.00,0.00,-0.3,-0.3,3,4.5,0,0.0,0,0.0,QB,BageTy00
1877,Matt Barkley,0.00,6,Sun,16,17,2023-12-31,33-114,JAX,,CAR,W 26-0,0.00,0.00,-0.3,-0.3,6,9.5,0,0.0,0,0.0,QB,BarkMa00
1878,C.J. Beathard,0.00,1,Sun,3,3,2022-09-25,28-313,JAX,@,LAC,W 38-10,0.00,0.00,-0.1,-0.1,1,1.3,0,0.0,0,0.0,QB,BeatC.00
1879,C.J. Beathard,0.00,3,Thu,15,16,2022-12-22,29-036,JAX,@,NYJ,W 19-3,0.00,0.00,-0.3,-0.3,3,4.2,0,0.0,0,0.0,QB,BeatC.00
1880,C.J. Beathard,0.00,3,Sun,6,6,2023-10-15,29-333,JAX,,IND,W 37-20,0.00,0.00,-0.2,-0.2,3,4.7,0,0.0,0,0.0,QB,BeatC.00
1881,C.J. Beathard,0.00,8,Sun,10,11,2023-11-19,30-003,JAX,,TEN,W 34-14,0.00,0.00,0.0,0.0,8,11.3,0,0.0,0,0.0,QB,BeatC.00
1882,Teddy Bridgewater,0.00,3,Sun,3,3,2022-09-25,29-319,MIA,,BUF,W 21-19,0.00,0.00,0.0,0.0,3,7.0,0,0.0,0,0.0,QB,BridTe00
1883,Teddy Bridgewater,0.00,1,Sun,5,5,2022-10-09,29-333,MIA,@,NYJ,L 17-40,0.00,0.00,0.0,0.0,1,1.5,0,0.0,0,0.0,QB,BridTe00
1884,Teddy Bridgewater,0.00,3,Sun,5,5,2023-10-08,30-332,DET,,CAR,W 42-24,0.00,0.00,-0.2,-0.2,3,5.0,0,0.0,0,0.0,QB,BridTe00
1885,Jacoby Brissett,0.00,1,Sun,12,13,2022-12-04,29-358,CLE,@,HOU,W 27-14,0.00,0.00,0.0,0.0,1,1.6,0,0.0,0,0.0,QB,BrisJa00
1886,Jacoby Brissett,0.00,1,Sun,13,14,2022-12-11,30-000,CLE,@,CIN,L 10-23,0.00,0.00,0.0,0.0,1,1.4,0,0.0,0,0.0,QB,BrisJa00
1887,Jacoby Brissett,0.00,1,Sun,17,18,2023-01-08,30-028,CLE,@,PIT,L 14-28,0.00,0.00,0.0,0.0,1,1.6,0,0.0,0,0.0,QB,BrisJa00
1888,Jacoby Brissett,0.00,3,Sun,13,13,2023-12-03,30-357,WAS,,MIA,L 15-45,0.00,0.00,0.0,0.0,3,5.5,0,0.0,0,0.0,QB,BrisJa00
1889,Jacoby Brissett,0.00,1,Sun,13,13,2024-12-01,31-356,NWE,,IND,L 24-25,0.00,0.00,0.0,0.0,1,1.4,0,0.0,0,0.0,QB,BrisJa00
1890,Jacoby Brissett,0.00,10,Sat,16,17,2024-12-28,32-017,NWE,,LAC,L 7-40,0.00,0.00,-0.1,-0.1,10,18.9,0,0.0,0,0.0,QB,BrisJa00
1891,Jake Browning,0.00,4,Sun,1,1,2023-09-10,27-152,CIN,@,CLE,L 3-24,0.00,0.00,-0.1,-0.1,4,7.1,0,0.0,0,0.0,QB,BrowJa08
1892,Jake Browning,0.00,3,Sun,8,8,2024-10-27,28-199,CIN,,PHI,L 17-37,0.00,0.00,0.0,0.0,3,5.2,0,0.0,0,0.0,QB,BrowJa08
1893,Jake Browning,0.00,1,Sun,9,9,2024-11-03,28-206,CIN,,LVR,W 41-24,0.00,0.00,-0.1,-0.1,1,1.4,0,0.0,0,0.0,QB,BrowJa08
1894,Jake Browning,0.00,1,Sun,15,16,2024-12-22,28-255,CIN,,CLE,W 24-6,0.00,0.00,-0.1,-0.1,1,1.8,0,0.0,0,0.0,QB,BrowJa08
1895,Sean Clifford,0.00,5,Sun,1,1,2023-09-10,25-058,GNB,@,CHI,W 38-20,0.00,0.00,0.0,0.0,5,8.3,0,0.0,0,0.0,QB,ClifSe00
1896,Malik Cunningham,0.00,6,Sun,6,6,2023-10-15,25-009,NWE,@,LVR,L 17-21,0.00,0.00,0.0,0.0,6,10.0,0,0.0,0,0.0,QB,CunnMa00
1897,Malik Cunningham,0.00,4,Sat,17,18,2024-01-06,25-092,BAL,,PIT,L 10-17,0.00,0.00,0.0,0.0,4,7.0,0,0.0,0,0.0,QB,CunnMa00
1898,Andy Dalton,0.00,1,Mon,2,2,2023-09-18,35-324,CAR,,NOR,L 17-20,0.00,0.00,0.0,0.0,1,1.7,0,0.0,0,0.0,QB,DaltAn00
1899,Andy Dalton,0.00,5,Sun,1,1,2024-09-08,36-315,CAR,@,NOR,L 10-47,0.00,0.00,0.0,0.0,5,8.5,0,0.0,0,0.0,QB,DaltAn00
1900,Chase Daniel,0.00,1,Thu,2,2,2022-09-15,35-343,LAC,@,KAN,L 24-27,0.00,0.00,0.0,0.0,1,1.3,0,0.0,0,0.0,QB,DaniCh00
1901,Chase Daniel,0.00,3,Sun,9,10,2022-11-13,36-037,LAC,@,SFO,L 16-22,0.00,0.00,0.0,0.0,3,5.2,0,0.0,0,0.0,QB,DaniCh00
1902,Sam Darnold,0.00,2,Sun,1,1,2023-09-10,26-097,SFO,@,PIT,W 30-7,0.00,0.00,-0.2,-0.2,2,2.9,0,0.0,0,0.0,QB,DarnSa00
1903,Sam Darnold,0.00,4,Thu,3,3,2023-09-21,26-108,SFO,,NYG,W 30-12,0.00,0.00,-0.1,-0.1,4,4.8,0,0.0,0,0.0,QB,DarnSa00
1904,Sam Darnold,0.00,1,Sun,4,4,2023-10-01,26-118,SFO,,ARI,W 35-16,0.00,0.00,-0.1,-0.1,1,1.8,0,0.0,0,0.0,QB,DarnSa00
1905,Sam Darnold,0.00,11,Sun,5,5,2023-10-08,26-125,SFO,,DAL,W 42-10,0.00,0.00,-0.1,-0.1,11,15.5,0,0.0,0,0.0,QB,DarnSa00
1906,Sam Darnold,0.00,4,Sun,12,13,2023-12-03,26-181,SFO,@,PHI,W 42-19,0.00,0.00,-0.1,-0.1,4,6.8,0,0.0,0,0.0,QB,DarnSa00
1907,Sam Darnold,0.00,5,Sun,16,17,2023-12-31,26-209,SFO,@,WAS,W 27-10,0.00,0.00,-0.2,-0.2,5,7.1,0,0.0,0,0.0,QB,DarnSa00
1908,Tommy DeVito,0.00,1,Sun,13,14,2024-12-08,26-123,NYG,,NOR,L 11-14,0.00,0.00,0.0,0.0,1,1.3,0,0.0,0,0.0,QB,DeViTo00
1909,Jeff Driskel,0.00,1,Sun,2,2,2024-09-15,31-145,WAS,,NYG,W 21-18,0.00,0.00,0.0,0.0,1,1.4,0,0.0,0,0.0,QB,DrisJe00
1910,Sam Ehlinger,0.00,3,Sun,13,14,2023-12-10,25-071,IND,@,CIN,L 14-34,0.00,0.00,0.0,0.0,3,4.7,0,0.0,0,0.0,QB,EhliSa00
1911,Joe Flacco,0.00,1,Sun,8,8,2024-10-27,39-285,IND,@,HOU,L 20-23,0.00,0.00,0.0,0.0,1,1.6,0,0.0,0,0.0,QB,FlacJo00
1912,Nick Foles,0.00,2,Sun,2,2,2022-09-18,33-241,IND,@,JAX,L 0-24,0.00,0.00,0.0,0.0,2,4.0,0,0.0,0,0.0,QB,FoleNi00
1913,Feleipe Franks,0.00,1,Sun,3,3,2022-09-25,24-277,ATL,@,SEA,W 27-23,0.00,0.00,0.0,0.0,1,1.8,0,0.0,2,8.0,QB,FranFe00
1914,Feleipe Franks,0.00,5,Sun,4,4,2022-10-02,24-284,ATL,,CLE,W 23-20,0.00,0.00,0.0,0.0,5,9.1,0,0.0,3,11.5,QB,FranFe00
1915,Feleipe Franks,0.00,30,Sun,5,5,2022-10-09,24-291,ATL,@,TAM,L 15-21,0.00,0.00,0.0,0.0,30,45.5,0,0.0,7,31.8,QB,FranFe00
1916,Feleipe Franks,0.00,1,Sun,7,7,2022-10-23,24-305,ATL,@,CIN,L 17-35,0.00,0.00,0.0,0.0,1,2.1,0,0.0,11,44.0,QB,FranFe00
1917,Feleipe Franks,0.00,5,Sun,8,8,2022-10-30,24-312,ATL,,CAR,W 37-34 (OT),0.00,0.00,0.0,0.0,5,7.5,0,0.0,18,51.4,QB,FranFe00
1918,Feleipe Franks,0.00,4,Sun,9,9,2022-11-06,24-319,ATL,,LAC,L 17-20,0.00,0.00,0.0,0.0,4,6.6,0,0.0,7,29.2,QB,FranFe00
1919,Feleipe Franks,0.00,3,Sun,13,13,2022-12-04,24-347,ATL,,PIT,L 16-19,0.00,0.00,0.0,0.0,3,5.6,0,0.0,8,32.0,QB,FranFe00
1920,Feleipe Franks,0.00,4,Sun,14,15,2022-12-18,24-361,ATL,@,NOR,L 18-21,0.00,0.00,0.0,0.0,4,5.4,0,0.0,12,54.5,QB,FranFe00
1921,Feleipe Franks,0.00,1,Sat,15,16,2022-12-24,25-002,ATL,@,BAL,L 9-17,0.00,0.00,0.0,0.0,1,1.4,0,0.0,8,38.1,QB,FranFe00
1922,Jimmy Garoppolo,0.00,3,Sun,17,18,2024-01-07,32-066,LVR,,DEN,W 27-14,0.00,0.00,0.0,0.0,3,4.5,0,0.0,0,0.0,QB,GaroJi00
1923,Jake Haener,0.00,6,Sun,1,1,2024-09-08,25-176,NOR,,CAR,W 47-10,0.00,0.00,0.0,0.0,6,9.1,0,0.0,0,0.0,QB,HaenJa00
1924,Jake Haener,0.00,6,Sun,2,2,2024-09-15,25-183,NOR,@,DAL,W 44-19,0.00,0.00,-0.3,-0.3,6,10.2,0,0.0,0,0.0,QB,HaenJa00
1925,Jake Haener,0.00,2,Sun,11,11,2024-11-17,25-246,NOR,,CLE,W 35-14,0.00,0.00,-0.2,-0.2,2,3.3,0,0.0,0,0.0,QB,HaenJa00
1926,Jake Haener,0.00,5,Sun,13,14,2024-12-08,25-267,NOR,@,NYG,W 14-11,0.00,0.00,-0.1,-0.1,5,7.4,0,0.0,0,0.0,QB,HaenJa00
1927,Chad Henne,0.00,5,Sun,1,1,2022-09-11,37-071,KAN,@,ARI,W 44-21,0.00,0.00,0.0,0.0,5,7.1,0,0.0,0,0.0,QB,HennCh01
1928,Chad Henne,0.00,6,Sun,7,7,2022-10-23,37-113,KAN,@,SFO,W 44-23,0.00,0.00,-0.3,-0.3,6,9.4,0,0.0,0,0.0,QB,HennCh01
1929,Chad Henne,0.00,7,Sat,17,18,2023-01-07,37-189,KAN,@,LVR,W 31-13,0.00,0.00,-0.2,-0.2,7,11.9,0,0.0,0,0.0,QB,HennCh01
1930,Sam Howell,0.00,1,Sun,7,7,2024-10-20,24-034,SEA,@,ATL,W 34-14,0.00,0.00,0.0,0.0,1,1.7,0,0.0,0,0.0,QB,HoweSa00
1931,Brian Hoyer,0.00,2,Sun,1,1,2023-09-10,37-332,LVR,@,DEN,W 17-16,0.00,0.00,0.0,0.0,2,3.4,0,0.0,0,0.0,QB,HoyeBr00
1932,Tyler Huntley,0.00,1,Sun,11,12,2022-11-27,24-297,BAL,@,JAX,L 27-28,0.00,0.00,0.0,0.0,1,1.4,0,0.0,0,0.0,QB,HuntTy01
1933,Tyler Huntley,0.00,3,Sun,7,7,2023-10-22,25-261,BAL,,DET,W 38-6,0.00,0.00,0.0,0.0,3,5.0,0,0.0,0,0.0,QB,HuntTy01
1934,Josh Johnson,0.00,3,Mon,7,7,2024-10-21,38-159,BAL,@,TAM,W 41-31,0.00,0.00,0.0,0.0,3,5.1,0,0.0,0,0.0,QB,JohnJo05
1935,Josh Johnson,0.00,10,Sun,14,15,2024-12-15,38-214,BAL,@,NYG,W 35-14,0.00,0.00,-0.1,-0.1,10,16.9,0,0.0,0,0.0,QB,JohnJo05
1936,Josh Johnson,0.00,3,Sat,17,18,2025-01-04,38-234,BAL,,CLE,W 35-10,0.00,0.00,0.0,0.0,3,4.3,0,0.0,0,0.0,QB,JohnJo05
1937,Josh Johnson,0.00,11,Sun,17,18,2023-01-08,36-238,SFO,,ARI,W 38-13,0.00,0.00,0.0,0.0,11,17.7,0,0.0,0,0.0,QB,JohnJo05
1938,Trey Lance,0.00,2,Sun,11,12,2024-11-24,24-199,DAL,@,WAS,W 34-26,0.00,0.00,-0.3,-0.3,2,3.0,0,0.0,0,0.0,QB,LancTr00
1939,Marcus Mariota,0.00,9,Sun,5,5,2024-10-06,30-342,WAS,,CLE,W 34-13,0.00,0.00,0.1,0.1,9,13.4,0,0.0,0,0.0,QB,MariMa01
1940,Marcus Mariota,0.00,2,Sun,13,14,2023-12-10,30-041,PHI,@,DAL,L 13-33,0.00,0.00,0.0,0.0,2,3.6,0,0.0,0,0.0,QB,MariMa01
1941,Drake Maye,0.00,3,Sun,17,18,2025-01-05,22-128,NWE,,BUF,W 23-16,0.00,0.00,0.0,0.0,3,4.7,0,0.0,0,0.0,QB,MayeDr00
1942,A.J. McCarron,0.00,5,Sun,13,14,2023-12-10,33-088,CIN,,IND,W 34-14,0.00,0.00,0.0,0.0,5,8.3,0,0.0,0,0.0,QB,McCaA.00
1943,Trace McSorley,0.00,2,Sun,10,10,2022-11-13,27-082,ARI,@,LAR,W 27-17,0.00,0.00,0.0,0.0,2,2.9,0,0.0,0,0.0,QB,McSoTr00
1944,Davis Mills,0.00,1,Sun,14,15,2023-12-17,25-057,HOU,@,TEN,W 19-16 (OT),0.00,0.00,0.0,0.0,1,1.3,0,0.0,0,0.0,QB,MillDa02
1945,Davis Mills,0.00,3,Sun,16,17,2023-12-31,25-071,HOU,,TEN,W 26-3,0.00,0.00,0.0,0.0,3,4.9,0,0.0,0,0.0,QB,MillDa02
1946,Davis Mills,0.00,3,Sun,6,6,2024-10-13,25-358,HOU,@,NWE,W 41-21,0.00,0.00,0.0,0.0,3,4.5,0,0.0,0,0.0,QB,MillDa02
1947,Gardner Minshew II,0.00,5,Sun,13,14,2022-12-11,26-209,PHI,@,NYG,W 48-22,0.00,0.00,-0.1,-0.1,5,7.4,0,0.0,0,0.0,QB,MinsGa00
1948,Gardner Minshew II,0.00,3,Sun,1,1,2023-09-10,27-117,IND,,JAX,L 21-31,0.00,0.00,0.0,0.0,3,4.2,0,0.0,0,0.0,QB,MinsGa00
1949,Nick Mullens,0.00,1,Sun,8,9,2022-11-06,27-230,MIN,@,WAS,W 20-17,0.00,0.00,-0.1,-0.1,1,1.5,0,0.0,0,0.0,QB,MullNi00
1950,Nick Mullens,0.00,2,Sun,3,3,2024-09-22,29-185,MIN,,HOU,W 34-7,0.00,0.00,0.0,0.0,2,3.2,0,0.0,0,0.0,QB,MullNi00
1951,Nick Mullens,0.00,2,Sun,13,14,2024-12-08,29-262,MIN,,ATL,W 42-21,0.00,0.00,-0.2,-0.2,2,3.3,0,0.0,0,0.0,QB,MullNi00
1952,Bryce Perkins,0.00,4,Sun,15,16,2022-12-25,26-005,LAR,,DEN,W 51-14,0.00,0.00,-0.2,-0.2,4,6.2,0,0.0,0,0.0,QB,PerkBr02
1953,Nathan Peterman,0.00,1,Sun,14,15,2022-12-18,28-228,CHI,,PHI,L 20-25,0.00,0.00,0.0,0.0,1,1.7,0,0.0,0,0.0,QB,PeteNa00
1954,Nathan Peterman,0.00,3,Sun,7,7,2023-10-22,29-171,CHI,,LVR,W 30-12,0.00,0.00,-0.4,-0.4,3,4.2,0,0.0,0,0.0,QB,PeteNa00
1955,Nathan Peterman,0.00,1,Sun,17,18,2024-01-07,29-248,CHI,@,GNB,L 9-17,0.00,0.00,0.0,0.0,1,2.1,0,0.0,0,0.0,QB,PeteNa00
1956,Kenny Pickett,0.00,12,Sun,6,7,2024-10-20,26-136,PHI,@,NYG,W 28-3,0.00,0.00,0.0,0.0,12,18.2,0,0.0,0,0.0,QB,PickKe00
1957,Kenny Pickett,0.00,2,Sun,11,12,2024-11-24,26-171,PHI,@,LAR,W 37-20,0.00,0.00,-0.2,-0.2,2,2.7,0,0.0,0,0.0,QB,PickKe00
1958,Brock Purdy,0.00,1,Sun,5,5,2022-10-09,22-286,SFO,@,CAR,W 37-15,0.00,0.00,-0.1,-0.1,1,1.5,0,0.0,0,0.0,QB,PurdBr00
1959,Aaron Rodgers,0.00,4,Mon,1,1,2023-09-11,39-283,NYJ,,BUF,W 22-16 (OT),0.00,0.00,0.0,0.0,4,7.4,0,0.0,0,0.0,QB,RodgAa00
1960,Cooper Rush,0.00,3,Sun,12,13,2022-12-04,29-013,DAL,,IND,W 54-19,0.00,0.00,0.0,0.0,3,4.4,0,0.0,0,0.0,QB,RushCo00
1961,Cooper Rush,0.00,6,Sun,17,18,2023-01-08,29-048,DAL,@,WAS,L 6-26,0.00,0.00,0.0,0.0,6,9.0,0,0.0,0,0.0,QB,RushCo00
1962,Cooper Rush,0.00,7,Sun,1,1,2023-09-10,29-293,DAL,@,NYG,W 40-0,0.00,0.00,0.0,0.0,7,12.1,0,0.0,0,0.0,QB,RushCo00
1963,Cooper Rush,0.00,9,Sun,7,8,2023-10-29,29-342,DAL,,LAR,W 43-20,0.00,0.00,-0.2,-0.2,9,13.8,0,0.0,0,0.0,QB,RushCo00
1964,Cooper Rush,0.00,1,Sun,1,1,2024-09-08,30-292,DAL,@,CLE,W 33-17,0.00,0.00,-0.1,-0.1,1,1.6,0,0.0,0,0.0,QB,RushCo00
1965,Jarrett Stidham,0.00,4,Sat,14,15,2023-12-16,27-130,DEN,@,DET,L 17-42,0.00,0.00,0.0,0.0,4,6.3,0,0.0,0,0.0,QB,StidJa00
1966,Jarrett Stidham,0.00,2,Thu,7,7,2024-10-17,28-070,DEN,@,NOR,W 33-10,0.00,0.00,-0.2,-0.2,2,3.1,0,0.0,0,0.0,QB,StidJa00
1967,Jarrett Stidham,0.00,3,Sun,11,11,2024-11-17,28-101,DEN,,ATL,W 38-6,0.00,0.00,0.0,0.0,3,4.8,0,0.0,0,0.0,QB,StidJa00
1968,Jarrett Stidham,0.00,1,Sun,6,7,2022-10-23,26-076,LVR,,HOU,W 38-20,0.00,0.00,0.0,0.0,1,1.8,0,0.0,0,0.0,QB,StidJa00
1969,Jarrett Stidham,0.00,1,Sun,11,12,2022-11-27,26-111,LVR,@,SEA,W 40-34 (OT),0.00,0.00,0.0,0.0,1,1.3,0,0.0,0,0.0,QB,StidJa00
1970,Nate Sudfeld,0.00,2,Sun,12,13,2022-12-04,29-058,DET,,JAX,W 40-14,0.00,0.00,-0.1,-0.1,2,2.6,0,0.0,0,0.0,QB,SudfNa00
1971,Nate Sudfeld,0.00,7,Sun,16,17,2023-01-01,29-086,DET,,CHI,W 41-10,0.00,0.00,-0.3,-0.3,7,9.9,0,0.0,0,0.0,QB,SudfNa00
1972,Tyrod Taylor,0.00,8,Sun,16,17,2023-01-01,33-151,NYG,,IND,W 38-10,0.00,0.00,0.0,0.0,8,12.7,0,0.0,0,0.0,QB,TaylTy00
1973,Tyrod Taylor,0.00,2,Mon,4,4,2023-10-02,34-060,NYG,,SEA,L 3-24,0.00,0.00,0.0,0.0,2,2.7,0,0.0,0,0.0,QB,TaylTy00
1974,Dorian Thompson-Robinson,0.00,5,Sun,3,3,2023-09-24,23-314,CLE,,TEN,W 27-3,0.00,0.00,0.0,0.0,5,7.0,0,0.0,0,0.0,QB,ThomDo02
1975,Dorian Thompson-Robinson,0.00,4,Sun,10,11,2024-11-17,25-003,CLE,@,NOR,L 14-35,0.00,0.00,0.0,0.0,4,5.5,0,0.0,0,0.0,QB,ThomDo02
1976,Dorian Thompson-Robinson,0.00,1,Thu,11,12,2024-11-21,25-007,CLE,,PIT,W 24-19,0.00,0.00,0.0,0.0,1,1.7,0,0.0,0,0.0,QB,ThomDo02
1977,Skylar Thompson,0.00,2,Sun,11,12,2024-11-24,27-173,MIA,,NWE,W 34-15,0.00,0.00,0.0,0.0,2,2.9,0,0.0,0,0.0,QB,ThomSk00
1978,Kyle Trask,0.00,1,Sun,9,10,2023-11-12,25-251,TAM,,TEN,W 20-6,0.00,0.00,-0.1,-0.1,1,1.5,0,0.0,0,0.0,QB,TrasKy00
1979,Kyle Trask,0.00,2,Sun,11,12,2023-11-26,25-265,TAM,@,IND,L 20-27,0.00,0.00,0.0,0.0,2,3.3,0,0.0,0,0.0,QB,TrasKy00
1980,Kyle Trask,0.00,2,Sun,1,1,2024-09-08,26-186,TAM,,WAS,W 37-20,0.00,0.00,-0.2,-0.2,2,3.1,0,0.0,0,0.0,QB,TrasKy00
1981,Kyle Trask,0.00,4,Sun,14,15,2024-12-15,26-284,TAM,@,LAC,W 40-17,0.00,0.00,0.0,0.0,4,5.6,0,0.0,0,0.0,QB,TrasKy00
1982,Kyle Trask,0.00,11,Sun,16,17,2024-12-29,26-298,TAM,,CAR,W 48-14,0.00,0.00,-0.2,-0.2,11,14.3,0,0.0,0,0.0,QB,TrasKy00
1983,Mitchell Trubisky,0.00,4,Thu,2,2,2024-09-12,30-023,BUF,@,MIA,W 31-10,0.00,0.00,-0.2,-0.2,4,8.9,0,0.0,0,0.0,QB,TrubMi00
1984,Mitchell Trubisky,0.00,1,Sun,5,5,2024-10-06,30-047,BUF,@,HOU,L 20-23,0.00,0.00,0.0,0.0,1,1.6,0,0.0,0,0.0,QB,TrubMi00
1985,Mitchell Trubisky,0.00,7,Sun,8,8,2024-10-27,30-068,BUF,@,SEA,W 31-10,0.00,0.00,-0.3,-0.3,7,9.2,0,0.0,0,0.0,QB,TrubMi00
1986,Mitchell Trubisky,0.00,1,Sun,10,10,2024-11-10,30-082,BUF,@,IND,W 30-20,0.00,0.00,-0.1,-0.1,1,1.4,0,0.0,0,0.0,QB,TrubMi00
1987,Clayton Tune,0.00,1,Sun,12,12,2023-11-26,24-248,ARI,,LAR,L 14-37,0.00,0.00,2.0,2.0,1,1.4,0,0.0,0,0.0,QB,TuneCl00
1988,Clayton Tune,0.00,2,Sun,14,15,2023-12-17,24-269,ARI,,SFO,L 29-45,0.00,0.00,0.0,0.0,2,2.7,0,0.0,0,0.0,QB,TuneCl00
1989,Clayton Tune,0.00,1,Sun,16,17,2023-12-31,24-283,ARI,@,PHI,W 35-31,0.00,0.00,0.0,0.0,1,1.3,0,0.0,0,0.0,QB,TuneCl00
1990,Clayton Tune,0.00,6,Sun,2,2,2024-09-15,25-176,ARI,,LAR,W 41-10,0.00,0.00,-1.6,-2.6,6,9.1,0,0.0,0,0.0,QB,TuneCl00
1991,Clayton Tune,0.00,3,Sun,9,9,2024-11-03,25-225,ARI,,CHI,W 29-9,0.00,0.00,0.0,0.0,3,5.2,0,0.0,0,0.0,QB,TuneCl00
1992,Clayton Tune,0.00,7,Sun,10,10,2024-11-10,25-232,ARI,,NYJ,W 31-6,0.00,0.00,-0.1,-0.1,7,11.9,0,0.0,0,0.0,QB,TuneCl00
1993,P.J. Walker,0.00,6,Sun,8,9,2023-11-05,28-252,CLE,,ARI,W 27-0,0.00,0.00,0.0,0.0,6,8.2,0,0.0,0,0.0,QB,WalkPh00
1994,P.J. Walker,0.00,1,Sun,9,10,2023-11-12,28-259,CLE,@,BAL,W 33-31,0.00,0.00,0.0,0.0,1,1.3,0,0.0,0,0.0,QB,WalkPh00
1995,Carson Wentz,0.00,1,Sun,6,7,2024-10-20,31-295,KAN,@,SFO,W 28-18,0.00,0.00,0.0,0.0,1,1.4,0,0.0,0,0.0,QB,WentCa00
1996,Carson Wentz,0.00,3,Sun,11,12,2023-11-26,30-331,LAR,@,ARI,W 37-14,0.00,0.00,0.0,0.0,3,4.5,0,0.0,0,0.0,QB,WentCa00
1997,Mike White,0.00,11,Sun,6,6,2023-10-15,28-204,MIA,,CAR,W 42-21,0.00,0.00,-1.4,-1.4,11,16.4,0,0.0,0,0.0,QB,WhitMi01
1998,Mike White,0.00,1,Fri,11,12,2023-11-24,28-244,MIA,@,NYJ,W 34-13,0.00,0.00,-0.2,-0.2,1,1.4,0,0.0,0,0.0,QB,WhitMi01
1999,Malik Willis,0.00,3,Sun,6,7,2022-10-23,23-151,TEN,,IND,W 19-10,0.00,0.00,0.0,0.0,3,5.1,0,0.0,0,0.0,QB,WillMa12
2000,Malik Willis,0.00,1,Sun,9,10,2022-11-13,23-172,TEN,,DEN,W 17-10,0.00,0.00,-1.4,-2.4,1,1.6,0,0.0,0,0.0,QB,WillMa12
2001,Malik Willis,0.00,2,Sun,3,3,2023-09-24,24-122,TEN,@,CLE,L 3-27,0.00,0.00,0.0,0.0,2,4.2,0,0.0,0,0.0,QB,WillMa12
2002,Malik Willis,0.00,2,Fri,1,1,2024-09-06,25-104,GNB,@,PHI,L 29-34,0.00,0.00,0.0,0.0,2,3.0,0,0.0,0,0.0,QB,WillMa12
2003,Malik Willis,0.00,4,Sun,11,12,2024-11-24,25-183,GNB,,SFO,W 38-10,0.00,0.00,0.0,0.0,4,5.6,0,0.0,0,0.0,QB,WillMa12
2004,Jameis Winston,0.00,1,Sun,6,6,2024-10-13,30-281,CLE,@,PHI,L 16-20,0.00,0.00,0.0,0.0,1,1.8,0,0.0,0,0.0,QB,WinsJa00
2005,Jameis Winston,0.00,7,Sun,5,5,2023-10-08,29-275,NOR,@,NWE,W 34-0,0.00,0.00,-0.4,-0.4,7,9.7,0,0.0,0,0.0,QB,WinsJa00
2006,Jameis Winston,0.00,2,Sun,13,14,2023-12-10,29-338,NOR,,CAR,W 28-6,0.00,0.00,-0.2,-0.2,2,3.8,0,0.0,0,0.0,QB,WinsJa00
2007,Jameis Winston,0.00,1,Sun,17,18,2024-01-07,30-001,NOR,,ATL,W 48-17,0.00,0.00,0.0,0.0,1,1.5,0,0.0,0,0.0,QB,WinsJa00
2008,John Wolford,0.00,3,Thu,13,14,2022-12-08,27-053,LAR,,LVR,W 17-16,0.00,0.00,0.0,0.0,3,4.7,0,0.0,0,0.0,QB,WolfJo00
2009,Logan Woodside,0.00,4,Sun,17,18,2023-01-08,27-346,ATL,,TAM,W 30-17,0.00,0.00,0.0,0.0,4,5.9,0,0.0,0,0.0,QB,WoodLo00
2010,Bryce Young,0.00,3,Sun,7,7,2024-10-20,23-087,CAR,@,WAS,L 7-40,0.00,0.00,-0.2,-0.2,3,7.0,0,0.0,0,0.0,QB,YounBr01
2011,Mike White,-0.04,8,Sun,14,15,2023-12-17,28-267,MIA,,NYJ,W 30-0,-0.04,-0.04,0.0,0.0,8,13.1,0,0.0,0,0.0,QB,WhitMi01
2012,Sam Darnold,-0.06,13,Sun,9,10,2023-11-12,26-160,SFO,@,JAX,W 34-3,-0.06,-0.06,-0.1,-0.1,13,21.0,0,0.0,0,0.0,QB,DarnSa00
2013,Mitchell Trubisky,-0.14,15,Sun,12,13,2024-12-01,30-103,BUF,,SFO,W 35-10,-0.14,-0.14,-0.1,-0.1,15,25.9,0,0.0,0,0.0,QB,TrubMi00
2014,Malik Willis,-0.16,17,Mon,2,2,2022-09-19,23-117,TEN,@,BUF,L 7-41,-0.16,-0.16,0.8,-0.2,17,30.4,0,0.0,0,0.0,QB,WillMa12
2015,Brett Rypien,-0.20,17,Sun,15,16,2022-12-25,26-169,DEN,@,LAR,L 14-51,-0.20,-0.20,0.8,0.8,17,25.4,0,0.0,0,0.0,QB,RypiBr00
2016,Nick Foles,-0.28,52,Mon,15,16,2022-12-26,33-340,IND,,LAC,L 3-20,-0.28,-0.28,2.7,2.7,52,100.0,0,0.0,0,0.0,QB,FoleNi00
2017,Logan Woodside,-0.32,10,Sun,17,18,2024-01-07,28-345,ATL,@,NOR,L 17-48,-0.32,-0.32,0.7,0.7,10,16.4,0,0.0,0,0.0,QB,WoodLo00
2018,Jameis Winston,-0.36,48,Sun,14,15,2024-12-15,30-344,CLE,,KAN,L 7-21,-0.36,-0.36,2.6,2.6,48,77.4,0,0.0,0,0.0,QB,WinsJa00
2019,Mac Jones,-0.44,35,Sun,11,12,2023-11-26,25-082,NWE,@,NYG,L 7-10,-0.44,-0.44,1.6,1.6,35,51.5,0,0.0,0,0.0,QB,JoneMa05
2020,Will Levis,-0.50,11,Mon,4,4,2024-09-30,25-095,TEN,@,MIA,W 31-12,-0.50,-0.50,0.5,0.5,11,16.9,0,0.0,0,0.0,QB,LeviWi00
2021,Tim Boyle,-0.58,19,Sun,10,11,2023-11-19,29-047,NYJ,@,BUF,L 6-32,-0.58,-0.58,0.4,0.4,19,33.3,0,0.0,0,0.0,QB,BoylTi00
2022,C.J. Beathard,-0.84,19,Sun,16,17,2023-01-01,29-046,JAX,@,HOU,W 31-3,-0.84,-0.84,0.2,0.2,19,30.2,0,0.0,0,0.0,QB,BeatC.00
2023,Sam Howell,-0.84,24,Sun,14,15,2024-12-15,24-090,SEA,,GNB,L 13-30,-0.84,-0.84,0.2,0.2,24,40.7,0,0.0,0,0.0,QB,HoweSa00
2024,Clayton Tune,-0.88,52,Sun,9,9,2023-11-05,24-227,ARI,@,CLE,L 0-27,-0.88,-0.88,2.1,1.1,52,100.0,0,0.0,0,0.0,QB,TuneCl00
2025,Jaren Hall,-0.92,24,Sun,16,17,2023-12-31,25-282,MIN,,GNB,L 10-33,-0.92,-0.92,1.1,0.1,24,45.3,0,0.0,0,0.0,QB,HallJa00
2026,Zach Wilson,-0.96,22,Sun,14,15,2023-12-17,24-136,NYJ,@,MIA,L 0-30,-0.96,-0.96,0.0,-1.0,22,37.9,0,0.0,0,0.0,QB,WilsZa00
2027,Nathan Peterman,-1.00,5,Sat,15,16,2022-12-24,28-234,CHI,,BUF,L 13-35,-1.00,-1.00,0.0,0.0,5,7.9,0,0.0,0,0.0,QB,PeteNa00
2028,Bailey Zappe,-1.00,8,Sun,10,10,2023-11-12,24-200,NWE,,IND,L 6-10,-1.00,-1.00,0.0,0.0,8,11.6,0,0.0,0,0.0,QB,ZappBa00
2029,Mac Jones,-1.12,14,Mon,3,3,2024-09-23,26-018,JAX,@,BUF,L 10-47,-1.12,-1.12,-0.1,-1.1,14,19.7,0,0.0,0,0.0,QB,JoneMa05
2030,Jaren Hall,-1.18,11,Sun,8,8,2023-10-29,25-219,MIN,@,GNB,W 24-10,-1.18,-1.18,-0.2,-1.2,11,15.3,0,0.0,0,0.0,QB,HallJa00
2031,Skylar Thompson,-1.26,21,Sun,11,12,2022-11-27,25-176,MIA,,HOU,W 30-15,-1.26,-1.26,-0.3,-1.3,21,27.6,0,0.0,0,0.0,QB,ThomSk00
2032,Desmond Ridder,-1.32,8,Sun,16,17,2023-12-31,24-122,ATL,@,CHI,L 17-37,-1.32,-1.32,-0.3,-0.3,8,13.6,0,0.0,0,0.0,QB,RiddDe00
2033,Will Levis,-1.36,13,Sun,16,17,2023-12-31,24-187,TEN,@,HOU,L 3-26,-1.36,-1.36,-0.4,-1.4,13,23.6,0,0.0,0,0.0,QB,LeviWi00
2034,Case Keenum,-1.52,37,Sun,15,16,2023-12-24,35-310,HOU,,CLE,L 22-36,-1.52,-1.52,0.5,0.5,37,49.3,0,0.0,0,0.0,QB,KeenCa00
2035,Mac Jones,-1.60,39,Sun,5,5,2023-10-08,25-033,NWE,,NOR,L 0-34,-1.60,-1.60,1.4,0.4,39,72.2,0,0.0,0,0.0,QB,JoneMa05
2036,Trevor Siemian,-1.60,36,Sun,14,15,2023-12-17,31-356,NYJ,@,MIA,L 0-30,-1.60,-1.60,1.4,0.4,36,62.1,0,0.0,0,0.0,QB,SiemTr00
2037,Malik Willis,-1.60,2,Sun,7,8,2023-10-29,24-157,TEN,,ATL,W 28-23,-1.60,-1.60,-0.6,-1.6,2,2.9,0,0.0,0,0.0,QB,WillMa12
2038,Gardner Minshew II,-1.64,65,Sun,7,7,2024-10-20,28-157,LVR,@,LAR,L 15-20,-1.64,-1.64,2.4,1.4,65,82.3,0,0.0,0,0.0,QB,MinsGa00
2039,Sam Howell,-1.76,34,Sun,15,16,2023-12-24,23-099,WAS,@,NYJ,L 28-30,-1.76,-1.76,0.2,0.2,34,55.7,0,0.0,0,0.0,QB,HoweSa00
2040,Deshaun Watson,-1.80,12,Sun,6,7,2023-10-22,28-038,CLE,@,IND,W 39-38,-1.80,-1.80,-0.8,-0.8,12,16.0,0,0.0,0,0.0,QB,WatsDe00
2041,Drew Lock,-1.88,8,Sun,10,11,2023-11-19,27-009,SEA,@,LAR,L 16-17,-1.88,-1.88,-0.9,-0.9,8,12.3,0,0.0,0,0.0,QB,LockDr00
2042,Joe Flacco,-1.96,7,Sun,13,14,2022-12-11,37-329,NYJ,@,BUF,L 12-20,-1.96,-1.96,-1.0,-2.0,7,9.5,0,0.0,0,0.0,QB,FlacJo00
2043,Brandon Allen,-2.00,4,Sun,13,14,2024-12-08,32-094,SFO,,CHI,W 38-13,-2.00,-2.00,-1.0,-1.0,4,6.6,0,0.0,0,0.0,QB,AlleBr00
2044,Cooper Rush,-2.00,45,Sun,9,10,2024-11-10,30-355,DAL,,PHI,L 6-34,-2.00,-2.00,0.0,-2.0,45,75.0,0,0.0,0,0.0,QB,RushCo00
2045,Skylar Thompson,-2.00,1,Sun,12,13,2022-12-04,25-183,MIA,@,SFO,L 17-33,-2.00,-2.00,-1.0,-1.0,1,2.2,0,0.0,0,0.0,QB,ThomSk00
2046,Mike White,-2.00,5,Sun,16,17,2023-12-31,28-281,MIA,@,BAL,L 19-56,-2.00,-2.00,-1.0,-2.0,5,7.2,0,0.0,0,0.0,QB,WhitMi01
2047,Jameis Winston,-2.00,1,Sun,4,4,2023-10-01,29-268,NOR,,TAM,L 9-26,-2.00,-2.00,-1.0,-1.0,1,1.5,0,0.0,0,0.0,QB,WinsJa00
2048,Blaine Gabbert,-2.86,21,Sun,3,3,2023-09-24,33-344,KAN,,CHI,W 41-10,-2.86,-2.86,-0.9,-0.9,21,27.3,0,0.0,0,0.0,QB,GabbBl00
2049,Tim Boyle,-2.88,13,Sun,17,18,2023-01-08,28-097,CHI,,MIN,L 13-29,-2.88,-2.88,-0.9,-0.9,13,25.5,0,0.0,0,0.0,QB,BoylTi00
2050,P.J. Walker,-3.04,18,Sun,9,9,2022-11-06,27-253,CAR,@,CIN,L 21-42,-3.04,-3.04,-1.0,-1.0,18,36.7,0,0.0,0,0.0,QB,WalkPh00
2051,Will Levis,-4.44,33,Sun,14,15,2024-12-15,25-171,TEN,,CIN,L 27-37,-4.44,-4.44,-0.4,-1.4,33,47.1,0,0.0,0,0.0,QB,LeviWi00
