Rk,Player,FantPt,OffSnp,Day,G#,Week,Date,Age,Team,,Opp,Result,FantPt,PPR,DKPt,FDPt,OffSnp,Off%,DefSnp,Def%,STSnp,ST %,Pos.,-9999
1,Joe Mixon,51.10,48,Sun,9,9,2022-11-06,26-105,CIN,,CAR,W 42-21,51.10,55.10,58.1,53.1,48,64.9,0,0.0,0,0.0,RB,MixoJo00
2,De'Von Achane,47.30,30,Sun,3,3,2023-09-24,21-346,MIA,,DEN,W 70-20,47.30,51.30,54.3,49.3,30,41.1,0,0.0,0,0.0,RB,AchaDe00
3,Josh Jacobs,42.30,61,Sun,11,12,2022-11-27,24-289,LVR,@,SEA,W 40-34 (OT),42.30,48.30,51.3,45.3,61,79.2,0,0.0,0,0.0,RB,JacoJo01
4,Saquon Barkley,42.20,50,Sun,11,12,2024-11-24,27-289,PHI,@,LAR,W 37-20,42.20,46.20,49.2,44.2,50,68.5,0,0.0,0,0.0,RB,BarkSa00
5,Alvin Kamara,42.00,37,Sun,2,2,2024-09-15,29-052,NOR,@,DAL,W 44-19,42.00,44.00,47.0,43.0,37,62.7,0,0.0,0,0.0,RB,KamaAl00
6,Christian McCaffrey,41.70,47,Sun,4,4,2023-10-01,27-116,SFO,,ARI,W 35-16,41.70,48.70,51.7,45.2,47,85.5,0,0.0,0,0.0,RB,McCaCh01
7,Jahmyr Gibbs,41.00,45,Sun,17,18,2025-01-05,22-291,DET,,MIN,W 31-9,41.00,46.00,49.0,43.5,45,66.2,0,0.0,0,0.0,RB,GibbJa01
8,Jonathan Taylor,39.80,47,Sun,15,16,2024-12-22,25-338,IND,,TEN,W 38-30,39.80,39.80,42.8,39.8,47,75.8,0,0.0,0,0.0,RB,TaylJo02
9,Raheem Mostert,38.20,37,Sun,3,3,2023-09-24,31-168,MIA,,DEN,W 70-20,38.20,45.20,45.2,41.7,37,50.7,0,0.0,0,0.0,RB,MostRa00
10,Christian McCaffrey,36.70,43,Sun,14,15,2023-12-17,27-193,SFO,@,ARI,W 45-29,36.70,41.70,44.7,39.2,43,76.8,0,0.0,0,0.0,RB,McCaCh01
11,Derrick Henry,34.80,43,Sun,7,8,2022-10-30,28-299,TEN,@,HOU,W 17-10,34.80,35.80,38.8,35.3,43,74.1,0,0.0,0,0.0,RB,HenrDe00
12,James Cook,34.10,38,Sun,14,15,2023-12-17,24-083,BUF,,DAL,W 31-10,34.10,36.10,39.1,35.1,38,55.9,0,0.0,0,0.0,RB,CookJa01
13,Alvin Kamara,33.80,46,Sun,8,8,2022-10-30,27-097,NOR,,LVR,W 24-0,33.80,42.80,42.8,38.3,46,71.9,0,0.0,0,0.0,RB,KamaAl00
14,Josh Jacobs,33.50,45,Sun,6,7,2022-10-23,24-254,LVR,,HOU,W 38-20,33.50,36.50,39.5,35.0,45,80.4,0,0.0,0,0.0,RB,JacoJo01
15,Joe Mixon,33.30,52,Mon,11,11,2024-11-18,28-117,HOU,@,DAL,W 34-10,33.30,35.30,38.3,34.3,52,81.3,0,0.0,0,0.0,RB,MixoJo00
16,Derrick Henry,32.90,37,Sun,4,4,2024-09-29,30-269,BAL,,BUF,W 35-10,32.90,35.90,38.9,34.4,37,64.9,0,0.0,0,0.0,RB,HenrDe00
17,Cam Akers,32.70,49,Sun,15,16,2022-12-25,23-186,LAR,,DEN,W 51-14,32.70,34.70,37.7,33.7,49,75.4,0,0.0,0,0.0,RB,AkerCa00
18,Tony Pollard,32.70,31,Sun,8,8,2022-10-30,25-183,DAL,,CHI,W 49-29,32.70,33.70,36.7,33.2,31,53.4,0,0.0,0,0.0,RB,PollTo00
19,Travis Etienne,32.40,73,Sun,5,5,2023-10-08,24-255,JAX,@,BUF,W 25-20,32.40,36.40,39.4,34.4,73,83.0,0,0.0,0,0.0,RB,EtieTr00
20,Kyren Williams,32.40,41,Sun,11,12,2023-11-26,23-092,LAR,@,ARI,W 37-14,32.40,38.40,41.4,35.4,41,61.2,0,0.0,0,0.0,RB,WillKy02
21,Christian McCaffrey,32.26,43,Sun,8,8,2022-10-30,26-145,SFO,@,LAR,W 31-14,32.26,40.26,40.3,36.3,43,81.1,0,0.0,0,0.0,RB,McCaCh01
22,David Montgomery,32.10,53,Thu,4,4,2023-09-28,26-113,DET,@,GNB,W 34-20,32.10,34.10,37.1,33.1,53,70.7,0,0.0,0,0.0,RB,MontDa01
23,Austin Ekeler,31.90,42,Sun,5,5,2022-10-09,27-145,LAC,@,CLE,W 30-28,31.90,35.90,38.9,33.9,42,59.2,0,0.0,0,0.0,RB,EkelAu00
24,Saquon Barkley,31.80,58,Thu,10,11,2024-11-14,27-279,PHI,,WAS,W 26-18,31.80,33.80,36.8,32.8,58,81.7,0,0.0,0,0.0,RB,BarkSa00
25,D'Onta Foreman,31.80,54,Sun,8,8,2022-10-30,26-189,CAR,@,ATL,L 34-37 (OT),31.80,31.80,34.8,31.8,54,67.5,0,0.0,0,0.0,RB,ForeDO00
26,Zack Moss,31.50,53,Sun,5,5,2023-10-08,25-297,IND,,TEN,W 23-16,31.50,33.50,36.5,32.5,53,80.3,0,0.0,0,0.0,RB,MossZa00
27,Zach Charbonnet,31.30,51,Sun,13,14,2024-12-08,23-335,SEA,@,ARI,W 30-18,31.30,38.30,41.3,34.8,51,79.7,0,0.0,0,0.0,RB,CharZa00
28,Saquon Barkley,31.20,61,Fri,1,1,2024-09-06,27-210,PHI,,GNB,W 34-29,31.20,33.20,36.2,32.2,61,80.3,0,0.0,0,0.0,RB,BarkSa00
29,Raheem Mostert,31.20,41,Sun,6,6,2023-10-15,31-189,MIA,,CAR,W 42-21,31.20,34.20,37.2,32.7,41,61.2,0,0.0,1,3.3,RB,MostRa00
30,Sean Tucker,31.20,29,Sun,6,6,2024-10-13,22-354,TAM,@,NOR,W 51-27,31.20,34.20,37.2,32.7,29,37.7,0,0.0,11,29.7,RB,TuckSe00
31,Breece Hall,31.10,69,Sun,15,16,2023-12-24,22-207,NYJ,,WAS,W 30-28,31.10,43.10,43.1,37.1,69,76.7,0,0.0,0,0.0,RB,HallBr03
32,Tony Pollard,30.90,39,Sun,10,11,2022-11-20,25-204,DAL,@,MIN,W 40-3,30.90,36.90,39.9,33.9,39,54.2,0,0.0,0,0.0,RB,PollTo00
33,D'Onta Foreman,30.00,33,Sun,7,7,2023-10-22,27-181,CHI,,LVR,W 30-12,30.00,33.00,33.0,31.5,33,46.5,0,0.0,0,0.0,RB,ForeDO00
34,Saquon Barkley,29.90,57,Sun,8,9,2024-11-03,27-268,PHI,,JAX,W 28-23,29.90,32.90,36.9,31.4,57,72.2,0,0.0,0,0.0,RB,BarkSa00
35,Saquon Barkley,29.60,58,Sun,3,3,2024-09-22,27-226,PHI,@,NOR,W 15-12,29.60,33.60,36.6,31.6,58,80.6,0,0.0,0,0.0,RB,BarkSa00
36,Kenneth Walker III,29.60,53,Mon,4,4,2024-09-30,23-346,SEA,@,DET,L 29-42,29.60,33.60,33.6,31.6,53,58.9,0,0.0,0,0.0,RB,WalkKe00
37,Kyren Williams,29.60,52,Sun,3,3,2024-09-22,24-027,LAR,,SFO,W 27-24,29.60,31.60,31.6,30.6,52,89.7,0,0.0,0,0.0,RB,WillKy02
38,Josh Jacobs,29.50,67,Sun,4,4,2022-10-02,24-233,LVR,,DEN,W 32-23,29.50,34.50,37.5,32.0,67,89.3,0,0.0,0,0.0,RB,JacoJo01
39,Derrick Henry,29.40,37,Sun,3,3,2024-09-22,30-262,BAL,@,DAL,W 28-25,29.40,30.40,33.4,29.9,37,58.7,0,0.0,0,0.0,RB,HenrDe00
40,Nick Chubb,29.30,36,Sun,2,2,2022-09-18,26-265,CLE,,NYJ,L 30-31,29.30,32.30,32.3,30.8,36,53.7,0,0.0,0,0.0,RB,ChubNi00
41,Bijan Robinson,29.30,69,Sun,17,18,2025-01-05,22-341,ATL,,CAR,L 38-44 (OT),29.30,31.30,34.3,30.3,69,87.3,0,0.0,0,0.0,RB,RobiBi01
42,Aaron Jones,29.00,40,Sun,2,2,2022-09-18,27-290,GNB,,CHI,W 27-10,29.00,32.00,35.0,30.5,40,58.8,0,0.0,0,0.0,RB,JoneAa00
43,Austin Ekeler,28.90,41,Sun,4,4,2022-10-02,27-138,LAC,@,HOU,W 34-24,28.90,34.90,34.9,31.9,41,58.6,0,0.0,0,0.0,RB,EkelAu00
44,Khalil Herbert,28.90,38,Sun,3,3,2022-09-25,24-157,CHI,,HOU,W 23-20,28.90,30.90,33.9,29.9,38,60.3,0,0.0,5,17.2,RB,HerbKh00
45,Kenneth Walker III,28.70,52,Sun,7,7,2022-10-23,22-003,SEA,@,LAC,W 37-23,28.70,28.70,31.7,28.7,52,73.2,0,0.0,0,0.0,RB,WalkKe00
46,Josh Jacobs,28.60,38,Sun,11,12,2024-11-24,26-287,GNB,,SFO,W 38-10,28.60,28.60,31.6,28.6,38,52.8,0,0.0,0,0.0,RB,JacoJo01
47,Chuba Hubbard,28.50,57,Sun,15,16,2024-12-22,25-194,CAR,,ARI,W 36-30 (OT),28.50,32.50,35.5,30.5,57,83.8,0,0.0,0,0.0,RB,HubbCh01
48,Austin Ekeler,28.10,28,Sun,16,17,2023-01-01,27-229,LAC,,LAR,W 31-10,28.10,32.10,35.1,30.1,28,43.8,0,0.0,0,0.0,RB,EkelAu00
49,Derrick Henry,28.10,49,Sat,17,18,2025-01-04,31-000,BAL,,CLE,W 35-10,28.10,30.10,33.1,29.1,49,70.0,0,0.0,0,0.0,RB,HenrDe00
50,Kyren Williams,28.10,58,Sun,16,17,2023-12-31,23-127,LAR,@,NYG,W 26-25,28.10,30.10,30.1,29.1,58,93.5,0,0.0,1,3.3,RB,WillKy02
51,Jahmyr Gibbs,28.00,33,Sun,6,7,2024-10-20,22-214,DET,@,MIN,W 31-29,28.00,32.00,35.0,30.0,33,57.9,0,0.0,0,0.0,RB,GibbJa01
52,Miles Sanders,28.00,43,Sun,11,12,2022-11-27,25-210,PHI,,GNB,W 40-33,28.00,31.00,34.0,29.5,43,53.8,0,0.0,0,0.0,RB,SandMi01
53,Rashaad Penny,27.70,48,Sun,4,4,2022-10-02,26-242,SEA,@,DET,W 48-45,27.70,28.70,31.7,28.2,48,68.6,0,0.0,0,0.0,RB,PennRa00
54,Miles Sanders,27.60,55,Sun,4,4,2022-10-02,25-154,PHI,,JAX,W 29-21,27.60,29.60,32.6,28.6,55,67.1,0,0.0,0,0.0,RB,SandMi01
55,Kenneth Walker III,27.60,38,Sun,3,3,2023-09-24,22-339,SEA,,CAR,W 37-27,27.60,30.60,30.6,29.1,38,50.7,0,0.0,0,0.0,RB,WalkKe00
56,James Cook,27.50,21,Thu,2,2,2024-09-12,24-353,BUF,@,MIA,W 31-10,27.50,28.50,28.5,28.0,21,46.7,0,0.0,0,0.0,RB,CookJa01
57,Miles Sanders,27.50,45,Sun,13,14,2022-12-11,25-224,PHI,@,NYG,W 48-22,27.50,28.50,31.5,28.0,45,66.2,0,0.0,0,0.0,RB,SandMi01
58,Saquon Barkley,27.40,50,Sun,1,1,2022-09-11,25-214,NYG,@,TEN,W 21-20,27.40,33.40,36.4,30.4,50,83.3,0,0.0,0,0.0,RB,BarkSa00
59,Gus Edwards,27.40,34,Sun,8,8,2023-10-29,28-199,BAL,@,ARI,W 31-24,27.40,29.40,29.4,28.4,34,52.3,0,0.0,0,0.0,RB,EdwaGu00
60,Christian McCaffrey,27.30,44,Sun,13,14,2022-12-11,26-187,SFO,,TAM,W 35-7,27.30,29.30,32.3,28.3,44,69.8,0,0.0,0,0.0,RB,McCaCh01
61,Saquon Barkley,27.00,61,Sun,15,16,2024-12-22,27-317,PHI,@,WAS,L 33-36,27.00,27.00,30.0,27.0,61,82.4,0,0.0,0,0.0,RB,BarkSa00
62,Breece Hall,27.00,58,Sun,17,18,2024-01-07,22-221,NYJ,@,NWE,W 17-3,27.00,29.00,32.0,28.0,58,89.2,0,0.0,0,0.0,RB,HallBr03
63,Brian Robinson Jr.,26.90,38,Sun,2,2,2023-09-17,24-179,WAS,@,DEN,W 35-33,26.90,28.90,28.9,27.9,38,52.1,0,0.0,0,0.0,RB,RobiBr01
64,James Conner,26.40,52,Sun,17,18,2024-01-07,28-247,ARI,,SEA,L 20-21,26.40,30.40,33.4,28.4,52,74.3,0,0.0,0,0.0,RB,ConnJa00
65,Bijan Robinson,26.40,61,Sun,10,10,2024-11-10,22-285,ATL,@,NOR,L 17-20,26.40,29.40,32.4,27.9,61,78.2,0,0.0,0,0.0,RB,RobiBi01
66,Jerick McKinnon,26.20,48,Sun,14,15,2022-12-18,30-229,KAN,@,HOU,W 30-24 (OT),26.20,34.20,34.2,30.2,48,62.3,0,0.0,10,35.7,RB,McKiJe00
67,Samaje Perine,26.20,46,Sun,10,11,2022-11-20,27-065,CIN,@,PIT,W 37-30,26.20,30.20,30.2,28.2,46,69.7,0,0.0,9,25.0,RB,PeriSa00
68,Saquon Barkley,26.00,50,Sun,11,11,2023-11-19,26-283,NYG,@,WAS,W 31-19,26.00,30.00,30.0,28.0,50,90.9,0,0.0,0,0.0,RB,BarkSa00
69,Leonard Fournette,25.90,49,Sun,5,5,2022-10-09,27-264,TAM,,ATL,W 21-15,25.90,35.90,35.9,30.9,49,62.0,0,0.0,0,0.0,RB,FourLe00
70,Christian McCaffrey,25.90,51,Thu,11,12,2023-11-23,27-169,SFO,@,SEA,W 31-13,25.90,30.90,33.9,28.4,51,77.3,0,0.0,0,0.0,RB,McCaCh01
71,James Conner,25.80,50,Sun,14,15,2024-12-15,29-224,ARI,,NWE,W 30-17,25.80,30.80,33.8,28.3,50,71.4,0,0.0,0,0.0,RB,ConnJa00
72,Breece Hall,25.70,41,Sun,5,5,2022-10-09,21-131,NYJ,,MIA,W 40-17,25.70,27.70,30.7,26.7,41,69.5,0,0.0,0,0.0,RB,HallBr03
73,Jonathan Taylor,25.60,68,Sun,16,17,2024-12-29,25-345,IND,@,NYG,L 33-45,25.60,27.60,30.6,26.6,68,88.3,0,0.0,0,0.0,RB,TaylJo02
74,Jonathan Taylor,25.60,51,Sat,17,18,2024-01-06,24-352,IND,,HOU,L 19-23,25.60,27.60,30.6,26.6,51,77.3,0,0.0,0,0.0,RB,TaylJo02
75,Jonathan Taylor,25.50,49,Sun,3,3,2024-09-22,25-247,IND,,CHI,W 21-16,25.50,26.50,29.5,26.0,49,87.5,0,0.0,0,0.0,RB,TaylJo02
76,Nick Chubb,25.40,35,Sun,5,5,2022-10-09,26-286,CLE,,LAC,L 28-30,25.40,25.40,28.4,25.4,35,52.2,0,0.0,0,0.0,RB,ChubNi00
77,Breece Hall,25.40,34,Sun,5,5,2023-10-08,22-130,NYJ,@,DEN,W 31-21,25.40,28.40,31.4,26.9,34,52.3,0,0.0,0,0.0,RB,HallBr03
78,Jerick McKinnon,25.40,39,Sun,13,14,2022-12-11,30-222,KAN,@,DEN,W 34-28,25.40,32.40,35.4,28.9,39,57.4,0,0.0,8,25.0,RB,McKiJe00
79,James Conner,25.30,50,Sun,16,17,2023-12-31,28-240,ARI,@,PHI,W 35-31,25.30,26.30,29.3,25.8,50,65.8,0,0.0,0,0.0,RB,ConnJa00
80,James Cook,25.30,29,Sun,14,15,2024-12-15,25-081,BUF,@,DET,W 48-42,25.30,26.30,29.3,25.8,29,41.4,0,0.0,0,0.0,RB,CookJa01
81,James Cook,25.30,42,Sun,8,8,2024-10-27,25-032,BUF,@,SEA,W 31-10,25.30,28.30,31.3,26.8,42,55.3,0,0.0,0,0.0,RB,CookJa01
82,Derrick Henry,25.30,35,Sun,9,9,2024-11-03,30-304,BAL,,DEN,W 41-10,25.30,26.30,29.3,25.8,35,61.4,0,0.0,0,0.0,RB,HenrDe00
83,Josh Jacobs,25.30,52,Mon,5,5,2022-10-10,24-241,LVR,@,KAN,L 29-30,25.30,30.30,33.3,27.8,52,81.3,0,0.0,0,0.0,RB,JacoJo01
84,Christian McCaffrey,25.30,57,Sun,16,17,2023-01-01,26-208,SFO,@,LVR,W 37-34 (OT),25.30,31.30,34.3,28.3,57,85.1,0,0.0,0,0.0,RB,McCaCh01
85,Derrick Henry,25.20,41,Sun,5,5,2022-10-09,28-278,TEN,@,WAS,W 21-17,25.20,27.20,30.2,26.2,41,64.1,0,0.0,0,0.0,RB,HenrDe00
86,Derrick Henry,25.20,43,Sun,6,6,2024-10-13,30-283,BAL,,WAS,W 30-23,25.20,25.20,28.2,25.2,43,63.2,0,0.0,0,0.0,RB,HenrDe00
87,Joe Mixon,25.20,28,Sun,6,6,2024-10-13,28-081,HOU,@,NWE,W 41-21,25.20,27.20,30.2,26.2,28,42.4,0,0.0,0,0.0,RB,MixoJo00
88,De'Von Achane,25.00,50,Sun,15,16,2024-12-22,23-070,MIA,,SFO,W 29-17,25.00,31.00,34.0,28.0,50,74.6,0,0.0,0,0.0,RB,AchaDe00
89,Tank Bigsby,24.90,23,Sun,5,5,2024-10-06,23-037,JAX,,IND,W 37-34,24.90,25.90,28.9,25.4,23,39.7,0,0.0,4,11.8,RB,BigsTa00
90,Jahmyr Gibbs,24.90,60,Mon,8,8,2023-10-30,21-224,DET,,LVR,W 26-14,24.90,29.90,32.9,27.4,60,69.8,0,0.0,0,0.0,RB,GibbJa01
91,Kenneth Walker III,24.90,56,Sun,9,9,2022-11-06,22-017,SEA,@,ARI,W 31-21,24.90,27.90,30.9,26.4,56,76.7,0,0.0,0,0.0,RB,WalkKe00
92,Isaac Guerendo,24.80,34,Sun,13,14,2024-12-08,24-163,SFO,,CHI,W 38-13,24.80,26.80,26.8,25.8,34,55.7,0,0.0,0,0.0,RB,GuerIs00
93,Saquon Barkley,24.70,35,Sun,6,7,2024-10-20,27-254,PHI,@,NYG,W 28-3,24.70,26.70,29.7,25.7,35,53.0,0,0.0,0,0.0,RB,BarkSa00
94,Austin Ekeler,24.70,55,Sun,7,7,2022-10-23,27-159,LAC,,SEA,L 23-37,24.70,36.70,36.7,30.7,55,77.5,0,0.0,0,0.0,RB,EkelAu00
95,Aaron Jones,24.70,28,Sun,1,1,2023-09-10,28-282,GNB,@,CHI,W 38-20,24.70,26.70,26.7,25.7,28,46.7,0,0.0,0,0.0,RB,JoneAa00
96,Raheem Mostert,24.70,46,Sun,2,2,2023-09-17,31-161,MIA,@,NWE,W 24-17,24.70,25.70,28.7,25.2,46,73.0,0,0.0,0,0.0,RB,MostRa00
97,Kyren Williams,24.70,59,Sun,4,4,2023-10-01,23-036,LAR,@,IND,W 29-23 (OT),24.70,27.70,30.7,26.2,59,72.0,0,0.0,0,0.0,RB,WillKy02
98,James Cook,24.60,21,Sun,15,16,2024-12-22,25-088,BUF,,NWE,W 24-21,24.60,27.60,30.6,26.1,21,35.6,0,0.0,0,0.0,RB,CookJa01
99,Travis Etienne,24.60,56,Sun,9,9,2022-11-06,23-284,JAX,,LVR,W 27-20,24.60,26.60,29.6,25.6,56,81.2,0,0.0,0,0.0,RB,EtieTr00
100,Josh Jacobs,24.60,40,Thu,13,14,2024-12-05,26-298,GNB,@,DET,L 31-34,24.60,24.60,24.6,24.6,40,80.0,0,0.0,0,0.0,RB,JacoJo01
101,Bucky Irving,24.50,43,Sun,12,13,2024-12-01,22-104,TAM,@,CAR,W 26-23 (OT),24.50,27.50,30.5,26.0,43,53.8,0,0.0,3,8.3,RB,IrviBu00
102,Josh Jacobs,24.50,45,Sun,8,8,2024-10-27,26-259,GNB,@,JAX,W 30-27,24.50,25.50,28.5,25.0,45,64.3,0,0.0,0,0.0,RB,JacoJo01
103,Nick Chubb,24.40,37,Mon,8,8,2022-10-31,26-308,CLE,,CIN,W 32-13,24.40,25.40,28.4,24.9,37,51.4,0,0.0,0,0.0,RB,ChubNi00
104,Joe Mixon,24.40,42,Sun,7,7,2024-10-20,28-088,HOU,@,GNB,L 22-24,24.40,26.40,29.4,25.4,42,65.6,0,0.0,0,0.0,RB,MixoJo00
105,Jamaal Williams,24.40,32,Sun,10,11,2022-11-20,27-231,DET,@,NYG,W 31-18,24.40,24.40,24.4,24.4,32,47.8,0,0.0,0,0.0,RB,WillJa06
106,Bijan Robinson,24.30,39,Sun,11,12,2023-11-26,21-300,ATL,,NOR,W 24-15,24.30,27.30,27.3,25.8,39,62.9,0,0.0,0,0.0,RB,RobiBi01
107,Najee Harris,24.20,38,Sun,16,17,2023-12-31,25-297,PIT,@,SEA,W 30-23,24.20,24.20,27.2,24.2,38,52.8,0,0.0,1,3.6,RB,HarrNa00
108,Derrick Henry,24.20,34,Mon,7,7,2024-10-21,30-291,BAL,@,TAM,W 41-31,24.20,25.20,28.2,24.7,34,57.6,0,0.0,0,0.0,RB,HenrDe00
109,De'Von Achane,24.10,42,Sun,8,9,2024-11-03,23-021,MIA,@,BUF,L 27-30,24.10,32.10,32.1,28.1,42,68.9,0,0.0,0,0.0,RB,AchaDe00
110,Dalvin Cook,24.10,45,Sun,5,5,2022-10-09,27-060,MIN,,CHI,W 29-22,24.10,26.10,26.1,25.1,45,57.0,0,0.0,0,0.0,RB,CookDa01
111,Jerome Ford,24.10,24,Thu,16,17,2023-12-28,24-107,CLE,,NYJ,W 37-20,24.10,26.10,26.1,25.1,24,40.0,0,0.0,0,0.0,RB,FordJe00
112,Breece Hall,24.10,43,Sun,11,11,2024-11-17,23-170,NYJ,,IND,L 27-28,24.10,31.10,31.1,27.6,43,84.3,0,0.0,0,0.0,RB,HallBr03
113,D'Andre Swift,24.10,58,Thu,2,2,2023-09-14,24-243,PHI,,MIN,W 34-28,24.10,27.10,30.1,25.6,58,75.3,0,0.0,0,0.0,RB,SwifDA00
114,De'Von Achane,24.00,39,Sun,4,4,2023-10-01,21-353,MIA,@,BUF,L 20-48,24.00,27.00,30.0,25.5,39,60.0,0,0.0,1,3.6,RB,AchaDe00
115,Derrick Henry,24.00,34,Sun,12,13,2023-12-03,29-333,TEN,,IND,L 28-31 (OT),24.00,25.00,28.0,24.5,34,40.0,0,0.0,0,0.0,RB,HenrDe00
116,Jonathan Taylor,24.00,56,Sun,17,18,2025-01-05,25-352,IND,,JAX,W 26-23 (OT),24.00,25.00,28.0,24.5,56,71.8,0,0.0,0,0.0,RB,TaylJo02
117,Rachaad White,23.90,53,Sun,8,9,2023-11-05,24-297,TAM,@,HOU,L 37-39,23.90,27.90,27.9,25.9,53,80.3,0,0.0,0,0.0,RB,WhitRa01
118,Tank Bigsby,23.80,40,Sun,7,7,2024-10-20,23-051,JAX,,NWE,W 32-16,23.80,23.80,26.8,23.8,40,65.6,0,0.0,0,0.0,RB,BigsTa00
119,Travis Etienne,23.80,39,Sun,16,17,2023-12-31,24-339,JAX,,CAR,W 26-0,23.80,25.80,28.8,24.8,39,61.9,0,0.0,0,0.0,RB,EtieTr00
120,Christian McCaffrey,23.80,57,Sun,8,8,2023-10-29,27-144,SFO,,CIN,L 17-31,23.80,29.80,29.8,26.8,57,96.6,0,0.0,0,0.0,RB,McCaCh01
121,Joe Mixon,23.80,57,Sun,1,1,2024-09-08,28-046,HOU,@,IND,W 29-27,23.80,26.80,29.8,25.3,57,72.2,0,0.0,0,0.0,RB,MixoJo00
122,Joe Mixon,23.70,52,Mon,12,13,2023-12-04,27-133,CIN,@,JAX,W 34-31 (OT),23.70,29.70,29.7,26.7,52,71.2,0,0.0,0,0.0,RB,MixoJo00
123,Joe Mixon,23.70,35,Sun,17,18,2024-01-07,27-167,CIN,,CLE,W 31-14,23.70,24.70,27.7,24.2,35,54.7,0,0.0,0,0.0,RB,MixoJo00
124,D'Andre Swift,23.70,25,Sun,16,17,2023-01-01,23-352,DET,,CHI,W 41-10,23.70,27.70,27.7,25.7,25,35.2,0,0.0,0,0.0,RB,SwifDA00
125,Najee Harris,23.60,67,Sun,10,11,2022-11-20,24-256,PIT,,CIN,L 30-37,23.60,27.60,27.6,25.6,67,91.8,0,0.0,0,0.0,RB,HarrNa00
126,Dameon Pierce,23.60,37,Sun,17,18,2025-01-05,24-321,HOU,@,TEN,W 23-14,23.60,23.60,26.6,23.6,37,61.7,0,0.0,3,13.0,RB,PierDa01
127,Miles Sanders,23.60,41,Sun,17,18,2025-01-05,27-249,CAR,@,ATL,W 44-38 (OT),23.60,26.60,26.6,25.1,41,61.2,0,0.0,0,0.0,RB,SandMi01
128,Derrick Henry,23.50,30,Sun,8,9,2022-11-06,28-306,TEN,@,KAN,L 17-20 (OT),23.50,23.50,26.5,23.5,30,58.8,0,0.0,0,0.0,RB,HenrDe00
129,D'Andre Swift,23.50,46,Sun,1,1,2022-09-11,23-240,DET,,PHI,L 35-38,23.50,26.50,29.5,25.0,46,66.7,0,0.0,0,0.0,RB,SwifDA00
130,Jonathan Taylor,23.50,70,Sun,1,1,2022-09-11,23-235,IND,@,HOU,T 20-20 (OT),23.50,27.50,30.5,25.5,70,76.1,0,0.0,0,0.0,RB,TaylJo02
131,Jahmyr Gibbs,23.40,59,Sun,14,15,2024-12-15,22-270,DET,,BUF,L 42-48,23.40,28.40,28.4,25.9,59,74.7,0,0.0,0,0.0,RB,GibbJa01
132,Derrick Henry,23.38,39,Sun,4,4,2023-10-01,29-270,TEN,,CIN,W 27-3,23.38,24.38,27.4,23.9,39,59.1,0,0.0,0,0.0,RB,HenrDe00
133,Derrick Henry,23.36,47,Thu,10,11,2022-11-17,28-317,TEN,@,GNB,W 27-17,23.36,25.36,25.4,24.4,47,71.2,0,0.0,0,0.0,RB,HenrDe00
134,Chase Brown,23.30,64,Sun,14,15,2024-12-15,24-269,CIN,@,TEN,W 37-27,23.30,26.30,26.3,24.8,64,92.8,0,0.0,0,0.0,RB,BrowCh10
135,Jahmyr Gibbs,23.20,38,Sun,9,10,2023-11-12,21-237,DET,@,LAC,W 41-38,23.20,26.20,26.2,24.7,38,57.6,0,0.0,0,0.0,RB,GibbJa01
136,Rachaad White,23.10,39,Mon,7,7,2024-10-21,25-283,TAM,,BAL,L 31-41,23.10,29.10,29.1,26.1,39,47.6,0,0.0,0,0.0,RB,WhitRa01
137,Javonte Williams,23.10,41,Thu,7,7,2024-10-17,24-175,DEN,@,NOR,W 33-10,23.10,26.10,26.1,24.6,41,63.1,0,0.0,0,0.0,RB,WillJa10
138,Dalvin Cook,23.00,77,Sat,14,15,2022-12-17,27-129,MIN,,IND,W 39-36 (OT),23.00,27.00,28.0,25.0,77,85.6,0,0.0,0,0.0,RB,CookDa01
139,Alvin Kamara,23.00,38,Sun,8,8,2023-10-29,28-096,NOR,@,IND,W 38-27,23.00,27.00,27.0,25.0,38,57.6,0,0.0,0,0.0,RB,KamaAl00
140,Kenyan Drake,22.90,46,Mon,9,9,2022-11-07,28-285,BAL,@,NOR,W 27-13,22.90,24.90,24.9,23.9,46,67.6,0,0.0,0,0.0,RB,DrakKe00
141,Travis Etienne,22.90,63,Sun,8,8,2023-10-29,24-276,JAX,@,PIT,W 20-10,22.90,25.90,25.9,24.4,63,88.7,0,0.0,0,0.0,RB,EtieTr00
142,Chuba Hubbard,22.90,43,Sun,3,3,2024-09-22,25-103,CAR,@,LVR,W 36-22,22.90,27.90,30.9,25.4,43,58.1,0,0.0,0,0.0,RB,HubbCh01
143,Alvin Kamara,22.90,39,Sun,12,13,2023-12-03,28-131,NOR,,DET,L 28-33,22.90,28.90,28.9,25.9,39,58.2,0,0.0,0,0.0,RB,KamaAl00
144,Christian McCaffrey,22.90,58,Sun,1,1,2023-09-10,27-095,SFO,@,PIT,W 30-7,22.90,25.90,28.9,24.4,58,85.3,0,0.0,0,0.0,RB,McCaCh01
145,Rachaad White,22.90,47,Sun,13,14,2024-12-08,25-331,TAM,,LVR,W 28-13,22.90,24.90,24.9,23.9,47,75.8,0,0.0,0,0.0,RB,WhitRa01
146,Jamaal Williams,22.90,36,Sun,4,4,2022-10-02,27-182,DET,,SEA,L 45-48,22.90,23.90,26.9,23.4,36,48.6,0,0.0,0,0.0,RB,WillJa06
147,Jahmyr Gibbs,22.80,32,Sat,14,15,2023-12-16,21-271,DET,,DEN,W 42-17,22.80,24.80,27.8,23.8,32,48.5,0,0.0,0,0.0,RB,GibbJa01
148,Rhamondre Stevenson,22.80,43,Sun,14,15,2022-12-18,24-298,NWE,@,LVR,L 24-30,22.80,24.80,27.8,23.8,43,66.2,0,0.0,0,0.0,RB,StevRh00
149,Zach Charbonnet,22.70,54,Sun,3,3,2024-09-22,23-258,SEA,,MIA,W 24-3,22.70,25.70,25.7,24.2,54,84.4,0,0.0,0,0.0,RB,CharZa00
150,Jamaal Williams,22.70,35,Sun,3,3,2022-09-25,27-175,DET,@,MIN,L 24-28,22.70,24.70,24.7,23.7,35,44.9,0,0.0,0,0.0,RB,WillJa06
151,James Conner,22.60,31,Sun,15,16,2024-12-22,29-231,ARI,@,CAR,L 30-36 (OT),22.60,26.60,29.6,24.6,31,44.3,0,0.0,0,0.0,RB,ConnJa00
152,Tony Pollard,22.60,28,Sun,12,13,2022-12-04,25-218,DAL,,IND,W 54-19,22.60,24.60,24.6,23.6,28,41.2,0,0.0,0,0.0,RB,PollTo00
153,De'Von Achane,22.50,47,Thu,2,2,2024-09-12,22-335,MIA,,BUF,L 10-31,22.50,29.50,29.5,26.0,47,61.8,0,0.0,0,0.0,RB,AchaDe00
154,James Conner,22.50,52,Sun,13,13,2023-12-03,28-212,ARI,@,PIT,W 24-10,22.50,22.50,25.5,22.5,52,76.5,0,0.0,0,0.0,RB,ConnJa00
155,J.K. Dobbins,22.50,42,Sun,8,9,2024-11-03,25-322,LAC,@,CLE,W 27-10,22.50,24.50,24.5,23.5,42,73.7,0,0.0,0,0.0,RB,DobbJK00
156,D'Onta Foreman,22.50,30,Sat,15,16,2022-12-24,26-244,CAR,,DET,W 37-23,22.50,22.50,25.5,22.5,30,44.1,0,0.0,0,0.0,RB,ForeDO00
157,Derrick Henry,22.50,41,Wed,16,17,2024-12-25,30-356,BAL,@,HOU,W 31-2,22.50,24.50,27.5,23.5,41,65.1,0,0.0,0,0.0,RB,HenrDe00
158,Isiah Pacheco,22.50,50,Sun,16,17,2023-12-31,24-304,KAN,,CIN,W 25-17,22.50,29.50,32.5,26.0,50,92.6,0,0.0,0,0.0,RB,PachIs00
159,Bijan Robinson,22.50,39,Sun,6,6,2024-10-13,22-257,ATL,@,CAR,W 38-20,22.50,25.50,25.5,24.0,39,55.7,0,0.0,0,0.0,RB,RobiBi01
160,D'Andre Swift,22.50,38,Sun,4,4,2024-09-29,25-259,CHI,,LAR,W 24-18,22.50,29.50,29.5,26.0,38,63.3,0,0.0,0,0.0,RB,SwifDA00
161,Austin Ekeler,22.40,41,Sun,1,1,2023-09-10,28-116,LAC,,MIA,L 34-36,22.40,26.40,29.4,24.4,41,50.6,0,0.0,0,0.0,RB,EkelAu00
162,Chuba Hubbard,22.40,47,Sun,12,13,2023-12-03,24-175,CAR,@,TAM,L 18-21,22.40,22.40,25.4,22.4,47,65.3,0,0.0,8,27.6,RB,HubbCh01
163,De'Von Achane,22.30,37,Sun,12,13,2023-12-03,22-051,MIA,@,WAS,W 45-15,22.30,25.30,25.3,23.8,37,60.7,0,0.0,0,0.0,RB,AchaDe00
164,Jahmyr Gibbs,22.30,37,Mon,16,17,2024-12-30,22-285,DET,@,SFO,W 40-34,22.30,26.30,29.3,24.3,37,52.1,0,0.0,0,0.0,RB,GibbJa01
165,Derrick Henry,22.30,44,Sun,14,15,2022-12-18,28-348,TEN,@,LAC,L 14-17,22.30,26.30,29.3,24.3,44,71.0,0,0.0,0,0.0,RB,HenrDe00
166,Bijan Robinson,22.30,50,Sun,15,16,2024-12-22,22-327,ATL,,NYG,W 34-7,22.30,24.30,24.3,23.3,50,74.6,0,0.0,0,0.0,RB,RobiBi01
167,Jonathan Taylor,22.30,61,Sun,10,10,2022-11-13,23-298,IND,@,LVR,W 25-20,22.30,24.30,27.3,23.3,61,93.8,0,0.0,0,0.0,RB,TaylJo02
168,Travis Etienne,22.20,57,Sun,8,8,2022-10-30,23-277,JAX,,DEN,L 17-21,22.20,25.20,28.2,23.7,57,79.2,0,0.0,0,0.0,RB,EtieTr00
169,Devin Singletary,22.10,61,Sun,9,10,2023-11-12,26-070,HOU,@,CIN,W 30-27,22.10,23.10,26.1,22.6,61,81.3,0,0.0,0,0.0,RB,SingDe00
170,Saquon Barkley,22.00,55,Sun,9,10,2022-11-13,25-277,NYG,,HOU,W 24-16,22.00,23.00,26.0,22.5,55,79.7,0,0.0,2,6.7,RB,BarkSa00
171,Jordan Mason,22.00,47,Sun,4,4,2024-09-29,25-128,SFO,,NWE,W 30-13,22.00,24.00,27.0,23.0,47,74.6,0,0.0,0,0.0,RB,MasoJo00
172,Raheem Mostert,22.00,46,Mon,13,14,2023-12-11,31-246,MIA,,TEN,L 27-28,22.00,23.00,23.0,22.5,46,63.9,0,0.0,1,3.2,RB,MostRa00
173,Kyren Williams,22.00,76,Sun,2,2,2023-09-17,23-022,LAR,,SFO,L 23-30,22.00,28.00,28.0,25.0,76,95.0,0,0.0,4,14.3,RB,WillKy02
174,Jahmyr Gibbs,21.90,48,Sun,11,12,2024-11-24,22-249,DET,@,IND,W 24-6,21.90,24.90,24.9,23.4,48,66.7,0,0.0,0,0.0,RB,GibbJa01
175,Josh Jacobs,21.80,47,Sun,9,9,2023-11-05,25-267,LVR,,NYG,W 30-6,21.80,21.80,21.8,21.8,47,78.3,0,0.0,0,0.0,RB,JacoJo01
176,Isiah Pacheco,21.80,42,Sun,4,4,2023-10-01,24-213,KAN,@,NYJ,W 23-20,21.80,24.80,27.8,23.3,42,60.0,0,0.0,0,0.0,RB,PachIs00
177,Bijan Robinson,21.80,58,Sun,16,17,2024-12-29,22-334,ATL,@,WAS,L 24-30 (OT),21.80,24.80,24.8,23.3,58,90.6,0,0.0,0,0.0,RB,RobiBi01
178,Kyren Williams,21.80,47,Sun,6,6,2023-10-15,23-050,LAR,,ARI,W 26-9,21.80,21.80,24.8,21.8,47,82.5,0,0.0,0,0.0,RB,WillKy02
179,Saquon Barkley,21.70,47,Sun,17,18,2024-01-07,26-332,NYG,,PHI,W 27-10,21.70,23.70,23.7,22.7,47,70.1,0,0.0,0,0.0,RB,BarkSa00
180,Chase Brown,21.70,59,Sun,9,9,2024-11-03,24-227,CIN,,LVR,W 41-24,21.70,26.70,29.7,24.2,59,79.7,0,0.0,0,0.0,RB,BrowCh10
181,Ty Chandler,21.70,55,Sat,14,15,2023-12-16,25-218,MIN,@,CIN,L 24-27 (OT),21.70,24.70,27.7,23.2,55,80.9,0,0.0,2,7.4,RB,ChanTy01
182,Brian Robinson Jr.,21.70,31,Sun,10,10,2023-11-12,24-235,WAS,@,SEA,L 26-29,21.70,27.70,30.7,24.7,31,50.8,0,0.0,0,0.0,RB,RobiBr01
183,Jamaal Williams,21.70,33,Sun,16,17,2023-01-01,27-273,DET,,CHI,W 41-10,21.70,22.70,25.7,22.2,33,46.5,0,0.0,0,0.0,RB,WillJa06
184,Kyren Williams,21.70,64,Sun,13,14,2024-12-08,24-104,LAR,,BUF,W 44-42,21.70,23.70,23.7,22.7,64,83.1,0,0.0,1,3.0,RB,WillKy02
185,Tyler Allgeier,21.60,36,Sun,14,15,2022-12-18,22-247,ATL,@,NOR,L 18-21,21.60,22.60,25.6,22.1,36,48.6,0,0.0,0,0.0,RB,AllgTy00
186,Aaron Jones,21.60,45,Sun,10,10,2022-11-13,27-346,GNB,,DAL,W 31-28 (OT),21.60,23.60,26.6,22.6,45,70.3,0,0.0,0,0.0,RB,JoneAa00
187,Alvin Kamara,21.50,61,Sun,9,9,2024-11-03,29-101,NOR,@,CAR,L 22-23,21.50,27.50,30.5,24.5,61,77.2,0,0.0,0,0.0,RB,KamaAl00
188,David Montgomery,21.50,31,Sun,10,11,2024-11-17,27-163,DET,,JAX,W 52-6,21.50,24.50,24.5,23.0,31,39.2,0,0.0,0,0.0,RB,MontDa01
189,Tyler Allgeier,21.40,29,Sun,1,1,2023-09-10,23-148,ATL,,CAR,W 24-10,21.40,24.40,24.4,22.9,29,55.8,0,0.0,0,0.0,RB,AllgTy00
190,Clyde Edwards-Helaire,21.40,45,Sun,4,4,2022-10-02,23-174,KAN,@,TAM,W 41-31,21.40,22.40,22.4,21.9,45,56.3,0,0.0,0,0.0,RB,EdwaCl00
191,Jahmyr Gibbs,21.40,45,Sun,15,16,2024-12-22,22-277,DET,@,CHI,W 34-17,21.40,25.40,28.4,23.4,45,69.2,0,0.0,0,0.0,RB,GibbJa01
192,Raheem Mostert,21.40,42,Fri,11,12,2023-11-24,31-229,MIA,@,NYJ,W 34-13,21.40,21.40,21.4,21.4,42,60.0,0,0.0,1,4.2,RB,MostRa00
193,Derrick Henry,21.30,36,Sun,17,18,2024-01-07,30-003,TEN,,JAX,W 28-20,21.30,21.30,24.3,21.3,36,65.5,0,0.0,0,0.0,RB,HenrDe00
194,Cordarrelle Patterson,21.30,35,Sun,3,3,2022-09-25,31-192,ATL,@,SEA,W 27-23,21.30,22.30,25.3,21.8,35,61.4,0,0.0,6,24.0,RB,PattCo00
195,Kenneth Walker III,21.30,28,Sun,7,7,2024-10-20,24-000,SEA,@,ATL,W 34-14,21.30,23.30,23.3,22.3,28,46.7,0,0.0,0,0.0,RB,WalkKe00
196,Saquon Barkley,21.20,66,Sun,2,2,2023-09-17,26-220,NYG,@,ARI,W 31-28,21.20,27.20,27.2,24.2,66,97.1,0,0.0,0,0.0,RB,BarkSa00
197,Chase Brown,21.20,27,Sun,4,4,2024-09-29,24-192,CIN,@,CAR,W 34-24,21.20,23.20,23.2,22.2,27,40.3,0,0.0,18,64.3,RB,BrowCh10
198,Bucky Irving,21.20,34,Sun,11,12,2024-11-24,22-097,TAM,@,NYG,W 30-7,21.20,27.20,27.2,24.2,34,52.3,0,0.0,2,10.0,RB,IrviBu00
199,Jordan Mason,21.20,58,Mon,1,1,2024-09-09,25-108,SFO,,NYJ,W 32-19,21.20,22.20,25.2,21.7,58,80.6,0,0.0,0,0.0,RB,MasoJo00
200,Tyjae Spears,21.20,39,Sun,14,15,2024-12-15,23-183,TEN,,CIN,L 27-37,21.20,27.20,27.2,24.2,39,55.7,0,0.0,7,31.8,RB,SpeaTy00
201,Jerome Ford,21.10,43,Mon,2,2,2023-09-18,24-006,CLE,@,PIT,L 22-26,21.10,24.10,27.1,22.6,43,49.4,0,0.0,2,6.5,RB,FordJe00
202,David Montgomery,21.10,40,Sun,14,15,2022-12-18,25-194,CHI,,PHI,L 20-25,21.10,24.10,24.1,22.6,40,67.8,0,0.0,0,0.0,RB,MontDa01
203,Rhamondre Stevenson,21.10,60,Sun,6,6,2022-10-16,24-235,NWE,@,CLE,W 38-15,21.10,25.10,25.1,23.1,60,85.7,0,0.0,0,0.0,RB,StevRh00
204,Jonathan Taylor,21.10,42,Sun,11,12,2023-11-26,24-311,IND,,TAM,W 27-20,21.10,21.10,21.1,21.1,42,57.5,0,0.0,0,0.0,RB,TaylJo02
205,Tyrone Tracy Jr.,21.00,41,Mon,8,8,2024-10-28,24-340,NYG,@,PIT,L 18-26,21.00,23.00,26.0,22.0,41,56.9,0,0.0,0,0.0,RB,TracTy00
206,Chuba Hubbard,20.90,53,Sun,10,10,2024-11-10,25-152,CAR,,NYG,W 20-17 (OT),20.90,24.90,28.9,22.9,53,88.3,0,0.0,0,0.0,RB,HubbCh01
207,Isiah Pacheco,20.90,47,Sun,11,12,2023-11-26,24-269,KAN,@,LVR,W 31-17,20.90,25.90,25.9,23.4,47,78.3,0,0.0,0,0.0,RB,PachIs00
208,Aaron Jones,20.80,38,Sun,3,3,2024-09-22,29-295,MIN,,HOU,W 34-7,20.80,25.80,28.8,23.3,38,60.3,0,0.0,0,0.0,RB,JoneAa00
209,De'Von Achane,20.70,38,Sun,7,8,2024-10-27,23-014,MIA,,ARI,L 27-28,20.70,26.70,26.7,23.7,38,58.5,0,0.0,0,0.0,RB,AchaDe00
210,Derrick Henry,20.70,37,Sun,4,4,2022-10-02,28-271,TEN,@,IND,W 24-17,20.70,23.70,26.7,22.2,37,68.5,0,0.0,0,0.0,RB,HenrDe00
211,James Conner,20.60,65,Sun,10,10,2022-11-13,27-192,ARI,@,LAR,W 27-17,20.60,23.60,23.6,22.1,65,95.6,0,0.0,0,0.0,RB,ConnJa00
212,Dalvin Cook,20.60,70,Sun,9,10,2022-11-13,27-095,MIN,@,BUF,W 33-30 (OT),20.60,23.60,26.6,22.1,70,84.3,0,0.0,0,0.0,RB,CookDa01
213,Christian McCaffrey,20.60,69,Sun,12,13,2022-12-04,26-180,SFO,,MIA,W 33-17,20.60,28.60,28.6,24.6,69,82.1,0,0.0,0,0.0,RB,McCaCh01
214,De'Von Achane,20.50,26,Sun,5,5,2023-10-08,21-360,MIA,,NYG,W 31-16,20.50,21.50,25.5,21.0,26,48.1,0,0.0,4,15.4,RB,AchaDe00
215,Zack Moss,20.50,64,Sun,3,3,2023-09-24,25-283,IND,@,BAL,W 22-19 (OT),20.50,22.50,25.5,21.5,64,76.2,0,0.0,0,0.0,RB,MossZa00
216,Rhamondre Stevenson,20.50,54,Sun,8,8,2024-10-27,26-247,NWE,,NYJ,W 25-22,20.50,23.50,23.5,22.0,54,80.6,0,0.0,0,0.0,RB,StevRh00
217,Jaylen Warren,20.50,26,Sun,10,11,2023-11-19,25-018,PIT,@,CLE,L 10-13,20.50,23.50,26.5,22.0,26,44.8,0,0.0,0,0.0,RB,WarrJa01
218,Gus Edwards,20.40,30,Sun,7,7,2023-10-22,28-192,BAL,,DET,W 38-6,20.40,21.40,21.4,20.9,30,50.0,0,0.0,0,0.0,RB,EdwaGu00
219,Derrick Henry,20.38,32,Sun,15,16,2023-12-24,29-354,TEN,,SEA,L 17-20,20.38,21.38,21.4,20.9,32,48.5,0,0.0,0,0.0,RB,HenrDe00
220,Travis Etienne,20.30,51,Sun,6,6,2023-10-15,24-262,JAX,,IND,W 37-20,20.30,23.30,23.3,21.8,51,79.7,0,0.0,0,0.0,RB,EtieTr00
221,Derrick Henry,20.30,43,Sun,3,3,2022-09-25,28-264,TEN,,LVR,W 24-22,20.30,25.30,25.3,22.8,43,74.1,0,0.0,0,0.0,RB,HenrDe00
222,Kareem Hunt,20.30,45,Sun,6,7,2024-10-20,29-075,KAN,@,SFO,W 28-18,20.30,22.30,22.3,21.3,45,64.3,0,0.0,0,0.0,RB,HuntKa00
223,Bijan Robinson,20.30,50,Sun,7,7,2024-10-20,22-264,ATL,,SEA,L 14-34,20.30,23.30,26.3,21.8,50,68.5,0,0.0,0,0.0,RB,RobiBi01
224,Jeff Wilson,20.30,42,Sun,10,10,2022-11-13,26-362,MIA,,CLE,W 39-17,20.30,22.30,25.3,21.3,42,60.9,0,0.0,4,17.4,RB,WilsJe01
225,Latavius Murray,20.20,44,Sun,14,15,2022-12-18,32-334,DEN,,ARI,W 24-15,20.20,21.20,24.2,20.7,44,63.8,0,0.0,0,0.0,RB,MurrLa00
226,Tony Pollard,20.20,37,Sun,1,1,2023-09-10,26-133,DAL,@,NYG,W 40-0,20.20,22.20,22.2,21.2,37,63.8,0,0.0,0,0.0,RB,PollTo00
227,Saquon Barkley,20.10,48,Mon,13,14,2023-12-11,26-305,NYG,,GNB,W 24-22,20.10,23.10,24.1,21.6,48,85.7,0,0.0,0,0.0,RB,BarkSa00
228,Dalvin Cook,20.10,54,Sun,7,8,2022-10-30,27-081,MIN,,ARI,W 34-26,20.10,25.10,28.1,22.6,54,76.1,0,0.0,0,0.0,RB,CookDa01
229,James Cook,20.10,34,Sun,13,14,2023-12-10,24-076,BUF,@,KAN,W 20-17,20.10,25.10,25.1,22.6,34,44.2,0,0.0,0,0.0,RB,CookJa01
230,Breece Hall,20.10,47,Sun,7,7,2024-10-20,23-142,NYJ,@,PIT,L 15-37,20.10,26.10,29.1,23.1,47,82.5,0,0.0,0,0.0,RB,HallBr03
231,Ezekiel Elliott,20.00,52,Thu,13,14,2023-12-07,28-138,NWE,@,PIT,W 21-18,20.00,27.00,27.0,23.5,52,91.2,0,0.0,0,0.0,RB,ElliEz00
232,Travis Etienne,20.00,24,Sun,16,17,2023-01-01,23-340,JAX,@,HOU,W 31-3,20.00,23.00,26.0,21.5,24,38.1,0,0.0,0,0.0,RB,EtieTr00
233,Jahmyr Gibbs,20.00,46,Sun,15,16,2023-12-24,21-279,DET,@,MIN,W 30-24,20.00,24.00,25.0,22.0,46,58.2,0,0.0,0,0.0,RB,GibbJa01
234,David Montgomery,20.00,21,Sun,5,6,2024-10-13,27-128,DET,@,DAL,W 47-9,20.00,21.00,21.0,20.5,21,30.9,0,0.0,0,0.0,RB,MontDa01
235,J.K. Dobbins,19.90,33,Sun,1,1,2024-09-08,25-266,LAC,,LVR,W 22-10,19.90,22.90,25.9,21.4,33,57.9,0,0.0,0,0.0,RB,DobbJK00
236,Austin Ekeler,19.90,41,Mon,15,16,2022-12-26,27-223,LAC,@,IND,W 20-3,19.90,23.90,23.9,21.9,41,60.3,0,0.0,0,0.0,RB,EkelAu00
237,Josh Jacobs,19.90,51,Sun,4,4,2023-10-01,25-232,LVR,@,LAC,L 17-24,19.90,27.90,27.9,23.9,51,69.9,0,0.0,0,0.0,RB,JacoJo01
238,Dameon Pierce,19.90,39,Sun,4,4,2022-10-02,22-225,HOU,,LAC,L 24-34,19.90,25.90,28.9,22.9,39,68.4,0,0.0,0,0.0,RB,PierDa01
239,Rachaad White,19.90,50,Sun,14,15,2023-12-17,24-339,TAM,@,GNB,W 34-20,19.90,21.90,21.9,20.9,50,80.6,0,0.0,0,0.0,RB,WhitRa01
240,Jahmyr Gibbs,19.80,30,Mon,4,4,2024-09-30,22-194,DET,,SEA,W 42-29,19.80,19.80,19.8,19.8,30,56.6,0,0.0,0,0.0,RB,GibbJa01
241,Christian McCaffrey,19.80,57,Thu,14,15,2022-12-15,26-191,SFO,@,SEA,W 21-13,19.80,25.80,28.8,22.8,57,89.1,0,0.0,1,3.6,RB,McCaCh01
242,De'Von Achane,19.70,33,Sun,16,17,2023-12-31,22-079,MIA,@,BAL,L 19-56,19.70,23.70,26.7,21.7,33,47.8,0,0.0,0,0.0,RB,AchaDe00
243,Travis Etienne,19.70,49,Thu,7,7,2023-10-19,24-266,JAX,@,NOR,W 31-24,19.70,22.70,22.7,21.2,49,87.5,0,0.0,0,0.0,RB,EtieTr00
244,Derrick Henry,19.60,34,Sun,11,12,2023-11-26,29-326,TEN,,CAR,W 17-10,19.60,20.60,20.6,20.1,34,64.2,0,0.0,0,0.0,RB,HenrDe00
245,Aaron Jones,19.60,40,Sun,7,7,2022-10-23,27-325,GNB,@,WAS,L 21-23,19.60,28.60,28.6,24.1,40,74.1,0,0.0,0,0.0,RB,JoneAa00
246,Christian McCaffrey,19.60,53,Mon,7,7,2023-10-23,27-138,SFO,@,MIN,L 17-22,19.60,22.60,23.6,21.1,53,100.0,0,0.0,0,0.0,RB,McCaCh01
247,Cordarrelle Patterson,19.60,49,Sun,1,1,2022-09-11,31-178,ATL,,NOR,L 26-27,19.60,22.60,25.6,21.1,49,65.3,0,0.0,5,15.6,RB,PattCo00
248,Jamaal Williams,19.60,22,Sun,7,8,2022-10-30,27-210,DET,,MIA,L 27-31,19.60,22.60,22.6,21.1,22,36.7,0,0.0,0,0.0,RB,WillJa06
249,Kyren Williams,19.60,49,Sun,6,7,2024-10-20,24-055,LAR,,LVR,W 20-15,19.60,19.60,19.6,19.6,49,89.1,0,0.0,0,0.0,RB,WillKy02
250,Christian McCaffrey,19.50,57,Sun,2,2,2023-09-17,27-102,SFO,@,LAR,W 30-23,19.50,22.50,25.5,21.0,57,100.0,0,0.0,0,0.0,RB,McCaCh01
251,Bijan Robinson,19.50,61,Sun,12,13,2024-12-01,22-306,ATL,,LAC,L 13-17,19.50,25.50,28.5,22.5,61,75.3,0,0.0,0,0.0,RB,RobiBi01
252,Rachaad White,19.50,57,Sun,13,14,2023-12-10,24-332,TAM,@,ATL,W 29-25,19.50,21.50,24.5,20.5,57,83.8,0,0.0,0,0.0,RB,WhitRa01
253,Kyren Williams,19.50,58,Sun,14,15,2023-12-17,23-113,LAR,,WAS,W 28-20,19.50,24.50,29.5,22.0,58,77.3,0,0.0,2,7.4,RB,WillKy02
254,Clyde Edwards-Helaire,19.40,27,Sun,1,1,2022-09-11,23-153,KAN,@,ARI,W 44-21,19.40,22.40,22.4,20.9,27,38.6,0,0.0,0,0.0,RB,EdwaCl00
255,Josh Jacobs,19.40,37,Sun,10,11,2024-11-17,26-280,GNB,@,CHI,W 20-19,19.40,23.40,23.4,21.4,37,80.4,0,0.0,0,0.0,RB,JacoJo01
256,Jeremy McNichols,19.40,27,Sun,4,4,2024-09-29,28-278,WAS,@,ARI,W 42-14,19.40,20.40,20.4,19.9,27,37.5,0,0.0,8,34.8,RB,McNiJe00
257,Keaton Mitchell,19.40,14,Sun,9,9,2023-11-05,21-292,BAL,,SEA,W 37-3,19.40,20.40,23.4,19.9,14,18.4,0,0.0,13,48.1,RB,MitcKe01
258,Joe Mixon,19.40,54,Sun,8,8,2024-10-27,28-095,HOU,,IND,W 23-20,19.40,23.40,26.4,21.4,54,76.1,0,0.0,0,0.0,RB,MixoJo00
259,Saquon Barkley,19.30,63,Sat,15,16,2022-12-24,25-318,NYG,@,MIN,L 24-27,19.30,27.30,27.3,23.3,63,91.3,0,0.0,0,0.0,RB,BarkSa00
260,Eno Benjamin,19.30,48,Thu,7,7,2022-10-20,23-190,ARI,,NOR,W 42-34,19.30,23.30,23.3,21.3,48,72.7,0,0.0,0,0.0,RB,BenjEn00
261,Jahmyr Gibbs,19.30,19,Sun,7,8,2024-10-27,22-221,DET,,TEN,W 52-14,19.30,20.30,23.3,19.8,19,39.6,0,0.0,0,0.0,RB,GibbJa01
262,Najee Harris,19.30,37,Sat,17,18,2024-01-06,25-303,PIT,@,BAL,W 17-10,19.30,24.30,27.3,21.8,37,59.7,0,0.0,1,3.7,RB,HarrNa00
263,Christian McCaffrey,19.30,52,Sun,12,13,2023-12-03,27-179,SFO,@,PHI,W 42-19,19.30,22.30,22.3,20.8,52,88.1,0,0.0,1,3.8,RB,McCaCh01
264,Nick Chubb,19.20,47,Sun,11,12,2022-11-27,26-335,CLE,,TAM,W 23-17 (OT),19.20,20.20,23.2,19.7,47,59.5,0,0.0,0,0.0,RB,ChubNi00
265,Chuba Hubbard,19.20,42,Sun,9,9,2024-11-03,25-145,CAR,,NOR,W 23-22,19.20,21.20,21.2,20.2,42,79.2,0,0.0,0,0.0,RB,HubbCh01
266,Jamaal Williams,19.20,30,Sun,17,18,2023-01-08,27-280,DET,@,GNB,W 20-16,19.20,19.20,19.2,19.2,30,48.4,0,0.0,0,0.0,RB,WillJa06
267,Jeff Wilson,19.20,39,Sun,5,5,2022-10-09,26-327,SFO,@,CAR,W 37-15,19.20,20.20,23.2,19.7,39,58.2,0,0.0,0,0.0,RB,WilsJe01
268,AJ Dillon,19.10,26,Mon,14,15,2022-12-19,24-231,GNB,,LAR,W 24-12,19.10,22.10,22.1,20.6,26,36.6,0,0.0,1,4.8,RB,DillAJ00
269,J.K. Dobbins,19.10,32,Sun,2,2,2024-09-15,25-273,LAC,@,CAR,W 26-3,19.10,20.10,23.1,19.6,32,46.4,0,0.0,0,0.0,RB,DobbJK00
270,Gus Edwards,19.10,30,Thu,15,16,2024-12-19,29-250,LAC,,DEN,W 34-27,19.10,20.10,20.1,19.6,30,46.2,0,0.0,0,0.0,RB,EdwaGu00
271,Jerome Ford,19.10,53,Sun,15,16,2024-12-22,25-101,CLE,@,CIN,L 6-24,19.10,24.10,24.1,21.6,53,80.3,0,0.0,4,19.0,RB,FordJe00
272,Christian McCaffrey,19.10,70,Mon,15,16,2023-12-25,27-201,SFO,,BAL,L 19-33,19.10,25.10,28.1,22.1,70,100.0,0,0.0,0,0.0,RB,McCaCh01
273,Bijan Robinson,19.10,45,Sun,17,18,2024-01-07,21-342,ATL,@,NOR,L 17-48,19.10,26.10,29.1,22.6,45,73.8,0,0.0,0,0.0,RB,RobiBi01
274,Gus Edwards,19.00,25,Thu,11,11,2023-11-16,28-217,BAL,,CIN,W 34-20,19.00,21.00,21.0,20.0,25,37.9,0,0.0,0,0.0,RB,EdwaGu00
275,Austin Ekeler,19.00,39,Mon,8,9,2023-11-06,28-173,LAC,@,NYJ,W 27-6,19.00,21.00,21.0,20.0,39,67.2,0,0.0,0,0.0,RB,EkelAu00
276,D'Onta Foreman,19.00,45,Thu,10,10,2022-11-10,26-200,CAR,,ATL,W 25-15,19.00,19.00,22.0,19.0,45,68.2,0,0.0,0,0.0,RB,ForeDO00
277,Kareem Hunt,19.00,45,Sun,1,1,2022-09-11,27-036,CLE,@,CAR,W 26-24,19.00,23.00,23.0,21.0,45,56.3,0,0.0,0,0.0,RB,HuntKa00
278,Bucky Irving,19.00,42,Sun,16,17,2024-12-29,22-132,TAM,,CAR,W 48-14,19.00,23.00,26.0,21.0,42,54.5,0,0.0,0,0.0,RB,IrviBu00
279,Josh Jacobs,19.00,46,Sun,12,13,2022-12-04,24-296,LVR,,LAC,W 27-20,19.00,21.00,25.0,20.0,46,75.4,0,0.0,0,0.0,RB,JacoJo01
280,Najee Harris,18.90,36,Sun,12,13,2024-12-01,26-267,PIT,@,CIN,W 44-38,18.90,24.90,24.9,21.9,36,52.2,0,0.0,1,3.0,RB,HarrNa00
281,Derrick Henry,18.90,46,Sat,15,16,2024-12-21,30-352,BAL,,PIT,W 34-17,18.90,20.90,23.9,19.9,46,74.2,0,0.0,0,0.0,RB,HenrDe00
282,Khalil Herbert,18.90,37,Sun,16,17,2023-12-31,25-254,CHI,,ATL,W 37-17,18.90,20.90,23.9,19.9,37,50.0,0,0.0,0,0.0,RB,HerbKh00
283,Dontrell Hilliard,18.90,12,Sun,1,1,2022-09-11,27-197,TEN,,NYG,L 20-21,18.90,21.90,21.9,20.4,12,18.5,0,0.0,5,17.9,RB,HillDo00
284,David Montgomery,18.90,45,Sun,5,5,2023-10-08,26-123,DET,,CAR,W 42-24,18.90,20.90,23.9,19.9,45,75.0,0,0.0,0,0.0,RB,MontDa01
285,Tony Pollard,18.90,63,Sun,11,12,2024-11-24,27-208,TEN,@,HOU,W 32-27,18.90,21.90,24.9,20.4,63,94.0,0,0.0,0,0.0,RB,PollTo00
286,James Robinson,18.90,34,Sun,1,1,2022-09-11,24-033,JAX,@,WAS,L 22-28,18.90,19.90,19.9,19.4,34,48.6,0,0.0,0,0.0,RB,RobiJa00
287,Rhamondre Stevenson,18.90,40,Sun,9,9,2023-11-05,25-255,NWE,,WAS,L 17-20,18.90,22.90,22.9,20.9,40,62.5,0,0.0,0,0.0,RB,StevRh00
288,D'Andre Swift,18.90,46,Sun,7,8,2024-10-27,25-287,CHI,@,WAS,L 15-18,18.90,18.90,21.9,18.9,46,73.0,0,0.0,0,0.0,RB,SwifDA00
289,Kyren Williams,18.90,43,Sun,15,16,2024-12-22,24-118,LAR,@,NYJ,W 19-9,18.90,19.90,22.9,19.4,43,82.7,0,0.0,0,0.0,RB,WillKy02
290,Tyler Allgeier,18.80,29,Sun,6,6,2024-10-13,24-181,ATL,@,CAR,W 38-20,18.80,19.80,22.8,19.3,29,41.4,0,0.0,1,3.7,RB,AllgTy00
291,Tony Pollard,18.80,72,Sun,9,10,2022-11-13,25-197,DAL,@,GNB,L 28-31 (OT),18.80,21.80,24.8,20.3,72,86.7,0,0.0,0,0.0,RB,PollTo00
292,Nick Chubb,18.70,40,Sun,4,4,2022-10-02,26-279,CLE,@,ATL,L 20-23,18.70,20.70,23.7,19.7,40,54.8,0,0.0,0,0.0,RB,ChubNi00
293,Tevin Coleman,18.70,19,Sun,5,5,2022-10-09,29-176,SFO,@,CAR,W 37-15,18.70,21.70,21.7,20.2,19,28.4,0,0.0,0,0.0,RB,ColeTe01
294,Kenyan Drake,18.70,34,Sun,6,6,2022-10-16,28-263,BAL,@,NYG,L 20-24,18.70,19.70,22.7,19.2,34,57.6,0,0.0,5,19.2,RB,DrakKe00
295,Kenneth Walker III,18.70,39,Sun,9,10,2023-11-12,23-023,SEA,,WAS,W 29-26,18.70,19.70,19.7,19.2,39,48.1,0,0.0,0,0.0,RB,WalkKe00
296,Saquon Barkley,18.60,66,Mon,3,3,2022-09-26,25-229,NYG,,DAL,L 16-23,18.60,22.60,22.6,20.6,66,91.7,0,0.0,0,0.0,RB,BarkSa00
297,Gus Edwards,18.60,23,Sun,7,7,2022-10-23,27-193,BAL,,CLE,W 23-20,18.60,18.60,18.6,18.6,23,35.9,0,0.0,0,0.0,RB,EdwaGu00
298,Jahmyr Gibbs,18.60,65,Sun,7,7,2023-10-22,21-216,DET,@,BAL,L 6-38,18.60,27.60,27.6,23.1,65,86.7,0,0.0,0,0.0,RB,GibbJa01
299,Breece Hall,18.60,42,Sun,13,14,2023-12-10,22-193,NYJ,,HOU,W 30-6,18.60,26.60,26.6,22.6,42,61.8,0,0.0,0,0.0,RB,HallBr03
300,Breece Hall,18.60,52,Thu,16,17,2023-12-28,22-211,NYJ,@,CLE,L 20-37,18.60,27.60,27.6,23.1,52,71.2,0,0.0,0,0.0,RB,HallBr03
301,Tyjae Spears,18.60,17,Sun,17,18,2024-01-07,22-206,TEN,,JAX,W 28-20,18.60,21.60,21.6,20.1,17,30.9,0,0.0,0,0.0,RB,SpeaTy00
302,Tyjae Spears,18.60,37,Sun,15,16,2024-12-22,23-190,TEN,@,IND,L 30-38,18.60,21.60,21.6,20.1,37,60.7,0,0.0,7,23.3,RB,SpeaTy00
303,Rhamondre Stevenson,18.60,51,Sun,1,1,2024-09-08,26-198,NWE,@,CIN,W 16-10,18.60,21.60,24.6,20.1,51,78.5,0,0.0,0,0.0,RB,StevRh00
304,Josh Jacobs,18.50,44,Sun,12,12,2023-11-26,25-288,LVR,,KAN,L 17-31,18.50,22.50,25.5,20.5,44,75.9,0,0.0,0,0.0,RB,JacoJo01
305,Joe Mixon,18.50,38,Sun,13,14,2023-12-10,27-139,CIN,,IND,W 34-14,18.50,21.50,21.5,20.0,38,63.3,0,0.0,0,0.0,RB,MixoJo00
306,Brian Robinson Jr.,18.50,30,Sun,12,12,2022-11-27,23-250,WAS,,ATL,W 19-13,18.50,20.50,23.5,19.5,30,48.4,0,0.0,0,0.0,RB,RobiBr01
307,Chris Rodriguez,18.50,24,Sun,15,16,2023-12-24,23-089,WAS,@,NYJ,L 28-30,18.50,19.50,19.5,19.0,24,39.3,0,0.0,13,36.1,RB,RodrCh00
308,Devin Singletary,18.50,37,Sat,15,16,2022-12-24,25-112,BUF,@,CHI,W 35-13,18.50,20.50,23.5,19.5,37,57.8,0,0.0,0,0.0,RB,SingDe00
309,James Conner,18.40,41,Sun,2,2,2024-09-15,29-133,ARI,,LAR,W 41-10,18.40,19.40,22.4,18.9,41,62.1,0,0.0,0,0.0,RB,ConnJa00
310,Chase Brown,18.30,59,Mon,13,14,2024-12-09,24-263,CIN,@,DAL,W 27-20,18.30,24.30,24.3,21.3,59,83.1,0,0.0,0,0.0,RB,BrowCh10
311,J.K. Dobbins,18.30,35,Sun,4,4,2022-10-02,23-289,BAL,,BUF,L 20-23,18.30,22.30,22.3,20.3,35,50.0,0,0.0,0,0.0,RB,DobbJK00
312,Rico Dowdle,18.30,53,Thu,12,13,2024-11-28,26-167,DAL,,NYG,W 27-20,18.30,21.30,24.3,19.8,53,69.7,0,0.0,0,0.0,RB,DowdRi01
313,Jahmyr Gibbs,18.30,33,Sun,10,11,2024-11-17,22-242,DET,,JAX,W 52-6,18.30,19.30,19.3,18.8,33,41.8,0,0.0,0,0.0,RB,GibbJa01
314,Najee Harris,18.30,45,Sun,16,17,2023-01-01,24-298,PIT,@,BAL,W 16-13,18.30,20.30,23.3,19.3,45,64.3,0,0.0,0,0.0,RB,HarrNa00
315,Isiah Pacheco,18.30,47,Sun,12,13,2023-12-03,24-276,KAN,@,GNB,L 19-27,18.30,21.30,24.3,19.8,47,70.1,0,0.0,0,0.0,RB,PachIs00
316,Nick Chubb,18.20,48,Sun,17,18,2023-01-08,27-012,CLE,@,PIT,L 14-28,18.20,23.20,23.2,20.7,48,75.0,0,0.0,0,0.0,RB,ChubNi00
317,James Conner,18.20,55,Sun,13,14,2024-12-08,29-217,ARI,,SEA,L 18-30,18.20,22.20,22.2,20.2,55,77.5,0,0.0,0,0.0,RB,ConnJa00
318,Najee Harris,18.20,31,Sun,6,6,2024-10-13,26-218,PIT,@,LVR,W 32-13,18.20,20.20,23.2,19.2,31,46.3,0,0.0,1,4.0,RB,HarrNa00
319,Khalil Herbert,18.20,56,Sun,4,4,2023-10-01,25-163,CHI,,DEN,L 28-31,18.20,22.20,25.2,20.2,56,77.8,0,0.0,0,0.0,RB,HerbKh00
320,David Montgomery,18.20,35,Sun,3,3,2024-09-22,27-107,DET,@,ARI,W 20-13,18.20,21.20,24.2,19.7,35,51.5,0,0.0,0,0.0,RB,MontDa01
321,Raheem Mostert,18.20,46,Sun,5,5,2022-10-09,30-183,MIA,@,NYJ,L 17-40,18.20,19.20,22.2,18.7,46,68.7,0,0.0,7,24.1,RB,MostRa00
322,Tony Pollard,18.20,41,Sun,13,14,2022-12-11,25-225,DAL,,HOU,W 27-23,18.20,22.20,22.2,20.2,41,57.7,0,0.0,0,0.0,RB,PollTo00
323,De'Von Achane,18.10,49,Sun,17,18,2025-01-05,23-084,MIA,@,NYJ,L 20-32,18.10,18.10,21.1,18.1,49,70.0,0,0.0,0,0.0,RB,AchaDe00
324,Breece Hall,18.10,37,Sun,6,6,2022-10-16,21-138,NYJ,@,GNB,W 27-10,18.10,20.10,23.1,19.1,37,67.3,0,0.0,0,0.0,RB,HallBr03
325,Khalil Herbert,18.10,36,Sun,15,16,2023-12-24,25-247,CHI,,ARI,W 27-16,18.10,19.10,22.1,18.6,36,51.4,0,0.0,0,0.0,RB,HerbKh00
326,Chuba Hubbard,18.10,52,Sun,4,4,2024-09-29,25-110,CAR,,CIN,L 24-34,18.10,22.10,25.1,20.1,52,74.3,0,0.0,0,0.0,RB,HubbCh01
327,Deon Jackson,18.10,54,Sun,6,6,2022-10-16,23-240,IND,,JAX,W 34-27,18.10,28.10,28.1,23.1,54,66.7,0,0.0,1,4.0,RB,JackDe02
328,David Montgomery,18.10,55,Sun,11,11,2022-11-20,25-166,CHI,@,ATL,L 24-27,18.10,21.10,21.1,19.6,55,79.7,0,0.0,0,0.0,RB,MontDa01
329,Zack Moss,18.10,42,Sun,17,18,2023-01-08,25-024,IND,,HOU,L 31-32,18.10,21.10,24.1,19.6,42,57.5,0,0.0,0,0.0,RB,MossZa00
330,Bijan Robinson,18.10,63,Sun,13,14,2024-12-08,22-313,ATL,@,MIN,L 21-42,18.10,20.10,20.1,19.1,63,85.1,0,0.0,0,0.0,RB,RobiBi01
331,Cam Akers,18.00,46,Sun,12,13,2022-12-04,23-165,LAR,,SEA,L 23-27,18.00,19.00,19.0,18.5,46,71.9,0,0.0,0,0.0,RB,AkerCa00
332,Saquon Barkley,18.00,54,Sun,14,15,2022-12-18,25-312,NYG,@,WAS,W 20-12,18.00,23.00,23.0,20.5,54,85.7,0,0.0,0,0.0,RB,BarkSa00
333,Nick Chubb,18.00,38,Thu,11,12,2024-11-21,28-330,CLE,,PIT,W 24-19,18.00,19.00,19.0,18.5,38,65.5,0,0.0,0,0.0,RB,ChubNi00
334,James Conner,18.00,64,Sun,12,12,2022-11-27,27-206,ARI,,LAC,L 24-25,18.00,21.00,25.0,19.5,64,97.0,0,0.0,0,0.0,RB,ConnJa00
335,James Conner,18.00,74,Sun,15,16,2022-12-25,27-234,ARI,,TAM,L 16-19 (OT),18.00,25.00,25.0,21.5,74,97.4,0,0.0,0,0.0,RB,ConnJa00
336,James Cook,18.00,26,Sun,12,13,2024-12-01,25-067,BUF,,SFO,W 35-10,18.00,19.00,22.0,18.5,26,44.8,0,0.0,0,0.0,RB,CookJa01
337,J.K. Dobbins,18.00,26,Sun,13,14,2022-12-11,23-359,BAL,@,PIT,W 16-14,18.00,18.00,21.0,18.0,26,42.6,0,0.0,0,0.0,RB,DobbJK00
338,Alexander Mattison,18.00,25,Sun,17,18,2023-01-08,24-203,MIN,@,CHI,W 29-13,18.00,19.00,19.0,18.5,25,35.2,0,0.0,0,0.0,RB,MattAl01
339,D'Andre Swift,18.00,50,Sun,5,5,2024-10-06,25-266,CHI,,CAR,W 36-10,18.00,20.00,20.0,19.0,50,66.7,0,0.0,0,0.0,RB,SwifDA00
340,Jonathan Taylor,18.00,35,Sun,7,7,2023-10-22,24-276,IND,,CLE,L 38-39,18.00,21.00,21.0,19.5,35,50.0,0,0.0,0,0.0,RB,TaylJo02
341,AJ Dillon,17.90,45,Sun,13,13,2022-12-04,24-216,GNB,@,CHI,W 28-19,17.90,20.90,20.9,19.4,45,68.2,0,0.0,0,0.0,RB,DillAJ00
342,J.K. Dobbins,17.90,49,Sun,10,11,2024-11-17,25-336,LAC,,CIN,W 34-27,17.90,18.90,18.9,18.4,49,73.1,0,0.0,0,0.0,RB,DobbJK00
343,Travis Etienne,17.90,57,Sun,7,7,2022-10-23,23-270,JAX,,NYG,L 17-23,17.90,18.90,22.9,18.4,57,80.3,0,0.0,0,0.0,RB,EtieTr00
344,Alvin Kamara,17.90,61,Sun,4,4,2024-09-29,29-066,NOR,@,ATL,L 24-26,17.90,24.90,24.9,21.4,61,82.4,0,0.0,0,0.0,RB,KamaAl00
345,Christian McCaffrey,17.90,51,Thu,3,3,2023-09-21,27-106,SFO,,NYG,W 30-12,17.90,22.90,22.9,20.4,51,61.4,0,0.0,0,0.0,RB,McCaCh01
346,Joe Mixon,17.90,47,Sun,13,13,2024-12-01,28-130,HOU,@,JAX,W 23-20,17.90,21.90,24.9,19.9,47,74.6,0,0.0,0,0.0,RB,MixoJo00
347,D'Andre Swift,17.90,45,Sun,6,6,2024-10-13,25-273,CHI,,JAX,W 35-16,17.90,21.90,21.9,19.9,45,68.2,0,0.0,0,0.0,RB,SwifDA00
348,Latavius Murray,17.80,39,Sun,17,18,2023-01-08,32-355,DEN,,LAC,W 31-28,17.80,18.80,21.8,18.3,39,60.0,0,0.0,0,0.0,RB,MurrLa00
349,Devin Singletary,17.80,57,Sun,10,11,2023-11-19,26-077,HOU,,ARI,W 21-16,17.80,19.80,22.8,18.8,57,85.1,0,0.0,0,0.0,RB,SingDe00
350,Saquon Barkley,17.70,49,Sun,12,13,2024-12-01,27-296,PHI,@,BAL,W 24-19,17.70,19.70,22.7,18.7,49,87.5,0,0.0,0,0.0,RB,BarkSa00
351,Ezekiel Elliott,17.70,31,Sun,7,7,2022-10-23,27-093,DAL,,DET,W 24-6,17.70,17.70,17.7,17.7,31,49.2,0,0.0,0,0.0,RB,ElliEz00
352,Kareem Hunt,17.70,53,Mon,5,5,2024-10-07,29-062,KAN,,NOR,W 26-13,17.70,18.70,21.7,18.2,53,63.1,0,0.0,0,0.0,RB,HuntKa00
353,Kareem Hunt,17.70,49,Mon,8,9,2024-11-04,29-090,KAN,,TAM,W 30-24 (OT),17.70,18.70,21.7,18.2,49,57.6,0,0.0,0,0.0,RB,HuntKa00
354,Josh Jacobs,17.70,42,Thu,12,13,2024-11-28,26-291,GNB,,MIA,W 30-17,17.70,21.70,21.7,19.7,42,77.8,0,0.0,1,4.2,RB,JacoJo01
355,Jonathan Taylor,17.70,52,Sun,8,8,2024-10-27,25-282,IND,@,HOU,L 20-23,17.70,18.70,21.7,18.2,52,81.3,0,0.0,0,0.0,RB,TaylJo02
356,De'Von Achane,17.60,36,Sun,11,12,2024-11-24,23-042,MIA,,NWE,W 34-15,17.60,20.60,20.6,19.1,36,52.9,0,0.0,0,0.0,RB,AchaDe00
357,Braelon Allen,17.60,20,Sun,2,2,2024-09-15,20-239,NYJ,@,TEN,W 24-17,17.60,19.60,19.6,18.6,20,35.1,0,0.0,16,61.5,RB,AlleBr05
358,James Conner,17.60,39,Sun,3,3,2023-09-24,28-142,ARI,,DAL,W 28-16,17.60,19.60,19.6,18.6,39,63.9,0,0.0,0,0.0,RB,ConnJa00
359,Josh Jacobs,17.60,48,Sun,14,15,2024-12-15,26-308,GNB,@,SEA,W 30-13,17.60,21.60,22.6,19.6,48,75.0,0,0.0,0,0.0,RB,JacoJo01
360,Aaron Jones,17.60,43,Sun,6,7,2024-10-20,29-323,MIN,,DET,L 29-31,17.60,20.60,20.6,19.1,43,71.7,0,0.0,0,0.0,RB,JoneAa00
361,Jerick McKinnon,17.60,29,Sun,16,17,2023-01-01,30-243,KAN,,DEN,W 27-24,17.60,22.60,22.6,20.1,29,48.3,0,0.0,12,41.4,RB,McKiJe00
362,David Montgomery,17.60,25,Sun,9,10,2023-11-12,26-158,DET,@,LAC,W 41-38,17.60,17.60,20.6,17.6,25,37.9,0,0.0,0,0.0,RB,MontDa01
363,James Robinson,17.60,44,Sun,3,3,2022-09-25,24-047,JAX,@,LAC,W 38-10,17.60,20.60,23.6,19.1,44,57.9,0,0.0,0,0.0,RB,RobiJa00
364,Kyren Williams,17.60,64,Thu,7,8,2024-10-24,24-059,LAR,,MIN,W 30-20,17.60,22.60,22.6,20.1,64,88.9,0,0.0,1,4.0,RB,WillKy02
365,Austin Ekeler,17.50,50,Sun,9,10,2023-11-12,28-179,LAC,,DET,L 38-41,17.50,21.50,21.5,19.5,50,69.4,0,0.0,0,0.0,RB,EkelAu00
366,Derrick Henry,17.50,50,Sun,13,14,2022-12-11,28-341,TEN,,JAX,L 22-36,17.50,20.50,25.5,19.0,50,74.6,0,0.0,0,0.0,RB,HenrDe00
367,Elijah Mitchell,17.50,10,Sun,17,18,2023-01-08,24-251,SFO,,ARI,W 38-13,17.50,17.50,17.5,17.5,10,16.1,0,0.0,0,0.0,RB,MitcEl00
368,Rhamondre Stevenson,17.50,54,Sun,5,5,2022-10-09,24-228,NWE,,DET,W 29-0,17.50,19.50,22.5,18.5,54,90.0,0,0.0,0,0.0,RB,StevRh00
369,James Conner,17.40,71,Mon,13,14,2022-12-12,27-221,ARI,,NWE,L 13-27,17.40,23.40,23.4,20.4,71,94.7,0,0.0,0,0.0,RB,ConnJa00
370,Rico Dowdle,17.40,38,Sun,5,5,2024-10-06,26-114,DAL,@,PIT,W 20-17,17.40,19.40,19.4,18.4,38,50.0,0,0.0,0,0.0,RB,DowdRi01
371,Breece Hall,17.40,41,Sun,2,2,2024-09-15,23-107,NYJ,@,TEN,W 24-17,17.40,24.40,24.4,20.9,41,71.9,0,0.0,0,0.0,RB,HallBr03
372,Josh Jacobs,17.40,50,Thu,13,14,2022-12-08,24-300,LVR,@,LAR,L 16-17,17.40,19.40,19.4,18.4,50,83.3,0,0.0,0,0.0,RB,JacoJo01
373,Alvin Kamara,17.40,56,Sun,5,5,2022-10-09,27-076,NOR,,SEA,W 39-32,17.40,23.40,27.4,20.4,56,72.7,0,0.0,0,0.0,RB,KamaAl00
374,Rhamondre Stevenson,17.40,51,Sun,9,9,2024-11-03,26-254,NWE,@,TEN,L 17-20 (OT),17.40,22.40,22.4,19.9,51,73.9,0,0.0,0,0.0,RB,StevRh00
375,Kenneth Walker III,17.40,44,Sun,2,2,2023-09-17,22-332,SEA,@,DET,W 37-31 (OT),17.40,18.40,18.4,17.9,44,61.1,0,0.0,0,0.0,RB,WalkKe00
376,Kyren Williams,17.40,53,Sun,1,1,2023-09-10,23-015,LAR,@,SEA,W 30-13,17.40,17.40,17.4,17.4,53,65.4,0,0.0,8,28.6,RB,WillKy02
377,Nick Chubb,17.30,45,Thu,3,3,2022-09-22,26-269,CLE,,PIT,W 29-17,17.30,17.30,20.3,17.3,45,62.5,0,0.0,0,0.0,RB,ChubNi00
378,James Conner,17.30,34,Sun,4,4,2024-09-29,29-147,ARI,,WAS,L 14-42,17.30,18.30,21.3,17.8,34,57.6,0,0.0,0,0.0,RB,ConnJa00
379,James Conner,17.30,32,Sun,10,10,2024-11-10,29-189,ARI,,NYJ,W 31-6,17.30,22.30,22.3,19.8,32,54.2,0,0.0,0,0.0,RB,ConnJa00
380,Derrick Henry,17.30,29,Sun,6,6,2023-10-15,29-284,TEN,,BAL,L 16-24,17.30,19.30,19.3,18.3,29,52.7,0,0.0,0,0.0,RB,HenrDe00
381,Alvin Kamara,17.30,66,Thu,7,7,2023-10-19,28-086,NOR,,JAX,L 24-31,17.30,29.30,29.3,23.3,66,73.3,0,0.0,0,0.0,RB,KamaAl00
382,Cordarrelle Patterson,17.30,24,Sun,9,9,2022-11-06,31-234,ATL,,LAC,L 17-20,17.30,18.30,18.3,17.8,24,39.3,0,0.0,0,0.0,RB,PattCo00
383,Dameon Pierce,17.30,46,Sun,5,5,2022-10-09,22-232,HOU,@,JAX,W 13-6,17.30,20.30,20.3,18.8,46,79.3,0,0.0,0,0.0,RB,PierDa01
384,Brian Robinson Jr.,17.30,45,Sun,4,4,2024-09-29,25-191,WAS,@,ARI,W 42-14,17.30,20.30,23.3,18.8,45,62.5,0,0.0,0,0.0,RB,RobiBr01
385,Kyren Williams,17.30,38,Sun,12,13,2024-12-01,24-097,LAR,@,NOR,W 21-14,17.30,18.30,21.3,17.8,38,67.9,0,0.0,0,0.0,RB,WillKy02
386,James Conner,17.20,36,Sun,15,16,2023-12-24,28-233,ARI,@,CHI,L 16-27,17.20,22.20,22.2,19.7,36,59.0,0,0.0,0,0.0,RB,ConnJa00
387,Gus Edwards,17.20,14,Sun,9,9,2023-11-05,28-206,BAL,,SEA,W 37-3,17.20,17.20,17.2,17.2,14,18.4,0,0.0,0,0.0,RB,EdwaGu00
388,Justice Hill,17.20,20,Sun,16,17,2023-12-31,26-047,BAL,,MIA,W 56-19,17.20,22.20,22.2,19.7,20,35.1,0,0.0,5,16.7,RB,HillJu00
389,Bijan Robinson,17.20,59,Sun,2,2,2023-09-17,21-230,ATL,,GNB,W 25-24,17.20,21.20,24.2,19.2,59,72.0,0,0.0,0,0.0,RB,RobiBi01
390,Kenneth Walker III,17.20,34,Mon,14,15,2023-12-18,23-059,SEA,,PHI,W 20-17,17.20,20.20,20.2,18.7,34,55.7,0,0.0,0,0.0,RB,WalkKe00
391,Kyren Williams,17.20,60,Sun,12,13,2023-12-03,23-099,LAR,,CLE,W 36-19,17.20,20.20,20.2,18.7,60,93.8,0,0.0,1,3.0,RB,WillKy02
392,Austin Ekeler,17.10,47,Sun,8,9,2022-11-06,27-173,LAC,@,ATL,W 20-17,17.10,24.10,25.1,20.6,47,68.1,0,0.0,0,0.0,RB,EkelAu00
393,Austin Ekeler,17.10,45,Sun,10,10,2024-11-10,29-177,WAS,,PIT,L 27-28,17.10,18.10,18.1,17.6,45,70.3,0,0.0,5,15.6,RB,EkelAu00
394,Jerome Ford,17.10,40,Sun,3,3,2023-09-24,24-012,CLE,,TEN,W 27-3,17.10,19.10,19.1,18.1,40,56.3,0,0.0,0,0.0,RB,FordJe00
395,Derrick Henry,17.10,34,Mon,13,14,2023-12-11,29-341,TEN,@,MIA,W 28-27,17.10,18.10,18.1,17.6,34,47.9,0,0.0,0,0.0,RB,HenrDe00
396,D'Andre Swift,17.10,39,Sun,12,13,2022-12-04,23-324,DET,,JAX,W 40-14,17.10,21.10,21.1,19.1,39,51.3,0,0.0,0,0.0,RB,SwifDA00
397,Alvin Kamara,17.00,38,Sat,15,16,2022-12-24,27-152,NOR,@,CLE,W 17-10,17.00,19.00,19.0,18.0,38,70.4,0,0.0,0,0.0,RB,KamaAl00
398,Alvin Kamara,17.00,34,Sun,1,1,2024-09-08,29-045,NOR,,CAR,W 47-10,17.00,22.00,22.0,19.5,34,51.5,0,0.0,0,0.0,RB,KamaAl00
399,Joe Mixon,17.00,47,Sun,7,8,2023-10-29,27-097,CIN,@,SFO,W 31-17,17.00,20.00,20.0,18.5,47,74.6,0,0.0,0,0.0,RB,MixoJo00
400,Devin Singletary,17.00,58,Sun,14,15,2023-12-17,26-105,HOU,@,TEN,W 19-16 (OT),17.00,21.00,24.0,19.0,58,75.3,0,0.0,0,0.0,RB,SingDe00
401,Kenneth Walker III,17.00,47,Sun,6,6,2022-10-16,21-361,SEA,,ARI,W 19-9,17.00,19.00,19.0,18.0,47,69.1,0,0.0,0,0.0,RB,WalkKe00
402,Jaylen Warren,17.00,33,Sun,9,10,2023-11-12,25-011,PIT,,GNB,W 23-19,17.00,19.00,22.0,18.0,33,50.8,0,0.0,0,0.0,RB,WarrJa01
403,Javonte Williams,17.00,39,Mon,9,10,2023-11-13,23-202,DEN,@,BUF,W 24-22,17.00,21.00,21.0,19.0,39,52.0,0,0.0,0,0.0,RB,WillJa10
404,Saquon Barkley,16.90,49,Sun,16,17,2024-12-29,27-324,PHI,,DAL,W 41-7,16.90,18.90,21.9,17.9,49,75.4,0,0.0,0,0.0,RB,BarkSa00
405,Breece Hall,16.90,55,Mon,6,6,2024-10-14,23-136,NYJ,,BUF,L 20-23,16.90,21.90,24.9,19.4,55,87.3,0,0.0,0,0.0,RB,HallBr03
406,Aaron Jones,16.90,30,Sun,1,1,2024-09-08,29-281,MIN,@,NYG,W 28-6,16.90,18.90,18.9,17.9,30,54.5,0,0.0,0,0.0,RB,JoneAa00
407,Aaron Jones,16.90,56,Sun,11,12,2024-11-24,29-358,MIN,@,CHI,W 30-27 (OT),16.90,19.90,23.9,18.4,56,78.9,0,0.0,0,0.0,RB,JoneAa00
408,Raheem Mostert,16.90,44,Sun,7,7,2022-10-23,30-197,MIA,,PIT,W 16-10,16.90,20.90,20.9,18.9,44,71.0,0,0.0,2,7.7,RB,MostRa00
409,Brian Robinson Jr.,16.90,39,Sun,13,13,2024-12-01,25-254,WAS,,TEN,W 42-19,16.90,17.90,20.9,17.4,39,47.0,0,0.0,0,0.0,RB,RobiBr01
410,Kenneth Walker III,16.90,44,Sun,1,1,2024-09-08,23-324,SEA,,DEN,W 26-20,16.90,18.90,21.9,17.9,44,65.7,0,0.0,0,0.0,RB,WalkKe00
411,James Cook,16.80,26,Sat,15,16,2022-12-24,23-090,BUF,@,CHI,W 35-13,16.80,17.80,17.8,17.3,26,40.6,0,0.0,0,0.0,RB,CookJa01
412,Christian McCaffrey,16.80,45,Sun,4,4,2022-10-02,26-117,CAR,,ARI,L 16-26,16.80,25.80,25.8,21.3,45,86.5,0,0.0,0,0.0,RB,McCaCh01
413,Tony Pollard,16.80,39,Mon,4,4,2024-09-30,27-153,TEN,@,MIA,W 31-12,16.80,18.80,18.8,17.8,39,60.0,0,0.0,0,0.0,RB,PollTo00
414,Jonathan Taylor,16.80,48,Sun,4,4,2024-09-29,25-254,IND,,PIT,W 27-24,16.80,19.80,19.8,18.3,48,72.7,0,0.0,0,0.0,RB,TaylJo02
415,Nick Chubb,16.70,34,Sun,7,7,2022-10-23,26-300,CLE,@,BAL,L 20-23,16.70,18.70,18.7,17.7,34,56.7,0,0.0,0,0.0,RB,ChubNi00
416,Rico Dowdle,16.70,55,Sun,8,9,2024-11-03,26-142,DAL,@,ATL,L 21-27,16.70,21.70,21.7,19.2,55,71.4,0,0.0,0,0.0,RB,DowdRi01
417,Ezekiel Elliott,16.70,21,Sun,10,11,2022-11-20,27-121,DAL,@,MIN,W 40-3,16.70,17.70,17.7,17.2,21,29.2,0,0.0,0,0.0,RB,ElliEz00
418,Chuba Hubbard,16.70,69,Sun,13,14,2024-12-08,25-180,CAR,@,PHI,L 16-22,16.70,20.70,20.7,18.7,69,97.2,0,0.0,0,0.0,RB,HubbCh01
419,Josh Jacobs,16.70,28,Mon,15,16,2024-12-23,26-316,GNB,,NOR,W 34-0,16.70,20.70,20.7,18.7,28,40.6,0,0.0,0,0.0,RB,JacoJo01
420,Zack Moss,16.70,56,Sun,2,2,2023-09-17,25-276,IND,@,HOU,W 31-20,16.70,20.70,20.7,18.7,56,98.2,0,0.0,0,0.0,RB,MossZa00
421,Rhamondre Stevenson,16.70,53,Sun,11,12,2023-11-26,25-276,NWE,@,NYG,L 7-10,16.70,21.70,21.7,19.2,53,77.9,0,0.0,0,0.0,RB,StevRh00
422,D'Andre Swift,16.70,36,Mon,10,11,2023-11-20,24-310,PHI,@,KAN,W 21-17,16.70,19.70,19.7,18.2,36,64.3,0,0.0,0,0.0,RB,SwifDA00
423,Tyrone Tracy Jr.,16.70,66,Sun,6,6,2024-10-13,24-325,NYG,,CIN,L 7-17,16.70,22.70,22.7,19.7,66,83.5,0,0.0,0,0.0,RB,TracTy00
424,Saquon Barkley,16.60,42,Sun,5,5,2022-10-09,25-242,NYG,@,GNB,W 27-22,16.60,19.60,19.6,18.1,42,68.9,0,0.0,0,0.0,RB,BarkSa00
425,James Conner,16.60,47,Sun,2,2,2023-09-17,28-135,ARI,,NYG,L 28-31,16.60,16.60,19.6,16.6,47,72.3,0,0.0,0,0.0,RB,ConnJa00
426,Derrick Henry,16.60,45,Sat,15,16,2022-12-24,28-354,TEN,,HOU,L 14-19,16.60,18.60,22.6,17.6,45,73.8,0,0.0,0,0.0,RB,HenrDe00
427,Josh Jacobs,16.60,55,Sun,9,10,2022-11-13,24-275,LVR,,IND,L 20-25,16.60,22.60,22.6,19.6,55,78.6,0,0.0,0,0.0,RB,JacoJo01
428,Aaron Jones,16.60,47,Mon,14,15,2024-12-16,30-014,MIN,,CHI,W 30-12,16.60,18.60,18.6,17.6,47,61.0,0,0.0,0,0.0,RB,JoneAa00
429,Aaron Jones,16.60,40,Mon,14,15,2022-12-19,28-017,GNB,,LAR,W 24-12,16.60,20.60,21.6,18.6,40,56.3,0,0.0,0,0.0,RB,JoneAa00
430,Joe Mixon,16.60,44,Thu,9,9,2024-10-31,28-099,HOU,@,NYJ,L 13-21,16.60,16.60,19.6,16.6,44,55.7,0,0.0,0,0.0,RB,MixoJo00
431,Bijan Robinson,16.60,53,Sun,10,10,2023-11-12,21-286,ATL,@,ARI,L 23-25,16.60,17.60,17.6,17.1,53,74.6,0,0.0,1,3.8,RB,RobiBi01
432,Bijan Robinson,16.60,42,Sun,8,8,2024-10-27,22-271,ATL,@,TAM,W 31-26,16.60,23.60,23.6,20.1,42,67.7,0,0.0,0,0.0,RB,RobiBi01
433,Rachaad White,16.60,54,Sun,12,13,2023-12-03,24-325,TAM,,CAR,W 21-18,16.60,19.60,19.6,18.1,54,87.1,0,0.0,0,0.0,RB,WhitRa01
434,De'Von Achane,16.50,42,Sun,10,11,2024-11-17,23-035,MIA,,LVR,W 34-19,16.50,20.50,20.5,18.5,42,61.8,0,0.0,0,0.0,RB,AchaDe00
435,Chase Brown,16.50,18,Sun,13,14,2023-12-10,23-264,CIN,,IND,W 34-14,16.50,19.50,19.5,18.0,18,30.0,0,0.0,13,48.1,RB,BrowCh10
436,Bucky Irving,16.50,49,Sun,6,6,2024-10-13,22-055,TAM,@,NOR,W 51-27,16.50,18.50,18.5,17.5,49,63.6,0,0.0,2,5.4,RB,IrviBu00
437,Miles Sanders,16.50,40,Sun,1,1,2022-09-11,25-133,PHI,@,DET,W 38-35,16.50,18.50,18.5,17.5,40,51.9,0,0.0,0,0.0,RB,SandMi01
438,Saquon Barkley,16.40,56,Mon,15,16,2023-12-25,26-319,NYG,@,PHI,L 25-33,16.40,19.40,19.4,17.9,56,88.9,0,0.0,0,0.0,RB,BarkSa00
439,Austin Ekeler,16.40,47,Sun,13,14,2022-12-11,27-208,LAC,,MIA,W 23-17,16.40,24.40,24.4,20.4,47,58.8,0,0.0,0,0.0,RB,EkelAu00
440,Travis Etienne,16.40,56,Sun,1,1,2023-09-10,24-227,JAX,@,IND,W 31-21,16.40,21.40,21.4,18.9,56,80.0,0,0.0,0,0.0,RB,EtieTr00
441,Jerome Ford,16.40,36,Sun,14,15,2024-12-15,25-094,CLE,,KAN,L 7-21,16.40,18.40,18.4,17.4,36,58.1,0,0.0,4,15.4,RB,FordJe00
442,Jordan Mason,16.40,57,Sun,2,2,2024-09-15,25-114,SFO,@,MIN,L 17-23,16.40,17.40,20.4,16.9,57,81.4,0,0.0,0,0.0,RB,MasoJo00
443,Christian McCaffrey,16.40,59,Sun,5,5,2022-10-09,26-124,CAR,,SFO,L 15-37,16.40,23.40,23.4,19.9,59,85.5,0,0.0,0,0.0,RB,McCaCh01
444,Jaleel McLaughlin,16.40,16,Sun,4,4,2023-10-01,23-018,DEN,@,CHI,W 31-28,16.40,19.40,19.4,17.9,16,33.3,0,0.0,2,7.7,RB,McLaJa00
445,Jonathan Taylor,16.40,35,Sun,16,17,2023-12-31,24-346,IND,,LVR,W 23-20,16.40,17.40,17.4,16.9,35,62.5,0,0.0,0,0.0,RB,TaylJo02
446,Kyren Williams,16.40,55,Thu,15,16,2023-12-21,23-117,LAR,,NOR,W 30-22,16.40,16.40,19.4,16.4,55,78.6,0,0.0,2,8.3,RB,WillKy02
447,Kyren Williams,16.40,48,Sun,4,4,2024-09-29,24-034,LAR,@,CHI,L 18-24,16.40,20.40,20.4,18.4,48,78.7,0,0.0,0,0.0,RB,WillKy02
448,James Conner,16.30,41,Sun,1,1,2024-09-08,29-126,ARI,@,BUF,L 28-34,16.30,19.30,19.3,17.8,41,67.2,0,0.0,0,0.0,RB,ConnJa00
449,Austin Ekeler,16.30,46,Sun,7,8,2023-10-29,28-165,LAC,,CHI,W 30-13,16.30,23.30,24.3,19.8,46,66.7,0,0.0,0,0.0,RB,EkelAu00
450,Jahmyr Gibbs,16.30,31,Sun,3,3,2024-09-22,22-186,DET,@,ARI,W 20-13,16.30,16.30,16.3,16.3,31,45.6,0,0.0,0,0.0,RB,GibbJa01
451,Christian McCaffrey,16.30,52,Sun,10,11,2023-11-19,27-165,SFO,,TAM,W 27-14,16.30,21.30,21.3,18.8,52,86.7,0,0.0,0,0.0,RB,McCaCh01
452,Raheem Mostert,16.30,33,Sun,14,15,2023-12-17,31-252,MIA,,NYJ,W 30-0,16.30,18.30,18.3,17.3,33,54.1,0,0.0,0,0.0,RB,MostRa00
453,Tony Pollard,16.30,41,Thu,11,12,2023-11-23,26-207,DAL,,WAS,W 45-10,16.30,22.30,22.3,19.3,41,75.9,0,0.0,0,0.0,RB,PollTo00
454,Jonathan Taylor,16.30,55,Sun,13,13,2024-12-01,25-317,IND,@,NWE,W 25-24,16.30,17.30,17.3,16.8,55,88.7,0,0.0,0,0.0,RB,TaylJo02
455,Rachaad White,16.30,51,Sun,2,2,2023-09-17,24-248,TAM,,CHI,W 27-17,16.30,21.30,21.3,18.8,51,71.8,0,0.0,0,0.0,RB,WhitRa01
456,Saquon Barkley,16.20,61,Sun,4,4,2022-10-02,25-235,NYG,,CHI,W 20-12,16.20,18.20,21.2,17.2,61,93.8,0,0.0,0,0.0,RB,BarkSa00
457,James Cook,16.20,37,Sun,7,7,2023-10-22,24-027,BUF,@,NWE,L 25-29,16.20,19.20,19.2,17.7,37,52.1,0,0.0,0,0.0,RB,CookJa01
458,James Cook,16.20,35,Sun,11,11,2023-11-19,24-055,BUF,,NYJ,W 32-6,16.20,19.20,19.2,17.7,35,46.1,0,0.0,0,0.0,RB,CookJa01
459,J.K. Dobbins,16.20,57,Sun,5,6,2024-10-13,25-301,LAC,@,DEN,W 23-16,16.20,18.20,18.2,17.2,57,73.1,0,0.0,0,0.0,RB,DobbJK00
460,Leonard Fournette,16.20,49,Sun,15,16,2022-12-25,27-341,TAM,@,ARI,W 19-16 (OT),16.20,25.20,25.2,20.7,49,60.5,0,0.0,0,0.0,RB,FourLe00
461,Isaac Guerendo,16.20,43,Sun,8,8,2024-10-27,24-121,SFO,,DAL,W 30-24,16.20,19.20,19.2,17.7,43,63.2,0,0.0,13,43.3,RB,GuerIs00
462,Najee Harris,16.20,33,Sun,7,7,2024-10-20,26-225,PIT,,NYJ,W 37-15,16.20,16.20,19.2,16.2,33,48.5,0,0.0,0,0.0,RB,HarrNa00
463,Derrick Henry,16.20,36,Thu,8,9,2023-11-02,29-302,TEN,@,PIT,L 16-20,16.20,19.20,19.2,17.7,36,48.6,0,0.0,0,0.0,RB,HenrDe00
464,Clyde Edwards-Helaire,16.10,40,Sun,14,15,2023-12-17,24-250,KAN,@,NWE,W 27-17,16.10,20.10,20.1,18.1,40,61.5,0,0.0,0,0.0,RB,EdwaCl00
465,Leonard Fournette,16.10,59,Sun,6,6,2022-10-16,27-271,TAM,@,PIT,L 18-20,16.10,22.10,22.1,19.1,59,81.9,0,0.0,0,0.0,RB,FourLe00
466,Dameon Pierce,16.10,35,Sun,3,3,2022-09-25,22-218,HOU,@,CHI,L 20-23,16.10,18.10,18.1,17.1,35,59.3,0,0.0,0,0.0,RB,PierDa01
467,Rhamondre Stevenson,16.10,41,Sun,3,3,2022-09-25,24-214,NWE,,BAL,L 26-37,16.10,20.10,20.1,18.1,41,62.1,0,0.0,0,0.0,RB,StevRh00
468,De'Von Achane,16.00,37,Sun,1,1,2024-09-08,22-331,MIA,,JAX,W 20-17,16.00,23.00,23.0,19.5,37,52.1,0,0.0,3,12.0,RB,AchaDe00
469,Chase Brown,16.00,50,Sun,12,13,2024-12-01,24-255,CIN,,PIT,L 38-44,16.00,19.00,19.0,17.5,50,80.6,0,0.0,0,0.0,RB,BrowCh10
470,Austin Ekeler,16.00,45,Sun,10,11,2022-11-20,27-187,LAC,,KAN,L 27-30,16.00,18.00,18.0,17.0,45,69.2,0,0.0,0,0.0,RB,EkelAu00
471,Austin Ekeler,16.00,49,Sun,13,14,2023-12-10,28-207,LAC,,DEN,L 7-24,16.00,21.00,21.0,18.5,49,72.1,0,0.0,0,0.0,RB,EkelAu00
472,Josh Jacobs,16.00,53,Sun,10,11,2022-11-20,24-282,LVR,@,DEN,W 22-16 (OT),16.00,19.00,22.0,17.5,53,80.3,0,0.0,0,0.0,RB,JacoJo01
473,Joe Mixon,16.00,39,Thu,10,11,2023-11-16,27-115,CIN,@,BAL,L 20-34,16.00,21.00,21.0,18.5,39,63.9,0,0.0,0,0.0,RB,MixoJo00
474,Zach Charbonnet,15.90,42,Thu,12,13,2023-11-30,22-326,SEA,@,DAL,L 35-41,15.90,16.90,16.9,16.4,42,60.9,0,0.0,0,0.0,RB,CharZa00
475,James Cook,15.90,46,Sun,2,2,2023-09-17,23-357,BUF,,LVR,W 38-10,15.90,19.90,22.9,17.9,46,59.0,0,0.0,0,0.0,RB,CookJa01
476,James Cook,15.90,36,Sun,5,5,2024-10-06,25-011,BUF,@,HOU,L 20-23,15.90,17.90,17.9,16.9,36,59.0,0,0.0,0,0.0,RB,CookJa01
477,Najee Harris,15.90,38,Sun,11,12,2023-11-26,25-262,PIT,@,CIN,W 16-10,15.90,15.90,15.9,15.9,38,53.5,0,0.0,1,4.2,RB,HarrNa00
478,Khalil Herbert,15.90,22,Sun,8,8,2022-10-30,24-192,CHI,@,DAL,L 29-49,15.90,15.90,15.9,15.9,22,27.8,0,0.0,4,13.8,RB,HerbKh00
479,Chuba Hubbard,15.90,23,Sun,13,14,2022-12-11,23-183,CAR,@,SEA,W 30-24,15.90,18.90,18.9,17.4,23,31.9,0,0.0,3,10.7,RB,HubbCh01
480,Aaron Jones,15.90,35,Sun,12,12,2022-11-27,27-360,GNB,@,PHI,L 33-40,15.90,18.90,18.9,17.4,35,71.4,0,0.0,0,0.0,RB,JoneAa00
481,Kenneth Walker III,15.90,46,Sun,11,12,2022-11-27,22-038,SEA,,LVR,L 34-40 (OT),15.90,16.90,16.9,16.4,46,70.8,0,0.0,0,0.0,RB,WalkKe00
482,Saquon Barkley,15.80,57,Sun,7,7,2023-10-22,26-255,NYG,,WAS,W 14-7,15.80,18.80,19.8,17.3,57,83.8,0,0.0,0,0.0,RB,BarkSa00
483,Christian McCaffrey,15.80,38,Sun,6,6,2022-10-16,26-131,CAR,@,LAR,L 10-24,15.80,22.80,22.8,19.3,38,86.4,0,0.0,0,0.0,RB,McCaCh01
484,David Montgomery,15.80,25,Sun,10,11,2023-11-19,26-165,DET,,CHI,W 31-26,15.80,17.80,17.8,16.8,25,40.3,0,0.0,0,0.0,RB,MontDa01
485,Tony Pollard,15.80,24,Sun,2,2,2022-09-18,25-141,DAL,,CIN,W 20-17,15.80,19.80,19.8,17.8,24,39.3,0,0.0,0,0.0,RB,PollTo00
486,Rhamondre Stevenson,15.80,40,Mon,7,7,2022-10-24,24-243,NWE,,CHI,L 14-33,15.80,23.80,23.8,19.8,40,76.9,0,0.0,0,0.0,RB,StevRh00
487,Jonathan Taylor,15.80,59,Mon,12,12,2022-11-28,23-313,IND,,PIT,L 17-24,15.80,18.80,18.8,17.3,59,92.2,0,0.0,0,0.0,RB,TaylJo02
488,Jaylen Warren,15.80,39,Sun,16,17,2023-12-31,25-060,PIT,@,SEA,W 30-23,15.80,19.80,19.8,17.8,39,54.2,0,0.0,5,17.9,RB,WarrJa01
489,Rachaad White,15.80,46,Sun,9,10,2023-11-12,24-304,TAM,,TEN,W 20-6,15.80,17.80,17.8,16.8,46,70.8,0,0.0,0,0.0,RB,WhitRa01
490,Javonte Williams,15.80,45,Sun,8,8,2023-10-29,23-187,DEN,,KAN,W 24-9,15.80,18.80,18.8,17.3,45,63.4,0,0.0,0,0.0,RB,WillJa10
491,Aaron Jones,15.70,44,Sun,8,8,2022-10-30,27-332,GNB,@,BUF,L 17-27,15.70,19.70,22.7,17.7,44,66.7,0,0.0,0,0.0,RB,JoneAa00
492,Alvin Kamara,15.70,45,Sun,5,5,2023-10-08,28-075,NOR,@,NWE,W 34-0,15.70,18.70,18.7,17.2,45,62.5,0,0.0,0,0.0,RB,KamaAl00
493,Zack Moss,15.70,47,Mon,3,3,2024-09-23,26-283,CIN,,WAS,L 33-38,15.70,20.70,20.7,18.2,47,75.8,0,0.0,0,0.0,RB,MossZa00
494,Devin Singletary,15.70,47,Sun,10,11,2022-11-20,25-078,BUF,,CLE,W 31-23,15.70,17.70,17.7,16.7,47,72.3,0,0.0,0,0.0,RB,SingDe00
495,Najee Harris,15.60,33,Sun,9,10,2023-11-12,25-248,PIT,,GNB,W 23-19,15.60,18.60,18.6,17.1,33,50.8,0,0.0,0,0.0,RB,HarrNa00
496,Derrick Henry,15.60,30,Sun,2,2,2024-09-15,30-255,BAL,,LVR,L 23-26,15.60,16.60,16.6,16.1,30,46.2,0,0.0,0,0.0,RB,HenrDe00
497,Derrick Henry,15.60,39,Sun,5,5,2024-10-06,30-276,BAL,@,CIN,W 41-38 (OT),15.60,16.60,16.6,16.1,39,50.0,0,0.0,0,0.0,RB,HenrDe00
498,Justice Hill,15.60,20,Sun,4,4,2024-09-29,26-320,BAL,,BUF,W 35-10,15.60,21.60,21.6,18.6,20,35.1,0,0.0,5,18.5,RB,HillJu00
499,Raheem Mostert,15.60,45,Sat,14,15,2022-12-17,30-252,MIA,@,BUF,L 29-32,15.60,16.60,19.6,16.1,45,76.3,0,0.0,4,13.3,RB,MostRa00
500,Tyler Allgeier,15.50,34,Sun,16,17,2023-01-01,22-261,ATL,,ARI,W 20-19,15.50,16.50,16.5,16.0,34,54.8,0,0.0,2,8.0,RB,AllgTy00
501,Saquon Barkley,15.50,57,Sun,6,6,2022-10-16,25-249,NYG,,BAL,W 24-20,15.50,18.50,18.5,17.0,57,87.7,0,0.0,0,0.0,RB,BarkSa00
502,Ezekiel Elliott,15.50,38,Thu,11,12,2022-11-24,27-125,DAL,,NYG,W 28-20,15.50,16.50,16.5,16.0,38,50.7,0,0.0,0,0.0,RB,ElliEz00
503,Jahmyr Gibbs,15.50,35,Sun,10,11,2023-11-19,21-244,DET,,CHI,W 31-26,15.50,21.50,21.5,18.5,35,56.5,0,0.0,0,0.0,RB,GibbJa01
504,Jamycal Hasty,15.50,49,Sun,11,12,2022-11-27,26-076,JAX,,BAL,W 28-27,15.50,20.50,20.5,18.0,49,77.8,0,0.0,6,22.2,RB,HastJa02
505,Derrick Henry,15.50,46,Sun,2,2,2023-09-17,29-256,TEN,,LAC,W 27-24 (OT),15.50,18.50,18.5,17.0,46,70.8,0,0.0,0,0.0,RB,HenrDe00
506,Josh Jacobs,15.50,47,Sun,16,17,2023-01-01,24-324,LVR,,SFO,L 34-37 (OT),15.50,19.50,19.5,17.5,47,67.1,0,0.0,0,0.0,RB,JacoJo01
507,Samaje Perine,15.50,60,Sun,12,13,2022-12-04,27-079,CIN,,KAN,W 27-24,15.50,21.50,24.5,18.5,60,83.3,0,0.0,1,4.3,RB,PeriSa00
508,Jerome Ford,15.40,32,Sun,6,7,2023-10-22,24-040,CLE,@,IND,W 39-38,15.40,17.40,17.4,16.4,32,42.7,0,0.0,0,0.0,RB,FordJe00
509,Josh Jacobs,15.40,44,Sun,5,5,2024-10-06,26-238,GNB,@,LAR,W 24-19,15.40,16.40,16.4,15.9,44,74.6,0,0.0,0,0.0,RB,JacoJo01
510,Tony Jones,15.40,40,Mon,2,2,2023-09-18,25-298,NOR,@,CAR,W 20-17,15.40,15.40,15.4,15.4,40,51.9,0,0.0,0,0.0,RB,JoneTo04
511,Tony Pollard,15.40,39,Sun,1,1,2024-09-08,27-131,TEN,@,CHI,L 17-24,15.40,18.40,18.4,16.9,39,60.9,0,0.0,0,0.0,RB,PollTo00
512,Tony Pollard,15.40,66,Sun,8,9,2024-11-03,27-187,TEN,,NWE,W 20-17 (OT),15.40,18.40,21.4,16.9,66,85.7,0,0.0,0,0.0,RB,PollTo00
513,Chris Rodriguez,15.40,23,Sun,13,13,2024-12-01,24-066,WAS,,TEN,W 42-19,15.40,15.40,15.4,15.4,23,27.7,0,0.0,1,3.6,RB,RodrCh00
514,Michael Carter,15.30,25,Sun,5,5,2022-10-09,23-155,NYJ,,MIA,W 40-17,15.30,17.30,17.3,16.3,25,42.4,0,0.0,0,0.0,RB,CartMi03
515,Breece Hall,15.30,43,Sun,6,6,2023-10-15,22-137,NYJ,,PHI,W 20-14,15.30,20.30,20.3,17.8,43,66.2,0,0.0,0,0.0,RB,HallBr03
516,Breece Hall,15.30,41,Sun,7,8,2023-10-29,22-151,NYJ,@,NYG,W 13-10 (OT),15.30,21.30,21.3,18.3,41,64.1,0,0.0,0,0.0,RB,HallBr03
517,Alexander Mattison,15.30,42,Sun,9,9,2023-11-05,25-139,MIN,@,ATL,W 31-28,15.30,17.30,17.3,16.3,42,56.0,0,0.0,0,0.0,RB,MattAl01
518,Christian McCaffrey,15.30,48,Sun,13,14,2023-12-10,27-186,SFO,,SEA,W 28-16,15.30,16.30,19.3,15.8,48,88.9,0,0.0,0,0.0,RB,McCaCh01
519,David Montgomery,15.30,30,Sun,1,1,2024-09-08,27-093,DET,,LAR,W 26-20 (OT),15.30,16.30,16.3,15.8,30,49.2,0,0.0,0,0.0,RB,MontDa01
520,Samaje Perine,15.30,56,Sun,11,12,2022-11-27,27-072,CIN,@,TEN,W 20-16,15.30,19.30,19.3,17.3,56,80.0,0,0.0,0,0.0,RB,PeriSa00
521,Miles Sanders,15.30,42,Thu,8,9,2022-11-03,25-186,PHI,@,HOU,W 29-17,15.30,15.30,15.3,15.3,42,64.6,0,0.0,0,0.0,RB,SandMi01
522,James Conner,15.20,48,Mon,7,7,2024-10-21,29-169,ARI,,LAC,W 17-15,15.20,17.20,20.2,16.2,48,84.2,0,0.0,0,0.0,RB,ConnJa00
523,Ray Davis,15.20,40,Mon,6,6,2024-10-14,24-338,BUF,@,NYJ,W 23-20,15.20,18.20,18.2,16.7,40,58.0,0,0.0,4,16.0,RB,DaviRa04
524,D'Onta Foreman,15.20,38,Thu,10,10,2023-11-09,27-199,CHI,,CAR,W 16-13,15.20,17.20,17.2,16.2,38,52.8,0,0.0,0,0.0,RB,ForeDO00
525,Breece Hall,15.20,45,Sun,17,18,2025-01-05,23-219,NYJ,,MIA,W 32-20,15.20,18.20,18.2,16.7,45,70.3,0,0.0,0,0.0,RB,HallBr03
526,Chuba Hubbard,15.20,47,Sun,11,12,2023-11-26,24-168,CAR,@,TEN,L 10-17,15.20,20.20,20.2,17.7,47,63.5,0,0.0,3,12.5,RB,HubbCh01
527,Bucky Irving,15.20,41,Sun,15,16,2024-12-22,22-125,TAM,@,DAL,L 24-26,15.20,18.20,18.2,16.7,41,56.9,0,0.0,0,0.0,RB,IrviBu00
528,Josh Jacobs,15.20,39,Sun,7,7,2024-10-20,26-252,GNB,,HOU,W 24-22,15.20,20.20,20.2,17.7,39,67.2,0,0.0,0,0.0,RB,JacoJo01
529,Rhamondre Stevenson,15.20,28,Sun,5,5,2024-10-06,26-226,NWE,,MIA,L 10-15,15.20,19.20,19.2,17.2,28,46.7,0,0.0,0,0.0,RB,StevRh00
530,D'Andre Swift,15.20,43,Mon,15,16,2023-12-25,24-345,PHI,,NYG,W 33-25,15.20,15.20,15.2,15.2,43,57.3,0,0.0,0,0.0,RB,SwifDA00
531,James Conner,15.10,59,Sun,14,15,2022-12-18,27-227,ARI,@,DEN,L 15-24,15.10,18.10,18.1,16.6,59,90.8,0,0.0,0,0.0,RB,ConnJa00
532,AJ Dillon,15.10,31,Sun,1,1,2022-09-11,24-132,GNB,@,MIN,L 7-23,15.10,20.10,20.1,17.6,31,50.8,0,0.0,0,0.0,RB,DillAJ00
533,Ezekiel Elliott,15.10,38,Sun,12,13,2022-12-04,27-135,DAL,,IND,W 54-19,15.10,18.10,18.1,16.6,38,55.9,0,0.0,0,0.0,RB,ElliEz00
534,Kareem Hunt,15.10,19,Sun,6,7,2023-10-22,28-077,CLE,@,IND,W 39-38,15.10,15.10,15.1,15.1,19,25.3,0,0.0,0,0.0,RB,HuntKa00
535,Joshua Kelley,15.10,39,Sun,1,1,2023-09-10,25-294,LAC,,MIA,L 34-36,15.10,15.10,15.1,15.1,39,48.1,0,0.0,10,32.3,RB,KellJo01
536,Joe Mixon,15.10,49,Sun,7,7,2022-10-23,26-091,CIN,,ATL,W 35-17,15.10,18.10,18.1,16.6,49,72.1,0,0.0,0,0.0,RB,MixoJo00
537,David Montgomery,15.10,23,Thu,11,12,2023-11-23,26-169,DET,,GNB,L 22-29,15.10,15.10,15.1,15.1,23,27.4,0,0.0,0,0.0,RB,MontDa01
538,Raheem Mostert,15.10,30,Sun,16,17,2023-01-01,30-267,MIA,@,NWE,L 21-23,15.10,23.10,23.1,19.1,30,42.3,0,0.0,5,18.5,RB,MostRa00
539,Devin Singletary,15.10,67,Sun,3,3,2022-09-25,25-022,BUF,@,MIA,L 19-21,15.10,24.10,24.1,19.6,67,72.8,0,0.0,0,0.0,RB,SingDe00
540,Javonte Williams,15.10,40,Sun,13,14,2023-12-10,23-229,DEN,@,LAC,W 24-7,15.10,18.10,18.1,16.6,40,59.7,0,0.0,0,0.0,RB,WillJa10
541,Ray Davis,15.00,9,Sun,9,9,2024-11-03,24-358,BUF,,MIA,W 30-27,15.00,17.00,17.0,16.0,9,13.6,0,0.0,0,0.0,RB,DaviRa04
542,Chuba Hubbard,15.00,53,Sun,6,6,2023-10-15,24-126,CAR,@,MIA,L 21-42,15.00,16.00,16.0,15.5,53,76.8,0,0.0,1,3.3,RB,HubbCh01
543,Joe Mixon,15.00,52,Sun,10,10,2024-11-10,28-109,HOU,,DET,L 23-26,15.00,17.00,17.0,16.0,52,76.5,0,0.0,0,0.0,RB,MixoJo00
544,Raheem Mostert,15.00,30,Sun,7,8,2024-10-27,32-201,MIA,,ARI,L 27-28,15.00,16.00,16.0,15.5,30,46.2,0,0.0,0,0.0,RB,MostRa00
545,Rhamondre Stevenson,15.00,49,Sun,2,2,2024-09-15,26-205,NWE,,SEA,L 20-23 (OT),15.00,17.00,17.0,16.0,49,72.1,0,0.0,0,0.0,RB,StevRh00
546,Pierre Strong,15.00,19,Mon,13,14,2022-12-12,24-002,NWE,@,ARI,W 27-13,15.00,17.00,17.0,16.0,19,32.2,0,0.0,7,26.9,RB,StroPi00
547,Jamaal Williams,15.00,23,Sun,1,1,2022-09-11,27-161,DET,,PHI,L 35-38,15.00,16.00,16.0,15.5,23,33.3,0,0.0,0,0.0,RB,WillJa06
548,James Conner,14.90,36,Sun,14,15,2023-12-17,28-226,ARI,,SFO,L 29-45,14.90,17.90,17.9,16.4,36,48.6,0,0.0,0,0.0,RB,ConnJa00
549,Rico Dowdle,14.90,54,Sun,14,15,2024-12-15,26-184,DAL,@,CAR,W 30-14,14.90,14.90,17.9,14.9,54,74.0,0,0.0,0,0.0,RB,DowdRi01
550,Josh Jacobs,14.90,54,Mon,5,5,2023-10-09,25-240,LVR,,GNB,W 17-13,14.90,19.90,19.9,17.4,54,84.4,0,0.0,0,0.0,RB,JacoJo01
551,Jaleel McLaughlin,14.90,21,Sun,5,5,2023-10-08,23-025,DEN,,NYJ,L 21-31,14.90,17.90,17.9,16.4,21,33.3,0,0.0,0,0.0,RB,McLaJa00
552,Brian Robinson Jr.,14.90,33,Sun,1,1,2024-09-08,25-170,WAS,@,TAM,L 20-37,14.90,17.90,17.9,16.4,33,55.9,0,0.0,0,0.0,RB,RobiBr01
553,Kenneth Walker III,14.90,56,Sun,5,6,2023-10-15,22-360,SEA,@,CIN,L 13-17,14.90,17.90,17.9,16.4,56,75.7,0,0.0,0,0.0,RB,WalkKe00
554,Tyler Allgeier,14.80,13,Sun,15,16,2023-12-24,23-253,ATL,,IND,W 29-10,14.80,15.80,15.8,15.3,13,20.3,0,0.0,3,10.7,RB,AllgTy00
555,Tyler Allgeier,14.80,11,Sun,16,17,2023-12-31,23-260,ATL,@,CHI,L 17-37,14.80,15.80,15.8,15.3,11,18.6,0,0.0,8,25.0,RB,AllgTy00
556,AJ Dillon,14.80,21,Sun,12,12,2022-11-27,24-209,GNB,@,PHI,L 33-40,14.80,17.80,17.8,16.3,21,42.9,0,0.0,0,0.0,RB,DillAJ00
557,Josh Jacobs,14.80,35,Mon,8,8,2023-10-30,25-261,LVR,@,DET,L 14-26,14.80,16.80,16.8,15.8,35,76.1,0,0.0,0,0.0,RB,JacoJo01
558,Jerick McKinnon,14.80,22,Sun,3,3,2023-09-24,31-144,KAN,,CHI,W 41-10,14.80,17.80,17.8,16.3,22,28.6,0,0.0,9,36.0,RB,McKiJe00
559,Tony Pollard,14.80,43,Sun,5,6,2024-10-13,27-166,TEN,,IND,L 17-20,14.80,17.80,17.8,16.3,43,74.1,0,0.0,0,0.0,RB,PollTo00
560,Bijan Robinson,14.80,56,Sun,13,14,2023-12-10,21-314,ATL,,TAM,L 25-29,14.80,19.80,19.8,17.3,56,77.8,0,0.0,0,0.0,RB,RobiBi01
561,Devin Singletary,14.80,49,Sun,3,3,2024-09-22,27-019,NYG,@,CLE,W 21-15,14.80,18.80,19.8,16.8,49,68.1,0,0.0,0,0.0,RB,SingDe00
562,Kenneth Walker III,14.80,30,Sun,5,5,2022-10-09,21-354,SEA,@,NOR,L 32-39,14.80,14.80,14.8,14.8,30,57.7,0,0.0,0,0.0,RB,WalkKe00
563,Ameer Abdullah,14.70,48,Sun,16,17,2024-12-29,31-199,LVR,@,NOR,W 25-10,14.70,17.70,20.7,16.2,48,62.3,0,0.0,5,17.9,RB,AbduAm00
564,James Cook,14.70,32,Mon,3,3,2024-09-23,24-364,BUF,,JAX,W 47-10,14.70,18.70,18.7,16.7,32,50.0,0,0.0,0,0.0,RB,CookJa01
565,James Cook,14.70,27,Sun,11,11,2024-11-17,25-053,BUF,,KAN,W 30-21,14.70,19.70,19.7,17.2,27,37.0,0,0.0,0,0.0,RB,CookJa01
566,Chase Edmonds,14.70,19,Sun,3,3,2022-09-25,26-165,MIA,,BUF,W 21-19,14.70,15.70,15.7,15.2,19,44.2,0,0.0,0,0.0,RB,EdmoCh00
567,Breece Hall,14.70,17,Mon,1,1,2023-09-11,22-103,NYJ,,BUF,W 22-16 (OT),14.70,15.70,18.7,15.2,17,31.5,0,0.0,0,0.0,RB,HallBr03
568,Damien Harris,14.70,27,Sun,2,2,2022-09-18,25-219,NWE,@,PIT,W 17-14,14.70,16.70,16.7,15.7,27,39.7,0,0.0,0,0.0,RB,HarrDa06
569,Khalil Herbert,14.70,29,Mon,7,7,2022-10-24,24-186,CHI,@,NWE,W 33-14,14.70,15.70,15.7,15.2,29,40.8,0,0.0,4,16.0,RB,HerbKh00
570,Bucky Irving,14.70,28,Sun,10,10,2024-11-10,22-083,TAM,,SFO,L 20-23,14.70,17.70,17.7,16.2,28,45.9,0,0.0,5,17.2,RB,IrviBu00
571,Joe Mixon,14.70,45,Sun,16,17,2023-12-31,27-160,CIN,@,KAN,L 17-25,14.70,18.70,18.7,16.7,45,60.8,0,0.0,0,0.0,RB,MixoJo00
572,Raheem Mostert,14.70,19,Sun,10,10,2022-11-13,30-218,MIA,,CLE,W 39-17,14.70,18.70,18.7,16.7,19,27.5,0,0.0,3,13.0,RB,MostRa00
573,Devin Singletary,14.70,54,Sun,9,10,2022-11-13,25-071,BUF,,MIN,L 30-33 (OT),14.70,15.70,16.7,15.2,54,72.0,0,0.0,0,0.0,RB,SingDe00
574,D'Andre Swift,14.70,31,Sun,2,2,2022-09-18,23-247,DET,,WAS,W 36-27,14.70,16.70,16.7,15.7,31,50.8,0,0.0,0,0.0,RB,SwifDA00
575,Javonte Williams,14.70,32,Sun,11,11,2024-11-17,24-206,DEN,,ATL,W 38-6,14.70,18.70,18.7,16.7,32,51.6,0,0.0,0,0.0,RB,WillJa10
576,Michael Carter,14.60,31,Sun,9,9,2022-11-06,23-183,NYJ,,BUF,W 20-17,14.60,15.60,15.6,15.1,31,51.7,0,0.0,0,0.0,RB,CartMi03
577,Ezekiel Elliott,14.60,41,Sun,6,6,2022-10-16,27-086,DAL,@,PHI,L 17-26,14.60,15.60,15.6,15.1,41,61.2,0,0.0,0,0.0,RB,ElliEz00
578,Najee Harris,14.60,45,Sun,14,15,2022-12-18,24-284,PIT,@,CAR,W 24-16,14.60,14.60,14.6,14.6,45,66.2,0,0.0,1,4.0,RB,HarrNa00
579,Isiah Pacheco,14.60,39,Sun,11,12,2022-11-27,23-270,KAN,,LAR,W 26-10,14.60,15.60,15.6,15.1,39,51.3,0,0.0,3,12.5,RB,PachIs00
580,Tony Pollard,14.60,23,Sun,5,5,2022-10-09,25-162,DAL,@,LAR,W 22-10,14.60,14.60,14.6,14.6,23,41.8,0,0.0,0,0.0,RB,PollTo00
581,Tony Pollard,14.60,41,Sun,17,18,2024-01-07,26-252,DAL,@,WAS,W 38-10,14.60,16.60,16.6,15.6,41,56.9,0,0.0,0,0.0,RB,PollTo00
582,Brian Robinson Jr.,14.60,43,Mon,10,10,2022-11-14,23-237,WAS,@,PHI,W 32-21,14.60,14.60,14.6,14.6,43,51.8,0,0.0,0,0.0,RB,RobiBr01
583,Ameer Abdullah,14.50,32,Sun,15,16,2024-12-22,31-192,LVR,,JAX,W 19-14,14.50,19.50,19.5,17.0,32,43.2,0,0.0,10,37.0,RB,AbduAm00
584,Tyler Allgeier,14.50,40,Sun,8,8,2022-10-30,22-198,ATL,,CAR,W 37-34 (OT),14.50,17.50,17.5,16.0,40,59.7,0,0.0,1,2.9,RB,AllgTy00
585,James Cook,14.50,41,Sun,10,10,2024-11-10,25-046,BUF,@,IND,W 30-20,14.50,15.50,15.5,15.0,41,55.4,0,0.0,0,0.0,RB,CookJa01
586,D'Onta Foreman,14.50,27,Sun,7,7,2022-10-23,26-182,CAR,,TAM,W 21-3,14.50,16.50,19.5,15.5,27,54.0,0,0.0,0,0.0,RB,ForeDO00
587,Roschon Johnson,14.50,23,Sun,5,5,2024-10-06,23-249,CHI,,CAR,W 36-10,14.50,14.50,14.5,14.5,23,30.7,0,0.0,13,50.0,RB,JohnRo07
588,Joe Mixon,14.50,73,Sun,1,1,2022-09-11,26-049,CIN,,PIT,L 20-23 (OT),14.50,21.50,21.5,18.0,73,73.0,0,0.0,0,0.0,RB,MixoJo00
589,Raheem Mostert,14.50,35,Sun,9,9,2023-11-05,31-210,MIA,@,KAN,L 14-21,14.50,14.50,14.5,14.5,35,55.6,0,0.0,0,0.0,RB,MostRa00
590,Bijan Robinson,14.50,42,Sun,9,9,2024-11-03,22-278,ATL,,DAL,W 27-21,14.50,21.50,21.5,18.0,42,73.7,0,0.0,0,0.0,RB,RobiBi01
591,Zamir White,14.50,45,Thu,14,15,2023-12-14,24-087,LVR,,LAC,W 63-21,14.50,17.50,17.5,16.0,45,70.3,0,0.0,0,0.0,RB,WhitZa01
592,Zamir White,14.50,42,Mon,15,16,2023-12-25,24-098,LVR,@,KAN,W 20-14,14.50,14.50,17.5,14.5,42,76.4,0,0.0,0,0.0,RB,WhitZa01
593,Kyren Williams,14.50,67,Sun,5,5,2024-10-06,24-041,LAR,,GNB,L 19-24,14.50,15.50,19.5,15.0,67,85.9,0,0.0,0,0.0,RB,WillKy02
594,Emanuel Wilson,14.50,26,Sun,3,3,2024-09-22,25-137,GNB,@,TEN,W 30-14,14.50,16.50,16.5,15.5,26,41.3,0,0.0,0,0.0,RB,WilsEm00
595,Saquon Barkley,14.40,44,Sun,13,14,2024-12-08,27-303,PHI,,CAR,W 22-16,14.40,14.40,17.4,14.4,44,75.9,0,0.0,0,0.0,RB,BarkSa00
596,Rico Dowdle,14.40,52,Sun,17,18,2025-01-05,26-205,DAL,,WAS,L 19-23,14.40,16.40,16.4,15.4,52,66.7,0,0.0,0,0.0,RB,DowdRi01
597,Damien Harris,14.40,26,Sun,4,4,2022-10-02,25-233,NWE,@,GNB,L 24-27 (OT),14.40,15.40,15.4,14.9,26,44.8,0,0.0,0,0.0,RB,HarrDa06
598,Bucky Irving,14.40,48,Sun,17,18,2025-01-05,22-139,TAM,,NOR,W 27-19,14.40,16.40,16.4,15.4,48,71.6,0,0.0,0,0.0,RB,IrviBu00
599,Aaron Jones,14.40,38,Sun,13,14,2024-12-08,30-006,MIN,,ATL,W 42-21,14.40,16.40,16.4,15.4,38,63.3,0,0.0,0,0.0,RB,JoneAa00
600,David Montgomery,14.40,36,Thu,13,14,2024-12-05,27-181,DET,,GNB,W 34-31,14.40,19.40,19.4,16.9,36,45.0,0,0.0,0,0.0,RB,MontDa01
601,Cordarrelle Patterson,14.40,31,Sun,16,17,2023-01-01,31-290,ATL,,ARI,W 20-19,14.40,20.40,20.4,17.4,31,50.0,0,0.0,6,24.0,RB,PattCo00
602,D'Andre Swift,14.40,41,Sun,10,11,2024-11-17,25-308,CHI,,GNB,L 19-20,14.40,16.40,16.4,15.4,41,56.9,0,0.0,0,0.0,RB,SwifDA00
603,Tyrone Tracy Jr.,14.40,60,Sun,10,10,2024-11-10,24-353,NYG,@,CAR,L 17-20 (OT),14.40,15.40,19.4,14.9,60,80.0,0,0.0,0,0.0,RB,TracTy00
604,Chase Brown,14.30,68,Sun,11,11,2024-11-17,24-241,CIN,@,LAC,L 27-34,14.30,19.30,19.3,16.8,68,82.9,0,0.0,0,0.0,RB,BrowCh10
605,Nick Chubb,14.30,42,Sun,1,1,2022-09-11,26-258,CLE,@,CAR,W 26-24,14.30,15.30,18.3,14.8,42,52.5,0,0.0,0,0.0,RB,ChubNi00
606,Dalvin Cook,14.30,45,Sun,6,6,2022-10-16,27-067,MIN,@,MIA,W 24-16,14.30,15.30,15.3,14.8,45,86.5,0,0.0,0,0.0,RB,CookDa01
607,Dalvin Cook,14.30,51,Sun,12,13,2022-12-04,27-116,MIN,,NYJ,W 27-22,14.30,16.30,16.3,15.3,51,75.0,0,0.0,0,0.0,RB,CookDa01
608,J.K. Dobbins,14.30,42,Sat,16,17,2024-12-28,26-011,LAC,@,NWE,W 40-7,14.30,15.30,15.3,14.8,42,53.2,0,0.0,0,0.0,RB,DobbJK00
609,Austin Ekeler,14.30,61,Mon,6,6,2022-10-17,27-153,LAC,,DEN,W 19-16 (OT),14.30,24.30,24.3,19.3,61,65.6,0,0.0,0,0.0,RB,EkelAu00
610,Austin Ekeler,14.30,29,Sun,9,9,2024-11-03,29-170,WAS,@,NYG,W 27-22,14.30,17.30,17.3,15.8,29,46.8,0,0.0,5,22.7,RB,EkelAu00
611,Breece Hall,14.30,52,Thu,3,3,2024-09-19,23-111,NYJ,,NWE,W 24-3,14.30,18.30,18.3,16.3,52,71.2,0,0.0,0,0.0,RB,HallBr03
612,Tony Pollard,14.30,69,Thu,12,13,2023-11-30,26-214,DAL,,SEA,W 41-35,14.30,17.30,17.3,15.8,69,77.5,0,0.0,0,0.0,RB,PollTo00
613,Bijan Robinson,14.30,33,Sun,1,1,2023-09-10,21-223,ATL,,CAR,W 24-10,14.30,20.30,20.3,17.3,33,63.5,0,0.0,0,0.0,RB,RobiBi01
614,Rhamondre Stevenson,14.30,49,Sun,8,8,2022-10-30,24-249,NWE,@,NYJ,W 22-17,14.30,21.30,21.3,17.8,49,62.8,0,0.0,1,3.6,RB,StevRh00
615,Tyrone Tracy Jr.,14.30,65,Sun,13,14,2024-12-08,25-015,NYG,,NOR,L 11-14,14.30,19.30,19.3,16.8,65,83.3,0,0.0,0,0.0,RB,TracTy00
616,Jahmyr Gibbs,14.20,41,Sun,13,14,2023-12-10,21-265,DET,@,CHI,L 13-28,14.20,17.20,17.2,15.7,41,63.1,0,0.0,0,0.0,RB,GibbJa01
617,Joshua Kelley,14.20,27,Sun,5,5,2022-10-09,24-323,LAC,@,CLE,W 30-28,14.20,16.20,16.2,15.2,27,38.0,0,0.0,15,55.6,RB,KellJo01
618,Christian McCaffrey,14.20,47,Sun,9,10,2023-11-12,27-158,SFO,@,JAX,W 34-3,14.20,20.20,20.2,17.2,47,75.8,0,0.0,0,0.0,RB,McCaCh01
619,David Montgomery,14.20,36,Sun,5,5,2022-10-09,25-124,CHI,@,MIN,L 22-29,14.20,18.20,18.2,16.2,36,72.0,0,0.0,0,0.0,RB,MontDa01
620,Isiah Pacheco,14.20,25,Sun,12,13,2022-12-04,23-277,KAN,@,CIN,L 24-27,14.20,16.20,16.2,15.2,25,45.5,0,0.0,6,26.1,RB,PachIs00
621,Kenneth Walker III,14.20,41,Sun,16,17,2023-01-01,22-073,SEA,,NYJ,W 23-6,14.20,15.20,18.2,14.7,41,56.9,0,0.0,0,0.0,RB,WalkKe00
622,Saquon Barkley,14.10,58,Sun,12,13,2022-12-04,25-298,NYG,,WAS,T 20-20 (OT),14.10,19.10,19.1,16.6,58,87.9,0,0.0,0,0.0,RB,BarkSa00
623,Rico Dowdle,14.10,46,Mon,13,14,2024-12-09,26-178,DAL,,CIN,L 20-27,14.10,15.10,18.1,14.6,46,76.7,0,0.0,0,0.0,RB,DowdRi01
624,Ezekiel Elliott,14.10,35,Sun,13,14,2022-12-11,27-142,DAL,,HOU,W 27-23,14.10,17.10,17.1,15.6,35,49.3,0,0.0,0,0.0,RB,ElliEz00
625,Aaron Jones,14.10,49,Sun,17,18,2024-01-07,29-036,GNB,,CHI,W 17-9,14.10,19.10,22.1,16.6,49,81.7,0,0.0,0,0.0,RB,JoneAa00
626,Emari Demercado,14.00,14,Sun,9,9,2024-11-03,25-288,ARI,,CHI,W 29-9,14.00,16.00,16.0,15.0,14,24.1,0,0.0,3,10.7,RB,DemeEm00
627,Austin Ekeler,14.00,46,Sun,11,12,2022-11-27,27-194,LAC,@,ARI,W 25-24,14.00,25.00,25.0,19.5,46,69.7,0,0.0,0,0.0,RB,EkelAu00
628,Derrick Henry,14.00,39,Mon,12,12,2024-11-25,30-326,BAL,@,LAC,W 30-23,14.00,14.00,17.0,14.0,39,60.0,0,0.0,0,0.0,RB,HenrDe00
629,Chuba Hubbard,14.00,55,Sun,11,12,2024-11-24,25-166,CAR,,KAN,L 27-30,14.00,15.00,15.0,14.5,55,88.7,0,0.0,0,0.0,RB,HubbCh01
630,Elijah Mitchell,14.00,26,Sun,16,17,2023-12-31,25-243,SFO,@,WAS,W 27-10,14.00,14.00,14.0,14.0,26,37.1,0,0.0,0,0.0,RB,MitcEl00
631,David Montgomery,14.00,21,Mon,4,4,2024-09-30,27-115,DET,,SEA,W 42-29,14.00,15.00,15.0,14.5,21,39.6,0,0.0,0,0.0,RB,MontDa01
632,Tony Pollard,14.00,45,Sun,10,11,2023-11-19,26-203,DAL,@,CAR,W 33-10,14.00,18.00,18.0,16.0,45,62.5,0,0.0,0,0.0,RB,PollTo00
633,David Montgomery,13.92,23,Sun,7,8,2024-10-27,27-142,DET,,TEN,W 52-14,13.92,14.92,14.9,14.4,23,47.9,0,0.0,0,0.0,RB,MontDa01
634,Rico Dowdle,13.90,22,Sun,9,10,2023-11-12,25-151,DAL,,NYG,W 49-17,13.90,13.90,13.9,13.9,22,28.2,0,0.0,11,35.5,RB,DowdRi01
635,Kenyan Drake,13.90,51,Sun,17,18,2023-01-08,28-347,BAL,@,CIN,L 16-27,13.90,15.90,15.9,14.9,51,65.4,0,0.0,0,0.0,RB,DrakKe00
636,Travis Etienne,13.90,43,Mon,12,13,2023-12-04,24-312,JAX,,CIN,L 31-34 (OT),13.90,17.90,17.9,15.9,43,62.3,0,0.0,0,0.0,RB,EtieTr00
637,Kareem Hunt,13.90,32,Sat,15,16,2024-12-21,29-137,KAN,,HOU,W 27-19,13.90,15.90,15.9,14.9,32,43.2,0,0.0,0,0.0,RB,HuntKa00
638,Aaron Jones,13.90,56,Sun,4,4,2024-09-29,29-302,MIN,@,GNB,W 31-29,13.90,17.90,17.9,15.9,56,82.4,0,0.0,0,0.0,RB,JoneAa00
639,Aaron Jones,13.90,41,Sun,8,9,2023-11-05,28-338,GNB,,LAR,W 20-3,13.90,17.90,18.9,15.9,41,56.9,0,0.0,0,0.0,RB,JoneAa00
640,Christian McCaffrey,13.90,30,Sun,17,18,2023-01-08,26-215,SFO,,ARI,W 38-13,13.90,16.90,16.9,15.4,30,48.4,0,0.0,0,0.0,RB,McCaCh01
641,Kendre Miller,13.90,24,Sun,17,18,2024-01-07,21-210,NOR,,ATL,W 48-17,13.90,14.90,14.9,14.4,24,35.8,0,0.0,0,0.0,RB,MillKe01
642,Dameon Pierce,13.90,47,Thu,8,9,2022-11-03,22-257,HOU,,PHI,L 17-29,13.90,13.90,16.9,13.9,47,78.3,0,0.0,0,0.0,RB,PierDa01
643,D'Andre Swift,13.90,45,Sun,4,4,2023-10-01,24-260,PHI,,WAS,W 34-31 (OT),13.90,17.90,17.9,15.9,45,63.4,0,0.0,0,0.0,RB,SwifDA00
644,Kenneth Walker III,13.90,39,Mon,4,4,2023-10-02,22-347,SEA,@,NYG,W 24-3,13.90,13.90,13.9,13.9,39,70.9,0,0.0,0,0.0,RB,WalkKe00
645,Travis Etienne,13.80,52,Sun,3,3,2023-09-24,24-241,JAX,,HOU,L 17-37,13.80,17.80,17.8,15.8,52,71.2,0,0.0,0,0.0,RB,EtieTr00
646,Breece Hall,13.80,46,Sun,4,4,2022-10-02,21-124,NYJ,@,PIT,W 24-20,13.80,15.80,15.8,14.8,46,65.7,0,0.0,0,0.0,RB,HallBr03
647,Najee Harris,13.80,26,Sat,15,16,2023-12-23,25-289,PIT,,CIN,W 34-11,13.80,13.80,13.8,13.8,26,44.1,0,0.0,0,0.0,RB,HarrNa00
648,Derrick Henry,13.80,44,Sun,6,7,2022-10-23,28-292,TEN,,IND,W 19-10,13.80,16.80,19.8,15.3,44,74.6,0,0.0,0,0.0,RB,HenrDe00
649,Ty Johnson,13.80,15,Sun,11,12,2022-11-27,25-071,NYJ,,CHI,W 31-10,13.80,14.80,14.8,14.3,15,23.8,0,0.0,14,56.0,RB,JohnTy02
650,Zack Moss,13.80,40,Sun,4,4,2024-09-29,26-289,CIN,@,CAR,W 34-24,13.80,17.80,17.8,15.8,40,59.7,0,0.0,0,0.0,RB,MossZa00
651,Raheem Mostert,13.80,32,Sun,5,5,2023-10-08,31-182,MIA,,NYG,W 31-16,13.80,15.80,15.8,14.8,32,59.3,0,0.0,0,0.0,RB,MostRa00
652,Isiah Pacheco,13.80,43,Thu,1,1,2024-09-05,25-187,KAN,,BAL,W 27-20,13.80,15.80,15.8,14.8,43,79.6,0,0.0,0,0.0,RB,PachIs00
653,Isiah Pacheco,13.80,32,Sun,3,3,2023-09-24,24-206,KAN,,CHI,W 41-10,13.80,15.80,15.8,14.8,32,41.6,0,0.0,0,0.0,RB,PachIs00
654,Brian Robinson Jr.,13.80,23,Sun,5,5,2024-10-06,25-198,WAS,,CLE,W 34-13,13.80,13.80,13.8,13.8,23,34.3,0,0.0,0,0.0,RB,RobiBr01
655,James Robinson,13.80,45,Sun,2,2,2022-09-18,24-040,JAX,,IND,W 24-0,13.80,15.80,15.8,14.8,45,63.4,0,0.0,0,0.0,RB,RobiJa00
656,Miles Sanders,13.80,29,Sun,7,8,2022-10-30,25-182,PHI,,PIT,W 35-13,13.80,13.80,13.8,13.8,29,50.9,0,0.0,0,0.0,RB,SandMi01
657,D'Andre Swift,13.80,43,Mon,3,3,2023-09-25,24-254,PHI,@,TAM,W 25-11,13.80,14.80,17.8,14.3,43,53.8,0,0.0,0,0.0,RB,SwifDA00
658,James Cook,13.70,23,Sun,4,4,2023-10-01,24-006,BUF,,MIA,W 48-20,13.70,14.70,14.7,14.2,23,39.7,0,0.0,0,0.0,RB,CookJa01
659,Leonard Fournette,13.70,47,Sun,1,1,2022-09-11,27-236,TAM,@,DAL,W 19-3,13.70,15.70,18.7,14.7,47,75.8,0,0.0,0,0.0,RB,FourLe00
660,Royce Freeman,13.70,23,Sun,11,12,2023-11-26,27-275,LAR,@,ARI,W 37-14,13.70,13.70,13.7,13.7,23,34.3,0,0.0,12,42.9,RB,FreeRo00
661,Antonio Gibson,13.70,29,Sun,7,7,2022-10-23,24-122,WAS,,GNB,W 23-21,13.70,16.70,16.7,15.2,29,39.2,0,0.0,3,10.3,RB,GibsAn00
662,Antonio Gibson,13.70,22,Sun,8,8,2022-10-30,24-129,WAS,@,IND,W 17-16,13.70,20.70,20.7,17.2,22,36.1,0,0.0,5,19.2,RB,GibsAn00
663,Derrick Henry,13.70,35,Sun,8,8,2024-10-27,30-297,BAL,@,CLE,L 24-29,13.70,14.70,14.7,14.2,35,51.5,0,0.0,0,0.0,RB,HenrDe00
664,Bucky Irving,13.70,29,Mon,7,7,2024-10-21,22-063,TAM,,BAL,L 31-41,13.70,16.70,16.7,15.2,29,35.4,0,0.0,8,27.6,RB,IrviBu00
665,Zonovan Knight,13.70,35,Sun,13,14,2022-12-11,21-244,NYJ,@,BUF,L 12-20,13.70,15.70,15.7,14.7,35,47.3,0,0.0,0,0.0,RB,KnigZo00
666,Marlon Mack,13.70,23,Sun,13,14,2022-12-11,26-279,DEN,,KAN,L 28-34,13.70,15.70,15.7,14.7,23,31.9,0,0.0,0,0.0,RB,MackMa00
667,Christian McCaffrey,13.70,46,Sun,9,10,2022-11-13,26-159,SFO,,LAC,W 22-16,13.70,17.70,17.7,15.7,46,64.8,0,0.0,0,0.0,RB,McCaCh01
668,Dameon Pierce,13.70,18,Sun,6,6,2024-10-13,24-237,HOU,@,NWE,W 41-21,13.70,14.70,14.7,14.2,18,27.3,0,0.0,0,0.0,RB,PierDa01
669,Bijan Robinson,13.70,44,Sun,4,4,2023-10-01,21-244,ATL,@,JAX,L 7-23,13.70,18.70,21.7,16.2,44,75.9,0,0.0,0,0.0,RB,RobiBi01
670,Rachaad White,13.70,50,Sun,15,16,2023-12-24,24-346,TAM,,JAX,W 30-12,13.70,19.70,19.7,16.7,50,67.6,0,0.0,0,0.0,RB,WhitRa01
671,Saquon Barkley,13.60,64,Mon,2,2,2024-09-16,27-220,PHI,,ATL,L 21-22,13.60,17.60,17.6,15.6,64,90.1,0,0.0,0,0.0,RB,BarkSa00
672,Dalvin Cook,13.60,44,Sun,3,3,2022-09-25,27-046,MIN,,DET,W 28-24,13.60,13.60,14.6,13.6,44,61.1,0,0.0,0,0.0,RB,CookDa01
673,AJ Dillon,13.60,37,Mon,5,5,2023-10-09,25-160,GNB,@,LVR,L 13-17,13.60,13.60,13.6,13.6,37,63.8,0,0.0,0,0.0,RB,DillAJ00
674,Jahmyr Gibbs,13.60,22,Sun,8,9,2024-11-03,22-228,DET,@,GNB,W 24-14,13.60,14.60,14.6,14.1,22,38.6,0,0.0,0,0.0,RB,GibbJa01
675,Najee Harris,13.60,38,Thu,8,9,2023-11-02,25-238,PIT,,TEN,W 20-16,13.60,15.60,15.6,14.6,38,58.5,0,0.0,0,0.0,RB,HarrNa00
676,David Montgomery,13.60,33,Sun,2,2,2022-09-18,25-103,CHI,@,GNB,L 10-27,13.60,15.60,18.6,14.6,33,80.5,0,0.0,0,0.0,RB,MontDa01
677,Brian Robinson Jr.,13.60,43,Sun,2,2,2024-09-15,25-177,WAS,,NYG,W 21-18,13.60,14.60,17.6,14.1,43,59.7,0,0.0,0,0.0,RB,RobiBr01
678,Tyler Allgeier,13.50,47,Sun,17,18,2023-01-08,22-268,ATL,,TAM,W 30-17,13.50,13.50,16.5,13.5,47,69.1,0,0.0,1,3.6,RB,AllgTy00
679,Saquon Barkley,13.50,62,Sun,7,7,2022-10-23,25-256,NYG,@,JAX,W 23-17,13.50,17.50,20.5,15.5,62,80.5,0,0.0,0,0.0,RB,BarkSa00
680,Ezekiel Elliott,13.50,41,Mon,3,3,2022-09-26,27-066,DAL,@,NYG,W 23-16,13.50,14.50,14.5,14.0,41,64.1,0,0.0,0,0.0,RB,ElliEz00
681,Chuba Hubbard,13.50,39,Sun,5,5,2024-10-06,25-117,CAR,@,CHI,L 10-36,13.50,17.50,18.5,15.5,39,65.0,0,0.0,0,0.0,RB,HubbCh01
682,Aaron Jones,13.50,34,Sun,15,16,2023-12-24,29-022,GNB,@,CAR,W 33-30,13.50,14.50,17.5,14.0,34,51.5,0,0.0,0,0.0,RB,JoneAa00
683,Joshua Kelley,13.50,23,Sun,6,7,2023-10-22,25-336,LAC,@,KAN,L 17-31,13.50,13.50,13.5,13.5,23,36.5,0,0.0,11,42.3,RB,KellJo01
684,Bijan Robinson,13.50,44,Mon,14,15,2024-12-16,22-321,ATL,@,LVR,W 15-9,13.50,14.50,17.5,14.0,44,75.9,0,0.0,0,0.0,RB,RobiBi01
685,Devin Singletary,13.50,44,Sun,2,2,2024-09-15,27-012,NYG,@,WAS,L 18-21,13.50,14.50,15.5,14.0,44,78.6,0,0.0,0,0.0,RB,SingDe00
686,Jonathan Taylor,13.50,50,Sun,10,10,2023-11-12,24-297,IND,@,NWE,W 10-6,13.50,14.50,14.5,14.0,50,87.7,0,0.0,0,0.0,RB,TaylJo02
687,Jonathan Taylor,13.50,29,Sun,2,2,2024-09-15,25-240,IND,@,GNB,L 10-16,13.50,15.50,18.5,14.5,29,51.8,0,0.0,0,0.0,RB,TaylJo02
688,Kenneth Walker III,13.50,21,Sun,16,17,2023-12-31,23-072,SEA,,PIT,L 23-30,13.50,16.50,16.5,15.0,21,42.9,0,0.0,0,0.0,RB,WalkKe00
689,Javonte Williams,13.50,25,Sun,17,18,2024-01-07,23-257,DEN,@,LVR,L 14-27,13.50,20.50,20.5,17.0,25,41.0,0,0.0,0,0.0,RB,WillJa10
690,Chase Brown,13.40,22,Sun,5,5,2024-10-06,24-199,CIN,,BAL,L 38-41 (OT),13.40,16.40,16.4,14.9,22,32.8,0,0.0,23,65.7,RB,BrowCh10
691,Chase Brown,13.40,71,Thu,10,10,2024-11-07,24-231,CIN,@,BAL,L 34-35,13.40,22.40,23.4,17.9,71,86.6,0,0.0,0,0.0,RB,BrowCh10
692,Jahmyr Gibbs,13.40,31,Sun,1,1,2024-09-08,22-172,DET,,LAR,W 26-20 (OT),13.40,17.40,17.4,15.4,31,50.8,0,0.0,0,0.0,RB,GibbJa01
693,Joe Mixon,13.40,53,Thu,4,4,2022-09-29,26-067,CIN,,MIA,W 27-15,13.40,17.40,17.4,15.4,53,82.8,0,0.0,0,0.0,RB,MixoJo00
694,David Montgomery,13.40,55,Thu,1,1,2023-09-07,26-092,DET,@,KAN,W 21-20,13.40,13.40,13.4,13.4,55,78.6,0,0.0,0,0.0,RB,MontDa01
695,Zack Moss,13.40,28,Sun,8,8,2023-10-29,25-318,IND,,NOR,L 27-38,13.40,14.40,14.4,13.9,28,39.4,0,0.0,0,0.0,RB,MossZa00
696,Jonathan Taylor,13.40,49,Sun,11,11,2022-11-20,23-305,IND,,PHI,L 16-17,13.40,16.40,17.4,14.9,49,75.4,0,0.0,0,0.0,RB,TaylJo02
697,Jeff Wilson,13.40,33,Mon,4,4,2022-10-03,26-321,SFO,,LAR,W 24-9,13.40,13.40,13.4,13.4,33,66.0,0,0.0,0,0.0,RB,WilsJe01
698,Cam Akers,13.30,38,Sun,16,17,2023-01-01,23-193,LAR,@,LAC,L 10-31,13.30,14.30,17.3,13.8,38,77.6,0,0.0,0,0.0,RB,AkerCa00
699,Jahmyr Gibbs,13.30,45,Thu,13,14,2024-12-05,22-260,DET,,GNB,W 34-31,13.30,19.30,19.3,16.3,45,56.3,0,0.0,0,0.0,RB,GibbJa01
700,Breece Hall,13.30,36,Sun,10,11,2023-11-19,22-172,NYJ,@,BUF,L 6-32,13.30,18.30,18.3,15.8,36,63.2,0,0.0,0,0.0,RB,HallBr03
701,Breece Hall,13.30,42,Mon,1,1,2024-09-09,23-101,NYJ,@,SFO,L 19-32,13.30,18.30,19.3,15.8,42,82.4,0,0.0,0,0.0,RB,HallBr03
702,Chuba Hubbard,13.30,23,Sun,7,7,2022-10-23,23-134,CAR,,TAM,W 21-3,13.30,15.30,15.3,14.3,23,46.0,0,0.0,6,25.0,RB,HubbCh01
703,David Montgomery,13.30,21,Sun,11,12,2024-11-24,27-170,DET,@,IND,W 24-6,13.30,16.30,16.3,14.8,21,29.2,0,0.0,0,0.0,RB,MontDa01
704,Travis Etienne,13.20,59,Sun,13,14,2023-12-10,24-318,JAX,@,CLE,L 27-31,13.20,17.20,17.2,15.2,59,77.6,0,0.0,0,0.0,RB,EtieTr00
705,Breece Hall,13.20,12,Sun,7,7,2022-10-23,21-145,NYJ,@,DEN,W 16-9,13.20,13.20,13.2,13.2,12,20.3,0,0.0,0,0.0,RB,HallBr03
706,Latavius Murray,13.20,32,Sun,10,11,2022-11-20,32-306,DEN,,LVR,L 16-22 (OT),13.20,17.20,17.2,15.2,32,50.0,0,0.0,0,0.0,RB,MurrLa00
707,Brian Robinson Jr.,13.20,63,Sun,11,11,2023-11-19,24-242,WAS,,NYG,L 19-31,13.20,20.20,20.2,16.7,63,77.8,0,0.0,0,0.0,RB,RobiBr01
708,Brian Robinson Jr.,13.20,35,Thu,11,11,2024-11-14,25-237,WAS,@,PHI,L 18-26,13.20,14.20,14.2,13.7,35,53.0,0,0.0,0,0.0,RB,RobiBr01
709,Miles Sanders,13.20,44,Sun,6,6,2022-10-16,25-168,PHI,,DAL,W 26-17,13.20,14.20,14.2,13.7,44,62.0,0,0.0,0,0.0,RB,SandMi01
710,Kyren Williams,13.20,54,Sat,16,17,2024-12-28,24-124,LAR,,ARI,W 13-9,13.20,16.20,16.2,14.7,54,94.7,0,0.0,0,0.0,RB,WillKy02
711,Jeff Wilson,13.20,28,Sun,9,9,2022-11-06,26-355,MIA,@,CHI,W 35-32,13.20,16.20,16.2,14.7,28,49.1,0,0.0,6,23.1,RB,WilsJe01
712,Jerick McKinnon,13.16,22,Sun,14,15,2023-12-17,31-228,KAN,@,NWE,W 27-17,13.16,16.16,16.2,14.7,22,33.8,0,0.0,12,40.0,RB,McKiJe00
713,Ezekiel Elliott,13.10,38,Sun,14,15,2022-12-18,27-149,DAL,@,JAX,L 34-40 (OT),13.10,15.10,15.1,14.1,38,50.7,0,0.0,0,0.0,RB,ElliEz00
714,Najee Harris,13.10,39,Mon,8,8,2024-10-28,26-233,PIT,,NYG,W 26-18,13.10,16.10,19.1,14.6,39,59.1,0,0.0,0,0.0,RB,HarrNa00
715,Derrick Henry,13.10,39,Thu,10,10,2024-11-07,30-308,BAL,,CIN,W 35-34,13.10,14.10,14.1,13.6,39,61.9,0,0.0,0,0.0,RB,HenrDe00
716,Kareem Hunt,13.10,28,Sun,5,6,2023-10-15,28-070,CLE,,SFO,W 19-17,13.10,16.10,16.1,14.6,28,36.8,0,0.0,0,0.0,RB,HuntKa00
717,Josh Jacobs,13.10,47,Sun,2,2,2024-09-15,26-217,GNB,,IND,W 16-10,13.10,13.10,17.1,13.1,47,67.1,0,0.0,1,4.5,RB,JacoJo01
718,Brian Robinson Jr.,13.10,26,Sun,7,7,2024-10-20,25-212,WAS,,CAR,W 40-7,13.10,13.10,13.1,13.1,26,37.7,0,0.0,0,0.0,RB,RobiBr01
719,Emanuel Wilson,13.10,27,Sun,17,18,2025-01-05,25-242,GNB,,CHI,L 22-24,13.10,14.10,14.1,13.6,27,41.5,0,0.0,0,0.0,RB,WilsEm00
720,De'Von Achane,13.00,49,Thu,12,13,2024-11-28,23-046,MIA,@,GNB,L 17-30,13.00,21.00,21.0,17.0,49,69.0,0,0.0,0,0.0,RB,AchaDe00
721,Emari Demercado,13.00,18,Sun,14,15,2023-12-17,24-331,ARI,,SFO,L 29-45,13.00,14.00,14.0,13.5,18,24.3,0,0.0,8,25.8,RB,DemeEm00
722,Gus Edwards,13.00,29,Mon,15,16,2023-12-25,28-256,BAL,@,SFO,W 33-19,13.00,14.00,14.0,13.5,29,42.6,0,0.0,0,0.0,RB,EdwaGu00
723,Austin Ekeler,13.00,49,Sun,14,15,2022-12-18,27-215,LAC,,TEN,W 17-14,13.00,15.00,15.0,14.0,49,69.0,0,0.0,0,0.0,RB,EkelAu00
724,Antonio Gibson,13.00,49,Sun,1,1,2022-09-11,24-080,WAS,,JAX,W 28-22,13.00,20.00,20.0,16.5,49,63.6,0,0.0,0,0.0,RB,GibsAn00
725,Najee Harris,13.00,46,Sun,17,18,2023-01-08,24-305,PIT,,CLE,W 28-14,13.00,14.00,15.0,13.5,46,63.0,0,0.0,0,0.0,RB,HarrNa00
726,Aaron Jones,13.00,42,Sun,16,17,2023-12-31,29-029,GNB,@,MIN,W 33-10,13.00,14.00,17.0,13.5,42,56.8,0,0.0,0,0.0,RB,JoneAa00
727,Alvin Kamara,13.00,25,Sun,14,15,2024-12-15,29-143,NOR,,WAS,L 19-20,13.00,17.00,17.0,15.0,25,45.5,0,0.0,0,0.0,RB,KamaAl00
728,Joe Mixon,13.00,58,Mon,3,3,2023-09-25,27-063,CIN,,LAR,W 19-16,13.00,14.00,14.0,13.5,58,75.3,0,0.0,0,0.0,RB,MixoJo00
729,David Montgomery,13.00,30,Sun,2,2,2024-09-15,27-100,DET,,TAM,L 16-20,13.00,17.00,17.0,15.0,30,34.9,0,0.0,0,0.0,RB,MontDa01
730,Rhamondre Stevenson,13.00,46,Sun,9,9,2022-11-06,24-256,NWE,,IND,W 26-3,13.00,16.00,16.0,14.5,46,73.0,0,0.0,0,0.0,RB,StevRh00
731,Rhamondre Stevenson,13.00,39,Sun,6,6,2023-10-15,25-234,NWE,@,LVR,L 17-21,13.00,18.00,18.0,15.5,39,65.0,0,0.0,0,0.0,RB,StevRh00
732,Tyrone Tracy Jr.,13.00,45,Sun,5,5,2024-10-06,24-318,NYG,@,SEA,W 29-20,13.00,14.00,17.0,13.5,45,62.5,0,0.0,5,16.7,RB,TracTy00
733,Rachaad White,13.00,37,Sun,10,10,2024-11-10,25-303,TAM,,SFO,L 20-23,13.00,19.00,19.0,16.0,37,60.7,0,0.0,0,0.0,RB,WhitRa01
734,De'Von Achane,12.90,60,Sun,13,14,2024-12-08,23-056,MIA,,NYJ,W 32-26 (OT),12.90,18.90,18.9,15.9,60,83.3,0,0.0,0,0.0,RB,AchaDe00
735,Zach Charbonnet,12.90,67,Sun,2,2,2024-09-15,23-251,SEA,@,NWE,W 23-20 (OT),12.90,17.90,17.9,15.4,67,95.7,0,0.0,0,0.0,RB,CharZa00
736,James Conner,12.90,53,Sun,8,8,2024-10-27,29-175,ARI,@,MIA,W 28-27,12.90,14.90,14.9,13.9,53,80.3,0,0.0,0,0.0,RB,ConnJa00
737,Gus Edwards,12.90,28,Sun,14,15,2023-12-17,28-248,BAL,@,JAX,W 23-7,12.90,13.90,13.9,13.4,28,40.0,0,0.0,0,0.0,RB,EdwaGu00
738,Jerome Ford,12.90,57,Sun,1,1,2024-09-08,24-362,CLE,,DAL,L 17-33,12.90,18.90,18.9,15.9,57,75.0,0,0.0,0,0.0,RB,FordJe00
739,Justice Hill,12.90,19,Sun,1,1,2023-09-10,25-300,BAL,,HOU,W 25-9,12.90,12.90,12.9,12.9,19,29.7,0,0.0,12,48.0,RB,HillJu00
740,Jordan Mason,12.90,13,Sun,5,5,2023-10-08,24-137,SFO,,DAL,W 42-10,12.90,12.90,12.9,12.9,13,18.3,0,0.0,18,66.7,RB,MasoJo00
741,David Montgomery,12.90,31,Sun,15,16,2023-12-24,26-200,DET,@,MIN,W 30-24,12.90,14.90,14.9,13.9,31,39.2,0,0.0,0,0.0,RB,MontDa01
742,Latavius Murray,12.90,28,Mon,10,10,2023-11-13,33-299,BUF,,DEN,L 22-24,12.90,14.90,14.9,13.9,28,51.9,0,0.0,0,0.0,RB,MurrLa00
743,Tony Pollard,12.90,56,Sun,2,2,2023-09-17,26-140,DAL,,NYJ,W 30-10,12.90,19.90,19.9,16.4,56,64.4,0,0.0,0,0.0,RB,PollTo00
744,Tyjae Spears,12.90,31,Sun,5,5,2023-10-08,22-115,TEN,@,IND,L 16-23,12.90,16.90,16.9,14.9,31,51.7,0,0.0,5,22.7,RB,SpeaTy00
745,Jonathan Taylor,12.90,45,Sun,9,9,2023-11-05,24-290,IND,@,CAR,W 27-13,12.90,17.90,17.9,15.4,45,73.8,0,0.0,0,0.0,RB,TaylJo02
746,Tyrone Tracy Jr.,12.90,37,Sun,15,16,2024-12-22,25-029,NYG,@,ATL,L 7-34,12.90,16.90,16.9,14.9,37,62.7,0,0.0,0,0.0,RB,TracTy00
747,Kenneth Walker III,12.90,54,Thu,6,6,2024-10-10,23-356,SEA,,SFO,L 24-36,12.90,20.90,20.9,16.9,54,69.2,0,0.0,0,0.0,RB,WalkKe00
748,Cam Akers,12.80,61,Sun,17,18,2023-01-08,23-200,LAR,@,SEA,L 16-19 (OT),12.80,15.80,18.8,14.3,61,100.0,0,0.0,0,0.0,RB,AkerCa00
749,Saquon Barkley,12.80,67,Sun,8,8,2023-10-29,26-262,NYG,,NYJ,L 10-13 (OT),12.80,15.80,18.8,14.3,67,89.3,0,0.0,0,0.0,RB,BarkSa00
750,J.K. Dobbins,12.80,24,Sat,14,15,2022-12-17,24-000,BAL,@,CLE,L 3-13,12.80,13.80,16.8,13.3,24,38.1,0,0.0,0,0.0,RB,DobbJK00
751,J.K. Dobbins,12.80,54,Sun,7,8,2024-10-27,25-315,LAC,,NOR,W 26-8,12.80,16.80,16.8,14.8,54,81.8,0,0.0,0,0.0,RB,DobbJK00
752,Najee Harris,12.80,34,Sun,6,7,2023-10-22,25-227,PIT,@,LAR,W 24-17,12.80,15.80,15.8,14.3,34,57.6,0,0.0,0,0.0,RB,HarrNa00
753,Derrick Henry,12.80,56,Sat,17,18,2023-01-07,29-003,TEN,@,JAX,L 16-20,12.80,13.80,16.8,13.3,56,74.7,0,0.0,0,0.0,RB,HenrDe00
754,Justice Hill,12.80,22,Sun,14,15,2024-12-15,27-031,BAL,@,NYG,W 35-14,12.80,17.80,17.8,15.3,22,37.3,0,0.0,3,14.3,RB,HillJu00
755,Christian McCaffrey,12.80,53,Sun,2,2,2022-09-18,26-103,CAR,@,NYG,L 16-19,12.80,16.80,19.8,14.8,53,91.4,0,0.0,0,0.0,RB,McCaCh01
756,Joe Mixon,12.80,41,Sun,6,6,2022-10-16,26-084,CIN,@,NOR,W 30-26,12.80,16.80,16.8,14.8,41,71.9,0,0.0,0,0.0,RB,MixoJo00
757,Joe Mixon,12.80,36,Sun,16,18,2023-01-08,26-168,CIN,,BAL,W 27-16,12.80,17.80,17.8,15.3,36,54.5,0,0.0,0,0.0,RB,MixoJo00
758,Joe Mixon,12.80,51,Sun,8,9,2023-11-05,27-104,CIN,,BUF,W 24-18,12.80,17.80,17.8,15.3,51,72.9,0,0.0,0,0.0,RB,MixoJo00
759,Benny Snell Jr.,12.80,28,Mon,11,12,2022-11-28,24-274,PIT,@,IND,W 24-17,12.80,13.80,13.8,13.3,28,40.6,0,0.0,17,65.4,RB,SnelBe00
760,Michael Carter,12.70,13,Sun,16,17,2023-12-31,24-238,ARI,@,PHI,W 35-31,12.70,13.70,13.7,13.2,13,17.1,0,0.0,0,0.0,RB,CartMi03
761,Nick Chubb,12.70,36,Sun,1,1,2023-09-10,27-257,CLE,,CIN,W 24-3,12.70,16.70,19.7,14.7,36,48.6,0,0.0,0,0.0,RB,ChubNi00
762,Isaiah Davis,12.70,36,Sun,13,14,2024-12-08,22-291,NYJ,@,MIA,L 26-32 (OT),12.70,15.70,15.7,14.2,36,52.9,0,0.0,11,35.5,RB,DaviIs00
763,Ray Davis,12.70,19,Sun,12,13,2024-12-01,25-020,BUF,,SFO,W 35-10,12.70,13.70,13.7,13.2,19,32.8,0,0.0,6,24.0,RB,DaviRa04
764,Kenyan Drake,12.70,44,Thu,8,8,2022-10-27,28-274,BAL,@,TAM,W 27-22,12.70,16.70,16.7,14.7,44,57.9,0,0.0,0,0.0,RB,DrakKe00
765,Kareem Hunt,12.70,27,Sun,7,8,2023-10-29,28-084,CLE,@,SEA,L 20-24,12.70,13.70,13.7,13.2,27,34.6,0,0.0,0,0.0,RB,HuntKa00
766,Alvin Kamara,12.70,48,Sun,3,3,2024-09-22,29-059,NOR,,PHI,L 12-15,12.70,15.70,15.7,14.2,48,85.7,0,0.0,0,0.0,RB,KamaAl00
767,Elijah Mitchell,12.70,32,Sun,17,18,2024-01-07,25-250,SFO,,LAR,L 20-21,12.70,14.70,14.7,13.7,32,52.5,0,0.0,0,0.0,RB,MitcEl00
768,David Montgomery,12.70,40,Sun,13,13,2022-12-04,25-180,CHI,,GNB,L 19-28,12.70,16.70,16.7,14.7,40,76.9,0,0.0,0,0.0,RB,MontDa01
769,Ameer Abdullah,12.60,31,Mon,14,15,2024-12-16,31-186,LVR,,ATL,L 9-15,12.60,19.60,19.6,16.1,31,46.3,0,0.0,13,52.0,RB,AbduAm00
770,Zach Charbonnet,12.60,47,Sun,14,15,2024-12-15,23-342,SEA,,GNB,L 13-30,12.60,13.60,13.6,13.1,47,79.7,0,0.0,0,0.0,RB,CharZa00
771,Darrell Henderson,12.60,39,Sun,7,7,2023-10-22,26-064,LAR,,PIT,L 17-24,12.60,13.60,13.6,13.1,39,57.4,0,0.0,0,0.0,RB,HendDa00
772,Keaton Mitchell,12.60,13,Sun,10,10,2023-11-12,21-299,BAL,,CLE,L 31-33,12.60,13.60,13.6,13.1,13,24.1,0,0.0,7,22.6,RB,MitcKe01
773,Samaje Perine,12.60,18,Sun,11,12,2023-11-26,28-071,DEN,,CLE,W 29-12,12.60,13.60,13.6,13.1,18,26.9,0,0.0,9,34.6,RB,PeriSa00
774,Brian Robinson Jr.,12.60,43,Sun,1,1,2023-09-10,24-172,WAS,,ARI,W 20-16,12.60,13.60,13.6,13.1,43,60.6,0,0.0,0,0.0,RB,RobiBr01
775,Ameer Abdullah,12.50,69,Sun,11,12,2024-11-24,31-164,LVR,,DEN,L 19-29,12.50,17.50,17.5,15.0,69,89.6,0,0.0,0,0.0,RB,AbduAm00
776,Ray Davis,12.50,35,Sun,17,18,2025-01-05,25-055,BUF,@,NWE,L 16-23,12.50,14.50,14.5,13.5,35,52.2,0,0.0,0,0.0,RB,DaviRa04
777,Chuba Hubbard,12.50,31,Sat,15,16,2022-12-24,23-196,CAR,,DET,W 37-23,12.50,12.50,15.5,12.5,31,45.6,0,0.0,6,20.7,RB,HubbCh01
778,Alexander Mattison,12.50,43,Sun,6,6,2024-10-13,26-116,LVR,,PIT,L 13-32,12.50,17.50,17.5,15.0,43,68.3,0,0.0,0,0.0,RB,MattAl01
779,Alexander Mattison,12.50,66,Sun,3,3,2023-09-24,25-097,MIN,,LAC,L 24-28,12.50,17.50,17.5,15.0,66,80.5,0,0.0,0,0.0,RB,MattAl01
780,David Montgomery,12.50,27,Sat,16,17,2023-12-30,26-206,DET,@,DAL,L 19-20,12.50,12.50,12.5,12.5,27,39.1,0,0.0,0,0.0,RB,MontDa01
781,Latavius Murray,12.50,26,Sun,4,4,2022-10-02,32-257,NOR,,MIN,L 25-28,12.50,13.50,13.5,13.0,26,43.3,0,0.0,0,0.0,RB,MurrLa00
782,Devin Singletary,12.50,32,Sun,13,14,2023-12-10,26-098,HOU,@,NYJ,L 6-30,12.50,12.50,12.5,12.5,32,57.1,0,0.0,5,17.2,RB,SingDe00
783,Devin Singletary,12.50,49,Sat,17,18,2024-01-06,26-125,HOU,@,IND,W 23-19,12.50,13.50,13.5,13.0,49,87.5,0,0.0,0,0.0,RB,SingDe00
784,D'Andre Swift,12.50,49,Sun,17,18,2025-01-05,25-357,CHI,@,GNB,W 24-22,12.50,12.50,12.5,12.5,49,79.0,0,0.0,0,0.0,RB,SwifDA00
785,Tyrone Tracy Jr.,12.50,46,Thu,12,13,2024-11-28,25-005,NYG,@,DAL,L 20-27,12.50,14.50,14.5,13.5,46,73.0,0,0.0,0,0.0,RB,TracTy00
786,Chase Brown,12.40,33,Sun,6,6,2024-10-13,24-206,CIN,@,NYG,W 17-7,12.40,14.40,14.4,13.4,33,62.3,0,0.0,2,9.1,RB,BrowCh10
787,Alvin Kamara,12.40,50,Sun,6,6,2022-10-16,27-083,NOR,,CIN,L 26-30,12.40,18.40,18.4,15.4,50,69.4,0,0.0,0,0.0,RB,KamaAl00
788,Alvin Kamara,12.40,52,Sun,6,6,2024-10-13,29-080,NOR,,TAM,L 27-51,12.40,17.40,17.4,14.9,52,74.3,0,0.0,0,0.0,RB,KamaAl00
789,David Montgomery,12.40,38,Thu,12,13,2024-11-28,27-174,DET,,CHI,W 23-20,12.40,15.40,15.4,13.9,38,54.3,0,0.0,0,0.0,RB,MontDa01
790,Isiah Pacheco,12.40,21,Sat,17,18,2023-01-07,23-311,KAN,@,LVR,W 31-13,12.40,12.40,12.4,12.4,21,35.6,0,0.0,3,13.0,RB,PachIs00
791,Isiah Pacheco,12.40,39,Sun,5,5,2023-10-08,24-220,KAN,@,MIN,W 27-20,12.40,13.40,13.4,12.9,39,59.1,0,0.0,0,0.0,RB,PachIs00
792,Tony Pollard,12.40,40,Sun,13,14,2024-12-08,27-222,TEN,,JAX,L 6-10,12.40,14.40,17.4,13.4,40,62.5,0,0.0,0,0.0,RB,PollTo00
793,D'Andre Swift,12.40,44,Sun,8,8,2023-10-29,24-288,PHI,@,WAS,W 38-31,12.40,14.40,14.4,13.4,44,69.8,0,0.0,0,0.0,RB,SwifDA00
794,Kenneth Walker III,12.40,61,Sun,17,18,2023-01-08,22-080,SEA,,LAR,W 19-16 (OT),12.40,13.40,16.4,12.9,61,87.1,0,0.0,0,0.0,RB,WalkKe00
795,Jaylen Warren,12.40,39,Thu,11,12,2024-11-21,26-020,PIT,@,CLE,L 19-24,12.40,15.40,15.4,13.9,39,56.5,0,0.0,5,25.0,RB,WarrJa01
796,Tyler Allgeier,12.30,23,Sun,9,9,2022-11-06,22-205,ATL,,LAC,L 17-20,12.30,13.30,13.3,12.8,23,37.7,0,0.0,3,12.5,RB,AllgTy00
797,Tyler Allgeier,12.30,13,Sun,13,14,2024-12-08,24-237,ATL,@,MIN,L 21-42,12.30,12.30,12.3,12.3,13,17.6,0,0.0,16,59.3,RB,AllgTy00
798,Kareem Hunt,12.30,42,Sun,7,8,2024-10-27,29-082,KAN,@,LVR,W 27-20,12.30,13.30,13.3,12.8,42,58.3,0,0.0,0,0.0,RB,HuntKa00
799,Ty Johnson,12.30,21,Sun,14,15,2024-12-15,27-089,BUF,@,DET,W 48-42,12.30,17.30,20.3,14.8,21,30.0,0,0.0,7,19.4,RB,JohnTy02
800,Marlon Mack,12.30,20,Sun,14,15,2022-12-18,26-286,DEN,,ARI,W 24-15,12.30,16.30,16.3,14.3,20,29.0,0,0.0,0,0.0,RB,MackMa00
801,Alexander Mattison,12.30,55,Sun,7,7,2024-10-20,26-123,LVR,@,LAR,L 15-20,12.30,15.30,15.3,13.8,55,69.6,0,0.0,0,0.0,RB,MattAl01
802,Trey Sermon,12.30,41,Sun,5,5,2024-10-06,25-250,IND,@,JAX,L 34-37,12.30,18.30,18.3,15.3,41,58.6,0,0.0,0,0.0,RB,SermTr00
803,Saquon Barkley,12.20,52,Sun,8,8,2022-10-30,25-263,NYG,@,SEA,L 13-27,12.20,15.20,15.2,13.7,52,80.0,0,0.0,0,0.0,RB,BarkSa00
804,Tank Bigsby,12.20,31,Sun,13,14,2024-12-08,23-100,JAX,@,TEN,W 10-6,12.20,13.20,13.2,12.7,31,52.5,0,0.0,3,16.7,RB,BigsTa00
805,Gus Edwards,12.20,32,Sun,2,2,2023-09-17,28-157,BAL,@,CIN,W 27-24,12.20,12.20,12.2,12.2,32,42.7,0,0.0,0,0.0,RB,EdwaGu00
806,Antonio Gibson,12.20,17,Sun,13,13,2024-12-01,26-161,NWE,,IND,L 24-25,12.20,12.20,12.2,12.2,17,23.6,0,0.0,4,17.4,RB,GibsAn00
807,Derrick Henry,12.20,44,Sun,7,8,2023-10-29,29-298,TEN,,ATL,W 28-23,12.20,16.20,19.2,14.2,44,64.7,0,0.0,0,0.0,RB,HenrDe00
808,Justice Hill,12.20,26,Mon,12,12,2024-11-25,27-011,BAL,@,LAC,W 30-23,12.20,14.20,14.2,13.2,26,40.0,0,0.0,5,18.5,RB,HillJu00
809,Alvin Kamara,12.20,40,Sun,8,8,2024-10-27,29-094,NOR,@,LAC,L 8-26,12.20,18.20,18.2,15.2,40,54.8,0,0.0,0,0.0,RB,KamaAl00
810,Alexander Mattison,12.20,36,Sun,1,1,2024-09-08,26-081,LVR,@,LAC,L 10-22,12.20,16.20,16.2,14.2,36,60.0,0,0.0,0,0.0,RB,MattAl01
811,David Montgomery,12.20,40,Mon,7,7,2022-10-24,25-139,CHI,@,NWE,W 33-14,12.20,12.20,12.2,12.2,40,56.3,0,0.0,0,0.0,RB,MontDa01
812,Isiah Pacheco,12.20,16,Sun,1,1,2022-09-11,23-193,KAN,@,ARI,W 44-21,12.20,12.20,12.2,12.2,16,22.9,0,0.0,11,40.7,RB,PachIs00
813,Bijan Robinson,12.20,50,Sun,8,8,2023-10-29,21-272,ATL,@,TEN,L 23-28,12.20,12.20,12.2,12.2,50,73.5,0,0.0,0,0.0,RB,RobiBi01
814,Bijan Robinson,12.20,48,Sun,15,16,2023-12-24,21-328,ATL,,IND,W 29-10,12.20,19.20,19.2,15.7,48,75.0,0,0.0,0,0.0,RB,RobiBi01
815,Bijan Robinson,12.20,46,Mon,2,2,2024-09-16,22-230,ATL,@,PHI,W 22-21,12.20,16.20,16.2,14.2,46,75.4,0,0.0,0,0.0,RB,RobiBi01
816,Miles Sanders,12.20,51,Sun,3,3,2023-09-24,26-146,CAR,@,SEA,L 27-37,12.20,17.20,17.2,14.7,51,64.6,0,0.0,0,0.0,RB,SandMi01
817,Jonathan Taylor,12.20,53,Sun,10,10,2024-11-10,25-296,IND,,BUF,L 20-30,12.20,14.20,17.2,13.2,53,82.8,0,0.0,0,0.0,RB,TaylJo02
818,Darrel Williams,12.20,40,Sun,2,2,2022-09-18,27-156,ARI,@,LVR,W 29-23 (OT),12.20,14.20,14.2,13.2,40,46.0,0,0.0,12,57.1,RB,WillDa10
819,De'Von Achane,12.10,33,Sun,17,18,2024-01-07,22-086,MIA,,BUF,L 14-21,12.10,13.10,13.1,12.6,33,63.5,0,0.0,0,0.0,RB,AchaDe00
820,Nick Chubb,12.10,32,Sun,9,10,2022-11-13,26-321,CLE,@,MIA,L 17-39,12.10,15.10,16.1,13.6,32,47.8,0,0.0,0,0.0,RB,ChubNi00
821,Rico Dowdle,12.10,25,Thu,4,4,2024-09-26,26-104,DAL,@,NYG,W 20-15,12.10,13.10,13.1,12.6,25,44.6,0,0.0,0,0.0,RB,DowdRi01
822,Ezekiel Elliott,12.10,34,Sat,15,16,2022-12-24,27-155,DAL,,PHI,W 40-34,12.10,13.10,13.1,12.6,34,46.6,0,0.0,0,0.0,RB,ElliEz00
823,Joe Mixon,12.10,49,Sat,14,15,2023-12-16,27-145,CIN,,MIN,W 27-24 (OT),12.10,15.10,15.1,13.6,49,70.0,0,0.0,0,0.0,RB,MixoJo00
824,Zack Moss,12.10,33,Sun,1,1,2024-09-08,26-268,CIN,,NWE,L 10-16,12.10,14.10,14.1,13.1,33,64.7,0,0.0,0,0.0,RB,MossZa00
825,Samaje Perine,12.10,23,Sun,3,3,2022-09-25,27-009,CIN,@,NYJ,W 27-12,12.10,14.10,14.1,13.1,23,33.8,0,0.0,16,61.5,RB,PeriSa00
826,Tony Pollard,12.10,70,Sun,3,3,2023-09-24,26-147,DAL,@,ARI,L 16-28,12.10,15.10,18.1,13.6,70,86.4,0,0.0,0,0.0,RB,PollTo00
827,Patrick Taylor,12.10,64,Sun,17,18,2025-01-05,26-251,SFO,@,ARI,L 24-47,12.10,13.10,16.1,12.6,64,84.2,0,0.0,1,3.0,RB,TaylPa01
828,Rachaad White,12.10,37,Sun,14,15,2024-12-15,25-338,TAM,@,LAC,W 40-17,12.10,14.10,15.1,13.1,37,51.4,0,0.0,0,0.0,RB,WhitRa01
829,Zamir White,12.10,48,Sun,17,18,2024-01-07,24-111,LVR,,DEN,W 27-14,12.10,13.10,16.1,12.6,48,72.7,0,0.0,4,16.0,RB,WhitZa01
830,James Conner,12.00,46,Sun,5,5,2024-10-06,29-154,ARI,@,SFO,W 24-23,12.00,14.00,14.0,13.0,46,79.3,0,0.0,0,0.0,RB,ConnJa00
831,Ezekiel Elliott,12.00,48,Sun,15,16,2023-12-24,28-155,NWE,@,DEN,W 26-23,12.00,21.00,21.0,16.5,48,82.8,0,0.0,0,0.0,RB,ElliEz00
832,Breece Hall,12.00,19,Sun,2,2,2022-09-18,21-110,NYJ,@,CLE,W 31-30,12.00,13.00,13.0,12.5,19,27.1,0,0.0,0,0.0,RB,HallBr03
833,Jerick McKinnon,12.00,26,Sun,12,13,2022-12-04,30-215,KAN,@,CIN,L 24-27,12.00,14.00,14.0,13.0,26,47.3,0,0.0,7,30.4,RB,McKiJe00
834,Isiah Pacheco,12.00,36,Sun,7,7,2023-10-22,24-234,KAN,,LAC,W 31-17,12.00,16.00,16.0,14.0,36,52.9,0,0.0,0,0.0,RB,PachIs00
835,Brian Robinson Jr.,12.00,27,Thu,6,6,2022-10-13,23-205,WAS,@,CHI,W 12-7,12.00,12.00,12.0,12.0,27,47.4,0,0.0,0,0.0,RB,RobiBr01
836,Rhamondre Stevenson,12.00,54,Sun,2,2,2023-09-17,25-206,NWE,,MIA,L 17-24,12.00,15.00,15.0,13.5,54,73.0,0,0.0,0,0.0,RB,StevRh00
837,Michael Carter,11.90,50,Sun,17,18,2025-01-05,25-243,ARI,,SFO,W 47-24,11.90,15.90,15.9,13.9,50,76.9,0,0.0,0,0.0,RB,CartMi03
838,James Conner,11.90,28,Sun,9,9,2024-11-03,29-182,ARI,,CHI,W 29-9,11.90,14.90,17.9,13.4,28,48.3,0,0.0,0,0.0,RB,ConnJa00
839,Derrick Henry,11.90,30,Sun,1,1,2023-09-10,29-249,TEN,@,NOR,L 15-16,11.90,13.90,13.9,12.9,30,47.6,0,0.0,0,0.0,RB,HenrDe00
840,Roschon Johnson,11.90,36,Sun,16,17,2023-12-31,22-334,CHI,,ATL,W 37-17,11.90,14.90,14.9,13.4,36,48.6,0,0.0,12,37.5,RB,JohnRo07
841,Alvin Kamara,11.90,46,Sun,11,12,2023-11-26,28-124,NOR,@,ATL,L 15-24,11.90,15.90,15.9,13.9,46,63.9,0,0.0,0,0.0,RB,KamaAl00
842,Alvin Kamara,11.90,60,Sun,12,13,2024-12-01,29-129,NOR,,LAR,L 14-21,11.90,15.90,18.9,13.9,60,85.7,0,0.0,0,0.0,RB,KamaAl00
843,Zack Moss,11.90,39,Sun,6,6,2023-10-15,25-304,IND,@,JAX,L 20-37,11.90,17.90,17.9,14.9,39,50.0,0,0.0,0,0.0,RB,MossZa00
844,Latavius Murray,11.90,27,Sun,8,8,2022-10-30,32-285,DEN,@,JAX,W 21-17,11.90,12.90,12.9,12.4,27,44.3,0,0.0,0,0.0,RB,MurrLa00
845,Dameon Pierce,11.90,30,Sun,3,3,2023-09-24,23-217,HOU,@,JAX,W 37-17,11.90,14.90,14.9,13.4,30,53.6,0,0.0,0,0.0,RB,PierDa01
846,Kenneth Walker III,11.90,44,Sun,10,11,2024-11-17,24-028,SEA,@,SFO,W 20-17,11.90,13.90,13.9,12.9,44,73.3,0,0.0,0,0.0,RB,WalkKe00
847,Jamaal Williams,11.90,25,Sun,9,10,2022-11-13,27-224,DET,@,CHI,W 31-30,11.90,11.90,11.9,11.9,25,40.3,0,0.0,0,0.0,RB,WillJa06
848,Clyde Edwards-Helaire,11.80,25,Thu,2,2,2022-09-15,23-157,KAN,,LAC,W 27-24,11.80,15.80,15.8,13.8,25,43.9,0,0.0,0,0.0,RB,EdwaCl00
849,Travis Etienne,11.80,43,Sun,2,2,2024-09-15,25-233,JAX,,CLE,L 13-18,11.80,14.80,14.8,13.3,43,71.7,0,0.0,0,0.0,RB,EtieTr00
850,Leonard Fournette,11.80,49,Thu,8,8,2022-10-27,27-282,TAM,,BAL,L 22-27,11.80,14.80,14.8,13.3,49,72.1,0,0.0,0,0.0,RB,FourLe00
851,Antonio Gibson,11.80,40,Mon,10,10,2022-11-14,24-144,WAS,@,PHI,W 32-21,11.80,14.80,14.8,13.3,40,48.2,0,0.0,4,15.4,RB,GibsAn00
852,Ty Johnson,11.80,16,Sun,11,11,2023-11-19,26-063,BUF,,NYJ,W 32-6,11.80,14.80,14.8,13.3,16,21.1,0,0.0,6,22.2,RB,JohnTy02
853,Zonovan Knight,11.80,47,Sun,12,13,2022-12-04,21-237,NYJ,@,MIN,L 22-27,11.80,16.80,16.8,14.3,47,55.3,0,0.0,0,0.0,RB,KnigZo00
854,Christian McCaffrey,11.80,39,Sat,15,16,2022-12-24,26-200,SFO,,WAS,W 37-20,11.80,13.80,13.8,12.8,39,75.0,0,0.0,1,3.7,RB,McCaCh01
855,Christian McCaffrey,11.80,52,Sun,5,5,2023-10-08,27-123,SFO,,DAL,W 42-10,11.80,13.80,14.8,12.8,52,73.2,0,0.0,0,0.0,RB,McCaCh01
856,Dameon Pierce,11.80,36,Sun,13,14,2022-12-11,22-295,HOU,@,DAL,L 23-27,11.80,11.80,12.8,11.8,36,54.5,0,0.0,0,0.0,RB,PierDa01
857,Tyjae Spears,11.80,47,Mon,13,14,2023-12-11,22-179,TEN,@,MIA,W 28-27,11.80,17.80,17.8,14.8,47,66.2,0,0.0,0,0.0,RB,SpeaTy00
858,Rachaad White,11.80,57,Sun,10,11,2023-11-19,24-311,TAM,@,SFO,L 14-27,11.80,17.80,17.8,14.8,57,80.3,0,0.0,0,0.0,RB,WhitRa01
859,Tyler Allgeier,11.70,42,Sat,15,16,2022-12-24,22-253,ATL,@,BAL,L 9-17,11.70,15.70,15.7,13.7,42,59.2,0,0.0,0,0.0,RB,AllgTy00
860,Emari Demercado,11.70,44,Sun,5,5,2023-10-08,24-261,ARI,,CIN,L 20-34,11.70,12.70,12.7,12.2,44,77.2,0,0.0,1,3.7,RB,DemeEm00
861,Clyde Edwards-Helaire,11.70,23,Sun,3,3,2023-09-24,24-166,KAN,,CHI,W 41-10,11.70,12.70,12.7,12.2,23,29.9,0,0.0,0,0.0,RB,EdwaCl00
862,Austin Ekeler,11.70,13,Mon,3,3,2024-09-23,29-129,WAS,@,CIN,W 38-33,11.70,13.70,13.7,12.7,13,22.0,0,0.0,4,15.4,RB,EkelAu00
863,Jamycal Hasty,11.70,10,Sun,6,6,2022-10-16,26-034,JAX,@,IND,L 27-34,11.70,11.70,11.7,11.7,10,15.9,0,0.0,9,36.0,RB,HastJa02
864,Derrick Henry,11.70,32,Sun,11,12,2022-11-27,28-327,TEN,,CIN,L 16-20,11.70,14.70,14.7,13.2,32,56.1,0,0.0,0,0.0,RB,HenrDe00
865,Kareem Hunt,11.70,33,Sun,5,5,2022-10-09,27-064,CLE,,LAC,L 28-30,11.70,14.70,14.7,13.2,33,49.3,0,0.0,0,0.0,RB,HuntKa00
866,Christian McCaffrey,11.70,43,Sun,1,1,2022-09-11,26-096,CAR,,CLE,L 24-26,11.70,15.70,15.7,13.7,43,81.1,0,0.0,0,0.0,RB,McCaCh01
867,Dameon Pierce,11.70,34,Sun,6,7,2022-10-23,22-246,HOU,@,LVR,L 20-38,11.70,15.70,15.7,13.7,34,52.3,0,0.0,0,0.0,RB,PierDa01
868,Tony Pollard,11.70,62,Sun,7,8,2024-10-27,27-180,TEN,@,DET,L 14-52,11.70,14.70,14.7,13.2,62,81.6,0,0.0,0,0.0,RB,PollTo00
869,Saquon Barkley,11.60,32,Sun,4,4,2024-09-29,27-233,PHI,@,TAM,L 16-33,11.60,13.60,13.6,12.6,32,56.1,0,0.0,0,0.0,RB,BarkSa00
870,Nick Chubb,11.60,32,Sun,16,17,2023-01-01,27-005,CLE,@,WAS,W 24-10,11.60,12.60,15.6,12.1,32,56.1,0,0.0,0,0.0,RB,ChubNi00
871,Dalvin Cook,11.60,57,Sun,8,9,2022-11-06,27-088,MIN,@,WAS,W 20-17,11.60,13.60,13.6,12.6,57,86.4,0,0.0,0,0.0,RB,CookDa01
872,Najee Harris,11.60,30,Sat,17,18,2025-01-04,26-301,PIT,,CIN,L 17-19,11.60,15.60,15.6,13.6,30,49.2,0,0.0,0,0.0,RB,HarrNa00
873,Jamycal Hasty,11.60,25,Sun,16,17,2023-01-01,26-111,JAX,@,HOU,W 31-3,11.60,17.60,17.6,14.6,25,39.7,0,0.0,4,16.0,RB,HastJa02
874,Caleb Huntley,11.60,12,Sun,4,4,2022-10-02,24-017,ATL,,CLE,W 23-20,11.60,11.60,11.6,11.6,12,21.8,0,0.0,0,0.0,RB,HuntCa02
875,Alexander Mattison,11.60,42,Sun,15,16,2024-12-22,26-186,LVR,,JAX,W 19-14,11.60,15.60,15.6,13.6,42,56.8,0,0.0,0,0.0,RB,MattAl01
876,Jaleel McLaughlin,11.60,23,Sun,8,8,2024-10-27,24-044,DEN,,CAR,W 28-14,11.60,12.60,12.6,12.1,23,31.5,0,0.0,0,0.0,RB,McLaJa00
877,David Montgomery,11.60,26,Sun,9,10,2024-11-10,27-156,DET,@,HOU,W 26-23,11.60,12.60,12.6,12.1,26,40.0,0,0.0,0,0.0,RB,MontDa01
878,Brian Robinson Jr.,11.60,27,Sun,6,6,2023-10-15,24-207,WAS,@,ATL,W 24-16,11.60,13.60,13.6,12.6,27,52.9,0,0.0,0,0.0,RB,RobiBr01
879,Emanuel Wilson,11.60,25,Mon,15,16,2024-12-23,25-229,GNB,,NOR,W 34-0,11.60,12.60,12.6,12.1,25,36.2,0,0.0,0,0.0,RB,WilsEm00
880,Ameer Abdullah,11.50,14,Sun,11,12,2022-11-27,29-167,LVR,@,SEA,W 40-34 (OT),11.50,14.50,14.5,13.0,14,18.2,0,0.0,17,50.0,RB,AbduAm00
881,Trey Benson,11.50,16,Sun,9,9,2024-11-03,22-105,ARI,,CHI,W 29-9,11.50,12.50,12.5,12.0,16,27.6,0,0.0,0,0.0,RB,BensTr01
882,James Conner,11.50,47,Sun,1,1,2022-09-11,27-129,ARI,,KAN,L 21-44,11.50,16.50,16.5,14.0,47,72.3,0,0.0,0,0.0,RB,ConnJa00
883,Antonio Gibson,11.50,29,Sun,10,10,2023-11-12,25-142,WAS,@,SEA,L 26-29,11.50,16.50,16.5,14.0,29,47.5,0,0.0,7,20.0,RB,GibsAn00
884,Melvin Gordon,11.50,28,Sun,3,3,2022-09-25,29-165,DEN,,SFO,W 11-10,11.50,16.50,16.5,14.0,28,37.8,0,0.0,0,0.0,RB,GordMe00
885,Bucky Irving,11.50,32,Sun,4,4,2024-09-29,22-041,TAM,,PHI,W 33-16,11.50,12.50,12.5,12.0,32,41.6,0,0.0,0,0.0,RB,IrviBu00
886,Roschon Johnson,11.50,29,Sun,1,1,2023-09-10,22-222,CHI,,GNB,L 20-38,11.50,17.50,17.5,14.5,29,39.2,0,0.0,13,46.4,RB,JohnRo07
887,Ty Johnson,11.50,21,Sun,13,14,2024-12-08,27-082,BUF,@,LAR,L 42-44,11.50,13.50,13.5,12.5,21,35.0,0,0.0,4,12.1,RB,JohnTy02
888,Aaron Jones,11.50,45,Sun,4,4,2022-10-02,27-304,GNB,,NWE,W 27-24 (OT),11.50,14.50,17.5,13.0,45,61.6,0,0.0,0,0.0,RB,JoneAa00
889,Tony Jones,11.50,5,Sun,17,18,2025-01-05,27-042,ARI,,SFO,W 47-24,11.50,11.50,11.5,11.5,5,7.7,0,0.0,10,30.3,RB,JoneTo04
890,Alvin Kamara,11.50,51,Sun,10,10,2023-11-12,28-110,NOR,@,MIN,L 19-27,11.50,18.50,18.5,15.0,51,76.1,0,0.0,0,0.0,RB,KamaAl00
891,Christian McCaffrey,11.50,49,Sun,3,3,2022-09-25,26-110,CAR,,NOR,W 22-14,11.50,13.50,16.5,12.5,49,80.3,0,0.0,1,3.4,RB,McCaCh01
892,David Montgomery,11.50,36,Sun,12,13,2023-12-03,26-179,DET,@,NOR,W 33-28,11.50,12.50,12.5,12.0,36,62.1,0,0.0,0,0.0,RB,MontDa01
893,James Conner,11.40,55,Mon,11,11,2022-11-21,27-200,ARI,,SFO,L 10-38,11.40,13.40,13.4,12.4,55,77.5,0,0.0,0,0.0,RB,ConnJa00
894,Travis Etienne,11.40,40,Sun,5,5,2022-10-09,23-256,JAX,,HOU,L 6-13,11.40,14.40,14.4,12.9,40,53.3,0,0.0,0,0.0,RB,EtieTr00
895,Leonard Fournette,11.40,39,Sun,4,4,2022-10-02,27-257,TAM,,KAN,L 31-41,11.40,18.40,18.4,14.9,39,60.9,0,0.0,0,0.0,RB,FourLe00
896,David Montgomery,11.40,30,Sun,2,2,2023-09-17,26-102,DET,,SEA,L 31-37 (OT),11.40,12.40,13.4,11.9,30,45.5,0,0.0,0,0.0,RB,MontDa01
897,Dare Ogunbowale,11.40,29,Sun,4,4,2024-09-29,30-148,HOU,,JAX,W 24-20,11.40,15.40,15.4,13.4,29,38.7,0,0.0,15,51.7,RB,OgunDa00
898,Boston Scott,11.40,24,Sun,17,18,2023-01-08,27-256,PHI,,NYG,W 22-16,11.40,11.40,11.4,11.4,24,32.9,0,0.0,3,10.7,RB,ScotBo02
899,Kyren Williams,11.40,71,Sun,1,1,2024-09-08,24-013,LAR,@,DET,L 20-26 (OT),11.40,14.40,14.4,12.9,71,91.0,0,0.0,4,15.4,RB,WillKy02
900,Saquon Barkley,11.30,47,Sun,9,9,2023-11-05,26-269,NYG,@,LVR,L 6-30,11.30,14.30,14.3,12.8,47,74.6,0,0.0,0,0.0,RB,BarkSa00
901,Eno Benjamin,11.30,37,Sun,5,5,2022-10-09,23-179,ARI,,PHI,L 17-20,11.30,14.30,14.3,12.8,37,53.6,0,0.0,6,24.0,RB,BenjEn00
902,Raheem Blackshear,11.30,17,Sun,9,9,2022-11-06,23-154,CAR,@,CIN,L 21-42,11.30,15.30,15.3,13.3,17,34.7,0,0.0,9,31.0,RB,BlacRa00
903,James Cook,11.30,32,Sun,16,17,2024-12-29,25-095,BUF,,NYJ,W 40-14,11.30,11.30,11.3,11.3,32,45.7,0,0.0,0,0.0,RB,CookJa01
904,D'Onta Foreman,11.30,35,Sun,12,12,2022-11-27,26-217,CAR,,DEN,W 23-10,11.30,11.30,14.3,11.3,35,53.0,0,0.0,0,0.0,RB,ForeDO00
905,Najee Harris,11.30,37,Sun,9,10,2024-11-10,26-246,PIT,@,WAS,W 28-27,11.30,11.30,11.3,11.3,37,47.4,0,0.0,0,0.0,RB,HarrNa00
906,Najee Harris,11.30,27,Sun,13,14,2024-12-08,26-274,PIT,,CLE,W 27-14,11.30,11.30,11.3,11.3,27,41.5,0,0.0,0,0.0,RB,HarrNa00
907,Travis Homer,11.30,13,Sun,11,12,2022-11-27,24-112,SEA,,LVR,L 34-40 (OT),11.30,13.30,13.3,12.3,13,20.0,0,0.0,21,61.8,RB,HomeTr00
908,Bucky Irving,11.30,32,Sun,14,15,2024-12-15,22-118,TAM,@,LAC,W 40-17,11.30,13.30,16.3,12.3,32,44.4,0,0.0,0,0.0,RB,IrviBu00
909,Aaron Jones,11.30,25,Sun,16,17,2023-01-01,28-030,GNB,,MIN,W 41-17,11.30,13.30,16.3,12.3,25,39.7,0,0.0,2,7.1,RB,JoneAa00
910,David Montgomery,11.30,39,Sun,12,12,2022-11-27,25-173,CHI,@,NYJ,L 10-31,11.30,14.30,14.3,12.8,39,68.4,0,0.0,0,0.0,RB,MontDa01
911,James Robinson,11.30,24,Sun,9,9,2022-11-06,24-089,NYJ,,BUF,W 20-17,11.30,13.30,13.3,12.3,24,40.0,0,0.0,0,0.0,RB,RobiJa00
912,Rhamondre Stevenson,11.30,32,Sun,15,16,2024-12-22,26-303,NWE,@,BUF,L 21-24,11.30,12.30,13.3,11.8,32,43.8,0,0.0,0,0.0,RB,StevRh00
913,Jaylen Warren,11.30,26,Thu,8,9,2023-11-02,25-001,PIT,,TEN,W 20-16,11.30,14.30,14.3,12.8,26,40.0,0,0.0,4,16.7,RB,WarrJa01
914,Rachaad White,11.30,29,Sun,15,16,2022-12-25,23-347,TAM,@,ARI,W 19-16 (OT),11.30,15.30,15.3,13.3,29,35.8,0,0.0,0,0.0,RB,WhitRa01
915,Kyren Williams,11.30,69,Sun,13,14,2023-12-10,23-106,LAR,@,BAL,L 31-37 (OT),11.30,14.30,17.3,12.8,69,89.6,0,0.0,1,2.7,RB,WillKy02
916,Tyler Allgeier,11.20,33,Sun,7,7,2023-10-22,23-190,ATL,@,TAM,W 16-13,11.20,14.20,14.2,12.7,33,50.8,0,0.0,0,0.0,RB,AllgTy00
917,Saquon Barkley,11.20,47,Thu,11,12,2022-11-24,25-288,NYG,@,DAL,L 20-28,11.20,15.20,15.2,13.2,47,73.4,0,0.0,0,0.0,RB,BarkSa00
918,James Cook,11.20,42,Sun,3,3,2023-09-24,23-364,BUF,@,WAS,W 37-3,11.20,13.20,13.2,12.2,42,61.8,0,0.0,0,0.0,RB,CookJa01
919,Rico Dowdle,11.20,23,Sun,13,14,2023-12-10,25-179,DAL,,PHI,W 33-13,11.20,12.20,12.2,11.7,23,28.0,0,0.0,0,0.0,RB,DowdRi01
920,Travis Etienne,11.20,51,Thu,15,16,2022-12-22,23-330,JAX,@,NYJ,W 19-3,11.20,14.20,14.2,12.7,51,70.8,0,0.0,0,0.0,RB,EtieTr00
921,Jerome Ford,11.20,36,Sun,12,13,2023-12-03,24-082,CLE,@,LAR,L 19-36,11.20,14.20,14.2,12.7,36,50.7,0,0.0,0,0.0,RB,FordJe00
922,Melvin Gordon,11.20,34,Sun,8,8,2022-10-30,29-200,DEN,@,JAX,W 21-17,11.20,14.20,14.2,12.7,34,55.7,0,0.0,0,0.0,RB,GordMe00
923,Darrell Henderson,11.20,46,Sun,6,6,2022-10-16,25-058,LAR,,CAR,W 24-10,11.20,13.20,13.2,12.2,46,70.8,0,0.0,0,0.0,RB,HendDa00
924,Chuba Hubbard,11.20,36,Sun,7,7,2024-10-20,25-131,CAR,@,WAS,L 7-40,11.20,11.20,11.2,11.2,36,83.7,0,0.0,0,0.0,RB,HubbCh01
925,Christian McCaffrey,11.20,36,Sun,6,6,2023-10-15,27-130,SFO,@,CLE,L 17-19,11.20,14.20,14.2,12.7,36,58.1,0,0.0,0,0.0,RB,McCaCh01
926,Cordarrelle Patterson,11.20,37,Sun,14,15,2022-12-18,31-276,ATL,@,NOR,L 18-21,11.20,12.20,12.2,11.7,37,50.0,0,0.0,4,18.2,RB,PattCo00
927,Craig Reynolds,11.20,13,Sun,5,5,2023-10-08,27-115,DET,,CAR,W 42-24,11.20,11.20,11.2,11.2,13,21.7,0,0.0,4,14.8,RB,ReynCr00
928,Bijan Robinson,11.20,50,Sun,3,3,2024-09-22,22-236,ATL,,KAN,L 17-22,11.20,13.20,13.2,12.2,50,82.0,0,0.0,0,0.0,RB,RobiBi01
929,Rhamondre Stevenson,11.20,45,Thu,11,12,2022-11-24,24-274,NWE,@,MIN,L 26-33,11.20,20.20,20.2,15.7,45,81.8,0,0.0,0,0.0,RB,StevRh00
930,Kenneth Walker III,11.20,49,Sun,8,8,2022-10-30,22-010,SEA,,NYG,W 27-13,11.20,12.20,12.2,11.7,49,76.6,0,0.0,0,0.0,RB,WalkKe00
931,Jaylen Warren,11.20,40,Wed,16,17,2024-12-25,26-054,PIT,,KAN,L 10-29,11.20,16.20,16.2,13.7,40,53.3,0,0.0,6,24.0,RB,WarrJa01
932,Kyren Williams,11.20,41,Sun,2,2,2024-09-15,24-020,LAR,@,ARI,L 10-41,11.20,15.20,15.2,13.2,41,78.8,0,0.0,1,4.0,RB,WillKy02
933,Kyren Williams,11.20,58,Sun,11,12,2024-11-24,24-090,LAR,,PHI,L 20-37,11.20,11.20,12.2,11.2,58,90.6,0,0.0,0,0.0,RB,WillKy02
934,Kyren Williams,11.20,56,Thu,14,15,2024-12-12,24-108,LAR,@,SFO,W 12-6,11.20,13.20,16.2,12.2,56,86.2,0,0.0,0,0.0,RB,WillKy02
935,Jeff Wilson,11.20,46,Sun,11,12,2022-11-27,27-011,MIA,,HOU,W 30-15,11.20,12.20,12.2,11.7,46,60.5,0,0.0,0,0.0,RB,WilsJe01
936,Ameer Abdullah,11.10,31,Sun,5,5,2024-10-06,31-115,LVR,@,DEN,L 18-34,11.10,14.10,14.1,12.6,31,44.3,0,0.0,16,53.3,RB,AbduAm00
937,Saquon Barkley,11.10,50,Sun,7,8,2024-10-27,27-261,PHI,@,CIN,W 37-17,11.10,12.10,15.1,11.6,50,82.0,0,0.0,0,0.0,RB,BarkSa00
938,Tyler Goodson,11.10,30,Sun,7,7,2024-10-20,23-345,IND,,MIA,W 16-10,11.10,11.10,11.1,11.1,30,48.4,0,0.0,8,29.6,RB,GoodTy00
939,Breece Hall,11.10,28,Sun,14,15,2024-12-15,23-198,NYJ,@,JAX,W 32-25,11.10,13.10,13.1,12.1,28,48.3,0,0.0,0,0.0,RB,HallBr03
940,Derrick Henry,11.10,37,Sun,13,13,2024-12-01,30-332,BAL,,PHI,L 19-24,11.10,14.10,14.1,12.6,37,51.4,0,0.0,0,0.0,RB,HenrDe00
941,Chuba Hubbard,11.10,42,Sun,15,16,2023-12-24,24-196,CAR,,GNB,L 30-33,11.10,12.10,12.1,11.6,42,63.6,0,0.0,0,0.0,RB,HubbCh01
942,Raheem Mostert,11.10,23,Sun,12,13,2023-12-03,31-238,MIA,@,WAS,W 45-15,11.10,12.10,12.1,11.6,23,37.7,0,0.0,0,0.0,RB,MostRa00
943,Isiah Pacheco,11.10,43,Sun,2,2,2024-09-15,25-197,KAN,,CIN,W 26-25,11.10,16.10,16.1,13.6,43,66.2,0,0.0,0,0.0,RB,PachIs00
944,Dameon Pierce,11.10,42,Sun,7,8,2022-10-30,22-253,HOU,,TEN,L 10-17,11.10,14.10,14.1,12.6,42,77.8,0,0.0,0,0.0,RB,PierDa01
945,Bijan Robinson,11.10,50,Sun,1,1,2024-09-08,22-222,ATL,,PIT,L 10-18,11.10,16.10,16.1,13.6,50,89.3,0,0.0,0,0.0,RB,RobiBi01
946,Brian Robinson Jr.,11.10,40,Sun,13,13,2022-12-04,23-257,WAS,@,NYG,T 20-20 (OT),11.10,13.10,13.1,12.1,40,47.1,0,0.0,0,0.0,RB,RobiBr01
947,Brian Robinson Jr.,11.10,43,Sun,4,4,2023-10-01,24-193,WAS,@,PHI,L 31-34 (OT),11.10,13.10,13.1,12.1,43,55.1,0,0.0,0,0.0,RB,RobiBr01
948,Devin Singletary,11.10,33,Thu,12,13,2022-12-01,25-089,BUF,@,NWE,W 24-10,11.10,11.10,11.1,11.1,33,44.0,0,0.0,0,0.0,RB,SingDe00
949,Kimani Vidal,11.10,19,Sun,5,6,2024-10-13,23-046,LAC,@,DEN,W 23-16,11.10,13.10,13.1,12.1,19,24.4,0,0.0,3,11.1,RB,VidaKi00
950,Kenneth Walker III,11.10,48,Sun,6,7,2023-10-22,23-002,SEA,,ARI,W 20-10,11.10,13.10,16.1,12.1,48,80.0,0,0.0,0,0.0,RB,WalkKe00
951,Jamaal Williams,11.10,22,Sun,1,1,2024-09-08,29-158,NOR,,CAR,W 47-10,11.10,12.10,12.1,11.6,22,33.3,0,0.0,1,3.3,RB,WillJa06
952,Javonte Williams,11.10,40,Sun,5,5,2024-10-06,24-164,DEN,,LVR,W 34-18,11.10,16.10,16.1,13.6,40,63.5,0,0.0,0,0.0,RB,WillJa10
953,Tyler Allgeier,11.00,29,Sun,7,7,2022-10-23,22-191,ATL,@,CIN,L 17-35,11.00,11.00,11.0,11.0,29,61.7,0,0.0,0,0.0,RB,AllgTy00
954,Ty Chandler,11.00,23,Sun,11,11,2023-11-19,25-191,MIN,@,DEN,L 20-21,11.00,15.00,15.0,13.0,23,31.1,0,0.0,3,11.1,RB,ChanTy01
955,James Conner,11.00,41,Sun,16,17,2023-01-01,27-241,ARI,@,ATL,L 19-20,11.00,14.00,14.0,12.5,41,55.4,0,0.0,0,0.0,RB,ConnJa00
956,Najee Harris,11.00,31,Sun,13,14,2022-12-11,24-277,PIT,,BAL,L 14-16,11.00,13.00,13.0,12.0,31,56.4,0,0.0,0,0.0,RB,HarrNa00
957,Deon Jackson,11.00,30,Sun,17,18,2023-01-08,23-324,IND,,HOU,L 31-32,11.00,17.00,17.0,14.0,30,41.1,0,0.0,6,22.2,RB,JackDe02
958,Josh Jacobs,11.00,51,Sun,14,15,2022-12-18,24-310,LVR,,NWE,W 30-24,11.00,13.00,13.0,12.0,51,75.0,0,0.0,0,0.0,RB,JacoJo01
959,Alvin Kamara,11.00,45,Sun,17,18,2023-01-08,27-167,NOR,,CAR,L 7-10,11.00,12.00,15.0,11.5,45,75.0,0,0.0,0,0.0,RB,KamaAl00
960,Alvin Kamara,11.00,32,Sun,14,15,2023-12-17,28-145,NOR,,NYG,W 24-6,11.00,16.00,16.0,13.5,32,51.6,0,0.0,0,0.0,RB,KamaAl00
961,Raheem Mostert,11.00,49,Sun,1,1,2023-09-10,31-154,MIA,@,LAC,W 36-34,11.00,13.00,13.0,12.0,49,73.1,0,0.0,0,0.0,RB,MostRa00
962,Raheem Mostert,11.00,19,Sun,15,16,2023-12-24,31-259,MIA,,DAL,W 22-20,11.00,12.00,12.0,11.5,19,29.2,0,0.0,0,0.0,RB,MostRa00
963,Tony Pollard,11.00,51,Mon,6,6,2023-10-16,26-169,DAL,@,LAC,W 20-17,11.00,17.00,17.0,14.0,51,79.7,0,0.0,0,0.0,RB,PollTo00
964,Rachaad White,11.00,52,Sun,11,12,2023-11-26,24-318,TAM,@,IND,L 20-27,11.00,13.00,16.0,12.0,52,86.7,0,0.0,0,0.0,RB,WhitRa01
965,Raheem Blackshear,10.90,14,Sun,13,14,2022-12-11,23-189,CAR,@,SEA,W 30-24,10.90,11.90,11.9,11.4,14,19.4,0,0.0,5,17.9,RB,BlacRa00
966,Chase Brown,10.90,55,Sun,15,16,2024-12-22,24-276,CIN,,CLE,W 24-6,10.90,13.90,13.9,12.4,55,98.2,0,0.0,0,0.0,RB,BrowCh10
967,Ezekiel Elliott,10.90,32,Sun,1,1,2024-09-08,29-048,DAL,@,CLE,W 33-17,10.90,12.90,12.9,11.9,32,50.8,0,0.0,0,0.0,RB,ElliEz00
968,Ezekiel Elliott,10.90,23,Sun,6,6,2023-10-15,28-085,NWE,@,LVR,L 17-21,10.90,11.90,11.9,11.4,23,38.3,0,0.0,0,0.0,RB,ElliEz00
969,Jerome Ford,10.90,50,Sun,9,10,2023-11-12,24-061,CLE,@,BAL,W 33-31,10.90,11.90,14.9,11.4,50,64.1,0,0.0,0,0.0,RB,FordJe00
970,Najee Harris,10.90,44,Sun,6,6,2022-10-16,24-221,PIT,,TAM,W 20-18,10.90,12.90,12.9,11.9,44,68.8,0,0.0,0,0.0,RB,HarrNa00
971,Nyheim Hines,10.90,21,Sun,8,8,2022-10-30,25-352,IND,,WAS,L 16-17,10.90,12.90,12.9,11.9,21,36.2,0,0.0,1,3.8,RB,HineNy00
972,Josh Jacobs,10.90,40,Sun,16,17,2024-12-29,26-322,GNB,@,MIN,L 25-27,10.90,10.90,11.9,10.9,40,63.5,0,0.0,0,0.0,RB,JacoJo01
973,Kyle Juszczyk,10.90,32,Sun,17,18,2025-01-05,33-257,SFO,@,ARI,L 24-47,10.90,12.90,12.9,11.9,32,42.1,0,0.0,0,0.0,FB,JuszKy00
974,Alvin Kamara,10.90,43,Sun,10,10,2024-11-10,29-108,NOR,,ATL,W 20-17,10.90,15.90,15.9,13.4,43,81.1,0,0.0,0,0.0,RB,KamaAl00
975,Isiah Pacheco,10.90,27,Sun,16,17,2023-01-01,23-305,KAN,,DEN,W 27-24,10.90,12.90,12.9,11.9,27,45.0,0,0.0,5,17.2,RB,PachIs00
976,La'Mical Perine,10.90,47,Sun,17,18,2024-01-07,25-342,KAN,@,LAC,W 13-12,10.90,13.90,13.9,12.4,47,81.0,0,0.0,15,55.6,RB,PeriLa00
977,Tony Pollard,10.90,41,Sun,7,7,2022-10-23,25-176,DAL,,DET,W 24-6,10.90,12.90,12.9,11.9,41,65.1,0,0.0,0,0.0,RB,PollTo00
978,Jaylen Warren,10.90,23,Sun,14,15,2022-12-18,24-047,PIT,@,CAR,W 24-16,10.90,11.90,11.9,11.4,23,33.8,0,0.0,9,36.0,RB,WarrJa01
979,Rachaad White,10.90,62,Sun,11,12,2022-11-27,23-319,TAM,@,CLE,L 17-23 (OT),10.90,19.90,19.9,15.4,62,89.9,0,0.0,9,29.0,RB,WhitRa01
980,Rachaad White,10.90,33,Mon,12,13,2022-12-05,23-327,TAM,,NOR,W 17-16,10.90,16.90,17.9,13.9,33,41.3,0,0.0,5,18.5,RB,WhitRa01
981,Rachaad White,10.90,56,Thu,7,8,2023-10-26,24-287,TAM,@,BUF,L 18-24,10.90,17.90,17.9,14.4,56,82.4,0,0.0,0,0.0,RB,WhitRa01
982,Corey Clement,10.80,36,Sun,17,18,2023-01-08,28-067,ARI,@,SFO,L 13-38,10.80,13.80,13.8,12.3,36,69.2,0,0.0,0,0.0,RB,ClemCo00
983,Dalvin Cook,10.80,48,Sun,1,1,2022-09-11,27-032,MIN,,GNB,W 23-7,10.80,13.80,13.8,12.3,48,77.4,0,0.0,0,0.0,RB,CookDa01
984,AJ Dillon,10.80,38,Sun,15,16,2022-12-25,24-237,GNB,@,MIA,W 26-20,10.80,12.80,12.8,11.8,38,57.6,0,0.0,0,0.0,RB,DillAJ00
985,Gus Edwards,10.80,31,Sun,16,17,2023-12-31,28-262,BAL,,MIA,W 56-19,10.80,10.80,11.8,10.8,31,54.4,0,0.0,0,0.0,RB,EdwaGu00
986,Audric Estime,10.80,13,Thu,15,16,2024-12-19,21-104,DEN,@,LAC,L 27-34,10.80,10.80,10.8,10.8,13,20.3,0,0.0,7,24.1,RB,EstiAu00
987,Travis Etienne,10.80,29,Sun,6,6,2022-10-16,23-263,JAX,@,IND,L 27-34,10.80,12.80,12.8,11.8,29,46.0,0,0.0,0,0.0,RB,EtieTr00
988,Jahmyr Gibbs,10.80,39,Sun,9,10,2024-11-10,22-235,DET,@,HOU,W 26-23,10.80,12.80,12.8,11.8,39,60.0,0,0.0,0,0.0,RB,GibbJa01
989,Justice Hill,10.80,27,Mon,7,7,2024-10-21,26-342,BAL,@,TAM,W 41-31,10.80,13.80,13.8,12.3,27,45.8,0,0.0,6,20.7,RB,HillJu00
990,Josh Jacobs,10.80,36,Sun,9,9,2024-11-03,26-266,GNB,,DET,L 14-24,10.80,12.80,12.8,11.8,36,55.4,0,0.0,0,0.0,RB,JacoJo01
991,Joe Mixon,10.80,49,Sat,15,16,2022-12-24,26-153,CIN,@,NWE,W 22-18,10.80,17.80,17.8,14.3,49,59.0,0,0.0,0,0.0,RB,MixoJo00
992,Dameon Pierce,10.80,42,Sun,4,4,2023-10-01,23-224,HOU,,PIT,W 30-6,10.80,11.80,11.8,11.3,42,59.2,0,0.0,0,0.0,RB,PierDa01
993,D'Andre Swift,10.80,49,Sun,5,5,2023-10-08,24-267,PHI,@,LAR,W 23-14,10.80,16.80,16.8,13.8,49,62.0,0,0.0,0,0.0,RB,SwifDA00
994,Jonathan Taylor,10.80,43,Sun,1,1,2024-09-08,25-233,IND,,HOU,L 27-29,10.80,10.80,10.8,10.8,43,95.6,0,0.0,0,0.0,RB,TaylJo02
995,Cam Akers,10.70,22,Sun,5,5,2024-10-06,25-106,HOU,,BUF,W 23-20,10.70,12.70,12.7,11.7,22,32.4,0,0.0,0,0.0,RB,AkerCa00
996,Ray Davis,10.70,13,Sun,7,7,2024-10-20,24-344,BUF,,TEN,W 34-10,10.70,11.70,11.7,11.2,13,23.6,0,0.0,0,0.0,RB,DaviRa04
997,Travis Etienne,10.70,51,Sun,14,15,2022-12-18,23-326,JAX,,DAL,W 40-34 (OT),10.70,12.70,16.7,11.7,51,72.9,0,0.0,0,0.0,RB,EtieTr00
998,Jamycal Hasty,10.70,20,Sun,7,7,2024-10-20,28-038,NWE,@,JAX,L 16-32,10.70,15.70,15.7,13.2,20,33.3,0,0.0,7,31.8,RB,HastJa02
999,Darrell Henderson,10.70,35,Sun,2,2,2022-09-18,25-030,LAR,,ATL,W 31-27,10.70,10.70,10.7,10.7,35,55.6,0,0.0,0,0.0,RB,HendDa00
1000,Josh Jacobs,10.70,53,Sun,10,10,2023-11-12,25-274,LVR,,NYJ,W 16-12,10.70,12.70,16.7,11.7,53,82.8,0,0.0,0,0.0,RB,JacoJo01
1001,Christian McCaffrey,10.70,56,Sun,9,10,2024-11-10,28-156,SFO,@,TAM,W 23-20,10.70,16.70,16.7,13.7,56,87.5,0,0.0,0,0.0,RB,McCaCh01
1002,Isiah Pacheco,10.70,26,Sun,10,11,2022-11-20,23-263,KAN,@,LAC,W 30-27,10.70,10.70,13.7,10.7,26,40.0,0,0.0,6,20.7,RB,PachIs00
1003,Brian Robinson Jr.,10.70,24,Sun,14,15,2022-12-18,23-271,WAS,,NYG,L 12-20,10.70,11.70,11.7,11.2,24,38.1,0,0.0,0,0.0,RB,RobiBr01
1004,Brian Robinson Jr.,10.70,44,Sun,9,9,2023-11-05,24-228,WAS,@,NWE,W 20-17,10.70,11.70,12.7,11.2,44,56.4,0,0.0,0,0.0,RB,RobiBr01
1005,Devin Singletary,10.70,63,Sun,6,6,2022-10-16,25-043,BUF,@,KAN,W 24-20,10.70,14.70,14.7,12.7,63,86.3,0,0.0,0,0.0,RB,SingDe00
1006,Kenneth Walker III,10.70,61,Sun,9,9,2024-11-03,24-014,SEA,,LAR,L 20-26 (OT),10.70,13.70,13.7,12.2,61,76.3,0,0.0,0,0.0,RB,WalkKe00
1007,Rachaad White,10.70,41,Sun,8,8,2024-10-27,25-289,TAM,,ATL,L 26-31,10.70,15.70,16.7,13.2,41,56.2,0,0.0,0,0.0,RB,WhitRa01
1008,Rachaad White,10.70,32,Sun,11,12,2024-11-24,25-317,TAM,@,NYG,W 30-7,10.70,11.70,11.7,11.2,32,49.2,0,0.0,0,0.0,RB,WhitRa01
1009,Rico Dowdle,10.60,11,Sun,3,3,2023-09-24,25-102,DAL,@,ARI,L 16-28,10.60,13.60,13.6,12.1,11,13.6,0,0.0,11,44.0,RB,DowdRi01
1010,Kenneth Gainwell,10.60,27,Sun,11,12,2022-11-27,23-258,PHI,,GNB,W 40-33,10.60,11.60,11.6,11.1,27,33.8,0,0.0,5,16.1,RB,GainKe00
1011,Jahmyr Gibbs,10.60,53,Sun,2,2,2024-09-15,22-179,DET,,TAM,L 16-20,10.60,17.60,17.6,14.1,53,61.6,0,0.0,0,0.0,RB,GibbJa01
1012,Damien Harris,10.60,25,Sun,3,3,2022-09-25,25-226,NWE,,BAL,L 26-37,10.60,12.60,12.6,11.6,25,37.9,0,0.0,0,0.0,RB,HarrDa06
1013,Derrick Henry,10.60,37,Thu,1,1,2024-09-05,30-245,BAL,@,KAN,L 20-27,10.60,10.60,10.6,10.6,37,46.3,0,0.0,0,0.0,RB,HenrDe00
1014,Josh Jacobs,10.60,20,Sun,17,18,2025-01-05,26-329,GNB,,CHI,L 22-24,10.60,11.60,11.6,11.1,20,30.8,0,0.0,0,0.0,RB,JacoJo01
1015,Ty Johnson,10.60,18,Mon,3,3,2024-09-23,27-006,BUF,,JAX,W 47-10,10.60,13.60,13.6,12.1,18,28.1,0,0.0,4,16.0,RB,JohnTy02
1016,Alexander Mattison,10.60,37,Sun,5,5,2023-10-08,25-111,MIN,,KAN,L 20-27,10.60,12.60,12.6,11.6,37,51.4,0,0.0,0,0.0,RB,MattAl01
1017,Christian McCaffrey,10.60,38,Mon,10,11,2022-11-21,26-167,SFO,@,ARI,W 38-10,10.60,17.60,17.6,14.1,38,65.5,0,0.0,0,0.0,RB,McCaCh01
1018,Christian McCaffrey,10.60,59,Sun,10,11,2024-11-17,28-163,SFO,,SEA,L 17-20,10.60,14.60,14.6,12.6,59,93.7,0,0.0,0,0.0,RB,McCaCh01
1019,Joe Mixon,10.60,39,Sun,13,14,2022-12-11,26-140,CIN,,CLE,W 23-10,10.60,12.60,12.6,11.6,39,58.2,0,0.0,0,0.0,RB,MixoJo00
1020,Raheem Mostert,10.60,43,Sun,8,8,2023-10-29,31-203,MIA,,NWE,W 31-17,10.60,10.60,10.6,10.6,43,55.8,0,0.0,0,0.0,RB,MostRa00
1021,Tony Pollard,10.60,41,Sun,14,15,2022-12-18,25-232,DAL,@,JAX,L 34-40 (OT),10.60,14.60,14.6,12.6,41,54.7,0,0.0,0,0.0,RB,PollTo00
1022,Rachaad White,10.60,45,Sun,1,1,2024-09-08,25-240,TAM,,WAS,W 37-20,10.60,16.60,16.6,13.6,45,70.3,0,0.0,0,0.0,RB,WhitRa01
1023,Zamir White,10.60,43,Sun,16,17,2023-12-31,24-104,LVR,@,IND,L 20-23,10.60,15.60,15.6,13.1,43,57.3,0,0.0,6,20.0,RB,WhitZa01
1024,Jamaal Williams,10.60,30,Thu,11,12,2022-11-24,27-235,DET,,BUF,L 25-28,10.60,10.60,11.6,10.6,30,42.3,0,0.0,0,0.0,RB,WillJa06
1025,Ty Chandler,10.50,32,Sun,10,10,2023-11-12,25-184,MIN,,NOR,W 27-19,10.50,10.50,10.5,10.5,32,43.8,0,0.0,8,27.6,RB,ChanTy01
1026,Nick Chubb,10.50,29,Mon,12,13,2024-12-02,28-341,CLE,@,DEN,L 32-41,10.50,12.50,12.5,11.5,29,33.7,0,0.0,0,0.0,RB,ChubNi00
1027,James Cook,10.50,32,Thu,12,13,2022-12-01,23-067,BUF,@,NWE,W 24-10,10.50,16.50,16.5,13.5,32,42.7,0,0.0,0,0.0,RB,CookJa01
1028,Ezekiel Elliott,10.50,43,Sun,16,17,2023-12-31,28-162,NWE,@,BUF,L 21-27,10.50,11.50,11.5,11.0,43,81.1,0,0.0,0,0.0,RB,ElliEz00
1029,Derrick Henry,10.50,30,Sun,11,11,2024-11-17,30-318,BAL,@,PIT,L 16-18,10.50,10.50,11.5,10.5,30,49.2,0,0.0,0,0.0,RB,HenrDe00
1030,Alec Ingold,10.50,42,Sun,10,10,2022-11-13,26-127,MIA,,CLE,W 39-17,10.50,14.50,14.5,12.5,42,60.9,0,0.0,4,17.4,FB,IngoAl01
1031,Ronald Jones II,10.50,17,Sat,17,18,2023-01-07,25-157,KAN,@,LVR,W 31-13,10.50,10.50,10.5,10.5,17,28.8,0,0.0,0,0.0,RB,JoneRo01
1032,Alvin Kamara,10.50,52,Thu,7,7,2022-10-20,27-087,NOR,@,ARI,L 34-42,10.50,17.50,17.5,14.0,52,72.2,0,0.0,0,0.0,RB,KamaAl00
1033,Alvin Kamara,10.50,28,Sun,13,14,2023-12-10,28-138,NOR,,CAR,W 28-6,10.50,13.50,13.5,12.0,28,53.8,0,0.0,0,0.0,RB,KamaAl00
1034,Joe Mixon,10.50,47,Sun,9,10,2023-11-12,27-111,CIN,,HOU,L 27-30,10.50,12.50,12.5,11.5,47,73.4,0,0.0,0,0.0,RB,MixoJo00
1035,Tony Pollard,10.50,28,Mon,3,3,2022-09-26,25-149,DAL,@,NYG,W 23-16,10.50,10.50,13.5,10.5,28,43.8,0,0.0,1,3.4,RB,PollTo00
1036,Kenneth Walker III,10.50,40,Sat,15,16,2022-12-24,22-065,SEA,@,KAN,L 10-24,10.50,12.50,15.5,11.5,40,52.6,0,0.0,0,0.0,RB,WalkKe00
1037,Rachaad White,10.50,48,Sun,10,10,2022-11-13,23-305,TAM,,SEA,W 21-16,10.50,10.50,13.5,10.5,48,64.0,0,0.0,4,19.0,RB,WhitRa01
1038,Tyler Allgeier,10.40,24,Sun,4,4,2022-10-02,22-170,ATL,,CLE,W 23-20,10.40,11.40,11.4,10.9,24,43.6,0,0.0,5,19.2,RB,AllgTy00
1039,Royce Freeman,10.40,33,Sun,8,8,2023-10-29,27-247,LAR,@,DAL,L 20-43,10.40,10.40,10.4,10.4,33,53.2,0,0.0,5,16.7,RB,FreeRo00
1040,Josh Jacobs,10.40,49,Fri,1,1,2024-09-06,26-208,GNB,@,PHI,L 29-34,10.40,12.40,12.4,11.4,49,73.1,0,0.0,0,0.0,RB,JacoJo01
1041,Alvin Kamara,10.40,34,Sun,14,15,2022-12-18,27-146,NOR,,ATL,W 21-18,10.40,12.40,12.4,11.4,34,61.8,0,0.0,0,0.0,RB,KamaAl00
1042,Alvin Kamara,10.40,66,Sun,6,6,2023-10-15,28-082,NOR,@,HOU,L 13-20,10.40,17.40,17.4,13.9,66,80.5,0,0.0,0,0.0,RB,KamaAl00
1043,Alexander Mattison,10.40,28,Sun,3,3,2022-09-25,24-098,MIN,,DET,W 28-24,10.40,11.40,11.4,10.9,28,38.9,0,0.0,5,17.9,RB,MattAl01
1044,Alexander Mattison,10.40,47,Sun,1,1,2023-09-10,25-083,MIN,,TAM,L 17-20,10.40,13.40,13.4,11.9,47,73.4,0,0.0,0,0.0,RB,MattAl01
1045,Alexander Mattison,10.40,28,Sun,3,3,2024-09-22,26-095,LVR,,CAR,L 22-36,10.40,13.40,13.4,11.9,28,43.8,0,0.0,0,0.0,RB,MattAl01
1046,Jeremy McNichols,10.40,15,Sun,5,5,2024-10-06,28-285,WAS,,CLE,W 34-13,10.40,10.40,10.4,10.4,15,22.4,0,0.0,21,67.7,RB,McNiJe00
1047,Salvon Ahmed,10.30,14,Sat,14,15,2022-12-17,23-352,MIA,@,BUF,L 29-32,10.30,10.30,10.3,10.3,14,23.7,0,0.0,0,0.0,RB,AhmeSa01
1048,James Cook,10.30,38,Sun,1,1,2024-09-08,24-349,BUF,,ARI,W 34-28,10.30,13.30,13.3,11.8,38,61.3,0,0.0,0,0.0,RB,CookJa01
1049,Antonio Gibson,10.30,16,Sun,2,2,2024-09-15,26-084,NWE,,SEA,L 20-23 (OT),10.30,11.30,11.3,10.8,16,23.5,0,0.0,5,16.1,RB,GibsAn00
1050,Antonio Gibson,10.30,46,Sun,11,11,2022-11-20,24-150,WAS,@,HOU,W 23-10,10.30,13.30,13.3,11.8,46,67.6,0,0.0,3,11.1,RB,GibsAn00
1051,Melvin Gordon,10.30,41,Thu,5,5,2022-10-06,29-176,DEN,,IND,L 9-12 (OT),10.30,13.30,13.3,11.8,41,56.2,0,0.0,0,0.0,RB,GordMe00
1052,Najee Harris,10.30,29,Sun,4,4,2023-10-01,25-206,PIT,@,HOU,L 6-30,10.30,11.30,11.3,10.8,29,49.2,0,0.0,0,0.0,RB,HarrNa00
1053,Khalil Herbert,10.30,17,Sun,1,1,2022-09-11,24-143,CHI,,SFO,W 19-10,10.30,11.30,11.3,10.8,17,29.3,0,0.0,15,62.5,RB,HerbKh00
1054,Chuba Hubbard,10.30,48,Sun,14,15,2023-12-17,24-189,CAR,,ATL,W 9-7,10.30,12.30,12.3,11.3,48,72.7,0,0.0,0,0.0,RB,HubbCh01
1055,Chuba Hubbard,10.30,54,Sun,6,6,2024-10-13,25-124,CAR,,ATL,L 20-38,10.30,15.30,15.3,12.8,54,81.8,0,0.0,0,0.0,RB,HubbCh01
1056,Zonovan Knight,10.30,30,Sun,11,12,2022-11-27,21-230,NYJ,,CHI,W 31-10,10.30,13.30,13.3,11.8,30,47.6,0,0.0,12,48.0,RB,KnigZo00
1057,Tyjae Spears,10.30,45,Sun,16,17,2024-12-29,23-197,TEN,@,JAX,L 13-20,10.30,13.30,13.3,11.8,45,65.2,0,0.0,0,0.0,RB,SpeaTy00
1058,Jonathan Taylor,10.30,59,Sun,13,13,2022-12-04,23-319,IND,@,DAL,L 19-54,10.30,13.30,13.3,11.8,59,81.9,0,0.0,0,0.0,RB,TaylJo02
1059,Jonathan Taylor,10.30,42,Sun,15,16,2023-12-24,24-339,IND,@,ATL,L 10-29,10.30,10.30,10.3,10.3,42,59.2,0,0.0,0,0.0,RB,TaylJo02
1060,Jeff Wilson,10.30,37,Sun,2,2,2022-09-18,26-306,SFO,,SEA,W 27-7,10.30,12.30,12.3,11.3,37,48.7,0,0.0,0,0.0,RB,WilsJe01
1061,Tank Bigsby,10.20,25,Sun,17,18,2025-01-05,23-128,JAX,@,IND,L 23-26 (OT),10.20,11.20,11.2,10.7,25,36.2,0,0.0,0,0.0,RB,BigsTa00
1062,Nick Chubb,10.20,37,Sat,15,16,2022-12-24,26-362,CLE,,NOR,L 10-17,10.20,11.20,11.2,10.7,37,52.9,0,0.0,0,0.0,RB,ChubNi00
1063,Dameon Pierce,10.20,46,Sun,9,10,2022-11-13,22-267,HOU,@,NYG,L 16-24,10.20,12.20,13.2,11.2,46,71.9,0,0.0,0,0.0,RB,PierDa01
1064,Tony Pollard,10.20,44,Sun,2,2,2024-09-15,27-138,TEN,,NYJ,L 17-24,10.20,15.20,15.2,12.7,44,66.7,0,0.0,0,0.0,RB,PollTo00
1065,Rhamondre Stevenson,10.20,46,Sun,10,10,2023-11-12,25-262,NWE,,IND,L 6-10,10.20,13.20,13.2,11.7,46,66.7,0,0.0,0,0.0,RB,StevRh00
1066,Cam Akers,10.10,24,Sun,3,3,2022-09-25,23-095,LAR,@,ARI,W 20-12,10.10,10.10,11.1,10.1,24,50.0,0,0.0,0,0.0,RB,AkerCa00
1067,Zach Charbonnet,10.10,23,Sun,1,1,2024-09-08,23-244,SEA,,DEN,W 26-20,10.10,12.10,12.1,11.1,23,34.3,0,0.0,5,14.7,RB,CharZa00
1068,Zach Charbonnet,10.10,29,Sun,12,13,2024-12-01,23-328,SEA,@,NYJ,W 26-21,10.10,12.10,12.1,11.1,29,45.3,0,0.0,3,12.5,RB,CharZa00
1069,AJ Dillon,10.10,29,Sun,16,17,2023-01-01,24-244,GNB,,MIN,W 41-17,10.10,10.10,10.1,10.1,29,46.0,0,0.0,2,7.1,RB,DillAJ00
1070,Antonio Gibson,10.10,40,Sun,2,2,2022-09-18,24-087,WAS,@,DET,L 27-36,10.10,12.10,12.1,11.1,40,54.1,0,0.0,0,0.0,RB,GibsAn00
1071,Najee Harris,10.10,47,Thu,3,3,2022-09-22,24-197,PIT,@,CLE,L 17-29,10.10,13.10,14.1,11.6,47,79.7,0,0.0,0,0.0,RB,HarrNa00
1072,Khalil Herbert,10.10,48,Sun,4,4,2022-10-02,24-164,CHI,@,NYG,L 12-20,10.10,11.10,11.1,10.6,48,77.4,0,0.0,0,0.0,RB,HerbKh00
1073,Roschon Johnson,10.10,30,Sun,10,11,2024-11-17,23-291,CHI,,GNB,L 19-20,10.10,11.10,11.1,10.6,30,41.7,0,0.0,4,22.2,RB,JohnRo07
1074,Aaron Jones,10.10,44,Sun,9,10,2024-11-10,29-344,MIN,@,JAX,W 12-7,10.10,12.10,12.1,11.1,44,52.4,0,0.0,0,0.0,RB,JoneAa00
1075,Dameon Pierce,10.10,26,Sun,12,13,2023-12-03,23-287,HOU,,DEN,W 22-17,10.10,10.10,10.1,10.1,26,38.2,0,0.0,0,0.0,RB,PierDa01
1076,Devin Singletary,10.10,23,Sun,14,15,2024-12-15,27-103,NYG,,BAL,L 14-35,10.10,13.10,13.1,11.6,23,33.8,0,0.0,0,0.0,RB,SingDe00
1077,Jamaal Williams,10.10,38,Sun,8,9,2022-11-06,27-217,DET,,GNB,W 15-9,10.10,10.10,10.1,10.1,38,61.3,0,0.0,0,0.0,RB,WillJa06
1078,Cam Akers,10.00,34,Mon,14,15,2022-12-19,23-180,LAR,@,GNB,L 12-24,10.00,13.00,13.0,11.5,34,75.6,0,0.0,0,0.0,RB,AkerCa00
1079,Michael Carter,10.00,50,Sun,1,1,2022-09-11,23-127,NYJ,,BAL,L 9-24,10.00,17.00,17.0,13.5,50,59.5,0,0.0,0,0.0,RB,CartMi03
1080,James Cook,10.00,25,Mon,10,10,2023-11-13,24-049,BUF,,DEN,L 22-24,10.00,12.00,16.0,11.0,25,46.3,0,0.0,0,0.0,RB,CookJa01
1081,James Cook,10.00,41,Sun,12,12,2023-11-26,24-062,BUF,@,PHI,L 34-37 (OT),10.00,16.00,16.0,13.0,41,43.2,0,0.0,0,0.0,RB,CookJa01
1082,Rico Dowdle,10.00,26,Sun,17,18,2024-01-07,25-207,DAL,@,WAS,W 38-10,10.00,13.00,13.0,11.5,26,36.1,0,0.0,1,4.5,RB,DowdRi01
1083,Darrynton Evans,10.00,18,Sun,8,8,2023-10-29,25-112,CHI,@,LAC,L 13-30,10.00,13.00,13.0,11.5,18,27.3,0,0.0,8,36.4,RB,EvanDa02
1084,Antonio Gibson,10.00,34,Sun,3,3,2022-09-25,24-094,WAS,,PHI,L 8-24,10.00,11.00,11.0,10.5,34,44.2,0,0.0,1,3.8,RB,GibsAn00
1085,Kareem Hunt,10.00,44,Sun,9,10,2024-11-10,29-096,KAN,,DEN,W 16-14,10.00,17.00,17.0,13.5,44,64.7,0,0.0,0,0.0,RB,HuntKa00
1086,Alexander Mattison,10.00,17,Sun,7,8,2022-10-30,24-133,MIN,,ARI,W 34-26,10.00,10.00,10.0,10.0,17,23.9,0,0.0,0,0.0,RB,MattAl01
1087,David Montgomery,10.00,28,Sun,17,18,2024-01-07,26-214,DET,,MIN,W 30-20,10.00,10.00,10.0,10.0,28,49.1,0,0.0,0,0.0,RB,MontDa01
1088,Jeff Wilson,10.00,30,Sun,15,16,2022-12-25,27-039,MIA,,GNB,L 20-26,10.00,11.00,11.0,10.5,30,60.0,0,0.0,0,0.0,RB,WilsJe01
1089,Rex Burkhead,9.90,18,Sun,4,4,2022-10-02,32-092,HOU,,LAC,L 24-34,9.90,14.90,14.9,12.4,18,31.6,0,0.0,2,6.9,RB,BurkRe00
1090,Nick Chubb,9.90,46,Sat,14,15,2022-12-17,26-355,CLE,,BAL,W 13-3,9.90,9.90,9.9,9.9,46,69.7,0,0.0,0,0.0,RB,ChubNi00
1091,James Cook,9.90,28,Sat,14,15,2022-12-17,23-083,BUF,,MIA,W 32-29,9.90,11.90,11.9,10.9,28,35.9,0,0.0,0,0.0,RB,CookJa01
1092,Clyde Edwards-Helaire,9.90,25,Sun,3,3,2022-09-25,23-167,KAN,@,IND,L 17-20,9.90,14.90,14.9,12.4,25,39.7,0,0.0,0,0.0,RB,EdwaCl00
1093,Gus Edwards,9.90,21,Sat,15,16,2022-12-24,27-255,BAL,,ATL,W 17-9,9.90,9.90,9.9,9.9,21,40.4,0,0.0,0,0.0,RB,EdwaGu00
1094,Travis Etienne,9.90,37,Sun,1,1,2024-09-08,25-226,JAX,@,MIA,L 17-20,9.90,11.90,12.9,10.9,37,69.8,0,0.0,0,0.0,RB,EtieTr00
1095,Jerome Ford,9.90,37,Sun,10,11,2023-11-19,24-068,CLE,,PIT,W 13-10,9.90,11.90,11.9,10.9,37,49.3,0,0.0,0,0.0,RB,FordJe00
1096,Isaac Guerendo,9.90,17,Thu,6,6,2024-10-10,24-104,SFO,@,SEA,W 36-24,9.90,9.90,9.9,9.9,17,26.2,0,0.0,10,33.3,RB,GuerIs00
1097,Isaac Guerendo,9.90,39,Mon,16,17,2024-12-30,24-185,SFO,,DET,L 34-40,9.90,13.90,13.9,11.9,39,60.9,0,0.0,0,0.0,RB,GuerIs00
1098,Najee Harris,9.90,50,Sun,9,10,2022-11-13,24-249,PIT,,NOR,W 20-10,9.90,9.90,9.9,9.9,50,59.5,0,0.0,0,0.0,RB,HarrNa00
1099,Najee Harris,9.90,20,Mon,11,12,2022-11-28,24-264,PIT,@,IND,W 24-17,9.90,10.90,10.9,10.4,20,29.0,0,0.0,0,0.0,RB,HarrNa00
1100,Hassan Haskins,9.90,13,Thu,15,16,2024-12-19,25-023,LAC,,DEN,W 34-27,9.90,11.90,11.9,10.9,13,20.0,0,0.0,18,62.1,RB,HaskHa00
1101,Cordarrelle Patterson,9.90,27,Sun,11,11,2022-11-20,31-248,ATL,,CHI,W 27-24,9.90,11.90,12.9,10.9,27,49.1,0,0.0,5,18.5,RB,PattCo00
1102,Tyjae Spears,9.90,27,Mon,4,4,2024-09-30,23-107,TEN,@,MIA,W 31-12,9.90,11.90,11.9,10.9,27,41.5,0,0.0,0,0.0,RB,SpeaTy00
1103,Rachaad White,9.90,55,Sun,6,7,2023-10-22,24-283,TAM,,ATL,L 13-16,9.90,15.90,15.9,12.9,55,75.3,0,0.0,0,0.0,RB,WhitRa01
1104,Saquon Barkley,9.80,60,Sun,6,6,2023-10-15,26-248,NYG,@,BUF,L 9-14,9.80,13.80,13.8,11.8,60,77.9,0,0.0,0,0.0,RB,BarkSa00
1105,DeeJay Dallas,9.80,27,Sun,16,17,2023-01-01,24-107,SEA,,NYJ,W 23-6,9.80,12.80,12.8,11.3,27,37.5,0,0.0,14,56.0,RB,DallDe00
1106,Ezekiel Elliott,9.80,28,Sun,7,8,2024-10-27,29-097,DAL,@,SFO,L 24-30,9.80,10.80,10.8,10.3,28,45.2,0,0.0,0,0.0,RB,ElliEz00
1107,Leonard Fournette,9.80,22,Sun,10,10,2022-11-13,27-299,TAM,,SEA,W 21-16,9.80,10.80,11.8,11.3,22,29.3,0,0.0,0,0.0,RB,FourLe00
1108,Kenneth Gainwell,9.80,18,Thu,8,9,2022-11-03,23-234,PHI,@,HOU,W 29-17,9.80,12.80,12.8,11.3,18,27.7,0,0.0,2,8.7,RB,GainKe00
1109,Kareem Hunt,9.80,21,Sun,8,9,2023-11-05,28-091,CLE,,ARI,W 27-0,9.80,9.80,9.8,9.8,21,28.8,0,0.0,0,0.0,RB,HuntKa00
1110,Alexander Mattison,9.80,33,Sun,4,4,2023-10-01,25-104,MIN,@,CAR,W 21-13,9.80,10.80,10.8,10.3,33,68.8,0,0.0,0,0.0,RB,MattAl01
1111,Jerick McKinnon,9.80,25,Sat,15,16,2022-12-24,30-235,KAN,,SEA,W 24-10,9.80,12.80,12.8,11.3,25,47.2,0,0.0,8,33.3,RB,McKiJe00
1112,Raheem Mostert,9.80,44,Sun,5,5,2024-10-06,32-180,MIA,@,NWE,W 15-10,9.80,11.80,11.8,10.8,44,56.4,0,0.0,0,0.0,RB,MostRa00
1113,Latavius Murray,9.80,49,Sun,11,12,2022-11-27,32-313,DEN,@,CAR,L 10-23,9.80,10.80,10.8,10.3,49,81.7,0,0.0,0,0.0,RB,MurrLa00
1114,Isiah Pacheco,9.80,45,Thu,6,6,2023-10-12,24-224,KAN,,DEN,W 19-8,9.80,15.80,15.8,12.8,45,63.4,0,0.0,0,0.0,RB,PachIs00
1115,Cordarrelle Patterson,9.80,16,Sun,4,4,2022-10-02,31-199,ATL,,CLE,W 23-20,9.80,9.80,9.8,9.8,16,29.1,0,0.0,0,0.0,RB,PattCo00
1116,Bijan Robinson,9.80,47,Sun,5,5,2023-10-08,21-251,ATL,,HOU,W 21-19,9.80,11.80,12.8,10.8,47,61.0,0,0.0,0,0.0,RB,RobiBi01
1117,Miles Sanders,9.80,39,Sun,12,13,2022-12-04,25-217,PHI,,TEN,W 35-10,9.80,11.80,11.8,10.8,39,53.4,0,0.0,0,0.0,RB,SandMi01
1118,D'Andre Swift,9.80,40,Sun,6,6,2023-10-15,24-274,PHI,@,NYJ,L 14-20,9.80,17.80,18.8,13.8,40,57.1,0,0.0,0,0.0,RB,SwifDA00
1119,Jaylen Warren,9.80,28,Sun,16,17,2023-01-01,24-061,PIT,@,BAL,W 16-13,9.80,12.80,12.8,11.3,28,40.0,0,0.0,9,39.1,RB,WarrJa01
1120,J.K. Dobbins,9.70,30,Sun,1,1,2023-09-10,24-267,BAL,,HOU,W 25-9,9.70,11.70,11.7,10.7,30,46.9,0,0.0,0,0.0,RB,DobbJK00
1121,Austin Ekeler,9.70,33,Sun,5,5,2024-10-06,29-142,WAS,,CLE,W 34-13,9.70,11.70,11.7,10.7,33,49.3,0,0.0,4,12.9,RB,EkelAu00
1122,Ezekiel Elliott,9.70,53,Thu,16,17,2022-12-29,27-160,DAL,@,TEN,W 27-13,9.70,9.70,9.7,9.7,53,66.3,0,0.0,0,0.0,RB,ElliEz00
1123,Keaontay Ingram,9.70,20,Thu,7,7,2022-10-20,22-359,ARI,,NOR,W 42-34,9.70,11.70,11.7,10.7,20,30.3,0,0.0,0,0.0,RB,IngrKe01
1124,Josh Jacobs,9.70,45,Sun,3,3,2022-09-25,24-226,LVR,@,TEN,L 22-24,9.70,14.70,14.7,12.2,45,64.3,0,0.0,0,0.0,RB,JacoJo01
1125,Jerick McKinnon,9.70,30,Sun,13,14,2023-12-10,31-221,KAN,,BUF,L 17-20,9.70,12.70,12.7,11.2,30,45.5,0,0.0,8,33.3,RB,McKiJe00
1126,Brian Robinson Jr.,9.70,45,Mon,3,3,2024-09-23,25-185,WAS,@,CIN,W 38-33,9.70,10.70,10.7,10.2,45,76.3,0,0.0,0,0.0,RB,RobiBr01
1127,Boston Scott,9.70,12,Sun,13,14,2022-12-11,27-228,PHI,@,NYG,W 48-22,9.70,10.70,10.7,10.2,12,17.6,0,0.0,11,35.5,RB,ScotBo02
1128,Jonathan Taylor,9.70,43,Sun,8,8,2023-10-29,24-283,IND,,NOR,L 27-38,9.70,10.70,10.7,10.2,43,60.6,0,0.0,0,0.0,RB,TaylJo02
1129,Cam Akers,9.60,27,Sun,10,11,2024-11-17,25-148,MIN,@,TEN,W 23-13,9.60,11.60,11.6,10.6,27,37.0,0,0.0,4,15.4,RB,AkerCa00
1130,Gus Edwards,9.60,26,Sun,13,14,2024-12-08,29-239,LAC,@,KAN,L 17-19,9.60,9.60,9.6,9.6,26,43.3,0,0.0,0,0.0,RB,EdwaGu00
1131,Austin Ekeler,9.60,34,Thu,11,11,2024-11-14,29-181,WAS,@,PHI,L 18-26,9.60,17.60,17.6,13.6,34,51.5,0,0.0,6,22.2,RB,EkelAu00
1132,Chuba Hubbard,9.60,62,Sun,13,14,2023-12-10,24-182,CAR,@,NOR,L 6-28,9.60,11.60,11.6,10.6,62,77.5,0,0.0,0,0.0,RB,HubbCh01
1133,Deon Jackson,9.60,25,Sat,14,15,2022-12-17,23-302,IND,@,MIN,L 36-39 (OT),9.60,10.60,11.6,10.1,25,31.6,0,0.0,9,20.9,RB,JackDe02
1134,David Montgomery,9.60,32,Sun,8,9,2024-11-03,27-149,DET,@,GNB,W 24-14,9.60,12.60,12.6,11.1,32,56.1,0,0.0,0,0.0,RB,MontDa01
1135,Tony Pollard,9.60,59,Sun,13,14,2023-12-10,26-224,DAL,,PHI,W 33-13,9.60,16.60,16.6,13.1,59,72.0,0,0.0,0,0.0,RB,PollTo00
1136,Rachaad White,9.60,24,Sun,4,4,2022-10-02,23-263,TAM,,KAN,L 31-41,9.60,14.60,15.6,12.1,24,37.5,0,0.0,11,36.7,RB,WhitRa01
1137,Javonte Williams,9.60,31,Sun,7,7,2023-10-22,23-180,DEN,,GNB,W 19-17,9.60,12.60,12.6,11.1,31,52.5,0,0.0,0,0.0,RB,WillJa10
1138,AJ Dillon,9.50,36,Sun,6,7,2023-10-22,25-173,GNB,@,DEN,L 17-19,9.50,11.50,11.5,10.5,36,56.3,0,0.0,6,24.0,RB,DillAJ00
1139,Najee Harris,9.50,49,Sat,15,16,2022-12-24,24-290,PIT,,LVR,W 13-10,9.50,15.50,15.5,12.5,49,72.1,0,0.0,0,0.0,RB,HarrNa00
1140,Dontrell Hilliard,9.50,16,Sun,7,8,2022-10-30,27-246,TEN,@,HOU,W 17-10,9.50,10.50,10.5,10.0,16,27.6,0,0.0,13,48.1,RB,HillDo00
1141,Aaron Jones,9.50,46,Thu,7,8,2024-10-24,29-327,MIN,@,LAR,L 20-30,9.50,11.50,11.5,10.5,46,92.0,0,0.0,0,0.0,RB,JoneAa00
1142,Joe Mixon,9.50,47,Sun,2,2,2023-09-17,27-055,CIN,,BAL,L 24-27,9.50,13.50,13.5,11.5,47,78.3,0,0.0,0,0.0,RB,MixoJo00
1143,Samaje Perine,9.50,24,Mon,8,9,2024-11-04,29-049,KAN,,TAM,W 30-24 (OT),9.50,13.50,13.5,11.5,24,28.2,0,0.0,9,32.1,RB,PeriSa00
1144,Dameon Pierce,9.50,47,Sun,12,13,2022-12-04,22-288,HOU,,CLE,L 14-27,9.50,12.50,12.5,11.0,47,72.3,0,0.0,0,0.0,RB,PierDa01
1145,Rachaad White,9.50,34,Mon,9,9,2024-11-04,25-297,TAM,@,KAN,L 24-30 (OT),9.50,12.50,12.5,11.0,34,61.8,0,0.0,0,0.0,RB,WhitRa01
1146,Jamaal Williams,9.50,23,Sun,12,13,2022-12-04,27-245,DET,,JAX,W 40-14,9.50,9.50,9.5,9.5,23,30.3,0,0.0,0,0.0,RB,WillJa06
1147,Kyren Williams,9.50,76,Sun,8,9,2024-11-03,24-069,LAR,@,SEA,W 26-20 (OT),9.50,10.50,10.5,10.0,76,98.7,0,0.0,0,0.0,RB,WillKy02
1148,Salvon Ahmed,9.40,24,Sun,6,6,2023-10-15,24-289,MIA,,CAR,W 42-21,9.40,12.40,12.4,10.9,24,35.8,0,0.0,6,20.0,RB,AhmeSa01
1149,Chase Brown,9.40,28,Sun,8,8,2024-10-27,24-220,CIN,,PHI,L 17-37,9.40,11.40,11.4,10.4,28,48.3,0,0.0,0,0.0,RB,BrowCh10
1150,Austin Ekeler,9.40,47,Thu,2,2,2022-09-15,27-121,LAC,@,KAN,L 24-27,9.40,18.40,18.4,13.9,47,62.7,0,0.0,0,0.0,RB,EkelAu00
1151,Audric Estime,9.40,18,Sun,17,18,2025-01-05,21-121,DEN,,KAN,W 38-0,9.40,9.40,9.4,9.4,18,24.3,0,0.0,1,4.3,RB,EstiAu00
1152,Joe Mixon,9.40,63,Sun,5,5,2023-10-08,27-076,CIN,@,ARI,W 34-20,9.40,13.40,13.4,11.4,63,76.8,0,0.0,0,0.0,RB,MixoJo00
1153,Rhamondre Stevenson,9.40,56,Sun,13,13,2024-12-01,26-282,NWE,,IND,L 24-25,9.40,12.40,12.4,10.9,56,77.8,0,0.0,0,0.0,RB,StevRh00
1154,Jamaal Williams,9.40,33,Sun,17,18,2024-01-07,28-279,NOR,,ATL,W 48-17,9.40,12.40,12.4,10.9,33,49.3,0,0.0,0,0.0,RB,WillJa06
1155,Cam Akers,9.30,23,Sun,16,17,2024-12-29,25-190,MIN,,GNB,W 27-25,9.30,11.30,11.3,10.3,23,31.9,0,0.0,5,18.5,RB,AkerCa00
1156,J.K. Dobbins,9.30,26,Sun,16,17,2023-01-01,24-015,BAL,,PIT,L 13-16,9.30,9.30,9.3,9.3,26,50.0,0,0.0,0,0.0,RB,DobbJK00
1157,Damien Harris,9.30,15,Sun,10,11,2022-11-20,25-282,NWE,,NYJ,W 10-3,9.30,11.30,11.3,10.3,15,23.8,0,0.0,0,0.0,RB,HarrDa06
1158,Damien Harris,9.30,14,Sun,2,2,2023-09-17,26-218,BUF,,LVR,W 38-10,9.30,9.30,9.3,9.3,14,17.9,0,0.0,7,31.8,RB,HarrDa06
1159,Najee Harris,9.30,45,Sun,10,11,2024-11-17,26-253,PIT,,BAL,W 18-16,9.30,13.30,13.3,11.3,45,57.7,0,0.0,0,0.0,RB,HarrNa00
1160,Hassan Haskins,9.30,27,Sun,17,18,2025-01-05,25-040,LAC,@,LVR,W 34-20,9.30,9.30,9.3,9.3,27,36.0,0,0.0,17,58.6,RB,HaskHa00
1161,Josh Jacobs,9.30,57,Sun,6,6,2023-10-15,25-246,LVR,,NWE,W 21-17,9.30,11.30,11.3,10.3,57,81.4,0,0.0,0,0.0,RB,JacoJo01
1162,Aaron Jones,9.30,54,Sun,15,16,2024-12-22,30-020,MIN,@,SEA,W 27-24,9.30,12.30,12.3,10.8,54,81.8,0,0.0,0,0.0,RB,JoneAa00
1163,Zack Moss,9.30,19,Sat,14,15,2023-12-16,26-001,IND,,PIT,W 30-13,9.30,12.30,12.3,10.8,19,28.4,0,0.0,0,0.0,RB,MossZa00
1164,Raheem Mostert,9.30,55,Sun,10,11,2023-11-19,31-224,MIA,,LVR,W 20-13,9.30,10.30,10.3,9.8,55,78.6,0,0.0,0,0.0,RB,MostRa00
1165,Isiah Pacheco,9.30,29,Sun,13,14,2022-12-11,23-284,KAN,@,DEN,W 34-28,9.30,12.30,12.3,10.8,29,42.6,0,0.0,5,15.6,RB,PachIs00
1166,D'Andre Swift,9.30,33,Sun,7,8,2022-10-30,23-289,DET,,MIA,L 27-31,9.30,14.30,14.3,11.8,33,55.0,0,0.0,0,0.0,RB,SwifDA00
1167,Kenneth Walker III,9.30,41,Sun,11,12,2024-11-24,24-035,SEA,,ARI,W 16-6,9.30,13.30,13.3,11.3,41,64.1,0,0.0,0,0.0,RB,WalkKe00
1168,Rachaad White,9.30,48,Sun,17,18,2024-01-07,24-360,TAM,@,CAR,W 9-0,9.30,13.30,13.3,11.3,48,73.8,0,0.0,0,0.0,RB,WhitRa01
1169,Braelon Allen,9.20,19,Sun,8,8,2024-10-27,20-281,NYJ,@,NWE,L 22-25,9.20,9.20,9.2,9.2,19,30.6,0,0.0,9,34.6,RB,AlleBr05
1170,Nick Chubb,9.20,30,Sun,7,7,2024-10-20,28-298,CLE,,CIN,L 14-21,9.20,10.20,10.2,9.7,30,35.7,0,0.0,0,0.0,RB,ChubNi00
1171,James Cook,9.20,29,Sun,7,7,2024-10-20,25-025,BUF,,TEN,W 34-10,9.20,9.20,9.2,9.2,29,52.7,0,0.0,0,0.0,RB,CookJa01
1172,Isaiah Davis,9.20,12,Sun,12,13,2024-12-01,22-284,NYJ,,SEA,L 21-26,9.20,12.20,12.2,10.7,12,17.6,0,0.0,8,33.3,RB,DaviIs00
1173,Clyde Edwards-Helaire,9.20,17,Sun,7,7,2022-10-23,23-195,KAN,@,SFO,W 44-23,9.20,9.20,9.2,9.2,17,26.6,0,0.0,0,0.0,RB,EdwaCl00
1174,Gus Edwards,9.20,36,Sun,11,12,2022-11-27,27-228,BAL,@,JAX,L 27-28,9.20,9.20,10.2,9.2,36,50.0,0,0.0,0,0.0,RB,EdwaGu00
1175,Ezekiel Elliott,9.20,44,Sun,12,13,2023-12-03,28-134,NWE,,LAC,L 0-6,9.20,13.20,13.2,11.2,44,68.8,0,0.0,0,0.0,RB,ElliEz00
1176,Kenneth Gainwell,9.20,23,Sun,1,1,2022-09-11,23-181,PHI,@,DET,W 38-35,9.20,11.20,11.2,10.2,23,29.9,0,0.0,4,12.9,RB,GainKe00
1177,Antonio Gibson,9.20,27,Sun,15,16,2023-12-24,25-184,WAS,@,NYJ,L 28-30,9.20,10.20,10.2,9.7,27,44.3,0,0.0,0,0.0,RB,GibsAn00
1178,Breece Hall,9.20,40,Sun,3,3,2022-09-25,21-117,NYJ,,CIN,L 12-27,9.20,15.20,15.2,12.2,40,51.3,0,0.0,0,0.0,RB,HallBr03
1179,Najee Harris,9.20,43,Sun,12,13,2022-12-04,24-270,PIT,@,ATL,W 19-16,9.20,10.20,10.2,9.7,43,66.2,0,0.0,0,0.0,RB,HarrNa00
1180,Darrell Henderson,9.20,34,Sun,9,10,2022-11-13,25-086,LAR,,ARI,L 17-27,9.20,10.20,10.2,9.7,34,56.7,0,0.0,0,0.0,RB,HendDa00
1181,Chuba Hubbard,9.20,42,Sun,17,18,2024-01-07,24-210,CAR,,TAM,L 0-9,9.20,11.20,11.2,10.2,42,80.8,0,0.0,0,0.0,RB,HubbCh01
1182,Kareem Hunt,9.20,28,Sun,9,10,2023-11-12,28-098,CLE,@,BAL,W 33-31,9.20,9.20,9.2,9.2,28,35.9,0,0.0,0,0.0,RB,HuntKa00
1183,Kendre Miller,9.20,18,Sun,13,14,2024-12-08,22-180,NOR,@,NYG,W 14-11,9.20,9.20,9.2,9.2,18,26.5,0,0.0,3,10.3,RB,MillKe01
1184,Craig Reynolds,9.20,31,Sun,5,5,2022-10-09,26-116,DET,@,NWE,L 0-29,9.20,12.20,12.2,10.7,31,47.0,0,0.0,12,63.2,RB,ReynCr00
1185,D'Andre Swift,9.20,21,Sun,10,11,2022-11-20,23-310,DET,@,NYG,W 31-18,9.20,12.20,12.2,10.7,21,31.3,0,0.0,0,0.0,RB,SwifDA00
1186,Jaylen Warren,9.20,40,Sat,15,16,2024-12-21,26-050,PIT,@,BAL,L 17-34,9.20,14.20,14.2,11.7,40,66.7,0,0.0,7,25.9,RB,WarrJa01
1187,Salvon Ahmed,9.10,20,Sun,10,11,2023-11-19,24-324,MIA,,LVR,W 20-13,9.10,12.10,12.1,10.6,20,28.6,0,0.0,12,46.2,RB,AhmeSa01
1188,Tank Bigsby,9.10,19,Sun,15,16,2024-12-22,23-114,JAX,@,LVR,L 14-19,9.10,10.10,11.1,9.6,19,28.4,0,0.0,0,0.0,RB,BigsTa00
1189,Chase Brown,9.10,73,Sat,16,17,2024-12-28,24-282,CIN,,DEN,W 30-24 (OT),9.10,13.10,13.1,11.1,73,81.1,0,0.0,0,0.0,RB,BrowCh10
1190,Zach Charbonnet,9.10,42,Sun,17,18,2025-01-05,23-363,SEA,@,LAR,W 30-25,9.10,9.10,9.1,9.1,42,76.4,0,0.0,0,0.0,RB,CharZa00
1191,James Cook,9.10,10,Sun,5,5,2022-10-09,23-014,BUF,,PIT,W 38-3,9.10,9.10,9.1,9.1,10,17.9,0,0.0,0,0.0,RB,CookJa01
1192,Ezekiel Elliott,9.10,21,Sun,7,7,2023-10-22,28-092,NWE,,BUF,W 29-25,9.10,9.10,9.1,9.1,21,35.0,0,0.0,0,0.0,RB,ElliEz00
1193,Jerome Ford,9.10,38,Sun,5,6,2023-10-15,24-033,CLE,,SFO,W 19-17,9.10,11.10,11.1,10.1,38,50.0,0,0.0,0,0.0,RB,FordJe00
1194,Jahmyr Gibbs,9.10,37,Sun,5,6,2024-10-13,22-207,DET,@,DAL,W 47-9,9.10,12.10,12.1,10.6,37,54.4,0,0.0,0,0.0,RB,GibbJa01
1195,Caleb Huntley,9.10,24,Sun,8,8,2022-10-30,24-045,ATL,,CAR,W 37-34 (OT),9.10,9.10,9.1,9.1,24,35.8,0,0.0,0,0.0,RB,HuntCa02
1196,Kareem Hunt,9.10,22,Thu,16,17,2023-12-28,28-144,CLE,,NYJ,W 37-20,9.10,9.10,9.1,9.1,22,36.7,0,0.0,0,0.0,RB,HuntKa00
1197,Deon Jackson,9.10,46,Thu,5,5,2022-10-06,23-230,IND,@,DEN,W 12-9 (OT),9.10,13.10,13.1,11.1,46,58.2,0,0.0,6,19.4,RB,JackDe02
1198,Justin Jackson,9.10,20,Sun,13,14,2022-12-11,26-233,DET,,MIN,W 34-23,9.10,10.10,10.1,9.6,20,28.6,0,0.0,18,62.1,RB,JackJu01
1199,Joshua Kelley,9.10,25,Sun,14,15,2022-12-18,25-028,LAC,,TEN,W 17-14,9.10,10.10,10.1,9.6,25,35.2,0,0.0,10,37.0,RB,KellJo01
1200,Christian McCaffrey,9.10,38,Sun,16,17,2023-12-31,27-207,SFO,@,WAS,W 27-10,9.10,13.10,13.1,11.1,38,54.3,0,0.0,0,0.0,RB,McCaCh01
1201,Latavius Murray,9.10,18,Sun,2,2,2023-09-17,33-242,BUF,,LVR,W 38-10,9.10,11.10,11.1,10.1,18,23.1,0,0.0,0,0.0,RB,MurrLa00
1202,Isiah Pacheco,9.10,48,Mon,10,11,2023-11-20,24-263,KAN,,PHI,L 17-21,9.10,10.10,10.1,9.6,48,60.8,0,0.0,0,0.0,RB,PachIs00
1203,Jonathan Taylor,9.10,54,Sun,3,3,2022-09-25,23-249,IND,,KAN,W 20-17,9.10,12.10,12.1,10.6,54,76.1,0,0.0,0,0.0,RB,TaylJo02
1204,Jonathan Taylor,9.10,52,Sun,14,15,2024-12-15,25-331,IND,@,DEN,L 13-31,9.10,10.10,14.1,9.6,52,68.4,0,0.0,0,0.0,RB,TaylJo02
1205,Jaylen Warren,9.10,27,Sun,6,7,2023-10-22,24-355,PIT,@,LAR,W 24-17,9.10,10.10,10.1,9.6,27,45.8,0,0.0,4,15.4,RB,WarrJa01
1206,Tyler Allgeier,9.00,24,Sun,9,9,2023-11-05,23-204,ATL,,MIN,L 28-31,9.00,11.00,11.0,10.0,24,34.8,0,0.0,0,0.0,RB,AllgTy00
1207,Tank Bigsby,9.00,17,Sun,4,4,2024-09-29,23-030,JAX,@,HOU,L 20-24,9.00,9.00,9.0,9.0,17,29.3,0,0.0,5,17.2,RB,BigsTa00
1208,Jahmyr Gibbs,9.00,29,Sun,17,18,2024-01-07,21-293,DET,,MIN,W 30-20,9.00,9.00,9.0,9.0,29,50.9,0,0.0,0,0.0,RB,GibbJa01
1209,Breece Hall,9.00,53,Sun,15,16,2024-12-22,23-205,NYJ,,LAR,L 9-19,9.00,14.00,14.0,11.5,53,76.8,0,0.0,0,0.0,RB,HallBr03
1210,Kareem Hunt,9.00,28,Sun,13,14,2023-12-10,28-126,CLE,,JAX,W 31-27,9.00,10.00,10.0,9.5,28,36.8,0,0.0,0,0.0,RB,HuntKa00
1211,Josh Jacobs,9.00,46,Sun,6,6,2024-10-13,26-245,GNB,,ARI,W 34-13,9.00,12.00,12.0,10.5,46,63.0,0,0.0,0,0.0,RB,JacoJo01
1212,Kendre Miller,9.00,26,Sun,5,5,2023-10-08,21-119,NOR,@,NWE,W 34-0,9.00,13.00,13.0,11.0,26,36.1,0,0.0,0,0.0,RB,MillKe01
1213,Zack Moss,9.00,53,Sun,4,4,2023-10-01,25-290,IND,,LAR,L 23-29 (OT),9.00,9.00,9.0,9.0,53,82.8,0,0.0,0,0.0,RB,MossZa00
1214,Isiah Pacheco,9.00,26,Sat,15,16,2022-12-24,23-297,KAN,,SEA,W 24-10,9.00,10.00,10.0,9.5,26,49.1,0,0.0,1,4.2,RB,PachIs00
1215,Miles Sanders,9.00,31,Sun,3,3,2024-09-22,27-144,CAR,@,LVR,W 36-22,9.00,11.00,11.0,10.0,31,41.9,0,0.0,1,3.3,RB,SandMi01
1216,Cam Akers,8.90,28,Sun,1,1,2023-09-10,24-080,LAR,@,SEA,W 30-13,8.90,8.90,8.9,8.9,28,34.6,0,0.0,0,0.0,RB,AkerCa00
1217,Cam Akers,8.90,29,Sun,3,3,2024-09-22,25-092,HOU,@,MIN,L 7-34,8.90,9.90,9.9,9.4,29,43.3,0,0.0,0,0.0,RB,AkerCa00
1218,Matt Breida,8.90,15,Sun,10,11,2022-11-20,27-265,NYG,,DET,L 18-31,8.90,9.90,9.9,9.4,15,19.7,0,0.0,6,23.1,RB,BreiMa00
1219,Ty Chandler,8.90,39,Sun,17,18,2024-01-07,25-240,MIN,@,DET,L 20-30,8.90,10.90,10.9,9.9,39,53.4,0,0.0,0,0.0,RB,ChanTy01
1220,Malik Davis,8.90,3,Sun,12,13,2022-12-04,24-008,DAL,,IND,W 54-19,8.90,8.90,8.9,8.9,3,4.4,0,0.0,19,61.3,RB,DaviMa02
1221,Ray Davis,8.90,18,Sun,14,15,2024-12-15,25-034,BUF,@,DET,W 48-42,8.90,10.90,10.9,9.9,18,25.7,0,0.0,11,30.6,RB,DaviRa04
1222,Breece Hall,8.90,46,Sun,8,8,2024-10-27,23-149,NYJ,@,NWE,L 22-25,8.90,9.90,9.9,9.4,46,74.2,0,0.0,0,0.0,RB,HallBr03
1223,Najee Harris,8.90,42,Sun,2,2,2022-09-18,24-193,PIT,,NWE,L 14-17,8.90,13.90,13.9,11.4,42,71.2,0,0.0,0,0.0,RB,HarrNa00
1224,Darrell Henderson,8.90,24,Sun,10,11,2023-11-19,26-092,LAR,,SEA,W 17-16,8.90,12.90,12.9,10.9,24,35.8,0,0.0,0,0.0,RB,HendDa00
1225,Alvin Kamara,8.90,40,Sun,11,11,2022-11-20,27-118,NOR,,LAR,W 27-20,8.90,12.90,12.9,10.9,40,70.2,0,0.0,1,3.2,RB,KamaAl00
1226,Alvin Kamara,8.90,44,Sun,11,11,2024-11-17,29-115,NOR,,CLE,W 35-14,8.90,12.90,12.9,10.9,44,73.3,0,0.0,0,0.0,RB,KamaAl00
1227,Sincere McCormick,8.90,41,Sun,13,14,2024-12-08,24-089,LVR,@,TAM,L 13-28,8.90,10.90,10.9,9.9,41,61.2,0,0.0,0,0.0,RB,McCoSi00
1228,Keaton Mitchell,8.90,33,Sun,12,12,2023-11-26,21-313,BAL,@,LAC,W 20-10,8.90,10.90,10.9,9.9,33,46.5,0,0.0,2,9.5,RB,MitcKe01
1229,Rhamondre Stevenson,8.90,32,Sun,4,4,2022-10-02,24-221,NWE,@,GNB,L 24-27 (OT),8.90,12.90,12.9,10.9,32,55.2,0,0.0,0,0.0,RB,StevRh00
1230,Rhamondre Stevenson,8.90,58,Sun,1,1,2023-09-10,25-199,NWE,,PHI,L 20-25,8.90,14.90,14.9,11.9,58,72.5,0,0.0,0,0.0,RB,StevRh00
1231,Rhamondre Stevenson,8.90,58,Sun,11,11,2024-11-17,26-268,NWE,,LAR,L 22-28,8.90,12.90,12.9,10.9,58,76.3,0,0.0,0,0.0,RB,StevRh00
1232,D'Andre Swift,8.90,46,Mon,14,15,2024-12-16,25-337,CHI,@,MIN,L 12-30,8.90,9.90,9.9,9.4,46,68.7,0,0.0,0,0.0,RB,SwifDA00
1233,Emanuel Wilson,8.90,13,Sun,9,9,2024-11-03,25-179,GNB,,DET,L 14-24,8.90,9.90,9.9,9.4,13,20.0,0,0.0,0,0.0,RB,WilsEm00
1234,Emanuel Wilson,8.90,20,Sun,16,17,2024-12-29,25-235,GNB,@,MIN,L 25-27,8.90,8.90,8.9,8.9,20,31.7,0,0.0,0,0.0,RB,WilsEm00
1235,Saquon Barkley,8.80,61,Sun,2,2,2022-09-18,25-221,NYG,,CAR,W 19-16,8.80,11.80,11.8,10.3,61,83.6,0,0.0,0,0.0,RB,BarkSa00
1236,Brandon Bolden,8.80,16,Sun,1,1,2022-09-11,32-228,LVR,@,LAC,L 19-24,8.80,10.80,10.8,9.8,16,27.6,0,0.0,13,54.2,RB,BoldBr00
1237,James Cook,8.80,15,Sun,17,18,2025-01-05,25-102,BUF,@,NWE,L 16-23,8.80,8.80,8.8,8.8,15,22.4,0,0.0,0,0.0,RB,CookJa01
1238,Rico Dowdle,8.80,41,Sun,16,17,2024-12-29,26-198,DAL,@,PHI,L 7-41,8.80,9.80,13.8,9.3,41,66.1,0,0.0,0,0.0,RB,DowdRi01
1239,Gus Edwards,8.80,28,Sun,10,10,2023-11-12,28-213,BAL,,CLE,L 31-33,8.80,9.80,9.8,9.3,28,51.9,0,0.0,0,0.0,RB,EdwaGu00
1240,Ezekiel Elliott,8.80,23,Sun,10,10,2023-11-12,28-113,NWE,,IND,L 6-10,8.80,10.80,10.8,9.8,23,33.3,0,0.0,0,0.0,RB,ElliEz00
1241,Jordan Mason,8.80,53,Sun,3,3,2024-09-22,25-121,SFO,@,LAR,L 24-27,8.80,10.80,10.8,9.8,53,74.6,0,0.0,0,0.0,RB,MasoJo00
1242,Elijah Mitchell,8.80,25,Sun,9,10,2022-11-13,24-195,SFO,,LAC,W 22-16,8.80,9.80,9.8,9.3,25,35.2,0,0.0,0,0.0,RB,MitcEl00
1243,Keaton Mitchell,8.80,25,Sun,14,15,2023-12-17,21-334,BAL,@,JAX,W 23-7,8.80,10.80,10.8,9.8,25,35.7,0,0.0,3,13.6,RB,MitcKe01
1244,Joe Mixon,8.80,44,Sun,5,5,2022-10-09,26-077,CIN,@,BAL,L 17-19,8.80,11.80,11.8,10.3,44,69.8,0,0.0,0,0.0,RB,MixoJo00
1245,Chris Rodriguez,8.80,18,Sun,16,17,2024-12-29,24-094,WAS,,ATL,W 30-24 (OT),8.80,9.80,9.8,9.3,18,21.7,0,0.0,12,44.4,RB,RodrCh00
1246,Trey Sermon,8.80,29,Sat,14,15,2023-12-16,24-320,IND,,PIT,W 30-13,8.80,8.80,8.8,8.8,29,43.3,0,0.0,0,0.0,RB,SermTr00
1247,Tyjae Spears,8.80,57,Sun,12,13,2023-12-03,22-171,TEN,,IND,L 28-31 (OT),8.80,12.80,12.8,10.8,57,67.1,0,0.0,2,5.4,RB,SpeaTy00
1248,Javonte Williams,8.80,38,Mon,1,1,2022-09-12,22-140,DEN,@,SEA,L 16-17,8.80,19.80,20.8,14.3,38,57.6,0,0.0,0,0.0,RB,WillJa10
1249,Trey Benson,8.70,16,Sun,10,10,2024-11-10,22-112,ARI,,NYJ,W 31-6,8.70,10.70,10.7,9.7,16,27.1,0,0.0,0,0.0,RB,BensTr01
1250,AJ Dillon,8.70,40,Sun,12,13,2023-12-03,25-215,GNB,,KAN,W 27-19,8.70,9.70,9.7,9.2,40,62.5,0,0.0,0,0.0,RB,DillAJ00
1251,Ezekiel Elliott,8.70,27,Sun,3,3,2023-09-24,28-064,NWE,@,NYJ,W 15-10,8.70,9.70,9.7,9.2,27,37.5,0,0.0,1,3.2,RB,ElliEz00
1252,Travis Etienne,8.70,47,Sun,17,18,2024-01-07,24-346,JAX,@,TEN,L 20-28,8.70,13.70,13.7,11.2,47,66.2,0,0.0,0,0.0,RB,EtieTr00
1253,Kareem Hunt,8.70,41,Sun,11,12,2024-11-24,29-110,KAN,@,CAR,W 30-27,8.70,11.70,11.7,10.2,41,55.4,0,0.0,0,0.0,RB,HuntKa00
1254,Josh Jacobs,8.70,41,Sun,8,9,2022-11-06,24-268,LVR,@,JAX,L 20-27,8.70,11.70,11.7,10.2,41,69.5,0,0.0,0,0.0,RB,JacoJo01
1255,Jordan Mason,8.70,15,Sun,6,6,2023-10-15,24-144,SFO,@,CLE,L 17-19,8.70,8.70,8.7,8.7,15,24.2,0,0.0,17,54.8,RB,MasoJo00
1256,Dare Ogunbowale,8.70,46,Sun,5,5,2024-10-06,30-155,HOU,,BUF,W 23-20,8.70,14.70,14.7,11.7,46,67.6,0,0.0,7,22.6,RB,OgunDa00
1257,Brian Robinson Jr.,8.70,36,Sun,16,17,2023-01-01,23-285,WAS,,CLE,L 10-24,8.70,8.70,8.7,8.7,36,52.2,0,0.0,0,0.0,RB,RobiBr01
1258,Brian Robinson Jr.,8.70,58,Sun,14,15,2024-12-15,25-268,WAS,@,NOR,W 20-19,8.70,11.70,11.7,10.2,58,74.4,0,0.0,0,0.0,RB,RobiBr01
1259,Tank Bigsby,8.60,38,Sun,8,8,2024-10-27,23-058,JAX,,GNB,L 27-30,8.60,10.60,10.6,9.6,38,66.7,0,0.0,0,0.0,RB,BigsTa00
1260,Dalvin Cook,8.60,45,Sun,4,4,2022-10-02,27-053,MIN,@,NOR,W 28-25,8.60,10.60,10.6,9.6,45,62.5,0,0.0,0,0.0,RB,CookDa01
1261,James Cook,8.60,16,Sun,10,11,2022-11-20,23-056,BUF,,CLE,W 31-23,8.60,8.60,8.6,8.6,16,24.6,0,0.0,0,0.0,RB,CookJa01
1262,Rico Dowdle,8.60,12,Thu,11,12,2023-11-23,25-162,DAL,,WAS,W 45-10,8.60,9.60,9.6,9.1,12,22.2,0,0.0,1,4.0,RB,DowdRi01
1263,Austin Ekeler,8.60,45,Sat,15,16,2023-12-23,28-220,LAC,,BUF,L 22-24,8.60,11.60,11.6,10.1,45,64.3,0,0.0,0,0.0,RB,EkelAu00
1264,Travis Etienne,8.60,47,Sun,11,12,2023-11-26,24-304,JAX,@,HOU,W 24-21,8.60,12.60,12.6,10.6,47,61.8,0,0.0,0,0.0,RB,EtieTr00
1265,Kevin Harris,8.60,29,Mon,13,14,2022-12-12,22-025,NWE,@,ARI,W 27-13,8.60,8.60,8.6,8.6,29,49.2,0,0.0,0,0.0,RB,HarrKe01
1266,Najee Harris,8.60,37,Sun,1,1,2022-09-11,24-186,PIT,@,CIN,W 23-20 (OT),8.60,10.60,10.6,9.6,37,58.7,0,0.0,0,0.0,RB,HarrNa00
1267,Najee Harris,8.60,40,Sun,3,3,2024-09-22,26-197,PIT,,LAC,W 20-10,8.60,13.60,13.6,11.1,40,58.8,0,0.0,0,0.0,RB,HarrNa00
1268,Roschon Johnson,8.60,22,Sun,4,4,2024-09-29,23-242,CHI,,LAR,W 24-18,8.60,8.60,8.6,8.6,22,36.7,0,0.0,1,3.8,RB,JohnRo07
1269,Kyle Juszczyk,8.60,28,Sun,5,5,2023-10-08,32-168,SFO,,DAL,W 42-10,8.60,12.60,12.6,10.6,28,39.4,0,0.0,0,0.0,FB,JuszKy00
1270,Kyle Juszczyk,8.60,38,Sun,9,10,2023-11-12,32-203,SFO,@,JAX,W 34-3,8.60,10.60,10.6,9.6,38,61.3,0,0.0,0,0.0,FB,JuszKy00
1271,Jordan Mason,8.60,6,Sun,13,14,2023-12-10,24-200,SFO,,SEA,W 28-16,8.60,9.60,9.6,9.1,6,11.1,0,0.0,10,37.0,RB,MasoJo00
1272,Raheem Mostert,8.60,27,Sun,9,9,2022-11-06,30-211,MIA,@,CHI,W 35-32,8.60,8.60,8.6,8.6,27,47.4,0,0.0,6,23.1,RB,MostRa00
1273,Bijan Robinson,8.60,45,Sun,16,17,2023-12-31,21-335,ATL,@,CHI,L 17-37,8.60,11.60,11.6,10.1,45,76.3,0,0.0,0,0.0,RB,RobiBi01
1274,Brian Robinson Jr.,8.60,35,Sun,7,7,2022-10-23,23-215,WAS,,GNB,W 23-21,8.60,10.60,10.6,9.6,35,47.3,0,0.0,0,0.0,RB,RobiBr01
1275,Miles Sanders,8.60,39,Mon,2,2,2022-09-19,25-141,PHI,,MIN,W 24-7,8.60,11.60,11.6,10.1,39,53.4,0,0.0,0,0.0,RB,SandMi01
1276,Devin Singletary,8.60,38,Sun,16,17,2023-12-31,26-119,HOU,,TEN,W 26-3,8.60,11.60,11.6,10.1,38,62.3,0,0.0,0,0.0,RB,SingDe00
1277,D'Andre Swift,8.60,24,Sun,17,18,2023-01-08,23-359,DET,@,GNB,W 20-16,8.60,15.60,15.6,12.1,24,38.7,0,0.0,0,0.0,RB,SwifDA00
1278,Jaylen Warren,8.60,23,Mon,2,2,2023-09-18,24-321,PIT,,CLE,W 26-22,8.60,12.60,12.6,10.6,23,42.6,0,0.0,5,16.1,RB,WarrJa01
1279,Kyren Williams,8.60,42,Sun,10,11,2024-11-17,24-083,LAR,@,NWE,W 28-22,8.60,8.60,8.6,8.6,42,80.8,0,0.0,0,0.0,RB,WillKy02
1280,Jeff Wilson,8.60,41,Sun,3,3,2022-09-25,26-313,SFO,@,DEN,L 10-11,8.60,11.60,12.6,10.1,41,73.2,0,0.0,0,0.0,RB,WilsJe01
1281,Jaylen Wright,8.60,25,Sun,5,5,2024-10-06,21-188,MIA,@,NWE,W 15-10,8.60,8.60,8.6,8.6,25,32.1,0,0.0,0,0.0,RB,WrigJa04
1282,De'Von Achane,8.50,40,Sun,6,7,2024-10-20,23-007,MIA,@,IND,L 10-16,8.50,10.50,10.5,9.5,40,58.0,0,0.0,0,0.0,RB,AchaDe00
1283,Cam Akers,8.50,17,Sun,8,8,2023-10-29,24-129,MIN,@,GNB,W 24-10,8.50,9.50,9.5,9.0,17,23.6,0,0.0,0,0.0,RB,AkerCa00
1284,Brandon Bolden,8.50,2,Thu,14,15,2023-12-14,33-322,LVR,,LAC,W 63-21,8.50,8.50,8.5,8.5,2,3.1,0,0.0,28,75.7,RB,BoldBr00
1285,Mike Boone,8.50,30,Thu,5,5,2022-10-06,27-098,DEN,,IND,L 9-12 (OT),8.50,11.50,11.5,10.0,30,41.1,0,0.0,5,16.1,RB,BoonMi00
1286,Chris Brooks,8.50,22,Mon,15,16,2024-12-23,24-347,GNB,,NOR,W 34-0,8.50,9.50,9.5,9.0,22,31.9,0,0.0,11,52.4,RB,BrooCh00
1287,Austin Ekeler,8.50,31,Sun,2,2,2024-09-15,29-121,WAS,,NYG,W 21-18,8.50,11.50,11.5,10.0,31,43.1,0,0.0,4,19.0,RB,EkelAu00
1288,Travis Etienne,8.50,49,Mon,3,3,2024-09-23,25-241,JAX,@,BUF,L 10-47,8.50,12.50,12.5,10.5,49,69.0,0,0.0,0,0.0,RB,EtieTr00
1289,Travis Etienne,8.50,61,Sun,14,15,2024-12-15,25-324,JAX,,NYJ,L 25-32,8.50,12.50,12.5,10.5,61,72.6,0,0.0,0,0.0,RB,EtieTr00
1290,Jerome Ford,8.50,46,Sun,4,4,2024-09-29,25-017,CLE,@,LVR,L 16-20,8.50,15.50,15.5,12.0,46,78.0,0,0.0,0,0.0,RB,FordJe00
1291,Breece Hall,8.50,44,Thu,9,9,2024-10-31,23-153,NYJ,,HOU,W 21-13,8.50,10.50,10.5,9.5,44,75.9,0,0.0,0,0.0,RB,HallBr03
1292,Kevin Harris,8.50,7,Sun,14,15,2023-12-17,23-030,NWE,,KAN,L 17-27,8.50,8.50,8.5,8.5,7,13.2,0,0.0,0,0.0,RB,HarrKe01
1293,Darrell Henderson,8.50,29,Sun,8,8,2023-10-29,26-071,LAR,@,DAL,L 20-43,8.50,11.50,11.5,10.0,29,46.8,0,0.0,0,0.0,RB,HendDa00
1294,Derrick Henry,8.50,26,Mon,2,2,2022-09-19,28-258,TEN,@,BUF,L 7-41,8.50,8.50,8.5,8.5,26,46.4,0,0.0,0,0.0,RB,HenrDe00
1295,Justice Hill,8.50,39,Sun,5,5,2023-10-08,25-328,BAL,@,PIT,L 10-17,8.50,12.50,13.5,10.5,39,55.7,0,0.0,0,0.0,RB,HillJu00
1296,Kareem Hunt,8.50,28,Sun,4,4,2024-09-29,29-054,KAN,@,LAC,W 17-10,8.50,10.50,10.5,9.5,28,45.2,0,0.0,0,0.0,RB,HuntKa00
1297,Jaleel McLaughlin,8.50,23,Sun,5,5,2024-10-06,24-023,DEN,,LVR,W 34-18,8.50,11.50,11.5,10.0,23,36.5,0,0.0,0,0.0,RB,McLaJa00
1298,David Montgomery,8.50,23,Sun,13,14,2023-12-10,26-186,DET,@,CHI,L 13-28,8.50,11.50,11.5,10.0,23,35.4,0,0.0,0,0.0,RB,MontDa01
1299,Tony Pollard,8.50,31,Sun,14,15,2024-12-15,27-229,TEN,,CIN,L 27-37,8.50,8.50,9.5,8.5,31,44.3,0,0.0,0,0.0,RB,PollTo00
1300,Rhamondre Stevenson,8.50,39,Sun,7,7,2023-10-22,25-241,NWE,,BUF,W 29-25,8.50,14.50,14.5,11.5,39,65.0,0,0.0,0,0.0,RB,StevRh00
1301,Rhamondre Stevenson,8.50,33,Sun,14,15,2024-12-15,26-296,NWE,@,ARI,L 17-30,8.50,9.50,9.5,9.0,33,64.7,0,0.0,0,0.0,RB,StevRh00
1302,Jonathan Taylor,8.50,35,Sun,7,7,2022-10-23,23-277,IND,@,TEN,L 10-19,8.50,15.50,15.5,12.0,35,54.7,0,0.0,0,0.0,RB,TaylJo02
1303,Patrick Taylor,8.50,20,Sun,13,14,2024-12-08,26-223,SFO,,CHI,W 38-13,8.50,8.50,8.5,8.5,20,32.8,0,0.0,17,68.0,RB,TaylPa01
1304,Javonte Williams,8.50,47,Sun,2,2,2022-09-18,22-146,DEN,,HOU,W 16-9,8.50,9.50,9.5,9.0,47,65.3,0,0.0,0,0.0,RB,WillJa10
1305,Cam Akers,8.40,21,Mon,14,15,2024-12-16,25-177,MIN,,CHI,W 30-12,8.40,8.40,8.4,8.4,21,27.3,0,0.0,4,14.8,RB,AkerCa00
1306,Tyler Badie,8.40,9,Sun,17,18,2023-01-08,22-335,DEN,,LAC,W 31-28,8.40,9.40,9.4,8.9,9,13.8,0,0.0,11,35.5,RB,BadiTy00
1307,Zach Charbonnet,8.40,23,Sun,8,8,2024-10-27,23-293,SEA,,BUF,L 10-31,8.40,11.40,11.4,9.9,23,45.1,0,0.0,4,17.4,RB,CharZa00
1308,AJ Dillon,8.40,42,Sun,4,4,2022-10-02,24-153,GNB,,NWE,W 27-24 (OT),8.40,9.40,9.4,8.9,42,57.5,0,0.0,0,0.0,RB,DillAJ00
1309,Jahmyr Gibbs,8.40,32,Thu,12,13,2024-11-28,22-253,DET,,CHI,W 23-20,8.40,10.40,11.4,9.4,32,45.7,0,0.0,0,0.0,RB,GibbJa01
1310,Khalil Herbert,8.40,27,Sun,1,1,2023-09-10,25-142,CHI,,GNB,L 20-38,8.40,11.40,11.4,9.9,27,36.5,0,0.0,0,0.0,RB,HerbKh00
1311,Bucky Irving,8.40,18,Sun,3,3,2024-09-22,22-034,TAM,,DEN,L 7-26,8.40,11.40,11.4,9.9,18,31.6,0,0.0,4,18.2,RB,IrviBu00
1312,Bucky Irving,8.40,31,Sun,8,8,2024-10-27,22-069,TAM,,ATL,L 26-31,8.40,15.40,15.4,11.9,31,42.5,0,0.0,0,0.0,RB,IrviBu00
1313,Alvin Kamara,8.40,49,Sun,4,4,2023-10-01,28-068,NOR,,TAM,L 9-26,8.40,21.40,21.4,14.9,49,75.4,0,0.0,0,0.0,RB,KamaAl00
1314,Jerick McKinnon,8.40,15,Sun,9,9,2023-11-05,31-186,KAN,,MIA,W 21-14,8.40,10.40,10.4,9.4,15,25.0,0,0.0,16,64.0,RB,McKiJe00
1315,Jaleel McLaughlin,8.40,24,Mon,13,13,2024-12-02,24-080,DEN,,CLE,W 41-32,8.40,9.40,9.4,8.9,24,36.4,0,0.0,0,0.0,RB,McLaJa00
1316,Samaje Perine,8.40,29,Sun,13,14,2022-12-11,27-086,CIN,,CLE,W 23-10,8.40,9.40,9.4,8.9,29,43.3,0,0.0,4,16.7,RB,PeriSa00
1317,D'Andre Swift,8.40,42,Sun,11,12,2023-11-26,24-316,PHI,,BUF,W 37-34 (OT),8.40,9.40,9.4,8.9,42,63.6,0,0.0,0,0.0,RB,SwifDA00
1318,Rachaad White,8.40,45,Sun,4,4,2024-09-29,25-261,TAM,,PHI,W 33-16,8.40,10.40,10.4,9.4,45,58.4,0,0.0,0,0.0,RB,WhitRa01
1319,Javonte Williams,8.40,39,Sun,9,9,2024-11-03,24-192,DEN,@,BAL,L 10-41,8.40,10.40,10.4,9.4,39,54.2,0,0.0,0,0.0,RB,WillJa10
1320,Cam Akers,8.30,27,Thu,13,14,2022-12-08,23-169,LAR,,LVR,W 17-16,8.30,9.30,10.3,8.8,27,42.2,0,0.0,0,0.0,RB,AkerCa00
1321,Malcolm Brown,8.30,8,Sun,16,17,2023-01-01,29-231,LAR,@,LAC,L 10-31,8.30,8.30,8.3,8.3,8,16.3,0,0.0,6,24.0,RB,BrowMa03
1322,Ray Davis,8.30,12,Mon,3,3,2024-09-23,24-317,BUF,,JAX,W 47-10,8.30,9.30,9.3,8.8,12,18.8,0,0.0,0,0.0,RB,DaviRa04
1323,Jerome Ford,8.30,35,Sun,15,16,2023-12-24,24-103,CLE,@,HOU,W 36-22,8.30,9.30,9.3,8.8,35,42.7,0,0.0,0,0.0,RB,FordJe00
1324,D'Onta Foreman,8.30,40,Sun,9,9,2023-11-05,27-195,CHI,@,NOR,L 17-24,8.30,8.30,8.3,8.3,40,58.8,0,0.0,0,0.0,RB,ForeDO00
1325,Kenneth Gainwell,8.30,23,Sun,9,9,2023-11-05,24-236,PHI,,DAL,W 28-23,8.30,9.30,9.3,8.8,23,37.1,0,0.0,3,12.5,RB,GainKe00
1326,Breece Hall,8.30,47,Sun,10,10,2024-11-10,23-163,NYJ,@,ARI,L 6-31,8.30,12.30,12.3,10.3,47,81.0,0,0.0,0,0.0,RB,HallBr03
1327,Khalil Herbert,8.30,70,Sat,17,18,2025-01-04,26-258,CIN,@,PIT,W 19-17,8.30,15.30,15.3,11.8,70,94.6,0,0.0,0,0.0,RB,HerbKh00
1328,Dontrell Hilliard,8.30,20,Sun,5,5,2022-10-09,27-225,TEN,@,WAS,W 21-17,8.30,12.30,12.3,10.3,20,31.3,0,0.0,8,28.6,RB,HillDo00
1329,Joe Mixon,8.30,53,Sun,2,2,2022-09-18,26-056,CIN,@,DAL,L 17-20,8.30,11.30,11.3,9.8,53,75.7,0,0.0,0,0.0,RB,MixoJo00
1330,Latavius Murray,8.30,31,Sun,7,7,2022-10-23,32-278,DEN,,NYJ,L 9-16,8.30,10.30,10.3,9.3,31,39.2,0,0.0,0,0.0,RB,MurrLa00
1331,Brian Robinson Jr.,8.30,34,Sun,7,7,2023-10-22,24-214,WAS,@,NYG,L 7-14,8.30,8.30,8.3,8.3,34,49.3,0,0.0,0,0.0,RB,RobiBr01
1332,Devin Singletary,8.30,44,Sun,7,8,2022-10-30,25-057,BUF,,GNB,W 27-17,8.30,9.30,9.3,8.8,44,74.6,0,0.0,0,0.0,RB,SingDe00
1333,Ty Chandler,8.20,19,Sun,2,2,2024-09-15,26-126,MIN,,SFO,W 23-17,8.20,8.20,8.2,8.2,19,35.2,0,0.0,3,13.0,RB,ChanTy01
1334,Austin Ekeler,8.20,45,Sun,12,13,2022-12-04,27-201,LAC,@,LVR,L 20-27,8.20,13.20,14.2,10.7,45,60.0,0,0.0,0,0.0,RB,EkelAu00
1335,Jerome Ford,8.20,43,Sun,13,14,2023-12-10,24-089,CLE,,JAX,W 31-27,8.20,13.20,13.2,10.7,43,56.6,0,0.0,0,0.0,RB,FordJe00
1336,Kenneth Gainwell,8.20,23,Sun,11,12,2024-11-24,25-255,PHI,@,LAR,W 37-20,8.20,8.20,8.2,8.2,23,31.5,0,0.0,10,35.7,RB,GainKe00
1337,Jahmyr Gibbs,8.20,42,Sun,3,3,2023-09-24,21-188,DET,,ATL,W 20-6,8.20,9.20,9.2,8.7,42,60.0,0,0.0,1,3.7,RB,GibbJa01
1338,Derrick Henry,8.20,44,Sun,1,1,2022-09-11,28-250,TEN,,NYG,L 20-21,8.20,8.20,8.2,8.2,44,67.7,0,0.0,0,0.0,RB,HenrDe00
1339,Aaron Jones,8.20,55,Sun,8,9,2024-11-03,29-337,MIN,,IND,W 21-13,8.20,12.20,12.2,10.2,55,75.3,0,0.0,0,0.0,RB,JoneAa00
1340,Jordan Mason,8.20,18,Thu,6,6,2024-10-10,25-139,SFO,@,SEA,W 36-24,8.20,9.20,9.2,8.7,18,27.7,0,0.0,0,0.0,RB,MasoJo00
1341,David Montgomery,8.20,34,Sat,14,15,2023-12-16,26-192,DET,,DEN,W 42-17,8.20,10.20,10.2,9.2,34,51.5,0,0.0,0,0.0,RB,MontDa01
1342,Dameon Pierce,8.20,34,Sun,5,5,2023-10-08,23-231,HOU,@,ATL,L 19-21,8.20,9.20,9.2,8.7,34,58.6,0,0.0,0,0.0,RB,PierDa01
1343,Ronnie Rivers,8.20,52,Sun,17,18,2025-01-05,25-340,LAR,,SEA,L 25-30,8.20,12.20,12.2,10.2,52,78.8,0,0.0,15,55.6,RB,RiveRo01
1344,Rhamondre Stevenson,8.20,49,Sun,10,11,2022-11-20,24-270,NWE,,NYJ,W 10-3,8.20,14.20,14.2,11.2,49,77.8,0,0.0,0,0.0,RB,StevRh00
1345,Rhamondre Stevenson,8.20,33,Sun,17,18,2023-01-08,24-319,NWE,@,BUF,L 23-35,8.20,13.20,13.2,10.7,33,48.5,0,0.0,0,0.0,RB,StevRh00
1346,Pierre Strong,8.20,24,Sun,7,8,2023-10-29,24-323,CLE,@,SEA,L 20-24,8.20,9.20,9.2,8.7,24,30.8,0,0.0,8,30.8,RB,StroPi00
1347,D'Andre Swift,8.20,46,Sun,8,9,2024-11-03,25-294,CHI,@,ARI,L 9-29,8.20,14.20,14.2,11.2,46,62.2,0,0.0,0,0.0,RB,SwifDA00
1348,Braelon Allen,8.10,37,Sun,13,14,2024-12-08,20-323,NYJ,@,MIA,L 26-32 (OT),8.10,12.10,12.1,10.1,37,54.4,0,0.0,0,0.0,RB,AlleBr05
1349,Michael Carter,8.10,57,Sat,16,17,2024-12-28,25-235,ARI,@,LAR,L 9-13,8.10,10.10,10.1,9.1,57,72.2,0,0.0,0,0.0,RB,CartMi03
1350,James Conner,8.10,48,Sun,12,13,2024-12-01,29-210,ARI,@,MIN,L 22-23,8.10,11.10,11.1,9.6,48,58.5,0,0.0,0,0.0,RB,ConnJa00
1351,AJ Dillon,8.10,34,Sun,9,10,2023-11-12,25-194,GNB,@,PIT,L 19-23,8.10,9.10,9.1,8.6,34,50.0,0,0.0,6,20.7,RB,DillAJ00
1352,AJ Dillon,8.10,29,Thu,11,12,2023-11-23,25-205,GNB,@,DET,W 29-22,8.10,11.10,11.1,9.6,29,51.8,0,0.0,1,4.3,RB,DillAJ00
1353,Ezekiel Elliott,8.10,39,Sun,4,4,2022-10-02,27-072,DAL,,WAS,W 25-10,8.10,10.10,10.1,9.1,39,63.9,0,0.0,0,0.0,RB,ElliEz00
1354,Ezekiel Elliott,8.10,53,Sun,17,18,2024-01-07,28-169,NWE,,NYJ,L 3-17,8.10,13.10,13.1,10.6,53,93.0,0,0.0,0,0.0,RB,ElliEz00
1355,Leonard Fournette,8.10,48,Mon,12,13,2022-12-05,27-321,TAM,,NOR,W 17-16,8.10,14.10,14.1,11.1,48,60.0,0,0.0,0,0.0,RB,FourLe00
1356,Najee Harris,8.10,34,Wed,16,17,2024-12-25,26-291,PIT,,KAN,L 10-29,8.10,10.10,10.1,9.1,34,45.3,0,0.0,0,0.0,RB,HarrNa00
1357,Josh Jacobs,8.10,48,Sun,2,2,2022-09-18,24-219,LVR,,ARI,L 23-29 (OT),8.10,9.10,9.1,8.6,48,71.6,0,0.0,0,0.0,RB,JacoJo01
1358,Alexander Mattison,8.10,40,Sun,5,5,2024-10-06,26-109,LVR,@,DEN,L 18-34,8.10,10.10,10.1,9.1,40,57.1,0,0.0,0,0.0,RB,MattAl01
1359,Zack Moss,8.10,53,Sat,14,15,2022-12-17,25-002,IND,@,MIN,L 36-39 (OT),8.10,8.10,8.1,8.1,53,67.1,0,0.0,0,0.0,RB,MossZa00
1360,Raheem Mostert,8.10,46,Thu,4,4,2022-09-29,30-173,MIA,@,CIN,L 15-27,8.10,10.10,10.1,9.1,46,71.9,0,0.0,6,21.4,RB,MostRa00
1361,Latavius Murray,8.10,17,Sun,3,3,2023-09-24,33-249,BUF,@,WAS,W 37-3,8.10,9.10,9.1,8.6,17,25.0,0,0.0,0,0.0,RB,MurrLa00
1362,D'Andre Swift,8.10,40,Thu,16,17,2024-12-26,25-347,CHI,,SEA,L 3-6,8.10,12.10,12.1,10.1,40,65.6,0,0.0,0,0.0,RB,SwifDA00
1363,Kenneth Walker III,8.10,27,Sun,17,18,2024-01-07,23-079,SEA,@,ARI,W 21-20,8.10,9.10,9.1,8.6,27,49.1,0,0.0,0,0.0,RB,WalkKe00
1364,Avery Williams,8.10,17,Sun,5,5,2022-10-09,24-086,ATL,@,TAM,L 15-21,8.10,10.10,10.1,9.1,17,25.8,0,0.0,19,86.4,RB,WillAv02
1365,Tyler Allgeier,8.00,21,Sun,4,4,2024-09-29,24-167,ATL,,NOR,W 26-24,8.00,10.00,10.0,9.0,21,37.5,0,0.0,6,21.4,RB,AllgTy00
1366,Nick Chubb,8.00,32,Sun,12,13,2022-12-04,26-342,CLE,@,HOU,W 27-14,8.00,8.00,8.0,8.0,32,50.8,0,0.0,0,0.0,RB,ChubNi00
1367,Chase Edmonds,8.00,18,Thu,4,4,2022-09-29,26-169,MIA,@,CIN,L 15-27,8.00,10.00,10.0,9.0,18,28.1,0,0.0,0,0.0,RB,EdmoCh00
1368,Najee Harris,8.00,58,Sun,7,7,2022-10-23,24-228,PIT,@,MIA,L 10-16,8.00,11.00,11.0,9.5,58,77.3,0,0.0,0,0.0,RB,HarrNa00
1369,Kareem Hunt,8.00,30,Wed,16,17,2024-12-25,29-141,KAN,@,PIT,W 29-10,8.00,8.00,8.0,8.0,30,48.4,0,0.0,0,0.0,RB,HuntKa00
1370,Josh Jacobs,8.00,59,Sun,3,3,2023-09-24,25-225,LVR,,PIT,L 18-23,8.00,11.00,11.0,9.5,59,81.9,0,0.0,0,0.0,RB,JacoJo01
1371,Aaron Jones,8.00,46,Sun,5,5,2022-10-09,27-311,GNB,,NYG,L 22-27,8.00,10.00,10.0,9.0,46,73.0,0,0.0,0,0.0,RB,JoneAa00
1372,Aaron Jones,8.00,40,Thu,11,11,2022-11-17,27-350,GNB,,TEN,L 17-27,8.00,14.00,14.0,11.0,40,65.6,0,0.0,0,0.0,RB,JoneAa00
1373,Alvin Kamara,8.00,40,Sun,16,17,2023-01-01,27-160,NOR,@,PHI,W 20-10,8.00,9.00,9.0,8.5,40,58.0,0,0.0,0,0.0,RB,KamaAl00
1374,David Montgomery,8.00,56,Thu,6,6,2022-10-13,25-128,CHI,,WAS,L 7-12,8.00,9.00,9.0,8.5,56,77.8,0,0.0,0,0.0,RB,MontDa01
1375,Dare Ogunbowale,8.00,18,Sun,11,12,2022-11-27,28-207,HOU,@,MIA,L 15-30,8.00,9.00,9.0,8.5,18,29.5,0,0.0,22,73.3,RB,OgunDa00
1376,Tony Pollard,8.00,39,Sat,15,16,2022-12-24,25-238,DAL,,PHI,W 40-34,8.00,14.00,14.0,11.0,39,53.4,0,0.0,0,0.0,RB,PollTo00
1377,Bijan Robinson,8.00,64,Sun,6,6,2023-10-15,21-258,ATL,,WAS,L 16-24,8.00,13.00,13.0,10.5,64,77.1,0,0.0,0,0.0,RB,RobiBi01
1378,Devin Singletary,8.00,60,Thu,11,12,2022-11-24,25-082,BUF,@,DET,W 28-25,8.00,9.00,9.0,8.5,60,77.9,0,0.0,0,0.0,RB,SingDe00
1379,Javonte Williams,8.00,35,Sun,4,4,2024-09-29,24-157,DEN,@,NYJ,W 10-9,8.00,10.00,10.0,9.0,35,57.4,0,0.0,0,0.0,RB,WillJa10
1380,Michael Burton,7.90,10,Thu,15,16,2024-12-19,32-322,DEN,@,LAC,L 27-34,7.90,10.90,10.9,9.4,10,15.6,0,0.0,20,69.0,FB,BurtMi00
1381,Emari Demercado,7.90,42,Sun,8,8,2023-10-29,24-282,ARI,,BAL,L 24-31,7.90,8.90,8.9,8.4,42,54.5,0,0.0,0,0.0,RB,DemeEm00
1382,Jerome Ford,7.90,51,Sun,11,12,2023-11-26,24-075,CLE,@,DEN,L 12-29,7.90,11.90,11.9,9.9,51,69.9,0,0.0,0,0.0,RB,FordJe00
1383,Kenneth Gainwell,7.90,30,Mon,15,16,2023-12-25,24-286,PHI,,NYG,W 33-25,7.90,10.90,10.9,9.4,30,40.0,0,0.0,12,41.4,RB,GainKe00
1384,Antonio Gibson,7.90,22,Sun,4,4,2024-09-29,26-098,NWE,@,SFO,L 13-30,7.90,10.90,10.9,9.4,22,34.4,0,0.0,6,23.1,RB,GibsAn00
1385,Tyler Goodson,7.90,19,Sat,14,15,2023-12-16,23-036,IND,,PIT,W 30-13,7.90,9.90,9.9,8.9,19,28.4,0,0.0,0,0.0,RB,GoodTy00
1386,Najee Harris,7.90,38,Sun,1,1,2024-09-08,26-183,PIT,@,ATL,W 18-10,7.90,8.90,8.9,8.4,38,55.9,0,0.0,0,0.0,RB,HarrNa00
1387,Alvin Kamara,7.90,49,Sun,13,14,2024-12-08,29-136,NOR,@,NYG,W 14-11,7.90,12.90,12.9,10.4,49,72.1,0,0.0,0,0.0,RB,KamaAl00
1388,Raheem Mostert,7.90,39,Sun,2,2,2022-09-18,30-162,MIA,@,BAL,W 42-38,7.90,10.90,10.9,9.4,39,54.9,0,0.0,7,23.3,RB,MostRa00
1389,Cordarrelle Patterson,7.90,19,Sun,17,18,2023-01-08,31-297,ATL,,TAM,W 30-17,7.90,9.90,9.9,8.9,19,27.9,0,0.0,4,14.3,RB,PattCo00
1390,Bijan Robinson,7.90,51,Sun,12,13,2023-12-03,21-307,ATL,@,NYJ,W 13-8,7.90,10.90,10.9,9.4,51,75.0,0,0.0,0,0.0,RB,RobiBi01
1391,Brian Robinson Jr.,7.90,35,Sun,8,8,2023-10-29,24-221,WAS,,PHI,L 31-38,7.90,9.90,9.9,8.9,35,48.6,0,0.0,0,0.0,RB,RobiBr01
1392,Kenneth Walker III,7.90,48,Thu,14,15,2022-12-15,22-056,SEA,,SFO,L 13-21,7.90,11.90,11.9,9.9,48,75.0,0,0.0,0,0.0,RB,WalkKe00
1393,Jaylen Warren,7.90,32,Sun,5,5,2023-10-08,24-341,PIT,,BAL,W 17-10,7.90,10.90,10.9,9.4,32,48.5,0,0.0,4,16.0,RB,WarrJa01
1394,Javonte Williams,7.90,27,Sun,15,16,2023-12-24,23-243,DEN,,NWE,L 23-26,7.90,10.90,11.9,9.4,27,39.1,0,0.0,0,0.0,RB,WillJa10
1395,Devin Singletary,7.84,25,Sun,4,4,2023-10-01,26-028,HOU,,PIT,W 30-6,7.84,8.84,8.8,8.3,25,35.2,0,0.0,3,12.0,RB,SingDe00
1396,Tyler Allgeier,7.80,14,Sun,9,9,2024-11-03,24-202,ATL,,DAL,W 27-21,7.80,7.80,7.8,7.8,14,24.6,0,0.0,19,73.1,RB,AllgTy00
1397,Saquon Barkley,7.80,35,Sun,9,10,2024-11-10,27-275,PHI,@,DAL,W 34-6,7.80,8.80,8.8,8.3,35,51.5,0,0.0,0,0.0,RB,BarkSa00
1398,Matt Breida,7.80,41,Thu,3,3,2023-09-21,28-205,NYG,@,SFO,L 12-30,7.80,10.80,10.8,9.3,41,82.0,0,0.0,0,0.0,RB,BreiMa00
1399,Matt Breida,7.80,55,Mon,4,4,2023-10-02,28-216,NYG,,SEA,L 3-24,7.80,12.80,12.8,10.3,55,73.3,0,0.0,3,13.0,RB,BreiMa00
1400,AJ Dillon,7.80,36,Mon,13,14,2023-12-11,25-223,GNB,@,NYG,L 22-24,7.80,9.80,9.8,8.8,36,52.9,0,0.0,0,0.0,RB,DillAJ00
1401,Rico Dowdle,7.80,40,Sun,11,12,2024-11-24,26-163,DAL,@,WAS,W 34-26,7.80,10.80,11.8,9.3,40,60.6,0,0.0,0,0.0,RB,DowdRi01
1402,Ezekiel Elliott,7.80,36,Sun,5,5,2022-10-09,27-079,DAL,@,LAR,W 22-10,7.80,7.80,7.8,7.8,36,65.5,0,0.0,0,0.0,RB,ElliEz00
1403,Dontrell Hilliard,7.80,12,Thu,10,11,2022-11-17,27-264,TEN,@,GNB,W 27-17,7.80,8.80,8.8,8.3,12,18.2,0,0.0,11,50.0,RB,HillDo00
1404,Mark Ingram,7.80,23,Sun,3,3,2022-09-25,32-278,NOR,@,CAR,L 14-22,7.80,7.80,7.8,7.8,23,33.3,0,0.0,0,0.0,RB,IngrMa01
1405,Josh Jacobs,7.80,46,Sun,4,4,2024-09-29,26-231,GNB,,MIN,L 29-31,7.80,11.80,11.8,9.8,46,60.5,0,0.0,0,0.0,RB,JacoJo01
1406,Jordan Mason,7.80,41,Sun,5,5,2024-10-06,25-135,SFO,,ARI,L 23-24,7.80,8.80,9.8,8.3,41,64.1,0,0.0,0,0.0,RB,MasoJo00
1407,Jordan Mason,7.80,25,Sun,12,13,2024-12-01,25-191,SFO,@,BUF,L 10-35,7.80,7.80,7.8,7.8,25,52.1,0,0.0,8,32.0,RB,MasoJo00
1408,Alexander Mattison,7.80,27,Sun,4,4,2022-10-02,24-105,MIN,@,NOR,W 28-25,7.80,8.80,8.8,8.3,27,37.5,0,0.0,0,0.0,RB,MattAl01
1409,Alexander Mattison,7.80,17,Sun,12,13,2022-12-04,24-168,MIN,,NYJ,W 27-22,7.80,9.80,9.8,8.8,17,25.0,0,0.0,7,21.9,RB,MattAl01
1410,Jaret Patterson,7.80,33,Sun,17,18,2023-01-08,23-016,WAS,,DAL,W 26-6,7.80,7.80,7.8,7.8,33,50.0,0,0.0,2,5.9,RB,PattJa01
1411,Samaje Perine,7.80,29,Sun,1,1,2023-09-10,27-359,DEN,,LVR,L 16-17,7.80,11.80,11.8,9.8,29,45.3,0,0.0,7,36.8,RB,PeriSa00
1412,Miles Sanders,7.80,44,Sun,1,1,2023-09-10,26-132,CAR,@,ATL,L 10-24,7.80,11.80,12.8,9.8,44,57.1,0,0.0,0,0.0,RB,SandMi01
1413,Rhamondre Stevenson,7.80,53,Thu,12,13,2022-12-01,24-281,NWE,,BUF,L 10-24,7.80,13.80,13.8,10.8,53,98.1,0,0.0,0,0.0,RB,StevRh00
1414,Pierre Strong,7.80,30,Sun,6,6,2024-10-13,25-308,CLE,@,PHI,L 16-20,7.80,9.80,9.8,8.8,30,52.6,0,0.0,0,0.0,RB,StroPi00
1415,Rachaad White,7.80,50,Sun,4,4,2023-10-01,24-262,TAM,@,NOR,W 26-9,7.80,10.80,10.8,9.3,50,70.4,0,0.0,0,0.0,RB,WhitRa01
1416,Rachaad White,7.80,42,Sun,12,13,2024-12-01,25-324,TAM,@,CAR,W 26-23 (OT),7.80,8.80,8.8,8.3,42,52.5,0,0.0,0,0.0,RB,WhitRa01
1417,Javonte Williams,7.80,23,Sun,17,18,2025-01-05,24-255,DEN,,KAN,W 38-0,7.80,10.80,10.8,9.3,23,31.1,0,0.0,0,0.0,RB,WillJa10
1418,Ameer Abdullah,7.70,22,Sun,10,11,2024-11-17,31-157,LVR,@,MIA,L 19-34,7.70,10.70,10.7,9.2,22,33.8,0,0.0,12,52.2,RB,AbduAm00
1419,Ty Chandler,7.70,36,Sun,15,16,2023-12-24,25-226,MIN,,DET,L 24-30,7.70,7.70,7.7,7.7,36,65.5,0,0.0,0,0.0,RB,ChanTy01
1420,James Conner,7.70,50,Sun,4,4,2022-10-02,27-150,ARI,@,CAR,W 26-16,7.70,10.70,10.7,9.2,50,65.8,0,0.0,0,0.0,RB,ConnJa00
1421,Snoop Conner,7.70,11,Sun,16,17,2023-01-01,23-016,JAX,@,HOU,W 31-3,7.70,7.70,7.7,7.7,11,17.5,0,0.0,0,0.0,RB,ConnSn00
1422,Dalvin Cook,7.70,57,Sat,15,16,2022-12-24,27-136,MIN,,NYG,W 27-24,7.70,10.70,10.7,9.2,57,79.2,0,0.0,0,0.0,RB,CookDa01
1423,Jerome Ford,7.70,47,Sun,8,9,2023-11-05,24-054,CLE,,ARI,W 27-0,7.70,12.70,12.7,10.2,47,64.4,0,0.0,0,0.0,RB,FordJe00
1424,Kenneth Gainwell,7.70,22,Sun,4,4,2022-10-02,23-202,PHI,,JAX,W 29-21,7.70,8.70,8.7,8.2,22,26.8,0,0.0,0,0.0,RB,GainKe00
1425,Reggie Gilliam,7.70,18,Mon,2,2,2022-09-19,25-030,BUF,,TEN,W 41-7,7.70,9.70,9.7,8.7,18,26.5,0,0.0,25,92.6,FB,GillRe00
1426,Najee Harris,7.70,36,Sun,12,13,2023-12-03,25-269,PIT,,ARI,L 10-24,7.70,9.70,9.7,8.7,36,59.0,0,0.0,0,0.0,RB,HarrNa00
1427,Najee Harris,7.70,43,Sun,5,5,2024-10-06,26-211,PIT,,DAL,L 17-20,7.70,9.70,9.7,8.7,43,74.1,0,0.0,0,0.0,RB,HarrNa00
1428,Justin Jackson,7.70,25,Sun,10,11,2022-11-20,26-212,DET,@,NYG,W 31-18,7.70,8.70,8.7,8.2,25,37.3,0,0.0,14,53.8,RB,JackJu01
1429,Aaron Jones,7.70,37,Sun,16,17,2024-12-29,30-027,MIN,,GNB,W 27-25,7.70,11.70,11.7,9.7,37,51.4,0,0.0,0,0.0,RB,JoneAa00
1430,Isiah Pacheco,7.70,27,Sun,14,15,2022-12-18,23-291,KAN,@,HOU,W 30-24 (OT),7.70,8.70,9.7,8.2,27,35.1,0,0.0,6,21.4,RB,PachIs00
1431,Dameon Pierce,7.70,39,Sun,2,2,2022-09-18,22-211,HOU,@,DEN,L 9-16,7.70,8.70,8.7,8.2,39,61.9,0,0.0,0,0.0,RB,PierDa01
1432,Bijan Robinson,7.70,58,Thu,5,5,2024-10-03,22-247,ATL,,TAM,W 36-30 (OT),7.70,10.70,10.7,9.2,58,66.7,0,0.0,0,0.0,RB,RobiBi01
1433,Rhamondre Stevenson,7.70,45,Sun,10,10,2024-11-10,26-261,NWE,@,CHI,W 19-3,7.70,8.70,8.7,8.2,45,70.3,0,0.0,0,0.0,RB,StevRh00
1434,Jaylen Warren,7.70,36,Sun,9,10,2022-11-13,24-012,PIT,,NOR,W 20-10,7.70,10.70,10.7,9.2,36,42.9,0,0.0,8,33.3,RB,WarrJa01
1435,De'Von Achane,7.60,45,Sun,14,15,2024-12-15,23-063,MIA,@,HOU,L 12-20,7.60,14.60,14.6,11.1,45,66.2,0,0.0,0,0.0,RB,AchaDe00
1436,Zach Charbonnet,7.60,39,Thu,16,17,2024-12-26,23-353,SEA,@,CHI,W 6-3,7.60,10.60,10.6,9.1,39,75.0,0,0.0,0,0.0,RB,CharZa00
1437,Dalvin Cook,7.60,55,Sun,13,14,2022-12-11,27-123,MIN,@,DET,L 23-34,7.60,8.60,9.6,8.1,55,84.6,0,0.0,0,0.0,RB,CookDa01
1438,James Cook,7.60,15,Sun,7,8,2022-10-30,23-035,BUF,,GNB,W 27-17,7.60,8.60,8.6,8.1,15,25.4,0,0.0,0,0.0,RB,CookJa01
1439,Kenneth Gainwell,7.60,23,Sun,7,7,2023-10-22,24-222,PHI,,MIA,W 31-17,7.60,7.60,7.6,7.6,23,31.9,0,0.0,0,0.0,RB,GainKe00
1440,Antonio Gibson,7.60,20,Sun,6,6,2023-10-15,25-114,WAS,@,ATL,W 24-16,7.60,8.60,8.6,8.1,20,39.2,0,0.0,4,16.7,RB,GibsAn00
1441,Antonio Gibson,7.60,34,Sun,9,9,2023-11-05,25-135,WAS,@,NWE,W 20-17,7.60,12.60,12.6,10.1,34,43.6,0,0.0,4,14.3,RB,GibsAn00
1442,Isaac Guerendo,7.60,11,Sun,12,13,2024-12-01,24-156,SFO,@,BUF,L 10-35,7.60,8.60,8.6,8.1,11,22.9,0,0.0,7,28.0,RB,GuerIs00
1443,Khalil Herbert,7.60,42,Thu,5,5,2023-10-05,25-167,CHI,@,WAS,W 40-20,7.60,7.60,7.6,7.6,42,65.6,0,0.0,0,0.0,RB,HerbKh00
1444,Chuba Hubbard,7.60,28,Sun,2,2,2024-09-15,25-096,CAR,,LAC,L 3-26,7.60,11.60,11.6,9.6,28,58.3,0,0.0,0,0.0,RB,HubbCh01
1445,Kareem Hunt,7.60,31,Sun,15,16,2023-12-24,28-140,CLE,@,HOU,W 36-22,7.60,9.60,9.6,8.6,31,37.8,0,0.0,0,0.0,RB,HuntKa00
1446,Bucky Irving,7.60,20,Sun,1,1,2024-09-08,22-020,TAM,,WAS,W 37-20,7.60,9.60,9.6,8.6,20,31.3,0,0.0,4,14.8,RB,IrviBu00
1447,Aaron Jones,7.60,37,Sun,1,1,2022-09-11,27-283,GNB,@,MIN,L 7-23,7.60,10.60,10.6,9.1,37,60.7,0,0.0,0,0.0,RB,JoneAa00
1448,Kyle Juszczyk,7.60,42,Thu,6,6,2024-10-10,33-170,SFO,@,SEA,W 36-24,7.60,10.60,10.6,9.1,42,64.6,0,0.0,0,0.0,FB,JuszKy00
1449,Jerick McKinnon,7.60,27,Thu,2,2,2022-09-15,30-135,KAN,,LAC,W 27-24,7.60,9.60,9.6,8.6,27,47.4,0,0.0,6,18.8,RB,McKiJe00
1450,Jaleel McLaughlin,7.60,14,Sat,16,17,2024-12-28,24-106,DEN,@,CIN,L 24-30 (OT),7.60,9.60,9.6,8.6,14,23.3,0,0.0,0,0.0,RB,McLaJa00
1451,Joe Mixon,7.60,42,Sun,4,4,2023-10-01,27-069,CIN,@,TEN,L 3-27,7.60,8.60,8.6,8.1,42,79.2,0,0.0,0,0.0,RB,MixoJo00
1452,Dameon Pierce,7.60,11,Sun,15,16,2023-12-24,23-308,HOU,,CLE,L 22-36,7.60,8.60,8.6,8.1,11,14.7,0,0.0,6,25.0,RB,PierDa01
1453,Brian Robinson Jr.,7.60,25,Sun,16,17,2023-12-31,24-284,WAS,,SFO,L 10-27,7.60,11.60,11.6,9.6,25,54.3,0,0.0,0,0.0,RB,RobiBr01
1454,Brian Robinson Jr.,7.60,35,Sun,8,8,2024-10-27,25-219,WAS,,CHI,W 18-15,7.60,8.60,8.6,8.1,35,47.3,0,0.0,0,0.0,RB,RobiBr01
1455,Trey Sermon,7.60,5,Sun,3,3,2024-09-22,25-236,IND,,CHI,W 21-16,7.60,7.60,7.6,7.6,5,8.9,0,0.0,0,0.0,RB,SermTr00
1456,Devin Singletary,7.60,56,Sun,4,4,2022-10-02,25-029,BUF,@,BAL,W 23-20,7.60,11.60,12.6,9.6,56,87.5,0,0.0,0,0.0,RB,SingDe00
1457,Kenneth Walker III,7.60,39,Sun,5,5,2024-10-06,23-352,SEA,,NYG,L 20-29,7.60,14.60,14.6,11.1,39,67.2,0,0.0,0,0.0,RB,WalkKe00
1458,Jeff Wilson,7.60,46,Sun,16,17,2023-01-01,27-046,MIA,@,NWE,L 21-23,7.60,10.60,10.6,9.1,46,64.8,0,0.0,0,0.0,RB,WilsJe01
1459,Raheem Blackshear,7.50,6,Sat,15,16,2022-12-24,23-202,CAR,,DET,W 37-23,7.50,8.50,8.5,8.0,6,8.8,0,0.0,10,34.5,RB,BlacRa00
1460,Emari Demercado,7.50,53,Sun,7,7,2023-10-22,24-275,ARI,@,SEA,L 10-20,7.50,11.50,11.5,9.5,53,80.3,0,0.0,1,4.2,RB,DemeEm00
1461,J.K. Dobbins,7.50,49,Sun,17,18,2025-01-05,26-019,LAC,@,LVR,W 34-20,7.50,10.50,10.5,9.0,49,65.3,0,0.0,0,0.0,RB,DobbJK00
1462,Travis Etienne,7.50,33,Sun,3,3,2022-09-25,23-242,JAX,@,LAC,W 38-10,7.50,10.50,10.5,9.0,33,43.4,0,0.0,0,0.0,RB,EtieTr00
1463,Travis Etienne,7.50,28,Sun,16,17,2024-12-29,25-338,JAX,,TEN,W 20-13,7.50,8.50,8.5,8.0,28,48.3,0,0.0,0,0.0,RB,EtieTr00
1464,D'Onta Foreman,7.50,34,Sun,13,14,2022-12-11,26-231,CAR,@,SEA,W 30-24,7.50,8.50,8.5,8.0,34,47.2,0,0.0,0,0.0,RB,ForeDO00
1465,Isaac Guerendo,7.50,41,Thu,14,15,2024-12-12,24-167,SFO,,LAR,L 6-12,7.50,11.50,11.5,9.5,41,75.9,0,0.0,0,0.0,RB,GuerIs00
1466,Breece Hall,7.50,46,Sun,9,10,2023-11-12,22-165,NYJ,@,LVR,L 12-16,7.50,10.50,10.5,9.0,46,69.7,0,0.0,0,0.0,RB,HallBr03
1467,Roschon Johnson,7.50,52,Mon,12,12,2023-11-27,22-300,CHI,@,MIN,W 12-10,7.50,12.50,12.5,10.0,52,74.3,0,0.0,2,10.0,RB,JohnRo07
1468,Aaron Jones,7.50,40,Sun,17,18,2025-01-05,30-034,MIN,@,DET,L 9-31,7.50,12.50,12.5,10.0,40,61.5,0,0.0,0,0.0,RB,JoneAa00
1469,Samaje Perine,7.50,38,Sun,5,5,2023-10-08,28-022,DEN,,NYJ,L 21-31,7.50,11.50,12.5,9.5,38,60.3,0,0.0,8,25.0,RB,PeriSa00
1470,Brian Robinson Jr.,7.50,21,Sun,17,18,2024-01-07,24-291,WAS,,DAL,L 10-38,7.50,10.50,11.5,9.0,21,42.9,0,0.0,0,0.0,RB,RobiBr01
1471,D'Andre Swift,7.50,27,Sun,14,15,2022-12-18,23-338,DET,@,NYJ,W 20-17,7.50,12.50,12.5,10.0,27,39.7,0,0.0,0,0.0,RB,SwifDA00
1472,D'Andre Swift,7.50,49,Sun,7,7,2023-10-22,24-281,PHI,,MIA,W 31-17,7.50,10.50,10.5,9.0,49,68.1,0,0.0,0,0.0,RB,SwifDA00
1473,D'Andre Swift,7.50,41,Mon,14,15,2023-12-18,24-338,PHI,@,SEA,L 17-20,7.50,9.50,9.5,8.5,41,59.4,0,0.0,0,0.0,RB,SwifDA00
1474,Jaylen Warren,7.50,22,Sun,8,8,2022-10-30,23-363,PIT,@,PHI,L 13-35,7.50,10.50,10.5,9.0,22,28.9,0,0.0,10,37.0,RB,WarrJa01
1475,Jaylen Warren,7.50,35,Sun,9,10,2024-11-10,26-009,PIT,@,WAS,W 28-27,7.50,9.50,10.5,8.5,35,44.9,0,0.0,6,18.8,RB,WarrJa01
1476,Saquon Barkley,7.40,49,Sun,14,15,2024-12-15,27-310,PHI,,PIT,W 27-13,7.40,9.40,9.4,8.4,49,61.3,0,0.0,0,0.0,RB,BarkSa00
1477,Michael Carter,7.40,43,Sun,7,7,2022-10-23,23-169,NYJ,@,DEN,W 16-9,7.40,9.40,9.4,8.4,43,72.9,0,0.0,0,0.0,RB,CartMi03
1478,D'Onta Foreman,7.40,18,Sun,11,11,2023-11-19,27-209,CHI,@,DET,L 26-31,7.40,7.40,7.4,7.4,18,24.0,0,0.0,0,0.0,RB,ForeDO00
1479,Leonard Fournette,7.40,58,Sun,2,2,2022-09-18,27-243,TAM,@,NOR,W 20-10,7.40,9.40,9.4,8.4,58,86.6,0,0.0,0,0.0,RB,FourLe00
1480,Leonard Fournette,7.40,43,Sun,14,15,2022-12-18,27-334,TAM,,CIN,L 23-34,7.40,11.40,11.4,9.4,43,58.1,0,0.0,0,0.0,RB,FourLe00
1481,Kenneth Gainwell,7.40,41,Sun,1,1,2023-09-10,24-180,PHI,@,NWE,W 25-20,7.40,11.40,11.4,9.4,41,62.1,0,0.0,0,0.0,RB,GainKe00
1482,Najee Harris,7.40,48,Sun,4,4,2022-10-02,24-207,PIT,,NYJ,L 20-24,7.40,7.40,7.4,7.4,48,75.0,0,0.0,0,0.0,RB,HarrNa00
1483,Najee Harris,7.40,30,Sun,2,2,2024-09-15,26-190,PIT,@,DEN,W 13-6,7.40,8.40,8.4,7.9,30,45.5,0,0.0,0,0.0,RB,HarrNa00
1484,Khalil Herbert,7.40,16,Thu,6,6,2022-10-13,24-175,CHI,,WAS,L 7-12,7.40,7.40,7.4,7.4,16,22.2,0,0.0,6,30.0,RB,HerbKh00
1485,Kareem Hunt,7.40,31,Sun,2,2,2022-09-18,27-043,CLE,,NYJ,L 30-31,7.40,9.40,9.4,8.4,31,46.3,0,0.0,0,0.0,RB,HuntKa00
1486,Kareem Hunt,7.40,24,Sun,12,13,2022-12-04,27-120,CLE,@,HOU,W 27-14,7.40,9.40,9.4,8.4,24,38.1,0,0.0,0,0.0,RB,HuntKa00
1487,Jaleel McLaughlin,7.40,18,Sun,3,3,2024-09-22,24-009,DEN,@,TAM,W 26-7,7.40,8.40,8.4,7.9,18,26.5,0,0.0,0,0.0,RB,McLaJa00
1488,Zack Moss,7.40,34,Sun,16,17,2023-01-01,25-017,IND,@,NYG,L 10-38,7.40,7.40,7.4,7.4,34,58.6,0,0.0,0,0.0,RB,MossZa00
1489,Samaje Perine,7.40,25,Sun,4,4,2024-09-29,29-013,KAN,@,LAC,W 17-10,7.40,7.40,7.4,7.4,25,40.3,0,0.0,4,16.7,RB,PeriSa00
1490,Bijan Robinson,7.40,36,Sun,4,4,2024-09-29,22-243,ATL,,NOR,W 26-24,7.40,11.40,11.4,9.4,36,64.3,0,0.0,0,0.0,RB,RobiBi01
1491,Miles Sanders,7.40,17,Sun,13,14,2023-12-10,26-223,CAR,@,NOR,L 6-28,7.40,7.40,7.4,7.4,17,21.3,0,0.0,0,0.0,RB,SandMi01
1492,Carson Steele,7.40,46,Sun,3,3,2024-09-22,21-337,KAN,@,ATL,W 22-17,7.40,8.40,8.4,7.9,46,62.2,0,0.0,0,0.0,RB,SteeCa00
1493,D'Andre Swift,7.40,46,Thu,12,13,2024-11-28,25-319,CHI,@,DET,L 20-23,7.40,9.40,9.4,8.4,46,68.7,0,0.0,0,0.0,RB,SwifDA00
1494,D'Andre Swift,7.40,40,Sun,9,9,2023-11-05,24-295,PHI,,DAL,W 28-23,7.40,9.40,9.4,8.4,40,64.5,0,0.0,0,0.0,RB,SwifDA00
1495,Jeff Wilson,7.40,42,Sun,17,18,2023-01-08,27-053,MIA,,NYJ,W 11-6,7.40,9.40,9.4,8.4,42,64.6,0,0.0,0,0.0,RB,WilsJe01
1496,Tank Bigsby,7.30,17,Sun,1,1,2024-09-08,23-009,JAX,@,MIA,L 17-20,7.30,7.30,7.3,7.3,17,32.1,0,0.0,6,24.0,RB,BigsTa00
1497,James Conner,7.30,41,Sun,10,10,2023-11-12,28-191,ARI,,ATL,W 25-23,7.30,7.30,7.3,7.3,41,63.1,0,0.0,0,0.0,RB,ConnJa00
1498,James Cook,7.30,46,Thu,8,8,2023-10-26,24-031,BUF,,TAM,W 24-18,7.30,8.30,8.3,7.8,46,66.7,0,0.0,0,0.0,RB,CookJa01
1499,Chase Edmonds,7.30,41,Sun,16,17,2023-01-01,26-263,DEN,@,KAN,L 24-27,7.30,10.30,10.3,8.8,41,58.6,0,0.0,0,0.0,RB,EdmoCh00
1500,Travis Etienne,7.30,50,Sun,10,10,2022-11-13,23-291,JAX,@,KAN,L 17-27,7.30,10.30,10.3,8.8,50,78.1,0,0.0,0,0.0,RB,EtieTr00
1501,Royce Freeman,7.30,42,Sun,10,11,2023-11-19,27-268,LAR,,SEA,W 17-16,7.30,7.30,7.3,7.3,42,62.7,0,0.0,5,19.2,RB,FreeRo00
1502,Jahmyr Gibbs,7.30,60,Thu,11,12,2023-11-23,21-248,DET,,GNB,L 22-29,7.30,11.30,11.3,9.3,60,71.4,0,0.0,0,0.0,RB,GibbJa01
1503,Najee Harris,7.30,48,Sun,4,4,2024-09-29,26-204,PIT,@,IND,L 24-27,7.30,10.30,10.3,8.8,48,68.6,0,0.0,0,0.0,RB,HarrNa00
1504,Darrell Henderson,7.30,55,Thu,1,1,2022-09-08,25-020,LAR,,BUF,L 10-31,7.30,12.30,12.3,9.8,55,82.1,0,0.0,0,0.0,RB,HendDa00
1505,Josh Jacobs,7.30,35,Sun,1,1,2022-09-11,24-212,LVR,@,LAC,L 19-24,7.30,8.30,8.3,7.8,35,60.3,0,0.0,0,0.0,RB,JacoJo01
1506,Jordan Mason,7.30,5,Sun,16,17,2023-01-01,23-222,SFO,@,LVR,W 37-34 (OT),7.30,7.30,7.3,7.3,5,7.5,0,0.0,18,54.5,RB,MasoJo00
1507,Joe Mixon,7.30,35,Sun,1,1,2023-09-10,27-048,CIN,@,CLE,L 3-24,7.30,10.30,10.3,8.8,35,62.5,0,0.0,0,0.0,RB,MixoJo00
1508,Tyrone Tracy Jr.,7.30,37,Sun,16,17,2024-12-29,25-036,NYG,,IND,W 45-33,7.30,9.30,9.3,8.3,37,66.1,0,0.0,0,0.0,RB,TracTy00
1509,Emanuel Wilson,7.30,23,Sun,6,6,2024-10-13,25-158,GNB,,ARI,W 34-13,7.30,8.30,8.3,7.8,23,31.5,0,0.0,0,0.0,RB,WilsEm00
1510,Jeff Wilson,7.30,23,Fri,11,12,2023-11-24,28-008,MIA,@,NYJ,W 34-13,7.30,10.30,10.3,8.8,23,32.9,0,0.0,2,8.3,RB,WilsJe01
1511,Dalvin Cook,7.20,34,Sun,10,11,2022-11-20,27-102,MIN,,DAL,L 3-40,7.20,7.20,7.2,7.2,34,59.6,0,0.0,0,0.0,RB,CookDa01
1512,AJ Dillon,7.20,12,Sun,15,16,2023-12-24,25-236,GNB,@,CAR,W 33-30,7.20,7.20,7.2,7.2,12,18.2,0,0.0,0,0.0,RB,DillAJ00
1513,Austin Ekeler,7.20,33,Sun,1,1,2022-09-11,27-117,LAC,,LVR,W 24-19,7.20,11.20,11.2,9.2,33,49.3,0,0.0,0,0.0,RB,EkelAu00
1514,Travis Etienne,7.20,56,Sun,4,4,2023-10-01,24-248,JAX,,ATL,W 23-7,7.20,10.20,10.2,8.7,56,84.8,0,0.0,0,0.0,RB,EtieTr00
1515,D'Onta Foreman,7.20,39,Sun,13,14,2023-12-10,27-230,CHI,,DET,W 28-13,7.20,9.20,9.2,8.2,39,54.9,0,0.0,0,0.0,RB,ForeDO00
1516,Antonio Gibson,7.20,31,Sun,13,13,2023-12-03,25-163,WAS,,MIA,L 15-45,7.20,11.20,11.2,9.2,31,56.4,0,0.0,0,0.0,RB,GibsAn00
1517,Kareem Hunt,7.20,33,Mon,8,8,2022-10-31,27-086,CLE,,CIN,W 32-13,7.20,11.20,11.2,9.2,33,45.8,0,0.0,0,0.0,RB,HuntKa00
1518,Roschon Johnson,7.20,29,Sun,11,12,2024-11-24,23-298,CHI,,MIN,L 27-30 (OT),7.20,8.20,8.2,7.7,29,38.2,0,0.0,8,25.8,RB,JohnRo07
1519,Kyle Juszczyk,7.20,46,Sun,12,13,2022-12-04,31-225,SFO,,MIA,W 33-17,7.20,10.20,10.2,8.7,46,54.8,0,0.0,8,26.7,FB,JuszKy00
1520,Alexander Mattison,7.20,45,Sun,6,6,2023-10-15,25-118,MIN,@,CHI,W 19-13,7.20,11.20,11.2,9.2,45,78.9,0,0.0,0,0.0,RB,MattAl01
1521,Jerick McKinnon,7.20,38,Mon,5,5,2022-10-10,30-160,KAN,,LVR,W 30-29,7.20,9.20,9.2,8.2,38,52.8,0,0.0,7,25.0,RB,McKiJe00
1522,Latavius Murray,7.20,42,Sun,16,17,2023-01-01,32-348,DEN,@,KAN,L 24-27,7.20,11.20,11.2,9.2,42,60.0,0,0.0,0,0.0,RB,MurrLa00
1523,Cordarrelle Patterson,7.20,3,Sat,15,16,2024-12-21,33-279,PIT,@,BAL,L 17-34,7.20,8.20,8.2,7.7,3,5.0,0,0.0,7,25.9,RB,PattCo00
1524,Devin Singletary,7.20,49,Sun,11,12,2023-11-26,26-084,HOU,,JAX,L 21-24,7.20,13.20,13.2,10.2,49,81.7,0,0.0,0,0.0,RB,SingDe00
1525,D'Andre Swift,7.20,19,Sun,9,10,2022-11-13,23-303,DET,@,CHI,W 31-30,7.20,8.20,8.2,7.7,19,30.6,0,0.0,0,0.0,RB,SwifDA00
1526,Kenneth Walker III,7.20,45,Sun,10,10,2022-11-13,22-024,SEA,@,TAM,L 16-21,7.20,13.20,13.2,10.2,45,86.5,0,0.0,0,0.0,RB,WalkKe00
1527,Jaylen Warren,7.20,34,Sun,13,14,2024-12-08,26-037,PIT,,CLE,W 27-14,7.20,9.20,9.2,8.2,34,52.3,0,0.0,3,10.3,RB,WarrJa01
1528,Javonte Williams,7.20,18,Thu,6,6,2023-10-12,23-170,DEN,@,KAN,L 8-19,7.20,7.20,7.2,7.2,18,34.6,0,0.0,0,0.0,RB,WillJa10
1529,De'Von Achane,7.10,33,Mon,13,14,2023-12-11,22-059,MIA,,TEN,L 27-28,7.10,12.10,12.1,9.6,33,45.8,0,0.0,0,0.0,RB,AchaDe00
1530,James Cook,7.10,30,Sun,6,6,2023-10-15,24-020,BUF,,NYG,W 14-9,7.10,7.10,7.1,7.1,30,49.2,0,0.0,0,0.0,RB,CookJa01
1531,Gus Edwards,7.10,16,Mon,11,12,2024-11-25,29-226,LAC,,BAL,L 23-30,7.10,7.10,7.1,7.1,16,23.2,0,0.0,0,0.0,RB,EdwaGu00
1532,Chuba Hubbard,7.10,38,Sun,16,17,2023-12-31,24-203,CAR,@,JAX,L 0-26,7.10,11.10,11.1,9.1,38,70.4,0,0.0,0,0.0,RB,HubbCh01
1533,Chuba Hubbard,7.10,45,Sun,8,8,2024-10-27,25-138,CAR,@,DEN,L 14-28,7.10,9.10,9.1,8.1,45,73.8,0,0.0,0,0.0,RB,HubbCh01
1534,Josh Jacobs,7.10,47,Sun,1,1,2023-09-10,25-211,LVR,@,DEN,W 17-16,7.10,9.10,9.1,8.1,47,79.7,0,0.0,0,0.0,RB,JacoJo01
1535,Joe Mixon,7.10,39,Sat,15,16,2024-12-21,28-150,HOU,@,KAN,L 19-27,7.10,8.10,8.1,7.6,39,66.1,0,0.0,0,0.0,RB,MixoJo00
1536,Latavius Murray,7.10,14,Sun,14,15,2023-12-17,33-333,BUF,,DAL,W 31-10,7.10,7.10,7.1,7.1,14,20.6,0,0.0,0,0.0,RB,MurrLa00
1537,Cordarrelle Patterson,7.10,33,Sun,12,12,2022-11-27,31-255,ATL,@,WAS,L 13-19,7.10,10.10,10.1,8.6,33,57.9,0,0.0,5,20.8,RB,PattCo00
1538,Jamaal Williams,7.10,40,Sun,16,17,2023-12-31,28-272,NOR,@,TAM,W 23-13,7.10,11.10,11.1,9.1,40,57.1,0,0.0,0,0.0,RB,WillJa06
1539,Javonte Williams,7.10,47,Sun,11,12,2023-11-26,23-215,DEN,,CLE,W 29-12,7.10,10.10,10.1,8.6,47,70.1,0,0.0,0,0.0,RB,WillJa10
1540,Tyler Badie,7.00,13,Sun,3,3,2024-09-22,24-228,DEN,@,TAM,W 26-7,7.00,7.00,7.0,7.0,13,19.1,0,0.0,0,0.0,RB,BadiTy00
1541,Tank Bigsby,7.00,9,Sun,3,3,2023-09-24,22-025,JAX,,HOU,L 17-37,7.00,7.00,7.0,7.0,9,12.3,0,0.0,0,0.0,RB,BigsTa00
1542,Rex Burkhead,7.00,50,Sun,1,1,2022-09-11,32-071,HOU,,IND,T 20-20 (OT),7.00,12.00,12.0,9.5,50,71.4,0,0.0,0,0.0,RB,BurkRe00
1543,Nick Chubb,7.00,31,Sun,6,6,2022-10-16,26-293,CLE,,NWE,L 15-38,7.00,8.00,8.0,7.5,31,44.3,0,0.0,0,0.0,RB,ChubNi00
1544,James Conner,7.00,52,Sun,1,1,2023-09-10,28-128,ARI,@,WAS,L 16-20,7.00,12.00,12.0,9.5,52,83.9,0,0.0,0,0.0,RB,ConnJa00
1545,Travis Etienne,7.00,28,Sun,13,14,2024-12-08,25-317,JAX,@,TEN,W 10-6,7.00,11.00,11.0,9.0,28,47.5,0,0.0,0,0.0,RB,EtieTr00
1546,Jerome Ford,7.00,53,Sun,3,3,2024-09-22,25-010,CLE,,NYG,L 15-21,7.00,10.00,10.0,8.5,53,79.1,0,0.0,0,0.0,RB,FordJe00
1547,Leonard Fournette,7.00,59,Sun,3,3,2022-09-25,27-250,TAM,,GNB,L 12-14,7.00,12.00,12.0,9.5,59,90.8,0,0.0,0,0.0,RB,FourLe00
1548,Melvin Gordon,7.00,8,Sun,16,17,2023-12-31,30-262,BAL,,MIA,W 56-19,7.00,7.00,7.0,7.0,8,14.0,0,0.0,0,0.0,RB,GordMe00
1549,Melvin Gordon,7.00,43,Sun,9,10,2022-11-13,29-214,DEN,@,TEN,L 10-17,7.00,11.00,11.0,9.0,43,53.8,0,0.0,0,0.0,RB,GordMe00
1550,Melvin Gordon,7.00,29,Sun,10,11,2022-11-20,29-221,DEN,,LVR,L 16-22 (OT),7.00,12.00,12.0,9.5,29,45.3,0,0.0,0,0.0,RB,GordMe00
1551,C.J. Ham,7.00,23,Sun,5,5,2024-10-06,31-076,MIN,,NYJ,W 23-17,7.00,7.00,7.0,7.0,23,31.5,0,0.0,18,62.1,FB,HamxC.00
1552,Nyheim Hines,7.00,3,Sat,14,15,2022-12-17,26-035,BUF,,MIA,W 32-29,7.00,8.00,8.0,7.5,3,3.8,0,0.0,12,40.0,RB,HineNy00
1553,D'Ernest Johnson,7.00,21,Sun,7,7,2024-10-20,28-236,JAX,,NWE,W 32-16,7.00,10.00,10.0,8.5,21,34.4,0,0.0,2,9.1,RB,JohnDE04
1554,Alvin Kamara,7.00,31,Sun,9,9,2023-11-05,28-103,NOR,,CHI,W 24-17,7.00,11.00,11.0,9.0,31,49.2,0,0.0,0,0.0,RB,KamaAl00
1555,Joe Mixon,7.00,38,Sat,15,16,2023-12-23,27-152,CIN,@,PIT,L 11-34,7.00,9.00,9.0,8.0,38,59.4,0,0.0,0,0.0,RB,MixoJo00
1556,Zack Moss,7.00,36,Mon,15,16,2022-12-26,25-011,IND,,LAC,L 3-20,7.00,8.00,8.0,7.5,36,69.2,0,0.0,0,0.0,RB,MossZa00
1557,Zack Moss,7.00,30,Sun,11,12,2023-11-26,25-346,IND,,TAM,W 27-20,7.00,9.00,9.0,8.0,30,41.1,0,0.0,0,0.0,RB,MossZa00
1558,Isiah Pacheco,7.00,34,Sun,2,2,2023-09-17,24-199,KAN,@,JAX,W 17-9,7.00,8.00,8.0,7.5,34,50.7,0,0.0,0,0.0,RB,PachIs00
1559,Brian Robinson Jr.,7.00,20,Sun,3,3,2023-09-24,24-186,WAS,,BUF,L 3-37,7.00,7.00,7.0,7.0,20,37.0,0,0.0,0,0.0,RB,RobiBr01
1560,Boston Scott,7.00,14,Sun,1,1,2022-09-11,27-137,PHI,@,DET,W 38-35,7.00,7.00,7.0,7.0,14,18.2,0,0.0,7,22.6,RB,ScotBo02
1561,Devin Singletary,7.00,21,Sun,11,12,2024-11-24,27-082,NYG,,TAM,L 7-30,7.00,9.00,9.0,8.0,21,35.6,0,0.0,0,0.0,RB,SingDe00
1562,Devin Singletary,7.00,47,Sat,14,15,2022-12-17,25-105,BUF,,MIA,W 32-29,7.00,10.00,10.0,8.5,47,60.3,0,0.0,0,0.0,RB,SingDe00
1563,Sean Tucker,7.00,5,Sun,11,12,2024-11-24,23-030,TAM,@,NYG,W 30-7,7.00,8.00,8.0,7.5,5,7.7,0,0.0,7,35.0,RB,TuckSe00
1564,Kenneth Walker III,7.00,24,Sun,7,8,2023-10-29,23-009,SEA,,CLE,W 24-20,7.00,8.00,8.0,7.5,24,41.4,0,0.0,0,0.0,RB,WalkKe00
1565,Zamir White,7.00,7,Sun,9,9,2024-11-03,25-046,LVR,@,CIN,L 24-41,7.00,7.00,7.0,7.0,7,11.5,0,0.0,2,6.3,RB,WhitZa01
1566,Javonte Williams,7.00,39,Sun,12,13,2023-12-03,23-222,DEN,@,HOU,L 17-22,7.00,10.00,10.0,8.5,39,65.0,0,0.0,0,0.0,RB,WillJa10
1567,Cam Akers,6.90,20,Sun,17,18,2025-01-05,25-197,MIN,@,DET,L 9-31,6.90,8.90,8.9,7.9,20,30.8,0,0.0,5,21.7,RB,AkerCa00
1568,Tyler Allgeier,6.90,17,Sun,17,18,2025-01-05,24-265,ATL,,CAR,L 38-44 (OT),6.90,8.90,8.9,7.9,17,21.5,0,0.0,18,58.1,RB,AllgTy00
1569,Andrew Beck,6.90,15,Sat,17,18,2024-01-06,27-236,HOU,@,IND,W 23-19,6.90,8.90,8.9,7.9,15,26.8,0,0.0,7,23.3,FB,BeckAn01
1570,Chase Brown,6.90,15,Mon,3,3,2024-09-23,24-186,CIN,,WAS,L 33-38,6.90,8.90,8.9,7.9,15,24.2,0,0.0,14,53.8,RB,BrowCh10
1571,Zach Charbonnet,6.90,55,Sun,10,11,2023-11-19,22-315,SEA,@,LAR,L 16-17,6.90,12.90,12.9,9.9,55,84.6,0,0.0,1,3.8,RB,CharZa00
1572,James Cook,6.90,36,Sun,9,9,2024-11-03,25-039,BUF,,MIA,W 30-27,6.90,11.90,11.9,9.4,36,54.5,0,0.0,0,0.0,RB,CookJa01
1573,Tyler Goodson,6.90,9,Sun,10,10,2024-11-10,24-000,IND,,BUF,L 20-30,6.90,8.90,8.9,7.9,9,14.1,0,0.0,9,36.0,RB,GoodTy00
1574,Breece Hall,6.90,26,Sun,4,4,2023-10-01,22-123,NYJ,,KAN,L 20-23,6.90,9.90,9.9,8.4,26,44.1,0,0.0,0,0.0,RB,HallBr03
1575,Kevin Harris,6.90,11,Sun,16,17,2023-12-31,23-044,NWE,@,BUF,L 21-27,6.90,8.90,8.9,7.9,11,20.8,0,0.0,0,0.0,RB,HarrKe01
1576,Chuba Hubbard,6.90,41,Sun,17,18,2023-01-08,23-211,CAR,@,NOR,W 10-7,6.90,6.90,6.9,6.9,41,69.5,0,0.0,6,30.0,RB,HubbCh01
1577,Chuba Hubbard,6.90,28,Sun,1,1,2023-09-10,24-091,CAR,@,ATL,L 10-24,6.90,8.90,8.9,7.9,28,36.4,0,0.0,5,19.2,RB,HubbCh01
1578,Aaron Jones,6.90,29,Sun,14,15,2023-12-17,29-015,GNB,,TAM,L 20-34,6.90,10.90,10.9,8.9,29,48.3,0,0.0,0,0.0,RB,JoneAa00
1579,Kyle Juszczyk,6.90,27,Mon,16,17,2024-12-30,33-251,SFO,,DET,L 34-40,6.90,7.90,7.9,7.4,27,42.2,0,0.0,0,0.0,FB,JuszKy00
1580,Jordan Mason,6.90,54,Sun,7,7,2024-10-20,25-149,SFO,,KAN,L 18-28,6.90,8.90,8.9,7.9,54,85.7,0,0.0,0,0.0,RB,MasoJo00
1581,Alexander Mattison,6.90,20,Sun,10,11,2024-11-17,26-151,LVR,@,MIA,L 19-34,6.90,9.90,9.9,8.4,20,30.8,0,0.0,0,0.0,RB,MattAl01
1582,Rashaad Penny,6.90,49,Sun,3,3,2022-09-25,26-235,SEA,,ATL,L 23-27,6.90,7.90,7.9,7.4,49,69.0,0,0.0,0,0.0,RB,PennRa00
1583,Brian Robinson Jr.,6.90,45,Sun,16,17,2024-12-29,25-282,WAS,,ATL,W 30-24 (OT),6.90,8.90,8.9,7.9,45,54.2,0,0.0,0,0.0,RB,RobiBr01
1584,Tyrone Tracy Jr.,6.90,47,Sun,9,9,2024-11-03,24-346,NYG,,WAS,L 22-27,6.90,7.90,7.9,7.4,47,72.3,0,0.0,0,0.0,RB,TracTy00
1585,Braelon Allen,6.80,23,Thu,3,3,2024-09-19,20-243,NYJ,,NWE,W 24-3,6.80,9.80,9.8,8.3,23,31.5,0,0.0,12,57.1,RB,AlleBr05
1586,Clyde Edwards-Helaire,6.80,32,Sun,13,14,2023-12-10,24-243,KAN,,BUF,L 17-20,6.80,8.80,8.8,7.8,32,48.5,0,0.0,0,0.0,RB,EdwaCl00
1587,Austin Ekeler,6.80,44,Sun,6,6,2024-10-13,29-149,WAS,@,BAL,L 23-30,6.80,10.80,10.8,8.8,44,74.6,0,0.0,7,24.1,RB,EkelAu00
1588,Chris Evans,6.80,2,Sun,12,13,2022-12-04,25-060,CIN,,KAN,W 27-24,6.80,7.80,7.8,7.3,2,2.8,0,0.0,10,43.5,RB,EvanCh02
1589,D'Onta Foreman,6.80,15,Sun,17,18,2023-01-08,26-259,CAR,@,NOR,W 10-7,6.80,6.80,6.8,6.8,15,25.4,0,0.0,0,0.0,RB,ForeDO00
1590,Zander Horvath,6.80,15,Sun,1,1,2022-09-11,23-275,LAC,,LVR,W 24-19,6.80,8.80,8.8,7.8,15,22.4,0,0.0,16,66.7,FB,HorvZa00
1591,Kareem Hunt,6.80,36,Sun,4,4,2022-10-02,27-057,CLE,@,ATL,L 20-23,6.80,8.80,8.8,7.8,36,49.3,0,0.0,0,0.0,RB,HuntKa00
1592,Kareem Hunt,6.80,28,Sun,7,7,2022-10-23,27-078,CLE,@,BAL,L 20-23,6.80,7.80,7.8,7.3,28,46.7,0,0.0,0,0.0,RB,HuntKa00
1593,Aaron Jones,6.80,28,Sun,12,13,2024-12-01,29-365,MIN,,ARI,W 23-22,6.80,9.80,10.8,8.3,28,52.8,0,0.0,0,0.0,RB,JoneAa00
1594,Raheem Mostert,6.80,14,Sun,8,9,2024-11-03,32-208,MIA,@,BUF,L 27-30,6.80,8.80,9.8,7.8,14,23.0,0,0.0,0,0.0,RB,MostRa00
1595,Jaylen Warren,6.80,40,Sat,14,15,2023-12-16,25-045,PIT,@,IND,L 13-30,6.80,11.80,11.8,9.3,40,69.0,0,0.0,7,26.9,RB,WarrJa01
1596,Jaylen Warren,6.80,26,Sun,10,11,2024-11-17,26-016,PIT,,BAL,W 18-16,6.80,10.80,10.8,8.8,26,33.3,0,0.0,4,13.8,RB,WarrJa01
1597,Matt Breida,6.70,12,Sun,16,17,2023-01-01,27-307,NYG,,IND,W 38-10,6.70,7.70,7.7,7.2,12,19.0,0,0.0,9,37.5,RB,BreiMa00
1598,Rex Burkhead,6.70,11,Sat,15,16,2022-12-24,32-175,HOU,@,TEN,W 19-14,6.70,8.70,8.7,7.7,11,16.4,0,0.0,0,0.0,RB,BurkRe00
1599,Nick Chubb,6.70,41,Sun,10,11,2022-11-20,26-328,CLE,@,BUF,L 23-31,6.70,9.70,9.7,8.2,41,54.7,0,0.0,0,0.0,RB,ChubNi00
1600,AJ Dillon,6.70,39,Sun,2,2,2022-09-18,24-139,GNB,,CHI,W 27-10,6.70,7.70,7.7,7.2,39,57.4,0,0.0,0,0.0,RB,DillAJ00
1601,Darrynton Evans,6.70,18,Sun,12,12,2022-11-27,24-141,CHI,@,NYJ,L 10-31,6.70,7.70,7.7,7.2,18,31.6,0,0.0,10,40.0,RB,EvanDa02
1602,D'Onta Foreman,6.70,40,Sun,6,6,2023-10-15,27-174,CHI,,MIN,L 13-19,6.70,7.70,7.7,7.2,40,60.6,0,0.0,0,0.0,RB,ForeDO00
1603,Kenneth Gainwell,6.70,24,Sun,6,7,2024-10-20,25-220,PHI,@,NYG,W 28-3,6.70,7.70,7.7,7.2,24,36.4,0,0.0,2,6.3,RB,GainKe00
1604,Derrick Henry,6.70,36,Sun,9,10,2022-11-13,28-313,TEN,,DEN,W 17-10,6.70,8.70,8.7,7.7,36,58.1,0,0.0,0,0.0,RB,HenrDe00
1605,Derrick Henry,6.70,27,Sun,14,15,2024-12-15,30-346,BAL,@,NYG,W 35-14,6.70,6.70,6.7,6.7,27,45.8,0,0.0,0,0.0,RB,HenrDe00
1606,Khalil Herbert,6.70,6,Sun,2,2,2024-09-15,26-147,CHI,@,HOU,L 13-19,6.70,8.70,8.7,7.7,6,8.6,0,0.0,13,43.3,RB,HerbKh00
1607,Chuba Hubbard,6.70,29,Sun,14,15,2022-12-18,23-190,CAR,,PIT,L 16-24,6.70,9.70,9.7,8.2,29,63.0,0,0.0,5,20.0,RB,HubbCh01
1608,Chuba Hubbard,6.70,46,Sun,8,9,2023-11-05,24-147,CAR,,IND,L 13-27,6.70,10.70,10.7,8.7,46,64.8,0,0.0,0,0.0,RB,HubbCh01
1609,Justin Jackson,6.70,10,Sun,4,4,2022-10-02,26-163,DET,,SEA,L 45-48,6.70,8.70,8.7,7.7,10,13.5,0,0.0,19,57.6,RB,JackJu01
1610,Christian McCaffrey,6.70,12,Sun,12,13,2024-12-01,28-177,SFO,@,BUF,L 10-35,6.70,8.70,8.7,7.7,12,25.0,0,0.0,0,0.0,RB,McCaCh01
1611,Jaleel McLaughlin,6.70,17,Sun,15,16,2023-12-24,23-102,DEN,,NWE,L 23-26,6.70,10.70,10.7,8.7,17,24.6,0,0.0,7,21.2,RB,McLaJa00
1612,Jeremy McNichols,6.70,19,Sun,10,10,2024-11-10,28-320,WAS,,PIT,L 27-28,6.70,6.70,6.7,6.7,19,29.7,0,0.0,17,53.1,RB,McNiJe00
1613,Raheem Mostert,6.70,44,Sun,8,8,2022-10-30,30-204,MIA,@,DET,W 31-27,6.70,7.70,7.7,7.2,44,64.7,0,0.0,2,8.0,RB,MostRa00
1614,Rashaad Penny,6.70,38,Mon,1,1,2022-09-12,26-222,SEA,,DEN,W 17-16,6.70,8.70,8.7,7.7,38,69.1,0,0.0,0,0.0,RB,PennRa00
1615,Samaje Perine,6.70,20,Sun,10,11,2023-11-19,28-064,DEN,,MIN,W 21-20,6.70,13.70,13.7,10.2,20,36.4,0,0.0,9,33.3,RB,PeriSa00
1616,Will Shipley,6.70,36,Sun,17,18,2025-01-05,22-129,PHI,,NYG,W 20-13,6.70,10.70,10.7,8.7,36,52.9,0,0.0,3,12.5,RB,ShipWi00
1617,Tyjae Spears,6.70,37,Sun,15,16,2023-12-24,22-192,TEN,,SEA,L 17-20,6.70,11.70,11.7,9.2,37,56.1,0,0.0,0,0.0,RB,SpeaTy00
1618,Kenneth Walker III,6.70,32,Sun,1,1,2023-09-10,22-325,SEA,,LAR,L 13-30,6.70,10.70,10.7,8.7,32,62.7,0,0.0,0,0.0,RB,WalkKe00
1619,Andrew Beck,6.60,13,Sun,15,16,2023-12-24,27-223,HOU,,CLE,L 22-36,6.60,8.60,8.6,7.6,13,17.3,0,0.0,12,50.0,FB,BeckAn01
1620,Chris Brooks,6.60,13,Sun,3,3,2023-09-24,23-256,MIA,,DEN,W 70-20,6.60,6.60,6.6,6.6,13,17.8,0,0.0,18,50.0,RB,BrooCh00
1621,J.K. Dobbins,6.60,45,Mon,6,7,2024-10-21,25-309,LAC,@,ARI,L 15-17,6.60,9.60,9.6,8.1,45,68.2,0,0.0,0,0.0,RB,DobbJK00
1622,Gus Edwards,6.60,21,Sun,13,14,2022-12-11,27-242,BAL,@,PIT,W 16-14,6.60,6.60,6.6,6.6,21,34.4,0,0.0,0,0.0,RB,EdwaGu00
1623,Royce Freeman,6.60,29,Sun,7,7,2023-10-22,27-240,LAR,,PIT,L 17-24,6.60,6.60,6.6,6.6,29,42.6,0,0.0,4,15.4,RB,FreeRo00
1624,Alec Ingold,6.60,27,Sun,8,8,2022-10-30,26-113,MIA,@,DET,W 31-27,6.60,7.60,7.6,7.1,27,39.7,0,0.0,6,24.0,FB,IngoAl01
1625,Roschon Johnson,6.60,17,Sun,7,8,2024-10-27,23-270,CHI,@,WAS,L 15-18,6.60,6.60,6.6,6.6,17,27.0,0,0.0,9,34.6,RB,JohnRo07
1626,Alvin Kamara,6.60,47,Mon,5,5,2024-10-07,29-074,NOR,@,KAN,L 13-26,6.60,12.60,12.6,9.6,47,88.7,0,0.0,0,0.0,RB,KamaAl00
1627,Alexander Mattison,6.60,23,Sun,13,14,2023-12-10,25-174,MIN,@,LVR,W 3-0,6.60,6.60,6.6,6.6,23,31.9,0,0.0,0,0.0,RB,MattAl01
1628,Jerick McKinnon,6.60,22,Sat,17,18,2023-01-07,30-249,KAN,@,LVR,W 31-13,6.60,8.60,8.6,7.6,22,37.3,0,0.0,8,34.8,RB,McKiJe00
1629,Isiah Pacheco,6.60,41,Sun,9,9,2023-11-05,24-248,KAN,,MIA,W 21-14,6.60,6.60,6.6,6.6,41,68.3,0,0.0,0,0.0,RB,PachIs00
1630,Isiah Pacheco,6.60,43,Mon,15,16,2023-12-25,24-298,KAN,,LVR,L 14-20,6.60,10.60,11.6,8.6,43,56.6,0,0.0,0,0.0,RB,PachIs00
1631,Craig Reynolds,6.60,24,Mon,8,8,2023-10-30,27-137,DET,,LVR,W 26-14,6.60,7.60,8.6,7.1,24,27.9,0,0.0,1,4.0,RB,ReynCr00
1632,Craig Reynolds,6.60,24,Mon,16,17,2024-12-30,28-198,DET,@,SFO,W 40-34,6.60,8.60,8.6,7.6,24,33.8,0,0.0,13,48.1,RB,ReynCr00
1633,D'Andre Swift,6.60,23,Sun,16,17,2023-12-31,24-351,PHI,,ARI,L 31-35,6.60,7.60,7.6,7.1,23,46.9,0,0.0,0,0.0,RB,SwifDA00
1634,Tyrone Tracy Jr.,6.60,32,Sun,17,18,2025-01-05,25-043,NYG,@,PHI,L 13-20,6.60,8.60,8.6,7.6,32,60.4,0,0.0,0,0.0,RB,TracTy00
1635,Derek Watt,6.60,3,Sun,8,8,2022-10-30,29-357,PIT,@,PHI,L 13-35,6.60,8.60,8.6,7.6,3,3.9,0,0.0,19,70.4,FB,WattDe00
1636,Rachaad White,6.60,34,Thu,5,5,2024-10-03,25-265,TAM,@,ATL,L 30-36 (OT),6.60,9.60,9.6,8.1,34,64.2,0,0.0,0,0.0,RB,WhitRa01
1637,Tyler Allgeier,6.50,13,Mon,2,2,2024-09-16,24-154,ATL,@,PHI,W 22-21,6.50,7.50,7.5,7.0,13,21.3,0,0.0,13,59.1,RB,AllgTy00
1638,Eno Benjamin,6.50,62,Sun,6,6,2022-10-16,23-186,ARI,@,SEA,L 9-19,6.50,9.50,9.5,8.0,62,87.3,0,0.0,0,0.0,RB,BenjEn00
1639,Gary Brightwell,6.50,7,Sun,5,5,2022-10-09,23-223,NYG,@,GNB,W 27-22,6.50,6.50,6.5,6.5,7,11.5,0,0.0,16,61.5,RB,BrigGa00
1640,AJ Dillon,6.50,24,Sun,10,10,2022-11-13,24-195,GNB,,DAL,W 31-28 (OT),6.50,6.50,6.5,6.5,24,37.5,0,0.0,4,13.3,RB,DillAJ00
1641,Chase Edmonds,6.50,38,Sun,1,1,2022-09-11,26-151,MIA,,NWE,W 20-7,6.50,10.50,10.5,8.5,38,63.3,0,0.0,0,0.0,RB,EdmoCh00
1642,Gus Edwards,6.50,16,Thu,8,8,2022-10-27,27-197,BAL,@,TAM,W 27-22,6.50,6.50,6.5,6.5,16,21.1,0,0.0,0,0.0,RB,EdwaGu00
1643,Travis Etienne,6.50,36,Sun,1,1,2022-09-11,23-228,JAX,@,WAS,L 22-28,6.50,8.50,8.5,7.5,36,51.4,0,0.0,0,0.0,RB,EtieTr00
1644,Tyler Goodson,6.50,27,Sun,6,6,2024-10-13,23-338,IND,@,TEN,W 20-17,6.50,10.50,10.5,8.5,27,38.6,0,0.0,11,42.3,RB,GoodTy00
1645,C.J. Ham,6.50,14,Sat,14,15,2022-12-17,29-148,MIN,,IND,W 39-36 (OT),6.50,7.50,7.5,7.0,14,15.6,0,0.0,30,69.8,FB,HamxC.00
1646,Najee Harris,6.50,31,Sun,3,3,2023-09-24,25-199,PIT,@,LVR,W 23-18,6.50,6.50,6.5,6.5,31,50.0,0,0.0,1,3.4,RB,HarrNa00
1647,Chuba Hubbard,6.50,28,Sun,12,12,2022-11-27,23-169,CAR,,DEN,W 23-10,6.50,6.50,6.5,6.5,28,42.4,0,0.0,7,23.3,RB,HubbCh01
1648,Chuba Hubbard,6.50,35,Sun,16,17,2023-01-01,23-204,CAR,@,TAM,L 24-30,6.50,9.50,9.5,8.0,35,53.0,0,0.0,6,19.4,RB,HubbCh01
1649,Chuba Hubbard,6.50,29,Sun,10,11,2023-11-19,24-161,CAR,,DAL,L 10-33,6.50,8.50,8.5,7.5,29,49.2,0,0.0,0,0.0,RB,HubbCh01
1650,Joshua Kelley,6.50,39,Sun,4,4,2023-10-01,25-315,LAC,,LVR,W 24-17,6.50,6.50,6.5,6.5,39,60.0,0,0.0,0,0.0,RB,KellJo01
1651,Sincere McCormick,6.50,26,Fri,12,13,2024-11-29,24-080,LVR,@,KAN,L 17-19,6.50,8.50,8.5,7.5,26,38.2,0,0.0,8,25.8,RB,McCoSi00
1652,Jaleel McLaughlin,6.50,3,Sun,2,2,2023-09-17,23-004,DEN,,WAS,L 33-35,6.50,6.50,6.5,6.5,3,4.5,0,0.0,6,20.0,RB,McLaJa00
1653,Tony Pollard,6.50,65,Sun,6,7,2024-10-20,27-173,TEN,@,BUF,L 10-34,6.50,8.50,8.5,7.5,65,89.0,0,0.0,0,0.0,RB,PollTo00
1654,Pierre Strong,6.50,27,Sun,17,18,2024-01-07,25-028,CLE,@,CIN,L 14-31,6.50,6.50,6.5,6.5,27,50.9,0,0.0,0,0.0,RB,StroPi00
1655,D'Andre Swift,6.50,40,Sun,9,10,2024-11-10,25-301,CHI,,NWE,L 3-19,6.50,7.50,7.5,7.0,40,66.7,0,0.0,0,0.0,RB,SwifDA00
1656,D'Andre Swift,6.50,42,Sun,11,12,2024-11-24,25-315,CHI,,MIN,L 27-30 (OT),6.50,9.50,9.5,8.0,42,55.3,0,0.0,0,0.0,RB,SwifDA00
1657,Jonathan Taylor,6.50,33,Sun,6,6,2023-10-15,24-269,IND,@,JAX,L 20-37,6.50,11.50,11.5,9.0,33,42.3,0,0.0,0,0.0,RB,TaylJo02
1658,Javonte Williams,6.50,26,Sun,3,3,2023-09-24,23-152,DEN,@,MIA,L 20-70,6.50,8.50,8.5,7.5,26,41.9,0,0.0,0,0.0,RB,WillJa10
1659,Javonte Williams,6.50,40,Sun,2,2,2024-09-15,24-143,DEN,,PIT,L 6-13,6.50,11.50,11.5,9.0,40,65.6,0,0.0,0,0.0,RB,WillJa10
1660,Kyren Williams,6.50,55,Mon,3,3,2023-09-25,23-030,LAR,@,CIN,L 16-19,6.50,8.50,8.5,7.5,55,100.0,0,0.0,6,19.4,RB,WillKy02
1661,Tyler Allgeier,6.40,30,Sun,11,11,2022-11-20,22-219,ATL,,CHI,W 27-24,6.40,7.40,7.4,6.9,30,54.5,0,0.0,2,7.4,RB,AllgTy00
1662,Tyler Allgeier,6.40,18,Sun,11,12,2023-11-26,23-225,ATL,,NOR,W 24-15,6.40,6.40,6.4,6.4,18,29.0,0,0.0,0,0.0,RB,AllgTy00
1663,Ty Chandler,6.40,30,Sun,16,17,2023-12-31,25-233,MIN,,GNB,L 10-33,6.40,9.40,9.4,7.9,30,56.6,0,0.0,1,4.2,RB,ChanTy01
1664,Zach Charbonnet,6.40,34,Sun,7,8,2023-10-29,22-294,SEA,,CLE,W 24-20,6.40,8.40,8.4,7.4,34,58.6,0,0.0,12,46.2,RB,CharZa00
1665,Nick Chubb,6.40,18,Mon,2,2,2023-09-18,27-265,CLE,@,PIT,L 22-26,6.40,6.40,6.4,6.4,18,20.7,0,0.0,0,0.0,RB,ChubNi00
1666,James Conner,6.40,45,Sun,9,9,2022-11-06,27-185,ARI,,SEA,L 21-31,6.40,11.40,11.4,8.9,45,71.4,0,0.0,0,0.0,RB,ConnJa00
1667,Emari Demercado,6.40,31,Sun,6,6,2024-10-13,25-267,ARI,@,GNB,L 13-34,6.40,11.40,11.4,8.9,31,53.4,0,0.0,5,18.5,RB,DemeEm00
1668,Jerome Ford,6.40,32,Sun,2,2,2024-09-15,25-003,CLE,@,JAX,W 18-13,6.40,7.40,7.4,6.9,32,44.4,0,0.0,0,0.0,RB,FordJe00
1669,Antonio Gibson,6.40,16,Sun,14,15,2024-12-15,26-175,NWE,@,ARI,L 17-30,6.40,8.40,8.4,7.4,16,31.4,0,0.0,7,28.0,RB,GibsAn00
1670,Antonio Gibson,6.40,38,Thu,5,5,2023-10-05,25-104,WAS,,CHI,L 20-40,6.40,10.40,10.4,8.4,38,54.3,0,0.0,9,30.0,RB,GibsAn00
1671,Hassan Haskins,6.40,5,Sun,9,10,2024-11-10,24-350,LAC,,TEN,W 27-17,6.40,6.40,6.4,6.4,5,8.5,0,0.0,16,61.5,RB,HaskHa00
1672,Ty Johnson,6.40,12,Sun,7,7,2024-10-20,27-033,BUF,,TEN,W 34-10,6.40,7.40,7.4,6.9,12,21.8,0,0.0,6,21.4,RB,JohnTy02
1673,Hunter Luepke,6.40,14,Sun,4,4,2023-10-01,23-215,DAL,,NWE,W 38-3,6.40,6.40,6.4,6.4,14,20.0,0,0.0,17,65.4,RB,LuepHu00
1674,Jordan Mason,6.40,7,Thu,14,15,2022-12-15,23-205,SFO,@,SEA,W 21-13,6.40,6.40,6.4,6.4,7,10.9,0,0.0,20,71.4,RB,MasoJo00
1675,David Montgomery,6.40,42,Sat,15,16,2022-12-24,25-200,CHI,,BUF,L 13-35,6.40,10.40,11.4,8.4,42,66.7,0,0.0,0,0.0,RB,MontDa01
1676,Latavius Murray,6.40,27,Mon,6,6,2022-10-17,32-272,DEN,@,LAC,L 16-19 (OT),6.40,7.40,7.4,6.9,27,46.6,0,0.0,0,0.0,RB,MurrLa00
1677,Patrick Ricard,6.40,30,Sun,16,17,2023-12-31,29-218,BAL,,MIA,W 56-19,6.40,7.40,7.4,6.9,30,52.6,0,0.0,5,16.7,FB,RicaPa00
1678,Brian Robinson Jr.,6.40,35,Thu,12,12,2023-11-23,24-246,WAS,@,DAL,L 10-45,6.40,8.40,8.4,7.4,35,44.9,0,0.0,0,0.0,RB,RobiBr01
1679,Miles Sanders,6.40,54,Sun,5,5,2022-10-09,25-161,PHI,@,ARI,W 20-17,6.40,8.40,8.4,7.4,54,74.0,0,0.0,0,0.0,RB,SandMi01
1680,Jaylen Warren,6.40,25,Sun,12,13,2024-12-01,26-030,PIT,@,CIN,W 44-38,6.40,10.40,10.4,8.4,25,36.2,0,0.0,6,18.2,RB,WarrJa01
1681,Javonte Williams,6.40,30,Mon,13,13,2024-12-02,24-221,DEN,,CLE,W 41-32,6.40,7.40,7.4,6.9,30,45.5,0,0.0,0,0.0,RB,WillJa10
1682,Saquon Barkley,6.30,45,Sun,1,1,2023-09-10,26-213,NYG,,DAL,L 0-40,6.30,9.30,9.3,7.8,45,64.3,0,0.0,0,0.0,RB,BarkSa00
1683,Gary Brightwell,6.30,29,Sun,17,18,2023-01-08,23-314,NYG,@,PHI,L 16-22,6.30,7.30,7.3,6.8,29,46.0,0,0.0,18,64.3,RB,BrigGa00
1684,James Conner,6.30,24,Sun,5,5,2022-10-09,27-157,ARI,,PHI,L 17-20,6.30,7.30,7.3,6.8,24,34.8,0,0.0,0,0.0,RB,ConnJa00
1685,James Conner,6.30,42,Sun,11,11,2023-11-19,28-198,ARI,@,HOU,L 16-21,6.30,8.30,8.3,7.3,42,68.9,0,0.0,0,0.0,RB,ConnJa00
1686,James Cook,6.30,41,Mon,1,1,2023-09-11,23-351,BUF,@,NYJ,L 16-22 (OT),6.30,10.30,10.3,8.3,41,59.4,0,0.0,0,0.0,RB,CookJa01
1687,AJ Dillon,6.30,28,Sun,8,8,2022-10-30,24-181,GNB,@,BUF,L 17-27,6.30,7.30,7.3,6.8,28,42.4,0,0.0,1,4.5,RB,DillAJ00
1688,AJ Dillon,6.30,34,Sun,2,2,2023-09-17,25-138,GNB,@,ATL,L 24-25,6.30,7.30,7.3,6.8,34,68.0,0,0.0,0,0.0,RB,DillAJ00
1689,Austin Ekeler,6.30,40,Sun,9,10,2022-11-13,27-180,LAC,@,SFO,L 16-22,6.30,13.30,13.3,9.8,40,69.0,0,0.0,0,0.0,RB,EkelAu00
1690,Antonio Gibson,6.30,29,Sat,16,17,2024-12-28,26-188,NWE,,LAC,L 7-40,6.30,6.30,6.3,6.3,29,54.7,0,0.0,9,34.6,RB,GibsAn00
1691,Antonio Gibson,6.30,30,Sun,4,4,2022-10-02,24-101,WAS,@,DAL,L 10-25,6.30,9.30,9.3,7.8,30,40.5,0,0.0,0,0.0,RB,GibsAn00
1692,C.J. Ham,6.30,7,Sun,9,10,2022-11-13,29-114,MIN,@,BUF,W 33-30 (OT),6.30,6.30,6.3,6.3,7,8.4,0,0.0,21,63.6,FB,HamxC.00
1693,Alec Ingold,6.30,42,Sun,5,5,2024-10-06,28-089,MIA,@,NWE,W 15-10,6.30,6.30,6.3,6.3,42,53.8,0,0.0,7,26.9,FB,IngoAl01
1694,Ty Johnson,6.30,11,Sun,4,4,2024-09-29,27-012,BUF,@,BAL,L 10-35,6.30,6.30,6.3,6.3,11,18.6,0,0.0,12,44.4,RB,JohnTy02
1695,Alexander Mattison,6.30,31,Mon,12,12,2023-11-27,25-161,MIN,,CHI,L 10-12,6.30,8.30,8.3,7.3,31,56.4,0,0.0,0,0.0,RB,MattAl01
1696,J.D. McKissic,6.30,34,Sun,2,2,2022-09-18,29-034,WAS,@,DET,L 27-36,6.30,13.30,13.3,9.8,34,45.9,0,0.0,0,0.0,RB,McKiJ.00
1697,Isiah Pacheco,6.30,17,Sun,4,4,2022-10-02,23-214,KAN,@,TAM,W 41-31,6.30,6.30,6.3,6.3,17,21.3,0,0.0,13,43.3,RB,PachIs00
1698,Tony Pollard,6.30,29,Sun,9,10,2024-11-10,27-194,TEN,@,LAC,L 17-27,6.30,10.30,10.3,8.3,29,53.7,0,0.0,0,0.0,RB,PollTo00
1699,Tony Pollard,6.30,58,Sun,8,9,2023-11-05,26-189,DAL,@,PHI,L 23-28,6.30,9.30,9.3,7.8,58,77.3,0,0.0,0,0.0,RB,PollTo00
1700,Patrick Ricard,6.30,36,Sun,9,9,2024-11-03,30-160,BAL,,DEN,W 41-10,6.30,7.30,7.3,6.8,36,63.2,0,0.0,0,0.0,FB,RicaPa00
1701,Bijan Robinson,6.30,42,Sun,11,11,2024-11-17,22-292,ATL,@,DEN,L 6-38,6.30,10.30,10.3,8.3,42,71.2,0,0.0,0,0.0,RB,RobiBi01
1702,Devin Singletary,6.30,33,Sun,15,16,2023-12-24,26-112,HOU,,CLE,L 22-36,6.30,9.30,9.3,7.8,33,44.0,0,0.0,0,0.0,RB,SingDe00
1703,Tyjae Spears,6.30,31,Sun,6,6,2023-10-15,22-122,TEN,,BAL,L 16-24,6.30,7.30,7.3,6.8,31,56.4,0,0.0,7,22.6,RB,SpeaTy00
1704,D'Andre Swift,6.30,24,Thu,11,12,2022-11-24,23-314,DET,,BUF,L 25-28,6.30,10.30,10.3,8.3,24,33.8,0,0.0,0,0.0,RB,SwifDA00
1705,Jonathan Taylor,6.30,37,Sun,2,2,2022-09-18,23-242,IND,@,JAX,L 0-24,6.30,7.30,7.3,6.8,37,74.0,0,0.0,0,0.0,RB,TaylJo02
1706,Jaylen Warren,6.30,38,Sun,5,5,2022-10-09,23-342,PIT,@,BUF,L 3-38,6.30,10.30,10.3,8.3,38,50.7,0,0.0,9,36.0,RB,WarrJa01
1707,Jamaal Williams,6.30,26,Sun,6,7,2022-10-23,27-203,DET,@,DAL,L 6-24,6.30,7.30,8.3,6.8,26,44.1,0,0.0,0,0.0,RB,WillJa06
1708,De'Von Achane,6.20,24,Sun,14,15,2023-12-17,22-065,MIA,,NYJ,W 30-0,6.20,9.20,9.2,7.7,24,39.3,0,0.0,0,0.0,RB,AchaDe00
1709,Cam Akers,6.20,27,Sun,2,2,2022-09-18,23-088,LAR,,ATL,W 31-27,6.20,8.20,8.2,7.2,27,42.9,0,0.0,0,0.0,RB,AkerCa00
1710,Zach Charbonnet,6.20,42,Sun,9,10,2023-11-12,22-308,SEA,,WAS,W 29-26,6.20,10.20,10.2,8.2,42,51.9,0,0.0,11,31.4,RB,CharZa00
1711,Malik Davis,6.20,26,Thu,16,17,2022-12-29,24-033,DAL,@,TEN,W 27-13,6.20,8.20,8.2,7.2,26,32.5,0,0.0,4,16.0,RB,DaviMa02
1712,J.K. Dobbins,6.20,40,Sun,4,4,2024-09-29,25-287,LAC,,KAN,L 10-17,6.20,9.20,9.2,7.7,40,71.4,0,0.0,0,0.0,RB,DobbJK00
1713,Austin Ekeler,6.20,50,Mon,5,6,2023-10-16,28-152,LAC,,DAL,L 17-20,6.20,10.20,10.2,8.2,50,68.5,0,0.0,0,0.0,RB,EkelAu00
1714,Austin Ekeler,6.20,31,Sun,1,1,2024-09-08,29-114,WAS,@,TAM,L 20-37,6.20,10.20,10.2,8.2,31,52.5,0,0.0,8,29.6,RB,EkelAu00
1715,Jerome Ford,6.20,57,Mon,12,13,2024-12-02,25-081,CLE,@,DEN,L 32-41,6.20,7.20,7.2,6.7,57,66.3,0,0.0,8,21.6,RB,FordJe00
1716,Kenneth Gainwell,6.20,25,Sun,17,18,2024-01-07,24-299,PHI,@,NYG,L 10-27,6.20,6.20,6.2,6.2,25,38.5,0,0.0,10,38.5,RB,GainKe00
1717,Derrick Henry,6.20,37,Sun,5,5,2023-10-08,29-277,TEN,@,IND,L 16-23,6.20,9.20,9.2,7.7,37,61.7,0,0.0,0,0.0,RB,HenrDe00
1718,Roschon Johnson,6.20,33,Sun,3,3,2024-09-22,23-235,CHI,@,IND,L 16-21,6.20,10.20,10.2,8.2,33,36.7,0,0.0,13,56.5,RB,JohnRo07
1719,Alvin Kamara,6.20,45,Mon,9,9,2022-11-07,27-105,NOR,,BAL,L 13-27,6.20,9.20,9.2,7.7,45,88.2,0,0.0,0,0.0,RB,KamaAl00
1720,Christian McCaffrey,6.20,23,Sun,7,7,2022-10-23,26-138,SFO,,KAN,L 23-44,6.20,8.20,8.2,7.2,23,29.1,0,0.0,0,0.0,RB,McCaCh01
1721,Jaleel McLaughlin,6.20,19,Sun,16,17,2023-12-31,23-109,DEN,,LAC,W 16-9,6.20,9.20,9.2,7.7,19,27.5,0,0.0,7,25.0,RB,McLaJa00
1722,Keaton Mitchell,6.20,24,Sun,13,14,2023-12-10,21-327,BAL,,LAR,W 37-31 (OT),6.20,7.20,7.2,6.7,24,33.3,0,0.0,6,16.2,RB,MitcKe01
1723,Joe Mixon,6.20,14,Sun,10,11,2022-11-20,26-119,CIN,@,PIT,W 37-30,6.20,9.20,9.2,7.7,14,21.2,0,0.0,0,0.0,RB,MixoJo00
1724,Joe Mixon,6.20,38,Sun,6,6,2023-10-15,27-083,CIN,,SEA,W 17-13,6.20,9.20,9.2,7.7,38,70.4,0,0.0,0,0.0,RB,MixoJo00
1725,Zack Moss,6.20,35,Sun,7,7,2023-10-22,25-311,IND,,CLE,L 38-39,6.20,7.20,7.2,6.7,35,50.0,0,0.0,0,0.0,RB,MossZa00
1726,Dare Ogunbowale,6.20,8,Sun,6,7,2022-10-23,28-172,HOU,@,LVR,L 20-38,6.20,11.20,11.2,8.7,8,12.3,0,0.0,16,59.3,RB,OgunDa00
1727,Isiah Pacheco,6.20,35,Sun,9,10,2022-11-13,23-256,KAN,,JAX,W 27-17,6.20,6.20,7.2,6.2,35,55.6,0,0.0,4,15.4,RB,PachIs00
1728,Cordarrelle Patterson,6.20,9,Sun,4,4,2024-09-29,33-196,PIT,@,IND,L 24-27,6.20,8.20,8.2,7.2,9,12.9,0,0.0,3,11.1,RB,PattCo00
1729,Tony Pollard,6.20,45,Sun,17,18,2025-01-05,27-250,TEN,,HOU,L 14-23,6.20,6.20,6.2,6.2,45,72.6,0,0.0,0,0.0,RB,PollTo00
1730,Devin Singletary,6.20,35,Thu,1,1,2022-09-08,25-005,BUF,@,LAR,W 31-10,6.20,8.20,8.2,7.2,35,59.3,0,0.0,0,0.0,RB,SingDe00
1731,Devin Singletary,6.20,34,Sun,6,6,2023-10-15,26-042,HOU,,NOR,W 20-13,6.20,7.20,7.2,6.7,34,54.0,0,0.0,4,15.4,RB,SingDe00
1732,Rhamondre Stevenson,6.20,47,Sun,3,3,2023-09-24,25-213,NWE,@,NYJ,W 15-10,6.20,7.20,7.2,6.7,47,65.3,0,0.0,0,0.0,RB,StevRh00
1733,Kyren Williams,6.20,65,Mon,9,10,2024-11-11,24-077,LAR,,MIA,L 15-23,6.20,11.20,12.2,8.7,65,92.9,0,0.0,0,0.0,RB,WillKy02
1734,Cam Akers,6.10,25,Sun,10,11,2022-11-20,23-151,LAR,@,NOR,L 20-27,6.10,6.10,6.1,6.1,25,39.1,0,0.0,0,0.0,RB,AkerCa00
1735,Cam Akers,6.10,27,Mon,7,7,2023-10-23,24-123,MIN,,SFO,W 22-17,6.10,8.10,8.1,7.1,27,38.6,0,0.0,0,0.0,RB,AkerCa00
1736,Saquon Barkley,6.10,35,Sun,10,10,2023-11-12,26-276,NYG,@,DAL,L 17-49,6.10,7.10,7.1,6.6,35,61.4,0,0.0,0,0.0,RB,BarkSa00
1737,Nick Bawden,6.10,5,Sun,3,3,2023-09-24,27-094,NYJ,,NWE,L 10-15,6.10,6.10,6.1,6.1,5,7.9,0,0.0,22,71.0,FB,BawdNi00
1738,Eno Benjamin,6.10,22,Sun,1,1,2022-09-11,23-151,ARI,,KAN,L 21-44,6.10,9.10,9.1,7.6,22,33.8,0,0.0,13,48.1,RB,BenjEn00
1739,Chase Brown,6.10,11,Mon,12,13,2023-12-04,23-258,CIN,@,JAX,W 34-31 (OT),6.10,6.10,6.1,6.1,11,15.1,0,0.0,17,53.1,RB,BrowCh10
1740,Michael Burton,6.10,13,Mon,13,13,2024-12-02,32-305,DEN,,CLE,W 41-32,6.10,6.10,6.1,6.1,13,19.7,0,0.0,22,59.5,FB,BurtMi00
1741,Michael Carter,6.10,33,Sun,8,8,2022-10-30,23-176,NYJ,,NWE,L 17-22,6.10,10.10,10.1,8.1,33,55.9,0,0.0,0,0.0,RB,CartMi03
1742,DeeJay Dallas,6.10,16,Sun,15,16,2024-12-22,26-097,ARI,@,CAR,L 30-36 (OT),6.10,7.10,7.1,6.6,16,22.9,0,0.0,22,66.7,RB,DallDe00
1743,AJ Dillon,6.10,52,Sun,10,11,2023-11-19,25-201,GNB,,LAC,W 23-20,6.10,10.10,10.1,8.1,52,72.2,0,0.0,3,11.5,RB,DillAJ00
1744,Ezekiel Elliott,6.10,3,Sun,15,16,2024-12-22,29-153,DAL,,TAM,W 26-24,6.10,6.10,6.1,6.1,3,5.0,0,0.0,0,0.0,RB,ElliEz00
1745,Antonio Gibson,6.10,42,Sun,17,18,2025-01-05,26-196,NWE,,BUF,W 23-16,6.10,10.10,10.1,8.1,42,65.6,0,0.0,4,16.0,RB,GibsAn00
1746,Zander Horvath,6.10,8,Thu,2,2,2022-09-15,23-279,LAC,@,KAN,L 24-27,6.10,7.10,7.1,6.6,8,10.7,0,0.0,20,62.5,FB,HorvZa00
1747,Kareem Hunt,6.10,32,Thu,3,3,2022-09-22,27-047,CLE,,PIT,W 29-17,6.10,9.10,9.1,7.6,32,44.4,0,0.0,0,0.0,RB,HuntKa00
1748,D'Ernest Johnson,6.10,30,Sun,11,12,2023-11-26,27-272,JAX,@,HOU,W 24-21,6.10,7.10,7.1,6.6,30,39.5,0,0.0,4,15.4,RB,JohnDE04
1749,Kyle Juszczyk,6.10,40,Sun,2,2,2022-09-18,31-148,SFO,,SEA,W 27-7,6.10,6.10,6.1,6.1,40,52.6,0,0.0,5,21.7,FB,JuszKy00
1750,Alexander Mattison,6.10,14,Sun,2,2,2024-09-15,26-088,LVR,@,BAL,W 26-23,6.10,6.10,6.1,6.1,14,22.2,0,0.0,2,6.1,RB,MattAl01
1751,Raheem Mostert,6.10,24,Sun,17,18,2023-01-08,30-274,MIA,,NYJ,W 11-6,6.10,8.10,8.1,7.1,24,36.9,0,0.0,2,9.1,RB,MostRa00
1752,Latavius Murray,6.10,36,Sun,12,13,2022-12-04,32-320,DEN,@,BAL,L 9-10,6.10,10.10,10.1,8.1,36,67.9,0,0.0,0,0.0,RB,MurrLa00
1753,Chris Myarick,6.10,14,Sun,1,1,2022-09-11,26-340,NYG,@,TEN,W 21-20,6.10,7.10,7.1,6.6,14,23.3,0,0.0,17,60.7,FB,MyarCh00
1754,Isiah Pacheco,6.10,32,Sun,13,14,2024-12-08,25-281,KAN,,LAC,W 19-17,6.10,8.10,8.1,7.1,32,46.4,0,0.0,0,0.0,RB,PachIs00
1755,Tony Pollard,6.10,44,Thu,11,12,2022-11-24,25-208,DAL,,NYG,W 28-20,6.10,8.10,8.1,7.1,44,58.7,0,0.0,1,4.3,RB,PollTo00
1756,Miles Sanders,6.10,18,Sun,8,9,2023-11-05,26-188,CAR,,IND,L 13-27,6.10,9.10,9.1,7.6,18,25.4,0,0.0,0,0.0,RB,SandMi01
1757,Miles Sanders,6.10,22,Sun,16,17,2023-01-01,25-245,PHI,,NOR,L 10-20,6.10,6.10,6.1,6.1,22,40.0,0,0.0,0,0.0,RB,SandMi01
1758,Tyjae Spears,6.10,20,Sun,3,3,2024-09-22,23-099,TEN,,GNB,L 14-30,6.10,10.10,10.1,8.1,20,37.0,0,0.0,0,0.0,RB,SpeaTy00
1759,Pierre Strong,6.10,13,Mon,2,2,2023-09-18,24-282,CLE,@,PIT,L 22-26,6.10,6.10,6.1,6.1,13,14.9,0,0.0,15,48.4,RB,StroPi00
1760,Jaylen Warren,6.10,32,Sun,2,2,2024-09-15,25-319,PIT,@,DEN,W 13-6,6.10,8.10,8.1,7.1,32,48.5,0,0.0,3,12.0,RB,WarrJa01
1761,Derek Watt,6.10,6,Sun,17,18,2023-01-08,30-062,PIT,,CLE,W 28-14,6.10,6.10,6.1,6.1,6,8.2,0,0.0,15,68.2,FB,WattDe00
1762,Tyler Allgeier,6.00,34,Sun,5,5,2023-10-08,23-176,ATL,,HOU,W 21-19,6.00,6.00,6.0,6.0,34,44.2,0,0.0,0,0.0,RB,AllgTy00
1763,Zach Charbonnet,6.00,29,Sun,17,18,2024-01-07,22-364,SEA,@,ARI,W 21-20,6.00,8.00,8.0,7.0,29,52.7,0,0.0,5,19.2,RB,CharZa00
1764,Travis Etienne,6.00,30,Sun,4,4,2024-09-29,25-247,JAX,@,HOU,L 20-24,6.00,7.00,7.0,6.5,30,51.7,0,0.0,0,0.0,RB,EtieTr00
1765,Travis Etienne,6.00,22,Sun,5,5,2024-10-06,25-254,JAX,,IND,W 37-34,6.00,12.00,12.0,9.0,22,37.9,0,0.0,0,0.0,RB,EtieTr00
1766,Travis Etienne,6.00,30,Sun,17,18,2025-01-05,25-345,JAX,@,IND,L 23-26 (OT),6.00,9.00,9.0,7.5,30,43.5,0,0.0,0,0.0,RB,EtieTr00
1767,D'Onta Foreman,6.00,21,Sun,5,5,2024-10-06,28-165,CLE,@,WAS,L 13-34,6.00,7.00,7.0,6.5,21,33.9,0,0.0,7,22.6,RB,ForeDO00
1768,Leonard Fournette,6.00,52,Sun,9,9,2022-11-06,27-292,TAM,,LAR,W 16-13,6.00,11.00,11.0,8.5,52,61.9,0,0.0,0,0.0,RB,FourLe00
1769,Kenneth Gainwell,6.00,31,Sun,14,15,2024-12-15,25-276,PHI,,PIT,W 27-13,6.00,9.00,9.0,7.5,31,38.8,0,0.0,10,40.0,RB,GainKe00
1770,Jahmyr Gibbs,6.00,19,Thu,1,1,2023-09-07,21-171,DET,@,KAN,W 21-20,6.00,8.00,8.0,7.0,19,27.1,0,0.0,0,0.0,RB,GibbJa01
1771,Breece Hall,6.00,49,Mon,8,9,2023-11-06,22-159,NYJ,,LAC,L 6-27,6.00,10.00,10.0,8.0,49,60.5,0,0.0,0,0.0,RB,HallBr03
1772,Breece Hall,6.00,42,Sun,12,13,2024-12-01,23-184,NYJ,,SEA,L 21-26,6.00,6.00,7.0,6.0,42,61.8,0,0.0,0,0.0,RB,HallBr03
1773,Justice Hill,6.00,28,Sun,3,3,2022-09-25,24-315,BAL,@,NWE,W 37-26,6.00,6.00,6.0,6.0,28,46.7,0,0.0,12,44.4,RB,HillJu00
1774,Kareem Hunt,6.00,38,Sun,10,11,2024-11-17,29-103,KAN,@,BUF,L 21-30,6.00,6.00,6.0,6.0,38,69.1,0,0.0,0,0.0,RB,HuntKa00
1775,Roschon Johnson,6.00,36,Sun,14,15,2023-12-17,22-320,CHI,@,CLE,L 17-20,6.00,10.00,10.0,8.0,36,49.3,0,0.0,9,25.7,RB,JohnRo07
1776,Alexander Mattison,6.00,48,Sun,11,11,2023-11-19,25-153,MIN,@,DEN,L 20-21,6.00,7.00,8.0,6.5,48,64.9,0,0.0,0,0.0,RB,MattAl01
1777,Alexander Mattison,6.00,21,Sun,4,4,2024-09-29,26-102,LVR,,CLE,W 20-16,6.00,6.00,6.0,6.0,21,35.6,0,0.0,0,0.0,RB,MattAl01
1778,Joe Mixon,6.00,28,Sun,11,12,2023-11-26,27-125,CIN,,PIT,L 10-16,6.00,8.00,8.0,7.0,28,65.1,0,0.0,0,0.0,RB,MixoJo00
1779,Latavius Murray,6.00,31,Sun,15,16,2022-12-25,32-341,DEN,@,LAR,L 14-51,6.00,7.00,7.0,6.5,31,46.3,0,0.0,0,0.0,RB,MurrLa00
1780,Cordarrelle Patterson,6.00,25,Sun,13,13,2022-12-04,31-262,ATL,,PIT,L 16-19,6.00,6.00,6.0,6.0,25,46.3,0,0.0,6,24.0,RB,PattCo00
1781,Cordarrelle Patterson,6.00,14,Sun,14,15,2023-12-17,32-275,ATL,@,CAR,L 7-9,6.00,7.00,7.0,6.5,14,26.9,0,0.0,3,15.8,RB,PattCo00
1782,Tony Pollard,6.00,37,Sun,4,4,2023-10-01,26-154,DAL,,NWE,W 38-3,6.00,9.00,9.0,7.5,37,52.9,0,0.0,0,0.0,RB,PollTo00
1783,Tony Pollard,6.00,24,Sun,15,16,2024-12-22,27-236,TEN,@,IND,L 30-38,6.00,8.00,8.0,7.0,24,39.3,0,0.0,0,0.0,RB,PollTo00
1784,Bijan Robinson,6.00,54,Sun,3,3,2023-09-24,21-237,ATL,@,DET,L 6-20,6.00,10.00,10.0,8.0,54,80.6,0,0.0,0,0.0,RB,RobiBi01
1785,Tyjae Spears,6.00,38,Sun,9,10,2023-11-12,22-150,TEN,@,TAM,L 6-20,6.00,10.00,10.0,8.0,38,60.3,0,0.0,5,21.7,RB,SpeaTy00
1786,Jonathan Taylor,6.00,63,Sun,11,11,2024-11-17,25-303,IND,@,NYJ,W 28-27,6.00,7.00,7.0,6.5,63,90.0,0,0.0,0,0.0,RB,TaylJo02
1787,Jamaal Williams,6.00,21,Sun,2,2,2022-09-18,27-168,DET,,WAS,W 36-27,6.00,7.00,7.0,6.5,21,34.4,0,0.0,0,0.0,RB,WillJa06
1788,Javonte Williams,6.00,33,Sun,3,3,2022-09-25,22-153,DEN,,SFO,W 11-10,6.00,9.00,9.0,7.5,33,44.6,0,0.0,0,0.0,RB,WillJa10
1789,Kyren Williams,6.00,38,Sun,11,12,2022-11-27,22-093,LAR,@,KAN,L 10-26,6.00,9.00,9.0,7.5,38,70.4,0,0.0,5,20.8,RB,WillKy02
1790,Najee Harris,5.96,54,Sun,8,8,2022-10-30,24-235,PIT,@,PHI,L 13-35,5.96,11.96,12.0,9.0,54,71.1,0,0.0,0,0.0,RB,HarrNa00
1791,Tyler Allgeier,5.90,18,Sun,10,10,2024-11-10,24-209,ATL,@,NOR,L 17-20,5.90,5.90,5.9,5.9,18,23.1,0,0.0,17,63.0,RB,AllgTy00
1792,Chris Brooks,5.90,18,Sun,17,18,2025-01-05,24-360,GNB,,CHI,L 22-24,5.90,5.90,5.9,5.9,18,27.7,0,0.0,6,22.2,RB,BrooCh00
1793,Dalvin Cook,5.90,27,Mon,1,1,2023-09-11,28-032,NYJ,,BUF,W 22-16 (OT),5.90,8.90,8.9,7.4,27,50.0,0,0.0,0,0.0,RB,CookDa01
1794,J.K. Dobbins,5.90,22,Sat,15,16,2022-12-24,24-007,BAL,,ATL,W 17-9,5.90,5.90,5.9,5.9,22,42.3,0,0.0,0,0.0,RB,DobbJK00
1795,J.K. Dobbins,5.90,21,Mon,11,12,2024-11-25,25-344,LAC,,BAL,L 23-30,5.90,8.90,8.9,7.4,21,30.4,0,0.0,0,0.0,RB,DobbJK00
1796,Rico Dowdle,5.90,30,Sun,2,2,2024-09-15,26-093,DAL,,NOR,L 19-44,5.90,9.90,9.9,7.9,30,42.9,0,0.0,0,0.0,RB,DowdRi01
1797,Gus Edwards,5.90,33,Sun,2,2,2024-09-15,29-155,LAC,@,CAR,W 26-3,5.90,5.90,5.9,5.9,33,47.8,0,0.0,0,0.0,RB,EdwaGu00
1798,Travis Etienne,5.90,47,Sun,10,11,2023-11-19,24-297,JAX,,TEN,W 34-14,5.90,8.90,8.9,7.4,47,66.2,0,0.0,0,0.0,RB,EtieTr00
1799,Travis Etienne,5.90,43,Sun,14,15,2023-12-17,24-325,JAX,,BAL,L 7-23,5.90,9.90,9.9,7.9,43,69.4,0,0.0,0,0.0,RB,EtieTr00
1800,Antonio Gibson,5.90,42,Sun,13,13,2022-12-04,24-164,WAS,@,NYG,T 20-20 (OT),5.90,7.90,7.9,6.9,42,49.4,0,0.0,5,14.7,RB,GibsAn00
1801,Caleb Huntley,5.90,20,Sun,6,6,2022-10-16,24-031,ATL,,SFO,W 28-14,5.90,5.90,5.9,5.9,20,34.5,0,0.0,0,0.0,RB,HuntCa02
1802,Elijah Mitchell,5.90,13,Mon,10,11,2022-11-21,24-203,SFO,@,ARI,W 38-10,5.90,5.90,5.9,5.9,13,22.4,0,0.0,0,0.0,RB,MitcEl00
1803,Joe Mixon,5.90,38,Mon,8,8,2022-10-31,26-099,CIN,@,CLE,L 13-32,5.90,12.90,12.9,9.4,38,71.7,0,0.0,0,0.0,RB,MixoJo00
1804,Jonathan Taylor,5.90,39,Sun,9,9,2024-11-03,25-289,IND,@,MIN,L 13-21,5.90,8.90,8.9,7.4,39,72.2,0,0.0,0,0.0,RB,TaylJo02
1805,Kenneth Walker III,5.90,38,Sun,15,16,2024-12-22,24-063,SEA,,MIN,L 24-27,5.90,13.90,13.9,9.9,38,59.4,0,0.0,0,0.0,RB,WalkKe00
1806,Jaylen Warren,5.90,35,Sun,7,7,2024-10-20,25-354,PIT,,NYJ,W 37-15,5.90,7.90,7.9,6.9,35,51.5,0,0.0,3,10.3,RB,WarrJa01
1807,Jaylen Warren,5.90,26,Mon,8,8,2024-10-28,25-362,PIT,,NYG,W 26-18,5.90,7.90,7.9,6.9,26,39.4,0,0.0,6,20.0,RB,WarrJa01
1808,De'Von Achane,5.80,45,Sun,3,3,2024-09-22,22-345,MIA,@,SEA,L 3-24,5.80,8.80,8.8,7.3,45,73.8,0,0.0,3,11.1,RB,AchaDe00
1809,Saquon Barkley,5.80,66,Sun,16,17,2023-12-31,26-325,NYG,,LAR,L 25-26,5.80,8.80,8.8,7.3,66,89.2,0,0.0,0,0.0,RB,BarkSa00
1810,Zach Charbonnet,5.80,49,Thu,11,12,2023-11-23,22-319,SEA,,SFO,L 13-31,5.80,9.80,9.8,7.8,49,87.5,0,0.0,0,0.0,RB,CharZa00
1811,Chase Edmonds,5.80,12,Sun,13,14,2023-12-10,27-241,TAM,@,ATL,W 29-25,5.80,7.80,7.8,6.8,12,17.6,0,0.0,12,37.5,RB,EdmoCh00
1812,Austin Ekeler,5.80,42,Sun,8,8,2024-10-27,29-163,WAS,,CHI,W 18-15,5.80,7.80,7.8,6.8,42,56.8,0,0.0,3,11.5,RB,EkelAu00
1813,Travis Etienne,5.80,37,Sun,12,13,2024-12-01,25-310,JAX,,HOU,L 20-23,5.80,8.80,8.8,7.3,37,52.9,0,0.0,0,0.0,RB,EtieTr00
1814,Kenneth Gainwell,5.80,30,Sat,15,16,2022-12-24,23-285,PHI,@,DAL,L 34-40,5.80,9.80,9.8,7.8,30,42.3,0,0.0,0,0.0,RB,GainKe00
1815,Damien Harris,5.80,22,Sun,1,1,2022-09-11,25-212,NWE,@,MIA,L 7-20,5.80,7.80,7.8,6.8,22,38.6,0,0.0,0,0.0,RB,HarrDa06
1816,Khalil Herbert,5.80,32,Sun,2,2,2023-09-17,25-149,CHI,@,TAM,L 17-27,5.80,6.80,6.8,6.3,32,60.4,0,0.0,0,0.0,RB,HerbKh00
1817,Justice Hill,5.80,19,Sun,9,9,2024-11-03,26-355,BAL,,DEN,W 41-10,5.80,8.80,8.8,7.3,19,33.3,0,0.0,3,12.0,RB,HillJu00
1818,Ty Johnson,5.80,20,Sun,14,15,2023-12-17,26-091,BUF,,DAL,W 31-10,5.80,6.80,6.8,6.3,20,29.4,0,0.0,2,8.3,RB,JohnTy02
1819,Jerick McKinnon,5.80,24,Sun,9,10,2022-11-13,30-194,KAN,,JAX,W 27-17,5.80,11.80,11.8,8.8,24,38.1,0,0.0,8,30.8,RB,McKiJe00
1820,Brian Robinson Jr.,5.80,32,Sat,15,16,2022-12-24,23-277,WAS,@,SFO,L 20-37,5.80,5.80,5.8,5.8,32,43.8,0,0.0,0,0.0,RB,RobiBr01
1821,Tyjae Spears,5.80,35,Sun,4,4,2023-10-01,22-108,TEN,,CIN,W 27-3,5.80,8.80,8.8,7.3,35,53.0,0,0.0,2,9.5,RB,SpeaTy00
1822,Javonte Williams,5.80,30,Sun,2,2,2023-09-17,23-145,DEN,,WAS,L 33-35,5.80,7.80,7.8,6.8,30,45.5,0,0.0,0,0.0,RB,WillJa10
1823,Javonte Williams,5.80,31,Sun,16,17,2023-12-31,23-250,DEN,,LAC,W 16-9,5.80,8.80,8.8,7.3,31,44.9,0,0.0,0,0.0,RB,WillJa10
1824,James Conner,5.70,50,Sun,3,3,2022-09-25,27-143,ARI,,LAR,L 12-20,5.70,8.70,8.7,7.2,50,60.2,0,0.0,0,0.0,RB,ConnJa00
1825,Tyler Goodson,5.70,29,Sun,5,5,2024-10-06,23-331,IND,@,JAX,L 34-37,5.70,8.70,8.7,7.2,29,41.4,0,0.0,15,44.1,RB,GoodTy00
1826,Khalil Herbert,5.70,23,Sun,10,10,2022-11-13,24-206,CHI,,DET,L 30-31,5.70,5.70,5.7,5.7,23,37.7,0,0.0,6,20.7,RB,HerbKh00
1827,Justice Hill,5.70,25,Sun,4,4,2022-10-02,24-322,BAL,,BUF,L 20-23,5.70,7.70,7.7,6.7,25,35.7,0,0.0,5,20.0,RB,HillJu00
1828,Justice Hill,5.70,42,Mon,15,16,2023-12-25,26-041,BAL,@,SFO,W 33-19,5.70,8.70,8.7,7.2,42,61.8,0,0.0,4,14.8,RB,HillJu00
1829,Mark Ingram,5.70,24,Sun,6,6,2022-10-16,32-299,NOR,,CIN,L 26-30,5.70,6.70,6.7,6.2,24,33.3,0,0.0,0,0.0,RB,IngrMa01
1830,Ty Johnson,5.70,33,Sun,16,17,2023-01-01,25-106,NYJ,@,SEA,L 6-23,5.70,6.70,6.7,6.2,33,47.1,0,0.0,5,20.0,RB,JohnTy02
1831,Aaron Jones,5.70,23,Sun,6,7,2023-10-22,28-324,GNB,@,DEN,L 17-19,5.70,8.70,8.7,7.2,23,35.9,0,0.0,0,0.0,RB,JoneAa00
1832,Zack Moss,5.70,67,Sun,12,13,2023-12-03,25-353,IND,@,TEN,W 31-28 (OT),5.70,7.70,7.7,6.7,67,94.4,0,0.0,0,0.0,RB,MossZa00
1833,Tony Pollard,5.70,41,Sun,14,15,2023-12-17,26-231,DAL,@,BUF,L 10-31,5.70,7.70,7.7,6.7,41,71.9,0,0.0,0,0.0,RB,PollTo00
1834,Ronnie Rivers,5.70,23,Sun,4,4,2023-10-01,24-243,LAR,@,IND,W 29-23 (OT),5.70,7.70,7.7,6.7,23,28.0,0,0.0,12,44.4,RB,RiveRo01
1835,Brian Robinson Jr.,5.70,23,Sun,11,11,2022-11-20,23-243,WAS,@,HOU,W 23-10,5.70,5.70,5.7,5.7,23,33.8,0,0.0,0,0.0,RB,RobiBr01
1836,Rachaad White,5.70,40,Sun,13,14,2022-12-11,23-333,TAM,@,SFO,L 7-35,5.70,10.70,11.7,8.2,40,52.6,0,0.0,3,14.3,RB,WhitRa01
1837,Javonte Williams,5.70,29,Sun,1,1,2023-09-10,23-138,DEN,,LVR,L 16-17,5.70,9.70,9.7,7.7,29,45.3,0,0.0,0,0.0,RB,WillJa10
1838,Kyren Williams,5.70,47,Sun,5,5,2023-10-08,23-043,LAR,,PHI,L 14-23,5.70,7.70,7.7,6.7,47,83.9,0,0.0,0,0.0,RB,WillKy02
1839,James Conner,5.60,44,Sun,4,4,2023-10-01,28-149,ARI,@,SFO,L 16-35,5.60,6.60,6.6,6.1,44,62.0,0,0.0,0,0.0,RB,ConnJa00
1840,Dalvin Cook,5.60,59,Thu,11,12,2022-11-24,27-106,MIN,,NWE,W 33-26,5.60,9.60,9.6,7.6,59,85.5,0,0.0,0,0.0,RB,CookDa01
1841,Rico Dowdle,5.60,37,Sun,3,3,2024-09-22,26-100,DAL,,BAL,L 25-28,5.60,8.60,8.6,7.1,37,46.3,0,0.0,0,0.0,RB,DowdRi01
1842,Rico Dowdle,5.60,31,Sun,9,10,2024-11-10,26-149,DAL,,PHI,L 6-34,5.60,8.60,8.6,7.1,31,51.7,0,0.0,0,0.0,RB,DowdRi01
1843,Chase Edmonds,5.60,15,Sun,16,17,2023-12-31,27-262,TAM,,NOR,L 13-23,5.60,10.60,10.6,8.1,15,26.8,0,0.0,12,46.2,RB,EdmoCh00
1844,Royce Freeman,5.60,24,Sun,14,15,2022-12-18,26-297,HOU,,KAN,L 24-30 (OT),5.60,6.60,6.6,6.1,24,38.1,0,0.0,5,17.9,RB,FreeRo00
1845,Jahmyr Gibbs,5.60,32,Sun,2,2,2023-09-17,21-181,DET,,SEA,L 31-37 (OT),5.60,12.60,12.6,9.1,32,48.5,0,0.0,0,0.0,RB,GibbJa01
1846,Antonio Gibson,5.60,28,Sun,5,5,2024-10-06,26-105,NWE,,MIA,L 10-15,5.60,6.60,6.6,6.1,28,46.7,0,0.0,5,19.2,RB,GibsAn00
1847,Darrell Henderson,5.60,28,Sun,8,9,2022-11-06,25-079,LAR,@,TAM,L 13-16,5.60,5.60,5.6,5.6,28,49.1,0,0.0,0,0.0,RB,HendDa00
1848,Jordan Mason,5.60,19,Sun,13,14,2022-12-11,23-201,SFO,,TAM,W 35-7,5.60,5.60,5.6,5.6,19,30.2,0,0.0,14,66.7,RB,MasoJo00
1849,J.D. McKissic,5.60,38,Sun,4,4,2022-10-02,29-048,WAS,@,DAL,L 10-25,5.60,8.60,8.6,7.1,38,51.4,0,0.0,0,0.0,RB,McKiJ.00
1850,Joe Mixon,5.60,32,Sun,14,15,2024-12-15,28-144,HOU,,MIA,W 20-12,5.60,10.60,10.6,8.1,32,64.0,0,0.0,0,0.0,RB,MixoJo00
1851,Zack Moss,5.60,54,Sun,13,14,2023-12-10,25-360,IND,@,CIN,L 14-34,5.60,9.60,9.6,7.6,54,84.4,0,0.0,0,0.0,RB,MossZa00
1852,Latavius Murray,5.60,19,Sun,4,4,2023-10-01,33-256,BUF,,MIA,W 48-20,5.60,7.60,7.6,6.6,19,32.8,0,0.0,0,0.0,RB,MurrLa00
1853,Cordarrelle Patterson,5.60,26,Sun,7,7,2023-10-22,32-219,ATL,@,TAM,W 16-13,5.60,5.60,5.6,5.6,26,40.0,0,0.0,4,19.0,RB,PattCo00
1854,Samaje Perine,5.60,19,Sun,5,5,2022-10-09,27-023,CIN,@,BAL,L 17-19,5.60,9.60,9.6,7.6,19,30.2,0,0.0,15,65.2,RB,PeriSa00
1855,Jonathan Taylor,5.60,40,Sun,8,8,2022-10-30,23-284,IND,,WAS,L 16-17,5.60,5.60,6.6,5.6,40,69.0,0,0.0,0,0.0,RB,TaylJo02
1856,Kenneth Walker III,5.60,36,Sun,15,16,2023-12-24,23-065,SEA,@,TEN,W 20-17,5.60,6.60,6.6,6.1,36,58.1,0,0.0,0,0.0,RB,WalkKe00
1857,Jamaal Williams,5.60,22,Sun,5,5,2022-10-09,27-189,DET,@,NWE,L 0-29,5.60,5.60,5.6,5.6,22,33.3,0,0.0,0,0.0,RB,WillJa06
1858,J.K. Dobbins,5.50,39,Sun,9,10,2024-11-10,25-329,LAC,,TEN,W 27-17,5.50,8.50,8.5,7.0,39,66.1,0,0.0,0,0.0,RB,DobbJK00
1859,Rico Dowdle,5.50,19,Sun,6,6,2024-10-13,26-121,DAL,,DET,L 9-47,5.50,10.50,10.5,8.0,19,27.5,0,0.0,0,0.0,RB,DowdRi01
1860,Gus Edwards,5.50,11,Sat,14,15,2022-12-17,27-248,BAL,@,CLE,L 3-13,5.50,5.50,5.5,5.5,11,17.5,0,0.0,0,0.0,RB,EdwaGu00
1861,Gus Edwards,5.50,15,Sun,9,10,2024-11-10,29-211,LAC,,TEN,W 27-17,5.50,5.50,5.5,5.5,15,25.4,0,0.0,0,0.0,RB,EdwaGu00
1862,Melvin Gordon,5.50,29,Sun,3,3,2023-09-24,30-164,BAL,,IND,L 19-22 (OT),5.50,7.50,7.5,6.5,29,40.3,0,0.0,0,0.0,RB,GordMe00
1863,Najee Harris,5.50,35,Sun,7,8,2023-10-29,25-234,PIT,,JAX,L 10-20,5.50,10.50,10.5,8.0,35,52.2,0,0.0,0,0.0,RB,HarrNa00
1864,Justice Hill,5.50,31,Sun,8,8,2023-10-29,25-349,BAL,@,ARI,W 31-24,5.50,9.50,9.5,7.5,31,47.7,0,0.0,3,10.7,RB,HillJu00
1865,Justice Hill,5.50,43,Thu,1,1,2024-09-05,26-296,BAL,@,KAN,L 20-27,5.50,11.50,11.5,8.5,43,53.8,0,0.0,0,0.0,RB,HillJu00
1866,David Montgomery,5.50,55,Sun,8,8,2022-10-30,25-145,CHI,@,DAL,L 29-49,5.50,8.50,9.5,7.0,55,69.6,0,0.0,0,0.0,RB,MontDa01
1867,Tony Pollard,5.50,42,Sun,7,8,2023-10-29,26-182,DAL,,LAR,W 43-20,5.50,6.50,6.5,6.0,42,64.6,0,0.0,0,0.0,RB,PollTo00
1868,Tony Pollard,5.50,54,Sun,9,10,2023-11-12,26-196,DAL,,NYG,W 49-17,5.50,5.50,5.5,5.5,54,69.2,0,0.0,0,0.0,RB,PollTo00
1869,James Robinson,5.50,27,Sun,6,6,2022-10-16,24-068,JAX,@,IND,L 27-34,5.50,6.50,6.5,6.0,27,42.9,0,0.0,0,0.0,RB,RobiJa00
1870,Tyjae Spears,5.50,24,Sun,2,2,2023-09-17,22-094,TEN,,LAC,W 27-24 (OT),5.50,7.50,7.5,6.5,24,36.9,0,0.0,0,0.0,RB,SpeaTy00
1871,Jaylen Warren,5.50,29,Sun,4,4,2023-10-01,24-334,PIT,@,HOU,L 6-30,5.50,11.50,11.5,8.5,29,49.2,0,0.0,6,24.0,RB,WarrJa01
1872,Jaylen Warren,5.50,26,Sun,12,13,2023-12-03,25-032,PIT,,ARI,L 10-24,5.50,6.50,6.5,6.0,26,42.6,0,0.0,5,20.8,RB,WarrJa01
1873,Tyler Allgeier,5.40,22,Sun,12,12,2022-11-27,22-226,ATL,@,WAS,L 13-19,5.40,5.40,5.4,5.4,22,38.6,0,0.0,2,8.3,RB,AllgTy00
1874,Saquon Barkley,5.40,49,Sun,5,6,2024-10-13,27-247,PHI,,CLE,W 20-16,5.40,7.40,7.4,6.4,49,79.0,0,0.0,0,0.0,RB,BarkSa00
1875,Zach Charbonnet,5.40,38,Mon,4,4,2024-09-30,23-266,SEA,@,DET,L 29-42,5.40,10.40,10.4,7.9,38,42.2,0,0.0,3,10.3,RB,CharZa00
1876,Nick Chubb,5.40,45,Sun,13,14,2022-12-11,26-349,CLE,@,CIN,L 10-23,5.40,8.40,8.4,6.9,45,62.5,0,0.0,0,0.0,RB,ChubNi00
1877,J.K. Dobbins,5.40,30,Sun,3,3,2024-09-22,25-280,LAC,@,PIT,L 10-20,5.40,8.40,8.4,6.9,30,65.2,0,0.0,0,0.0,RB,DobbJK00
1878,Darrynton Evans,5.40,34,Sun,7,7,2023-10-22,25-105,CHI,,LVR,W 30-12,5.40,6.40,6.4,5.9,34,47.9,0,0.0,5,21.7,RB,EvanDa02
1879,Jahmyr Gibbs,5.40,26,Sun,12,13,2023-12-03,21-258,DET,@,NOR,W 33-28,5.40,6.40,6.4,5.9,26,44.8,0,0.0,0,0.0,RB,GibbJa01
1880,Antonio Gibson,5.40,26,Sun,12,12,2022-11-27,24-157,WAS,,ATL,W 19-13,5.40,8.40,8.4,6.9,26,41.9,0,0.0,4,16.7,RB,GibsAn00
1881,Najee Harris,5.40,27,Thu,11,12,2024-11-21,26-257,PIT,@,CLE,L 19-24,5.40,7.40,7.4,6.4,27,39.1,0,0.0,0,0.0,RB,HarrNa00
1882,Justice Hill,5.40,26,Sun,3,3,2024-09-22,26-313,BAL,@,DAL,W 28-25,5.40,7.40,7.4,6.4,26,41.3,0,0.0,5,17.9,RB,HillJu00
1883,Nyheim Hines,5.40,26,Sun,1,1,2022-09-11,25-303,IND,@,HOU,T 20-20 (OT),5.40,11.40,11.4,8.4,26,28.3,0,0.0,8,25.0,RB,HineNy00
1884,Chuba Hubbard,5.40,45,Sun,7,8,2023-10-29,24-140,CAR,,HOU,W 15-13,5.40,7.40,7.4,6.4,45,67.2,0,0.0,0,0.0,RB,HubbCh01
1885,Kareem Hunt,5.40,32,Sun,10,11,2022-11-20,27-106,CLE,@,BUF,L 23-31,5.40,7.40,7.4,6.4,32,42.7,0,0.0,0,0.0,RB,HuntKa00
1886,Josh Jacobs,5.40,32,Sun,7,8,2022-10-30,24-261,LVR,@,NOR,L 0-24,5.40,7.40,7.4,6.4,32,55.2,0,0.0,0,0.0,RB,JacoJo01
1887,D'Ernest Johnson,5.40,17,Sun,10,11,2023-11-19,27-265,JAX,,TEN,W 34-14,5.40,6.40,6.4,5.9,17,23.9,0,0.0,5,20.0,RB,JohnDE04
1888,Aaron Jones,5.40,38,Sun,9,10,2023-11-12,28-345,GNB,@,PIT,L 19-23,5.40,9.40,9.4,7.4,38,55.9,0,0.0,0,0.0,RB,JoneAa00
1889,Phillip Lindsay,5.40,30,Thu,5,5,2022-10-06,28-074,IND,@,DEN,W 12-9 (OT),5.40,8.40,8.4,6.9,30,38.0,0,0.0,0,0.0,RB,LindPh00
1890,Joe Mixon,5.40,42,Sun,14,15,2022-12-18,26-147,CIN,@,TAM,W 34-23,5.40,10.40,10.4,7.9,42,63.6,0,0.0,0,0.0,RB,MixoJo00
1891,Isiah Pacheco,5.40,31,Thu,1,1,2023-09-07,24-189,KAN,,DET,L 20-21,5.40,9.40,9.4,7.4,31,47.7,0,0.0,0,0.0,RB,PachIs00
1892,Rashaad Penny,5.40,15,Sun,5,5,2022-10-09,26-249,SEA,@,NOR,L 32-39,5.40,5.40,5.4,5.4,15,28.8,0,0.0,0,0.0,RB,PennRa00
1893,Samaje Perine,5.40,27,Sun,9,9,2022-11-06,27-051,CIN,,CAR,W 42-21,5.40,6.40,6.4,5.9,27,36.5,0,0.0,16,55.2,RB,PeriSa00
1894,Miles Sanders,5.40,29,Mon,9,10,2022-11-14,25-197,PHI,,WAS,L 21-32,5.40,5.40,5.4,5.4,29,58.0,0,0.0,0,0.0,RB,SandMi01
1895,Kenneth Walker III,5.40,33,Sun,13,14,2023-12-10,23-051,SEA,@,SFO,L 16-28,5.40,9.40,9.4,7.4,33,55.9,0,0.0,0,0.0,RB,WalkKe00
1896,Jaylen Warren,5.40,34,Sat,15,16,2023-12-23,25-052,PIT,,CIN,W 34-11,5.40,10.40,10.4,7.9,34,57.6,0,0.0,3,12.5,RB,WarrJa01
1897,Jeff Wilson,5.40,26,Sun,7,7,2022-10-23,26-341,SFO,,KAN,L 23-44,5.40,5.40,5.4,5.4,26,32.9,0,0.0,2,7.1,RB,WilsJe01
1898,Ameer Abdullah,5.30,42,Fri,12,13,2024-11-29,31-169,LVR,@,KAN,L 17-19,5.30,7.30,7.3,6.3,42,61.8,0,0.0,5,16.1,RB,AbduAm00
1899,Cam Akers,5.30,30,Sun,4,4,2024-09-29,25-099,HOU,,JAX,W 24-20,5.30,5.30,5.3,5.3,30,40.0,0,0.0,0,0.0,RB,AkerCa00
1900,Cam Akers,5.30,16,Sun,8,9,2024-11-03,25-134,MIN,,IND,W 21-13,5.30,7.30,7.3,6.3,16,21.9,0,0.0,3,13.6,RB,AkerCa00
1901,Saquon Barkley,5.30,50,Sun,16,17,2023-01-01,25-326,NYG,,IND,W 38-10,5.30,7.30,7.3,6.3,50,79.4,0,0.0,0,0.0,RB,BarkSa00
1902,Tank Bigsby,5.30,15,Sun,1,1,2023-09-10,22-011,JAX,@,IND,W 31-21,5.30,5.30,6.3,5.3,15,21.4,0,0.0,0,0.0,RB,BigsTa00
1903,Chase Brown,5.30,18,Sun,17,18,2024-01-07,23-292,CIN,,CLE,W 31-14,5.30,6.30,6.3,5.8,18,28.1,0,0.0,20,69.0,RB,BrowCh10
1904,Chase Brown,5.30,32,Sun,7,7,2024-10-20,24-213,CIN,@,CLE,W 21-14,5.30,7.30,7.3,6.3,32,58.2,0,0.0,1,3.6,RB,BrowCh10
1905,James Cook,5.30,18,Mon,2,2,2022-09-19,22-359,BUF,,TEN,W 41-7,5.30,5.30,5.3,5.3,18,26.5,0,0.0,0,0.0,RB,CookJa01
1906,Kenyan Drake,5.30,35,Sun,10,11,2022-11-20,28-298,BAL,,CAR,W 13-3,5.30,7.30,7.3,6.3,35,50.7,0,0.0,0,0.0,RB,DrakKe00
1907,Chase Edmonds,5.30,28,Sun,15,16,2022-12-25,26-256,DEN,@,LAR,L 14-51,5.30,7.30,7.3,6.3,28,41.8,0,0.0,0,0.0,RB,EdmoCh00
1908,Gus Edwards,5.30,44,Sun,6,6,2023-10-15,28-185,BAL,@,TEN,W 24-16,5.30,6.30,6.3,5.8,44,62.0,0,0.0,0,0.0,RB,EdwaGu00
1909,Austin Ekeler,5.30,34,Sun,3,3,2022-09-25,27-131,LAC,,JAX,L 10-38,5.30,13.30,13.3,9.3,34,55.7,0,0.0,0,0.0,RB,EkelAu00
1910,Audric Estime,5.30,26,Sun,10,10,2024-11-10,21-065,DEN,@,KAN,L 14-16,5.30,5.30,5.3,5.3,26,44.8,0,0.0,5,20.0,RB,EstiAu00
1911,Travis Etienne,5.30,26,Sun,2,2,2022-09-18,23-235,JAX,,IND,W 24-0,5.30,8.30,8.3,6.8,26,36.6,0,0.0,0,0.0,RB,EtieTr00
1912,Kenneth Gainwell,5.30,20,Sun,12,13,2022-12-04,23-265,PHI,,TEN,W 35-10,5.30,8.30,8.3,6.8,20,27.4,0,0.0,0,0.0,RB,GainKe00
1913,Antonio Gibson,5.30,15,Thu,6,6,2022-10-13,24-112,WAS,@,CHI,W 12-7,5.30,8.30,8.3,6.8,15,26.3,0,0.0,2,10.0,RB,GibsAn00
1914,Antonio Gibson,5.30,35,Sun,2,2,2023-09-17,25-086,WAS,@,DEN,W 35-33,5.30,8.30,8.3,6.8,35,47.9,0,0.0,5,16.7,RB,GibsAn00
1915,Melvin Gordon,5.30,23,Sun,2,2,2022-09-18,29-158,DEN,,HOU,W 16-9,5.30,6.30,6.3,5.8,23,31.9,0,0.0,0,0.0,RB,GordMe00
1916,Breece Hall,5.30,31,Sun,16,17,2024-12-29,23-212,NYJ,@,BUF,L 14-40,5.30,6.30,6.3,5.8,31,49.2,0,0.0,0,0.0,RB,HallBr03
1917,Hassan Haskins,5.30,43,Thu,16,17,2022-12-29,23-033,TEN,,DAL,L 13-27,5.30,7.30,7.3,6.3,43,66.2,0,0.0,0,0.0,RB,HaskHa00
1918,Justice Hill,5.30,43,Sun,2,2,2023-09-17,25-307,BAL,@,CIN,W 27-24,5.30,8.30,8.3,6.8,43,57.3,0,0.0,5,20.0,RB,HillJu00
1919,Chuba Hubbard,5.30,39,Sun,4,4,2023-10-01,24-112,CAR,,MIN,L 13-21,5.30,7.30,7.3,6.3,39,54.2,0,0.0,0,0.0,RB,HubbCh01
1920,Roschon Johnson,5.30,32,Sun,15,16,2023-12-24,22-327,CHI,,ARI,W 27-16,5.30,8.30,8.3,6.8,32,45.7,0,0.0,10,34.5,RB,JohnRo07
1921,Aaron Jones,5.30,16,Sun,5,5,2024-10-06,29-309,MIN,,NYJ,W 23-17,5.30,6.30,6.3,5.8,16,21.9,0,0.0,0,0.0,RB,JoneAa00
1922,Alvin Kamara,5.30,48,Sun,3,3,2022-09-25,27-062,NOR,@,CAR,L 14-22,5.30,7.30,8.3,6.3,48,69.6,0,0.0,0,0.0,RB,KamaAl00
1923,Cordarrelle Patterson,5.30,10,Sun,12,13,2024-12-01,33-259,PIT,@,CIN,W 44-38,5.30,8.30,8.3,6.8,10,14.5,0,0.0,7,21.2,RB,PattCo00
1924,Brian Robinson Jr.,5.30,12,Sun,13,13,2023-12-03,24-256,WAS,,MIA,L 15-45,5.30,5.30,5.3,5.3,12,21.8,0,0.0,0,0.0,RB,RobiBr01
1925,D'Andre Swift,5.30,47,Sun,15,16,2024-12-22,25-343,CHI,,DET,L 17-34,5.30,8.30,8.3,6.8,47,73.4,0,0.0,0,0.0,RB,SwifDA00
1926,Javonte Williams,5.30,27,Sun,10,11,2023-11-19,23-208,DEN,,MIN,W 21-20,5.30,7.30,7.3,6.3,27,49.1,0,0.0,0,0.0,RB,WillJa10
1927,Javonte Williams,5.30,33,Thu,15,16,2024-12-19,24-238,DEN,@,LAC,L 27-34,5.30,12.30,12.3,8.8,33,51.6,0,0.0,0,0.0,RB,WillJa10
1928,De'Von Achane,5.20,37,Mon,9,10,2024-11-11,23-029,MIA,@,LAR,W 23-15,5.20,10.20,10.2,7.7,37,69.8,0,0.0,0,0.0,RB,AchaDe00
1929,Tyler Allgeier,5.20,28,Sun,13,13,2022-12-04,22-233,ATL,,PIT,L 16-19,5.20,5.20,5.2,5.2,28,51.9,0,0.0,0,0.0,RB,AllgTy00
1930,Saquon Barkley,5.20,42,Sun,12,12,2023-11-26,26-290,NYG,,NWE,W 10-7,5.20,6.20,6.2,5.7,42,80.8,0,0.0,0,0.0,RB,BarkSa00
1931,Nick Chubb,5.20,41,Sun,8,8,2024-10-27,28-305,CLE,,BAL,W 29-24,5.20,5.20,5.2,5.2,41,59.4,0,0.0,0,0.0,RB,ChubNi00
1932,James Cook,5.20,48,Sun,17,18,2024-01-07,24-104,BUF,@,MIA,W 21-14,5.20,8.20,8.2,6.7,48,61.5,0,0.0,0,0.0,RB,CookJa01
1933,AJ Dillon,5.20,36,Sun,6,6,2022-10-16,24-167,GNB,,NYJ,L 10-27,5.20,9.20,9.2,7.2,36,49.3,0,0.0,0,0.0,RB,DillAJ00
1934,AJ Dillon,5.20,35,Sun,7,8,2023-10-29,25-180,GNB,,MIN,L 10-24,5.20,10.20,10.2,7.7,35,51.5,0,0.0,5,21.7,RB,DillAJ00
1935,Gus Edwards,5.20,15,Sun,1,1,2023-09-10,28-150,BAL,,HOU,W 25-9,5.20,5.20,5.2,5.2,15,23.4,0,0.0,0,0.0,RB,EdwaGu00
1936,Ezekiel Elliott,5.20,15,Sun,11,12,2023-11-26,28-127,NWE,@,NYG,L 7-10,5.20,7.20,7.2,6.2,15,22.1,0,0.0,0,0.0,RB,ElliEz00
1937,Melvin Gordon,5.20,27,Mon,1,1,2022-09-12,29-152,DEN,@,SEA,L 16-17,5.20,7.20,8.2,6.2,27,40.9,0,0.0,0,0.0,RB,GordMe00
1938,Damien Harris,5.20,32,Sun,8,8,2022-10-30,25-261,NWE,@,NYJ,W 22-17,5.20,7.20,7.2,6.2,32,41.0,0,0.0,0,0.0,RB,HarrDa06
1939,Damien Harris,5.20,36,Sun,17,18,2023-01-08,25-331,NWE,@,BUF,L 23-35,5.20,6.20,6.2,5.7,36,52.9,0,0.0,0,0.0,RB,HarrDa06
1940,Tony Jones,5.20,30,Sun,3,3,2023-09-24,25-304,NOR,@,GNB,L 17-18,5.20,9.20,9.2,7.2,30,49.2,0,0.0,0,0.0,RB,JoneTo04
1941,Zack Moss,5.20,45,Sun,5,5,2024-10-06,26-296,CIN,,BAL,L 38-41 (OT),5.20,8.20,8.2,6.7,45,67.2,0,0.0,0,0.0,RB,MossZa00
1942,Zack Moss,5.20,16,Sun,3,3,2022-09-25,24-284,BUF,@,MIA,L 19-21,5.20,6.20,6.2,5.7,16,17.4,0,0.0,0,0.0,RB,MossZa00
1943,Tony Pollard,5.20,27,Sun,6,6,2022-10-16,25-169,DAL,@,PHI,L 17-26,5.20,7.20,7.2,6.2,27,40.3,0,0.0,0,0.0,RB,PollTo00
1944,Ronnie Rivers,5.20,34,Sun,17,18,2024-01-07,24-341,LAR,@,SFO,W 21-20,5.20,5.20,5.2,5.2,34,50.7,0,0.0,2,10.5,RB,RiveRo01
1945,Chris Rodriguez,5.20,20,Sun,9,9,2024-11-03,24-038,WAS,@,NYG,W 27-22,5.20,5.20,5.2,5.2,20,32.3,0,0.0,2,9.1,RB,RodrCh00
1946,Miles Sanders,5.20,27,Sun,10,11,2023-11-19,26-202,CAR,,DAL,L 10-33,5.20,6.20,6.2,5.7,27,45.8,0,0.0,0,0.0,RB,SandMi01
1947,Devin Singletary,5.20,50,Sun,1,1,2024-09-08,27-005,NYG,,MIN,L 6-28,5.20,9.20,9.2,7.2,50,70.4,0,0.0,0,0.0,RB,SingDe00
1948,Patrick Taylor,5.20,32,Mon,13,14,2023-12-11,25-226,GNB,@,NYG,L 22-24,5.20,7.20,7.2,6.2,32,47.1,0,0.0,13,48.1,RB,TaylPa01
1949,Jaylen Warren,5.20,28,Sun,3,3,2023-09-24,24-327,PIT,@,LVR,W 23-18,5.20,8.20,8.2,6.7,28,45.2,0,0.0,3,10.3,RB,WarrJa01
1950,Jamaal Williams,5.20,49,Sun,1,1,2023-09-10,28-160,NOR,,TEN,W 16-15,5.20,7.20,7.2,6.2,49,75.4,0,0.0,0,0.0,RB,WillJa06
1951,Javonte Williams,5.20,42,Sun,8,8,2024-10-27,24-185,DEN,,CAR,W 28-14,5.20,9.20,9.2,7.2,42,57.5,0,0.0,0,0.0,RB,WillJa10
1952,Cam Akers,5.10,14,Sun,4,4,2023-10-01,24-101,MIN,@,CAR,W 21-13,5.10,7.10,7.1,6.1,14,29.2,0,0.0,0,0.0,RB,AkerCa00
1953,Tyler Allgeier,5.10,33,Sun,6,6,2022-10-16,22-184,ATL,,SFO,W 28-14,5.10,5.10,5.1,5.1,33,56.9,0,0.0,0,0.0,RB,AllgTy00
1954,Tyler Allgeier,5.10,23,Sun,6,6,2023-10-15,23-183,ATL,,WAS,L 16-24,5.10,5.10,5.1,5.1,23,27.7,0,0.0,0,0.0,RB,AllgTy00
1955,Tyler Allgeier,5.10,26,Sun,14,15,2023-12-17,23-246,ATL,@,CAR,L 7-9,5.10,6.10,6.1,5.6,26,50.0,0,0.0,2,10.5,RB,AllgTy00
1956,Eno Benjamin,5.10,37,Sun,2,2,2022-09-18,23-158,ARI,@,LVR,W 29-23 (OT),5.10,8.10,8.1,6.6,37,42.5,0,0.0,9,42.9,RB,BenjEn00
1957,Chase Brown,5.10,13,Sat,14,15,2023-12-16,23-270,CIN,,MIN,W 27-24 (OT),5.10,8.10,8.1,6.6,13,18.6,0,0.0,14,51.9,RB,BrowCh10
1958,James Conner,5.10,18,Sun,2,2,2022-09-18,27-136,ARI,@,LVR,W 29-23 (OT),5.10,7.10,7.1,6.1,18,20.7,0,0.0,0,0.0,RB,ConnJa00
1959,James Cook,5.10,33,Sun,16,18,2023-01-08,23-105,BUF,,NWE,W 35-23,5.10,7.10,7.1,6.1,33,55.9,0,0.0,0,0.0,RB,CookJa01
1960,Rico Dowdle,5.10,46,Sun,15,16,2024-12-22,26-191,DAL,,TAM,W 26-24,5.10,8.10,8.1,6.6,46,76.7,0,0.0,0,0.0,RB,DowdRi01
1961,Gus Edwards,5.10,32,Sun,3,3,2023-09-24,28-164,BAL,,IND,L 19-22 (OT),5.10,5.10,5.1,5.1,32,44.4,0,0.0,0,0.0,RB,EdwaGu00
1962,D'Onta Foreman,5.10,27,Sun,2,2,2024-09-15,28-144,CLE,@,JAX,W 18-13,5.10,6.10,6.1,5.6,27,37.5,0,0.0,4,14.8,RB,ForeDO00
1963,Jahmyr Gibbs,5.10,28,Thu,4,4,2023-09-28,21-192,DET,@,GNB,W 34-20,5.10,9.10,9.1,7.1,28,37.3,0,0.0,1,3.3,RB,GibbJa01
1964,Keaontay Ingram,5.10,28,Sun,6,6,2023-10-15,23-354,ARI,@,LAR,L 9-26,5.10,7.10,7.1,6.1,28,36.8,0,0.0,0,0.0,RB,IngrKe01
1965,Josh Jacobs,5.10,47,Sun,11,11,2023-11-19,25-281,LVR,@,MIA,L 13-20,5.10,6.10,6.1,5.6,47,77.0,0,0.0,0,0.0,RB,JacoJo01
1966,Jordan Mason,5.10,15,Sun,12,13,2022-12-04,23-194,SFO,,MIA,W 33-17,5.10,5.10,5.1,5.1,15,17.9,0,0.0,20,66.7,RB,MasoJo00
1967,Raheem Mostert,5.10,26,Sun,7,7,2023-10-22,31-196,MIA,@,PHI,L 17-31,5.10,6.10,6.1,5.6,26,53.1,0,0.0,0,0.0,RB,MostRa00
1968,Miles Sanders,5.10,38,Sat,15,16,2022-12-24,25-237,PHI,@,DAL,L 34-40,5.10,6.10,7.1,5.6,38,53.5,0,0.0,0,0.0,RB,SandMi01
1969,Tyjae Spears,5.10,25,Sun,9,10,2024-11-10,23-148,TEN,@,LAC,L 17-27,5.10,8.10,8.1,6.6,25,46.3,0,0.0,0,0.0,RB,SpeaTy00
1970,Rhamondre Stevenson,5.10,42,Sun,2,2,2022-09-18,24-207,NWE,@,PIT,W 17-14,5.10,6.10,6.1,5.6,42,61.8,0,0.0,0,0.0,RB,StevRh00
1971,Rhamondre Stevenson,5.10,34,Sun,16,17,2023-01-01,24-312,NWE,,MIA,W 23-21,5.10,7.10,7.1,6.1,34,56.7,0,0.0,1,3.7,RB,StevRh00
1972,Trey Benson,5.00,11,Sun,4,4,2024-09-29,22-070,ARI,,WAS,L 14-42,5.00,5.00,5.0,5.0,11,18.6,0,0.0,0,0.0,RB,BensTr01
1973,Michael Carter,5.00,43,Sun,2,2,2022-09-18,23-134,NYJ,@,CLE,W 31-30,5.00,10.00,10.0,7.5,43,61.4,0,0.0,0,0.0,RB,CartMi03
1974,Michael Carter,5.00,23,Thu,15,16,2022-12-22,23-229,NYJ,,JAX,L 3-19,5.00,10.00,10.0,7.5,23,39.0,0,0.0,0,0.0,RB,CartMi03
1975,Nick Chubb,5.00,22,Sun,10,11,2024-11-17,28-326,CLE,@,NOR,L 14-35,5.00,5.00,5.0,5.0,22,30.1,0,0.0,0,0.0,RB,ChubNi00
1976,James Cook,5.00,41,Sat,15,16,2023-12-23,24-089,BUF,@,LAC,W 24-22,5.00,5.00,6.0,5.0,41,74.5,0,0.0,0,0.0,RB,CookJa01
1977,Emari Demercado,5.00,23,Sun,15,16,2023-12-24,24-338,ARI,@,CHI,L 16-27,5.00,12.00,12.0,8.5,23,37.7,0,0.0,6,20.7,RB,DemeEm00
1978,Austin Ekeler,5.00,33,Sun,17,18,2023-01-08,27-236,LAC,@,DEN,L 28-31,5.00,9.00,10.0,7.0,33,48.5,0,0.0,0,0.0,RB,EkelAu00
1979,Austin Ekeler,5.00,46,Sun,10,11,2023-11-19,28-186,LAC,@,GNB,L 20-23,5.00,7.00,8.0,6.0,46,70.8,0,0.0,0,0.0,RB,EkelAu00
1980,Melvin Gordon,5.00,40,Sun,7,7,2022-10-23,29-193,DEN,,NYJ,L 9-16,5.00,7.00,7.0,6.0,40,50.6,0,0.0,0,0.0,RB,GordMe00
1981,Chuba Hubbard,5.00,22,Mon,2,2,2023-09-18,24-099,CAR,,NOR,L 17-20,5.00,10.00,10.0,7.5,22,36.7,0,0.0,11,40.7,RB,HubbCh01
1982,Josh Jacobs,5.00,43,Sat,15,16,2022-12-24,24-316,LVR,@,PIT,L 10-13,5.00,6.00,6.0,5.5,43,81.1,0,0.0,0,0.0,RB,JacoJo01
1983,Josh Jacobs,5.00,50,Sat,17,18,2023-01-07,24-330,LVR,,KAN,L 13-31,5.00,7.00,7.0,6.0,50,71.4,0,0.0,0,0.0,RB,JacoJo01
1984,Josh Jacobs,5.00,34,Sun,13,14,2023-12-10,25-302,LVR,,MIN,L 0-3,5.00,7.00,7.0,6.0,34,63.0,0,0.0,0,0.0,RB,JacoJo01
1985,Aaron Jones,5.00,25,Sun,13,13,2022-12-04,28-002,GNB,@,CHI,W 28-19,5.00,10.00,10.0,7.5,25,37.9,0,0.0,0,0.0,RB,JoneAa00
1986,Joe Mixon,5.00,29,Sun,2,2,2024-09-15,28-053,HOU,,CHI,W 19-13,5.00,8.00,8.0,6.5,29,46.8,0,0.0,0,0.0,RB,MixoJo00
1987,David Montgomery,5.00,22,Sun,6,7,2024-10-20,27-135,DET,@,MIN,W 31-29,5.00,8.00,9.0,6.5,22,38.6,0,0.0,0,0.0,RB,MontDa01
1988,David Montgomery,5.00,38,Sun,1,1,2022-09-11,25-096,CHI,,SFO,W 19-10,5.00,8.00,8.0,6.5,38,65.5,0,0.0,0,0.0,RB,MontDa01
1989,Samaje Perine,5.00,14,Sat,15,16,2024-12-21,29-096,KAN,,HOU,W 27-19,5.00,8.00,8.0,6.5,14,18.9,0,0.0,11,45.8,RB,PeriSa00
1990,Isaiah Spiller,5.00,24,Thu,14,15,2023-12-14,22-127,LAC,@,LVR,L 21-63,5.00,5.00,5.0,5.0,24,36.9,0,0.0,0,0.0,RB,SpilIs00
1991,Rhamondre Stevenson,5.00,31,Sun,8,8,2023-10-29,25-248,NWE,@,MIA,L 17-31,5.00,7.00,7.0,6.0,31,58.5,0,0.0,0,0.0,RB,StevRh00
1992,D'Andre Swift,5.00,39,Sun,1,1,2024-09-08,25-238,CHI,,TEN,W 24-17,5.00,5.00,5.0,5.0,39,69.6,0,0.0,0,0.0,RB,SwifDA00
1993,D'Andre Swift,5.00,10,Sun,8,9,2022-11-06,23-296,DET,,GNB,W 15-9,5.00,8.00,8.0,6.5,10,16.1,0,0.0,0,0.0,RB,SwifDA00
1994,Tyrone Tracy Jr.,5.00,24,Sun,11,12,2024-11-24,25-001,NYG,,TAM,L 7-30,5.00,9.00,10.0,7.0,24,40.7,0,0.0,0,0.0,RB,TracTy00
1995,Andrew Beck,4.90,22,Sun,7,8,2023-10-29,27-167,HOU,@,CAR,L 13-15,4.90,5.90,6.9,5.4,22,37.9,0,0.0,13,54.2,FB,BeckAn01
1996,Gary Brightwell,4.90,11,Thu,11,12,2022-11-24,23-269,NYG,@,DAL,L 20-28,4.90,6.90,6.9,5.9,11,17.2,0,0.0,14,60.9,RB,BrigGa00
1997,James Conner,4.90,40,Sun,11,12,2024-11-24,29-203,ARI,@,SEA,L 6-16,4.90,9.90,9.9,7.4,40,69.0,0,0.0,0,0.0,RB,ConnJa00
1998,Gus Edwards,4.90,40,Sun,4,4,2023-10-01,28-171,BAL,@,CLE,W 28-3,4.90,6.90,6.9,5.9,40,69.0,0,0.0,0,0.0,RB,EdwaGu00
1999,Austin Ekeler,4.90,63,Sun,17,18,2024-01-07,28-235,LAC,,KAN,L 12-13,4.90,11.90,11.9,8.4,63,75.9,0,0.0,0,0.0,RB,EkelAu00
2000,Ezekiel Elliott,4.90,40,Sun,1,1,2022-09-11,27-051,DAL,,TAM,L 3-19,4.90,5.90,5.9,5.4,40,58.0,0,0.0,0,0.0,RB,ElliEz00
2001,Ezekiel Elliott,4.90,41,Sun,2,2,2022-09-18,27-058,DAL,,CIN,W 20-17,4.90,5.90,5.9,5.4,41,67.2,0,0.0,0,0.0,RB,ElliEz00
2002,Jerome Ford,4.90,36,Sun,5,5,2024-10-06,25-024,CLE,@,WAS,L 13-34,4.90,7.90,7.9,6.4,36,58.1,0,0.0,0,0.0,RB,FordJe00
2003,D'Onta Foreman,4.90,37,Sun,16,17,2024-12-29,28-249,CLE,,MIA,L 3-20,4.90,4.90,4.9,4.9,37,46.8,0,0.0,0,0.0,RB,ForeDO00
2004,Kenneth Gainwell,4.90,13,Thu,10,11,2024-11-14,25-245,PHI,,WAS,W 26-18,4.90,5.90,5.9,5.4,13,18.3,0,0.0,10,37.0,RB,GainKe00
2005,Breece Hall,4.90,38,Fri,11,12,2023-11-24,22-177,NYJ,,MIA,L 13-34,4.90,11.90,11.9,8.4,38,65.5,0,0.0,0,0.0,RB,HallBr03
2006,Damien Harris,4.90,29,Sun,16,17,2023-01-01,25-324,NWE,,MIA,W 23-21,4.90,7.90,7.9,6.4,29,48.3,0,0.0,0,0.0,RB,HarrDa06
2007,Khalil Herbert,4.90,19,Sun,17,18,2023-01-08,24-262,CHI,,MIN,L 13-29,4.90,5.90,5.9,5.4,19,37.3,0,0.0,0,0.0,RB,HerbKh00
2008,Chuba Hubbard,4.90,52,Sun,14,15,2024-12-15,25-187,CAR,,DAL,L 14-30,4.90,8.90,8.9,6.9,52,94.5,0,0.0,0,0.0,RB,HubbCh01
2009,Kareem Hunt,4.90,28,Sun,14,15,2024-12-15,29-131,KAN,@,CLE,W 21-7,4.90,5.90,5.9,5.4,28,37.3,0,0.0,0,0.0,RB,HuntKa00
2010,Mark Ingram,4.90,25,Mon,13,13,2022-12-05,32-349,NOR,@,TAM,L 16-17,4.90,9.90,9.9,7.4,25,42.4,0,0.0,0,0.0,RB,IngrMa01
2011,Josh Jacobs,4.90,29,Sun,2,2,2023-09-17,25-218,LVR,@,BUF,L 10-38,4.90,9.90,9.9,7.4,29,72.5,0,0.0,0,0.0,RB,JacoJo01
2012,Roschon Johnson,4.90,23,Sun,3,3,2023-09-24,22-236,CHI,@,KAN,L 10-41,4.90,6.90,6.9,5.9,23,45.1,0,0.0,11,44.0,RB,JohnRo07
2013,Alvin Kamara,4.90,23,Sun,16,17,2023-12-31,28-159,NOR,@,TAM,W 23-13,4.90,6.90,6.9,5.9,23,32.9,0,0.0,0,0.0,RB,KamaAl00
2014,Christian McCaffrey,4.90,44,Sun,11,12,2022-11-27,26-173,SFO,,NOR,W 13-0,4.90,8.90,8.9,6.9,44,62.9,0,0.0,0,0.0,RB,McCaCh01
2015,Kenny McIntosh,4.90,13,Sun,17,18,2025-01-05,24-308,SEA,@,LAR,W 30-25,4.90,4.90,4.9,4.9,13,23.6,0,0.0,10,37.0,RB,McInKe00
2016,Jerick McKinnon,4.90,27,Sun,1,1,2022-09-11,30-131,KAN,@,ARI,W 44-21,4.90,7.90,7.9,6.4,27,38.6,0,0.0,5,18.5,RB,McKiJe00
2017,Isiah Pacheco,4.90,26,Fri,12,13,2024-11-29,25-272,KAN,,LVR,W 19-17,4.90,5.90,5.9,5.4,26,36.6,0,0.0,0,0.0,RB,PachIs00
2018,Tony Pollard,4.90,55,Sat,16,17,2023-12-30,26-244,DAL,,DET,W 20-19,4.90,5.90,5.9,5.4,55,84.6,0,0.0,1,3.8,RB,PollTo00
2019,Trey Sermon,4.90,32,Sun,7,7,2024-10-20,25-264,IND,,MIA,W 16-10,4.90,5.90,5.9,5.4,32,51.6,0,0.0,0,0.0,RB,SermTr00
2020,Pierre Strong,4.90,9,Sun,4,4,2023-10-01,24-295,CLE,,BAL,L 3-28,4.90,4.90,4.9,4.9,9,13.0,0,0.0,14,50.0,RB,StroPi00
2021,Rachaad White,4.90,54,Sun,1,1,2023-09-10,24-241,TAM,@,MIN,W 20-17,4.90,6.90,6.9,5.9,54,79.4,0,0.0,0,0.0,RB,WhitRa01
2022,Tyler Allgeier,4.80,36,Sun,2,2,2023-09-17,23-155,ATL,,GNB,W 25-24,4.80,4.80,4.8,4.8,36,43.9,0,0.0,0,0.0,RB,AllgTy00
2023,Saquon Barkley,4.80,20,Sun,13,14,2022-12-11,25-305,NYG,,PHI,L 22-48,4.80,6.80,6.8,5.8,20,31.3,0,0.0,0,0.0,RB,BarkSa00
2024,Michael Carter,4.80,25,Sun,15,16,2024-12-22,25-229,ARI,@,CAR,L 30-36 (OT),4.80,9.80,9.8,7.3,25,35.7,0,0.0,0,0.0,RB,CartMi03
2025,Zach Charbonnet,4.80,25,Sun,13,14,2023-12-10,22-336,SEA,@,SFO,L 16-28,4.80,5.80,5.8,5.3,25,42.4,0,0.0,0,0.0,RB,CharZa00
2026,Nick Chubb,4.80,26,Sun,13,14,2024-12-08,28-347,CLE,@,PIT,L 14-27,4.80,4.80,4.8,4.8,26,36.1,0,0.0,0,0.0,RB,ChubNi00
2027,James Cook,4.80,33,Sun,4,4,2024-09-29,25-004,BUF,@,BAL,L 10-35,4.80,5.80,5.8,5.3,33,55.9,0,0.0,0,0.0,RB,CookJa01
2028,Clyde Edwards-Helaire,4.80,30,Mon,15,16,2023-12-25,24-258,KAN,,LVR,L 14-20,4.80,7.80,7.8,6.3,30,39.5,0,0.0,0,0.0,RB,EdwaCl00
2029,Gus Edwards,4.80,30,Sun,5,5,2023-10-08,28-178,BAL,@,PIT,L 10-17,4.80,4.80,4.8,4.8,30,42.9,0,0.0,0,0.0,RB,EdwaGu00
2030,Kenneth Gainwell,4.80,37,Mon,3,3,2023-09-25,24-195,PHI,@,TAM,W 25-11,4.80,5.80,5.8,5.3,37,46.3,0,0.0,0,0.0,RB,GainKe00
2031,Najee Harris,4.80,40,Thu,13,14,2023-12-07,25-273,PIT,,NWE,L 18-21,4.80,7.80,7.8,6.3,40,57.1,0,0.0,0,0.0,RB,HarrNa00
2032,Justice Hill,4.80,30,Sun,7,7,2023-10-22,25-342,BAL,,DET,W 38-6,4.80,5.80,5.8,5.3,30,50.0,0,0.0,0,0.0,RB,HillJu00
2033,Kareem Hunt,4.80,25,Sun,12,13,2023-12-03,28-119,CLE,@,LAR,L 19-36,4.80,5.80,5.8,5.3,25,35.2,0,0.0,0,0.0,RB,HuntKa00
2034,Josh Jacobs,4.80,33,Sun,3,3,2024-09-22,26-224,GNB,@,TEN,W 30-14,4.80,5.80,5.8,5.3,33,52.4,0,0.0,0,0.0,RB,JacoJo01
2035,Aaron Jones,4.80,33,Sun,17,18,2023-01-08,28-037,GNB,,DET,L 16-20,4.80,7.80,8.8,6.3,33,55.0,0,0.0,0,0.0,RB,JoneAa00
2036,Aaron Jones,4.80,33,Sun,2,2,2024-09-15,29-288,MIN,,SFO,W 23-17,4.80,9.80,10.8,7.3,33,61.1,0,0.0,0,0.0,RB,JoneAa00
2037,Jordan Mason,4.80,27,Sun,17,18,2024-01-07,24-228,SFO,,LAR,L 20-21,4.80,5.80,5.8,5.3,27,44.3,0,0.0,5,26.3,RB,MasoJo00
2038,Christian McCaffrey,4.80,40,Sun,11,12,2024-11-24,28-170,SFO,@,GNB,L 10-38,4.80,7.80,8.8,6.3,40,81.6,0,0.0,0,0.0,RB,McCaCh01
2039,J.D. McKissic,4.80,31,Sun,1,1,2022-09-11,29-027,WAS,,JAX,W 28-22,4.80,7.80,7.8,6.3,31,40.3,0,0.0,0,0.0,RB,McKiJ.00
2040,Jerick McKinnon,4.80,28,Sun,7,7,2022-10-23,30-173,KAN,@,SFO,W 44-23,4.80,6.80,6.8,5.8,28,43.8,0,0.0,8,28.6,RB,McKiJe00
2041,Jaleel McLaughlin,4.80,30,Sun,17,18,2025-01-05,24-114,DEN,,KAN,W 38-0,4.80,6.80,6.8,5.8,30,40.5,0,0.0,0,0.0,RB,McLaJa00
2042,Keaton Mitchell,4.80,17,Wed,16,17,2024-12-25,22-343,BAL,@,HOU,W 31-2,4.80,5.80,5.8,5.3,17,27.0,0,0.0,1,4.2,RB,MitcKe01
2043,Raheem Mostert,4.80,48,Sun,6,6,2022-10-16,30-190,MIA,,MIN,L 16-24,4.80,5.80,5.8,5.3,48,61.5,0,0.0,4,12.9,RB,MostRa00
2044,Latavius Murray,4.80,42,Sun,12,12,2023-11-26,33-312,BUF,@,PHI,L 34-37 (OT),4.80,7.80,7.8,6.3,42,44.2,0,0.0,0,0.0,RB,MurrLa00
2045,Cordarrelle Patterson,4.80,23,Sun,3,3,2024-09-22,33-189,PIT,,LAC,W 20-10,4.80,7.80,7.8,6.3,23,33.8,0,0.0,3,11.5,RB,PattCo00
2046,Samaje Perine,4.80,25,Sat,14,15,2023-12-16,28-091,DEN,@,DET,L 17-42,4.80,5.80,5.8,5.3,25,39.1,0,0.0,0,0.0,RB,PeriSa00
2047,Tony Pollard,4.80,40,Sun,12,13,2024-12-01,27-215,TEN,@,WAS,L 19-42,4.80,8.80,9.8,6.8,40,72.7,0,0.0,0,0.0,RB,PollTo00
2048,Miles Sanders,4.80,44,Sun,10,11,2022-11-20,25-203,PHI,@,IND,W 17-16,4.80,5.80,5.8,5.3,44,64.7,0,0.0,0,0.0,RB,SandMi01
2049,Devin Singletary,4.80,46,Sun,8,9,2022-11-06,25-064,BUF,@,NYJ,L 17-20,4.80,8.80,8.8,6.8,46,74.2,0,0.0,0,0.0,RB,SingDe00
2050,Pierre Strong,4.80,28,Sun,16,17,2024-12-29,26-019,CLE,,MIA,L 3-20,4.80,7.80,7.8,6.3,28,35.4,0,0.0,12,52.2,RB,StroPi00
2051,Rachaad White,4.80,39,Sun,16,17,2023-01-01,23-354,TAM,,CAR,W 30-24,4.80,9.80,9.8,7.3,39,50.0,0,0.0,1,3.2,RB,WhitRa01
2052,Jonathan Williams,4.80,6,Sun,4,4,2022-10-02,28-242,WAS,@,DAL,L 10-25,4.80,4.80,4.8,4.8,6,8.1,0,0.0,22,73.3,RB,WillJo07
2053,Emanuel Wilson,4.80,16,Fri,1,1,2024-09-06,25-121,GNB,@,PHI,L 29-34,4.80,6.80,6.8,5.8,16,23.9,0,0.0,0,0.0,RB,WilsEm00
2054,Cam Akers,4.70,26,Sun,9,10,2024-11-10,25-141,MIN,@,JAX,W 12-7,4.70,5.70,5.7,5.2,26,31.0,0,0.0,2,10.5,RB,AkerCa00
2055,Raheem Blackshear,4.70,6,Sun,17,18,2025-01-05,25-214,CAR,@,ATL,W 44-38 (OT),4.70,4.70,4.7,4.7,6,9.0,0,0.0,15,48.4,RB,BlacRa00
2056,Michael Carter,4.70,27,Sun,6,6,2022-10-16,23-162,NYJ,@,GNB,W 27-10,4.70,5.70,5.7,5.2,27,49.1,0,0.0,0,0.0,RB,CartMi03
2057,Jerome Ford,4.70,40,Sun,13,14,2024-12-08,25-087,CLE,@,PIT,L 14-27,4.70,7.70,7.7,6.2,40,55.6,0,0.0,6,20.7,RB,FordJe00
2058,D'Onta Foreman,4.70,20,Sun,6,6,2024-10-13,28-172,CLE,@,PHI,L 16-20,4.70,6.70,6.7,5.7,20,35.1,0,0.0,0,0.0,RB,ForeDO00
2059,Leonard Fournette,4.70,36,Sun,16,17,2023-01-01,27-348,TAM,,CAR,W 30-24,4.70,8.70,8.7,6.7,36,46.2,0,0.0,0,0.0,RB,FourLe00
2060,Kenneth Gainwell,4.70,39,Sun,12,13,2023-12-03,24-264,PHI,,SFO,L 19-42,4.70,9.70,9.7,7.2,39,54.2,0,0.0,5,19.2,RB,GainKe00
2061,Antonio Gibson,4.70,37,Sun,9,9,2022-11-06,24-136,WAS,,MIN,L 17-20,4.70,6.70,6.7,5.7,37,57.8,0,0.0,5,17.9,RB,GibsAn00
2062,C.J. Ham,4.70,15,Sun,17,18,2023-01-08,29-170,MIN,@,CHI,W 29-13,4.70,8.70,8.7,6.7,15,21.1,0,0.0,13,56.5,FB,HamxC.00
2063,Zack Moss,4.70,51,Sun,2,2,2024-09-15,26-275,CIN,@,KAN,L 25-26,4.70,5.70,5.7,5.2,51,79.7,0,0.0,0,0.0,RB,MossZa00
2064,Latavius Murray,4.70,25,Sun,9,10,2022-11-13,32-299,DEN,@,TEN,L 10-17,4.70,7.70,7.7,6.2,25,31.3,0,0.0,0,0.0,RB,MurrLa00
2065,Isiah Pacheco,4.70,28,Sun,14,15,2024-12-15,25-288,KAN,@,CLE,W 21-7,4.70,5.70,5.7,5.2,28,37.3,0,0.0,0,0.0,RB,PachIs00
2066,Dameon Pierce,4.70,36,Sun,1,1,2023-09-10,23-203,HOU,@,BAL,L 9-25,4.70,6.70,6.7,5.7,36,46.8,0,0.0,0,0.0,RB,PierDa01
2067,Miles Sanders,4.70,37,Mon,2,2,2023-09-18,26-140,CAR,,NOR,L 17-20,4.70,7.70,7.7,6.2,37,61.7,0,0.0,0,0.0,RB,SandMi01
2068,Sean Tucker,4.70,11,Sun,13,14,2024-12-08,23-044,TAM,,LVR,W 28-13,4.70,4.70,4.7,4.7,11,17.7,0,0.0,12,52.2,RB,TuckSe00
2069,Braelon Allen,4.60,27,Sun,4,4,2024-09-29,20-253,NYJ,,DEN,L 9-10,4.60,5.60,5.6,5.1,27,36.5,0,0.0,18,64.3,RB,AlleBr05
2070,Michael Carter,4.60,38,Sun,3,3,2022-09-25,23-141,NYJ,,CIN,L 12-27,4.60,5.60,5.6,5.1,38,48.7,0,0.0,0,0.0,RB,CartMi03
2071,James Conner,4.60,12,Sun,5,5,2023-10-08,28-156,ARI,,CIN,L 20-34,4.60,4.60,4.6,4.6,12,21.1,0,0.0,0,0.0,RB,ConnJa00
2072,Emari Demercado,4.60,7,Sun,2,2,2024-09-15,25-239,ARI,,LAR,W 41-10,4.60,4.60,4.6,4.6,7,10.6,0,0.0,6,24.0,RB,DemeEm00
2073,Kenyan Drake,4.60,33,Sun,1,1,2022-09-11,28-228,BAL,@,NYJ,W 24-9,4.60,5.60,5.6,5.1,33,58.9,0,0.0,0,0.0,RB,DrakKe00
2074,Kenyan Drake,4.60,34,Sun,12,13,2022-12-04,28-312,BAL,,DEN,W 10-9,4.60,6.60,6.6,5.6,34,47.2,0,0.0,0,0.0,RB,DrakKe00
2075,Austin Ekeler,4.60,40,Sun,6,7,2023-10-22,28-158,LAC,@,KAN,L 17-31,4.60,5.60,5.6,5.1,40,63.5,0,0.0,0,0.0,RB,EkelAu00
2076,Ezekiel Elliott,4.60,46,Sun,14,15,2023-12-17,28-148,NWE,,KAN,L 17-27,4.60,9.60,9.6,7.1,46,86.8,0,0.0,0,0.0,RB,ElliEz00
2077,Travis Etienne,4.60,49,Sun,12,13,2022-12-04,23-312,JAX,@,DET,L 14-40,4.60,7.60,8.6,6.1,49,87.5,0,0.0,0,0.0,RB,EtieTr00
2078,Leonard Fournette,4.60,36,Sun,13,14,2022-12-11,27-327,TAM,@,SFO,L 7-35,4.60,10.60,10.6,7.6,36,47.4,0,0.0,0,0.0,RB,FourLe00
2079,Aaron Jones,4.60,35,Sun,7,8,2023-10-29,28-331,GNB,,MIN,L 10-24,4.60,8.60,8.6,6.6,35,51.5,0,0.0,0,0.0,RB,JoneAa00
2080,Alvin Kamara,4.60,38,Sun,1,1,2022-09-11,27-048,NOR,@,ATL,W 27-26,4.60,7.60,7.6,6.1,38,62.3,0,0.0,0,0.0,RB,KamaAl00
2081,Joshua Kelley,4.60,23,Sun,16,17,2023-01-01,25-042,LAC,,LAR,W 31-10,4.60,5.60,5.6,5.1,23,35.9,0,0.0,6,24.0,RB,KellJo01
2082,Kenny McIntosh,4.60,13,Thu,16,17,2024-12-26,24-298,SEA,@,CHI,W 6-3,4.60,4.60,4.6,4.6,13,25.0,0,0.0,8,38.1,RB,McInKe00
2083,Jaleel McLaughlin,4.60,10,Sun,7,7,2023-10-22,23-039,DEN,,GNB,W 19-17,4.60,5.60,5.6,5.1,10,16.9,0,0.0,6,24.0,RB,McLaJa00
2084,Jaleel McLaughlin,4.60,21,Sun,4,4,2024-09-29,24-016,DEN,@,NYJ,W 10-9,4.60,5.60,5.6,5.1,21,34.4,0,0.0,1,3.6,RB,McLaJa00
2085,Kendre Miller,4.60,26,Sun,14,15,2024-12-15,22-187,NOR,,WAS,L 19-20,4.60,4.60,4.6,4.6,26,47.3,0,0.0,5,20.0,RB,MillKe01
2086,Raheem Mostert,4.60,21,Sun,15,16,2024-12-22,32-257,MIA,,SFO,W 29-17,4.60,6.60,6.6,5.6,21,31.3,0,0.0,4,14.3,RB,MostRa00
2087,Dameon Pierce,4.60,25,Sun,7,8,2023-10-29,23-252,HOU,@,CAR,L 13-15,4.60,4.60,4.6,4.6,25,43.1,0,0.0,0,0.0,RB,PierDa01
2088,Miles Sanders,4.60,22,Sun,4,4,2024-09-29,27-151,CAR,,CIN,L 24-34,4.60,7.60,7.6,6.1,22,31.4,0,0.0,0,0.0,RB,SandMi01
2089,Devin Singletary,4.60,30,Sun,5,5,2022-10-09,25-036,BUF,,PIT,W 38-3,4.60,5.60,5.6,5.1,30,53.6,0,0.0,0,0.0,RB,SingDe00
2090,D'Andre Swift,4.60,32,Sun,3,3,2022-09-25,23-254,DET,@,MIN,L 24-28,4.60,7.60,7.6,6.1,32,41.0,0,0.0,0,0.0,RB,SwifDA00
2091,Kenneth Walker III,4.60,39,Sun,12,13,2024-12-01,24-042,SEA,@,NYJ,W 26-21,4.60,6.60,6.6,5.6,39,60.9,0,0.0,0,0.0,RB,WalkKe00
2092,Rachaad White,4.60,41,Sun,16,17,2023-12-31,24-353,TAM,,NOR,L 13-23,4.60,8.60,9.6,6.6,41,73.2,0,0.0,0,0.0,RB,WhitRa01
2093,Ameer Abdullah,4.50,17,Thu,14,15,2023-12-14,30-184,LVR,,LAC,W 63-21,4.50,6.50,6.5,5.5,17,26.6,0,0.0,19,51.4,RB,AbduAm00
2094,Tyler Allgeier,4.50,39,Sun,5,5,2022-10-09,22-177,ATL,@,TAM,L 15-21,4.50,4.50,4.5,4.5,39,59.1,0,0.0,1,4.5,RB,AllgTy00
2095,Tyler Allgeier,4.50,17,Sun,7,7,2024-10-20,24-188,ATL,,SEA,L 14-34,4.50,5.50,5.5,5.0,17,23.3,0,0.0,10,38.5,RB,AllgTy00
2096,Eno Benjamin,4.50,11,Sun,4,4,2022-10-02,23-172,ARI,@,CAR,W 26-16,4.50,5.50,5.5,5.0,11,14.5,0,0.0,5,21.7,RB,BenjEn00
2097,Eno Benjamin,4.50,58,Sun,8,8,2022-10-30,23-200,ARI,@,MIN,L 26-34,4.50,8.50,8.5,6.5,58,74.4,0,0.0,0,0.0,RB,BenjEn00
2098,Zach Charbonnet,4.50,32,Sun,3,3,2023-09-24,22-259,SEA,,CAR,W 37-27,4.50,5.50,5.5,5.0,32,42.7,0,0.0,13,37.1,RB,CharZa00
2099,Chase Edmonds,4.50,24,Sun,17,18,2023-01-08,26-270,DEN,,LAC,W 31-28,4.50,4.50,4.5,4.5,24,36.9,0,0.0,6,19.4,RB,EdmoCh00
2100,Jerome Ford,4.50,43,Sun,4,4,2023-10-01,24-019,CLE,,BAL,L 3-28,4.50,9.50,9.5,7.0,43,62.3,0,0.0,0,0.0,RB,FordJe00
2101,Antonio Gibson,4.50,30,Sun,12,12,2024-11-24,26-154,NWE,@,MIA,L 15-34,4.50,5.50,5.5,5.0,30,43.5,0,0.0,7,25.0,RB,GibsAn00
2102,Breece Hall,4.50,46,Sun,12,13,2023-12-03,22-186,NYJ,,ATL,L 8-13,4.50,10.50,10.5,7.5,46,67.6,0,0.0,0,0.0,RB,HallBr03
2103,Aaron Jones,4.50,30,Sun,9,9,2022-11-06,27-339,GNB,@,DET,L 9-15,4.50,6.50,6.5,5.5,30,40.5,0,0.0,0,0.0,RB,JoneAa00
2104,Alvin Kamara,4.50,37,Sun,10,10,2022-11-13,27-111,NOR,@,PIT,L 10-20,4.50,7.50,7.5,6.0,37,78.7,0,0.0,0,0.0,RB,KamaAl00
2105,Alexander Mattison,4.50,23,Sun,16,17,2023-01-01,24-196,MIN,@,GNB,L 17-41,4.50,5.50,5.5,5.0,23,39.7,0,0.0,2,7.1,RB,MattAl01
2106,Kenny McIntosh,4.50,15,Sun,13,14,2024-12-08,24-280,SEA,@,ARI,W 30-18,4.50,6.50,6.5,5.5,15,23.4,0,0.0,5,17.2,RB,McInKe00
2107,Joe Mixon,4.50,43,Sun,12,12,2024-11-24,28-123,HOU,,TEN,L 27-32,4.50,9.50,9.5,7.0,43,76.8,0,0.0,0,0.0,RB,MixoJo00
2108,Latavius Murray,4.50,30,Sun,6,6,2023-10-15,33-270,BUF,,NYG,W 14-9,4.50,4.50,4.5,4.5,30,49.2,0,0.0,0,0.0,RB,MurrLa00
2109,Miles Sanders,4.50,21,Sun,8,8,2024-10-27,27-179,CAR,@,DEN,L 14-28,4.50,11.50,11.5,8.0,21,34.4,0,0.0,0,0.0,RB,SandMi01
2110,Devin Singletary,4.50,22,Sun,3,3,2023-09-24,26-021,HOU,@,JAX,W 37-17,4.50,6.50,6.5,5.5,22,39.3,0,0.0,0,0.0,RB,SingDe00
2111,Devin Singletary,4.50,17,Sun,10,10,2024-11-10,27-068,NYG,@,CAR,L 17-20 (OT),4.50,5.50,5.5,5.0,17,22.7,0,0.0,0,0.0,RB,SingDe00
2112,Kenneth Walker III,4.50,28,Sun,8,8,2024-10-27,24-007,SEA,,BUF,L 10-31,4.50,8.50,8.5,6.5,28,54.9,0,0.0,0,0.0,RB,WalkKe00
2113,Jeff Wilson,4.50,25,Sun,17,18,2024-01-07,28-052,MIA,,BUF,L 14-21,4.50,4.50,4.5,4.5,25,48.1,0,0.0,4,22.2,RB,WilsJe01
2114,Dalvin Cook,4.40,34,Sun,16,17,2023-01-01,27-144,MIN,@,GNB,L 17-41,4.40,6.40,6.4,5.4,34,58.6,0,0.0,0,0.0,RB,CookDa01
2115,James Cook,4.40,38,Sun,16,17,2023-12-31,24-097,BUF,,NWE,W 27-21,4.40,5.40,5.4,4.9,38,55.1,0,0.0,0,0.0,RB,CookJa01
2116,AJ Dillon,4.40,49,Sun,9,9,2022-11-06,24-188,GNB,@,DET,L 9-15,4.40,6.40,6.4,5.4,49,66.2,0,0.0,1,7.7,RB,DillAJ00
2117,J.K. Dobbins,4.40,26,Sun,5,5,2022-10-09,23-296,BAL,,CIN,W 19-17,4.40,4.40,4.4,4.4,26,40.0,0,0.0,0,0.0,RB,DobbJK00
2118,Austin Ekeler,4.40,53,Sun,11,12,2023-11-26,28-193,LAC,,BAL,L 10-20,4.40,9.40,10.4,6.9,53,80.3,0,0.0,0,0.0,RB,EkelAu00
2119,Travis Etienne,4.40,35,Sun,9,10,2023-11-12,24-290,JAX,,SFO,L 3-34,4.40,6.40,6.4,5.4,35,61.4,0,0.0,0,0.0,RB,EtieTr00
2120,Melvin Gordon,4.40,11,Sun,4,4,2023-10-01,30-171,BAL,@,CLE,W 28-3,4.40,5.40,5.4,4.9,11,19.0,0,0.0,0,0.0,RB,GordMe00
2121,Derrick Henry,4.40,25,Sun,10,11,2023-11-19,29-319,TEN,@,JAX,L 14-34,4.40,5.40,5.4,4.9,25,62.5,0,0.0,0,0.0,RB,HenrDe00
2122,Dontrell Hilliard,4.40,14,Sun,3,3,2022-09-25,27-211,TEN,,LVR,W 24-22,4.40,5.40,5.4,4.9,14,24.1,0,0.0,2,8.3,RB,HillDo00
2123,D'Ernest Johnson,4.40,35,Sun,6,6,2024-10-13,28-229,JAX,@,CHI,L 16-35,4.40,6.40,6.4,5.4,35,56.5,0,0.0,7,29.2,RB,JohnDE04
2124,Aaron Jones,4.40,41,Sun,6,6,2022-10-16,27-318,GNB,,NYJ,L 10-27,4.40,7.40,7.4,5.9,41,56.2,0,0.0,0,0.0,RB,JoneAa00
2125,Kyle Juszczyk,4.40,32,Mon,4,4,2022-10-03,31-163,SFO,,LAR,W 24-9,4.40,5.40,5.4,4.9,32,64.0,0,0.0,6,24.0,FB,JuszKy00
2126,Zonovan Knight,4.40,15,Sun,16,17,2023-01-01,21-265,NYJ,@,SEA,L 6-23,4.40,6.40,6.4,5.4,15,21.4,0,0.0,0,0.0,RB,KnigZo00
2127,Alexander Mattison,4.40,38,Sun,8,8,2024-10-27,26-130,LVR,,KAN,L 20-27,4.40,9.40,9.4,6.9,38,65.5,0,0.0,0,0.0,RB,MattAl01
2128,Jerick McKinnon,4.40,62,Sun,8,9,2022-11-06,30-187,KAN,,TEN,W 20-17 (OT),4.40,10.40,10.4,7.4,62,62.0,0,0.0,12,38.7,RB,McKiJe00
2129,Jaleel McLaughlin,4.40,20,Sun,12,12,2024-11-24,24-072,DEN,@,LVR,W 29-19,4.40,4.40,4.4,4.4,20,29.4,0,0.0,0,0.0,RB,McLaJa00
2130,Elijah Mitchell,4.40,28,Thu,3,3,2023-09-21,25-142,SFO,,NYG,W 30-12,4.40,7.40,7.4,5.9,28,33.7,0,0.0,0,0.0,RB,MitcEl00
2131,David Montgomery,4.40,52,Sun,9,9,2022-11-06,25-152,CHI,,MIA,L 32-35,4.40,5.40,5.4,4.9,52,70.3,0,0.0,0,0.0,RB,MontDa01
2132,David Montgomery,4.40,40,Sun,10,10,2022-11-13,25-159,CHI,,DET,L 30-31,4.40,5.40,5.4,4.9,40,65.6,0,0.0,0,0.0,RB,MontDa01
2133,Raheem Mostert,4.40,37,Sun,13,14,2022-12-11,30-246,MIA,@,LAC,L 17-23,4.40,5.40,5.4,4.9,37,72.5,0,0.0,6,20.7,RB,MostRa00
2134,Samaje Perine,4.40,14,Sun,13,14,2023-12-10,28-085,DEN,@,LAC,W 24-7,4.40,9.40,9.4,6.9,14,20.9,0,0.0,0,0.0,RB,PeriSa00
2135,Tony Pollard,4.40,34,Sun,5,5,2023-10-08,26-161,DAL,@,SFO,L 10-42,4.40,8.40,9.4,6.4,34,69.4,0,0.0,0,0.0,RB,PollTo00
2136,Miles Sanders,4.40,41,Sun,3,3,2022-09-25,25-147,PHI,@,WAS,W 24-8,4.40,5.40,5.4,4.9,41,58.6,0,0.0,0,0.0,RB,SandMi01
2137,Sean Tucker,4.40,15,Sun,16,17,2024-12-29,23-065,TAM,,CAR,W 48-14,4.40,5.40,5.4,4.9,15,19.5,0,0.0,9,30.0,RB,TuckSe00
2138,Damien Williams,4.40,13,Sun,6,6,2023-10-15,31-195,ARI,@,LAR,L 9-26,4.40,5.40,5.4,4.9,13,17.1,0,0.0,0,0.0,RB,WillDa05
2139,Kyren Williams,4.40,35,Sun,10,11,2022-11-20,22-086,LAR,@,NOR,L 20-27,4.40,5.40,5.4,4.9,35,54.7,0,0.0,8,25.8,RB,WillKy02
2140,Israel Abanikanda,4.30,16,Sun,15,16,2023-12-24,21-080,NYJ,,WAS,W 30-28,4.30,4.30,4.3,4.3,16,17.8,0,0.0,0,0.0,RB,AbanIs00
2141,Tyler Allgeier,4.30,15,Mon,14,15,2024-12-16,24-245,ATL,@,LVR,W 15-9,4.30,4.30,4.3,4.3,15,25.9,0,0.0,19,76.0,RB,AllgTy00
2142,Isaiah Davis,4.30,14,Sun,16,17,2024-12-29,22-312,NYJ,@,BUF,L 14-40,4.30,5.30,5.3,4.8,14,22.2,0,0.0,16,72.7,RB,DaviIs00
2143,AJ Dillon,4.30,29,Sun,8,9,2023-11-05,25-187,GNB,,LAR,W 20-3,4.30,5.30,5.3,4.8,29,40.3,0,0.0,2,8.7,RB,DillAJ00
2144,Rico Dowdle,4.30,18,Sun,2,2,2023-09-17,25-095,DAL,,NYJ,W 30-10,4.30,5.30,5.3,4.8,18,20.7,0,0.0,12,42.9,RB,DowdRi01
2145,Travis Etienne,4.30,30,Sun,10,10,2024-11-10,25-289,JAX,,MIN,L 7-12,4.30,5.30,5.3,4.8,30,68.2,0,0.0,0,0.0,RB,EtieTr00
2146,Jahmyr Gibbs,4.30,43,Sat,16,17,2023-12-30,21-285,DET,@,DAL,L 19-20,4.30,5.30,5.3,4.8,43,62.3,0,0.0,0,0.0,RB,GibbJa01
2147,Antonio Gibson,4.30,32,Sun,6,6,2024-10-13,26-112,NWE,,HOU,L 21-41,4.30,7.30,7.3,5.8,32,48.5,0,0.0,0,0.0,RB,GibsAn00
2148,Najee Harris,4.30,31,Mon,2,2,2023-09-18,25-193,PIT,,CLE,W 26-22,4.30,5.30,5.3,4.8,31,57.4,0,0.0,0,0.0,RB,HarrNa00
2149,Nyheim Hines,4.30,24,Sun,7,7,2022-10-23,25-345,IND,@,TEN,L 10-19,4.30,9.30,9.3,6.8,24,37.5,0,0.0,3,12.5,RB,HineNy00
2150,Mark Ingram,4.30,29,Sun,4,4,2022-10-02,32-285,NOR,,MIN,L 25-28,4.30,7.30,7.3,5.8,29,48.3,0,0.0,0,0.0,RB,IngrMa01
2151,Aaron Jones,4.30,39,Sun,10,11,2024-11-17,29-351,MIN,@,TEN,W 23-13,4.30,5.30,5.3,4.8,39,53.4,0,0.0,0,0.0,RB,JoneAa00
2152,Elijah Mitchell,4.30,15,Sun,11,12,2022-11-27,24-209,SFO,,NOR,W 13-0,4.30,6.30,6.3,5.3,15,21.4,0,0.0,0,0.0,RB,MitcEl00
2153,Isiah Pacheco,4.30,19,Sun,7,7,2022-10-23,23-235,KAN,@,SFO,W 44-23,4.30,4.30,4.3,4.3,19,29.7,0,0.0,13,46.4,RB,PachIs00
2154,Cordarrelle Patterson,4.30,16,Sun,11,12,2023-11-26,32-254,ATL,,NOR,W 24-15,4.30,4.30,4.3,4.3,16,25.8,0,0.0,6,25.0,RB,PattCo00
2155,Samaje Perine,4.30,25,Mon,9,10,2023-11-13,28-058,DEN,@,BUF,W 24-22,4.30,7.30,7.3,5.8,25,33.3,0,0.0,7,25.9,RB,PeriSa00
2156,Tony Pollard,4.30,46,Sun,15,16,2023-12-24,26-238,DAL,@,MIA,L 20-22,4.30,5.30,5.3,4.8,46,69.7,0,0.0,0,0.0,RB,PollTo00
2157,Craig Reynolds,4.30,43,Sun,6,6,2023-10-15,27-122,DET,@,TAM,W 20-6,4.30,6.30,6.3,5.3,43,61.4,0,0.0,4,16.0,RB,ReynCr00
2158,Brian Robinson Jr.,4.30,25,Thu,5,5,2023-10-05,24-197,WAS,,CHI,L 20-40,4.30,8.30,8.3,6.3,25,35.7,0,0.0,0,0.0,RB,RobiBr01
2159,Devin Singletary,4.30,29,Sun,13,14,2022-12-11,25-099,BUF,,NYJ,W 20-12,4.30,5.30,5.3,4.8,29,49.2,0,0.0,0,0.0,RB,SingDe00
2160,Devin Singletary,4.30,23,Sun,7,8,2023-10-29,26-056,HOU,@,CAR,L 13-15,4.30,6.30,6.3,5.3,23,39.7,0,0.0,2,8.3,RB,SingDe00
2161,Jaylen Warren,4.30,31,Sun,17,18,2023-01-08,24-068,PIT,,CLE,W 28-14,4.30,7.30,7.3,5.8,31,42.5,0,0.0,9,40.9,RB,WarrJa01
2162,Rachaad White,4.30,18,Thu,8,8,2022-10-27,23-288,TAM,,BAL,L 22-27,4.30,7.30,7.3,5.8,18,26.5,0,0.0,12,38.7,RB,WhitRa01
2163,Rachaad White,4.30,29,Sun,14,15,2022-12-18,23-340,TAM,,CIN,L 23-34,4.30,5.30,5.3,4.8,29,39.2,0,0.0,1,4.0,RB,WhitRa01
2164,Jamaal Williams,4.30,23,Sun,13,14,2023-12-10,28-251,NOR,,CAR,W 28-6,4.30,4.30,4.3,4.3,23,44.2,0,0.0,0,0.0,RB,WillJa06
2165,Emanuel Wilson,4.30,8,Sun,8,9,2023-11-05,24-181,GNB,,LAR,W 20-3,4.30,4.30,4.3,4.3,8,11.1,0,0.0,0,0.0,RB,WilsEm00
2166,Tank Bigsby,4.20,22,Sun,14,15,2024-12-15,23-107,JAX,,NYJ,L 25-32,4.20,4.20,4.2,4.2,22,26.2,0,0.0,0,0.0,RB,BigsTa00
2167,Ty Chandler,4.20,40,Sun,13,14,2023-12-10,25-212,MIN,@,LVR,W 3-0,4.20,7.20,7.2,5.7,40,55.6,0,0.0,7,31.8,RB,ChanTy01
2168,Ty Chandler,4.20,19,Sun,1,1,2024-09-08,26-119,MIN,@,NYG,W 28-6,4.20,7.20,7.2,5.7,19,34.5,0,0.0,3,12.5,RB,ChanTy01
2169,Blake Corum,4.20,18,Sun,12,13,2024-12-01,24-006,LAR,@,NOR,W 21-14,4.20,4.20,4.2,4.2,18,32.1,0,0.0,10,47.6,RB,CoruBl00
2170,DeeJay Dallas,4.20,35,Sat,15,16,2022-12-24,24-099,SEA,@,KAN,L 10-24,4.20,10.20,10.2,7.2,35,46.1,0,0.0,8,33.3,RB,DallDe00
2171,Travis Etienne,4.20,48,Sun,2,2,2023-09-17,24-234,JAX,,KAN,L 9-17,4.20,6.20,6.2,5.2,48,71.6,0,0.0,0,0.0,RB,EtieTr00
2172,Kenneth Gainwell,4.20,20,Sun,17,18,2023-01-08,23-300,PHI,,NYG,W 22-16,4.20,5.20,5.2,4.7,20,27.4,0,0.0,0,0.0,RB,GainKe00
2173,Antonio Gibson,4.20,37,Sun,8,8,2023-10-29,25-128,WAS,,PHI,L 31-38,4.20,9.20,9.2,6.7,37,51.4,0,0.0,7,25.0,RB,GibsAn00
2174,Najee Harris,4.20,17,Sat,15,16,2024-12-21,26-287,PIT,@,BAL,L 17-34,4.20,4.20,4.2,4.2,17,28.3,0,0.0,0,0.0,RB,HarrNa00
2175,Derrick Henry,4.20,23,Sun,16,17,2023-12-31,29-361,TEN,@,HOU,L 3-26,4.20,4.20,4.2,4.2,23,41.8,0,0.0,0,0.0,RB,HenrDe00
2176,Travis Homer,4.20,22,Sun,2,2,2022-09-18,24-042,SEA,@,SFO,L 7-27,4.20,8.20,8.2,6.2,22,44.9,0,0.0,16,69.6,RB,HomeTr00
2177,Roschon Johnson,4.20,22,Sun,2,2,2023-09-17,22-229,CHI,@,TAM,L 17-27,4.20,6.20,6.2,5.2,22,41.5,0,0.0,8,29.6,RB,JohnRo07
2178,Joshua Kelley,4.20,23,Mon,15,16,2022-12-26,25-036,LAC,@,IND,W 20-3,4.20,5.20,5.2,4.7,23,33.8,0,0.0,4,22.2,RB,KellJo01
2179,Alexander Mattison,4.20,37,Mon,7,7,2023-10-23,25-126,MIN,,SFO,W 22-17,4.20,6.20,6.2,5.2,37,52.9,0,0.0,0,0.0,RB,MattAl01
2180,Jaleel McLaughlin,4.20,21,Thu,6,6,2023-10-12,23-029,DEN,@,KAN,L 8-19,4.20,6.20,6.2,5.2,21,40.4,0,0.0,0,0.0,RB,McLaJa00
2181,Jeremy McNichols,4.20,17,Sun,7,7,2024-10-20,28-299,WAS,,CAR,W 40-7,4.20,4.20,4.2,4.2,17,24.6,0,0.0,16,61.5,RB,McNiJe00
2182,Sony Michel,4.20,30,Mon,6,6,2022-10-17,27-242,LAC,,DEN,W 19-16 (OT),4.20,7.20,7.2,5.7,30,32.3,0,0.0,0,0.0,RB,MichSo00
2183,Craig Reynolds,4.20,24,Sun,4,4,2022-10-02,26-109,DET,,SEA,L 45-48,4.20,5.20,5.2,4.7,24,32.4,0,0.0,12,36.4,RB,ReynCr00
2184,Rhamondre Stevenson,4.20,35,Sun,4,4,2024-09-29,26-219,NWE,@,SFO,L 13-30,4.20,8.20,9.2,6.2,35,54.7,0,0.0,0,0.0,RB,StevRh00
2185,D'Andre Swift,4.20,46,Sun,2,2,2024-09-15,25-245,CHI,@,HOU,L 13-19,4.20,8.20,8.2,6.2,46,65.7,0,0.0,0,0.0,RB,SwifDA00
2186,D'Andre Swift,4.20,48,Sun,3,3,2024-09-22,25-252,CHI,@,IND,L 16-21,4.20,6.20,6.2,5.2,48,53.3,0,0.0,0,0.0,RB,SwifDA00
2187,Jaylen Warren,4.20,34,Sun,11,12,2023-11-26,25-025,PIT,@,CIN,W 16-10,4.20,7.20,8.2,5.7,34,47.9,0,0.0,1,4.2,RB,WarrJa01
2188,Rachaad White,4.20,31,Sun,5,5,2022-10-09,23-270,TAM,,ATL,W 21-15,4.20,7.20,7.2,5.7,31,39.2,0,0.0,7,31.8,RB,WhitRa01
2189,Rachaad White,4.20,43,Mon,3,3,2023-09-25,24-256,TAM,,PHI,L 11-25,4.20,7.20,8.2,5.7,43,91.5,0,0.0,0,0.0,RB,WhitRa01
2190,Trayveon Williams,4.20,14,Sun,11,12,2022-11-27,25-040,CIN,@,TEN,W 20-16,4.20,5.20,5.2,4.7,14,20.0,0,0.0,20,66.7,RB,WillTr06
2191,Salvon Ahmed,4.10,12,Sun,2,2,2023-09-17,24-261,MIA,@,NWE,W 24-17,4.10,7.10,7.1,5.6,12,19.0,0,0.0,7,28.0,RB,AhmeSa01
2192,Gary Brightwell,4.10,21,Sun,13,14,2022-12-11,23-286,NYG,,PHI,L 22-48,4.10,6.10,6.1,5.1,21,32.8,0,0.0,21,67.7,RB,BrigGa00
2193,Chris Brooks,4.10,17,Sun,9,9,2024-11-03,24-297,GNB,,DET,L 14-24,4.10,7.10,7.1,5.6,17,26.2,0,0.0,5,22.7,RB,BrooCh00
2194,Jonathon Brooks,4.10,15,Sun,12,13,2024-12-01,21-133,CAR,,TAM,L 23-26 (OT),4.10,7.10,7.1,5.6,15,21.4,0,0.0,0,0.0,RB,BrooJo02
2195,Zach Charbonnet,4.10,28,Sun,16,17,2023-12-31,22-357,SEA,,PIT,L 23-30,4.10,9.10,9.1,6.6,28,57.1,0,0.0,0,0.0,RB,CharZa00
2196,DeeJay Dallas,4.10,19,Sun,7,7,2022-10-23,24-037,SEA,@,LAC,W 37-23,4.10,6.10,6.1,5.1,19,26.8,0,0.0,16,55.2,RB,DallDe00
2197,Isaiah Davis,4.10,8,Sun,17,18,2025-01-05,22-319,NYJ,,MIA,W 32-20,4.10,4.10,4.1,4.1,8,12.5,0,0.0,18,69.2,RB,DaviIs00
2198,Malik Davis,4.10,19,Sun,8,8,2022-10-30,23-338,DAL,,CHI,W 49-29,4.10,6.10,6.1,5.1,19,32.8,0,0.0,15,51.7,RB,DaviMa02
2199,Chase Edmonds,4.10,36,Sun,2,2,2022-09-18,26-158,MIA,@,BAL,W 42-38,4.10,5.10,5.1,4.6,36,50.7,0,0.0,0,0.0,RB,EdmoCh00
2200,Ezekiel Elliott,4.10,14,Sun,14,15,2024-12-15,29-146,DAL,@,CAR,W 30-14,4.10,5.10,5.1,4.6,14,19.2,0,0.0,0,0.0,RB,ElliEz00
2201,Kenneth Gainwell,4.10,27,Sun,4,4,2023-10-01,24-201,PHI,,WAS,W 34-31 (OT),4.10,6.10,6.1,5.1,27,38.0,0,0.0,0,0.0,RB,GainKe00
2202,Breece Hall,4.10,38,Sun,1,1,2022-09-11,21-103,NYJ,,BAL,L 9-24,4.10,10.10,11.1,7.1,38,45.2,0,0.0,0,0.0,RB,HallBr03
2203,Khalil Herbert,4.10,8,Sun,2,2,2022-09-18,24-150,CHI,@,GNB,L 10-27,4.10,5.10,5.1,4.6,8,19.5,0,0.0,13,59.1,RB,HerbKh00
2204,Khalil Herbert,4.10,32,Sun,11,11,2023-11-19,25-212,CHI,@,DET,L 26-31,4.10,6.10,6.1,5.1,32,42.7,0,0.0,1,3.8,RB,HerbKh00
2205,Khalil Herbert,4.10,23,Sun,17,18,2024-01-07,25-261,CHI,@,GNB,L 9-17,4.10,6.10,6.1,5.1,23,47.9,0,0.0,0,0.0,RB,HerbKh00
2206,Justice Hill,4.10,30,Sun,11,11,2024-11-17,27-003,BAL,@,PIT,L 16-18,4.10,8.10,8.1,6.1,30,49.2,0,0.0,7,24.1,RB,HillJu00
2207,Mark Ingram,4.10,25,Sun,2,2,2022-09-18,32-271,NOR,,TAM,L 10-20,4.10,6.10,7.1,5.1,25,36.8,0,0.0,0,0.0,RB,IngrMa01
2208,Josh Jacobs,4.10,43,Sun,7,7,2023-10-22,25-253,LVR,@,CHI,L 12-30,4.10,5.10,5.1,4.6,43,66.2,0,0.0,0,0.0,RB,JacoJo01
2209,Ty Johnson,4.10,28,Sun,12,13,2022-12-04,25-078,NYJ,@,MIN,L 22-27,4.10,10.10,10.1,7.1,28,32.9,0,0.0,13,40.6,RB,JohnTy02
2210,Hunter Luepke,4.10,30,Sun,3,3,2024-09-22,24-207,DAL,,BAL,L 25-28,4.10,6.10,6.1,5.1,30,37.5,0,0.0,17,60.7,RB,LuepHu00
2211,Anthony McFarland Jr.,4.10,21,Mon,11,12,2022-11-28,24-269,PIT,@,IND,W 24-17,4.10,6.10,6.1,5.1,21,30.4,0,0.0,0,0.0,RB,McFaAn00
2212,Elijah Mitchell,4.10,17,Sun,1,1,2022-09-11,24-132,SFO,@,CHI,L 10-19,4.10,4.10,4.1,4.1,17,25.0,0,0.0,0,0.0,RB,MitcEl00
2213,Keaton Mitchell,4.10,24,Thu,11,11,2023-11-16,21-303,BAL,,CIN,W 34-20,4.10,5.10,5.1,4.6,24,36.4,0,0.0,5,15.6,RB,MitcKe01
2214,Cordarrelle Patterson,4.10,36,Sun,2,2,2022-09-18,31-185,ATL,@,LAR,L 27-31,4.10,4.10,4.1,4.1,36,59.0,0,0.0,7,30.4,RB,PattCo00
2215,Samaje Perine,4.10,15,Sun,7,7,2023-10-22,28-036,DEN,,GNB,W 19-17,4.10,7.10,7.1,5.6,15,25.4,0,0.0,4,16.0,RB,PeriSa00
2216,Trey Sermon,4.10,18,Sun,16,17,2023-12-31,24-335,IND,,LVR,W 23-20,4.10,6.10,6.1,5.1,18,32.1,0,0.0,0,0.0,RB,SermTr00
2217,Jonathan Williams,4.10,20,Sat,15,16,2022-12-24,28-325,WAS,@,SFO,L 20-37,4.10,6.10,6.1,5.1,20,27.4,0,0.0,18,66.7,RB,WillJo07
2218,Jonathan Williams,4.10,31,Sun,17,18,2023-01-08,28-340,WAS,,DAL,W 26-6,4.10,6.10,6.1,5.1,31,47.0,0,0.0,1,2.9,RB,WillJo07
2219,Emanuel Wilson,4.10,15,Sun,11,12,2024-11-24,25-200,GNB,,SFO,W 38-10,4.10,4.10,4.1,4.1,15,20.8,0,0.0,0,0.0,RB,WilsEm00
2220,Tyler Allgeier,4.00,15,Sun,13,14,2023-12-10,23-239,ATL,,TAM,L 25-29,4.00,4.00,4.0,4.0,15,20.8,0,0.0,0,0.0,RB,AllgTy00
2221,Matt Breida,4.00,44,Sun,17,18,2023-01-08,27-314,NYG,@,PHI,L 16-22,4.00,11.00,11.0,7.5,44,69.8,0,0.0,6,21.4,RB,BreiMa00
2222,Zach Charbonnet,4.00,13,Mon,4,4,2023-10-02,22-267,SEA,@,NYG,W 24-3,4.00,5.00,5.0,4.5,13,23.6,0,0.0,12,52.2,RB,CharZa00
2223,James Cook,4.00,11,Sun,3,3,2022-09-25,23-000,BUF,@,MIA,L 19-21,4.00,8.00,8.0,6.0,11,12.0,0,0.0,1,4.5,RB,CookJa01
2224,J.K. Dobbins,4.00,27,Sun,3,3,2022-09-25,23-282,BAL,@,NWE,W 37-26,4.00,6.00,6.0,5.0,27,45.0,0,0.0,0,0.0,RB,DobbJK00
2225,Clyde Edwards-Helaire,4.00,18,Sun,17,18,2025-01-05,25-269,NOR,@,TAM,L 19-27,4.00,5.00,5.0,4.5,18,27.3,0,0.0,0,0.0,RB,EdwaCl00
2226,Najee Harris,4.00,37,Sun,5,5,2023-10-08,25-213,PIT,,BAL,W 17-10,4.00,5.00,5.0,4.5,37,56.1,0,0.0,0,0.0,RB,HarrNa00
2227,Hassan Haskins,4.00,28,Sat,16,17,2024-12-28,25-032,LAC,@,NWE,W 40-7,4.00,5.00,5.0,4.5,28,35.4,0,0.0,17,65.4,RB,HaskHa00
2228,Justice Hill,4.00,48,Sun,9,9,2023-11-05,25-356,BAL,,SEA,W 37-3,4.00,4.00,4.0,4.0,48,63.2,0,0.0,0,0.0,RB,HillJu00
2229,D'Ernest Johnson,4.00,12,Sun,9,10,2023-11-12,27-258,JAX,,SFO,L 3-34,4.00,6.00,6.0,5.0,12,21.1,0,0.0,11,47.8,RB,JohnDE04
2230,Kyle Juszczyk,4.00,40,Mon,1,1,2024-09-09,33-139,SFO,,NYJ,W 32-19,4.00,6.00,6.0,5.0,40,55.6,0,0.0,3,11.5,FB,JuszKy00
2231,Alexander Mattison,4.00,34,Sun,5,5,2022-10-09,24-112,MIN,,CHI,W 29-22,4.00,7.00,7.0,5.5,34,43.0,0,0.0,3,13.0,RB,MattAl01
2232,J.D. McKissic,4.00,41,Sun,3,3,2022-09-25,29-041,WAS,,PHI,L 8-24,4.00,10.00,10.0,7.0,41,53.2,0,0.0,1,3.8,RB,McKiJ.00
2233,Zack Moss,4.00,27,Sun,7,7,2024-10-20,26-310,CIN,@,CLE,W 21-14,4.00,7.00,7.0,5.5,27,49.1,0,0.0,0,0.0,RB,MossZa00
2234,Samaje Perine,4.00,28,Sun,3,3,2024-09-22,29-006,KAN,@,ATL,W 22-17,4.00,7.00,7.0,5.5,28,37.8,0,0.0,3,12.5,RB,PeriSa00
2235,Boston Scott,4.00,10,Thu,2,2,2023-09-14,28-140,PHI,,MIN,W 34-28,4.00,4.00,4.0,4.0,10,13.0,0,0.0,4,13.8,RB,ScotBo02
2236,Devin Singletary,4.00,31,Sun,12,13,2023-12-03,26-091,HOU,,DEN,W 22-17,4.00,5.00,5.0,4.5,31,45.6,0,0.0,0,0.0,RB,SingDe00
2237,Rhamondre Stevenson,4.00,35,Sun,4,4,2023-10-01,25-220,NWE,@,DAL,L 3-38,4.00,6.00,6.0,5.0,35,63.6,0,0.0,0,0.0,RB,StevRh00
2238,D'Andre Swift,4.00,42,Sun,13,14,2024-12-08,25-329,CHI,@,SFO,L 13-38,4.00,5.00,5.0,4.5,42,79.2,0,0.0,0,0.0,RB,SwifDA00
2239,Tyrone Tracy Jr.,4.00,22,Sun,3,3,2024-09-22,24-304,NYG,@,CLE,W 21-15,4.00,6.00,6.0,5.0,22,30.6,0,0.0,3,11.5,RB,TracTy00
2240,Jaylen Warren,4.00,37,Thu,13,14,2023-12-07,25-036,PIT,,NWE,L 18-21,4.00,8.00,8.0,6.0,37,52.9,0,0.0,4,14.3,RB,WarrJa01
2241,Rachaad White,4.00,36,Sun,15,16,2024-12-22,25-345,TAM,@,DAL,L 24-26,4.00,11.00,12.0,7.5,36,50.0,0,0.0,0,0.0,RB,WhitRa01
2242,Ty Chandler,3.90,46,Sun,5,5,2024-10-06,26-147,MIN,,NYJ,W 23-17,3.90,5.90,5.9,4.9,46,63.0,0,0.0,4,13.8,RB,ChanTy01
2243,James Cook,3.90,32,Sun,9,9,2023-11-05,24-041,BUF,@,CIN,L 18-24,3.90,7.90,7.9,5.9,32,55.2,0,0.0,0,0.0,RB,CookJa01
2244,Jerome Ford,3.90,26,Sun,7,8,2023-10-29,24-047,CLE,@,SEA,L 20-24,3.90,4.90,4.9,4.4,26,33.3,0,0.0,0,0.0,RB,FordJe00
2245,Jerome Ford,3.90,41,Sun,10,11,2024-11-17,25-066,CLE,@,NOR,L 14-35,3.90,7.90,7.9,5.9,41,56.2,0,0.0,6,24.0,RB,FordJe00
2246,Royce Freeman,3.90,30,Sun,16,17,2023-01-01,26-311,HOU,,JAX,L 3-31,3.90,6.90,6.9,5.4,30,42.9,0,0.0,6,24.0,RB,FreeRo00
2247,Kenneth Gainwell,3.90,22,Sun,9,10,2024-11-10,25-241,PHI,@,DAL,W 34-6,3.90,4.90,4.9,4.4,22,32.4,0,0.0,10,35.7,RB,GainKe00
2248,Antonio Gibson,3.90,20,Sun,5,5,2022-10-09,24-108,WAS,,TEN,L 17-21,3.90,6.90,6.9,5.4,20,31.7,0,0.0,0,0.0,RB,GibsAn00
2249,Darrell Henderson,3.90,44,Mon,4,4,2022-10-03,25-045,LAR,@,SFO,L 9-24,3.90,6.90,6.9,5.4,44,59.5,0,0.0,0,0.0,RB,HendDa00
2250,Chuba Hubbard,3.90,30,Thu,9,10,2023-11-09,24-151,CAR,@,CHI,L 13-16,3.90,5.90,5.9,4.9,30,50.0,0,0.0,6,21.4,RB,HubbCh01
2251,Joshua Kelley,3.90,54,Sun,2,2,2023-09-17,25-301,LAC,@,TEN,L 24-27 (OT),3.90,3.90,3.9,3.9,54,79.4,0,0.0,0,0.0,RB,KellJo01
2252,Jacob Kibodi,3.90,17,Sat,17,18,2025-01-04,26-092,CLE,@,BAL,L 10-35,3.90,4.90,4.9,4.4,17,28.8,0,0.0,0,0.0,RB,KiboJa00
2253,Jaleel McLaughlin,3.90,8,Sun,8,8,2023-10-29,23-046,DEN,,KAN,W 24-9,3.90,5.90,5.9,4.9,8,11.3,0,0.0,5,22.7,RB,McLaJa00
2254,Joe Mixon,3.90,27,Wed,16,17,2024-12-25,28-154,HOU,,BAL,L 2-31,3.90,5.90,5.9,4.9,27,48.2,0,0.0,0,0.0,RB,MixoJo00
2255,Zack Moss,3.90,30,Sun,8,8,2024-10-27,26-317,CIN,,PHI,L 17-37,3.90,7.90,7.9,5.9,30,51.7,0,0.0,0,0.0,RB,MossZa00
2256,Dameon Pierce,3.90,20,Sun,1,1,2022-09-11,22-204,HOU,,IND,T 20-20 (OT),3.90,4.90,4.9,4.4,20,28.6,0,0.0,0,0.0,RB,PierDa01
2257,Craig Reynolds,3.90,23,Sun,17,18,2025-01-05,28-204,DET,,MIN,W 31-9,3.90,3.90,3.9,3.9,23,33.8,0,0.0,6,26.1,RB,ReynCr00
2258,Bijan Robinson,3.90,42,Sun,9,9,2023-11-05,21-279,ATL,,MIN,L 28-31,3.90,5.90,6.9,4.9,42,60.9,0,0.0,0,0.0,RB,RobiBi01
2259,James Robinson,3.90,31,Sun,5,5,2022-10-09,24-061,JAX,,HOU,L 6-13,3.90,5.90,5.9,4.9,31,41.3,0,0.0,0,0.0,RB,RobiJa00
2260,D'Andre Swift,3.90,25,Sun,13,14,2022-12-11,23-331,DET,,MIN,W 34-23,3.90,6.90,6.9,5.4,25,35.7,0,0.0,0,0.0,RB,SwifDA00
2261,D'Andre Swift,3.90,28,Sun,13,14,2023-12-10,24-330,PHI,@,DAL,L 13-33,3.90,3.90,3.9,3.9,28,50.9,0,0.0,0,0.0,RB,SwifDA00
2262,Jamaal Williams,3.90,15,Sun,2,2,2024-09-15,29-165,NOR,@,DAL,W 44-19,3.90,3.90,3.9,3.9,15,25.4,0,0.0,1,3.7,RB,WillJa06
2263,Kyren Williams,3.90,16,Sun,9,10,2022-11-13,22-079,LAR,,ARI,L 17-27,3.90,6.90,6.9,5.4,16,26.7,0,0.0,5,17.9,RB,WillKy02
2264,De'Von Achane,3.80,32,Sun,16,17,2024-12-29,23-077,MIA,@,CLE,W 20-3,3.80,5.80,5.8,4.8,32,53.3,0,0.0,0,0.0,RB,AchaDe00
2265,Cam Akers,3.80,23,Sun,9,9,2023-11-05,24-136,MIN,@,ATL,W 31-28,3.80,6.80,6.8,5.3,23,30.7,0,0.0,0,0.0,RB,AkerCa00
2266,Tyler Allgeier,3.80,19,Sun,10,10,2023-11-12,23-211,ATL,@,ARI,L 23-25,3.80,4.80,4.8,4.3,19,26.8,0,0.0,1,3.8,RB,AllgTy00
2267,DeeJay Dallas,3.80,15,Sun,3,3,2022-09-25,24-009,SEA,,ATL,L 23-27,3.80,5.80,5.8,4.8,15,21.1,0,0.0,15,60.0,RB,DallDe00
2268,Malik Davis,3.80,11,Sun,9,10,2022-11-13,23-352,DAL,@,GNB,L 28-31 (OT),3.80,3.80,3.8,3.8,11,13.3,0,0.0,14,46.7,RB,DaviMa02
2269,AJ Dillon,3.80,33,Sun,3,3,2022-09-25,24-146,GNB,@,TAM,W 14-12,3.80,5.80,5.8,4.8,33,53.2,0,0.0,1,4.0,RB,DillAJ00
2270,Austin Ekeler,3.80,26,Thu,14,15,2023-12-14,28-211,LAC,@,LVR,L 21-63,3.80,7.80,7.8,5.8,26,40.0,0,0.0,0,0.0,RB,EkelAu00
2271,Ezekiel Elliott,3.80,25,Sun,5,5,2023-10-08,28-078,NWE,,NOR,L 0-34,3.80,7.80,7.8,5.8,25,46.3,0,0.0,0,0.0,RB,ElliEz00
2272,Royce Freeman,3.80,37,Sat,15,16,2022-12-24,26-303,HOU,@,TEN,W 19-14,3.80,4.80,4.8,4.3,37,55.2,0,0.0,0,0.0,RB,FreeRo00
2273,Derrick Henry,3.80,30,Sun,12,13,2022-12-04,28-334,TEN,@,PHI,L 10-35,3.80,5.80,5.8,4.8,30,54.5,0,0.0,0,0.0,RB,HenrDe00
2274,Khalil Herbert,3.80,15,Mon,12,12,2023-11-27,25-220,CHI,@,MIN,W 12-10,3.80,5.80,5.8,4.8,15,21.4,0,0.0,0,0.0,RB,HerbKh00
2275,Justice Hill,3.80,28,Sun,10,11,2022-11-20,25-006,BAL,,CAR,W 13-3,3.80,6.80,6.8,5.3,28,40.6,0,0.0,14,60.9,RB,HillJu00
2276,Alexander Mattison,3.80,24,Sun,16,17,2024-12-29,26-193,LVR,@,NOR,W 25-10,3.80,4.80,4.8,4.3,24,31.2,0,0.0,0,0.0,RB,MattAl01
2277,Jeremy McNichols,3.80,19,Sun,15,16,2024-12-22,28-362,WAS,,PHI,W 36-33,3.80,7.80,7.8,5.8,19,27.9,0,0.0,8,25.0,RB,McNiJe00
2278,Jordan Mims,3.80,12,Sun,9,9,2024-11-03,25-140,NOR,@,CAR,L 22-23,3.80,4.80,4.8,4.3,12,15.2,0,0.0,12,41.4,RB,MimsJo00
2279,Joe Mixon,3.80,45,Sun,3,3,2022-09-25,26-063,CIN,@,NYJ,W 27-12,3.80,6.80,6.8,5.3,45,66.2,0,0.0,0,0.0,RB,MixoJo00
2280,Dare Ogunbowale,3.80,40,Sun,17,18,2023-01-08,28-249,HOU,@,IND,W 32-31,3.80,8.80,8.8,6.3,40,61.5,0,0.0,7,25.9,RB,OgunDa00
2281,Brian Robinson Jr.,3.80,28,Sun,9,9,2022-11-06,23-229,WAS,,MIN,L 17-20,3.80,5.80,5.8,4.8,28,43.8,0,0.0,0,0.0,RB,RobiBr01
2282,Devin Singletary,3.80,47,Thu,4,4,2024-09-26,27-023,NYG,,DAL,L 15-20,3.80,4.80,4.8,4.3,47,68.1,0,0.0,0,0.0,RB,SingDe00
2283,Sean Tucker,3.80,16,Mon,7,7,2024-10-21,22-362,TAM,,BAL,L 31-41,3.80,4.80,4.8,4.3,16,19.5,0,0.0,12,41.4,RB,TuckSe00
2284,Jaylen Warren,3.80,33,Sun,7,8,2023-10-29,24-362,PIT,,JAX,L 10-20,3.80,7.80,7.8,5.8,33,49.3,0,0.0,6,23.1,RB,WarrJa01
2285,Rachaad White,3.80,44,Sun,5,6,2023-10-15,24-276,TAM,,DET,L 6-20,3.80,6.80,6.8,5.3,44,78.6,0,0.0,0,0.0,RB,WhitRa01
2286,Zamir White,3.80,40,Sun,2,2,2024-09-15,24-363,LVR,@,BAL,W 26-23,3.80,6.80,6.8,5.3,40,63.5,0,0.0,0,0.0,RB,WhitZa01
2287,Jamaal Williams,3.80,15,Sun,8,8,2023-10-29,28-209,NOR,@,IND,W 38-27,3.80,4.80,4.8,4.3,15,22.7,0,0.0,0,0.0,RB,WillJa06
2288,Jeff Wilson,3.80,11,Sun,9,9,2023-11-05,27-354,MIA,@,KAN,L 14-21,3.80,6.80,6.8,5.3,11,17.5,0,0.0,0,0.0,RB,WilsJe01
2289,Cam Akers,3.70,19,Sun,13,14,2024-12-08,25-169,MIN,,ATL,W 42-21,3.70,3.70,3.7,3.7,19,31.7,0,0.0,5,18.5,RB,AkerCa00
2290,Cam Akers,3.70,16,Sun,11,12,2022-11-27,23-158,LAR,@,KAN,L 10-26,3.70,3.70,3.7,3.7,16,29.6,0,0.0,0,0.0,RB,AkerCa00
2291,Saquon Barkley,3.70,31,Sun,14,15,2023-12-17,26-311,NYG,@,NOR,L 6-24,3.70,5.70,5.7,4.7,31,50.0,0,0.0,0,0.0,RB,BarkSa00
2292,Michael Carter,3.70,18,Sun,14,15,2023-12-17,24-224,ARI,,SFO,L 29-45,3.70,6.70,6.7,5.2,18,24.3,0,0.0,0,0.0,RB,CartMi03
2293,DeeJay Dallas,3.70,32,Sun,12,13,2022-12-04,24-079,SEA,@,LAR,W 27-23,3.70,3.70,3.7,3.7,32,47.8,0,0.0,9,33.3,RB,DallDe00
2294,Gus Edwards,3.70,19,Sun,12,12,2023-11-26,28-227,BAL,@,LAC,W 20-10,3.70,4.70,4.7,4.2,19,26.8,0,0.0,0,0.0,RB,EdwaGu00
2295,Audric Estime,3.70,18,Sat,16,17,2024-12-28,21-113,DEN,@,CIN,L 24-30 (OT),3.70,4.70,4.7,4.2,18,30.0,0,0.0,5,20.0,RB,EstiAu00
2296,Travis Etienne,3.70,35,Sun,15,16,2024-12-22,25-331,JAX,@,LVR,L 14-19,3.70,5.70,5.7,4.7,35,52.2,0,0.0,0,0.0,RB,EtieTr00
2297,Antonio Gibson,3.70,19,Thu,3,3,2024-09-19,26-088,NWE,@,NYJ,L 3-24,3.70,6.70,6.7,5.2,19,36.5,0,0.0,5,23.8,RB,GibsAn00
2298,Antonio Gibson,3.70,36,Thu,12,12,2023-11-23,25-153,WAS,@,DAL,L 10-45,3.70,6.70,6.7,5.2,36,46.2,0,0.0,0,0.0,RB,GibsAn00
2299,Breece Hall,3.70,53,Sun,5,5,2024-10-06,23-128,NYJ,@,MIN,L 17-23,3.70,6.70,6.7,5.2,53,73.6,0,0.0,0,0.0,RB,HallBr03
2300,Hassan Haskins,3.70,28,Mon,2,2,2022-09-19,22-297,TEN,@,BUF,L 7-41,3.70,4.70,4.7,4.2,28,50.0,0,0.0,19,70.4,RB,HaskHa00
2301,Nyheim Hines,3.70,15,Sun,2,2,2022-09-18,25-310,IND,@,JAX,L 0-24,3.70,7.70,7.7,5.7,15,30.0,0,0.0,1,5.0,RB,HineNy00
2302,Kareem Hunt,3.70,33,Sun,10,11,2023-11-19,28-105,CLE,,PIT,W 13-10,3.70,6.70,6.7,5.2,33,44.0,0,0.0,0,0.0,RB,HuntKa00
2303,Ty Johnson,3.70,16,Sun,12,13,2024-12-01,27-075,BUF,,SFO,W 35-10,3.70,4.70,4.7,4.2,16,27.6,0,0.0,3,12.0,RB,JohnTy02
2304,Alvin Kamara,3.70,35,Mon,13,13,2022-12-05,27-133,NOR,@,TAM,L 16-17,3.70,5.70,5.7,4.7,35,59.3,0,0.0,0,0.0,RB,KamaAl00
2305,J.D. McKissic,3.70,26,Sun,5,5,2022-10-09,29-055,WAS,,TEN,L 17-21,3.70,8.70,8.7,6.2,26,41.3,0,0.0,0,0.0,RB,McKiJ.00
2306,Kendre Miller,3.70,20,Thu,7,7,2024-10-17,22-128,NOR,,DEN,L 10-33,3.70,5.70,5.7,4.7,20,28.6,0,0.0,0,0.0,RB,MillKe01
2307,Isiah Pacheco,3.70,33,Sun,8,8,2023-10-29,24-241,KAN,@,DEN,L 9-24,3.70,6.70,6.7,5.2,33,54.1,0,0.0,0,0.0,RB,PachIs00
2308,Samaje Perine,3.70,16,Sun,9,10,2024-11-10,29-055,KAN,,DEN,W 16-14,3.70,5.70,5.7,4.7,16,23.5,0,0.0,7,28.0,RB,PeriSa00
2309,Samaje Perine,3.70,26,Sun,1,1,2022-09-11,26-360,CIN,,PIT,L 20-23 (OT),3.70,6.70,6.7,5.2,26,26.0,0,0.0,21,65.6,RB,PeriSa00
2310,Tyjae Spears,3.70,33,Sun,14,15,2023-12-17,22-185,TEN,,HOU,L 16-19 (OT),3.70,4.70,4.7,4.2,33,52.4,0,0.0,0,0.0,RB,SpeaTy00
2311,Pierre Strong,3.70,17,Sun,14,15,2022-12-18,24-008,NWE,@,LVR,L 24-30,3.70,6.70,6.7,5.2,17,26.2,0,0.0,13,40.6,RB,StroPi00
2312,Deuce Vaughn,3.70,15,Sun,17,18,2025-01-05,23-064,DAL,,WAS,L 19-23,3.70,3.70,3.7,3.7,15,19.2,0,0.0,0,0.0,RB,VaugDe00
2313,Jordan Wilkins,3.70,10,Sun,16,17,2023-01-01,28-167,IND,@,NYG,L 10-38,3.70,5.70,5.7,4.7,10,17.2,0,0.0,6,25.0,RB,WilkJo01
2314,Jamaal Williams,3.70,26,Sun,13,14,2022-12-11,27-252,DET,,MIN,W 34-23,3.70,3.70,3.7,3.7,26,37.1,0,0.0,0,0.0,RB,WillJa06
2315,Jeff Wilson,3.70,19,Sun,8,8,2023-10-29,27-347,MIA,,NWE,W 31-17,3.70,5.70,5.7,4.7,19,24.7,0,0.0,0,0.0,RB,WilsJe01
2316,Gary Brightwell,3.60,9,Thu,3,3,2023-09-21,24-205,NYG,@,SFO,L 12-30,3.60,5.60,5.6,4.6,9,18.0,0,0.0,16,57.1,RB,BrigGa00
2317,Michael Carter,3.60,19,Sun,11,12,2022-11-27,23-204,NYJ,,CHI,W 31-10,3.60,5.60,5.6,4.6,19,30.2,0,0.0,0,0.0,RB,CartMi03
2318,Dalvin Cook,3.60,42,Mon,2,2,2022-09-19,27-040,MIN,@,PHI,L 7-24,3.60,7.60,7.6,5.6,42,68.9,0,0.0,0,0.0,RB,CookDa01
2319,AJ Dillon,3.60,29,Sun,1,1,2023-09-10,25-131,GNB,@,CHI,W 38-20,3.60,5.60,5.6,4.6,29,48.3,0,0.0,1,3.6,RB,DillAJ00
2320,Ezekiel Elliott,3.60,22,Sun,8,8,2023-10-29,28-099,NWE,@,MIA,L 17-31,3.60,3.60,3.6,3.6,22,41.5,0,0.0,0,0.0,RB,ElliEz00
2321,D'Onta Foreman,3.60,21,Sun,8,8,2023-10-29,27-188,CHI,@,LAC,L 13-30,3.60,4.60,4.6,4.1,21,31.8,0,0.0,0,0.0,RB,ForeDO00
2322,Kenneth Gainwell,3.60,23,Sun,11,12,2023-11-26,24-257,PHI,,BUF,W 37-34 (OT),3.60,5.60,5.6,4.6,23,34.8,0,0.0,2,5.6,RB,GainKe00
2323,Antonio Gibson,3.60,43,Sun,15,16,2024-12-22,26-182,NWE,@,BUF,L 21-24,3.60,5.60,5.6,4.6,43,58.9,0,0.0,5,20.8,RB,GibsAn00
2324,Antonio Gibson,3.60,20,Sun,16,17,2023-12-31,25-191,WAS,,SFO,L 10-27,3.60,5.60,5.6,4.6,20,43.5,0,0.0,0,0.0,RB,GibsAn00
2325,Antonio Gibson,3.60,25,Sun,17,18,2024-01-07,25-198,WAS,,DAL,L 10-38,3.60,6.60,6.6,5.1,25,51.0,0,0.0,0,0.0,RB,GibsAn00
2326,Najee Harris,3.60,37,Sun,5,5,2022-10-09,24-214,PIT,@,BUF,L 3-38,3.60,6.60,6.6,5.1,37,49.3,0,0.0,0,0.0,RB,HarrNa00
2327,Najee Harris,3.60,33,Sun,10,11,2023-11-19,25-255,PIT,@,CLE,L 10-13,3.60,4.60,4.6,4.1,33,56.9,0,0.0,0,0.0,RB,HarrNa00
2328,Mark Ingram,3.60,17,Sun,5,5,2022-10-09,32-292,NOR,,SEA,W 39-32,3.60,3.60,3.6,3.6,17,22.1,0,0.0,0,0.0,RB,IngrMa01
2329,Bucky Irving,3.60,23,Thu,5,5,2024-10-03,22-045,TAM,@,ATL,L 30-36 (OT),3.60,5.60,6.6,4.6,23,43.4,0,0.0,3,9.4,RB,IrviBu00
2330,Deon Jackson,3.60,39,Sun,9,9,2022-11-06,23-261,IND,@,NWE,L 3-26,3.60,5.60,5.6,4.6,39,62.9,0,0.0,0,0.0,RB,JackDe02
2331,Alexander Mattison,3.60,14,Sun,1,1,2022-09-11,24-084,MIN,,GNB,W 23-7,3.60,3.60,3.6,3.6,14,22.6,0,0.0,2,8.7,RB,MattAl01
2332,Alexander Mattison,3.60,24,Sun,9,9,2024-11-03,26-137,LVR,@,CIN,L 24-41,3.60,3.60,3.6,3.6,24,39.3,0,0.0,0,0.0,RB,MattAl01
2333,Elijah Mitchell,3.60,17,Thu,11,12,2023-11-23,25-205,SFO,@,SEA,W 31-13,3.60,4.60,4.6,4.1,17,25.8,0,0.0,0,0.0,RB,MitcEl00
2334,David Montgomery,3.60,28,Sun,16,17,2023-01-01,25-208,CHI,@,DET,L 10-41,3.60,5.60,5.6,4.6,28,53.8,0,0.0,0,0.0,RB,MontDa01
2335,Ronnie Rivers,3.60,21,Sun,7,8,2022-10-30,23-272,LAR,,SFO,L 14-31,3.60,7.60,7.6,5.6,21,36.2,0,0.0,0,0.0,RB,RiveRo01
2336,Tyjae Spears,3.60,30,Sun,7,8,2023-10-29,22-136,TEN,,ATL,W 28-23,3.60,6.60,6.6,5.1,30,44.1,0,0.0,6,17.1,RB,SpeaTy00
2337,Kenneth Walker III,3.60,14,Sun,12,13,2022-12-04,22-045,SEA,@,LAR,W 27-23,3.60,3.60,3.6,3.6,14,20.9,0,0.0,0,0.0,RB,WalkKe00
2338,Saquon Barkley,3.50,58,Sun,10,11,2022-11-20,25-284,NYG,,DET,L 18-31,3.50,5.50,5.5,4.5,58,76.3,0,0.0,0,0.0,RB,BarkSa00
2339,Tank Bigsby,3.50,32,Sun,12,13,2024-12-01,23-093,JAX,,HOU,L 20-23,3.50,4.50,4.5,4.0,32,45.7,0,0.0,0,0.0,RB,BigsTa00
2340,Zach Charbonnet,3.50,24,Thu,6,6,2024-10-10,23-276,SEA,,SFO,L 24-36,3.50,4.50,4.5,4.0,24,30.8,0,0.0,4,13.3,RB,CharZa00
2341,Nick Chubb,3.50,28,Sun,9,9,2024-11-03,28-312,CLE,,LAC,L 10-27,3.50,4.50,4.5,4.0,28,35.4,0,0.0,0,0.0,RB,ChubNi00
2342,Malik Davis,3.50,13,Sun,10,11,2022-11-20,23-359,DAL,@,MIN,W 40-3,3.50,5.50,5.5,4.5,13,18.1,0,0.0,17,60.7,RB,DaviMa02
2343,Clyde Edwards-Helaire,3.50,31,Mon,5,5,2022-10-10,23-182,KAN,,LVR,W 30-29,3.50,6.50,6.5,5.0,31,43.1,0,0.0,0,0.0,RB,EdwaCl00
2344,Audric Estime,3.50,7,Sun,9,9,2024-11-03,21-058,DEN,@,BAL,L 10-41,3.50,3.50,3.5,3.5,7,9.7,0,0.0,8,32.0,RB,EstiAu00
2345,D'Onta Foreman,3.50,39,Sat,17,18,2025-01-04,28-255,CLE,@,BAL,L 10-35,3.50,4.50,4.5,4.0,39,66.1,0,0.0,0,0.0,RB,ForeDO00
2346,D'Onta Foreman,3.50,25,Sun,16,17,2023-01-01,26-252,CAR,@,TAM,L 24-30,3.50,3.50,3.5,3.5,25,37.9,0,0.0,0,0.0,RB,ForeDO00
2347,Antonio Gibson,3.50,27,Sun,14,15,2023-12-17,25-177,WAS,@,LAR,L 20-28,3.50,8.50,8.5,6.0,27,45.0,0,0.0,0,0.0,RB,GibsAn00
2348,Darrell Henderson,3.50,34,Sun,9,9,2023-11-05,26-078,LAR,@,GNB,L 3-20,3.50,5.50,5.5,4.5,34,58.6,0,0.0,0,0.0,RB,HendDa00
2349,Justice Hill,3.50,27,Sun,6,6,2023-10-15,25-335,BAL,@,TEN,W 24-16,3.50,6.50,6.5,5.0,27,38.0,0,0.0,1,3.2,RB,HillJu00
2350,Chuba Hubbard,3.50,34,Sun,5,5,2023-10-08,24-119,CAR,@,DET,L 24-42,3.50,4.50,4.5,4.0,34,47.9,0,0.0,1,3.7,RB,HubbCh01
2351,Kareem Hunt,3.50,14,Sun,3,3,2023-09-24,28-049,CLE,,TEN,W 27-3,3.50,5.50,5.5,4.5,14,19.7,0,0.0,0,0.0,RB,HuntKa00
2352,Alvin Kamara,3.50,44,Thu,15,16,2023-12-21,28-149,NOR,@,LAR,L 22-30,3.50,8.50,8.5,6.0,44,73.3,0,0.0,0,0.0,RB,KamaAl00
2353,Joshua Kelley,3.50,18,Sun,1,1,2022-09-11,24-295,LAC,,LVR,W 24-19,3.50,5.50,5.5,4.5,18,26.9,0,0.0,16,66.7,RB,KellJo01
2354,Joshua Kelley,3.50,32,Sun,13,14,2022-12-11,25-021,LAC,,MIA,W 23-17,3.50,4.50,4.5,4.0,32,40.0,0,0.0,13,44.8,RB,KellJo01
2355,Jaleel McLaughlin,3.50,14,Thu,7,7,2024-10-17,24-034,DEN,@,NOR,W 33-10,3.50,3.50,3.5,3.5,14,21.5,0,0.0,0,0.0,RB,McLaJa00
2356,David Montgomery,3.50,24,Sun,14,15,2024-12-15,27-191,DET,,BUF,L 42-48,3.50,7.50,7.5,5.5,24,30.4,0,0.0,0,0.0,RB,MontDa01
2357,Latavius Murray,3.50,24,Sun,11,11,2023-11-19,33-305,BUF,,NYJ,W 32-6,3.50,3.50,3.5,3.5,24,31.6,0,0.0,0,0.0,RB,MurrLa00
2358,Dare Ogunbowale,3.50,11,Sun,14,15,2024-12-15,30-225,HOU,,MIA,W 20-12,3.50,3.50,3.5,3.5,11,22.0,0,0.0,13,52.0,RB,OgunDa00
2359,Samaje Perine,3.50,22,Sun,4,4,2023-10-01,28-015,DEN,@,CHI,W 31-28,3.50,5.50,5.5,4.5,22,45.8,0,0.0,5,19.2,RB,PeriSa00
2360,Dameon Pierce,3.50,38,Sun,2,2,2023-09-17,23-210,HOU,,IND,L 20-31,3.50,5.50,5.5,4.5,38,45.2,0,0.0,0,0.0,RB,PierDa01
2361,Chris Rodriguez,3.50,20,Sun,14,15,2023-12-17,23-082,WAS,@,LAR,L 20-28,3.50,3.50,3.5,3.5,20,33.3,0,0.0,14,51.9,RB,RodrCh00
2362,Benny Snell Jr.,3.50,9,Sun,12,13,2022-12-04,24-280,PIT,@,ATL,W 19-16,3.50,4.50,4.5,4.0,9,13.8,0,0.0,16,64.0,RB,SnelBe00
2363,Jonathan Taylor,3.50,53,Sun,12,12,2024-11-24,25-310,IND,,DET,L 6-24,3.50,3.50,3.5,3.5,53,96.4,0,0.0,0,0.0,RB,TaylJo02
2364,Tyrone Tracy Jr.,3.50,46,Sun,14,15,2024-12-15,25-022,NYG,,BAL,L 14-35,3.50,4.50,4.5,4.0,46,67.6,0,0.0,0,0.0,RB,TracTy00
2365,Rachaad White,3.50,42,Sun,3,3,2024-09-22,25-254,TAM,,DEN,L 7-26,3.50,8.50,8.5,6.0,42,73.7,0,0.0,0,0.0,RB,WhitRa01
2366,Jeff Wilson,3.50,19,Sun,8,8,2022-10-30,26-348,SFO,@,LAR,W 31-14,3.50,5.50,5.5,4.5,19,35.8,0,0.0,0,0.0,RB,WilsJe01
2367,Braelon Allen,3.40,14,Sun,10,10,2024-11-10,20-295,NYJ,@,ARI,L 6-31,3.40,4.40,4.4,3.9,14,24.1,0,0.0,7,38.9,RB,AlleBr05
2368,Tyler Allgeier,3.40,18,Sun,17,18,2024-01-07,23-267,ATL,@,NOR,L 17-48,3.40,6.40,6.4,4.9,18,29.5,0,0.0,14,43.8,RB,AllgTy00
2369,Brandon Bolden,3.40,10,Mon,5,5,2022-10-10,32-257,LVR,@,KAN,L 29-30,3.40,6.40,6.4,4.9,10,15.6,0,0.0,13,46.4,RB,BoldBr00
2370,Michael Carter,3.40,27,Sun,12,12,2023-11-26,24-203,ARI,,LAR,L 14-37,3.40,7.40,7.4,5.4,27,38.0,0,0.0,0,0.0,RB,CartMi03
2371,Blake Corum,3.40,13,Sun,13,14,2024-12-08,24-013,LAR,,BUF,W 44-42,3.40,3.40,3.4,3.4,13,16.9,0,0.0,16,48.5,RB,CoruBl00
2372,AJ Dillon,3.40,20,Sun,5,5,2022-10-09,24-160,GNB,,NYG,L 22-27,3.40,3.40,3.4,3.4,20,31.7,0,0.0,0,0.0,RB,DillAJ00
2373,Rico Dowdle,3.40,41,Mon,10,11,2024-11-18,26-157,DAL,,HOU,L 10-34,3.40,5.40,5.4,4.4,41,49.4,0,0.0,0,0.0,RB,DowdRi01
2374,Travis Etienne,3.40,27,Sat,17,18,2023-01-07,23-346,JAX,,TEN,W 20-16,3.40,5.40,5.4,4.4,27,55.1,0,0.0,0,0.0,RB,EtieTr00
2375,Darrynton Evans,3.40,24,Sun,6,6,2023-10-15,25-098,CHI,,MIN,L 13-19,3.40,4.40,4.4,3.9,24,36.4,0,0.0,9,34.6,RB,EvanDa02
2376,Eric Gray,3.40,26,Sun,5,5,2024-10-06,24-337,NYG,@,SEA,W 29-20,3.40,6.40,7.4,4.9,26,36.1,0,0.0,5,16.7,RB,GrayEr01
2377,Justice Hill,3.40,17,Sun,17,18,2023-01-08,25-055,BAL,@,CIN,L 16-27,3.40,3.40,3.4,3.4,17,21.8,0,0.0,20,66.7,RB,HillJu00
2378,Travis Homer,3.40,49,Sun,13,14,2022-12-11,24-126,SEA,,CAR,L 24-30,3.40,5.40,5.4,4.4,49,90.7,0,0.0,7,25.0,RB,HomeTr00
2379,Caleb Huntley,3.40,16,Sun,5,5,2022-10-09,24-024,ATL,@,TAM,L 15-21,3.40,3.40,3.4,3.4,16,24.2,0,0.0,0,0.0,RB,HuntCa02
2380,Caleb Huntley,3.40,13,Sun,9,9,2022-11-06,24-052,ATL,,LAC,L 17-20,3.40,3.40,3.4,3.4,13,21.3,0,0.0,0,0.0,RB,HuntCa02
2381,Alec Ingold,3.40,30,Sun,1,1,2023-09-10,27-063,MIA,@,LAC,W 36-34,3.40,5.40,5.4,4.4,30,44.8,0,0.0,8,25.8,FB,IngoAl01
2382,Bucky Irving,3.40,19,Mon,9,9,2024-11-04,22-077,TAM,@,KAN,L 24-30 (OT),3.40,6.40,6.4,4.9,19,34.5,0,0.0,5,17.9,RB,IrviBu00
2383,Ty Johnson,3.40,25,Mon,6,6,2024-10-14,27-027,BUF,@,NYJ,W 23-20,3.40,3.40,3.4,3.4,25,36.2,0,0.0,3,12.0,RB,JohnTy02
2384,Aaron Jones,3.40,25,Sun,15,16,2022-12-25,28-023,GNB,@,MIA,W 26-20,3.40,5.40,5.4,4.4,25,37.9,0,0.0,0,0.0,RB,JoneAa00
2385,Ronald Jones II,3.40,11,Sun,11,12,2022-11-27,25-116,KAN,,LAR,W 26-10,3.40,4.40,4.4,3.9,11,14.5,0,0.0,0,0.0,RB,JoneRo01
2386,Kyle Juszczyk,3.40,38,Sun,7,7,2022-10-23,31-183,SFO,,KAN,L 23-44,3.40,6.40,6.4,4.9,38,48.1,0,0.0,5,17.9,FB,JuszKy00
2387,Jaleel McLaughlin,3.40,15,Sun,14,15,2024-12-15,24-093,DEN,,IND,W 31-13,3.40,6.40,6.4,4.9,15,23.8,0,0.0,0,0.0,RB,McLaJa00
2388,Kendre Miller,3.40,21,Sun,3,3,2023-09-24,21-105,NOR,@,GNB,L 17-18,3.40,4.40,4.4,3.9,21,34.4,0,0.0,0,0.0,RB,MillKe01
2389,Raheem Mostert,3.40,8,Mon,9,10,2024-11-11,32-216,MIA,@,LAR,W 23-15,3.40,5.40,5.4,4.4,8,15.1,0,0.0,5,17.9,RB,MostRa00
2390,Raheem Mostert,3.40,25,Thu,12,13,2024-11-28,32-233,MIA,@,GNB,L 17-30,3.40,5.40,5.4,4.4,25,35.2,0,0.0,6,25.0,RB,MostRa00
2391,Samaje Perine,3.40,19,Sun,14,15,2024-12-15,29-090,KAN,@,CLE,W 21-7,3.40,4.40,4.4,3.9,19,25.3,0,0.0,13,50.0,RB,PeriSa00
2392,Dameon Pierce,3.40,21,Sun,6,6,2023-10-15,23-238,HOU,,NOR,W 20-13,3.40,3.40,3.4,3.4,21,33.3,0,0.0,0,0.0,RB,PierDa01
2393,Will Shipley,3.40,11,Sun,9,10,2024-11-10,22-073,PHI,@,DAL,W 34-6,3.40,3.40,3.4,3.4,11,16.2,0,0.0,19,67.9,RB,ShipWi00
2394,Jonathan Taylor,3.40,10,Sun,5,5,2023-10-08,24-262,IND,,TEN,W 23-16,3.40,4.40,4.4,3.9,10,15.2,0,0.0,0,0.0,RB,TaylJo02
2395,Ke'Shawn Vaughn,3.40,16,Sun,17,18,2023-01-08,25-249,TAM,@,ATL,L 17-30,3.40,5.40,5.4,4.4,16,29.1,0,0.0,14,50.0,RB,VaugKe00
2396,Kimani Vidal,3.40,32,Sun,13,14,2024-12-08,23-102,LAC,@,KAN,L 17-19,3.40,3.40,3.4,3.4,32,53.3,0,0.0,0,0.0,RB,VidaKi00
2397,Rachaad White,3.40,29,Sun,9,9,2022-11-06,23-298,TAM,,LAR,W 16-13,3.40,6.40,6.4,4.9,29,34.5,0,0.0,11,33.3,RB,WhitRa01
2398,Rachaad White,3.40,28,Sun,16,17,2024-12-29,25-352,TAM,,CAR,W 48-14,3.40,4.40,4.4,3.9,28,36.4,0,0.0,0,0.0,RB,WhitRa01
2399,Zamir White,3.40,14,Sun,3,3,2024-09-22,25-004,LVR,,CAR,L 22-36,3.40,3.40,3.4,3.4,14,21.9,0,0.0,0,0.0,RB,WhitZa01
2400,Jeff Wilson,3.40,34,Sun,16,17,2023-12-31,28-045,MIA,@,BAL,L 19-56,3.40,6.40,6.4,4.9,34,49.3,0,0.0,0,0.0,RB,WilsJe01
2401,Ameer Abdullah,3.30,15,Sun,9,10,2022-11-13,29-153,LVR,,IND,L 20-25,3.30,7.30,7.3,5.3,15,21.4,0,0.0,14,60.9,RB,AbduAm00
2402,Cam Akers,3.30,20,Sun,5,5,2022-10-09,23-109,LAR,,DAL,L 10-22,3.30,3.30,3.3,3.3,20,30.8,0,0.0,0,0.0,RB,AkerCa00
2403,Tyler Allgeier,3.30,22,Sun,8,8,2024-10-27,24-195,ATL,@,TAM,W 31-26,3.30,3.30,3.3,3.3,22,35.5,0,0.0,8,29.6,RB,AllgTy00
2404,Tank Bigsby,3.30,23,Sun,16,17,2024-12-29,23-121,JAX,,TEN,W 20-13,3.30,3.30,3.3,3.3,23,39.7,0,0.0,3,14.3,RB,BigsTa00
2405,Matt Breida,3.30,18,Sun,7,7,2022-10-23,27-237,NYG,@,JAX,W 23-17,3.30,4.30,4.3,3.8,18,23.4,0,0.0,11,50.0,RB,BreiMa00
2406,Zach Charbonnet,3.30,20,Sun,9,9,2024-11-03,23-300,SEA,,LAR,L 20-26 (OT),3.30,5.30,5.3,4.3,20,25.0,0,0.0,7,21.9,RB,CharZa00
2407,James Cook,3.30,14,Sun,8,9,2022-11-06,23-042,BUF,@,NYJ,L 17-20,3.30,5.30,5.3,4.3,14,22.6,0,0.0,0,0.0,RB,CookJa01
2408,Blake Corum,3.30,11,Sun,5,5,2024-10-06,23-316,LAR,,GNB,L 19-24,3.30,4.30,4.3,3.8,11,14.1,0,0.0,13,59.1,RB,CoruBl00
2409,Tyrion Davis-Price,3.30,30,Sun,2,2,2022-09-18,21-330,SFO,,SEA,W 27-7,3.30,3.30,3.3,3.3,30,39.5,0,0.0,0,0.0,RB,DaviTy03
2410,AJ Dillon,3.30,31,Sun,17,18,2023-01-08,24-251,GNB,,DET,L 16-20,3.30,3.30,3.3,3.3,31,51.7,0,0.0,0,0.0,RB,DillAJ00
2411,AJ Dillon,3.30,41,Sun,3,3,2023-09-24,25-145,GNB,,NOR,W 18-17,3.30,3.30,3.3,3.3,41,51.9,0,0.0,0,0.0,RB,DillAJ00
2412,Clyde Edwards-Helaire,3.30,28,Sun,6,6,2022-10-16,23-188,KAN,,BUF,L 20-24,3.30,3.30,3.3,3.3,28,41.8,0,0.0,0,0.0,RB,EdwaCl00
2413,Gus Edwards,3.30,24,Sun,12,13,2024-12-01,29-232,LAC,@,ATL,W 17-13,3.30,4.30,4.3,3.8,24,52.2,0,0.0,0,0.0,RB,EdwaGu00
2414,Travis Etienne,3.30,36,Sun,11,11,2024-11-17,25-296,JAX,@,DET,L 6-52,3.30,6.30,6.3,4.8,36,75.0,0,0.0,0,0.0,RB,EtieTr00
2415,Kenneth Gainwell,3.30,14,Sun,13,14,2024-12-08,25-269,PHI,,CAR,W 22-16,3.30,5.30,5.3,4.3,14,24.1,0,0.0,7,31.8,RB,GainKe00
2416,Myles Gaskin,3.30,13,Sun,5,5,2022-10-09,25-236,MIA,@,NYJ,L 17-40,3.30,6.30,6.3,4.8,13,19.4,0,0.0,0,0.0,RB,GaskMy00
2417,Najee Harris,3.30,33,Sun,1,1,2023-09-10,25-185,PIT,,SFO,L 7-30,3.30,5.30,5.3,4.3,33,52.4,0,0.0,0,0.0,RB,HarrNa00
2418,Justice Hill,3.30,7,Sun,4,4,2023-10-01,25-321,BAL,@,CLE,W 28-3,3.30,3.30,3.3,3.3,7,12.1,0,0.0,0,0.0,RB,HillJu00
2419,Roschon Johnson,3.30,18,Sun,6,6,2024-10-13,23-256,CHI,,JAX,W 35-16,3.30,5.30,5.3,4.3,18,27.3,0,0.0,3,12.5,RB,JohnRo07
2420,Kyle Juszczyk,3.30,32,Sun,6,6,2022-10-16,31-176,SFO,@,ATL,L 14-28,3.30,7.30,7.3,5.3,32,53.3,0,0.0,3,13.6,FB,JuszKy00
2421,Alexander Mattison,3.30,44,Sun,8,8,2023-10-29,25-132,MIN,@,GNB,W 24-10,3.30,4.30,4.3,3.8,44,61.1,0,0.0,0,0.0,RB,MattAl01
2422,Alexander Mattison,3.30,33,Sun,10,10,2023-11-12,25-146,MIN,,NOR,W 27-19,3.30,4.30,4.3,3.8,33,45.2,0,0.0,0,0.0,RB,MattAl01
2423,Sincere McCormick,3.30,8,Sun,11,12,2024-11-24,24-075,LVR,,DEN,L 19-29,3.30,3.30,3.3,3.3,8,10.4,0,0.0,4,11.8,RB,McCoSi00
2424,David Montgomery,3.30,18,Sun,6,6,2023-10-15,26-130,DET,@,TAM,W 20-6,3.30,4.30,4.3,3.8,18,25.7,0,0.0,0,0.0,RB,MontDa01
2425,Cordarrelle Patterson,3.30,13,Sun,15,16,2023-12-24,32-282,ATL,,IND,W 29-10,3.30,5.30,5.3,4.3,13,20.3,0,0.0,3,10.7,RB,PattCo00
2426,Miles Sanders,3.30,23,Sun,5,5,2024-10-06,27-158,CAR,@,CHI,L 10-36,3.30,5.30,5.3,4.3,23,38.3,0,0.0,0,0.0,RB,SandMi01
2427,Miles Sanders,3.30,29,Sun,17,18,2023-01-08,25-252,PHI,,NYG,W 22-16,3.30,3.30,3.3,3.3,29,39.7,0,0.0,0,0.0,RB,SandMi01
2428,Devin Singletary,3.30,18,Sun,9,9,2024-11-03,27-061,NYG,,WAS,L 22-27,3.30,3.30,3.3,3.3,18,27.7,0,0.0,0,0.0,RB,SingDe00
2429,Rhamondre Stevenson,3.30,29,Sun,12,12,2024-11-24,26-275,NWE,@,MIA,L 15-34,3.30,3.30,3.3,3.3,29,42.0,0,0.0,0,0.0,RB,StevRh00
2430,Kenneth Walker III,3.30,9,Sun,3,3,2022-09-25,21-340,SEA,,ATL,L 23-27,3.30,6.30,6.3,4.8,9,12.7,0,0.0,0,0.0,RB,WalkKe00
2431,Jaylen Warren,3.30,12,Thu,3,3,2022-09-22,23-325,PIT,@,CLE,L 17-29,3.30,4.30,4.3,3.8,12,20.3,0,0.0,9,32.1,RB,WarrJa01
2432,Jamaal Williams,3.30,21,Sun,14,15,2022-12-18,27-259,DET,@,NYJ,W 20-17,3.30,3.30,3.3,3.3,21,30.9,0,0.0,0,0.0,RB,WillJa06
2433,Jonathan Williams,3.30,32,Sun,16,17,2023-01-01,28-333,WAS,,CLE,L 10-24,3.30,6.30,6.3,4.8,32,46.4,0,0.0,2,9.5,RB,WillJo07
2434,Jaylen Wright,3.30,6,Sun,6,7,2024-10-20,21-202,MIA,@,IND,L 10-16,3.30,3.30,3.3,3.3,6,8.7,0,0.0,1,3.7,RB,WrigJa04
2435,Rasheen Ali,3.20,10,Sun,14,15,2024-12-15,23-303,BAL,@,NYG,W 35-14,3.20,3.20,3.2,3.2,10,16.9,0,0.0,7,33.3,RB,AlixRa00
2436,Tyler Allgeier,3.20,13,Sun,3,3,2024-09-22,24-160,ATL,,KAN,L 17-22,3.20,3.20,3.2,3.2,13,21.3,0,0.0,6,25.0,RB,AllgTy00
2437,Tank Bigsby,3.20,17,Sun,16,17,2023-12-31,22-123,JAX,,CAR,W 26-0,3.20,3.20,3.2,3.2,17,27.0,0,0.0,5,21.7,RB,BigsTa00
2438,Raheem Blackshear,3.20,8,Thu,10,10,2022-11-10,23-158,CAR,,ATL,W 25-15,3.20,3.20,3.2,3.2,8,12.1,0,0.0,4,13.8,RB,BlacRa00
2439,Brandon Bolden,3.20,15,Sun,16,17,2023-01-01,32-340,LVR,,SFO,L 34-37 (OT),3.20,3.20,3.2,3.2,15,21.4,0,0.0,19,57.6,RB,BoldBr00
2440,Julius Chestnut,3.20,14,Thu,16,17,2022-12-29,22-064,TEN,,DAL,L 13-27,3.20,4.20,4.2,3.7,14,21.5,0,0.0,14,56.0,RB,ChesJu00
2441,Julius Chestnut,3.20,14,Sun,7,8,2024-10-27,24-001,TEN,@,DET,L 14-52,3.20,3.20,3.2,3.2,14,18.4,0,0.0,14,42.4,RB,ChesJu00
2442,Corey Clement,3.20,32,Sun,16,17,2023-01-01,28-060,ARI,@,ATL,L 19-20,3.20,3.20,3.2,3.2,32,43.2,0,0.0,10,40.0,RB,ClemCo00
2443,James Conner,3.20,30,Sun,12,12,2023-11-26,28-205,ARI,,LAR,L 14-37,3.20,7.20,7.2,5.2,30,42.3,0,0.0,0,0.0,RB,ConnJa00
2444,Rico Dowdle,3.20,28,Sun,1,1,2024-09-08,26-086,DAL,@,CLE,W 33-17,3.20,4.20,4.2,3.7,28,44.4,0,0.0,0,0.0,RB,DowdRi01
2445,Austin Ekeler,3.20,35,Sun,17,18,2025-01-05,29-233,WAS,@,DAL,W 23-19,3.20,5.20,5.2,4.2,35,60.3,0,0.0,1,3.6,RB,EkelAu00
2446,Ezekiel Elliott,3.20,25,Sun,9,9,2023-11-05,28-106,NWE,,WAS,L 17-20,3.20,6.20,6.2,4.7,25,39.1,0,0.0,0,0.0,RB,ElliEz00
2447,Ezekiel Elliott,3.20,28,Sun,2,2,2024-09-15,29-055,DAL,,NOR,L 19-44,3.20,5.20,5.2,4.2,28,40.0,0,0.0,0,0.0,RB,ElliEz00
2448,Travis Etienne,3.20,24,Sun,4,4,2022-10-02,23-249,JAX,@,PHI,L 21-29,3.20,3.20,3.2,3.2,24,51.1,0,0.0,0,0.0,RB,EtieTr00
2449,Travis Etienne,3.20,54,Sun,13,14,2022-12-11,23-319,JAX,@,TEN,W 36-22,3.20,3.20,3.2,3.2,54,75.0,0,0.0,0,0.0,RB,EtieTr00
2450,Jerome Ford,3.20,19,Sun,17,18,2024-01-07,24-117,CLE,@,CIN,L 14-31,3.20,5.20,5.2,4.2,19,35.8,0,0.0,0,0.0,RB,FordJe00
2451,Royce Freeman,3.20,24,Sun,9,9,2023-11-05,27-254,LAR,@,GNB,L 3-20,3.20,3.20,3.2,3.2,24,41.4,0,0.0,5,21.7,RB,FreeRo00
2452,Justice Hill,3.20,35,Sun,2,2,2024-09-15,26-306,BAL,,LVR,L 23-26,3.20,5.20,5.2,4.2,35,53.8,0,0.0,0,0.0,RB,HillJu00
2453,Travis Homer,3.20,21,Sun,9,9,2022-11-06,24-091,SEA,@,ARI,W 31-21,3.20,6.20,6.2,4.7,21,28.8,0,0.0,19,70.4,RB,HomeTr00
2454,Caleb Huntley,3.20,9,Thu,10,10,2022-11-10,24-056,ATL,@,CAR,L 15-25,3.20,3.20,3.2,3.2,9,14.3,0,0.0,0,0.0,RB,HuntCa02
2455,Roschon Johnson,3.20,30,Thu,10,10,2023-11-09,22-282,CHI,,CAR,W 16-13,3.20,7.20,7.2,5.2,30,41.7,0,0.0,16,57.1,RB,JohnRo07
2456,Ty Johnson,3.20,7,Thu,2,2,2024-09-12,26-361,BUF,@,MIA,W 31-10,3.20,4.20,4.2,3.7,7,15.6,0,0.0,4,19.0,RB,JohnTy02
2457,Ty Johnson,3.20,22,Sun,10,10,2024-11-10,27-054,BUF,@,IND,W 30-20,3.20,6.20,6.2,4.7,22,29.7,0,0.0,9,36.0,RB,JohnTy02
2458,Tony Jones,3.20,23,Sun,12,13,2022-12-04,25-010,SEA,@,LAR,W 27-23,3.20,5.20,5.2,4.2,23,34.3,0,0.0,6,22.2,RB,JoneTo04
2459,Phillip Lindsay,3.20,27,Sun,6,6,2022-10-16,28-084,IND,,JAX,W 34-27,3.20,6.20,6.2,4.7,27,33.3,0,0.0,0,0.0,RB,LindPh00
2460,Jaleel McLaughlin,3.20,13,Sun,13,14,2023-12-10,23-088,DEN,@,LAC,W 24-7,3.20,4.20,4.2,3.7,13,19.4,0,0.0,5,20.8,RB,McLaJa00
2461,Jeremy McNichols,3.20,21,Sun,13,13,2024-12-01,28-341,WAS,,TEN,W 42-19,3.20,3.20,3.2,3.2,21,25.3,0,0.0,5,17.9,RB,McNiJe00
2462,Jordan Mims,3.20,25,Mon,15,16,2024-12-23,25-190,NOR,@,GNB,L 0-34,3.20,8.20,8.2,5.7,25,44.6,0,0.0,0,0.0,RB,MimsJo00
2463,Raheem Mostert,3.20,25,Sun,1,1,2022-09-11,30-155,MIA,,NWE,W 20-7,3.20,4.20,4.2,3.7,25,41.7,0,0.0,2,10.5,RB,MostRa00
2464,Miles Sanders,3.20,31,Sun,4,4,2023-10-01,26-153,CAR,,MIN,L 13-21,3.20,6.20,6.2,4.7,31,43.1,0,0.0,0,0.0,RB,SandMi01
2465,Tyjae Spears,3.20,29,Sun,1,1,2024-09-08,23-085,TEN,@,CHI,L 17-24,3.20,7.20,7.2,5.2,29,45.3,0,0.0,6,20.7,RB,SpeaTy00
2466,Tyrone Tracy Jr.,3.20,39,Sun,7,7,2024-10-20,24-332,NYG,,PHI,L 3-28,3.20,6.20,6.2,4.7,39,67.2,0,0.0,0,0.0,RB,TracTy00
2467,Deuce Vaughn,3.20,13,Sun,2,2,2023-09-17,21-319,DAL,,NYJ,W 30-10,3.20,6.20,6.2,4.7,13,14.9,0,0.0,1,3.6,RB,VaugDe00
2468,Rachaad White,3.20,29,Sun,7,7,2022-10-23,23-284,TAM,@,CAR,L 3-21,3.20,4.20,4.2,3.7,29,43.3,0,0.0,10,41.7,RB,WhitRa01
2469,Jaylen Wright,3.20,28,Mon,4,4,2024-09-30,21-182,MIA,,TEN,L 12-31,3.20,3.20,3.2,3.2,28,46.7,0,0.0,0,0.0,RB,WrigJa04
2470,De'Von Achane,3.10,36,Sun,15,16,2023-12-24,22-072,MIA,,DAL,W 22-20,3.10,4.10,4.1,3.6,36,55.4,0,0.0,0,0.0,RB,AchaDe00
2471,Tyler Allgeier,3.10,15,Sun,8,8,2023-10-29,23-197,ATL,@,TEN,L 23-28,3.10,3.10,3.1,3.1,15,22.1,0,0.0,3,8.6,RB,AllgTy00
2472,Tyler Allgeier,3.10,18,Sun,15,16,2024-12-22,24-251,ATL,,NYG,W 34-7,3.10,4.10,4.1,3.6,18,26.9,0,0.0,16,66.7,RB,AllgTy00
2473,Raheem Blackshear,3.10,10,Sun,7,8,2023-10-29,24-146,CAR,,HOU,W 15-13,3.10,5.10,5.1,4.1,10,14.9,0,0.0,7,29.2,RB,BlacRa00
2474,Chase Brown,3.10,13,Sun,2,2,2024-09-15,24-178,CIN,@,KAN,L 25-26,3.10,3.10,3.1,3.1,13,20.3,0,0.0,15,57.7,RB,BrowCh10
2475,Michael Carter,3.10,33,Sun,14,15,2022-12-18,23-225,NYJ,,DET,L 17-20,3.10,4.10,4.1,3.6,33,52.4,0,0.0,0,0.0,RB,CartMi03
2476,Ty Chandler,3.10,12,Sun,3,3,2023-09-24,25-135,MIN,,LAC,L 24-28,3.10,4.10,4.1,3.6,12,14.6,0,0.0,6,24.0,RB,ChanTy01
2477,Chase Edmonds,3.10,31,Sun,6,6,2022-10-16,26-186,MIA,,MIN,L 16-24,3.10,5.10,5.1,4.1,31,39.7,0,0.0,0,0.0,RB,EdmoCh00
2478,Travis Etienne,3.10,48,Sun,15,16,2023-12-24,24-332,JAX,@,TAM,L 12-30,3.10,6.10,6.1,4.6,48,72.7,0,0.0,0,0.0,RB,EtieTr00
2479,Jerome Ford,3.10,35,Sun,14,15,2023-12-17,24-096,CLE,,CHI,W 20-17,3.10,7.10,7.1,5.1,35,50.7,0,0.0,0,0.0,RB,FordJe00
2480,Antonio Gibson,3.10,21,Sat,15,16,2022-12-24,24-184,WAS,@,SFO,L 20-37,3.10,5.10,5.1,4.1,21,28.8,0,0.0,5,18.5,RB,GibsAn00
2481,Antonio Gibson,3.10,26,Sun,7,7,2023-10-22,25-121,WAS,@,NYG,L 7-14,3.10,5.10,5.1,4.1,26,37.7,0,0.0,3,10.3,RB,GibsAn00
2482,Khalil Herbert,3.10,20,Sun,16,17,2023-01-01,24-255,CHI,@,DET,L 10-41,3.10,3.10,3.1,3.1,20,38.5,0,0.0,0,0.0,RB,HerbKh00
2483,Justice Hill,3.10,20,Sun,12,12,2023-11-26,26-012,BAL,@,LAC,W 20-10,3.10,3.10,3.1,3.1,20,28.2,0,0.0,6,28.6,RB,HillJu00
2484,Travis Homer,3.10,14,Sun,8,8,2022-10-30,24-084,SEA,,NYG,W 27-13,3.10,4.10,4.1,3.6,14,21.9,0,0.0,22,73.3,RB,HomeTr00
2485,Justin Jackson,3.10,22,Sun,14,15,2022-12-18,26-240,DET,@,NYJ,W 20-17,3.10,4.10,4.1,3.6,22,32.4,0,0.0,19,67.9,RB,JackJu01
2486,Roschon Johnson,3.10,24,Sun,8,8,2023-10-29,22-271,CHI,@,LAC,L 13-30,3.10,6.10,6.1,4.6,24,36.4,0,0.0,11,50.0,RB,JohnRo07
2487,Alexander Mattison,3.10,37,Sun,17,18,2025-01-05,26-200,LVR,,LAC,L 20-34,3.10,7.10,7.1,5.1,37,72.5,0,0.0,0,0.0,RB,MattAl01
2488,Sony Michel,3.10,14,Sun,3,3,2022-09-25,27-220,LAC,,JAX,L 10-38,3.10,4.10,4.1,3.6,14,23.0,0,0.0,0,0.0,RB,MichSo00
2489,Kendre Miller,3.10,6,Sun,9,9,2023-11-05,21-147,NOR,,CHI,W 24-17,3.10,4.10,4.1,3.6,6,9.5,0,0.0,5,20.8,RB,MillKe01
2490,Kendre Miller,3.10,22,Mon,15,16,2024-12-23,22-195,NOR,@,GNB,L 0-34,3.10,5.10,5.1,4.1,22,39.3,0,0.0,1,4.8,RB,MillKe01
2491,Latavius Murray,3.10,38,Sun,13,14,2022-12-11,32-327,DEN,,KAN,L 28-34,3.10,6.10,6.1,4.6,38,52.8,0,0.0,0,0.0,RB,MurrLa00
2492,Cordarrelle Patterson,3.10,26,Sat,15,16,2022-12-24,31-282,ATL,@,BAL,L 9-17,3.10,4.10,4.1,3.6,26,36.6,0,0.0,5,23.8,RB,PattCo00
2493,Patrick Ricard,3.10,24,Sun,7,7,2023-10-22,29-148,BAL,,DET,W 38-6,3.10,5.10,5.1,4.1,24,40.0,0,0.0,2,9.5,FB,RicaPa00
2494,Chris Rodriguez,3.10,9,Sun,7,7,2023-10-22,23-026,WAS,@,NYG,L 7-14,3.10,3.10,3.1,3.1,9,13.0,0,0.0,19,65.5,RB,RodrCh00
2495,Tyjae Spears,3.10,22,Sun,2,2,2024-09-15,23-092,TEN,,NYJ,L 17-24,3.10,5.10,5.1,4.1,22,33.3,0,0.0,3,11.5,RB,SpeaTy00
2496,Tyler Allgeier,3.00,19,Sun,2,2,2022-09-18,22-156,ATL,@,LAR,L 27-31,3.00,3.00,3.0,3.0,19,31.1,0,0.0,7,30.4,RB,AllgTy00
2497,Tyler Allgeier,3.00,21,Sun,3,3,2022-09-25,22-163,ATL,@,SEA,W 27-23,3.00,4.00,4.0,3.5,21,36.8,0,0.0,6,24.0,RB,AllgTy00
2498,Rex Burkhead,3.00,24,Sun,3,3,2022-09-25,32-085,HOU,@,CHI,L 20-23,3.00,7.00,7.0,5.0,24,40.7,0,0.0,0,0.0,RB,BurkRe00
2499,Rex Burkhead,3.00,16,Sun,9,10,2022-11-13,32-134,HOU,@,NYG,L 16-24,3.00,5.00,5.0,4.0,16,25.0,0,0.0,0,0.0,RB,BurkRe00
2500,Zach Charbonnet,3.00,19,Sun,2,2,2023-09-17,22-252,SEA,@,DET,W 37-31 (OT),3.00,5.00,5.0,4.0,19,26.4,0,0.0,9,32.1,RB,CharZa00
2501,Zach Charbonnet,3.00,21,Sun,5,5,2024-10-06,23-272,SEA,,NYG,L 20-29,3.00,6.00,6.0,4.5,21,36.2,0,0.0,4,13.3,RB,CharZa00
2502,Tyrion Davis-Price,3.00,13,Sat,15,16,2022-12-24,22-062,SFO,,WAS,W 37-20,3.00,3.00,3.0,3.0,13,25.0,0,0.0,0,0.0,RB,DaviTy03
2503,Clyde Edwards-Helaire,3.00,26,Sun,16,17,2024-12-29,25-262,NOR,,LVR,L 10-25,3.00,5.00,5.0,4.0,26,43.3,0,0.0,0,0.0,RB,EdwaCl00
2504,Austin Ekeler,3.00,47,Sun,16,17,2023-12-31,28-228,LAC,@,DEN,L 9-16,3.00,4.00,5.0,3.5,47,72.3,0,0.0,0,0.0,RB,EkelAu00
2505,Travis Etienne,3.00,17,Sun,9,9,2024-11-03,25-282,JAX,@,PHI,L 23-28,3.00,5.00,5.0,4.0,17,31.5,0,0.0,0,0.0,RB,EtieTr00
2506,Tyler Goodson,3.00,14,Sun,15,16,2023-12-24,23-044,IND,@,ATL,L 10-29,3.00,4.00,4.0,3.5,14,19.7,0,0.0,1,3.6,RB,GoodTy00
2507,Darrell Henderson,3.00,37,Sun,5,5,2022-10-09,25-051,LAR,,DAL,L 10-22,3.00,7.00,7.0,5.0,37,56.9,0,0.0,0,0.0,RB,HendDa00
2508,Darrell Henderson,3.00,24,Sun,7,8,2022-10-30,25-072,LAR,,SFO,L 14-31,3.00,5.00,5.0,4.0,24,41.4,0,0.0,0,0.0,RB,HendDa00
2509,Justice Hill,3.00,7,Sat,15,16,2024-12-21,27-037,BAL,,PIT,W 34-17,3.00,3.00,3.0,3.0,7,11.3,0,0.0,2,7.4,RB,HillJu00
2510,Nyheim Hines,3.00,32,Sun,3,3,2022-09-25,25-317,IND,,KAN,W 20-17,3.00,8.00,8.0,5.5,32,45.1,0,0.0,3,13.0,RB,HineNy00
2511,Roschon Johnson,3.00,25,Sun,11,11,2023-11-19,22-292,CHI,@,DET,L 26-31,3.00,3.00,3.0,3.0,25,33.3,0,0.0,13,50.0,RB,JohnRo07
2512,Ty Johnson,3.00,23,Sun,15,16,2024-12-22,27-096,BUF,,NWE,W 24-21,3.00,3.00,3.0,3.0,23,39.0,0,0.0,5,20.8,RB,JohnTy02
2513,Joshua Kelley,3.00,32,Sun,12,13,2022-12-04,25-014,LAC,@,LVR,L 20-27,3.00,3.00,3.0,3.0,32,42.7,0,0.0,17,56.7,RB,KellJo01
2514,Alexander Mattison,3.00,21,Sun,16,17,2023-12-31,25-195,MIN,,GNB,L 10-33,3.00,5.00,5.0,4.0,21,39.6,0,0.0,0,0.0,RB,MattAl01
2515,Jerick McKinnon,3.00,29,Sun,6,6,2022-10-16,30-166,KAN,,BUF,L 20-24,3.00,6.00,6.0,4.5,29,43.3,0,0.0,5,21.7,RB,McKiJe00
2516,Zack Moss,3.00,11,Sat,17,18,2024-01-06,26-022,IND,,HOU,L 19-23,3.00,3.00,3.0,3.0,11,16.7,0,0.0,0,0.0,RB,MossZa00
2517,Raheem Mostert,3.00,28,Sun,12,13,2022-12-04,30-239,MIA,@,SFO,L 17-33,3.00,3.00,3.0,3.0,28,60.9,0,0.0,8,26.7,RB,MostRa00
2518,Raheem Mostert,3.00,23,Sun,6,7,2024-10-20,32-194,MIA,@,IND,L 10-16,3.00,3.00,4.0,3.0,23,33.3,0,0.0,0,0.0,RB,MostRa00
2519,Latavius Murray,3.00,25,Sun,13,14,2023-12-10,33-326,BUF,@,KAN,W 20-17,3.00,4.00,4.0,3.5,25,32.5,0,0.0,0,0.0,RB,MurrLa00
2520,Samaje Perine,3.00,23,Sun,17,18,2024-01-07,28-113,DEN,@,LVR,L 14-27,3.00,6.00,6.0,4.5,23,37.7,0,0.0,10,40.0,RB,PeriSa00
2521,Samaje Perine,3.00,22,Sun,7,8,2024-10-27,29-041,KAN,@,LVR,W 27-20,3.00,5.00,5.0,4.0,22,30.6,0,0.0,2,8.3,RB,PeriSa00
2522,Craig Reynolds,3.00,20,Sun,6,7,2022-10-23,26-130,DET,@,DAL,L 6-24,3.00,6.00,6.0,4.5,20,33.9,0,0.0,15,68.2,RB,ReynCr00
2523,Devin Singletary,3.00,15,Sun,16,17,2024-12-29,27-117,NYG,,IND,W 45-33,3.00,4.00,4.0,3.5,15,26.8,0,0.0,0,0.0,RB,SingDe00
2524,Pierre Strong,3.00,18,Sun,1,1,2024-09-08,25-273,CLE,,DAL,L 17-33,3.00,5.00,5.0,4.0,18,23.7,0,0.0,23,63.9,RB,StroPi00
2525,Patrick Taylor,3.00,20,Sun,16,17,2023-12-31,25-246,GNB,@,MIN,W 33-10,3.00,3.00,3.0,3.0,20,27.0,0,0.0,11,45.8,RB,TaylPa01
2526,Jonathan Ward,3.00,5,Thu,16,17,2022-12-29,25-090,TEN,,DAL,L 13-27,3.00,4.00,4.0,3.5,5,7.7,0,0.0,11,44.0,RB,WardJo00
2527,Jaylen Warren,3.00,21,Sat,15,16,2022-12-24,24-053,PIT,,LVR,W 13-10,3.00,4.00,4.0,3.5,21,30.9,0,0.0,7,31.8,RB,WarrJa01
2528,Jaylen Warren,3.00,27,Sat,17,18,2024-01-06,25-066,PIT,@,BAL,W 17-10,3.00,8.00,9.0,5.5,27,43.5,0,0.0,2,7.4,RB,WarrJa01
2529,Zamir White,3.00,35,Sun,4,4,2024-09-29,25-011,LVR,,CLE,W 20-16,3.00,3.00,4.0,3.0,35,59.3,0,0.0,0,0.0,RB,WhitZa01
2530,Avery Williams,3.00,12,Sat,15,16,2022-12-24,24-162,ATL,@,BAL,L 9-17,3.00,5.00,5.0,4.0,12,16.9,0,0.0,15,71.4,RB,WillAv02
2531,Jeff Wilson,3.00,40,Sun,1,1,2022-09-11,26-299,SFO,@,CHI,L 10-19,3.00,5.00,5.0,4.0,40,58.8,0,0.0,2,8.3,RB,WilsJe01
2532,De'Von Achane,2.90,44,Mon,4,4,2024-09-30,22-353,MIA,,TEN,L 12-31,2.90,5.90,5.9,4.4,44,73.3,0,0.0,0,0.0,RB,AchaDe00
2533,Tyler Allgeier,2.90,20,Sun,3,3,2023-09-24,23-162,ATL,@,DET,L 6-20,2.90,4.90,4.9,3.9,20,29.9,0,0.0,0,0.0,RB,AllgTy00
2534,Mike Boone,2.90,19,Sun,4,4,2022-10-02,27-094,DEN,@,LVR,L 23-32,2.90,3.90,3.9,3.4,19,35.8,0,0.0,11,34.4,RB,BoonMi00
2535,Mike Boone,2.90,11,Sun,13,14,2022-12-11,27-164,DEN,,KAN,L 28-34,2.90,4.90,4.9,3.9,11,15.3,0,0.0,0,0.0,RB,BoonMi00
2536,Chris Brooks,2.90,15,Thu,12,13,2024-11-28,24-322,GNB,,MIA,W 30-17,2.90,4.90,4.9,3.9,15,27.8,0,0.0,8,33.3,RB,BrooCh00
2537,Michael Carter,2.90,31,Sun,4,4,2022-10-02,23-148,NYJ,@,PIT,W 24-20,2.90,4.90,4.9,3.9,31,44.3,0,0.0,0,0.0,RB,CartMi03
2538,Dalvin Cook,2.90,16,Sun,3,3,2023-09-24,28-045,NYJ,,NWE,L 10-15,2.90,5.90,5.9,4.4,16,25.4,0,0.0,0,0.0,RB,CookDa01
2539,James Cook,2.90,27,Sun,13,14,2024-12-08,25-074,BUF,@,LAR,L 42-44,2.90,4.90,4.9,3.9,27,45.0,0,0.0,0,0.0,RB,CookJa01
2540,Ray Davis,2.90,17,Sun,8,8,2024-10-27,24-351,BUF,@,SEA,W 31-10,2.90,2.90,2.9,2.9,17,22.4,0,0.0,3,13.0,RB,DaviRa04
2541,Ray Davis,2.90,14,Sun,15,16,2024-12-22,25-041,BUF,,NWE,W 24-21,2.90,3.90,3.9,3.4,14,23.7,0,0.0,6,25.0,RB,DaviRa04
2542,Clyde Edwards-Helaire,2.90,14,Thu,1,1,2023-09-07,24-149,KAN,,DET,L 20-21,2.90,3.90,3.9,3.4,14,21.5,0,0.0,0,0.0,RB,EdwaCl00
2543,Damien Harris,2.90,16,Sun,4,4,2023-10-01,26-232,BUF,,MIA,W 48-20,2.90,2.90,2.9,2.9,16,27.6,0,0.0,4,14.3,RB,HarrDa06
2544,Kareem Hunt,2.90,20,Sun,13,14,2024-12-08,29-124,KAN,,LAC,W 19-17,2.90,3.90,3.9,3.4,20,29.0,0,0.0,0,0.0,RB,HuntKa00
2545,Kyle Juszczyk,2.90,27,Sun,17,18,2023-01-08,31-260,SFO,,ARI,W 38-13,2.90,3.90,3.9,3.4,27,43.5,0,0.0,4,15.4,FB,JuszKy00
2546,Alexander Mattison,2.90,23,Sun,17,18,2024-01-07,25-202,MIN,@,DET,L 20-30,2.90,3.90,3.9,3.4,23,31.5,0,0.0,0,0.0,RB,MattAl01
2547,Kenny McIntosh,2.90,12,Sun,15,16,2024-12-22,24-294,SEA,,MIN,L 24-27,2.90,3.90,3.9,3.4,12,18.8,0,0.0,15,45.5,RB,McInKe00
2548,Raheem Mostert,2.90,26,Sun,15,16,2022-12-25,30-260,MIA,,GNB,L 20-26,2.90,4.90,5.9,3.9,26,52.0,0,0.0,7,26.9,RB,MostRa00
2549,Kene Nwangwu,2.90,10,Sun,17,18,2023-01-08,24-333,MIN,@,CHI,W 29-13,2.90,3.90,3.9,3.4,10,14.1,0,0.0,7,30.4,RB,NwanKe00
2550,Samaje Perine,2.90,12,Wed,16,17,2024-12-25,29-100,KAN,@,PIT,W 29-10,2.90,4.90,4.9,3.9,12,19.4,0,0.0,8,32.0,RB,PeriSa00
2551,Samaje Perine,2.90,24,Sun,15,16,2023-12-24,28-099,DEN,,NWE,L 23-26,2.90,6.90,6.9,4.9,24,34.8,0,0.0,0,0.0,RB,PeriSa00
2552,Tony Pollard,2.90,34,Sun,3,3,2024-09-22,27-145,TEN,,GNB,L 14-30,2.90,5.90,5.9,4.4,34,63.0,0,0.0,0,0.0,RB,PollTo00
2553,Tony Pollard,2.90,37,Sun,10,11,2024-11-17,27-201,TEN,,MIN,L 13-23,2.90,4.90,4.9,3.9,37,62.7,0,0.0,0,0.0,RB,PollTo00
2554,Craig Reynolds,2.90,9,Sun,2,2,2022-09-18,26-095,DET,,WAS,W 36-27,2.90,3.90,3.9,3.4,9,14.8,0,0.0,11,34.4,RB,ReynCr00
2555,James Robinson,2.90,22,Sun,4,4,2022-10-02,24-054,JAX,@,PHI,L 21-29,2.90,2.90,2.9,2.9,22,46.8,0,0.0,0,0.0,RB,RobiJa00
2556,Chris Rodriguez,2.90,12,Sun,13,13,2023-12-03,23-068,WAS,,MIA,L 15-45,2.90,2.90,2.9,2.9,12,21.8,0,0.0,17,60.7,RB,RodrCh00
2557,Miles Sanders,2.90,23,Sun,12,13,2023-12-03,26-216,CAR,@,TAM,L 18-21,2.90,3.90,3.9,3.4,23,31.9,0,0.0,0,0.0,RB,SandMi01
2558,Boston Scott,2.90,6,Sun,12,13,2023-12-03,28-220,PHI,,SFO,L 19-42,2.90,3.90,3.9,3.4,6,8.3,0,0.0,14,53.8,RB,ScotBo02
2559,Trey Sermon,2.90,42,Sun,6,6,2024-10-13,25-257,IND,@,TEN,W 20-17,2.90,2.90,2.9,2.9,42,60.0,0,0.0,0,0.0,RB,SermTr00
2560,Tyjae Spears,2.90,34,Sun,16,17,2023-12-31,22-199,TEN,@,HOU,L 3-26,2.90,6.90,6.9,4.9,34,61.8,0,0.0,0,0.0,RB,SpeaTy00
2561,Isaiah Spiller,2.90,13,Sun,8,9,2022-11-06,21-089,LAC,@,ATL,W 20-17,2.90,2.90,2.9,2.9,13,18.8,0,0.0,0,0.0,RB,SpilIs00
2562,Patrick Taylor,2.90,31,Sun,3,3,2023-09-24,25-148,GNB,,NOR,W 18-17,2.90,5.90,5.9,4.4,31,39.2,0,0.0,8,32.0,RB,TaylPa01
2563,Patrick Taylor,2.90,20,Sun,12,13,2023-12-03,25-218,GNB,,KAN,W 27-19,2.90,2.90,2.9,2.9,20,31.3,0,0.0,7,31.8,RB,TaylPa01
2564,Jamaal Williams,2.90,18,Mon,2,2,2023-09-18,28-168,NOR,@,CAR,W 20-17,2.90,2.90,2.9,2.9,18,23.4,0,0.0,0,0.0,RB,WillJa06
2565,Kyren Williams,2.90,19,Thu,13,14,2022-12-08,22-104,LAR,,LVR,W 17-16,2.90,3.90,3.9,3.4,19,29.7,0,0.0,3,12.0,RB,WillKy02
2566,Ameer Abdullah,2.80,20,Sun,7,8,2022-10-30,29-139,LVR,@,NOR,L 0-24,2.80,6.80,6.8,4.8,20,34.5,0,0.0,13,68.4,RB,AbduAm00
2567,Braelon Allen,2.80,19,Sun,5,5,2024-10-06,20-260,NYJ,@,MIN,L 17-23,2.80,3.80,3.8,3.3,19,26.4,0,0.0,17,58.6,RB,AlleBr05
2568,Chris Brooks,2.80,11,Sun,6,6,2023-10-15,23-277,MIA,,CAR,W 42-21,2.80,2.80,2.8,2.8,11,16.4,0,0.0,12,40.0,RB,BrooCh00
2569,Chase Brown,2.80,11,Sun,16,17,2023-12-31,23-285,CIN,@,KAN,L 17-25,2.80,4.80,4.8,3.8,11,14.9,0,0.0,16,59.3,RB,BrowCh10
2570,Malcolm Brown,2.80,16,Sun,6,6,2022-10-16,29-154,LAR,,CAR,W 24-10,2.80,3.80,3.8,3.3,16,24.6,0,0.0,7,26.9,RB,BrowMa03
2571,Rex Burkhead,2.80,12,Sun,5,5,2022-10-09,32-099,HOU,@,JAX,W 13-6,2.80,4.80,4.8,3.8,12,20.7,0,0.0,0,0.0,RB,BurkRe00
2572,Michael Burton,2.80,11,Sun,8,8,2024-10-27,32-269,DEN,,CAR,W 28-14,2.80,3.80,3.8,3.3,11,15.1,0,0.0,16,66.7,FB,BurtMi00
2573,Blake Corum,2.80,8,Sun,2,2,2024-09-15,23-295,LAR,@,ARI,L 10-41,2.80,2.80,2.8,2.8,8,15.4,0,0.0,11,44.0,RB,CoruBl00
2574,Blake Corum,2.80,10,Sun,10,11,2024-11-17,23-358,LAR,@,NWE,W 28-22,2.80,3.80,3.8,3.3,10,19.2,0,0.0,10,37.0,RB,CoruBl00
2575,Ray Davis,2.80,14,Thu,2,2,2024-09-12,24-306,BUF,@,MIA,W 31-10,2.80,3.80,3.8,3.3,14,31.1,0,0.0,3,14.3,RB,DaviRa04
2576,Gus Edwards,2.80,19,Sat,17,18,2024-01-06,28-268,BAL,,PIT,L 10-17,2.80,2.80,3.8,2.8,19,33.3,0,0.0,0,0.0,RB,EdwaGu00
2577,Gus Edwards,2.80,24,Sun,1,1,2024-09-08,29-148,LAC,,LVR,W 22-10,2.80,3.80,3.8,3.3,24,42.1,0,0.0,0,0.0,RB,EdwaGu00
2578,Kenneth Gainwell,2.80,25,Sun,13,14,2023-12-10,24-271,PHI,@,DAL,L 13-33,2.80,2.80,2.8,2.8,25,45.5,0,0.0,4,16.0,RB,GainKe00
2579,Eric Gray,2.80,14,Sun,17,18,2024-01-07,24-064,NYG,,PHI,W 27-10,2.80,3.80,3.8,3.3,14,20.9,0,0.0,3,11.5,RB,GrayEr01
2580,Justice Hill,2.80,16,Thu,8,8,2022-10-27,24-347,BAL,@,TAM,W 27-22,2.80,2.80,2.8,2.8,16,21.1,0,0.0,18,58.1,RB,HillJu00
2581,Kareem Hunt,2.80,16,Sun,17,18,2023-01-08,27-155,CLE,@,PIT,L 14-28,2.80,5.80,5.8,4.3,16,25.0,0,0.0,0,0.0,RB,HuntKa00
2582,Justin Jackson,2.80,17,Sun,9,10,2022-11-13,26-205,DET,@,CHI,W 31-30,2.80,4.80,4.8,3.8,17,27.4,0,0.0,19,65.5,RB,JackJu01
2583,David Johnson,2.80,7,Sun,17,18,2023-01-08,31-023,NOR,,CAR,L 7-10,2.80,4.80,4.8,3.8,7,11.7,0,0.0,0,0.0,RB,JohnDa08
2584,D'Ernest Johnson,2.80,20,Sun,13,14,2023-12-10,27-286,JAX,@,CLE,L 27-31,2.80,4.80,4.8,3.8,20,26.3,0,0.0,7,20.6,RB,JohnDE04
2585,Jordan Mason,2.80,14,Sun,17,18,2023-01-08,23-229,SFO,,ARI,W 38-13,2.80,2.80,2.8,2.8,14,22.6,0,0.0,18,69.2,RB,MasoJo00
2586,Joe Mixon,2.80,11,Sun,17,18,2025-01-05,28-165,HOU,@,TEN,W 23-14,2.80,3.80,3.8,3.3,11,18.3,0,0.0,0,0.0,RB,MixoJo00
2587,Latavius Murray,2.80,32,Sun,7,7,2023-10-22,33-277,BUF,@,NWE,L 25-29,2.80,4.80,4.8,3.8,32,45.1,0,0.0,0,0.0,RB,MurrLa00
2588,Dare Ogunbowale,2.80,19,Sat,15,16,2022-12-24,28-234,HOU,@,TEN,W 19-14,2.80,2.80,2.8,2.8,19,28.4,0,0.0,18,75.0,RB,OgunDa00
2589,Dare Ogunbowale,2.80,28,Sun,3,3,2024-09-22,30-141,HOU,@,MIN,L 7-34,2.80,4.80,4.8,3.8,28,41.8,0,0.0,10,38.5,RB,OgunDa00
2590,Samaje Perine,2.80,15,Sun,6,7,2024-10-20,29-034,KAN,@,SFO,W 28-18,2.80,3.80,3.8,3.3,15,21.4,0,0.0,4,16.7,RB,PeriSa00
2591,Chris Rodriguez,2.80,16,Sun,11,11,2023-11-19,23-054,WAS,,NYG,L 19-31,2.80,3.80,4.8,3.3,16,19.8,0,0.0,14,48.3,RB,RodrCh00
2592,Larry Rountree,2.80,13,Sun,16,17,2023-01-01,23-322,LAC,,LAR,W 31-10,2.80,3.80,3.8,3.3,13,20.3,0,0.0,10,40.0,RB,RounLa00
2593,Miles Sanders,2.80,27,Sun,11,12,2023-11-26,26-209,CAR,@,TEN,L 10-17,2.80,2.80,2.8,2.8,27,36.5,0,0.0,1,4.2,RB,SandMi01
2594,Miles Sanders,2.80,11,Sun,7,7,2024-10-20,27-172,CAR,@,WAS,L 7-40,2.80,3.80,3.8,3.3,11,25.6,0,0.0,0,0.0,RB,SandMi01
2595,Keith Smith,2.80,22,Sun,5,5,2023-10-08,31-183,ATL,,HOU,W 21-19,2.80,3.80,3.8,3.3,22,28.6,0,0.0,21,72.4,FB,SmitKe03
2596,Tyjae Spears,2.80,34,Sun,1,1,2023-09-10,22-087,TEN,@,NOR,L 15-16,2.80,3.80,3.8,3.3,34,54.0,0,0.0,0,0.0,RB,SpeaTy00
2597,Patrick Taylor,2.80,16,Thu,6,6,2024-10-10,26-164,SFO,@,SEA,W 36-24,2.80,3.80,3.8,3.3,16,24.6,0,0.0,14,46.7,RB,TaylPa01
2598,Zamir White,2.80,3,Sun,11,12,2022-11-27,23-070,LVR,@,SEA,W 40-34 (OT),2.80,2.80,2.8,2.8,3,3.9,0,0.0,8,23.5,RB,WhitZa01
2599,Zamir White,2.80,14,Sun,7,7,2023-10-22,24-034,LVR,@,CHI,L 12-30,2.80,5.80,5.8,4.3,14,21.5,0,0.0,1,4.3,RB,WhitZa01
2600,Jordan Wilkins,2.80,19,Sun,9,9,2022-11-06,28-111,IND,@,NWE,L 3-26,2.80,6.80,6.8,4.8,19,30.6,0,0.0,0,0.0,RB,WilkJo01
2601,Ameer Abdullah,2.70,10,Sat,15,16,2022-12-24,29-194,LVR,@,PIT,L 10-13,2.70,4.70,4.7,3.7,10,18.9,0,0.0,14,63.6,RB,AbduAm00
2602,Braelon Allen,2.70,19,Sun,12,13,2024-12-01,20-316,NYJ,,SEA,L 21-26,2.70,4.70,4.7,3.7,19,27.9,0,0.0,0,0.0,RB,AlleBr05
2603,Eno Benjamin,2.70,17,Sun,9,9,2022-11-06,23-207,ARI,,SEA,L 21-31,2.70,3.70,3.7,3.2,17,27.0,0,0.0,2,7.4,RB,BenjEn00
2604,Giovani Bernard,2.70,25,Sun,17,18,2023-01-08,31-047,TAM,@,ATL,L 17-30,2.70,4.70,4.7,3.7,25,45.5,0,0.0,15,53.6,RB,BernGi00
2605,Matt Breida,2.70,18,Sun,5,5,2022-10-09,27-223,NYG,@,GNB,W 27-22,2.70,4.70,4.7,3.7,18,29.5,0,0.0,12,46.2,RB,BreiMa00
2606,Spencer Brown,2.70,18,Sun,8,8,2022-10-30,23-351,CAR,@,ATL,L 34-37 (OT),2.70,2.70,2.7,2.7,18,22.5,0,0.0,12,34.3,RB,BrowSp01
2607,DeeJay Dallas,2.70,10,Sun,17,18,2025-01-05,26-111,ARI,,SFO,W 47-24,2.70,3.70,3.7,3.2,10,15.4,0,0.0,18,54.5,RB,DallDe00
2608,Ray Davis,2.70,6,Sun,1,1,2024-09-08,24-302,BUF,,ARI,W 34-28,2.70,3.70,3.7,3.2,6,9.7,0,0.0,5,18.5,RB,DaviRa04
2609,Tyrion Davis-Price,2.70,8,Sun,17,18,2023-01-08,22-077,SFO,,ARI,W 38-13,2.70,2.70,2.7,2.7,8,12.9,0,0.0,4,15.4,RB,DaviTy03
2610,AJ Dillon,2.70,12,Sun,16,17,2023-12-31,25-243,GNB,@,MIN,W 33-10,2.70,2.70,2.7,2.7,12,16.2,0,0.0,0,0.0,RB,DillAJ00
2611,Kenyan Drake,2.70,27,Sun,5,5,2022-10-09,28-256,BAL,,CIN,W 19-17,2.70,3.70,3.7,3.2,27,41.5,0,0.0,0,0.0,RB,DrakKe00
2612,Gus Edwards,2.70,11,Sun,10,11,2024-11-17,29-218,LAC,,CIN,W 34-27,2.70,2.70,2.7,2.7,11,16.4,0,0.0,0,0.0,RB,EdwaGu00
2613,Austin Ekeler,2.70,35,Sun,12,13,2023-12-03,28-200,LAC,@,NWE,W 6-0,2.70,4.70,4.7,3.7,35,57.4,0,0.0,0,0.0,RB,EkelAu00
2614,Jerome Ford,2.70,20,Thu,11,12,2024-11-21,25-070,CLE,,PIT,W 24-19,2.70,3.70,3.7,3.2,20,34.5,0,0.0,5,25.0,RB,FordJe00
2615,Antonio Gibson,2.70,38,Sun,14,15,2022-12-18,24-178,WAS,,NYG,L 12-20,2.70,4.70,4.7,3.7,38,60.3,0,0.0,5,20.0,RB,GibsAn00
2616,Breece Hall,2.70,31,Sun,3,3,2023-09-24,22-116,NYJ,,NWE,L 10-15,2.70,3.70,3.7,3.2,31,49.2,0,0.0,0,0.0,RB,HallBr03
2617,Kareem Hunt,2.70,17,Sat,14,15,2022-12-17,27-133,CLE,,BAL,W 13-3,2.70,3.70,3.7,3.2,17,25.8,0,0.0,0,0.0,RB,HuntKa00
2618,Justin Jackson,2.70,13,Sun,8,9,2022-11-06,26-198,DET,,GNB,W 15-9,2.70,2.70,2.7,2.7,13,21.0,0,0.0,7,53.8,RB,JackJu01
2619,Aaron Jones,2.70,39,Sun,3,3,2022-09-25,27-297,GNB,@,TAM,W 14-12,2.70,5.70,6.7,4.2,39,62.9,0,0.0,1,4.0,RB,JoneAa00
2620,Kyle Juszczyk,2.70,38,Sun,5,5,2022-10-09,31-169,SFO,@,CAR,W 37-15,2.70,4.70,4.7,3.7,38,56.7,0,0.0,9,32.1,FB,JuszKy00
2621,Sony Michel,2.70,17,Sun,4,4,2022-10-02,27-227,LAC,@,HOU,W 34-24,2.70,5.70,5.7,4.2,17,24.3,0,0.0,0,0.0,RB,MichSo00
2622,Tyjae Spears,2.70,12,Sun,5,6,2024-10-13,23-120,TEN,,IND,L 17-20,2.70,2.70,2.7,2.7,12,20.7,0,0.0,0,0.0,RB,SpeaTy00
2623,Isaiah Spiller,2.70,15,Sun,4,4,2023-10-01,22-053,LAC,,LVR,W 24-17,2.70,4.70,4.7,3.7,15,23.1,0,0.0,0,0.0,RB,SpilIs00
2624,Carson Steele,2.70,23,Sun,17,18,2025-01-05,22-076,KAN,@,DEN,L 0-38,2.70,4.70,4.7,3.7,23,67.6,0,0.0,15,65.2,RB,SteeCa00
2625,Rhamondre Stevenson,2.70,14,Sun,1,1,2022-09-11,24-200,NWE,@,MIA,L 7-20,2.70,4.70,4.7,3.7,14,24.6,0,0.0,0,0.0,RB,StevRh00
2626,Pierre Strong,2.70,8,Sun,3,3,2023-09-24,24-288,CLE,,TEN,W 27-3,2.70,2.70,2.7,2.7,8,11.3,0,0.0,15,62.5,RB,StroPi00
2627,Jaylen Warren,2.70,22,Sun,13,14,2022-12-11,24-040,PIT,,BAL,L 14-16,2.70,4.70,4.7,3.7,22,40.0,0,0.0,5,23.8,RB,WarrJa01
2628,Zamir White,2.70,11,Sun,7,7,2024-10-20,25-032,LVR,@,LAR,L 15-20,2.70,3.70,3.7,3.2,11,13.9,0,0.0,0,0.0,RB,WhitZa01
2629,Javonte Williams,2.70,24,Sun,4,4,2022-10-02,22-160,DEN,@,LVR,L 23-32,2.70,3.70,3.7,3.2,24,45.3,0,0.0,0,0.0,RB,WillJa10
2630,Emanuel Wilson,2.70,5,Sun,6,7,2023-10-22,24-167,GNB,@,DEN,L 17-19,2.70,4.70,4.7,3.7,5,7.8,0,0.0,2,8.0,RB,WilsEm00
2631,Emanuel Wilson,2.70,30,Sun,4,4,2024-09-29,25-144,GNB,,MIN,L 29-31,2.70,2.70,2.7,2.7,30,39.5,0,0.0,0,0.0,RB,WilsEm00
2632,Kenneth Gainwell,2.68,26,Sun,16,17,2023-12-31,24-292,PHI,,ARI,L 31-35,2.68,6.68,6.7,4.7,26,53.1,0,0.0,13,52.0,RB,GainKe00
2633,Ameer Abdullah,2.60,30,Sun,9,9,2024-11-03,31-143,LVR,@,CIN,L 24-41,2.60,5.60,5.6,4.1,30,49.2,0,0.0,16,50.0,RB,AbduAm00
2634,Braelon Allen,2.60,19,Sun,16,17,2024-12-29,20-344,NYJ,@,BUF,L 14-40,2.60,2.60,2.6,2.6,19,30.2,0,0.0,12,54.5,RB,AlleBr05
2635,Tyler Allgeier,2.60,11,Sun,12,13,2023-12-03,23-232,ATL,@,NYJ,W 13-8,2.60,2.60,2.6,2.6,11,16.2,0,0.0,0,0.0,RB,AllgTy00
2636,Andrew Beck,2.60,15,Sun,13,14,2023-12-10,27-209,HOU,@,NYJ,L 6-30,2.60,3.60,3.6,3.1,15,26.8,0,0.0,15,51.7,FB,BeckAn01
2637,Trey Benson,2.60,11,Sun,6,6,2024-10-13,22-084,ARI,@,GNB,L 13-34,2.60,2.60,2.6,2.6,11,19.0,0,0.0,0,0.0,RB,BensTr01
2638,Khari Blasingame,2.60,26,Thu,5,5,2023-10-05,27-096,CHI,@,WAS,W 40-20,2.60,2.60,2.6,2.6,26,40.6,0,0.0,16,53.3,FB,BlasKh00
2639,Mike Boone,2.60,12,Sun,12,13,2022-12-04,27-157,DEN,@,BAL,L 9-10,2.60,3.60,3.6,3.1,12,22.6,0,0.0,11,42.3,RB,BoonMi00
2640,Chris Brooks,2.60,25,Sun,11,12,2024-11-24,24-318,GNB,,SFO,W 38-10,2.60,3.60,3.6,3.1,25,34.7,0,0.0,3,12.0,RB,BrooCh00
2641,Spencer Brown,2.60,13,Sun,9,9,2022-11-06,23-358,CAR,@,CIN,L 21-42,2.60,4.60,4.6,3.6,13,26.5,0,0.0,4,13.8,RB,BrowSp01
2642,James Conner,2.60,16,Sun,6,6,2024-10-13,29-161,ARI,@,GNB,L 13-34,2.60,6.60,7.6,4.6,16,27.6,0,0.0,0,0.0,RB,ConnJa00
2643,Dalvin Cook,2.60,10,Sun,9,10,2023-11-12,28-094,NYJ,@,LVR,L 12-16,2.60,2.60,2.6,2.6,10,15.2,0,0.0,0,0.0,RB,CookDa01
2644,Dalvin Cook,2.60,18,Sun,12,13,2023-12-03,28-115,NYJ,,ATL,L 8-13,2.60,3.60,4.6,3.1,18,26.5,0,0.0,0,0.0,RB,CookDa01
2645,DeeJay Dallas,2.60,11,Sun,17,18,2023-01-08,24-114,SEA,,LAR,W 19-16 (OT),2.60,3.60,3.6,3.1,11,15.7,0,0.0,16,48.5,RB,DallDe00
2646,Isaiah Davis,2.60,24,Sun,14,15,2024-12-15,22-298,NYJ,@,JAX,W 32-25,2.60,3.60,3.6,3.1,24,41.4,0,0.0,16,57.1,RB,DaviIs00
2647,Emari Demercado,2.60,13,Sun,1,1,2024-09-08,25-232,ARI,@,BUF,L 28-34,2.60,4.60,4.6,3.6,13,21.3,0,0.0,8,29.6,RB,DemeEm00
2648,Chris Evans,2.60,2,Mon,8,8,2022-10-31,25-026,CIN,@,CLE,L 13-32,2.60,3.60,3.6,3.1,2,3.8,0,0.0,13,56.5,RB,EvanCh02
2649,D'Onta Foreman,2.60,13,Sun,8,8,2024-10-27,28-186,CLE,,BAL,W 29-24,2.60,2.60,2.6,2.6,13,18.8,0,0.0,5,17.2,RB,ForeDO00
2650,Leonard Fournette,2.60,40,Sun,7,7,2022-10-23,27-278,TAM,@,CAR,L 3-21,2.60,4.60,4.6,3.6,40,59.7,0,0.0,0,0.0,RB,FourLe00
2651,Antonio Gibson,2.60,30,Sun,4,4,2023-10-01,25-100,WAS,@,PHI,L 31-34 (OT),2.60,3.60,3.6,3.1,30,38.5,0,0.0,7,22.6,RB,GibsAn00
2652,Antonio Gibson,2.60,7,Sun,10,10,2024-11-10,26-140,NWE,@,CHI,W 19-3,2.60,2.60,2.6,2.6,7,10.9,0,0.0,2,7.4,RB,GibsAn00
2653,Eric Gray,2.60,30,Sun,5,5,2023-10-08,23-338,NYG,@,MIA,L 16-31,2.60,3.60,3.6,3.1,30,41.7,0,0.0,12,46.2,RB,GrayEr01
2654,Justice Hill,2.60,31,Sat,17,18,2024-01-06,26-053,BAL,,PIT,L 10-17,2.60,5.60,5.6,4.1,31,54.4,0,0.0,5,18.5,RB,HillJu00
2655,D'Ernest Johnson,2.60,17,Sun,2,2,2024-09-15,28-201,JAX,,CLE,L 13-18,2.60,2.60,2.6,2.6,17,28.3,0,0.0,6,22.2,RB,JohnDE04
2656,D'Ernest Johnson,2.60,13,Sun,17,18,2025-01-05,28-313,JAX,@,IND,L 23-26 (OT),2.60,3.60,3.6,3.1,13,18.8,0,0.0,0,0.0,RB,JohnDE04
2657,Kyle Juszczyk,2.60,28,Sun,14,15,2023-12-17,32-238,SFO,@,ARI,W 45-29,2.60,4.60,4.6,3.6,28,50.0,0,0.0,7,22.6,FB,JuszKy00
2658,Kyle Juszczyk,2.60,22,Sun,15,16,2024-12-22,33-243,SFO,@,MIA,L 17-29,2.60,3.60,3.6,3.1,22,34.4,0,0.0,0,0.0,FB,JuszKy00
2659,Jerick McKinnon,2.60,26,Sun,11,12,2022-11-27,30-208,KAN,,LAR,W 26-10,2.60,5.60,5.6,4.1,26,34.2,0,0.0,5,20.8,RB,McKiJe00
2660,Jerick McKinnon,2.60,25,Sun,7,7,2023-10-22,31-172,KAN,,LAC,W 31-17,2.60,4.60,4.6,3.6,25,36.8,0,0.0,16,61.5,RB,McKiJe00
2661,Zack Moss,2.60,13,Sun,9,9,2023-11-05,25-325,IND,@,CAR,W 27-13,2.60,2.60,2.6,2.6,13,21.3,0,0.0,0,0.0,RB,MossZa00
2662,Samaje Perine,2.60,17,Sun,16,17,2023-12-31,28-106,DEN,,LAC,W 16-9,2.60,4.60,4.6,3.6,17,24.6,0,0.0,4,14.3,RB,PeriSa00
2663,Ronnie Rivers,2.60,13,Sun,4,4,2024-09-29,25-242,LAR,@,CHI,L 18-24,2.60,2.60,2.6,2.6,13,21.3,0,0.0,12,46.2,RB,RiveRo01
2664,Devin Singletary,2.60,54,Sun,8,9,2023-11-05,26-063,HOU,,TAM,W 39-37,2.60,4.60,4.6,3.6,54,75.0,0,0.0,0,0.0,RB,SingDe00
2665,Tyjae Spears,2.60,18,Sun,10,11,2023-11-19,22-157,TEN,@,JAX,L 14-34,2.60,4.60,4.6,3.6,18,45.0,0,0.0,7,28.0,RB,SpeaTy00
2666,Zamir White,2.60,23,Sun,1,1,2024-09-08,24-356,LVR,@,LAC,L 10-22,2.60,4.60,5.6,3.6,23,38.3,0,0.0,0,0.0,RB,WhitZa01
2667,Jamaal Williams,2.60,29,Sun,14,15,2023-12-17,28-258,NOR,,NYG,W 24-6,2.60,3.60,3.6,3.1,29,46.8,0,0.0,0,0.0,RB,WillJa06
2668,Jeff Wilson,2.60,8,Sun,13,14,2022-12-11,27-025,MIA,@,LAC,L 17-23,2.60,2.60,2.6,2.6,8,15.7,0,0.0,0,0.0,RB,WilsJe01
2669,Jeff Wilson,2.60,11,Sun,1,1,2024-09-08,28-297,MIA,,JAX,W 20-17,2.60,2.60,2.6,2.6,11,15.5,0,0.0,10,40.0,RB,WilsJe01
2670,Ameer Abdullah,2.50,8,Sun,9,9,2023-11-05,30-145,LVR,,NYG,W 30-6,2.50,4.50,4.5,3.5,8,13.3,0,0.0,18,75.0,RB,AbduAm00
2671,Cam Akers,2.50,11,Sun,11,12,2024-11-24,25-155,MIN,@,CHI,W 30-27 (OT),2.50,3.50,3.5,3.0,11,15.5,0,0.0,4,12.9,RB,AkerCa00
2672,Tyler Allgeier,2.50,31,Thu,5,5,2024-10-03,24-171,ATL,,TAM,W 36-30 (OT),2.50,5.50,5.5,4.0,31,35.6,0,0.0,1,3.1,RB,AllgTy00
2673,Michael Carter,2.50,13,Sun,13,13,2023-12-03,24-210,ARI,@,PIT,W 24-10,2.50,2.50,2.5,2.5,13,19.1,0,0.0,1,4.2,RB,CartMi03
2674,James Conner,2.50,44,Sun,3,3,2024-09-22,29-140,ARI,,DET,L 13-20,2.50,3.50,3.5,3.0,44,74.6,0,0.0,0,0.0,RB,ConnJa00
2675,Rico Dowdle,2.50,23,Sun,7,8,2023-10-29,25-137,DAL,,LAR,W 43-20,2.50,4.50,4.5,3.5,23,35.4,0,0.0,9,30.0,RB,DowdRi01
2676,Chase Edmonds,2.50,24,Sun,15,16,2023-12-24,27-255,TAM,,JAX,W 30-12,2.50,2.50,2.5,2.5,24,32.4,0,0.0,5,25.0,RB,EdmoCh00
2677,Audric Estime,2.50,14,Sun,11,11,2024-11-17,21-072,DEN,,ATL,W 38-6,2.50,5.50,5.5,4.0,14,22.6,0,0.0,3,11.5,RB,EstiAu00
2678,Kenneth Gainwell,2.50,17,Sun,6,6,2022-10-16,23-216,PHI,,DAL,W 26-17,2.50,2.50,2.5,2.5,17,23.9,0,0.0,2,8.3,RB,GainKe00
2679,Justice Hill,2.50,41,Sun,5,5,2024-10-06,26-327,BAL,@,CIN,W 41-38 (OT),2.50,3.50,3.5,3.0,41,52.6,0,0.0,7,20.0,RB,HillJu00
2680,Chuba Hubbard,2.50,7,Sun,3,3,2022-09-25,23-106,CAR,,NOR,W 22-14,2.50,2.50,2.5,2.5,7,11.5,0,0.0,17,58.6,RB,HubbCh01
2681,Chuba Hubbard,2.50,23,Sun,11,11,2022-11-20,23-162,CAR,@,BAL,L 3-13,2.50,4.50,4.5,3.5,23,40.4,0,0.0,6,26.1,RB,HubbCh01
2682,Ty Johnson,2.50,21,Sun,16,17,2024-12-29,27-103,BUF,,NYJ,W 40-14,2.50,3.50,3.5,3.0,21,30.0,0,0.0,7,31.8,RB,JohnTy02
2683,Ty Johnson,2.50,21,Sun,17,18,2023-01-08,25-113,NYJ,@,MIA,L 6-11,2.50,4.50,4.5,3.5,21,37.5,0,0.0,10,45.5,RB,JohnTy02
2684,Joshua Kelley,2.50,19,Thu,2,2,2022-09-15,24-299,LAC,@,KAN,L 24-27,2.50,3.50,3.5,3.0,19,25.3,0,0.0,20,62.5,RB,KellJo01
2685,Joshua Kelley,2.50,26,Sun,12,13,2023-12-03,26-013,LAC,@,NWE,W 6-0,2.50,4.50,4.5,3.5,26,42.6,0,0.0,1,4.8,RB,KellJo01
2686,Jordan Mason,2.50,9,Sun,11,12,2022-11-27,23-187,SFO,,NOR,W 13-0,2.50,2.50,2.5,2.5,9,12.9,0,0.0,11,64.7,RB,MasoJo00
2687,Sincere McCormick,2.50,14,Mon,14,15,2024-12-16,24-097,LVR,,ATL,L 9-15,2.50,4.50,4.5,3.5,14,20.9,0,0.0,0,0.0,RB,McCoSi00
2688,Jerick McKinnon,2.50,18,Sun,5,5,2023-10-08,31-158,KAN,@,MIN,W 27-20,2.50,4.50,4.5,3.5,18,27.3,0,0.0,9,37.5,RB,McKiJe00
2689,Jaleel McLaughlin,2.50,14,Sun,6,6,2024-10-13,24-030,DEN,,LAC,L 16-23,2.50,4.50,4.5,3.5,14,25.5,0,0.0,2,7.4,RB,McLaJa00
2690,Jordan Mims,2.50,24,Sun,17,18,2025-01-05,25-203,NOR,@,TAM,L 19-27,2.50,5.50,5.5,4.0,24,36.4,0,0.0,3,10.7,RB,MimsJo00
2691,Raheem Mostert,2.50,28,Sun,4,4,2023-10-01,31-175,MIA,@,BUF,L 20-48,2.50,5.50,6.5,4.0,28,43.1,0,0.0,0,0.0,RB,MostRa00
2692,Dare Ogunbowale,2.50,26,Sun,16,17,2023-01-01,28-242,HOU,,JAX,L 3-31,2.50,4.50,4.5,3.5,26,37.1,0,0.0,8,32.0,RB,OgunDa00
2693,Isiah Pacheco,2.50,26,Sat,15,16,2024-12-21,25-294,KAN,,HOU,W 27-19,2.50,3.50,3.5,3.0,26,35.1,0,0.0,0,0.0,RB,PachIs00
2694,Craig Reynolds,2.50,7,Sun,7,7,2023-10-22,27-129,DET,@,BAL,L 6-38,2.50,3.50,3.5,3.0,7,9.3,0,0.0,1,4.8,RB,ReynCr00
2695,Miles Sanders,2.50,20,Sun,2,2,2024-09-15,27-137,CAR,,LAC,L 3-26,2.50,5.50,5.5,4.0,20,41.7,0,0.0,0,0.0,RB,SandMi01
2696,Trey Sermon,2.50,9,Sun,15,16,2024-12-22,25-327,IND,,TEN,W 38-30,2.50,2.50,2.5,2.5,9,14.5,0,0.0,0,0.0,RB,SermTr00
2697,Rhamondre Stevenson,2.50,30,Sun,7,7,2024-10-20,26-240,NWE,@,JAX,L 16-32,2.50,4.50,4.5,3.5,30,50.0,0,0.0,0,0.0,RB,StevRh00
2698,Pierre Strong,2.50,23,Sun,6,7,2023-10-22,24-316,CLE,@,IND,W 39-38,2.50,2.50,2.5,2.5,23,30.7,0,0.0,22,55.0,RB,StroPi00
2699,D'Andre Swift,2.50,37,Sat,15,16,2022-12-24,23-344,DET,@,CAR,L 23-37,2.50,3.50,3.5,3.0,37,56.1,0,0.0,0,0.0,RB,SwifDA00
2700,Patrick Taylor,2.50,51,Sun,15,16,2024-12-22,26-237,SFO,@,MIA,L 17-29,2.50,3.50,3.5,3.0,51,79.7,0,0.0,0,0.0,RB,TaylPa01
2701,Avery Williams,2.50,9,Thu,10,10,2022-11-10,24-118,ATL,@,CAR,L 15-25,2.50,2.50,2.5,2.5,9,14.3,0,0.0,26,89.7,RB,WillAv02
2702,Jeff Wilson,2.50,15,Sun,15,16,2023-12-24,28-038,MIA,,DAL,W 22-20,2.50,3.50,3.5,3.0,15,23.1,0,0.0,0,0.0,RB,WilsJe01
2703,Tank Bigsby,2.40,17,Sun,6,6,2024-10-13,23-044,JAX,@,CHI,L 16-35,2.40,2.40,2.4,2.4,17,27.4,0,0.0,8,33.3,RB,BigsTa00
2704,Matt Breida,2.40,42,Sun,5,5,2023-10-08,28-222,NYG,@,MIA,L 16-31,2.40,3.40,3.4,2.9,42,58.3,0,0.0,0,0.0,RB,BreiMa00
2705,Matt Breida,2.40,13,Sun,1,1,2022-09-11,27-195,NYG,@,TEN,W 21-20,2.40,2.40,2.4,2.4,13,21.7,0,0.0,19,67.9,RB,BreiMa00
2706,Chase Brown,2.40,14,Sat,15,16,2023-12-23,23-277,CIN,@,PIT,L 11-34,2.40,4.40,4.4,3.4,14,21.9,0,0.0,13,54.2,RB,BrowCh10
2707,Michael Carter,2.40,25,Mon,8,9,2023-11-06,24-183,NYJ,,LAC,L 6-27,2.40,8.40,8.4,5.4,25,30.9,0,0.0,0,0.0,RB,CartMi03
2708,Julius Chestnut,2.40,8,Sun,6,7,2024-10-20,23-360,TEN,@,BUF,L 10-34,2.40,3.40,3.4,2.9,8,11.0,0,0.0,7,25.0,RB,ChesJu00
2709,Emari Demercado,2.40,25,Sun,4,4,2023-10-01,24-254,ARI,@,SFO,L 16-35,2.40,5.40,5.4,3.9,25,35.2,0,0.0,0,0.0,RB,DemeEm00
2710,Emari Demercado,2.40,14,Sun,4,4,2024-09-29,25-253,ARI,,WAS,L 14-42,2.40,3.40,3.4,2.9,14,23.7,0,0.0,7,30.4,RB,DemeEm00
2711,Rico Dowdle,2.40,9,Sun,1,1,2023-09-10,25-088,DAL,@,NYG,W 40-0,2.40,2.40,2.4,2.4,9,15.5,0,0.0,8,33.3,RB,DowdRi01
2712,Chase Edmonds,2.40,17,Sun,17,18,2024-01-07,27-269,TAM,@,CAR,W 9-0,2.40,3.40,3.4,2.9,17,26.2,0,0.0,7,35.0,RB,EdmoCh00
2713,Austin Ekeler,2.40,44,Sun,12,12,2024-11-24,29-191,WAS,,DAL,L 26-34,2.40,4.40,4.4,3.4,44,62.9,0,0.0,7,18.4,RB,EkelAu00
2714,Ezekiel Elliott,2.40,10,Thu,4,4,2024-09-26,29-066,DAL,@,NYG,W 20-15,2.40,3.40,3.4,2.9,10,17.9,0,0.0,0,0.0,RB,ElliEz00
2715,Ezekiel Elliott,2.40,26,Mon,10,11,2024-11-18,29-119,DAL,,HOU,L 10-34,2.40,5.40,5.4,3.9,26,31.3,0,0.0,0,0.0,RB,ElliEz00
2716,Anthony Firkser,2.40,14,Sun,13,13,2022-12-04,27-288,ATL,,PIT,L 16-19,2.40,4.40,4.4,3.4,14,25.9,0,0.0,0,0.0,FB,FirkAn00
2717,D'Onta Foreman,2.40,22,Sun,11,11,2022-11-20,26-210,CAR,@,BAL,L 3-13,2.40,2.40,2.4,2.4,22,38.6,0,0.0,0,0.0,RB,ForeDO00
2718,D'Onta Foreman,2.40,21,Sun,1,1,2023-09-10,27-139,CHI,,GNB,L 20-38,2.40,4.40,4.4,3.4,21,28.4,0,0.0,0,0.0,RB,ForeDO00
2719,Kenneth Gainwell,2.40,30,Sun,5,5,2023-10-08,24-208,PHI,@,LAR,W 23-14,2.40,3.40,3.4,2.9,30,38.0,0,0.0,0,0.0,RB,GainKe00
2720,Jamycal Hasty,2.40,12,Sun,10,10,2024-11-10,28-059,NWE,@,CHI,W 19-3,2.40,3.40,3.4,2.9,12,18.8,0,0.0,4,14.8,RB,HastJa02
2721,David Johnson,2.40,15,Sat,15,16,2022-12-24,31-008,NOR,@,CLE,W 17-10,2.40,3.40,3.4,2.9,15,27.8,0,0.0,0,0.0,RB,JohnDa08
2722,Kyle Juszczyk,2.40,35,Sun,3,3,2022-09-25,31-155,SFO,@,DEN,L 10-11,2.40,3.40,3.4,2.9,35,62.5,0,0.0,7,25.0,FB,JuszKy00
2723,Alvin Kamara,2.40,40,Thu,7,7,2024-10-17,29-084,NOR,,DEN,L 10-33,2.40,8.40,8.4,5.4,40,57.1,0,0.0,0,0.0,RB,KamaAl00
2724,Joshua Kelley,2.40,28,Sun,17,18,2023-01-08,25-049,LAC,@,DEN,L 28-31,2.40,3.40,3.4,2.9,28,41.2,0,0.0,10,32.3,RB,KellJo01
2725,Hunter Luepke,2.40,23,Sun,5,5,2024-10-06,24-221,DAL,@,PIT,W 20-17,2.40,3.40,3.4,2.9,23,30.3,0,0.0,1,4.2,RB,LuepHu00
2726,Elijah Mitchell,2.40,8,Sun,10,11,2023-11-19,25-201,SFO,,TAM,W 27-14,2.40,2.40,2.4,2.4,8,13.3,0,0.0,0,0.0,RB,MitcEl00
2727,Samaje Perine,2.40,21,Mon,5,5,2024-10-07,29-021,KAN,,NOR,W 26-13,2.40,3.40,3.4,2.9,21,25.0,0,0.0,1,4.2,RB,PeriSa00
2728,Samaje Perine,2.40,24,Sun,11,12,2024-11-24,29-069,KAN,@,CAR,W 30-27,2.40,4.40,4.4,3.4,24,32.4,0,0.0,8,29.6,RB,PeriSa00
2729,Samaje Perine,2.40,25,Sun,14,15,2022-12-18,27-093,CIN,@,TAM,W 34-23,2.40,3.40,3.4,2.9,25,37.9,0,0.0,5,20.0,RB,PeriSa00
2730,Samaje Perine,2.40,33,Sun,2,2,2023-09-17,28-001,DEN,,WAS,L 33-35,2.40,5.40,5.4,3.9,33,50.0,0,0.0,6,20.0,RB,PeriSa00
2731,Samaje Perine,2.40,19,Sun,3,3,2023-09-24,28-008,DEN,@,MIA,L 20-70,2.40,4.40,4.4,3.4,19,30.6,0,0.0,11,30.6,RB,PeriSa00
2732,Brian Robinson Jr.,2.40,12,Sun,12,12,2024-11-24,25-247,WAS,,DAL,L 26-34,2.40,3.40,3.4,2.9,12,17.1,0,0.0,0,0.0,RB,RobiBr01
2733,Boston Scott,2.40,10,Sun,11,12,2022-11-27,27-214,PHI,,GNB,W 40-33,2.40,2.40,2.4,2.4,10,12.5,0,0.0,13,41.9,RB,ScotBo02
2734,Devin Singletary,2.40,30,Sun,2,2,2023-09-17,26-014,HOU,,IND,L 20-31,2.40,3.40,3.4,2.9,30,35.7,0,0.0,4,13.8,RB,SingDe00
2735,Rhamondre Stevenson,2.40,27,Sun,5,5,2023-10-08,25-227,NWE,,NOR,L 0-34,2.40,2.40,2.4,2.4,27,50.0,0,0.0,0,0.0,RB,StevRh00
2736,Sean Tucker,2.40,10,Sun,1,1,2023-09-10,21-320,TAM,@,MIN,W 20-17,2.40,4.40,4.4,3.4,10,14.7,0,0.0,15,53.6,RB,TuckSe00
2737,Kimani Vidal,2.40,21,Thu,15,16,2024-12-19,23-113,LAC,,DEN,W 34-27,2.40,2.40,2.4,2.4,21,32.3,0,0.0,1,3.4,RB,VidaKi00
2738,Kimani Vidal,2.40,9,Sat,16,17,2024-12-28,23-122,LAC,@,NWE,W 40-7,2.40,2.40,2.4,2.4,9,11.4,0,0.0,0,0.0,RB,VidaKi00
2739,Kenneth Walker III,2.40,25,Sun,4,4,2022-10-02,21-347,SEA,@,DET,W 48-45,2.40,3.40,3.4,2.9,25,35.7,0,0.0,0,0.0,RB,WalkKe00
2740,Jaylen Warren,2.40,17,Sun,7,7,2022-10-23,23-356,PIT,@,MIA,L 10-16,2.40,4.40,4.4,3.4,17,22.7,0,0.0,8,30.8,RB,WarrJa01
2741,Zamir White,2.40,3,Sun,4,4,2022-10-02,23-014,LVR,,DEN,W 32-23,2.40,2.40,2.4,2.4,3,4.0,0,0.0,0,0.0,RB,WhitZa01
2742,Jamaal Williams,2.40,25,Sun,16,17,2024-12-29,29-270,NOR,,LVR,L 10-25,2.40,3.40,3.4,2.9,25,41.7,0,0.0,14,50.0,RB,WillJa06
2743,Ameer Abdullah,2.30,14,Sun,2,2,2022-09-18,29-097,LVR,,ARI,L 23-29 (OT),2.30,3.30,3.3,2.8,14,20.9,0,0.0,3,14.3,RB,AbduAm00
2744,Braelon Allen,2.30,14,Sun,17,18,2025-01-05,20-351,NYJ,,MIA,W 32-20,2.30,4.30,4.3,3.3,14,21.9,0,0.0,18,69.2,RB,AlleBr05
2745,Eno Benjamin,2.30,22,Sun,3,3,2022-09-25,23-165,ARI,,LAR,L 12-20,2.30,4.30,4.3,3.3,22,26.5,0,0.0,8,32.0,RB,BenjEn00
2746,Mike Boone,2.30,9,Sun,7,7,2022-10-23,27-115,DEN,,NYJ,L 9-16,2.30,2.30,2.3,2.3,9,11.4,0,0.0,7,25.0,RB,BoonMi00
2747,Chase Brown,2.30,17,Sun,1,1,2024-09-08,24-171,CIN,,NWE,L 10-16,2.30,5.30,5.3,3.8,17,33.3,0,0.0,9,42.9,RB,BrowCh10
2748,Dalvin Cook,2.30,11,Sun,5,5,2023-10-08,28-059,NYJ,@,DEN,W 31-21,2.30,2.30,2.3,2.3,11,16.9,0,0.0,0,0.0,RB,CookDa01
2749,AJ Dillon,2.30,29,Thu,11,11,2022-11-17,24-199,GNB,,TEN,L 17-27,2.30,3.30,3.3,2.8,29,47.5,0,0.0,0,0.0,RB,DillAJ00
2750,Trestan Ebner,2.30,15,Sun,3,3,2022-09-25,23-266,CHI,,HOU,W 23-20,2.30,2.30,2.3,2.3,15,23.8,0,0.0,14,48.3,RB,EbneTr00
2751,Gus Edwards,2.30,14,Sun,14,15,2024-12-15,29-246,LAC,,TAM,L 17-40,2.30,2.30,2.3,2.3,14,26.9,0,0.0,0,0.0,RB,EdwaGu00
2752,Ezekiel Elliott,2.30,28,Sun,1,1,2023-09-10,28-050,NWE,,PHI,L 20-25,2.30,7.30,8.3,4.8,28,35.0,0,0.0,0,0.0,RB,ElliEz00
2753,Kenneth Gainwell,2.30,13,Sun,5,6,2024-10-13,25-213,PHI,,CLE,W 20-16,2.30,2.30,2.3,2.3,13,21.0,0,0.0,0,0.0,RB,GainKe00
2754,Kenneth Gainwell,2.30,33,Sun,17,18,2025-01-05,25-297,PHI,,NYG,W 20-13,2.30,4.30,4.3,3.3,33,48.5,0,0.0,0,0.0,RB,GainKe00
2755,Derrick Gore,2.30,3,Sun,11,11,2023-11-19,28-341,WAS,,NYG,L 19-31,2.30,2.30,2.3,2.3,3,3.7,0,0.0,1,3.4,RB,GoreDe00
2756,Khalil Herbert,2.30,18,Sat,16,17,2024-12-28,26-251,CIN,,DEN,W 30-24 (OT),2.30,2.30,2.3,2.3,18,20.0,0,0.0,10,40.0,RB,HerbKh00
2757,Khalil Herbert,2.30,21,Sun,9,9,2022-11-06,24-199,CHI,,MIA,L 32-35,2.30,2.30,2.3,2.3,21,28.4,0,0.0,8,30.8,RB,HerbKh00
2758,Justice Hill,2.30,18,Sun,14,15,2023-12-17,26-033,BAL,@,JAX,W 23-7,2.30,2.30,2.3,2.3,18,25.7,0,0.0,5,22.7,RB,HillJu00
2759,Chuba Hubbard,2.30,55,Sun,12,13,2024-12-01,25-173,CAR,,TAM,L 23-26 (OT),2.30,2.30,3.3,2.3,55,78.6,0,0.0,0,0.0,RB,HubbCh01
2760,Alec Ingold,2.30,20,Sun,4,4,2023-10-01,27-084,MIA,@,BUF,L 20-48,2.30,3.30,3.3,2.8,20,30.8,0,0.0,12,42.9,FB,IngoAl01
2761,Justin Jackson,2.30,16,Sun,12,13,2022-12-04,26-226,DET,,JAX,W 40-14,2.30,5.30,5.3,3.8,16,21.1,0,0.0,13,50.0,RB,JackJu01
2762,Jermar Jefferson,2.30,5,Sun,15,16,2024-12-22,24-251,DET,@,CHI,W 34-17,2.30,3.30,3.3,2.8,5,7.7,0,0.0,7,28.0,RB,JeffJe00
2763,D'Ernest Johnson,2.30,19,Sun,8,8,2024-10-27,28-243,JAX,,GNB,L 27-30,2.30,3.30,3.3,2.8,19,33.3,0,0.0,5,15.2,RB,JohnDE04
2764,Ty Johnson,2.30,19,Sun,9,9,2024-11-03,27-047,BUF,,MIA,W 30-27,2.30,2.30,2.3,2.3,19,28.8,0,0.0,8,32.0,RB,JohnTy02
2765,Kyle Juszczyk,2.30,39,Sun,16,17,2023-12-31,32-252,SFO,@,WAS,W 27-10,2.30,5.30,5.3,3.8,39,55.7,0,0.0,3,14.3,FB,JuszKy00
2766,Zonovan Knight,2.30,30,Sun,14,15,2022-12-18,21-251,NYJ,,DET,L 17-20,2.30,2.30,2.3,2.3,30,47.6,0,0.0,0,0.0,RB,KnigZo00
2767,Jordan Mason,2.30,8,Sun,4,4,2023-10-01,24-130,SFO,,ARI,W 35-16,2.30,3.30,3.3,2.8,8,14.5,0,0.0,14,63.6,RB,MasoJo00
2768,Elijah Mitchell,2.30,17,Sun,9,10,2023-11-12,25-194,SFO,@,JAX,W 34-3,2.30,2.30,2.3,2.3,17,27.4,0,0.0,0,0.0,RB,MitcEl00
2769,Chris Myarick,2.30,23,Thu,11,12,2022-11-24,27-049,NYG,@,DAL,L 20-28,2.30,3.30,3.3,2.8,23,35.9,0,0.0,13,56.5,FB,MyarCh00
2770,Dare Ogunbowale,2.30,20,Sun,2,2,2024-09-15,30-134,HOU,,CHI,W 19-13,2.30,4.30,4.3,3.3,20,32.3,0,0.0,20,66.7,RB,OgunDa00
2771,Dare Ogunbowale,2.30,12,Sun,17,18,2025-01-05,30-246,HOU,@,TEN,W 23-14,2.30,4.30,4.3,3.3,12,20.0,0,0.0,11,47.8,RB,OgunDa00
2772,Craig Reynolds,2.30,10,Sun,15,16,2024-12-22,28-190,DET,@,CHI,W 34-17,2.30,3.30,3.3,2.8,10,15.4,0,0.0,12,48.0,RB,ReynCr00
2773,Chris Rodriguez,2.30,6,Sun,6,6,2023-10-15,23-019,WAS,@,ATL,W 24-16,2.30,2.30,2.3,2.3,6,11.8,0,0.0,13,54.2,RB,RodrCh00
2774,Devin Singletary,2.30,28,Mon,8,8,2024-10-28,27-055,NYG,@,PIT,L 18-26,2.30,4.30,4.3,3.3,28,38.9,0,0.0,0,0.0,RB,SingDe00
2775,Devin Singletary,2.30,13,Thu,12,13,2024-11-28,27-086,NYG,@,DAL,L 20-27,2.30,2.30,2.3,2.3,13,20.6,0,0.0,0,0.0,RB,SingDe00
2776,Tyjae Spears,2.30,24,Sun,13,14,2024-12-08,23-176,TEN,,JAX,L 6-10,2.30,3.30,3.3,2.8,24,37.5,0,0.0,3,16.7,RB,SpeaTy00
2777,J.J. Taylor,2.30,6,Thu,9,9,2024-10-31,26-301,HOU,@,NYJ,L 13-21,2.30,2.30,2.3,2.3,6,7.6,0,0.0,4,15.4,RB,TaylJJ01
2778,Jonathan Taylor,2.30,58,Sun,4,4,2022-10-02,23-256,IND,,TEN,L 17-24,2.30,3.30,4.3,2.8,58,87.9,0,0.0,0,0.0,RB,TaylJo02
2779,Blake Watson,2.30,10,Thu,15,16,2024-12-19,25-066,DEN,@,LAC,L 27-34,2.30,3.30,3.3,2.8,10,15.6,0,0.0,6,20.7,RB,WatsBl00
2780,Rachaad White,2.30,16,Sun,6,6,2022-10-16,23-277,TAM,@,PIT,L 18-20,2.30,5.30,5.3,3.8,16,22.2,0,0.0,10,35.7,RB,WhitRa01
2781,Rachaad White,2.30,34,Sun,2,2,2024-09-15,25-247,TAM,@,DET,W 20-16,2.30,3.30,3.3,2.8,34,70.8,0,0.0,0,0.0,RB,WhitRa01
2782,Javonte Williams,2.30,34,Sun,14,15,2024-12-15,24-234,DEN,,IND,W 31-13,2.30,4.30,4.3,3.3,34,54.0,0,0.0,0,0.0,RB,WillJa10
2783,Javonte Williams,2.30,36,Sun,1,1,2024-09-08,24-136,DEN,@,SEA,L 20-26,2.30,3.30,3.3,2.8,36,52.2,0,0.0,0,0.0,RB,WillJa10
2784,Ameer Abdullah,2.20,30,Sun,16,17,2023-12-31,30-201,LVR,@,IND,L 20-23,2.20,3.20,3.2,2.7,30,40.0,0,0.0,19,63.3,RB,AbduAm00
2785,Cam Akers,2.20,10,Sun,9,10,2022-11-13,23-144,LAR,,ARI,L 17-27,2.20,2.20,2.2,2.2,10,16.7,0,0.0,0,0.0,RB,AkerCa00
2786,Cam Akers,2.20,16,Sun,12,13,2024-12-01,25-162,MIN,,ARI,W 23-22,2.20,2.20,2.2,2.2,16,30.2,0,0.0,6,21.4,RB,AkerCa00
2787,Tyler Allgeier,2.20,24,Sun,12,13,2024-12-01,24-230,ATL,,LAC,L 13-17,2.20,3.20,3.2,2.7,24,29.6,0,0.0,15,68.2,RB,AllgTy00
2788,Trey Benson,2.20,11,Sun,14,15,2024-12-15,22-147,ARI,,NWE,W 30-17,2.20,2.20,2.2,2.2,11,15.7,0,0.0,0,0.0,RB,BensTr01
2789,Tank Bigsby,2.20,28,Sun,9,9,2024-11-03,23-065,JAX,@,PHI,L 23-28,2.20,2.20,2.2,2.2,28,51.9,0,0.0,9,39.1,RB,BigsTa00
2790,Raheem Blackshear,2.20,12,Sun,6,6,2023-10-15,24-132,CAR,@,MIA,L 21-42,2.20,3.20,3.2,2.7,12,17.4,0,0.0,8,26.7,RB,BlacRa00
2791,Michael Carter,2.20,20,Sun,5,5,2023-10-08,24-154,NYJ,@,DEN,W 31-21,2.20,5.20,5.2,3.7,20,30.8,0,0.0,2,6.3,RB,CartMi03
2792,Zach Charbonnet,2.20,24,Sun,11,12,2024-11-24,23-321,SEA,,ARI,W 16-6,2.20,2.20,2.2,2.2,24,37.5,0,0.0,5,20.8,RB,CharZa00
2793,Julius Chestnut,2.20,13,Sun,8,9,2024-11-03,24-008,TEN,,NWE,W 20-17 (OT),2.20,2.20,2.2,2.2,13,16.9,0,0.0,12,46.2,RB,ChesJu00
2794,Dalvin Cook,2.20,17,Sun,7,8,2024-10-27,29-078,DAL,@,SFO,L 24-30,2.20,3.20,3.2,2.7,17,27.4,0,0.0,0,0.0,RB,CookDa01
2795,James Cook,2.20,13,Sun,9,10,2022-11-13,23-049,BUF,,MIN,L 30-33 (OT),2.20,2.20,2.2,2.2,13,17.3,0,0.0,0,0.0,RB,CookJa01
2796,Blake Corum,2.20,12,Sun,17,18,2025-01-05,24-041,LAR,,SEA,L 25-30,2.20,3.20,3.2,2.7,12,18.2,0,0.0,3,11.1,RB,CoruBl00
2797,Emari Demercado,2.20,7,Sun,10,10,2024-11-10,25-295,ARI,,NYJ,W 31-6,2.20,2.20,2.2,2.2,7,11.9,0,0.0,7,38.9,RB,DemeEm00
2798,Rico Dowdle,2.20,16,Thu,12,13,2023-11-30,25-169,DAL,,SEA,W 41-35,2.20,3.20,3.2,2.7,16,18.0,0,0.0,0,0.0,RB,DowdRi01
2799,Ezekiel Elliott,2.20,22,Sun,4,4,2023-10-01,28-071,NWE,@,DAL,L 3-38,2.20,4.20,4.2,3.2,22,40.0,0,0.0,0,0.0,RB,ElliEz00
2800,Anthony Firkser,2.20,9,Sun,3,3,2022-09-25,27-218,ATL,@,SEA,W 27-23,2.20,3.20,3.2,2.7,9,15.8,0,0.0,0,0.0,FB,FirkAn00
2801,Jerome Ford,2.20,15,Sun,16,17,2024-12-29,25-108,CLE,,MIA,L 3-20,2.20,2.20,2.2,2.2,15,19.0,0,0.0,1,4.3,RB,FordJe00
2802,Jake Funk,2.20,13,Sun,1,1,2023-09-10,25-242,IND,,JAX,L 21-31,2.20,3.20,3.2,2.7,13,18.1,0,0.0,6,21.4,RB,FunkJa00
2803,Reggie Gilliam,2.20,20,Sun,3,3,2022-09-25,25-036,BUF,@,MIA,L 19-21,2.20,4.20,4.2,3.2,20,21.7,0,0.0,16,72.7,FB,GillRe00
2804,Tyler Goodson,2.20,6,Sun,15,16,2024-12-22,24-042,IND,,TEN,W 38-30,2.20,2.20,2.2,2.2,6,9.7,0,0.0,6,20.0,RB,GoodTy00
2805,Isaac Guerendo,2.20,9,Sun,5,5,2024-10-06,24-100,SFO,,ARI,L 23-24,2.20,2.20,2.2,2.2,9,14.1,0,0.0,14,58.3,RB,GuerIs00
2806,Jamycal Hasty,2.20,3,Sun,4,4,2022-10-02,26-020,JAX,@,PHI,L 21-29,2.20,4.20,4.2,3.2,3,6.4,0,0.0,11,45.8,RB,HastJa02
2807,Caleb Huntley,2.20,11,Sun,7,7,2022-10-23,24-038,ATL,@,CIN,L 17-35,2.20,2.20,2.2,2.2,11,23.4,0,0.0,0,0.0,RB,HuntCa02
2808,Kareem Hunt,2.20,33,Sat,15,16,2022-12-24,27-140,CLE,,NOR,L 10-17,2.20,5.20,5.2,3.7,33,47.1,0,0.0,0,0.0,RB,HuntKa00
2809,Kareem Hunt,2.20,19,Sun,11,12,2023-11-26,28-112,CLE,@,DEN,L 12-29,2.20,2.20,2.2,2.2,19,26.0,0,0.0,0,0.0,RB,HuntKa00
2810,Alec Ingold,2.20,27,Sun,7,8,2024-10-27,28-110,MIA,,ARI,L 27-28,2.20,5.20,5.2,3.7,27,41.5,0,0.0,7,26.9,FB,IngoAl01
2811,Mark Ingram,2.20,20,Thu,7,7,2022-10-20,32-303,NOR,@,ARI,L 34-42,2.20,5.20,5.2,3.7,20,27.8,0,0.0,0,0.0,RB,IngrMa01
2812,Bucky Irving,2.20,17,Sun,2,2,2024-09-15,22-027,TAM,@,DET,W 20-16,2.20,2.20,2.2,2.2,17,35.4,0,0.0,5,19.2,RB,IrviBu00
2813,Ty Johnson,2.20,13,Sun,16,17,2023-12-31,26-105,BUF,,NWE,W 27-21,2.20,2.20,2.2,2.2,13,18.8,0,0.0,4,13.8,RB,JohnTy02
2814,Joshua Kelley,2.20,20,Mon,8,9,2023-11-06,25-351,LAC,@,NYJ,W 27-6,2.20,3.20,3.2,2.7,20,34.5,0,0.0,0,0.0,RB,KellJo01
2815,Zonovan Knight,2.20,17,Sun,17,18,2023-01-08,21-272,NYJ,@,MIA,L 6-11,2.20,2.20,2.2,2.2,17,30.4,0,0.0,4,18.2,RB,KnigZo00
2816,Hunter Luepke,2.20,29,Thu,4,4,2024-09-26,24-211,DAL,@,NYG,W 20-15,2.20,4.20,4.2,3.2,29,51.8,0,0.0,15,60.0,RB,LuepHu00
2817,Marlon Mack,2.20,10,Sun,15,16,2022-12-25,26-293,DEN,@,LAR,L 14-51,2.20,2.20,2.2,2.2,10,14.9,0,0.0,0,0.0,RB,MackMa00
2818,Jerick McKinnon,2.20,22,Sun,2,2,2023-09-17,31-137,KAN,@,JAX,W 17-9,2.20,5.20,5.2,3.7,22,32.8,0,0.0,15,68.2,RB,McKiJe00
2819,Jeremy McNichols,2.20,17,Sun,12,12,2024-11-24,28-334,WAS,,DAL,L 26-34,2.20,2.20,2.2,2.2,17,24.3,0,0.0,17,44.7,RB,McNiJe00
2820,Samaje Perine,2.20,34,Sat,15,16,2022-12-24,27-099,CIN,@,NWE,W 22-18,2.20,5.20,5.2,3.7,34,41.0,0,0.0,8,32.0,RB,PeriSa00
2821,Samaje Perine,2.20,30,Sun,16,18,2023-01-08,27-114,CIN,,BAL,W 27-16,2.20,3.20,3.2,2.7,30,45.5,0,0.0,11,36.7,RB,PeriSa00
2822,Tony Pollard,2.20,38,Sun,1,1,2022-09-11,25-134,DAL,,TAM,L 3-19,2.20,4.20,4.2,3.2,38,55.1,0,0.0,2,8.3,RB,PollTo00
2823,Brian Robinson Jr.,2.20,18,Sun,5,5,2022-10-09,23-201,WAS,,TEN,L 17-21,2.20,2.20,2.2,2.2,18,28.6,0,0.0,0,0.0,RB,RobiBr01
2824,Miles Sanders,2.20,14,Sun,16,17,2023-12-31,26-244,CAR,@,JAX,L 0-26,2.20,4.20,4.2,3.2,14,25.9,0,0.0,0,0.0,RB,SandMi01
2825,Miles Sanders,2.20,22,Sun,1,1,2024-09-08,27-130,CAR,@,NOR,L 10-47,2.20,2.20,2.2,2.2,22,37.3,0,0.0,0,0.0,RB,SandMi01
2826,Tyjae Spears,2.20,44,Thu,8,9,2023-11-02,22-140,TEN,@,PIT,L 16-20,2.20,6.20,6.2,4.2,44,59.5,0,0.0,5,20.8,RB,SpeaTy00
2827,Isaiah Spiller,2.20,16,Sun,10,11,2022-11-20,21-103,LAC,,KAN,L 27-30,2.20,4.20,4.2,3.2,16,24.6,0,0.0,0,0.0,RB,SpilIs00
2828,Pierre Strong,2.20,13,Sun,15,16,2023-12-24,25-014,CLE,@,HOU,W 36-22,2.20,2.20,2.2,2.2,13,15.9,0,0.0,16,66.7,RB,StroPi00
2829,Patrick Taylor,2.20,7,Sun,1,1,2023-09-10,25-134,GNB,@,CHI,W 38-20,2.20,2.20,2.2,2.2,7,11.7,0,0.0,9,32.1,RB,TaylPa01
2830,Kimani Vidal,2.20,35,Sun,14,15,2024-12-15,23-109,LAC,,TAM,L 17-40,2.20,4.20,4.2,3.2,35,67.3,0,0.0,0,0.0,RB,VidaKi00
2831,Jaylen Warren,2.20,16,Sun,4,4,2022-10-02,23-335,PIT,,NYJ,L 20-24,2.20,3.20,3.2,2.7,16,25.0,0,0.0,9,34.6,RB,WarrJa01
2832,Jamaal Williams,2.20,24,Sun,17,18,2025-01-05,29-277,NOR,@,TAM,L 19-27,2.20,3.20,3.2,2.7,24,36.4,0,0.0,9,32.1,RB,WillJa06
2833,Jonathan Williams,2.20,5,Sun,12,12,2022-11-27,28-298,WAS,,ATL,W 19-13,2.20,2.20,2.2,2.2,5,8.1,0,0.0,13,54.2,RB,WillJo07
2834,Tyler Allgeier,2.10,10,Sun,1,1,2024-09-08,24-146,ATL,,PIT,L 10-18,2.10,2.10,2.1,2.1,10,17.9,0,0.0,4,16.0,RB,AllgTy00
2835,Tank Bigsby,2.10,10,Sun,10,11,2023-11-19,22-081,JAX,,TEN,W 34-14,2.10,2.10,2.1,2.1,10,14.1,0,0.0,2,8.0,RB,BigsTa00
2836,Brandon Bolden,2.10,25,Sun,3,3,2022-09-25,32-242,LVR,@,TEN,L 22-24,2.10,4.10,4.1,3.1,25,35.7,0,0.0,8,33.3,RB,BoldBr00
2837,Matt Breida,2.10,24,Sun,14,15,2023-12-17,28-292,NYG,@,NOR,L 6-24,2.10,4.10,4.1,3.1,24,38.7,0,0.0,9,39.1,RB,BreiMa00
2838,Chris Brooks,2.10,10,Sun,6,6,2024-10-13,24-276,GNB,,ARI,W 34-13,2.10,2.10,2.1,2.1,10,13.7,0,0.0,4,14.8,RB,BrooCh00
2839,Malcolm Brown,2.10,7,Sun,15,16,2022-12-25,29-224,LAR,,DEN,W 51-14,2.10,3.10,3.1,2.6,7,10.8,0,0.0,1,3.8,RB,BrowMa03
2840,Michael Carter,2.10,18,Sun,4,4,2023-10-01,24-147,NYJ,,KAN,L 20-23,2.10,4.10,4.1,3.1,18,30.5,0,0.0,0,0.0,RB,CartMi03
2841,Nick Chubb,2.10,21,Sun,14,15,2024-12-15,28-354,CLE,,KAN,L 7-21,2.10,2.10,3.1,2.1,21,33.9,0,0.0,0,0.0,RB,ChubNi00
2842,Corey Clement,2.10,3,Mon,13,14,2022-12-12,28-040,ARI,,NWE,L 13-27,2.10,3.10,3.1,2.6,3,4.0,0,0.0,12,46.2,RB,ClemCo00
2843,Dalvin Cook,2.10,19,Fri,11,12,2023-11-24,28-106,NYJ,,MIA,L 13-34,2.10,4.10,4.1,3.1,19,32.8,0,0.0,0,0.0,RB,CookDa01
2844,James Cook,2.10,37,Sun,5,5,2023-10-08,24-013,BUF,,JAX,L 20-25,2.10,5.10,5.1,3.6,37,61.7,0,0.0,0,0.0,RB,CookJa01
2845,Tyrion Davis-Price,2.10,7,Sun,5,5,2023-10-08,22-350,SFO,,DAL,W 42-10,2.10,2.10,2.1,2.1,7,9.9,0,0.0,0,0.0,RB,DaviTy03
2846,Chase Edmonds,2.10,8,Thu,7,8,2023-10-26,27-196,TAM,@,BUF,L 18-24,2.10,4.10,4.1,3.1,8,11.8,0,0.0,15,57.7,RB,EdmoCh00
2847,Darrynton Evans,2.10,13,Sun,13,13,2022-12-04,24-148,CHI,,GNB,L 19-28,2.10,2.10,2.1,2.1,13,25.0,0,0.0,13,54.2,RB,EvanDa02
2848,Darrynton Evans,2.10,6,Sun,9,9,2023-11-05,25-119,CHI,@,NOR,L 17-24,2.10,4.10,4.1,3.1,6,8.8,0,0.0,7,29.2,RB,EvanDa02
2849,D'Onta Foreman,2.10,21,Sun,9,9,2022-11-06,26-196,CAR,@,CIN,L 21-42,2.10,4.10,4.1,3.1,21,42.9,0,0.0,0,0.0,RB,ForeDO00
2850,Kenneth Gainwell,2.10,28,Mon,14,15,2023-12-18,24-279,PHI,@,SEA,L 17-20,2.10,2.10,2.1,2.1,28,40.6,0,0.0,3,11.1,RB,GainKe00
2851,Myles Gaskin,2.10,26,Sun,11,12,2022-11-27,25-285,MIA,,HOU,W 30-15,2.10,3.10,3.1,2.6,26,34.2,0,0.0,0,0.0,RB,GaskMy00
2852,Kevin Harris,2.10,10,Sun,15,16,2023-12-24,23-037,NWE,@,DEN,W 26-23,2.10,2.10,2.1,2.1,10,17.2,0,0.0,0,0.0,RB,HarrKe01
2853,Najee Harris,2.10,14,Sun,14,15,2024-12-15,26-281,PIT,@,PHI,L 13-27,2.10,3.10,3.1,2.6,14,32.6,0,0.0,0,0.0,RB,HarrNa00
2854,Jamycal Hasty,2.10,21,Sun,6,6,2024-10-13,28-031,NWE,,HOU,L 21-41,2.10,3.10,3.1,2.6,21,31.8,0,0.0,12,36.4,RB,HastJa02
2855,Jamycal Hasty,2.10,18,Thu,15,16,2022-12-22,26-101,JAX,@,NYJ,W 19-3,2.10,3.10,3.1,2.6,18,25.0,0,0.0,2,9.1,RB,HastJa02
2856,Justice Hill,2.10,36,Sun,13,13,2024-12-01,27-017,BAL,,PHI,L 19-24,2.10,6.10,6.1,4.1,36,50.0,0,0.0,6,18.2,RB,HillJu00
2857,Kareem Hunt,2.10,32,Sun,11,12,2022-11-27,27-113,CLE,,TAM,W 23-17 (OT),2.10,3.10,3.1,2.6,32,40.5,0,0.0,0,0.0,RB,HuntKa00
2858,Alec Ingold,2.10,17,Sun,17,18,2025-01-05,28-180,MIA,@,NYJ,L 20-32,2.10,4.10,4.1,3.1,17,24.3,0,0.0,3,11.5,FB,IngoAl01
2859,Keaontay Ingram,2.10,9,Sun,3,3,2023-09-24,23-333,ARI,,DAL,W 28-16,2.10,3.10,3.1,2.6,9,14.8,0,0.0,0,0.0,RB,IngrKe01
2860,Roschon Johnson,2.10,28,Sun,8,9,2024-11-03,23-277,CHI,@,ARI,L 9-29,2.10,4.10,4.1,3.1,28,37.8,0,0.0,12,42.9,RB,JohnRo07
2861,Ty Johnson,2.10,16,Sun,13,14,2023-12-10,26-084,BUF,@,KAN,W 20-17,2.10,4.10,4.1,3.1,16,20.8,0,0.0,9,37.5,RB,JohnTy02
2862,Tony Jones,2.10,16,Sun,11,11,2023-11-19,25-360,ARI,@,HOU,L 16-21,2.10,3.10,3.1,2.6,16,26.2,0,0.0,4,22.2,RB,JoneTo04
2863,Joshua Kelley,2.10,15,Sun,7,8,2023-10-29,25-343,LAC,,CHI,W 30-13,2.10,2.10,2.1,2.1,15,21.7,0,0.0,5,22.7,RB,KellJo01
2864,Hunter Luepke,2.10,8,Sun,3,3,2023-09-24,23-208,DAL,@,ARI,L 16-28,2.10,3.10,3.1,2.6,8,9.9,0,0.0,15,60.0,RB,LuepHu00
2865,Jaleel McLaughlin,2.10,9,Sun,12,13,2023-12-03,23-081,DEN,@,HOU,L 17-22,2.10,4.10,4.1,3.1,9,15.0,0,0.0,4,12.5,RB,McLaJa00
2866,David Montgomery,2.10,24,Sun,17,18,2023-01-08,25-215,CHI,,MIN,L 13-29,2.10,2.10,2.1,2.1,24,47.1,0,0.0,0,0.0,RB,MontDa01
2867,Raheem Mostert,2.10,26,Sun,14,15,2024-12-15,32-250,MIA,@,HOU,L 12-20,2.10,5.10,5.1,3.6,26,38.2,0,0.0,4,16.0,RB,MostRa00
2868,Chris Myarick,2.10,46,Sun,7,7,2022-10-23,27-017,NYG,@,JAX,W 23-17,2.10,4.10,4.1,3.1,46,59.7,0,0.0,10,45.5,FB,MyarCh00
2869,Dare Ogunbowale,2.10,14,Sun,12,13,2022-12-04,28-214,HOU,,CLE,L 14-27,2.10,4.10,4.1,3.1,14,21.5,0,0.0,21,67.7,RB,OgunDa00
2870,Samaje Perine,2.10,17,Sun,8,8,2023-10-29,28-043,DEN,,KAN,W 24-9,2.10,4.10,4.1,3.1,17,23.9,0,0.0,3,13.6,RB,PeriSa00
2871,Dameon Pierce,2.10,12,Sun,16,17,2023-12-31,23-315,HOU,,TEN,W 26-3,2.10,3.10,3.1,2.6,12,19.7,0,0.0,1,4.2,RB,PierDa01
2872,Craig Reynolds,2.10,11,Sun,5,6,2024-10-13,28-120,DET,@,DAL,W 47-9,2.10,2.10,2.1,2.1,11,16.2,0,0.0,16,57.1,RB,ReynCr00
2873,Craig Reynolds,2.10,6,Sun,10,11,2024-11-17,28-155,DET,,JAX,W 52-6,2.10,2.10,2.1,2.1,6,7.6,0,0.0,15,57.7,RB,ReynCr00
2874,Chris Rodriguez,2.10,4,Thu,12,12,2023-11-23,23-058,WAS,@,DAL,L 10-45,2.10,2.10,2.1,2.1,4,5.1,0,0.0,14,56.0,RB,RodrCh00
2875,Boston Scott,2.10,15,Mon,2,2,2022-09-19,27-145,PHI,,MIN,W 24-7,2.10,3.10,3.1,2.6,15,20.5,0,0.0,4,19.0,RB,ScotBo02
2876,Boston Scott,2.10,13,Sun,7,8,2022-10-30,27-186,PHI,,PIT,W 35-13,2.10,2.10,2.1,2.1,13,22.8,0,0.0,7,25.9,RB,ScotBo02
2877,Boston Scott,2.10,17,Sun,12,13,2022-12-04,27-221,PHI,,TEN,W 35-10,2.10,3.10,3.1,2.6,17,23.3,0,0.0,6,20.7,RB,ScotBo02
2878,Trey Sermon,2.10,18,Sun,3,3,2023-09-24,24-237,IND,@,BAL,W 22-19 (OT),2.10,3.10,3.1,2.6,18,21.4,0,0.0,0,0.0,RB,SermTr00
2879,Devin Singletary,2.10,37,Mon,2,2,2022-09-19,25-016,BUF,,TEN,W 41-7,2.10,4.10,4.1,3.1,37,54.4,0,0.0,0,0.0,RB,SingDe00
2880,Devin Singletary,2.10,12,Sun,7,7,2024-10-20,27-047,NYG,,PHI,L 3-28,2.10,3.10,3.1,2.6,12,20.7,0,0.0,0,0.0,RB,SingDe00
2881,Tyrone Tracy Jr.,2.10,17,Thu,4,4,2024-09-26,24-308,NYG,,DAL,L 15-20,2.10,3.10,3.1,2.6,17,24.6,0,0.0,3,12.0,RB,TracTy00
2882,Jaylen Warren,2.10,23,Sat,17,18,2025-01-04,26-064,PIT,,CIN,L 17-19,2.10,2.10,2.1,2.1,23,37.7,0,0.0,6,23.1,RB,WarrJa01
2883,Rachaad White,2.10,17,Sun,1,1,2022-09-11,23-242,TAM,@,DAL,W 19-3,2.10,4.10,4.1,3.1,17,27.4,0,0.0,16,66.7,RB,WhitRa01
2884,Avery Williams,2.10,7,Sun,4,4,2022-10-02,24-079,ATL,,CLE,W 23-20,2.10,2.10,2.1,2.1,7,12.7,0,0.0,21,80.8,RB,WillAv02
2885,Javonte Williams,2.10,35,Sun,3,3,2024-09-22,24-150,DEN,@,TAM,W 26-7,2.10,6.10,7.1,4.1,35,51.5,0,0.0,0,0.0,RB,WillJa10
2886,Kyren Williams,2.10,8,Sun,15,16,2022-12-25,22-121,LAR,,DEN,W 51-14,2.10,3.10,3.1,2.6,8,12.3,0,0.0,2,7.7,RB,WillKy02
2887,Emanuel Wilson,2.10,6,Sun,10,11,2023-11-19,24-195,GNB,,LAC,W 23-20,2.10,3.10,3.1,2.6,6,8.3,0,0.0,0,0.0,RB,WilsEm00
2888,Trey Benson,2.00,13,Sun,12,13,2024-12-01,22-133,ARI,@,MIN,L 22-23,2.00,2.00,2.0,2.0,13,15.9,0,0.0,0,0.0,RB,BensTr01
2889,Raheem Blackshear,2.00,36,Sun,16,17,2024-12-29,25-207,CAR,@,TAM,L 14-48,2.00,2.00,2.0,2.0,36,76.6,0,0.0,0,0.0,RB,BlacRa00
2890,Matt Breida,2.00,14,Sun,9,10,2022-11-13,27-258,NYG,,HOU,W 24-16,2.00,2.00,2.0,2.0,14,20.3,0,0.0,11,36.7,RB,BreiMa00
2891,Ty Chandler,2.00,12,Sun,17,18,2023-01-08,24-241,MIN,@,CHI,W 29-13,2.00,2.00,2.0,2.0,12,16.9,0,0.0,11,47.8,RB,ChanTy01
2892,Blake Corum,2.00,9,Thu,14,15,2024-12-12,24-017,LAR,@,SFO,W 12-6,2.00,4.00,4.0,3.0,9,13.8,0,0.0,17,63.0,RB,CoruBl00
2893,Rico Dowdle,2.00,21,Sun,10,11,2023-11-19,25-158,DAL,@,CAR,W 33-10,2.00,4.00,4.0,3.0,21,29.2,0,0.0,1,3.7,RB,DowdRi01
2894,Clyde Edwards-Helaire,2.00,4,Mon,10,11,2023-11-20,24-223,KAN,,PHI,L 17-21,2.00,2.00,2.0,2.0,4,5.1,0,0.0,0,0.0,RB,EdwaCl00
2895,Austin Ekeler,2.00,28,Sun,7,7,2024-10-20,29-156,WAS,,CAR,W 40-7,2.00,4.00,4.0,3.0,28,40.6,0,0.0,2,7.7,RB,EkelAu00
2896,Leonard Fournette,2.00,10,Sat,15,16,2023-12-23,28-339,BUF,@,LAC,W 24-22,2.00,2.00,2.0,2.0,10,18.2,0,0.0,7,23.3,RB,FourLe00
2897,Leonard Fournette,2.00,16,Sun,17,18,2024-01-07,28-354,BUF,@,MIA,W 21-14,2.00,2.00,2.0,2.0,16,20.5,0,0.0,1,5.6,RB,FourLe00
2898,Kenneth Gainwell,2.00,16,Sun,5,5,2022-10-09,23-209,PHI,@,ARI,W 20-17,2.00,2.00,2.0,2.0,16,21.9,0,0.0,5,20.0,RB,GainKe00
2899,Antonio Gibson,2.00,13,Sun,11,11,2024-11-17,26-147,NWE,,LAR,L 22-28,2.00,3.00,3.0,2.5,13,17.1,0,0.0,5,18.5,RB,GibsAn00
2900,Derrick Henry,2.00,18,Sun,3,3,2023-09-24,29-263,TEN,@,CLE,L 3-27,2.00,2.00,2.0,2.0,18,37.5,0,0.0,0,0.0,RB,HenrDe00
2901,Derrick Henry,2.00,27,Sun,9,10,2023-11-12,29-312,TEN,@,TAM,L 6-20,2.00,3.00,3.0,2.5,27,42.9,0,0.0,0,0.0,RB,HenrDe00
2902,Kareem Hunt,2.00,22,Sun,14,15,2023-12-17,28-133,CLE,,CHI,W 20-17,2.00,3.00,3.0,2.5,22,31.9,0,0.0,0,0.0,RB,HuntKa00
2903,Terrell Jennings,2.00,24,Sun,17,18,2025-01-05,23-310,NWE,,BUF,W 23-16,2.00,2.00,2.0,2.0,24,37.5,0,0.0,3,12.0,RB,JennTe00
2904,Roschon Johnson,2.00,24,Sun,17,18,2024-01-07,22-341,CHI,@,GNB,L 9-17,2.00,2.00,2.0,2.0,24,50.0,0,0.0,8,44.4,RB,JohnRo07
2905,Tony Jones,2.00,34,Sun,2,2,2022-09-18,24-298,NOR,,TAM,L 10-20,2.00,4.00,4.0,3.0,34,50.0,0,0.0,0,0.0,RB,JoneTo04
2906,Joshua Kelley,2.00,14,Sun,11,12,2022-11-27,25-007,LAC,@,ARI,W 25-24,2.00,4.00,4.0,3.0,14,21.2,0,0.0,15,55.6,RB,KellJo01
2907,Jordan Mason,2.00,13,Sun,14,15,2023-12-17,24-207,SFO,@,ARI,W 45-29,2.00,2.00,2.0,2.0,13,23.2,0,0.0,11,35.5,RB,MasoJo00
2908,J.D. McKissic,2.00,17,Thu,6,6,2022-10-13,29-059,WAS,@,CHI,W 12-7,2.00,2.00,2.0,2.0,17,29.8,0,0.0,0,0.0,RB,McKiJ.00
2909,J.D. McKissic,2.00,22,Sun,8,8,2022-10-30,29-076,WAS,@,IND,W 17-16,2.00,5.00,5.0,3.5,22,36.1,0,0.0,0,0.0,RB,McKiJ.00
2910,Jerick McKinnon,2.00,33,Sun,3,3,2022-09-25,30-145,KAN,@,IND,L 17-20,2.00,2.00,2.0,2.0,33,52.4,0,0.0,5,21.7,RB,McKiJe00
2911,Jerick McKinnon,2.00,19,Thu,6,6,2023-10-12,31-162,KAN,,DEN,W 19-8,2.00,5.00,5.0,3.5,19,26.8,0,0.0,14,66.7,RB,McKiJe00
2912,Jaleel McLaughlin,2.00,23,Sun,9,9,2024-11-03,24-051,DEN,@,BAL,L 10-41,2.00,5.00,5.0,3.5,23,31.9,0,0.0,0,0.0,RB,McLaJa00
2913,Jeremy McNichols,2.00,24,Sun,9,9,2024-11-03,28-313,WAS,@,NYG,W 27-22,2.00,2.00,2.0,2.0,24,38.7,0,0.0,12,54.5,RB,McNiJe00
2914,Cordarrelle Patterson,2.00,24,Thu,10,10,2022-11-10,31-238,ATL,@,CAR,L 15-25,2.00,3.00,3.0,2.5,24,38.1,0,0.0,7,24.1,RB,PattCo00
2915,Cordarrelle Patterson,2.00,22,Sun,10,10,2023-11-12,32-240,ATL,@,ARI,L 23-25,2.00,4.00,4.0,3.0,22,31.0,0,0.0,6,23.1,RB,PattCo00
2916,Cordarrelle Patterson,2.00,8,Sun,17,18,2024-01-07,32-296,ATL,@,NOR,L 17-48,2.00,2.00,2.0,2.0,8,13.1,0,0.0,9,28.1,RB,PattCo00
2917,Patrick Ricard,2.00,49,Sun,4,4,2022-10-02,28-128,BAL,,BUF,L 20-23,2.00,5.00,5.0,3.5,49,70.0,0,0.0,5,20.0,FB,RicaPa00
2918,Patrick Ricard,2.00,56,Sun,7,7,2022-10-23,28-149,BAL,,CLE,W 23-20,2.00,4.00,4.0,3.0,56,87.5,0,0.0,5,18.5,FB,RicaPa00
2919,Ronnie Rivers,2.00,15,Thu,15,16,2023-12-21,24-324,LAR,,NOR,W 30-22,2.00,2.00,2.0,2.0,15,21.4,0,0.0,3,12.5,RB,RiveRo01
2920,Brian Robinson Jr.,2.00,15,Sun,8,8,2022-10-30,23-222,WAS,@,IND,W 17-16,2.00,2.00,2.0,2.0,15,24.6,0,0.0,0,0.0,RB,RobiBr01
2921,Pierre Strong,2.00,10,Sun,12,13,2023-12-03,24-358,CLE,@,LAR,L 19-36,2.00,2.00,2.0,2.0,10,14.1,0,0.0,21,63.6,RB,StroPi00
2922,D'Andre Swift,2.00,30,Sun,12,13,2023-12-03,24-323,PHI,,SFO,L 19-42,2.00,4.00,4.0,3.0,30,41.7,0,0.0,0,0.0,RB,SwifDA00
2923,Sione Vaki,2.00,5,Sun,15,16,2024-12-22,23-145,DET,@,CHI,W 34-17,2.00,4.00,4.0,3.0,5,7.7,0,0.0,18,72.0,RB,VakiSi00
2924,Kimani Vidal,2.00,12,Sun,12,13,2024-12-01,23-095,LAC,@,ATL,W 17-13,2.00,2.00,2.0,2.0,12,26.1,0,0.0,0,0.0,RB,VidaKi00
2925,Jaylen Warren,2.00,21,Sun,1,1,2024-09-08,25-312,PIT,@,ATL,W 18-10,2.00,4.00,4.0,3.0,21,30.9,0,0.0,3,12.0,RB,WarrJa01
2926,Javonte Williams,2.00,31,Sat,14,15,2023-12-16,23-235,DEN,@,DET,L 17-42,2.00,4.00,4.0,3.0,31,48.4,0,0.0,0,0.0,RB,WillJa10
2927,Trayveon Williams,2.00,19,Thu,10,11,2023-11-16,26-029,CIN,@,BAL,L 20-34,2.00,2.00,2.0,2.0,19,31.1,0,0.0,21,65.6,RB,WillTr06
2928,Emanuel Wilson,2.00,4,Thu,12,13,2024-11-28,25-204,GNB,,MIA,W 30-17,2.00,2.00,2.0,2.0,4,7.4,0,0.0,0,0.0,RB,WilsEm00
2929,Israel Abanikanda,1.90,22,Sun,14,15,2023-12-17,21-073,NYJ,@,MIA,L 0-30,1.90,3.90,3.9,2.9,22,37.9,0,0.0,0,0.0,RB,AbanIs00
2930,Ameer Abdullah,1.90,10,Mon,8,8,2023-10-30,30-139,LVR,@,DET,L 14-26,1.90,2.90,2.9,2.4,10,21.7,0,0.0,16,64.0,RB,AbduAm00
2931,Ameer Abdullah,1.90,15,Sun,13,14,2023-12-10,30-180,LVR,,MIN,L 0-3,1.90,3.90,3.9,2.9,15,27.8,0,0.0,11,50.0,RB,AbduAm00
2932,Tyler Allgeier,1.90,8,Sun,16,17,2024-12-29,24-258,ATL,@,WAS,L 24-30 (OT),1.90,1.90,1.9,1.9,8,12.5,0,0.0,17,63.0,RB,AllgTy00
2933,Eno Benjamin,1.90,6,Sun,16,17,2023-01-01,23-263,NOR,@,PHI,W 20-10,1.90,2.90,2.9,2.4,6,8.7,0,0.0,0,0.0,RB,BenjEn00
2934,Trey Benson,1.90,10,Sun,13,14,2024-12-08,22-140,ARI,,SEA,L 18-30,1.90,2.90,2.9,2.4,10,14.1,0,0.0,0,0.0,RB,BensTr01
2935,Gary Brightwell,1.90,19,Mon,4,4,2023-10-02,24-216,NYG,,SEA,L 3-24,1.90,2.90,2.9,2.4,19,25.3,0,0.0,16,69.6,RB,BrigGa00
2936,Malcolm Brown,1.90,16,Sun,8,9,2022-11-06,29-175,LAR,@,TAM,L 13-16,1.90,2.90,2.9,2.4,16,28.1,0,0.0,10,30.3,RB,BrowMa03
2937,Rex Burkhead,1.90,23,Sun,6,7,2022-10-23,32-113,HOU,@,LVR,L 20-38,1.90,6.90,6.9,4.4,23,35.4,0,0.0,0,0.0,RB,BurkRe00
2938,Michael Carter,1.90,9,Sun,17,18,2024-01-07,24-245,ARI,,SEA,L 20-21,1.90,2.90,2.9,2.4,9,12.9,0,0.0,0,0.0,RB,CartMi03
2939,Zach Charbonnet,1.90,18,Sun,5,6,2023-10-15,22-280,SEA,@,CIN,L 13-17,1.90,3.90,3.9,2.9,18,24.3,0,0.0,12,52.2,RB,CharZa00
2940,Malik Davis,1.90,6,Sun,17,18,2023-01-08,24-043,DAL,@,WAS,L 6-26,1.90,1.90,1.9,1.9,6,9.0,0,0.0,8,23.5,RB,DaviMa02
2941,Elijah Dotson,1.90,9,Sun,2,2,2023-09-17,24-241,LAC,@,TEN,L 24-27 (OT),1.90,3.90,3.9,2.9,9,13.2,0,0.0,10,33.3,RB,DotsEl00
2942,Chase Edmonds,1.90,15,Sun,10,11,2023-11-19,27-220,TAM,@,SFO,L 14-27,1.90,2.90,2.9,2.4,15,21.1,0,0.0,12,54.5,RB,EdmoCh00
2943,Clyde Edwards-Helaire,1.90,17,Sun,8,9,2022-11-06,23-209,KAN,,TEN,W 20-17 (OT),1.90,2.90,2.9,2.4,17,17.0,0,0.0,0,0.0,RB,EdwaCl00
2944,Gus Edwards,1.90,14,Sun,4,4,2024-09-29,29-169,LAC,,KAN,L 10-17,1.90,1.90,1.9,1.9,14,25.0,0,0.0,0,0.0,RB,EdwaGu00
2945,D'Onta Foreman,1.90,10,Sun,6,6,2022-10-16,26-175,CAR,@,LAR,L 10-24,1.90,1.90,1.9,1.9,10,22.7,0,0.0,0,0.0,RB,ForeDO00
2946,Kenneth Gainwell,1.90,9,Sun,7,8,2024-10-27,25-227,PHI,@,CIN,W 37-17,1.90,1.90,1.9,1.9,9,14.8,0,0.0,4,16.7,RB,GainKe00
2947,Isaac Guerendo,1.90,10,Sun,3,3,2024-09-22,24-086,SFO,@,LAR,L 24-27,1.90,1.90,1.9,1.9,10,14.1,0,0.0,11,40.7,RB,GuerIs00
2948,Damien Harris,1.90,9,Mon,1,1,2023-09-11,26-212,BUF,@,NYJ,L 16-22 (OT),1.90,3.90,3.9,2.9,9,13.0,0,0.0,13,50.0,RB,HarrDa06
2949,Kevin Harris,1.90,7,Sun,14,15,2022-12-18,22-031,NWE,@,LVR,L 24-30,1.90,1.90,1.9,1.9,7,10.8,0,0.0,0,0.0,RB,HarrKe01
2950,Dontrell Hilliard,1.90,21,Sun,11,12,2022-11-27,27-274,TEN,,CIN,L 16-20,1.90,4.90,4.9,3.4,21,36.8,0,0.0,9,30.0,RB,HillDo00
2951,Justice Hill,1.90,17,Mon,9,9,2022-11-07,24-358,BAL,@,NOR,W 27-13,1.90,2.90,2.9,2.4,17,25.0,0,0.0,14,53.8,RB,HillJu00
2952,Justice Hill,1.90,34,Sun,8,8,2024-10-27,26-348,BAL,@,CLE,L 24-29,1.90,2.90,2.9,2.4,34,50.0,0,0.0,7,24.1,RB,HillJu00
2953,Kareem Hunt,1.90,24,Sun,9,10,2022-11-13,27-099,CLE,@,MIA,L 17-39,1.90,2.90,2.9,2.4,24,35.8,0,0.0,0,0.0,RB,HuntKa00
2954,Keaontay Ingram,1.90,18,Mon,11,11,2022-11-21,23-026,ARI,,SFO,L 10-38,1.90,1.90,1.9,1.9,18,25.4,0,0.0,2,7.7,RB,IngrKe01
2955,Justin Jackson,1.90,18,Thu,11,12,2022-11-24,26-216,DET,,BUF,L 25-28,1.90,2.90,2.9,2.4,18,25.4,0,0.0,17,65.4,RB,JackJu01
2956,D'Ernest Johnson,1.90,2,Sun,6,6,2023-10-15,27-230,JAX,,IND,W 37-20,1.90,1.90,1.9,1.9,2,3.1,0,0.0,8,25.8,RB,JohnDE04
2957,Roschon Johnson,1.90,6,Thu,5,5,2023-10-05,22-247,CHI,@,WAS,W 40-20,1.90,1.90,1.9,1.9,6,9.4,0,0.0,5,16.7,RB,JohnRo07
2958,Roschon Johnson,1.90,13,Sun,17,18,2025-01-05,23-340,CHI,@,GNB,W 24-22,1.90,6.90,6.9,4.4,13,21.0,0,0.0,16,59.3,RB,JohnRo07
2959,Ty Johnson,1.90,11,Sun,12,12,2023-11-26,26-070,BUF,@,PHI,L 34-37 (OT),1.90,1.90,1.9,1.9,11,11.6,0,0.0,7,19.4,RB,JohnTy02
2960,Kyle Juszczyk,1.90,40,Sun,2,2,2024-09-15,33-145,SFO,@,MIN,L 17-23,1.90,4.90,4.9,3.4,40,57.1,0,0.0,2,8.7,FB,JuszKy00
2961,Alexander Mattison,1.90,13,Sun,9,10,2022-11-13,24-147,MIN,@,BUF,W 33-30 (OT),1.90,2.90,2.9,2.4,13,15.7,0,0.0,0,0.0,RB,MattAl01
2962,Alexander Mattison,1.90,44,Thu,2,2,2023-09-14,25-087,MIN,@,PHI,L 28-34,1.90,4.90,5.9,3.4,44,75.9,0,0.0,0,0.0,RB,MattAl01
2963,Jaleel McLaughlin,1.90,9,Sun,11,11,2024-11-17,24-065,DEN,,ATL,W 38-6,1.90,1.90,1.9,1.9,9,14.5,0,0.0,0,0.0,RB,McLaJa00
2964,Sony Michel,1.90,9,Thu,2,2,2022-09-15,27-210,LAC,@,KAN,L 24-27,1.90,2.90,2.9,2.4,9,12.0,0,0.0,0,0.0,RB,MichSo00
2965,Kendre Miller,1.90,9,Sun,8,8,2023-10-29,21-140,NOR,@,IND,W 38-27,1.90,2.90,2.9,2.4,9,13.6,0,0.0,0,0.0,RB,MillKe01
2966,Kendre Miller,1.90,8,Sun,16,17,2024-12-29,22-201,NOR,,LVR,L 10-25,1.90,2.90,2.9,2.4,8,13.3,0,0.0,0,0.0,RB,MillKe01
2967,Raheem Mostert,1.90,31,Sun,1,1,2024-09-08,32-152,MIA,,JAX,W 20-17,1.90,3.90,3.9,2.9,31,43.7,0,0.0,0,0.0,RB,MostRa00
2968,Raheem Mostert,1.90,24,Sun,16,17,2024-12-29,32-264,MIA,@,CLE,W 20-3,1.90,3.90,3.9,2.9,24,40.0,0,0.0,2,8.7,RB,MostRa00
2969,Samaje Perine,1.90,17,Sun,13,14,2024-12-08,29-083,KAN,,LAC,W 19-17,1.90,2.90,2.9,2.4,17,24.6,0,0.0,8,30.8,RB,PeriSa00
2970,Tony Pollard,1.90,29,Sun,17,18,2023-01-08,25-253,DAL,@,WAS,L 6-26,1.90,1.90,1.9,1.9,29,43.3,0,0.0,0,0.0,RB,PollTo00
2971,Trey Sermon,1.90,5,Sun,4,4,2022-10-02,23-245,PHI,,JAX,W 29-21,1.90,1.90,1.9,1.9,5,6.1,0,0.0,4,16.7,RB,SermTr00
2972,Isaiah Spiller,1.90,12,Sun,13,14,2023-12-10,22-123,LAC,,DEN,L 7-24,1.90,1.90,1.9,1.9,12,17.6,0,0.0,0,0.0,RB,SpilIs00
2973,Rhamondre Stevenson,1.90,17,Sun,12,13,2023-12-03,25-283,NWE,,LAC,L 0-6,1.90,2.90,3.9,2.4,17,26.6,0,0.0,0,0.0,RB,StevRh00
2974,Ke'Shawn Vaughn,1.90,21,Sun,4,4,2023-10-01,26-150,TAM,@,NOR,W 26-9,1.90,2.90,2.9,2.4,21,29.6,0,0.0,8,30.8,RB,VaugKe00
2975,Kimani Vidal,1.90,18,Mon,6,7,2024-10-21,23-054,LAC,@,ARI,L 15-17,1.90,2.90,2.9,2.4,18,27.3,0,0.0,0,0.0,RB,VidaKi00
2976,Jaylen Warren,1.90,13,Sun,12,13,2022-12-04,24-033,PIT,@,ATL,W 19-16,1.90,3.90,3.9,2.9,13,20.0,0,0.0,5,20.0,RB,WarrJa01
2977,Darrel Williams,1.90,16,Sun,4,4,2022-10-02,27-170,ARI,@,CAR,W 26-16,1.90,1.90,1.9,1.9,16,21.1,0,0.0,5,21.7,RB,WillDa10
2978,Jamaal Williams,1.90,11,Sun,4,4,2024-09-29,29-179,NOR,@,ATL,L 24-26,1.90,3.90,3.9,2.9,11,14.9,0,0.0,9,32.1,RB,WillJa06
2979,Ameer Abdullah,1.80,19,Sun,6,6,2024-10-13,31-122,LVR,,PIT,L 13-32,1.80,4.80,5.8,3.3,19,30.2,0,0.0,15,60.0,RB,AbduAm00
2980,Cam Akers,1.80,21,Sun,5,5,2023-10-08,24-108,MIN,,KAN,L 20-27,1.80,3.80,3.8,2.8,21,29.2,0,0.0,0,0.0,RB,AkerCa00
2981,Tyler Badie,1.80,3,Sun,2,2,2024-09-15,24-221,DEN,,PIT,L 6-13,1.80,2.80,2.8,2.3,3,4.9,0,0.0,0,0.0,RB,BadiTy00
2982,Trey Benson,1.80,8,Sun,1,1,2024-09-08,22-049,ARI,@,BUF,L 28-34,1.80,2.80,2.8,2.3,8,13.1,0,0.0,0,0.0,RB,BensTr01
2983,Trey Benson,1.80,9,Sun,11,12,2024-11-24,22-126,ARI,@,SEA,L 6-16,1.80,1.80,1.8,1.8,9,15.5,0,0.0,0,0.0,RB,BensTr01
2984,Matt Breida,1.80,9,Sun,4,4,2022-10-02,27-216,NYG,,CHI,W 20-12,1.80,1.80,1.8,1.8,9,13.8,0,0.0,20,66.7,RB,BreiMa00
2985,Michael Carter,1.80,12,Mon,1,1,2023-09-11,24-127,NYJ,,BUF,W 22-16 (OT),1.80,3.80,3.8,2.8,12,22.2,0,0.0,0,0.0,RB,CartMi03
2986,Ty Chandler,1.80,11,Sun,1,1,2023-09-10,25-121,MIN,,TAM,L 17-20,1.80,2.80,2.8,2.3,11,17.2,0,0.0,5,17.9,RB,ChanTy01
2987,Ty Chandler,1.80,12,Sun,9,10,2024-11-10,26-182,MIN,@,JAX,W 12-7,1.80,1.80,1.8,1.8,12,14.3,0,0.0,8,42.1,RB,ChanTy01
2988,Dalvin Cook,1.80,15,Sun,4,4,2023-10-01,28-052,NYJ,,KAN,L 20-23,1.80,2.80,2.8,2.3,15,25.4,0,0.0,0,0.0,RB,CookDa01
2989,James Cook,1.80,14,Thu,11,12,2022-11-24,23-060,BUF,@,DET,W 28-25,1.80,3.80,3.8,2.8,14,18.2,0,0.0,0,0.0,RB,CookJa01
2990,Blake Corum,1.80,8,Thu,7,8,2024-10-24,23-334,LAR,,MIN,W 30-20,1.80,2.80,2.8,2.3,8,11.1,0,0.0,13,52.0,RB,CoruBl00
2991,DeeJay Dallas,1.80,11,Sun,1,1,2023-09-10,24-359,SEA,,LAR,L 13-30,1.80,2.80,2.8,2.3,11,21.6,0,0.0,15,53.6,RB,DallDe00
2992,Audric Estime,1.80,13,Sun,14,15,2024-12-15,21-100,DEN,,IND,W 31-13,1.80,2.80,2.8,2.3,13,20.6,0,0.0,4,13.3,RB,EstiAu00
2993,Kenneth Gainwell,1.80,19,Mon,2,2,2022-09-19,23-189,PHI,,MIN,W 24-7,1.80,2.80,2.8,2.3,19,26.0,0,0.0,5,23.8,RB,GainKe00
2994,Antonio Gibson,1.80,14,Sun,1,1,2024-09-08,26-077,NWE,@,CIN,W 16-10,1.80,1.80,1.8,1.8,14,21.5,0,0.0,3,14.3,RB,GibsAn00
2995,Reggie Gilliam,1.80,21,Sun,6,6,2022-10-16,25-057,BUF,@,KAN,W 24-20,1.80,4.80,4.8,3.3,21,28.8,0,0.0,17,73.9,FB,GillRe00
2996,Breece Hall,1.80,23,Sun,14,15,2023-12-17,22-200,NYJ,@,MIA,L 0-30,1.80,2.80,2.8,2.3,23,39.7,0,0.0,0,0.0,RB,HallBr03
2997,Breece Hall,1.80,51,Sun,4,4,2024-09-29,23-121,NYJ,,DEN,L 9-10,1.80,3.80,3.8,2.8,51,68.9,0,0.0,0,0.0,RB,HallBr03
2998,Dontrell Hilliard,1.80,17,Sun,4,4,2022-10-02,27-218,TEN,@,IND,W 24-17,1.80,5.80,5.8,3.8,17,31.5,0,0.0,4,17.4,RB,HillDo00
2999,Justice Hill,1.80,24,Sat,14,15,2022-12-17,25-033,BAL,@,CLE,L 3-13,1.80,2.80,2.8,2.3,24,38.1,0,0.0,10,55.6,RB,HillJu00
3000,Nyheim Hines,1.80,23,Thu,12,13,2022-12-01,26-019,BUF,@,NWE,W 24-10,1.80,2.80,2.8,2.3,23,30.7,0,0.0,10,41.7,RB,HineNy00
3001,Alec Ingold,1.80,22,Sun,16,17,2023-12-31,27-175,MIA,@,BAL,L 19-56,1.80,2.80,2.8,2.3,22,31.9,0,0.0,12,40.0,FB,IngoAl01
3002,Bucky Irving,1.80,10,Sun,13,14,2024-12-08,22-111,TAM,,LVR,W 28-13,1.80,2.80,2.8,2.3,10,16.1,0,0.0,0,0.0,RB,IrviBu00
3003,Ty Johnson,1.80,33,Sun,11,11,2024-11-17,27-061,BUF,,KAN,W 30-21,1.80,1.80,1.8,1.8,33,45.2,0,0.0,8,33.3,RB,JohnTy02
3004,MarShawn Lloyd,1.80,10,Sun,2,2,2024-09-15,23-254,GNB,,IND,W 16-10,1.80,2.80,2.8,2.3,10,14.3,0,0.0,0,0.0,RB,LloyMa00
3005,Hunter Luepke,1.80,20,Sun,1,1,2024-09-08,24-193,DAL,@,CLE,W 33-17,1.80,3.80,3.8,2.8,20,31.7,0,0.0,25,69.4,RB,LuepHu00
3006,Jordan Mason,1.80,11,Sun,8,8,2024-10-27,25-156,SFO,,DAL,W 30-24,1.80,1.80,1.8,1.8,11,16.2,0,0.0,0,0.0,RB,MasoJo00
3007,Jaleel McLaughlin,1.80,8,Sat,14,15,2023-12-16,23-094,DEN,@,DET,L 17-42,1.80,3.80,3.8,2.8,8,12.5,0,0.0,4,13.8,RB,McLaJa00
3008,Jordan Mims,1.80,16,Sun,6,6,2024-10-13,25-119,NOR,,TAM,L 27-51,1.80,3.80,3.8,2.8,16,22.9,0,0.0,2,5.4,RB,MimsJo00
3009,Zack Moss,1.80,5,Sun,13,13,2022-12-04,24-354,IND,@,DAL,L 19-54,1.80,1.80,1.8,1.8,5,6.9,0,0.0,0,0.0,RB,MossZa00
3010,Dare Ogunbowale,1.80,15,Wed,16,17,2024-12-25,30-235,HOU,,BAL,L 2-31,1.80,2.80,2.8,2.3,15,26.8,0,0.0,19,79.2,RB,OgunDa00
3011,Isiah Pacheco,1.80,10,Sun,6,6,2022-10-16,23-228,KAN,,BUF,L 20-24,1.80,3.80,3.8,2.8,10,14.9,0,0.0,8,34.8,RB,PachIs00
3012,Isiah Pacheco,1.80,20,Wed,16,17,2024-12-25,25-298,KAN,@,PIT,W 29-10,1.80,1.80,1.8,1.8,20,32.3,0,0.0,0,0.0,RB,PachIs00
3013,Dameon Pierce,1.80,11,Sun,11,12,2023-11-26,23-280,HOU,,JAX,L 21-24,1.80,2.80,2.8,2.3,11,18.3,0,0.0,0,0.0,RB,PierDa01
3014,Craig Reynolds,1.80,13,Sun,3,3,2022-09-25,26-102,DET,@,MIN,L 24-28,1.80,2.80,2.8,2.3,13,16.7,0,0.0,8,28.6,RB,ReynCr00
3015,Miles Sanders,1.80,7,Sun,17,18,2024-01-07,26-251,CAR,,TAM,L 0-9,1.80,1.80,1.8,1.8,7,13.5,0,0.0,0,0.0,RB,SandMi01
3016,J.J. Taylor,1.80,16,Sun,4,4,2024-09-29,26-269,HOU,,JAX,W 24-20,1.80,1.80,1.8,1.8,16,21.3,0,0.0,2,6.9,RB,TaylJJ01
3017,Jaylen Warren,1.80,25,Sun,1,1,2023-09-10,24-313,PIT,,SFO,L 7-30,1.80,6.80,6.8,4.3,25,39.7,0,0.0,7,26.9,RB,WarrJa01
3018,Jaylen Warren,1.80,25,Sun,6,6,2024-10-13,25-347,PIT,@,LVR,W 32-13,1.80,4.80,4.8,3.3,25,37.3,0,0.0,2,8.0,RB,WarrJa01
3019,Dwayne Washington,1.80,4,Sun,2,2,2022-09-18,28-147,NOR,,TAM,L 10-20,1.80,1.80,1.8,1.8,4,5.9,0,0.0,18,69.2,RB,WashDw00
3020,Jordan Wilkins,1.80,3,Sun,10,10,2022-11-13,28-118,IND,@,LVR,W 25-20,1.80,1.80,1.8,1.8,3,4.6,0,0.0,0,0.0,RB,WilkJo01
3021,Jaylen Wright,1.80,3,Sun,7,8,2024-10-27,21-209,MIA,,ARI,L 27-28,1.80,1.80,1.8,1.8,3,4.6,0,0.0,0,0.0,RB,WrigJa04
3022,Jaylen Wright,1.80,9,Sun,8,9,2024-11-03,21-216,MIA,@,BUF,L 27-30,1.80,1.80,1.8,1.8,9,14.8,0,0.0,1,4.0,RB,WrigJa04
3023,Ameer Abdullah,1.70,8,Thu,13,14,2022-12-08,29-178,LVR,@,LAR,L 16-17,1.70,3.70,3.7,2.7,8,13.3,0,0.0,12,48.0,RB,AbduAm00
3024,De'Von Achane,1.70,11,Sun,5,5,2024-10-06,22-359,MIA,@,NWE,W 15-10,1.70,2.70,2.7,2.2,11,14.1,0,0.0,0,0.0,RB,AchaDe00
3025,Salvon Ahmed,1.70,19,Sun,8,8,2023-10-29,24-303,MIA,,NWE,W 31-17,1.70,5.70,5.7,3.7,19,24.7,0,0.0,12,46.2,RB,AhmeSa01
3026,Braelon Allen,1.70,9,Mon,1,1,2024-09-09,20-233,NYJ,@,SFO,L 19-32,1.70,2.70,2.7,2.2,9,17.6,0,0.0,16,61.5,RB,AlleBr05
3027,Trey Benson,1.70,22,Sun,2,2,2024-09-15,22-056,ARI,,LAR,W 41-10,1.70,2.70,2.7,2.2,22,33.3,0,0.0,0,0.0,RB,BensTr01
3028,Matt Breida,1.70,8,Sun,8,8,2023-10-29,28-243,NYG,,NYJ,L 10-13 (OT),1.70,2.70,2.7,2.2,8,10.7,0,0.0,4,10.8,RB,BreiMa00
3029,Chris Brooks,1.70,17,Sun,8,8,2024-10-27,24-290,GNB,@,JAX,W 30-27,1.70,2.70,2.7,2.2,17,24.3,0,0.0,14,42.4,RB,BrooCh00
3030,Malcolm Brown,1.70,18,Thu,13,14,2022-12-08,29-207,LAR,,LVR,W 17-16,1.70,3.70,3.7,2.7,18,28.1,0,0.0,9,36.0,RB,BrowMa03
3031,Rex Burkhead,1.70,12,Sun,14,15,2022-12-18,32-169,HOU,,KAN,L 24-30 (OT),1.70,3.70,3.7,2.7,12,19.0,0,0.0,4,14.3,RB,BurkRe00
3032,Michael Carter,1.70,25,Sun,10,11,2022-11-20,23-197,NYJ,@,NWE,L 3-10,1.70,2.70,2.7,2.2,25,50.0,0,0.0,2,6.7,RB,CartMi03
3033,Julius Chestnut,1.70,25,Sun,16,17,2024-12-29,24-064,TEN,@,JAX,L 13-20,1.70,1.70,1.7,1.7,25,36.2,0,0.0,10,47.6,RB,ChesJu00
3034,Dalvin Cook,1.70,24,Sun,17,18,2023-01-08,27-151,MIN,@,CHI,W 29-13,1.70,2.70,3.7,2.2,24,33.8,0,0.0,0,0.0,RB,CookDa01
3035,Emari Demercado,1.70,33,Sun,6,6,2023-10-15,24-268,ARI,@,LAR,L 9-26,1.70,2.70,2.7,2.2,33,43.4,0,0.0,7,25.9,RB,DemeEm00
3036,Rico Dowdle,1.70,6,Sun,4,4,2023-10-01,25-109,DAL,,NWE,W 38-3,1.70,2.70,2.7,2.2,6,8.6,0,0.0,7,26.9,RB,DowdRi01
3037,Chase Edmonds,1.70,18,Sun,7,7,2022-10-23,26-193,MIA,,PIT,W 16-10,1.70,1.70,1.7,1.7,18,29.0,0,0.0,1,3.8,RB,EdmoCh00
3038,Clyde Edwards-Helaire,1.70,11,Sun,2,2,2023-09-17,24-159,KAN,@,JAX,W 17-9,1.70,3.70,3.7,2.7,11,16.4,0,0.0,0,0.0,RB,EdwaCl00
3039,Ezekiel Elliott,1.70,23,Sun,5,5,2024-10-06,29-076,DAL,@,PIT,W 20-17,1.70,1.70,1.7,1.7,23,30.3,0,0.0,0,0.0,RB,ElliEz00
3040,Ezekiel Elliott,1.70,28,Sun,6,6,2024-10-13,29-083,DAL,,DET,L 9-47,1.70,1.70,1.7,1.7,28,40.6,0,0.0,0,0.0,RB,ElliEz00
3041,Kenneth Gainwell,1.70,15,Sun,16,17,2023-01-01,23-293,PHI,,NOR,L 10-20,1.70,3.70,3.7,2.7,15,27.3,0,0.0,0,0.0,RB,GainKe00
3042,Kenneth Gainwell,1.70,29,Sun,6,6,2023-10-15,24-215,PHI,@,NYJ,L 14-20,1.70,2.70,2.7,2.2,29,41.4,0,0.0,0,0.0,RB,GainKe00
3043,Hassan Haskins,1.70,15,Sat,15,16,2022-12-24,23-028,TEN,,HOU,L 14-19,1.70,3.70,3.7,2.7,15,24.6,0,0.0,13,54.2,RB,HaskHa00
3044,Darrell Henderson,1.70,24,Sun,3,3,2022-09-25,25-037,LAR,@,ARI,W 20-12,1.70,1.70,1.7,1.7,24,50.0,0,0.0,0,0.0,RB,HendDa00
3045,Caleb Huntley,1.70,5,Sun,13,13,2022-12-04,24-080,ATL,,PIT,L 16-19,1.70,1.70,1.7,1.7,5,9.3,0,0.0,0,0.0,RB,HuntCa02
3046,D'Ernest Johnson,1.70,8,Mon,8,8,2022-10-31,26-246,CLE,,CIN,W 32-13,1.70,1.70,1.7,1.7,8,11.1,0,0.0,10,43.5,RB,JohnDE04
3047,D'Ernest Johnson,1.70,6,Sun,2,2,2023-09-17,27-202,JAX,,KAN,L 9-17,1.70,2.70,2.7,2.2,6,9.0,0,0.0,14,63.6,RB,JohnDE04
3048,Ty Johnson,1.70,7,Sun,9,9,2022-11-06,25-050,NYJ,,BUF,W 20-17,1.70,1.70,1.7,1.7,7,11.7,0,0.0,11,47.8,RB,JohnTy02
3049,Aaron Jones,1.70,15,Sun,10,11,2023-11-19,28-352,GNB,,LAC,W 23-20,1.70,2.70,2.7,2.2,15,20.8,0,0.0,0,0.0,RB,JoneAa00
3050,Joshua Kelley,1.70,48,Sun,3,3,2023-09-24,25-308,LAC,@,MIN,W 28-24,1.70,2.70,2.7,2.2,48,72.7,0,0.0,0,0.0,RB,KellJo01
3051,Alexander Mattison,1.70,15,Sat,15,16,2022-12-24,24-188,MIN,,NYG,W 27-24,1.70,1.70,1.7,1.7,15,20.8,0,0.0,6,20.7,RB,MattAl01
3052,Jase McClellan,1.70,6,Sun,7,7,2024-10-20,22-117,ATL,,SEA,L 14-34,1.70,1.70,1.7,1.7,6,8.2,0,0.0,1,3.8,RB,McClJa05
3053,Ty Montgomery,1.70,6,Thu,13,14,2023-12-07,30-319,NWE,@,PIT,W 21-18,1.70,2.70,2.7,2.2,6,10.5,0,0.0,17,60.7,RB,MontTy01
3054,Zack Moss,1.70,13,Mon,2,2,2022-09-19,24-278,BUF,,TEN,W 41-7,1.70,1.70,1.7,1.7,13,19.1,0,0.0,0,0.0,RB,MossZa00
3055,Latavius Murray,1.70,16,Mon,1,1,2023-09-11,33-236,BUF,@,NYJ,L 16-22 (OT),1.70,2.70,2.7,2.2,16,23.2,0,0.0,0,0.0,RB,MurrLa00
3056,Dare Ogunbowale,1.70,15,Sun,14,15,2023-12-17,29-227,HOU,@,TEN,W 19-16 (OT),1.70,1.70,1.7,1.7,15,19.5,0,0.0,22,71.0,RB,OgunDa00
3057,Cordarrelle Patterson,1.70,21,Sun,12,13,2023-12-03,32-261,ATL,@,NYJ,W 13-8,1.70,2.70,2.7,2.2,21,30.9,0,0.0,3,10.7,RB,PattCo00
3058,Samaje Perine,1.70,13,Mon,8,8,2022-10-31,27-045,CIN,@,CLE,L 13-32,1.70,4.70,4.7,3.2,13,24.5,0,0.0,13,56.5,RB,PeriSa00
3059,Dameon Pierce,1.70,43,Sun,10,11,2022-11-20,22-274,HOU,,WAS,L 10-23,1.70,3.70,3.7,2.7,43,76.8,0,0.0,0,0.0,RB,PierDa01
3060,James Robinson,1.70,13,Sun,8,8,2022-10-30,24-082,NYJ,,NWE,L 17-22,1.70,1.70,1.7,1.7,13,22.0,0,0.0,0,0.0,RB,RobiJa00
3061,Devin Singletary,1.70,16,Sun,17,18,2025-01-05,27-124,NYG,@,PHI,L 13-20,1.70,2.70,2.7,2.2,16,30.2,0,0.0,0,0.0,RB,SingDe00
3062,Carson Steele,1.70,14,Sun,6,7,2024-10-20,21-365,KAN,@,SFO,W 28-18,1.70,1.70,1.7,1.7,14,20.0,0,0.0,3,12.5,RB,SteeCa00
3063,J.J. Taylor,1.70,17,Sun,9,9,2022-11-06,24-306,NWE,,IND,W 26-3,1.70,2.70,2.7,2.2,17,27.0,0,0.0,0,0.0,RB,TaylJJ01
3064,Patrick Taylor,1.70,5,Sun,15,16,2022-12-25,24-240,GNB,@,MIA,W 26-20,1.70,2.70,2.7,2.2,5,7.6,0,0.0,7,26.9,RB,TaylPa01
3065,Sean Tucker,1.70,6,Sun,4,4,2024-09-29,22-340,TAM,,PHI,W 33-16,1.70,2.70,2.7,2.2,6,7.8,0,0.0,12,44.4,RB,TuckSe00
3066,Sean Tucker,1.70,7,Mon,9,9,2024-11-04,23-010,TAM,@,KAN,L 24-30 (OT),1.70,2.70,2.7,2.2,7,12.7,0,0.0,12,42.9,RB,TuckSe00
3067,Sean Tucker,1.70,8,Sun,14,15,2024-12-15,23-051,TAM,@,LAC,W 40-17,1.70,1.70,1.7,1.7,8,11.1,0,0.0,5,18.5,RB,TuckSe00
3068,Sione Vaki,1.70,4,Sun,2,2,2024-09-15,23-047,DET,,TAM,L 16-20,1.70,2.70,2.7,2.2,4,4.7,0,0.0,18,69.2,RB,VakiSi00
3069,Deuce Vaughn,1.70,10,Sun,2,2,2024-09-15,22-318,DAL,,NOR,L 19-44,1.70,2.70,2.7,2.2,10,14.3,0,0.0,1,3.7,RB,VaugDe00
3070,Deuce Vaughn,1.70,16,Mon,10,11,2024-11-18,23-016,DAL,,HOU,L 10-34,1.70,2.70,2.7,2.2,16,19.3,0,0.0,4,14.8,RB,VaugDe00
3071,Kenneth Walker III,1.70,24,Sun,8,9,2023-11-05,23-016,SEA,@,BAL,L 3-37,1.70,2.70,2.7,2.2,24,49.0,0,0.0,0,0.0,RB,WalkKe00
3072,Jamaal Williams,1.70,12,Thu,7,7,2024-10-17,29-197,NOR,,DEN,L 10-33,1.70,1.70,1.7,1.7,12,17.1,0,0.0,6,20.7,RB,WillJa06
3073,Emanuel Wilson,1.70,3,Sun,10,11,2024-11-17,25-193,GNB,@,CHI,W 20-19,1.70,1.70,1.7,1.7,3,6.5,0,0.0,0,0.0,RB,WilsEm00
3074,Jaylen Wright,1.70,13,Sun,3,3,2024-09-22,21-174,MIA,@,SEA,L 3-24,1.70,1.70,1.7,1.7,13,21.3,0,0.0,0,0.0,RB,WrigJa04
3075,Israel Abanikanda,1.60,10,Sun,10,11,2023-11-19,21-045,NYJ,@,BUF,L 6-32,1.60,2.60,2.6,2.1,10,17.5,0,0.0,3,11.1,RB,AbanIs00
3076,Ameer Abdullah,1.60,12,Sun,3,3,2023-09-24,30-103,LVR,,PIT,L 18-23,1.60,3.60,3.6,2.6,12,16.7,0,0.0,18,62.1,RB,AbduAm00
3077,Tank Bigsby,1.60,9,Sun,17,18,2024-01-07,22-130,JAX,@,TEN,L 20-28,1.60,1.60,1.6,1.6,9,12.7,0,0.0,9,40.9,RB,BigsTa00
3078,Mike Boone,1.60,20,Sun,17,18,2025-01-05,29-189,CAR,@,ATL,W 44-38 (OT),1.60,2.60,2.6,2.1,20,29.9,0,0.0,8,25.8,RB,BoonMi00
3079,Matt Breida,1.60,10,Sun,12,12,2023-11-26,28-271,NYG,,NWE,W 10-7,1.60,2.60,2.6,2.1,10,19.2,0,0.0,9,39.1,RB,BreiMa00
3080,Matt Breida,1.60,10,Mon,13,14,2023-12-11,28-286,NYG,,GNB,W 24-22,1.60,1.60,1.6,1.6,10,17.9,0,0.0,11,40.7,RB,BreiMa00
3081,Zach Charbonnet,1.60,27,Mon,14,15,2023-12-18,22-344,SEA,,PHI,W 20-17,1.60,1.60,1.6,1.6,27,44.3,0,0.0,0,0.0,RB,CharZa00
3082,Clyde Edwards-Helaire,1.60,9,Thu,6,6,2023-10-12,24-184,KAN,,DEN,W 19-8,1.60,2.60,2.6,2.1,9,12.7,0,0.0,0,0.0,RB,EdwaCl00
3083,Gus Edwards,1.60,5,Sun,17,18,2023-01-08,27-270,BAL,@,CIN,L 16-27,1.60,1.60,1.6,1.6,5,6.4,0,0.0,0,0.0,RB,EdwaGu00
3084,Darrynton Evans,1.60,5,Fri,11,12,2023-11-24,25-138,MIA,@,NYJ,W 34-13,1.60,1.60,1.6,1.6,5,7.1,0,0.0,8,33.3,RB,EvanDa02
3085,Anthony Firkser,1.60,22,Sun,12,12,2022-11-27,27-281,ATL,@,WAS,L 13-19,1.60,2.60,2.6,2.1,22,38.6,0,0.0,0,0.0,FB,FirkAn00
3086,Jerome Ford,1.60,30,Sun,1,1,2023-09-10,23-363,CLE,,CIN,W 24-3,1.60,1.60,2.6,1.6,30,40.5,0,0.0,2,6.5,RB,FordJe00
3087,Royce Freeman,1.60,17,Sun,14,15,2023-12-17,27-296,LAR,,WAS,W 28-20,1.60,1.60,1.6,1.6,17,22.7,0,0.0,13,48.1,RB,FreeRo00
3088,Damien Harris,1.60,11,Thu,11,12,2022-11-24,25-286,NWE,@,MIN,L 26-33,1.60,1.60,1.6,1.6,11,20.0,0,0.0,0,0.0,RB,HarrDa06
3089,Hassan Haskins,1.60,15,Sat,17,18,2023-01-07,23-042,TEN,@,JAX,L 16-20,1.60,3.60,3.6,2.6,15,20.0,0,0.0,14,58.3,RB,HaskHa00
3090,Dontrell Hilliard,1.60,20,Sun,12,13,2022-12-04,27-281,TEN,@,PHI,L 10-35,1.60,3.60,3.6,2.6,20,36.4,0,0.0,11,37.9,RB,HillDo00
3091,Justice Hill,1.60,21,Sun,2,2,2022-09-18,24-308,BAL,,MIA,L 38-42,1.60,1.60,1.6,1.6,21,35.6,0,0.0,18,60.0,RB,HillJu00
3092,Alec Ingold,1.60,26,Sun,2,2,2022-09-18,26-071,MIA,@,BAL,W 42-38,1.60,3.60,3.6,2.6,26,36.6,0,0.0,9,30.0,FB,IngoAl01
3093,Alec Ingold,1.60,34,Sun,10,11,2023-11-19,27-133,MIA,,LVR,W 20-13,1.60,4.60,4.6,3.1,34,48.6,0,0.0,3,11.5,FB,IngoAl01
3094,Keaontay Ingram,1.60,29,Sun,8,8,2023-10-29,24-003,ARI,,BAL,L 24-31,1.60,2.60,2.6,2.1,29,37.7,0,0.0,4,14.3,RB,IngrKe01
3095,Joshua Kelley,1.60,22,Sun,9,10,2023-11-12,25-357,LAC,,DET,L 38-41,1.60,1.60,1.6,1.6,22,30.6,0,0.0,0,0.0,RB,KellJo01
3096,Kendre Miller,1.60,10,Sun,8,8,2024-10-27,22-138,NOR,@,LAC,L 8-26,1.60,1.60,1.6,1.6,10,13.7,0,0.0,5,14.7,RB,MillKe01
3097,Ty Montgomery,1.60,7,Sun,1,1,2023-09-10,30-231,NWE,,PHI,L 20-25,1.60,3.60,3.6,2.6,7,8.8,0,0.0,12,41.4,RB,MontTy01
3098,Zack Moss,1.60,22,Thu,1,1,2022-09-08,24-267,BUF,@,LAR,W 31-10,1.60,7.60,8.6,4.6,22,37.3,0,0.0,0,0.0,RB,MossZa00
3099,Rashaad Penny,1.60,20,Sun,17,18,2024-01-07,27-339,PHI,@,NYG,L 10-27,1.60,1.60,1.6,1.6,20,30.8,0,0.0,0,0.0,RB,PennRa00
3100,Samaje Perine,1.60,14,Sun,6,6,2022-10-16,27-030,CIN,@,NOR,W 30-26,1.60,3.60,3.6,2.6,14,24.6,0,0.0,18,62.1,RB,PeriSa00
3101,Dameon Pierce,1.60,34,Sun,11,12,2022-11-27,22-281,HOU,@,MIA,L 15-30,1.60,4.60,4.6,3.1,34,55.7,0,0.0,0,0.0,RB,PierDa01
3102,Dameon Pierce,1.60,9,Sun,1,1,2024-09-08,24-202,HOU,@,IND,W 29-27,1.60,1.60,1.6,1.6,9,11.4,0,0.0,5,20.0,RB,PierDa01
3103,Ronnie Rivers,1.60,7,Sun,1,1,2024-09-08,25-221,LAR,@,DET,L 20-26 (OT),1.60,1.60,1.6,1.6,7,9.0,0,0.0,4,15.4,RB,RiveRo01
3104,Brian Robinson Jr.,1.60,23,Sun,17,18,2025-01-05,25-289,WAS,@,DAL,W 23-19,1.60,2.60,2.6,2.1,23,39.7,0,0.0,0,0.0,RB,RobiBr01
3105,Boston Scott,1.60,10,Sun,6,6,2022-10-16,27-172,PHI,,DAL,W 26-17,1.60,1.60,1.6,1.6,10,14.1,0,0.0,6,25.0,RB,ScotBo02
3106,Boston Scott,1.60,5,Sun,6,6,2023-10-15,28-171,PHI,@,NYJ,L 14-20,1.60,2.60,2.6,2.1,5,7.1,0,0.0,11,50.0,RB,ScotBo02
3107,Sean Tucker,1.60,5,Sun,17,18,2025-01-05,23-072,TAM,,NOR,W 27-19,1.60,1.60,1.6,1.6,5,7.5,0,0.0,10,35.7,RB,TuckSe00
3108,Kimani Vidal,1.60,11,Sun,7,8,2024-10-27,23-060,LAC,,NOR,W 26-8,1.60,1.60,1.6,1.6,11,16.7,0,0.0,0,0.0,RB,VidaKi00
3109,Kenneth Walker III,1.60,7,Sun,10,11,2023-11-19,23-030,SEA,@,LAR,L 16-17,1.60,2.60,2.6,2.1,7,10.8,0,0.0,0,0.0,RB,WalkKe00
3110,Jamaal Williams,1.60,22,Sun,12,13,2023-12-03,28-244,NOR,,DET,L 28-33,1.60,2.60,2.6,2.1,22,32.8,0,0.0,0,0.0,RB,WillJa06
3111,Javonte Williams,1.60,37,Sun,6,6,2024-10-13,24-171,DEN,,LAC,L 16-23,1.60,4.60,5.6,3.1,37,67.3,0,0.0,0,0.0,RB,WillJa10
3112,Ameer Abdullah,1.50,11,Mon,5,5,2023-10-09,30-118,LVR,,GNB,W 17-13,1.50,2.50,2.5,2.0,11,17.2,0,0.0,12,50.0,RB,AbduAm00
3113,Cam Akers,1.50,13,Sun,2,2,2024-09-15,25-085,HOU,,CHI,W 19-13,1.50,2.50,3.5,2.0,13,21.0,0,0.0,0,0.0,RB,AkerCa00
3114,Cam Akers,1.50,9,Sun,6,6,2023-10-15,24-115,MIN,@,CHI,W 19-13,1.50,2.50,2.5,2.0,9,15.8,0,0.0,0,0.0,RB,AkerCa00
3115,Matt Breida,1.50,14,Sun,8,8,2022-10-30,27-244,NYG,@,SEA,L 13-27,1.50,2.50,2.5,2.0,14,21.5,0,0.0,11,36.7,RB,BreiMa00
3116,Matt Breida,1.50,18,Thu,11,12,2022-11-24,27-269,NYG,@,DAL,L 20-28,1.50,2.50,2.5,2.0,18,28.1,0,0.0,5,21.7,RB,BreiMa00
3117,Matt Breida,1.50,23,Sun,13,14,2022-12-11,27-286,NYG,,PHI,L 22-48,1.50,3.50,3.5,2.5,23,35.9,0,0.0,6,19.4,RB,BreiMa00
3118,Chris Brooks,1.50,16,Sun,14,15,2024-12-15,24-339,GNB,@,SEA,W 30-13,1.50,2.50,2.5,2.0,16,25.0,0,0.0,14,48.3,RB,BrooCh00
3119,Rex Burkhead,1.50,13,Thu,8,9,2022-11-03,32-124,HOU,,PHI,L 17-29,1.50,2.50,2.5,2.0,13,21.7,0,0.0,0,0.0,RB,BurkRe00
3120,James Cook,1.50,24,Sun,13,14,2022-12-11,23-077,BUF,,NYJ,W 20-12,1.50,2.50,2.5,2.0,24,40.7,0,0.0,0,0.0,RB,CookJa01
3121,Blake Corum,1.50,5,Mon,9,10,2024-11-11,23-352,LAR,,MIA,L 15-23,1.50,2.50,2.5,2.0,5,7.1,0,0.0,8,28.6,RB,CoruBl00
3122,DeeJay Dallas,1.50,9,Sun,11,12,2022-11-27,24-072,SEA,,LVR,L 34-40 (OT),1.50,3.50,3.5,2.5,9,13.8,0,0.0,21,61.8,RB,DallDe00
3123,DeeJay Dallas,1.50,12,Sun,14,15,2024-12-15,26-090,ARI,,NWE,W 30-17,1.50,1.50,1.5,1.5,12,17.1,0,0.0,15,60.0,RB,DallDe00
3124,Emari Demercado,1.50,14,Sun,12,12,2023-11-26,24-310,ARI,,LAR,L 14-37,1.50,1.50,1.5,1.5,14,19.7,0,0.0,7,25.0,RB,DemeEm00
3125,Emari Demercado,1.50,22,Sun,12,13,2024-12-01,25-316,ARI,@,MIN,L 22-23,1.50,2.50,2.5,2.0,22,26.8,0,0.0,0,0.0,RB,DemeEm00
3126,Emari Demercado,1.50,8,Sun,13,14,2024-12-08,25-323,ARI,,SEA,L 18-30,1.50,5.50,5.5,3.5,8,11.3,0,0.0,4,13.8,RB,DemeEm00
3127,AJ Dillon,1.50,16,Sun,7,7,2022-10-23,24-174,GNB,@,WAS,L 21-23,1.50,1.50,1.5,1.5,16,29.6,0,0.0,0,0.0,RB,DillAJ00
3128,J.K. Dobbins,1.50,16,Sun,6,6,2022-10-16,23-303,BAL,@,NYG,L 20-24,1.50,1.50,1.5,1.5,16,27.1,0,0.0,0,0.0,RB,DobbJK00
3129,Rico Dowdle,1.50,10,Sun,5,5,2023-10-08,25-116,DAL,@,SFO,L 10-42,1.50,1.50,1.5,1.5,10,20.4,0,0.0,10,37.0,RB,DowdRi01
3130,Gus Edwards,1.50,20,Sun,13,14,2023-12-10,28-241,BAL,,LAR,W 37-31 (OT),1.50,1.50,1.5,1.5,20,27.8,0,0.0,0,0.0,RB,EdwaGu00
3131,Audric Estime,1.50,5,Sun,12,12,2024-11-24,21-079,DEN,@,LVR,W 29-19,1.50,1.50,1.5,1.5,5,7.4,0,0.0,5,14.7,RB,EstiAu00
3132,Royce Freeman,1.50,27,Sun,17,18,2024-01-07,27-317,LAR,@,SFO,W 21-20,1.50,2.50,2.5,2.0,27,40.3,0,0.0,12,63.2,RB,FreeRo00
3133,Eric Gray,1.50,7,Sun,1,1,2024-09-08,24-309,NYG,,MIN,L 6-28,1.50,2.50,2.5,2.0,7,9.9,0,0.0,8,33.3,RB,GrayEr01
3134,C.J. Ham,1.50,13,Sun,3,3,2022-09-25,29-065,MIN,,DET,W 28-24,1.50,3.50,3.5,2.5,13,18.1,0,0.0,16,57.1,FB,HamxC.00
3135,C.J. Ham,1.50,14,Sun,16,17,2024-12-29,31-160,MIN,,GNB,W 27-25,1.50,3.50,3.5,2.5,14,19.4,0,0.0,16,59.3,FB,HamxC.00
3136,Damien Harris,1.50,9,Sun,3,3,2023-09-24,26-225,BUF,@,WAS,W 37-3,1.50,1.50,1.5,1.5,9,13.2,0,0.0,2,9.1,RB,HarrDa06
3137,Hassan Haskins,1.50,12,Sun,14,15,2022-12-18,23-022,TEN,@,LAC,L 14-17,1.50,3.50,3.5,2.5,12,19.4,0,0.0,13,48.1,RB,HaskHa00
3138,Jamycal Hasty,1.50,10,Sun,4,4,2024-09-29,28-017,NWE,@,SFO,L 13-30,1.50,1.50,1.5,1.5,10,15.6,0,0.0,13,50.0,RB,HastJa02
3139,Jamycal Hasty,1.50,11,Sun,12,12,2024-11-24,28-073,NWE,@,MIA,L 15-34,1.50,3.50,3.5,2.5,11,15.9,0,0.0,11,39.3,RB,HastJa02
3140,Jamycal Hasty,1.50,16,Sun,14,15,2022-12-18,26-097,JAX,,DAL,W 40-34 (OT),1.50,2.50,2.5,2.0,16,22.9,0,0.0,8,24.2,RB,HastJa02
3141,Khalil Herbert,1.50,28,Sun,3,3,2023-09-24,25-156,CHI,@,KAN,L 10-41,1.50,3.50,4.5,2.5,28,54.9,0,0.0,0,0.0,RB,HerbKh00
3142,Kareem Hunt,1.50,27,Fri,12,13,2024-11-29,29-115,KAN,,LVR,W 19-17,1.50,3.50,3.5,2.5,27,38.0,0,0.0,0,0.0,RB,HuntKa00
3143,Alec Ingold,1.50,25,Sun,12,13,2022-12-04,26-148,MIA,@,SFO,L 17-33,1.50,4.50,4.5,3.0,25,54.3,0,0.0,12,40.0,FB,IngoAl01
3144,Alec Ingold,1.50,18,Thu,12,13,2024-11-28,28-142,MIA,@,GNB,L 17-30,1.50,3.50,3.5,2.5,18,25.4,0,0.0,0,0.0,FB,IngoAl01
3145,Roschon Johnson,1.50,16,Sun,4,4,2023-10-01,22-243,CHI,,DEN,L 28-31,1.50,2.50,2.5,2.0,16,22.2,0,0.0,11,42.3,RB,JohnRo07
3146,Roschon Johnson,1.50,20,Sun,9,9,2023-11-05,22-278,CHI,@,NOR,L 17-24,1.50,2.50,2.5,2.0,20,29.4,0,0.0,13,54.2,RB,JohnRo07
3147,Ty Johnson,1.50,21,Sun,5,5,2024-10-06,27-019,BUF,@,HOU,L 20-23,1.50,1.50,1.5,1.5,21,34.4,0,0.0,12,38.7,RB,JohnTy02
3148,Joshua Kelley,1.50,14,Sun,4,4,2022-10-02,24-316,LAC,@,HOU,W 34-24,1.50,1.50,1.5,1.5,14,20.0,0,0.0,18,62.1,RB,KellJo01
3149,Hunter Luepke,1.50,22,Sun,17,18,2025-01-05,24-312,DAL,,WAS,L 19-23,1.50,1.50,1.5,1.5,22,28.2,0,0.0,10,35.7,RB,LuepHu00
3150,Jase McClellan,1.50,13,Sun,11,11,2024-11-17,22-145,ATL,@,DEN,L 6-38,1.50,1.50,1.5,1.5,13,22.0,0,0.0,7,26.9,RB,McClJa05
3151,Jerick McKinnon,1.50,24,Mon,10,11,2023-11-20,31-201,KAN,,PHI,L 17-21,1.50,3.50,3.5,2.5,24,30.4,0,0.0,16,61.5,RB,McKiJe00
3152,Jaleel McLaughlin,1.50,13,Sun,3,3,2023-09-24,23-011,DEN,@,MIA,L 20-70,1.50,1.50,1.5,1.5,13,21.0,0,0.0,5,13.9,RB,McLaJa00
3153,Jaleel McLaughlin,1.50,8,Sun,10,11,2023-11-19,23-067,DEN,,MIN,W 21-20,1.50,6.50,6.5,4.0,8,14.5,0,0.0,6,22.2,RB,McLaJa00
3154,Dare Ogunbowale,1.50,11,Sun,12,13,2023-12-03,29-213,HOU,,DEN,W 22-17,1.50,2.50,2.5,2.0,11,16.2,0,0.0,22,68.8,RB,OgunDa00
3155,Rashaad Penny,1.50,20,Sun,2,2,2022-09-18,26-228,SEA,@,SFO,L 7-27,1.50,1.50,1.5,1.5,20,40.8,0,0.0,0,0.0,RB,PennRa00
3156,Samaje Perine,1.50,18,Fri,12,13,2024-11-29,29-074,KAN,,LVR,W 19-17,1.50,2.50,2.5,2.0,18,25.4,0,0.0,9,29.0,RB,PeriSa00
3157,Craig Reynolds,1.50,20,Sun,3,3,2023-09-24,27-101,DET,,ATL,W 20-6,1.50,1.50,1.5,1.5,20,28.6,0,0.0,13,48.1,RB,ReynCr00
3158,Will Shipley,1.50,9,Sun,6,7,2024-10-20,22-052,PHI,@,NYG,W 28-3,1.50,1.50,1.5,1.5,9,13.6,0,0.0,24,75.0,RB,ShipWi00
3159,Devin Singletary,1.50,16,Sun,1,1,2023-09-10,26-007,HOU,@,BAL,L 9-25,1.50,1.50,1.5,1.5,16,20.8,0,0.0,0,0.0,RB,SingDe00
3160,Pierre Strong,1.50,42,Sun,7,7,2024-10-20,25-315,CLE,,CIN,L 14-21,1.50,2.50,2.5,2.0,42,50.0,0,0.0,9,32.1,RB,StroPi00
3161,Patrick Taylor,1.50,9,Mon,14,15,2022-12-19,24-234,GNB,,LAR,W 24-12,1.50,1.50,1.5,1.5,9,12.7,0,0.0,5,23.8,RB,TaylPa01
3162,Patrick Taylor,1.50,27,Thu,11,12,2023-11-23,25-208,GNB,@,DET,W 29-22,1.50,2.50,2.5,2.0,27,48.2,0,0.0,14,60.9,RB,TaylPa01
3163,Sean Tucker,1.50,7,Sun,8,8,2024-10-27,23-002,TAM,,ATL,L 26-31,1.50,2.50,2.5,2.0,7,9.6,0,0.0,9,33.3,RB,TuckSe00
3164,Ke'Shawn Vaughn,1.50,9,Sun,11,12,2022-11-27,25-207,TAM,@,CLE,L 17-23 (OT),1.50,1.50,1.5,1.5,9,13.0,0,0.0,15,48.4,RB,VaugKe00
3165,Kenneth Walker III,1.50,12,Sun,2,2,2022-09-18,21-333,SEA,@,SFO,L 7-27,1.50,3.50,3.5,2.5,12,24.5,0,0.0,0,0.0,RB,WalkKe00
3166,Jaylen Warren,1.50,17,Sun,2,2,2022-09-18,23-321,PIT,,NWE,L 14-17,1.50,2.50,2.5,2.0,17,28.8,0,0.0,8,36.4,RB,WarrJa01
3167,Jaylen Warren,1.50,23,Sun,14,15,2024-12-15,26-044,PIT,@,PHI,L 13-27,1.50,2.50,2.5,2.0,23,53.5,0,0.0,6,24.0,RB,WarrJa01
3168,Rachaad White,1.50,10,Sun,17,18,2023-01-08,23-361,TAM,@,ATL,L 17-30,1.50,1.50,1.5,1.5,10,18.2,0,0.0,0,0.0,RB,WhitRa01
3169,Zamir White,1.50,7,Sun,4,4,2023-10-01,24-013,LVR,@,LAC,L 17-24,1.50,1.50,1.5,1.5,7,9.6,0,0.0,4,16.0,RB,WhitZa01
3170,Avery Williams,1.50,23,Sun,1,1,2022-09-11,24-058,ATL,,NOR,L 26-27,1.50,2.50,2.5,2.0,23,30.7,0,0.0,16,50.0,RB,WillAv02
3171,Jamaal Williams,1.50,5,Sun,13,14,2024-12-08,29-249,NOR,@,NYG,W 14-11,1.50,3.50,3.5,2.5,5,7.4,0,0.0,11,37.9,RB,WillJa06
3172,Emanuel Wilson,1.50,15,Sun,5,5,2024-10-06,25-151,GNB,@,LAR,W 24-19,1.50,2.50,2.5,2.0,15,25.4,0,0.0,0,0.0,RB,WilsEm00
3173,Ameer Abdullah,1.40,15,Sun,14,15,2022-12-18,29-188,LVR,,NWE,W 30-24,1.40,3.40,3.4,2.4,15,22.1,0,0.0,21,65.6,RB,AbduAm00
3174,Ameer Abdullah,1.40,15,Sun,4,4,2023-10-01,30-110,LVR,@,LAC,L 17-24,1.40,3.40,3.4,2.4,15,20.5,0,0.0,14,56.0,RB,AbduAm00
3175,Raheem Blackshear,1.40,11,Sun,11,11,2022-11-20,23-168,CAR,@,BAL,L 3-13,1.40,3.40,3.4,2.4,11,19.3,0,0.0,8,34.8,RB,BlacRa00
3176,Mike Boone,1.40,3,Sun,14,15,2024-12-15,29-168,CAR,,DAL,L 14-30,1.40,1.40,1.4,1.4,3,5.5,0,0.0,5,20.0,RB,BoonMi00
3177,Gary Brightwell,1.40,1,Sun,2,2,2022-09-18,23-202,NYG,,CAR,W 19-16,1.40,1.40,1.4,1.4,1,1.4,0,0.0,17,56.7,RB,BrigGa00
3178,Dalvin Cook,1.40,9,Sun,6,6,2023-10-15,28-066,NYJ,,PHI,W 20-14,1.40,2.40,2.4,1.9,9,13.8,0,0.0,0,0.0,RB,CookDa01
3179,Blake Corum,1.40,9,Sun,15,16,2024-12-22,24-027,LAR,@,NYJ,W 19-9,1.40,1.40,1.4,1.4,9,17.3,0,0.0,7,43.8,RB,CoruBl00
3180,DeeJay Dallas,1.40,7,Sun,10,11,2023-11-19,25-064,SEA,@,LAR,L 16-17,1.40,2.40,2.4,1.9,7,10.8,0,0.0,15,57.7,RB,DallDe00
3181,Emari Demercado,1.40,6,Mon,7,7,2024-10-21,25-275,ARI,,LAC,W 17-15,1.40,1.40,1.4,1.4,6,10.5,0,0.0,0,0.0,RB,DemeEm00
3182,Emari Demercado,1.40,9,Sun,11,12,2024-11-24,25-309,ARI,@,SEA,L 6-16,1.40,1.40,1.4,1.4,9,15.5,0,0.0,0,0.0,RB,DemeEm00
3183,Chase Edmonds,1.40,16,Sun,8,8,2022-10-30,26-200,MIA,@,DET,W 31-27,1.40,1.40,1.4,1.4,16,23.5,0,0.0,3,12.0,RB,EdmoCh00
3184,Clyde Edwards-Helaire,1.40,17,Sun,12,13,2023-12-03,24-236,KAN,@,GNB,L 19-27,1.40,2.40,2.4,1.9,17,25.4,0,0.0,0,0.0,RB,EdwaCl00
3185,Audric Estime,1.40,3,Sun,1,1,2024-09-08,21-002,DEN,@,SEA,L 20-26,1.40,1.40,1.4,1.4,3,4.3,0,0.0,9,26.5,RB,EstiAu00
3186,Jerome Ford,1.40,4,Sun,6,6,2024-10-13,25-031,CLE,@,PHI,L 16-20,1.40,1.40,1.4,1.4,4,7.0,0,0.0,0,0.0,RB,FordJe00
3187,Kenneth Gainwell,1.40,29,Sun,14,15,2022-12-18,23-279,PHI,@,CHI,W 25-20,1.40,3.40,3.4,2.4,29,39.7,0,0.0,0,0.0,RB,GainKe00
3188,Khalil Herbert,1.40,6,Sun,12,13,2024-12-01,26-224,CIN,,PIT,L 38-44,1.40,1.40,1.4,1.4,6,9.7,0,0.0,7,21.2,RB,HerbKh00
3189,Chuba Hubbard,1.40,12,Thu,10,10,2022-11-10,23-152,CAR,,ATL,W 25-15,1.40,1.40,1.4,1.4,12,18.2,0,0.0,1,3.4,RB,HubbCh01
3190,Chuba Hubbard,1.40,32,Sun,1,1,2024-09-08,25-089,CAR,@,NOR,L 10-47,1.40,1.40,1.4,1.4,32,54.2,0,0.0,0,0.0,RB,HubbCh01
3191,Alec Ingold,1.40,26,Sun,3,3,2024-09-22,28-075,MIA,@,SEA,L 3-24,1.40,4.40,4.4,2.9,26,42.6,0,0.0,13,48.1,FB,IngoAl01
3192,Justin Jackson,1.40,14,Sun,5,5,2022-10-09,26-170,DET,@,NWE,L 0-29,1.40,1.40,1.4,1.4,14,21.2,0,0.0,11,57.9,RB,JackJu01
3193,Ty Johnson,1.40,13,Sun,17,18,2024-01-07,26-112,BUF,@,MIA,W 21-14,1.40,2.40,2.4,1.9,13,16.7,0,0.0,3,16.7,RB,JohnTy02
3194,Aaron Jones,1.40,20,Thu,4,4,2023-09-28,28-300,GNB,,DET,L 20-34,1.40,2.40,2.4,1.9,20,35.1,0,0.0,0,0.0,RB,JoneAa00
3195,Kyle Juszczyk,1.40,26,Sun,7,7,2024-10-20,33-180,SFO,,KAN,L 18-28,1.40,1.40,1.4,1.4,26,41.3,0,0.0,0,0.0,FB,JuszKy00
3196,Kyle Juszczyk,1.40,20,Sun,11,12,2024-11-24,33-215,SFO,@,GNB,L 10-38,1.40,2.40,2.4,1.9,20,40.8,0,0.0,0,0.0,FB,JuszKy00
3197,Joshua Kelley,1.40,13,Sun,11,12,2023-11-26,26-006,LAC,,BAL,L 10-20,1.40,3.40,3.4,2.4,13,19.7,0,0.0,5,23.8,RB,KellJo01
3198,Jordan Mason,1.40,7,Mon,10,11,2022-11-21,23-181,SFO,@,ARI,W 38-10,1.40,1.40,1.4,1.4,7,12.1,0,0.0,17,65.4,RB,MasoJo00
3199,Alexander Mattison,1.40,19,Mon,2,2,2022-09-19,24-092,MIN,@,PHI,L 7-24,1.40,4.40,4.4,2.9,19,31.1,0,0.0,4,19.0,RB,MattAl01
3200,Jordan Mims,1.40,8,Sun,10,10,2024-11-10,25-147,NOR,,ATL,W 20-17,1.40,2.40,2.4,1.9,8,15.1,0,0.0,5,18.5,RB,MimsJo00
3201,Dare Ogunbowale,1.40,27,Sun,14,15,2022-12-18,28-228,HOU,,KAN,L 24-30 (OT),1.40,1.40,1.4,1.4,27,42.9,0,0.0,5,17.9,RB,OgunDa00
3202,Cordarrelle Patterson,1.40,8,Sun,9,10,2024-11-10,33-238,PIT,@,WAS,W 28-27,1.40,1.40,1.4,1.4,8,10.3,0,0.0,6,18.8,RB,PattCo00
3203,Rashaad Penny,1.40,9,Thu,2,2,2023-09-14,27-224,PHI,,MIN,W 34-28,1.40,2.40,2.4,1.9,9,11.7,0,0.0,2,6.9,RB,PennRa00
3204,Samaje Perine,1.40,13,Sun,17,18,2025-01-05,29-111,KAN,@,DEN,L 0-38,1.40,2.40,2.4,1.9,13,38.2,0,0.0,12,52.2,RB,PeriSa00
3205,Adam Prentice,1.40,15,Sun,16,17,2023-12-31,26-349,NOR,@,TAM,W 23-13,1.40,2.40,2.4,1.9,15,21.4,0,0.0,14,53.8,FB,PrenAd00
3206,Patrick Ricard,1.40,53,Sun,11,12,2022-11-27,28-184,BAL,@,JAX,L 27-28,1.40,3.40,3.4,2.4,53,73.6,0,0.0,5,18.5,FB,RicaPa00
3207,Patrick Ricard,1.40,23,Sun,4,4,2023-10-01,29-127,BAL,@,CLE,W 28-3,1.40,2.40,2.4,1.9,23,39.7,0,0.0,3,10.7,FB,RicaPa00
3208,Patrick Ricard,1.40,32,Sat,17,18,2025-01-04,30-222,BAL,,CLE,W 35-10,1.40,2.40,2.4,1.9,32,45.7,0,0.0,0,0.0,FB,RicaPa00
3209,Ronnie Rivers,1.40,3,Sun,6,6,2022-10-16,23-258,LAR,,CAR,W 24-10,1.40,2.40,2.4,1.9,3,4.6,0,0.0,11,42.3,RB,RiveRo01
3210,Boston Scott,1.40,5,Sun,11,12,2023-11-26,28-213,PHI,,BUF,W 37-34 (OT),1.40,1.40,1.4,1.4,5,7.6,0,0.0,12,33.3,RB,ScotBo02
3211,Trey Sermon,1.40,10,Sun,8,8,2024-10-27,25-271,IND,@,HOU,L 20-23,1.40,2.40,2.4,1.9,10,15.6,0,0.0,0,0.0,RB,SermTr00
3212,Aaron Shampklin,1.40,11,Sun,5,5,2024-10-06,24-354,PIT,,DAL,L 17-20,1.40,1.40,1.4,1.4,11,19.0,0,0.0,5,20.8,RB,ShamAa00
3213,Carson Steele,1.40,8,Sun,7,8,2024-10-27,22-006,KAN,@,LVR,W 27-20,1.40,2.40,2.4,1.9,8,11.1,0,0.0,9,37.5,RB,SteeCa00
3214,Dwayne Washington,1.40,5,Mon,9,9,2022-11-07,28-197,NOR,,BAL,L 13-27,1.40,2.40,2.4,1.9,5,9.8,0,0.0,23,88.5,RB,WashDw00
3215,Darrel Williams,1.40,21,Sun,8,8,2022-10-30,27-198,ARI,@,MIN,L 26-34,1.40,3.40,3.4,2.4,21,26.9,0,0.0,0,0.0,RB,WillDa10
3216,Jamaal Williams,1.40,20,Thu,7,7,2023-10-19,28-199,NOR,,JAX,L 24-31,1.40,1.40,1.4,1.4,20,22.2,0,0.0,0,0.0,RB,WillJa06
3217,Jamaal Williams,1.40,16,Sat,15,16,2022-12-24,27-265,DET,@,CAR,L 23-37,1.40,3.40,3.4,2.4,16,24.2,0,0.0,0,0.0,RB,WillJa06
3218,Jeff Wilson,1.40,14,Sun,3,3,2024-09-22,28-311,MIA,@,SEA,L 3-24,1.40,1.40,1.4,1.4,14,23.0,0,0.0,8,29.6,RB,WilsJe01
3219,Ameer Abdullah,1.30,12,Sun,12,12,2023-11-26,30-166,LVR,,KAN,L 17-31,1.30,2.30,2.3,1.8,12,20.7,0,0.0,13,50.0,RB,AbduAm00
3220,Ameer Abdullah,1.30,22,Sun,3,3,2024-09-22,31-101,LVR,,CAR,L 22-36,1.30,3.30,3.3,2.3,22,34.4,0,0.0,17,56.7,RB,AbduAm00
3221,Cam Akers,1.30,28,Mon,4,4,2022-10-03,23-103,LAR,@,SFO,L 9-24,1.30,1.30,1.3,1.3,28,37.8,0,0.0,0,0.0,RB,AkerCa00
3222,Raheem Blackshear,1.30,7,Thu,9,10,2023-11-09,24-157,CAR,@,CHI,L 13-16,1.30,2.30,2.3,1.8,7,11.7,0,0.0,13,46.4,RB,BlacRa00
3223,Raheem Blackshear,1.30,7,Sun,15,16,2024-12-22,25-200,CAR,,ARI,W 36-30 (OT),1.30,1.30,1.3,1.3,7,10.3,0,0.0,17,51.5,RB,BlacRa00
3224,Matt Breida,1.30,18,Sun,6,6,2023-10-15,28-229,NYG,@,BUF,L 9-14,1.30,1.30,1.3,1.3,18,23.4,0,0.0,0,0.0,RB,BreiMa00
3225,Chris Brooks,1.30,10,Sun,10,11,2024-11-17,24-311,GNB,@,CHI,W 20-19,1.30,3.30,3.3,2.3,10,21.7,0,0.0,9,50.0,RB,BrooCh00
3226,Ty Chandler,1.30,22,Sun,3,3,2024-09-22,26-133,MIN,,HOU,W 34-7,1.30,1.30,1.3,1.3,22,34.9,0,0.0,3,11.5,RB,ChanTy01
3227,Ty Chandler,1.30,8,Sun,4,4,2024-09-29,26-140,MIN,@,GNB,W 31-29,1.30,2.30,2.3,1.8,8,11.8,0,0.0,9,31.0,RB,ChanTy01
3228,Zach Charbonnet,1.30,27,Sun,8,9,2023-11-05,22-301,SEA,@,BAL,L 3-37,1.30,2.30,2.3,1.8,27,55.1,0,0.0,12,44.4,RB,CharZa00
3229,Zach Charbonnet,1.30,14,Sun,15,16,2024-12-22,23-349,SEA,,MIN,L 24-27,1.30,3.30,3.3,2.3,14,21.9,0,0.0,6,18.2,RB,CharZa00
3230,Julius Chestnut,1.30,7,Sun,12,13,2022-12-04,22-039,TEN,@,PHI,L 10-35,1.30,1.30,1.3,1.3,7,12.7,0,0.0,4,13.8,RB,ChesJu00
3231,Dalvin Cook,1.30,14,Sun,10,11,2023-11-19,28-101,NYJ,@,BUF,L 6-32,1.30,1.30,1.3,1.3,14,24.6,0,0.0,0,0.0,RB,CookDa01
3232,Jashaun Corbin,1.30,15,Sun,10,10,2023-11-12,23-084,NYG,@,DAL,L 17-49,1.30,4.30,4.3,2.8,15,26.3,0,0.0,19,61.3,RB,CorbJa01
3233,Ray Davis,1.30,16,Sun,16,17,2024-12-29,25-048,BUF,,NYJ,W 40-14,1.30,2.30,2.3,1.8,16,22.9,0,0.0,6,27.3,RB,DaviRa04
3234,Chase Edmonds,1.30,12,Sun,14,15,2023-12-17,27-248,TAM,@,GNB,W 34-20,1.30,1.30,1.3,1.3,12,19.4,0,0.0,1,4.0,RB,EdmoCh00
3235,Clyde Edwards-Helaire,1.30,6,Sun,4,4,2023-10-01,24-173,KAN,@,NYJ,W 23-20,1.30,2.30,2.3,1.8,6,8.6,0,0.0,0,0.0,RB,EdwaCl00
3236,Ezekiel Elliott,1.30,22,Sun,2,2,2023-09-17,28-057,NWE,,MIA,L 17-24,1.30,1.30,1.3,1.3,22,29.7,0,0.0,0,0.0,RB,ElliEz00
3237,Audric Estime,1.30,2,Sun,6,6,2024-10-13,21-037,DEN,,LAC,L 16-23,1.30,1.30,1.3,1.3,2,3.6,0,0.0,6,22.2,RB,EstiAu00
3238,Kenneth Gainwell,1.30,14,Sun,15,16,2024-12-22,25-283,PHI,@,WAS,L 33-36,1.30,2.30,2.3,1.8,14,18.9,0,0.0,14,43.8,RB,GainKe00
3239,Myles Gaskin,1.30,5,Sun,5,5,2024-10-06,27-234,MIN,,NYJ,W 23-17,1.30,2.30,2.3,1.8,5,6.8,0,0.0,6,20.7,RB,GaskMy00
3240,Antonio Gibson,1.30,10,Sun,7,7,2024-10-20,26-119,NWE,@,JAX,L 16-32,1.30,2.30,2.3,1.8,10,16.7,0,0.0,6,27.3,RB,GibsAn00
3241,Eric Gray,1.30,14,Sun,6,6,2024-10-13,24-344,NYG,,CIN,L 7-17,1.30,1.30,1.3,1.3,14,17.7,0,0.0,4,18.2,RB,GrayEr01
3242,Damien Harris,1.30,11,Sun,5,5,2023-10-08,26-239,BUF,,JAX,L 20-25,1.30,1.30,1.3,1.3,11,18.3,0,0.0,5,20.0,RB,HarrDa06
3243,Najee Harris,1.30,20,Sat,14,15,2023-12-16,25-282,PIT,@,IND,L 13-30,1.30,1.30,2.3,1.3,20,34.5,0,0.0,0,0.0,RB,HarrNa00
3244,Jamycal Hasty,1.30,18,Sun,13,14,2022-12-11,26-090,JAX,@,TEN,W 36-22,1.30,1.30,1.3,1.3,18,25.0,0,0.0,14,53.8,RB,HastJa02
3245,Caleb Huntley,1.30,3,Sun,12,12,2022-11-27,24-073,ATL,@,WAS,L 13-19,1.30,2.30,2.3,1.8,3,5.3,0,0.0,0,0.0,RB,HuntCa02
3246,Alec Ingold,1.30,29,Mon,13,14,2023-12-11,27-155,MIA,,TEN,L 27-28,1.30,2.30,2.3,1.8,29,40.3,0,0.0,10,32.3,FB,IngoAl01
3247,Justin Jackson,1.30,6,Sun,17,18,2023-01-08,26-261,DET,@,GNB,W 20-16,1.30,2.30,2.3,1.8,6,9.7,0,0.0,14,56.0,RB,JackJu01
3248,Terrell Jennings,1.30,14,Sun,6,6,2024-10-13,23-226,NWE,,HOU,L 21-41,1.30,1.30,1.3,1.3,14,21.2,0,0.0,7,21.2,RB,JennTe00
3249,Ty Johnson,1.30,17,Sun,17,18,2025-01-05,27-110,BUF,@,NWE,L 16-23,1.30,2.30,2.3,1.8,17,25.4,0,0.0,10,40.0,RB,JohnTy02
3250,Tony Jones,1.30,7,Sun,10,10,2023-11-12,25-353,ARI,,ATL,W 25-23,1.30,1.30,1.3,1.3,7,10.8,0,0.0,5,19.2,RB,JoneTo04
3251,Joshua Kelley,1.30,19,Sun,10,11,2023-11-19,25-364,LAC,@,GNB,L 20-23,1.30,1.30,1.3,1.3,19,29.2,0,0.0,1,3.8,RB,KellJo01
3252,Zonovan Knight,1.30,24,Thu,15,16,2022-12-22,21-255,NYJ,,JAX,L 3-19,1.30,2.30,2.3,1.8,24,40.7,0,0.0,0,0.0,RB,KnigZo00
3253,Zonovan Knight,1.30,7,Sun,3,3,2023-09-24,22-166,DET,,ATL,W 20-6,1.30,1.30,1.3,1.3,7,10.0,0,0.0,7,25.9,RB,KnigZo00
3254,Jordan Mason,1.30,2,Sun,10,11,2024-11-17,25-177,SFO,,SEA,L 17-20,1.30,1.30,1.3,1.3,2,3.2,0,0.0,9,42.9,RB,MasoJo00
3255,Jordan Mason,1.30,9,Sun,11,12,2024-11-24,25-184,SFO,@,GNB,L 10-38,1.30,2.30,2.3,1.8,9,18.4,0,0.0,10,40.0,RB,MasoJo00
3256,Sony Michel,1.30,13,Sun,7,7,2022-10-23,27-248,LAC,,SEA,L 23-37,1.30,2.30,2.3,1.8,13,18.3,0,0.0,0,0.0,RB,MichSo00
3257,Elijah Mitchell,1.30,5,Sun,12,13,2023-12-03,25-215,SFO,@,PHI,W 42-19,1.30,1.30,1.3,1.3,5,8.5,0,0.0,0,0.0,RB,MitcEl00
3258,Dare Ogunbowale,1.30,4,Sun,9,10,2022-11-13,28-193,HOU,@,NYG,L 16-24,1.30,2.30,2.3,1.8,4,6.3,0,0.0,21,70.0,RB,OgunDa00
3259,Devine Ozigbo,1.30,6,Sun,6,6,2023-10-15,27-013,DET,@,TAM,W 20-6,1.30,2.30,2.3,1.8,6,8.6,0,0.0,8,32.0,RB,OzigDe01
3260,Cordarrelle Patterson,1.30,9,Sun,1,1,2024-09-08,33-175,PIT,@,ATL,W 18-10,1.30,1.30,1.3,1.3,9,13.2,0,0.0,3,12.0,RB,PattCo00
3261,Dameon Pierce,1.30,14,Wed,16,17,2024-12-25,24-310,HOU,,BAL,L 2-31,1.30,1.30,1.3,1.3,14,25.0,0,0.0,7,29.2,RB,PierDa01
3262,Ronnie Rivers,1.30,4,Sun,6,6,2023-10-15,24-257,LAR,,ARI,W 26-9,1.30,2.30,2.3,1.8,4,7.0,0,0.0,12,44.4,RB,RiveRo01
3263,Miles Sanders,1.30,18,Sun,14,15,2023-12-17,26-230,CAR,,ATL,W 9-7,1.30,3.30,3.3,2.3,18,27.3,0,0.0,0,0.0,RB,SandMi01
3264,Miles Sanders,1.30,15,Sun,6,6,2024-10-13,27-165,CAR,,ATL,L 20-38,1.30,2.30,2.3,1.8,15,22.7,0,0.0,0,0.0,RB,SandMi01
3265,Trey Sermon,1.30,3,Sun,13,14,2023-12-10,24-314,IND,@,CIN,L 14-34,1.30,1.30,1.3,1.3,3,4.7,0,0.0,0,0.0,RB,SermTr00
3266,Trey Sermon,1.30,14,Sun,9,9,2024-11-03,25-278,IND,@,MIN,L 13-21,1.30,2.30,2.3,1.8,14,25.9,0,0.0,0,0.0,RB,SermTr00
3267,Carson Steele,1.30,11,Sun,11,12,2024-11-24,22-034,KAN,@,CAR,W 30-27,1.30,2.30,2.3,1.8,11,14.9,0,0.0,2,7.4,RB,SteeCa00
3268,Rhamondre Stevenson,1.30,51,Sat,15,16,2022-12-24,24-304,NWE,,CIN,L 18-22,1.30,3.30,4.3,2.3,51,91.1,0,0.0,0,0.0,RB,StevRh00
3269,Jonathan Taylor,1.30,2,Sat,14,15,2022-12-17,23-332,IND,@,MIN,L 36-39 (OT),1.30,2.30,2.3,1.8,2,2.5,0,0.0,0,0.0,RB,TaylJo02
3270,Deuce Vaughn,1.30,5,Sun,3,3,2024-09-22,22-325,DAL,,BAL,L 25-28,1.30,2.30,2.3,1.8,5,6.3,0,0.0,3,10.7,RB,VaugDe00
3271,Ke'Shawn Vaughn,1.30,5,Sun,10,10,2022-11-13,25-193,TAM,,SEA,W 21-16,1.30,2.30,2.3,1.8,5,6.7,0,0.0,11,52.4,RB,VaugKe00
3272,Jonathan Ward,1.30,6,Sun,6,6,2024-10-13,27-013,PIT,@,LVR,W 32-13,1.30,1.30,1.3,1.3,6,9.0,0,0.0,11,44.0,RB,WardJo00
3273,Dwayne Washington,1.30,13,Sun,8,8,2022-10-30,28-189,NOR,,LVR,W 24-0,1.30,1.30,1.3,1.3,13,20.3,0,0.0,13,68.4,RB,WashDw00
3274,Jamaal Williams,1.30,13,Thu,15,16,2023-12-21,28-262,NOR,@,LAR,L 22-30,1.30,2.30,2.3,1.8,13,21.7,0,0.0,0,0.0,RB,WillJa06
3275,Trayveon Williams,1.30,13,Sun,8,9,2023-11-05,26-018,CIN,,BUF,W 24-18,1.30,1.30,1.3,1.3,13,18.6,0,0.0,15,71.4,RB,WillTr06
3276,Jaylen Wright,1.30,14,Sun,13,14,2024-12-08,21-251,MIA,,NYJ,W 32-26 (OT),1.30,3.30,3.3,2.3,14,19.4,0,0.0,4,12.9,RB,WrigJa04
3277,Ameer Abdullah,1.20,12,Mon,15,16,2023-12-25,30-195,LVR,@,KAN,W 20-14,1.20,2.20,2.2,1.7,12,21.8,0,0.0,14,56.0,RB,AbduAm00
3278,Salvon Ahmed,1.20,19,Sun,9,9,2023-11-05,24-310,MIA,@,KAN,L 14-21,1.20,3.20,3.2,2.2,19,30.2,0,0.0,9,36.0,RB,AhmeSa01
3279,Tyler Allgeier,1.20,15,Sun,4,4,2023-10-01,23-169,ATL,@,JAX,L 7-23,1.20,2.20,2.2,1.7,15,25.9,0,0.0,0,0.0,RB,AllgTy00
3280,Matt Breida,1.20,11,Sun,14,15,2022-12-18,27-293,NYG,@,WAS,W 20-12,1.20,2.20,2.2,1.7,11,17.5,0,0.0,6,24.0,RB,BreiMa00
3281,Chris Brooks,1.20,5,Sun,16,17,2023-12-31,23-354,MIA,@,BAL,L 19-56,1.20,1.20,1.2,1.2,5,7.2,0,0.0,14,46.7,RB,BrooCh00
3282,Chase Brown,1.20,4,Sun,6,6,2023-10-15,23-208,CIN,,SEA,W 17-13,1.20,2.20,2.2,1.7,4,7.4,0,0.0,10,43.5,RB,BrowCh10
3283,Ty Chandler,1.20,3,Mon,7,7,2023-10-23,25-164,MIN,,SFO,W 22-17,1.20,2.20,2.2,1.7,3,4.3,0,0.0,8,36.4,RB,ChanTy01
3284,Isaiah Davis,1.20,1,Sun,7,7,2024-10-20,22-242,NYJ,@,PIT,L 15-37,1.20,1.20,1.2,1.2,1,1.8,0,0.0,18,62.1,RB,DaviIs00
3285,Isaiah Davis,1.20,10,Sun,15,16,2024-12-22,22-305,NYJ,,LAR,L 9-19,1.20,1.20,1.2,1.2,10,14.5,0,0.0,8,50.0,RB,DaviIs00
3286,Rico Dowdle,1.20,10,Mon,6,6,2023-10-16,25-124,DAL,@,LAC,W 20-17,1.20,1.20,1.2,1.2,10,15.6,0,0.0,1,4.0,RB,DowdRi01
3287,Rico Dowdle,1.20,15,Sun,14,15,2023-12-17,25-186,DAL,@,BUF,L 10-31,1.20,3.20,3.2,2.2,15,26.3,0,0.0,0,0.0,RB,DowdRi01
3288,Chase Edmonds,1.20,3,Sun,2,2,2023-09-17,27-157,TAM,,CHI,W 27-17,1.20,1.20,1.2,1.2,3,4.2,0,0.0,3,11.1,RB,EdmoCh00
3289,Gus Edwards,1.20,17,Sun,12,13,2022-12-04,27-235,BAL,,DEN,W 10-9,1.20,1.20,1.2,1.2,17,23.6,0,0.0,0,0.0,RB,EdwaGu00
3290,Ezekiel Elliott,1.20,15,Sun,3,3,2024-09-22,29-062,DAL,,BAL,L 25-28,1.20,2.20,2.2,1.7,15,18.8,0,0.0,0,0.0,RB,ElliEz00
3291,Audric Estime,1.20,8,Mon,13,13,2024-12-02,21-087,DEN,,CLE,W 41-32,1.20,1.20,1.2,1.2,8,12.1,0,0.0,6,16.2,RB,EstiAu00
3292,Kenneth Gainwell,1.20,16,Mon,9,10,2022-11-14,23-245,PHI,,WAS,L 21-32,1.20,2.20,2.2,1.7,16,32.0,0,0.0,3,11.5,RB,GainKe00
3293,Kenneth Gainwell,1.20,15,Fri,1,1,2024-09-06,25-176,PHI,,GNB,W 34-29,1.20,2.20,2.2,1.7,15,19.7,0,0.0,7,22.6,RB,GainKe00
3294,Kenneth Gainwell,1.20,14,Sun,3,3,2024-09-22,25-192,PHI,@,NOR,W 15-12,1.20,3.20,3.2,2.2,14,19.4,0,0.0,5,29.4,RB,GainKe00
3295,Reggie Gilliam,1.20,15,Sat,15,16,2022-12-24,25-126,BUF,@,CHI,W 35-13,1.20,2.20,2.2,1.7,15,23.4,0,0.0,22,88.0,FB,GillRe00
3296,Damien Harris,1.20,6,Sun,5,5,2022-10-09,25-240,NWE,,DET,W 29-0,1.20,2.20,2.2,1.7,6,10.0,0,0.0,0,0.0,RB,HarrDa06
3297,Khalil Herbert,1.20,17,Sun,14,15,2023-12-17,25-240,CHI,@,CLE,L 17-20,1.20,2.20,2.2,1.7,17,23.3,0,0.0,0,0.0,RB,HerbKh00
3298,Justice Hill,1.20,30,Sun,13,14,2023-12-10,26-026,BAL,,LAR,W 37-31 (OT),1.20,2.20,2.2,1.7,30,41.7,0,0.0,13,35.1,RB,HillJu00
3299,Kareem Hunt,1.20,30,Sun,6,6,2022-10-16,27-071,CLE,,NWE,L 15-38,1.20,1.20,1.2,1.2,30,42.9,0,0.0,0,0.0,RB,HuntKa00
3300,Kareem Hunt,1.20,28,Sun,13,14,2022-12-11,27-127,CLE,@,CIN,L 10-23,1.20,3.20,3.2,2.2,28,38.9,0,0.0,0,0.0,RB,HuntKa00
3301,Kareem Hunt,1.20,15,Sun,4,4,2023-10-01,28-056,CLE,,BAL,L 3-28,1.20,1.20,1.2,1.2,15,21.7,0,0.0,0,0.0,RB,HuntKa00
3302,Alec Ingold,1.20,26,Sun,6,6,2022-10-16,26-099,MIA,,MIN,L 16-24,1.20,3.20,3.2,2.2,26,33.3,0,0.0,11,35.5,FB,IngoAl01
3303,Alec Ingold,1.20,28,Sun,15,16,2023-12-24,27-168,MIA,,DAL,W 22-20,1.20,3.20,3.2,2.2,28,43.1,0,0.0,7,26.9,FB,IngoAl01
3304,D'Ernest Johnson,1.20,12,Sun,3,3,2023-09-24,27-209,JAX,,HOU,L 17-37,1.20,3.20,3.2,2.2,12,16.4,0,0.0,17,58.6,RB,JohnDE04
3305,D'Ernest Johnson,1.20,12,Mon,3,3,2024-09-23,28-209,JAX,@,BUF,L 10-47,1.20,1.20,1.2,1.2,12,16.9,0,0.0,11,44.0,RB,JohnDE04
3306,Jakob Johnson,1.20,25,Sun,4,4,2023-10-01,28-290,LVR,@,LAC,L 17-24,1.20,2.20,2.2,1.7,25,34.2,0,0.0,10,40.0,FB,JohnJa12
3307,Kyle Juszczyk,1.20,38,Sun,4,4,2024-09-29,33-159,SFO,,NWE,W 30-13,1.20,2.20,2.2,1.7,38,60.3,0,0.0,1,3.8,FB,JuszKy00
3308,Kyle Juszczyk,1.20,23,Sun,10,11,2024-11-17,33-208,SFO,,SEA,L 17-20,1.20,3.20,3.2,2.2,23,36.5,0,0.0,0,0.0,FB,JuszKy00
3309,Marlon Mack,1.20,6,Sun,11,12,2022-11-27,26-265,DEN,@,CAR,L 10-23,1.20,2.20,2.2,1.7,6,10.0,0,0.0,0,0.0,RB,MackMa00
3310,Jaleel McLaughlin,1.20,11,Mon,9,10,2023-11-13,23-061,DEN,@,BUF,W 24-22,1.20,3.20,3.2,2.2,11,14.7,0,0.0,6,22.2,RB,McLaJa00
3311,Jaleel McLaughlin,1.20,7,Sun,10,10,2024-11-10,24-058,DEN,@,KAN,L 14-16,1.20,1.20,1.2,1.2,7,12.1,0,0.0,0,0.0,RB,McLaJa00
3312,Sony Michel,1.20,16,Sun,1,1,2022-09-11,27-206,LAC,,LVR,W 24-19,1.20,1.20,1.2,1.2,16,23.9,0,0.0,0,0.0,RB,MichSo00
3313,Sony Michel,1.20,11,Sun,8,9,2022-11-06,27-262,LAC,@,ATL,W 20-17,1.20,1.20,1.2,1.2,11,15.9,0,0.0,0,0.0,RB,MichSo00
3314,Kendre Miller,1.20,18,Sun,6,6,2023-10-15,21-126,NOR,@,HOU,L 13-20,1.20,2.20,2.2,1.7,18,22.0,0,0.0,0,0.0,RB,MillKe01
3315,Patrick Ricard,1.20,39,Sun,3,3,2022-09-25,28-121,BAL,@,NWE,W 37-26,1.20,2.20,2.2,1.7,39,65.0,0,0.0,5,18.5,FB,RicaPa00
3316,Miles Sanders,1.20,33,Sun,5,5,2023-10-08,26-160,CAR,@,DET,L 24-42,1.20,1.20,2.2,1.2,33,46.5,0,0.0,0,0.0,RB,SandMi01
3317,Boston Scott,1.20,13,Sun,10,11,2022-11-20,27-207,PHI,@,IND,W 17-16,1.20,3.20,3.2,2.2,13,19.1,0,0.0,5,20.0,RB,ScotBo02
3318,Trey Sermon,1.20,18,Sun,14,15,2024-12-15,25-320,IND,@,DEN,L 13-31,1.20,3.20,3.2,2.2,18,23.7,0,0.0,0,0.0,RB,SermTr00
3319,Devin Singletary,1.20,24,Sun,16,18,2023-01-08,25-127,BUF,,NWE,W 35-23,1.20,2.20,3.2,1.7,24,40.7,0,0.0,0,0.0,RB,SingDe00
3320,Devin Singletary,1.20,13,Sun,15,16,2024-12-22,27-110,NYG,@,ATL,L 7-34,1.20,1.20,1.2,1.2,13,22.0,0,0.0,0,0.0,RB,SingDe00
3321,Carson Steele,1.20,16,Mon,5,5,2024-10-07,21-352,KAN,,NOR,W 26-13,1.20,1.20,1.2,1.2,16,19.0,0,0.0,3,12.5,RB,SteeCa00
3322,Deuce Vaughn,1.20,8,Sat,16,17,2023-12-30,22-058,DAL,,DET,W 20-19,1.20,2.20,2.2,1.7,8,12.3,0,0.0,0,0.0,RB,VaugDe00
3323,Avery Williams,1.20,5,Sun,17,18,2023-01-08,24-177,ATL,,TAM,W 30-17,1.20,1.20,1.2,1.2,5,7.4,0,0.0,19,67.9,RB,WillAv02
3324,Jamaal Williams,1.20,27,Sun,9,9,2023-11-05,28-216,NOR,,CHI,W 24-17,1.20,3.20,3.2,2.2,27,42.9,0,0.0,0,0.0,RB,WillJa06
3325,Trayveon Williams,1.20,4,Sat,14,15,2023-12-16,26-059,CIN,,MIN,W 27-24 (OT),1.20,2.20,2.2,1.7,4,5.7,0,0.0,18,66.7,RB,WillTr06
3326,Emanuel Wilson,1.20,8,Sun,3,3,2023-09-24,24-139,GNB,,NOR,W 18-17,1.20,2.20,2.2,1.7,8,10.1,0,0.0,0,0.0,RB,WilsEm00
3327,Jeff Wilson,1.20,11,Thu,2,2,2024-09-12,28-301,MIA,,BUF,L 10-31,1.20,3.20,3.2,2.2,11,14.5,0,0.0,8,38.1,RB,WilsJe01
3328,Jeff Wilson,1.20,7,Sun,15,16,2024-12-22,29-036,MIA,,SFO,W 29-17,1.20,1.20,1.2,1.2,7,10.4,0,0.0,6,21.4,RB,WilsJe01
3329,Ameer Abdullah,1.10,17,Sun,8,8,2024-10-27,31-136,LVR,,KAN,L 20-27,1.10,2.10,2.1,1.6,17,29.3,0,0.0,13,54.2,RB,AbduAm00
3330,Salvon Ahmed,1.10,7,Sun,10,10,2022-11-13,23-318,MIA,,CLE,W 39-17,1.10,1.10,1.1,1.1,7,10.1,0,0.0,5,21.7,RB,AhmeSa01
3331,Salvon Ahmed,1.10,19,Sun,1,1,2023-09-10,24-254,MIA,@,LAC,W 36-34,1.10,1.10,1.1,1.1,19,28.4,0,0.0,17,54.8,RB,AhmeSa01
3332,Mike Boone,1.10,11,Sun,16,17,2024-12-29,29-182,CAR,@,TAM,L 14-48,1.10,1.10,1.1,1.1,11,23.4,0,0.0,9,30.0,RB,BoonMi00
3333,Matt Breida,1.10,16,Sun,6,6,2022-10-16,27-230,NYG,,BAL,W 24-20,1.10,3.10,3.1,2.1,16,24.6,0,0.0,11,42.3,RB,BreiMa00
3334,Matt Breida,1.10,18,Sun,9,9,2023-11-05,28-250,NYG,@,LVR,L 6-30,1.10,2.10,2.1,1.6,18,28.6,0,0.0,12,50.0,RB,BreiMa00
3335,Gary Brightwell,1.10,11,Sun,1,1,2023-09-10,24-194,NYG,,DAL,L 0-40,1.10,3.10,3.1,2.1,11,15.7,0,0.0,15,62.5,RB,BrigGa00
3336,Michael Burton,1.10,8,Sun,12,12,2024-11-24,32-297,DEN,@,LVR,W 29-19,1.10,2.10,2.1,1.6,8,11.8,0,0.0,19,55.9,FB,BurtMi00
3337,Michael Carter,1.10,15,Sun,2,2,2023-09-17,24-133,NYJ,@,DAL,L 10-30,1.10,2.10,2.1,1.6,15,31.9,0,0.0,5,17.9,RB,CartMi03
3338,Ty Chandler,1.10,18,Mon,12,12,2023-11-27,25-199,MIN,,CHI,L 10-12,1.10,2.10,2.1,1.6,18,32.7,0,0.0,3,15.0,RB,ChanTy01
3339,Zach Charbonnet,1.10,12,Sun,1,1,2023-09-10,22-245,SEA,,LAR,L 13-30,1.10,1.10,1.1,1.1,12,23.5,0,0.0,2,7.1,RB,CharZa00
3340,Julius Chestnut,1.10,15,Sun,17,18,2025-01-05,24-071,TEN,,HOU,L 14-23,1.10,1.10,1.1,1.1,15,24.2,0,0.0,4,17.4,RB,ChesJu00
3341,Snoop Conner,1.10,10,Sun,11,12,2022-11-27,22-346,JAX,,BAL,W 28-27,1.10,1.10,1.1,1.1,10,15.9,0,0.0,0,0.0,RB,ConnSn00
3342,Blake Corum,1.10,6,Sun,6,7,2024-10-20,23-330,LAR,,LVR,W 20-15,1.10,1.10,1.1,1.1,6,10.9,0,0.0,11,39.3,RB,CoruBl00
3343,Mike Davis,1.10,7,Sun,1,1,2022-09-11,29-204,BAL,@,NYJ,W 24-9,1.10,1.10,1.1,1.1,7,12.5,0,0.0,0,0.0,RB,DaviMi01
3344,Ray Davis,1.10,10,Sun,4,4,2024-09-29,24-323,BUF,@,BAL,L 10-35,1.10,1.10,1.1,1.1,10,16.9,0,0.0,0,0.0,RB,DaviRa04
3345,Ray Davis,1.10,15,Sun,11,11,2024-11-17,25-006,BUF,,KAN,W 30-21,1.10,1.10,1.1,1.1,15,20.5,0,0.0,3,12.5,RB,DaviRa04
3346,AJ Dillon,1.10,38,Thu,4,4,2023-09-28,25-149,GNB,,DET,L 20-34,1.10,1.10,1.1,1.1,38,66.7,0,0.0,0,0.0,RB,DillAJ00
3347,Kenyan Drake,1.10,11,Sun,3,3,2023-09-24,29-241,BAL,,IND,L 19-22 (OT),1.10,3.10,4.1,2.1,11,15.3,0,0.0,0,0.0,RB,DrakKe00
3348,Chase Edmonds,1.10,7,Sun,11,12,2023-11-26,27-227,TAM,@,IND,L 20-27,1.10,1.10,1.1,1.1,7,11.7,0,0.0,10,37.0,RB,EdmoCh00
3349,Chris Evans,1.10,7,Sun,1,1,2023-09-10,25-340,CIN,@,CLE,L 3-24,1.10,2.10,2.1,1.6,7,12.5,0,0.0,25,80.6,RB,EvanCh02
3350,Anthony Firkser,1.10,15,Sun,5,5,2022-10-09,27-232,ATL,@,TAM,L 15-21,1.10,2.10,2.1,1.6,15,22.7,0,0.0,0,0.0,FB,FirkAn00
3351,Anthony Firkser,1.10,16,Sun,17,18,2023-01-08,27-323,ATL,,TAM,W 30-17,1.10,2.10,2.1,1.6,16,23.5,0,0.0,1,3.6,FB,FirkAn00
3352,Kenneth Gainwell,1.10,14,Sun,7,8,2022-10-30,23-230,PHI,,PIT,W 35-13,1.10,2.10,2.1,1.6,14,24.6,0,0.0,4,14.8,RB,GainKe00
3353,Antonio Gibson,1.10,8,Sun,9,9,2024-11-03,26-133,NWE,@,TEN,L 17-20 (OT),1.10,2.10,2.1,1.6,8,11.6,0,0.0,0,0.0,RB,GibsAn00
3354,Tyler Goodson,1.10,3,Sun,12,13,2023-12-03,23-023,IND,@,TEN,W 31-28 (OT),1.10,3.10,3.1,2.1,3,4.2,0,0.0,0,0.0,RB,GoodTy00
3355,Hassan Haskins,1.10,5,Sun,2,2,2024-09-15,24-294,LAC,@,CAR,W 26-3,1.10,1.10,1.1,1.1,5,7.2,0,0.0,16,66.7,RB,HaskHa00
3356,Jamycal Hasty,1.10,13,Sun,9,9,2022-11-06,26-055,JAX,,LVR,W 27-20,1.10,2.10,2.1,1.6,13,18.8,0,0.0,12,44.4,RB,HastJa02
3357,Khalil Herbert,1.10,14,Sun,5,5,2022-10-09,24-171,CHI,@,MIN,L 22-29,1.10,1.10,1.1,1.1,14,28.0,0,0.0,8,34.8,RB,HerbKh00
3358,Khalil Herbert,1.10,7,Mon,13,14,2024-12-09,26-232,CIN,@,DAL,W 27-20,1.10,2.10,2.1,1.6,7,9.9,0,0.0,5,18.5,RB,HerbKh00
3359,Justice Hill,1.10,11,Sun,1,1,2022-09-11,24-301,BAL,@,NYJ,W 24-9,1.10,3.10,3.1,2.1,11,19.6,0,0.0,14,51.9,RB,HillJu00
3360,Nyheim Hines,1.10,3,Sat,15,16,2022-12-24,26-042,BUF,@,CHI,W 35-13,1.10,2.10,2.1,1.6,3,4.7,0,0.0,8,32.0,RB,HineNy00
3361,Travis Homer,1.10,7,Sun,13,14,2024-12-08,26-123,CHI,@,SFO,L 13-38,1.10,4.10,4.1,2.6,7,13.2,0,0.0,7,28.0,RB,HomeTr00
3362,D'Ernest Johnson,1.10,7,Sun,16,17,2024-12-29,28-306,JAX,,TEN,W 20-13,1.10,3.10,3.1,2.1,7,12.1,0,0.0,0,0.0,RB,JohnDE04
3363,Hunter Luepke,1.10,11,Sun,15,16,2023-12-24,23-299,DAL,@,MIA,L 20-22,1.10,2.10,2.1,1.6,11,16.7,0,0.0,11,42.3,RB,LuepHu00
3364,Jordan Mason,1.10,4,Thu,3,3,2023-09-21,24-120,SFO,,NYG,W 30-12,1.10,1.10,1.1,1.1,4,4.8,0,0.0,20,71.4,RB,MasoJo00
3365,Alexander Mattison,1.10,10,Thu,11,12,2022-11-24,24-158,MIN,,NWE,W 33-26,1.10,1.10,1.1,1.1,10,14.5,0,0.0,1,3.0,RB,MattAl01
3366,Anthony McFarland Jr.,1.10,5,Sun,1,1,2023-09-10,25-190,PIT,,SFO,L 7-30,1.10,3.10,3.1,2.1,5,7.9,0,0.0,7,26.9,RB,McFaAn00
3367,Kenny McIntosh,1.10,10,Sun,3,3,2024-09-22,24-203,SEA,,MIA,W 24-3,1.10,1.10,1.1,1.1,10,15.6,0,0.0,10,37.0,RB,McInKe00
3368,Jordan Mims,1.10,5,Sun,1,1,2024-09-08,25-084,NOR,,CAR,W 47-10,1.10,1.10,1.1,1.1,5,7.6,0,0.0,1,3.3,RB,MimsJo00
3369,David Montgomery,1.10,11,Sun,3,3,2022-09-25,25-110,CHI,,HOU,W 23-20,1.10,1.10,1.1,1.1,11,17.5,0,0.0,0,0.0,RB,MontDa01
3370,Raheem Mostert,1.10,24,Sun,3,3,2022-09-25,30-169,MIA,,BUF,W 21-19,1.10,1.10,1.1,1.1,24,55.8,0,0.0,4,18.2,RB,MostRa00
3371,Latavius Murray,1.10,23,Thu,8,8,2023-10-26,33-281,BUF,,TAM,W 24-18,1.10,2.10,2.1,1.6,23,33.3,0,0.0,0,0.0,RB,MurrLa00
3372,Dare Ogunbowale,1.10,16,Sun,13,14,2023-12-10,29-220,HOU,@,NYJ,L 6-30,1.10,2.10,2.1,1.6,16,28.6,0,0.0,19,65.5,RB,OgunDa00
3373,Dare Ogunbowale,1.10,15,Sun,10,10,2024-11-10,30-190,HOU,,DET,L 23-26,1.10,1.10,1.1,1.1,15,22.1,0,0.0,19,63.3,RB,OgunDa00
3374,Dare Ogunbowale,1.10,8,Mon,11,11,2024-11-18,30-198,HOU,@,DAL,W 34-10,1.10,2.10,2.1,1.6,8,12.5,0,0.0,17,63.0,RB,OgunDa00
3375,Pierre Strong,1.10,12,Sun,14,15,2023-12-17,25-007,CLE,,CHI,W 20-17,1.10,3.10,3.1,2.1,12,17.4,0,0.0,23,65.7,RB,StroPi00
3376,Deuce Vaughn,1.10,22,Sun,4,4,2023-10-01,21-333,DAL,,NWE,W 38-3,1.10,2.10,2.1,1.6,22,31.4,0,0.0,8,30.8,RB,VaugDe00
3377,Jonathan Ward,1.10,3,Sun,16,17,2023-12-31,26-092,TEN,@,HOU,L 3-26,1.10,1.10,1.1,1.1,3,5.5,0,0.0,9,37.5,RB,WardJo00
3378,Emanuel Wilson,1.10,12,Sun,7,7,2024-10-20,25-165,GNB,,HOU,W 24-22,1.10,1.10,1.1,1.1,12,20.7,0,0.0,0,0.0,RB,WilsEm00
3379,Jeff Wilson,1.10,5,Sun,12,13,2023-12-03,28-017,MIA,@,WAS,W 45-15,1.10,1.10,1.1,1.1,5,8.2,0,0.0,3,10.7,RB,WilsJe01
3380,Jeff Wilson,1.10,4,Sun,13,14,2024-12-08,29-022,MIA,,NYJ,W 32-26 (OT),1.10,2.10,2.1,1.6,4,5.6,0,0.0,0,0.0,RB,WilsJe01
3381,Israel Abanikanda,1.00,19,Thu,16,17,2023-12-28,21-084,NYJ,@,CLE,L 20-37,1.00,5.00,6.0,3.0,19,26.0,0,0.0,2,6.7,RB,AbanIs00
3382,Ameer Abdullah,1.00,18,Sat,17,18,2023-01-07,29-208,LVR,,KAN,L 13-31,1.00,2.00,2.0,1.5,18,25.7,0,0.0,14,60.9,RB,AbduAm00
3383,Braelon Allen,1.00,10,Sun,15,16,2024-12-22,20-337,NYJ,,LAR,L 9-19,1.00,2.00,2.0,1.5,10,14.5,0,0.0,0,0.0,RB,AlleBr05
3384,Alex Armah,1.00,8,Sun,17,18,2024-01-07,29-235,WAS,,DAL,L 10-38,1.00,2.00,2.0,1.5,8,16.3,0,0.0,14,63.6,RB,ArmaAl00
3385,Trey Benson,1.00,4,Sun,8,8,2024-10-27,22-098,ARI,@,MIA,W 28-27,1.00,1.00,1.0,1.0,4,6.1,0,0.0,0,0.0,RB,BensTr01
3386,Tank Bigsby,1.00,8,Sun,4,4,2023-10-01,22-032,JAX,,ATL,W 23-7,1.00,1.00,1.0,1.0,8,12.1,0,0.0,0,0.0,RB,BigsTa00
3387,Malcolm Brown,1.00,13,Sun,7,8,2022-10-30,29-168,LAR,,SFO,L 14-31,1.00,1.00,1.0,1.0,13,22.4,0,0.0,11,45.8,RB,BrowMa03
3388,Rex Burkhead,1.00,13,Sun,16,17,2023-01-01,32-183,HOU,,JAX,L 3-31,1.00,4.00,4.0,2.5,13,18.6,0,0.0,0,0.0,RB,BurkRe00
3389,Dalvin Cook,1.00,10,Sun,14,15,2023-12-17,28-129,NYJ,@,MIA,L 0-30,1.00,2.00,2.0,1.5,10,17.2,0,0.0,0,0.0,RB,CookDa01
3390,DeeJay Dallas,1.00,4,Sun,10,10,2024-11-10,26-055,ARI,,NYJ,W 31-6,1.00,1.00,1.0,1.0,4,6.8,0,0.0,11,61.1,RB,DallDe00
3391,DeeJay Dallas,1.00,10,Sun,5,5,2022-10-09,24-023,SEA,@,NOR,L 32-39,1.00,2.00,2.0,1.5,10,19.2,0,0.0,24,70.6,RB,DallDe00
3392,Isaiah Davis,1.00,2,Sun,10,10,2024-11-10,22-263,NYJ,@,ARI,L 6-31,1.00,2.00,2.0,1.5,2,3.4,0,0.0,11,61.1,RB,DaviIs00
3393,Clyde Edwards-Helaire,1.00,11,Sun,17,18,2024-01-07,24-271,KAN,@,LAC,W 13-12,1.00,2.00,2.0,1.5,11,19.0,0,0.0,0,0.0,RB,EdwaCl00
3394,Ezekiel Elliott,1.00,32,Sun,17,18,2023-01-08,27-170,DAL,@,WAS,L 6-26,1.00,1.00,1.0,1.0,32,47.8,0,0.0,0,0.0,RB,ElliEz00
3395,Zach Evans,1.00,6,Sun,6,6,2023-10-15,22-138,LAR,,ARI,W 26-9,1.00,1.00,1.0,1.0,6,10.5,0,0.0,8,29.6,RB,EvanZa00
3396,Anthony Firkser,1.00,15,Sat,15,16,2022-12-24,27-308,ATL,@,BAL,L 9-17,1.00,3.00,3.0,2.0,15,21.1,0,0.0,0,0.0,FB,FirkAn00
3397,Kenneth Gainwell,1.00,22,Sun,8,9,2024-11-03,25-234,PHI,,JAX,W 28-23,1.00,2.00,2.0,1.5,22,27.8,0,0.0,8,34.8,RB,GainKe00
3398,Eric Gray,1.00,6,Sun,17,18,2025-01-05,25-062,NYG,@,PHI,L 13-20,1.00,2.00,2.0,1.5,6,11.3,0,0.0,7,29.2,RB,GrayEr01
3399,Damien Harris,1.00,9,Mon,7,7,2022-10-24,25-255,NWE,,CHI,L 14-33,1.00,2.00,2.0,1.5,9,17.3,0,0.0,0,0.0,RB,HarrDa06
3400,Jamycal Hasty,1.00,16,Sun,8,8,2022-10-30,26-048,JAX,,DEN,L 17-21,1.00,4.00,4.0,2.5,16,22.2,0,0.0,16,61.5,RB,HastJa02
3401,Derrick Henry,1.00,34,Sun,14,15,2023-12-17,29-347,TEN,,HOU,L 16-19 (OT),1.00,5.00,5.0,3.0,34,54.0,0,0.0,0,0.0,RB,HenrDe00
3402,George Holani,1.00,3,Sun,14,15,2024-12-15,24-365,SEA,,GNB,L 13-30,1.00,1.00,1.0,1.0,3,5.1,0,0.0,4,13.8,RB,HolaGe00
3403,Travis Homer,1.00,16,Thu,14,15,2022-12-15,24-130,SEA,,SFO,L 13-21,1.00,5.00,6.0,3.0,16,25.0,0,0.0,15,53.6,RB,HomeTr00
3404,Travis Homer,1.00,11,Sun,1,1,2024-09-08,26-032,CHI,,TEN,W 24-17,1.00,1.00,1.0,1.0,11,19.6,0,0.0,21,72.4,RB,HomeTr00
3405,Alec Ingold,1.00,22,Sun,1,1,2022-09-11,26-064,MIA,,NWE,W 20-7,1.00,2.00,2.0,1.5,22,36.7,0,0.0,6,31.6,FB,IngoAl01
3406,Mark Ingram,1.00,17,Sun,12,12,2022-11-27,32-341,NOR,@,SFO,L 0-13,1.00,1.00,1.0,1.0,17,29.8,0,0.0,0,0.0,RB,IngrMa01
3407,Deon Jackson,1.00,13,Sun,11,11,2022-11-20,23-275,IND,,PHI,L 16-17,1.00,5.00,5.0,3.0,13,20.0,0,0.0,4,16.0,RB,JackDe02
3408,Deon Jackson,1.00,14,Sun,16,17,2023-01-01,23-317,IND,@,NYG,L 10-38,1.00,1.00,1.0,1.0,14,24.1,0,0.0,8,33.3,RB,JackDe02
3409,D'Ernest Johnson,1.00,13,Sun,5,5,2024-10-06,28-222,JAX,,IND,W 37-34,1.00,3.00,3.0,2.0,13,22.4,0,0.0,5,14.7,RB,JohnDE04
3410,Alvin Kamara,1.00,38,Sun,12,12,2022-11-27,27-125,NOR,@,SFO,L 0-13,1.00,7.00,9.0,4.0,38,66.7,0,0.0,0,0.0,RB,KamaAl00
3411,Hunter Luepke,1.00,15,Sun,11,12,2024-11-24,24-270,DAL,@,WAS,W 34-26,1.00,2.00,2.0,1.5,15,22.7,0,0.0,15,39.5,RB,LuepHu00
3412,Jordan Mason,1.00,3,Sun,12,13,2023-12-03,24-193,SFO,@,PHI,W 42-19,1.00,1.00,1.0,1.0,3,5.1,0,0.0,16,61.5,RB,MasoJo00
3413,Scott Matlock,1.00,26,Thu,15,16,2024-12-19,24-174,LAC,,DEN,W 34-27,1.00,2.00,2.0,1.5,26,40.0,3,4.7,18,62.1,FB/DL,MatlSc00
3414,Jerick McKinnon,1.00,20,Thu,1,1,2023-09-07,31-127,KAN,,DET,L 20-21,1.00,2.00,2.0,1.5,20,30.8,0,0.0,18,66.7,RB,McKiJe00
3415,Jeremy McNichols,1.00,22,Sun,16,17,2024-12-29,29-003,WAS,,ATL,W 30-24 (OT),1.00,3.00,3.0,2.0,22,26.5,0,0.0,6,22.2,RB,McNiJe00
3416,Elijah Mitchell,1.00,10,Sun,1,1,2023-09-10,25-131,SFO,@,PIT,W 30-7,1.00,1.00,1.0,1.0,10,14.7,0,0.0,0,0.0,RB,MitcEl00
3417,Keaton Mitchell,1.00,15,Sat,17,18,2025-01-04,22-353,BAL,,CLE,W 35-10,1.00,1.00,1.0,1.0,15,21.4,0,0.0,3,12.0,RB,MitcKe01
3418,Latavius Murray,1.00,26,Sun,9,9,2023-11-05,33-291,BUF,@,CIN,L 18-24,1.00,2.00,2.0,1.5,26,44.8,0,0.0,0,0.0,RB,MurrLa00
3419,Chris Myarick,1.00,30,Sun,8,8,2022-10-30,27-024,NYG,@,SEA,L 13-27,1.00,2.00,2.0,1.5,30,46.2,0,0.0,15,50.0,FB,MyarCh00
3420,Samaje Perine,1.00,14,Sun,2,2,2022-09-18,27-002,CIN,@,DAL,L 17-20,1.00,2.00,2.0,1.5,14,20.0,0,0.0,18,69.2,RB,PeriSa00
3421,Samaje Perine,1.00,8,Thu,1,1,2024-09-05,28-355,KAN,,BAL,W 27-20,1.00,2.00,2.0,1.5,8,14.8,0,0.0,0,0.0,RB,PeriSa00
3422,James Robinson,1.00,11,Sun,10,11,2022-11-20,24-103,NYJ,@,NWE,L 3-10,1.00,1.00,1.0,1.0,11,22.0,0,0.0,0,0.0,RB,RobiJa00
3423,James Robinson,1.00,9,Sun,12,13,2022-12-04,24-117,NYJ,@,MIN,L 22-27,1.00,1.00,1.0,1.0,9,10.6,0,0.0,0,0.0,RB,RobiJa00
3424,Miles Sanders,1.00,23,Thu,9,10,2023-11-09,26-192,CAR,@,CHI,L 13-16,1.00,3.00,3.0,2.0,23,38.3,0,0.0,0,0.0,RB,SandMi01
3425,Boston Scott,1.00,8,Sun,1,1,2023-09-10,28-136,PHI,@,NWE,W 25-20,1.00,2.00,2.0,1.5,8,12.1,0,0.0,15,51.7,RB,ScotBo02
3426,Trey Sermon,1.00,7,Sun,16,17,2024-12-29,25-334,IND,@,NYG,L 33-45,1.00,2.00,2.0,1.5,7,9.1,0,0.0,8,25.0,RB,SermTr00
3427,Rhamondre Stevenson,1.00,13,Mon,13,14,2022-12-12,24-292,NWE,@,ARI,W 27-13,1.00,3.00,3.0,2.0,13,22.0,0,0.0,0,0.0,RB,StevRh00
3428,Pierre Strong,1.00,2,Sat,15,16,2022-12-24,24-014,NWE,,CIN,L 18-22,1.00,3.00,3.0,2.0,2,3.6,0,0.0,10,40.0,RB,StroPi00
3429,Patrick Taylor,1.00,12,Sun,16,17,2023-01-01,24-247,GNB,,MIN,W 41-17,1.00,1.00,1.0,1.0,12,19.0,0,0.0,6,21.4,RB,TaylPa01
3430,Avery Williams,1.00,10,Sun,14,15,2022-12-18,24-156,ATL,@,NOR,L 18-21,1.00,3.00,3.0,2.0,10,13.5,0,0.0,15,68.2,RB,WillAv02
3431,Jamaal Williams,1.00,15,Sun,10,10,2023-11-12,28-223,NOR,@,MIN,L 19-27,1.00,2.00,2.0,1.5,15,22.4,0,0.0,0,0.0,RB,WillJa06
3432,Jamaal Williams,1.00,20,Sun,11,12,2023-11-26,28-237,NOR,@,ATL,L 15-24,1.00,3.00,3.0,2.0,20,27.8,0,0.0,0,0.0,RB,WillJa06
3433,De'Von Achane,0.90,6,Sun,2,2,2023-09-17,21-339,MIA,@,NWE,W 24-17,0.90,1.90,1.9,1.4,6,9.5,0,0.0,1,4.0,RB,AchaDe00
3434,Braelon Allen,0.90,17,Thu,9,9,2024-10-31,20-285,NYJ,,HOU,W 21-13,0.90,0.90,0.9,0.9,17,29.3,0,0.0,9,34.6,RB,AlleBr05
3435,Tank Bigsby,0.90,9,Mon,3,3,2024-09-23,23-024,JAX,@,BUF,L 10-47,0.90,0.90,0.9,0.9,9,12.7,0,0.0,1,4.0,RB,BigsTa00
3436,Matt Breida,0.90,11,Sat,15,16,2022-12-24,27-299,NYG,@,MIN,L 24-27,0.90,0.90,0.9,0.9,11,15.9,0,0.0,8,27.6,RB,BreiMa00
3437,Matt Breida,0.90,11,Sun,7,7,2023-10-22,28-236,NYG,,WAS,W 14-7,0.90,1.90,1.9,1.4,11,16.2,0,0.0,15,51.7,RB,BreiMa00
3438,Gary Brightwell,0.90,5,Sun,16,17,2023-01-01,23-307,NYG,,IND,W 38-10,0.90,0.90,0.9,0.9,5,7.9,0,0.0,13,54.2,RB,BrigGa00
3439,Rex Burkhead,0.90,23,Sun,2,2,2022-09-18,32-078,HOU,@,DEN,L 9-16,0.90,2.90,2.9,1.9,23,36.5,0,0.0,0,0.0,RB,BurkRe00
3440,Michael Burton,0.90,5,Sun,8,9,2022-11-06,30-278,KAN,,TEN,W 20-17 (OT),0.90,1.90,1.9,1.4,5,5.0,0,0.0,16,51.6,RB,BurtMi00
3441,Ty Chandler,0.90,7,Thu,2,2,2023-09-14,25-125,MIN,@,PHI,L 28-34,0.90,2.90,2.9,1.9,7,12.1,0,0.0,7,24.1,RB,ChanTy01
3442,Zach Charbonnet,0.90,33,Sun,7,7,2024-10-20,23-286,SEA,@,ATL,W 34-14,0.90,1.90,1.9,1.4,33,55.0,0,0.0,3,11.5,RB,CharZa00
3443,Emari Demercado,0.90,9,Sun,16,17,2023-12-31,24-345,ARI,@,PHI,W 35-31,0.90,1.90,1.9,1.4,9,11.8,0,0.0,6,24.0,RB,DemeEm00
3444,Chase Edmonds,0.90,15,Sun,9,10,2022-11-13,26-214,DEN,@,TEN,L 10-17,0.90,1.90,1.9,1.4,15,18.8,0,0.0,0,0.0,RB,EdmoCh00
3445,Chase Edmonds,0.90,9,Sun,12,13,2023-12-03,27-234,TAM,,CAR,W 21-18,0.90,1.90,1.9,1.4,9,14.5,0,0.0,12,41.4,RB,EdmoCh00
3446,Clyde Edwards-Helaire,0.90,5,Sun,10,11,2022-11-20,23-223,KAN,@,LAC,W 30-27,0.90,0.90,0.9,0.9,5,7.7,0,0.0,0,0.0,RB,EdwaCl00
3447,Gus Edwards,0.90,16,Sun,3,3,2024-09-22,29-162,LAC,@,PIT,L 10-20,0.90,0.90,0.9,0.9,16,34.8,0,0.0,0,0.0,RB,EdwaGu00
3448,Audric Estime,0.90,6,Thu,7,7,2024-10-17,21-041,DEN,@,NOR,W 33-10,0.90,0.90,1.9,0.9,6,9.2,0,0.0,2,6.9,RB,EstiAu00
3449,Darrynton Evans,0.90,16,Sun,14,15,2022-12-18,24-162,CHI,,PHI,L 20-25,0.90,0.90,0.9,0.9,16,27.1,0,0.0,12,48.0,RB,EvanDa02
3450,Jerome Ford,0.90,7,Sun,16,17,2023-01-01,23-111,CLE,@,WAS,W 24-10,0.90,0.90,0.9,0.9,7,12.3,0,0.0,8,38.1,RB,FordJe00
3451,D'Onta Foreman,0.90,3,Sun,2,2,2022-09-18,26-147,CAR,@,NYG,L 16-19,0.90,0.90,0.9,0.9,3,5.2,0,0.0,0,0.0,RB,ForeDO00
3452,D'Onta Foreman,0.90,14,Sun,14,15,2022-12-18,26-238,CAR,,PIT,L 16-24,0.90,0.90,0.9,0.9,14,30.4,0,0.0,0,0.0,RB,ForeDO00
3453,Royce Freeman,0.90,8,Sun,13,14,2023-12-10,27-289,LAR,@,BAL,L 31-37 (OT),0.90,0.90,0.9,0.9,8,10.4,0,0.0,22,59.5,RB,FreeRo00
3454,Kenneth Gainwell,0.90,25,Sun,4,4,2024-09-29,25-199,PHI,@,TAM,L 16-33,0.90,0.90,0.9,0.9,25,43.9,0,0.0,4,14.8,RB,GainKe00
3455,Kenneth Gainwell,0.90,15,Sun,16,17,2024-12-29,25-290,PHI,,DAL,W 41-7,0.90,1.90,1.9,1.4,15,23.1,0,0.0,8,30.8,RB,GainKe00
3456,Eric Gray,0.90,6,Sun,7,7,2024-10-20,24-351,NYG,,PHI,L 3-28,0.90,1.90,1.9,1.4,6,10.3,0,0.0,5,15.6,RB,GrayEr01
3457,Breece Hall,0.90,16,Sun,2,2,2023-09-17,22-109,NYJ,@,DAL,L 10-30,0.90,0.90,0.9,0.9,16,34.0,0,0.0,0,0.0,RB,HallBr03
3458,C.J. Ham,0.90,6,Sun,13,14,2022-12-11,29-142,MIN,@,DET,L 23-34,0.90,1.90,1.9,1.4,6,9.2,0,0.0,19,65.5,FB,HamxC.00
3459,C.J. Ham,0.90,13,Sun,15,16,2024-12-22,31-153,MIN,@,SEA,W 27-24,0.90,1.90,1.9,1.4,13,19.7,0,0.0,21,63.6,FB,HamxC.00
3460,Darrell Henderson,0.90,4,Sun,10,11,2022-11-20,25-093,LAR,@,NOR,L 20-27,0.90,0.90,0.9,0.9,4,6.3,0,0.0,0,0.0,RB,HendDa00
3461,Khalil Herbert,0.90,9,Sun,3,3,2024-09-22,26-154,CHI,@,IND,L 16-21,0.90,0.90,0.9,0.9,9,10.0,0,0.0,13,56.5,RB,HerbKh00
3462,Nyheim Hines,0.90,6,Sun,9,10,2022-11-13,26-001,BUF,,MIN,L 30-33 (OT),0.90,1.90,1.9,1.4,6,8.0,0,0.0,15,45.5,RB,HineNy00
3463,Alec Ingold,0.90,32,Sat,14,15,2022-12-17,26-161,MIA,@,BUF,L 29-32,0.90,1.90,1.9,1.4,32,54.2,0,0.0,9,30.0,FB,IngoAl01
3464,Deon Jackson,0.90,8,Mon,15,16,2022-12-26,23-311,IND,,LAC,L 3-20,0.90,3.90,3.9,2.4,8,15.4,0,0.0,6,33.3,RB,JackDe02
3465,Jermar Jefferson,0.90,7,Mon,16,17,2024-12-30,24-259,DET,@,SFO,W 40-34,0.90,0.90,0.9,0.9,7,9.9,0,0.0,0,0.0,RB,JeffJe00
3466,D'Ernest Johnson,0.90,25,Mon,12,13,2023-12-04,27-280,JAX,,CIN,L 31-34 (OT),0.90,1.90,1.9,1.4,25,36.2,0,0.0,0,0.0,RB,JohnDE04
3467,D'Ernest Johnson,0.90,9,Sun,6,6,2022-10-16,26-231,CLE,,NWE,L 15-38,0.90,2.90,2.9,1.9,9,12.9,0,0.0,14,48.3,RB,JohnDE04
3468,Ty Johnson,0.90,10,Sun,7,7,2022-10-23,25-036,NYJ,@,DEN,W 16-9,0.90,1.90,1.9,1.4,10,16.9,0,0.0,17,60.7,RB,JohnTy02
3469,Kyle Juszczyk,0.90,31,Sun,16,17,2023-01-01,31-253,SFO,@,LVR,W 37-34 (OT),0.90,0.90,0.9,0.9,31,46.3,0,0.0,3,9.1,FB,JuszKy00
3470,Kyle Juszczyk,0.90,34,Sun,6,6,2023-10-15,32-175,SFO,@,CLE,L 17-19,0.90,1.90,1.9,1.4,34,54.8,0,0.0,2,6.5,FB,JuszKy00
3471,Hunter Luepke,0.90,17,Sun,8,9,2024-11-03,24-249,DAL,@,ATL,L 21-27,0.90,2.90,2.9,1.9,17,22.1,0,0.0,9,34.6,RB,LuepHu00
3472,Marlon Mack,0.90,5,Sun,12,13,2022-12-04,26-272,DEN,@,BAL,L 9-10,0.90,1.90,1.9,1.4,5,9.4,0,0.0,0,0.0,RB,MackMa00
3473,Scott Matlock,0.90,27,Sun,7,8,2024-10-27,24-121,LAC,,NOR,W 26-8,0.90,1.90,1.9,1.4,27,40.9,4,5.5,17,50.0,FB/DL,MatlSc00
3474,Kenny McIntosh,0.90,9,Sun,14,15,2024-12-15,24-287,SEA,,GNB,L 13-30,0.90,0.90,0.9,0.9,9,15.3,0,0.0,12,41.4,RB,McInKe00
3475,Jeremy McNichols,0.90,22,Sun,6,6,2024-10-13,28-292,WAS,@,BAL,L 23-30,0.90,0.90,0.9,0.9,22,37.3,0,0.0,13,44.8,RB,McNiJe00
3476,Keaton Mitchell,0.90,2,Sun,7,7,2023-10-22,21-278,BAL,,DET,W 38-6,0.90,1.90,1.9,1.4,2,3.3,0,0.0,10,47.6,RB,MitcKe01
3477,Ty Montgomery,0.90,3,Sun,6,6,2023-10-15,30-266,NWE,@,LVR,L 17-21,0.90,1.90,1.9,1.4,3,5.0,0,0.0,14,56.0,RB,MontTy01
3478,Kene Nwangwu,0.90,3,Sun,10,10,2023-11-12,25-276,MIN,,NOR,W 27-19,0.90,0.90,0.9,0.9,3,4.1,0,0.0,13,44.8,RB,NwanKe00
3479,Isiah Pacheco,0.90,5,Sun,3,3,2022-09-25,23-207,KAN,@,IND,L 17-20,0.90,0.90,0.9,0.9,5,7.9,0,0.0,9,39.1,RB,PachIs00
3480,Isiah Pacheco,0.90,22,Sun,8,9,2022-11-06,23-249,KAN,,TEN,W 20-17 (OT),0.90,1.90,1.9,1.4,22,22.0,0,0.0,10,32.3,RB,PachIs00
3481,Ronnie Rivers,0.90,6,Sun,3,3,2024-09-22,25-235,LAR,,SFO,W 27-24,0.90,0.90,0.9,0.9,6,10.3,0,0.0,14,51.9,RB,RiveRo01
3482,Miles Sanders,0.90,40,Sun,14,15,2022-12-18,25-231,PHI,@,CHI,W 25-20,0.90,1.90,2.9,1.4,40,54.8,0,0.0,0,0.0,RB,SandMi01
3483,Cody Schrader,0.90,2,Sun,17,18,2025-01-05,25-119,LAR,,SEA,L 25-30,0.90,1.90,1.9,1.4,2,3.0,0,0.0,10,37.0,RB,SchrCo00
3484,Boston Scott,0.90,3,Sun,13,14,2023-12-10,28-227,PHI,@,DAL,L 13-33,0.90,0.90,0.9,0.9,3,5.5,0,0.0,12,48.0,RB,ScotBo02
3485,Tyjae Spears,0.90,27,Sun,3,3,2023-09-24,22-101,TEN,@,CLE,L 3-27,0.90,4.90,4.9,2.9,27,56.3,0,0.0,6,25.0,RB,SpeaTy00
3486,Isaiah Spiller,0.90,12,Sun,16,17,2023-12-31,22-144,LAC,@,DEN,L 9-16,0.90,2.90,2.9,1.9,12,18.5,0,0.0,0,0.0,RB,SpilIs00
3487,Carson Steele,0.90,14,Mon,8,9,2024-11-04,22-014,KAN,,TAM,W 30-24 (OT),0.90,0.90,0.9,0.9,14,16.5,0,0.0,6,21.4,RB,SteeCa00
3488,Pierre Strong,0.90,14,Thu,16,17,2023-12-28,25-018,CLE,,NYJ,W 37-20,0.90,0.90,1.9,0.9,14,23.3,0,0.0,16,53.3,RB,StroPi00
3489,Pierre Strong,0.90,7,Sun,13,14,2024-12-08,25-364,CLE,@,PIT,L 14-27,0.90,2.90,2.9,1.9,7,9.7,0,0.0,18,62.1,RB,StroPi00
3490,Pierre Strong,0.90,13,Sun,15,16,2024-12-22,26-012,CLE,@,CIN,L 6-24,0.90,2.90,2.9,1.9,13,19.7,0,0.0,11,52.4,RB,StroPi00
3491,Patrick Taylor,0.90,5,Sun,8,8,2024-10-27,26-181,SFO,,DAL,W 30-24,0.90,0.90,0.9,0.9,5,7.4,0,0.0,17,56.7,RB,TaylPa01
3492,Sione Vaki,0.90,10,Sun,10,11,2024-11-17,23-110,DET,,JAX,W 52-6,0.90,0.90,0.9,0.9,10,12.7,0,0.0,17,65.4,RB,VakiSi00
3493,Deuce Vaughn,0.90,5,Sun,9,10,2023-11-12,22-010,DAL,,NYG,W 49-17,0.90,1.90,1.9,1.4,5,6.4,0,0.0,12,38.7,RB,VaugDe00
3494,Ke'Shawn Vaughn,0.90,12,Sun,5,6,2023-10-15,26-164,TAM,,DET,L 6-20,0.90,0.90,0.9,0.9,12,21.4,0,0.0,2,8.0,RB,VaugKe00
3495,Jonathan Ward,0.90,3,Sun,5,5,2024-10-06,27-006,PIT,,DAL,L 17-20,0.90,0.90,0.9,0.9,3,5.2,0,0.0,14,58.3,RB,WardJo00
3496,Jaylen Warren,0.90,3,Sun,10,11,2022-11-20,24-019,PIT,,CIN,L 30-37,0.90,1.90,1.9,1.4,3,4.1,0,0.0,1,2.8,RB,WarrJa01
3497,Zamir White,0.90,3,Thu,13,14,2022-12-08,23-081,LVR,@,LAR,L 16-17,0.90,0.90,0.9,0.9,3,5.0,0,0.0,0,0.0,RB,WhitZa01
3498,Zamir White,0.90,4,Sun,6,6,2023-10-15,24-027,LVR,,NWE,W 21-17,0.90,2.90,2.9,1.9,4,5.7,0,0.0,11,44.0,RB,WhitZa01
3499,Zamir White,0.90,22,Sun,10,11,2024-11-17,25-060,LVR,@,MIA,L 19-34,0.90,0.90,0.9,0.9,22,33.8,0,0.0,2,8.7,RB,WhitZa01
3500,Avery Williams,0.90,4,Sun,3,3,2022-09-25,24-072,ATL,@,SEA,W 27-23,0.90,0.90,0.9,0.9,4,7.0,0,0.0,20,80.0,RB,WillAv02
3501,Damien Williams,0.90,3,Sun,8,8,2023-10-29,31-209,ARI,,BAL,L 24-31,0.90,1.90,1.9,1.4,3,3.9,0,0.0,1,3.6,RB,WillDa05
3502,Darrel Williams,0.90,8,Sun,5,5,2022-10-09,27-177,ARI,,PHI,L 17-20,0.90,0.90,0.9,0.9,8,11.6,0,0.0,7,28.0,RB,WillDa10
3503,Jamaal Williams,0.90,8,Mon,5,5,2024-10-07,29-187,NOR,@,KAN,L 13-26,0.90,0.90,0.9,0.9,8,15.1,0,0.0,11,45.8,RB,WillJa06
3504,Javonte Williams,0.90,8,Sun,4,4,2023-10-01,23-159,DEN,@,CHI,W 31-28,0.90,3.90,3.9,2.4,8,16.7,0,0.0,0,0.0,RB,WillJa10
3505,Kyren Williams,0.90,18,Sun,12,13,2022-12-04,22-100,LAR,,SEA,L 23-27,0.90,0.90,0.9,0.9,18,28.1,0,0.0,1,3.7,RB,WillKy02
3506,Emanuel Wilson,0.90,13,Sun,2,2,2024-09-15,25-130,GNB,,IND,W 16-10,0.90,0.90,0.9,0.9,13,18.6,0,0.0,0,0.0,RB,WilsEm00
3507,Emanuel Wilson,0.90,6,Sun,14,15,2024-12-15,25-221,GNB,@,SEA,W 30-13,0.90,0.90,0.9,0.9,6,9.4,0,0.0,0,0.0,RB,WilsEm00
3508,Ameer Abdullah,0.80,14,Sun,8,9,2022-11-06,29-146,LVR,@,JAX,L 20-27,0.80,1.80,1.8,1.3,14,23.7,0,0.0,14,51.9,RB,AbduAm00
3509,Salvon Ahmed,0.80,2,Sun,16,17,2023-01-01,24-002,MIA,@,NWE,L 21-23,0.80,1.80,1.8,1.3,2,2.8,0,0.0,2,7.4,RB,AhmeSa01
3510,Braelon Allen,0.80,12,Mon,6,6,2024-10-14,20-268,NYJ,,BUF,L 20-23,0.80,0.80,0.8,0.8,12,19.0,0,0.0,7,28.0,RB,AlleBr05
3511,Nick Bawden,0.80,8,Thu,16,17,2023-12-28,27-189,NYJ,@,CLE,L 20-37,0.80,1.80,1.8,1.3,8,11.0,0,0.0,19,63.3,FB,BawdNi00
3512,Trey Benson,0.80,2,Sun,3,3,2024-09-22,22-063,ARI,,DET,L 13-20,0.80,0.80,0.8,0.8,2,3.4,0,0.0,0,0.0,RB,BensTr01
3513,Tank Bigsby,0.80,13,Sun,5,5,2023-10-08,22-039,JAX,@,BUF,W 25-20,0.80,0.80,0.8,0.8,13,14.8,0,0.0,0,0.0,RB,BigsTa00
3514,Tank Bigsby,0.80,17,Sun,6,6,2023-10-15,22-046,JAX,,IND,W 37-20,0.80,1.80,1.8,1.3,17,26.6,0,0.0,0,0.0,RB,BigsTa00
3515,Raheem Blackshear,0.80,4,Sun,13,14,2023-12-10,24-188,CAR,@,NOR,L 6-28,0.80,1.80,1.8,1.3,4,5.0,0,0.0,8,33.3,RB,BlacRa00
3516,Michael Burton,0.80,7,Thu,2,2,2022-09-15,30-226,KAN,,LAC,W 27-24,0.80,1.80,1.8,1.3,7,12.3,0,0.0,17,53.1,RB,BurtMi00
3517,Julius Chestnut,0.80,7,Sun,13,14,2022-12-11,22-046,TEN,,JAX,L 22-36,0.80,2.80,2.8,1.8,7,10.4,0,0.0,12,46.2,RB,ChesJu00
3518,Corey Clement,0.80,1,Sun,12,12,2022-11-27,28-025,ARI,,LAC,L 24-25,0.80,1.80,1.8,1.3,1,1.5,0,0.0,10,37.0,RB,ClemCo00
3519,James Conner,0.80,12,Sat,16,17,2024-12-28,29-237,ARI,@,LAR,L 9-13,0.80,2.80,2.8,1.8,12,15.2,0,0.0,0,0.0,RB,ConnJa00
3520,Dalvin Cook,0.80,7,Sun,8,9,2024-11-03,29-085,DAL,@,ATL,L 21-27,0.80,0.80,0.8,0.8,7,9.1,0,0.0,0,0.0,RB,CookDa01
3521,Dalvin Cook,0.80,7,Mon,8,9,2023-11-06,28-088,NYJ,,LAC,L 6-27,0.80,1.80,1.8,1.3,7,8.6,0,0.0,0,0.0,RB,CookDa01
3522,Dalvin Cook,0.80,16,Sun,13,14,2023-12-10,28-122,NYJ,,HOU,W 30-6,0.80,1.80,1.8,1.3,16,23.5,0,0.0,0,0.0,RB,CookDa01
3523,James Cook,0.80,10,Sun,6,6,2022-10-16,23-021,BUF,@,KAN,W 24-20,0.80,0.80,0.8,0.8,10,13.7,0,0.0,0,0.0,RB,CookJa01
3524,Rico Dowdle,0.80,14,Sun,8,9,2023-11-05,25-144,DAL,@,PHI,L 23-28,0.80,0.80,0.8,0.8,14,18.7,0,0.0,9,37.5,RB,DowdRi01
3525,Kenyan Drake,0.80,16,Sun,2,2,2022-09-18,28-235,BAL,,MIA,L 38-42,0.80,0.80,0.8,0.8,16,27.1,0,0.0,1,3.3,RB,DrakKe00
3526,Trestan Ebner,0.80,14,Sun,4,4,2022-10-02,23-273,CHI,@,NYG,L 12-20,0.80,2.80,3.8,1.8,14,22.6,0,0.0,10,33.3,RB,EbneTr00
3527,Trestan Ebner,0.80,8,Mon,7,7,2022-10-24,23-295,CHI,@,NWE,W 33-14,0.80,0.80,0.8,0.8,8,11.3,0,0.0,13,52.0,RB,EbneTr00
3528,Trestan Ebner,0.80,15,Sun,11,11,2022-11-20,23-322,CHI,@,ATL,L 24-27,0.80,0.80,0.8,0.8,15,21.7,0,0.0,0,0.0,RB,EbneTr00
3529,Chase Edmonds,0.80,8,Sun,1,1,2023-09-10,27-150,TAM,@,MIN,W 20-17,0.80,0.80,0.8,0.8,8,11.8,0,0.0,15,53.6,RB,EdmoCh00
3530,Melvin Gordon,0.80,9,Mon,6,6,2022-10-17,29-187,DEN,@,LAC,L 16-19 (OT),0.80,0.80,0.8,0.8,9,15.5,0,0.0,0,0.0,RB,GordMe00
3531,Eric Gray,0.80,6,Sun,16,17,2023-12-31,24-057,NYG,,LAR,L 25-26,0.80,1.80,1.8,1.3,6,8.1,0,0.0,5,16.7,RB,GrayEr01
3532,Kevin Harris,0.80,6,Sun,17,18,2024-01-07,23-051,NWE,,NYJ,L 3-17,0.80,1.80,1.8,1.3,6,10.5,0,0.0,4,14.3,RB,HarrKe01
3533,Khalil Herbert,0.80,12,Sun,13,14,2023-12-10,25-233,CHI,,DET,W 28-13,0.80,0.80,0.8,0.8,12,16.9,0,0.0,0,0.0,RB,HerbKh00
3534,Dontrell Hilliard,0.80,16,Sun,8,9,2022-11-06,27-253,TEN,@,KAN,L 17-20 (OT),0.80,1.80,1.8,1.3,16,31.4,0,0.0,20,64.5,RB,HillDo00
3535,Dontrell Hilliard,0.80,26,Sun,9,10,2022-11-13,27-260,TEN,,DEN,W 17-10,0.80,1.80,1.8,1.3,26,41.9,0,0.0,19,65.5,RB,HillDo00
3536,Nyheim Hines,0.80,3,Thu,5,5,2022-10-06,25-328,IND,@,DEN,W 12-9 (OT),0.80,1.80,1.8,1.3,3,3.8,0,0.0,0,0.0,RB,HineNy00
3537,Alec Ingold,0.80,29,Sun,1,1,2024-09-08,28-061,MIA,,JAX,W 20-17,0.80,0.80,0.8,0.8,29,40.8,0,0.0,7,28.0,FB,IngoAl01
3538,Keaontay Ingram,0.80,22,Sun,9,9,2023-11-05,24-010,ARI,@,CLE,L 0-27,0.80,0.80,0.8,0.8,22,42.3,0,0.0,0,0.0,RB,IngrKe01
3539,D'Ernest Johnson,0.80,3,Sun,8,8,2023-10-29,27-244,JAX,@,PIT,W 20-10,0.80,0.80,0.8,0.8,3,4.2,0,0.0,17,65.4,RB,JohnDE04
3540,D'Ernest Johnson,0.80,13,Sun,15,16,2024-12-22,28-299,JAX,@,LVR,L 14-19,0.80,1.80,1.8,1.3,13,19.4,0,0.0,0,0.0,RB,JohnDE04
3541,Joshua Kelley,0.80,15,Thu,14,15,2023-12-14,26-024,LAC,@,LVR,L 21-63,0.80,1.80,2.8,1.3,15,23.1,0,0.0,10,27.0,RB,KellJo01
3542,Zonovan Knight,0.80,2,Sun,5,5,2023-10-08,22-180,DET,,CAR,W 42-24,0.80,1.80,1.8,1.3,2,3.3,0,0.0,11,40.7,RB,KnigZo00
3543,Alexander Mattison,0.80,16,Sun,10,11,2022-11-20,24-154,MIN,,DAL,L 3-40,0.80,1.80,1.8,1.3,16,28.1,0,0.0,0,0.0,RB,MattAl01
3544,Jerick McKinnon,0.80,25,Sun,8,8,2023-10-29,31-179,KAN,@,DEN,L 9-24,0.80,1.80,1.8,1.3,25,41.0,0,0.0,9,40.9,RB,McKiJe00
3545,Jaleel McLaughlin,0.80,24,Sun,1,1,2024-09-08,23-361,DEN,@,SEA,L 20-26,0.80,5.80,6.8,3.3,24,34.8,0,0.0,0,0.0,RB,McLaJa00
3546,Kendre Miller,0.80,5,Sun,4,4,2023-10-01,21-112,NOR,,TAM,L 9-26,0.80,1.80,1.8,1.3,5,7.7,0,0.0,0,0.0,RB,MillKe01
3547,Dare Ogunbowale,0.80,18,Sun,6,6,2024-10-13,30-162,HOU,@,NWE,W 41-21,0.80,0.80,0.8,0.8,18,27.3,0,0.0,22,66.7,RB,OgunDa00
3548,Cordarrelle Patterson,0.80,6,Sun,14,15,2024-12-15,33-273,PIT,@,PHI,L 13-27,0.80,1.80,1.8,1.3,6,14.0,0,0.0,6,24.0,RB,PattCo00
3549,Rashaad Penny,0.80,2,Sun,9,9,2023-11-05,27-276,PHI,,DAL,W 28-23,0.80,0.80,0.8,0.8,2,3.2,0,0.0,5,20.8,RB,PennRa00
3550,Samaje Perine,0.80,20,Sun,7,7,2022-10-23,27-037,CIN,,ATL,W 35-17,0.80,2.80,2.8,1.8,20,29.4,0,0.0,13,52.0,RB,PeriSa00
3551,Samaje Perine,0.80,11,Sun,10,11,2024-11-17,29-062,KAN,@,BUF,L 21-30,0.80,2.80,2.8,1.8,11,20.0,0,0.0,9,37.5,RB,PeriSa00
3552,Tony Pollard,0.80,24,Sun,4,4,2022-10-02,25-155,DAL,,WAS,W 25-10,0.80,1.80,1.8,1.3,24,39.3,0,0.0,2,6.7,RB,PollTo00
3553,Miles Sanders,0.80,24,Sun,15,16,2023-12-24,26-237,CAR,,GNB,L 30-33,0.80,1.80,1.8,1.3,24,36.4,0,0.0,0,0.0,RB,SandMi01
3554,Boston Scott,0.80,7,Mon,10,11,2023-11-20,28-207,PHI,@,KAN,W 21-17,0.80,0.80,0.8,0.8,7,12.5,0,0.0,5,19.2,RB,ScotBo02
3555,Trey Sermon,0.80,17,Sun,4,4,2024-09-29,25-243,IND,,PIT,W 27-24,0.80,0.80,0.8,0.8,17,25.8,0,0.0,0,0.0,RB,SermTr00
3556,Devin Singletary,0.80,14,Sun,13,14,2024-12-08,27-096,NYG,,NOR,L 11-14,0.80,0.80,0.8,0.8,14,17.9,0,0.0,0,0.0,RB,SingDe00
3557,Tyjae Spears,0.80,26,Sun,10,11,2024-11-17,23-155,TEN,,MIN,L 13-23,0.80,2.80,2.8,1.8,26,44.1,0,0.0,0,0.0,RB,SpeaTy00
3558,Isaiah Spiller,0.80,8,Sun,7,8,2023-10-29,22-081,LAC,,CHI,W 30-13,0.80,1.80,1.8,1.3,8,11.6,0,0.0,0,0.0,RB,SpilIs00
3559,Pierre Strong,0.80,12,Sun,9,9,2024-11-03,25-329,CLE,,LAC,L 10-27,0.80,0.80,0.8,0.8,12,15.2,0,0.0,18,62.1,RB,StroPi00
3560,Deuce Vaughn,0.80,8,Sun,1,1,2023-09-10,21-312,DAL,@,NYG,W 40-0,0.80,0.80,0.8,0.8,8,13.8,0,0.0,1,4.2,RB,VaugDe00
3561,Deuce Vaughn,0.80,5,Sun,5,5,2023-10-08,21-340,DAL,@,SFO,L 10-42,0.80,1.80,1.8,1.3,5,10.2,0,0.0,8,29.6,RB,VaugDe00
3562,Ke'Shawn Vaughn,0.80,5,Sun,8,9,2023-11-05,26-185,TAM,@,HOU,L 37-39,0.80,1.80,1.8,1.3,5,7.6,0,0.0,3,9.1,RB,VaugKe00
3563,Zamir White,0.80,5,Sun,13,14,2023-12-10,24-083,LVR,,MIN,L 0-3,0.80,0.80,0.8,0.8,5,9.3,0,0.0,11,50.0,RB,WhitZa01
3564,Avery Williams,0.80,7,Sun,6,6,2022-10-16,24-093,ATL,,SFO,W 28-14,0.80,1.80,1.8,1.3,7,12.1,0,0.0,18,81.8,RB,WillAv02
3565,Jamaal Williams,0.80,10,Mon,15,16,2024-12-23,29-264,NOR,@,GNB,L 0-34,0.80,0.80,0.8,0.8,10,17.9,0,0.0,10,47.6,RB,WillJa06
3566,Trayveon Williams,0.80,2,Sun,13,14,2022-12-11,25-054,CIN,,CLE,W 23-10,0.80,1.80,1.8,1.3,2,3.0,0,0.0,18,75.0,RB,WillTr06
3567,Jaylen Wright,0.80,13,Sun,11,12,2024-11-24,21-237,MIA,,NWE,W 34-15,0.80,0.80,1.8,0.8,13,19.1,0,0.0,0,0.0,RB,WrigJa04
3568,Ameer Abdullah,0.70,18,Sun,17,18,2024-01-07,30-208,LVR,,DEN,W 27-14,0.70,1.70,1.7,1.2,18,27.3,0,0.0,13,52.0,RB,AbduAm00
3569,Ameer Abdullah,0.70,7,Sun,6,7,2022-10-23,29-132,LVR,,HOU,W 38-20,0.70,2.70,2.7,1.7,7,12.5,0,0.0,13,48.1,RB,AbduAm00
3570,Salvon Ahmed,0.70,4,Sun,17,18,2023-01-08,24-009,MIA,,NYJ,W 11-6,0.70,0.70,0.7,0.7,4,6.2,0,0.0,4,18.2,RB,AhmeSa01
3571,Nick Bawden,0.70,3,Mon,8,9,2023-11-06,27-137,NYJ,,LAC,L 6-27,0.70,1.70,1.7,1.2,3,3.7,0,0.0,23,76.7,FB,BawdNi00
3572,Mike Boone,0.70,5,Sun,1,1,2024-09-08,29-070,CAR,@,NOR,L 10-47,0.70,0.70,0.7,0.7,5,8.5,0,0.0,19,63.3,RB,BoonMi00
3573,Jonathon Brooks,0.70,5,Sun,11,12,2024-11-24,21-126,CAR,,KAN,L 27-30,0.70,0.70,0.7,0.7,5,8.1,0,0.0,0,0.0,RB,BrooJo02
3574,Ty Chandler,0.70,7,Sun,16,17,2024-12-29,26-231,MIN,,GNB,W 27-25,0.70,0.70,0.7,0.7,7,9.7,0,0.0,14,51.9,RB,ChanTy01
3575,Mike Davis,0.70,3,Mon,9,9,2022-11-07,29-261,BAL,@,NOR,W 27-13,0.70,1.70,1.7,1.2,3,4.4,0,0.0,0,0.0,RB,DaviMi01
3576,Tyrion Davis-Price,0.70,5,Sun,16,17,2024-12-29,24-067,PHI,,DAL,W 41-7,0.70,0.70,0.7,0.7,5,7.7,0,0.0,0,0.0,RB,DaviTy03
3577,Emari Demercado,0.70,12,Sun,3,3,2024-09-22,25-246,ARI,,DET,L 13-20,0.70,0.70,0.7,0.7,12,20.3,0,0.0,4,17.4,RB,DemeEm00
3578,Chase Edmonds,0.70,18,Sun,9,10,2023-11-12,27-213,TAM,,TEN,W 20-6,0.70,1.70,1.7,1.2,18,27.7,0,0.0,13,56.5,RB,EdmoCh00
3579,Jerome Ford,0.70,36,Sun,9,9,2024-11-03,25-052,CLE,,LAC,L 10-27,0.70,1.70,1.7,1.2,36,45.6,0,0.0,5,17.2,RB,FordJe00
3580,D'Onta Foreman,0.70,13,Sun,4,4,2024-09-29,28-158,CLE,@,LVR,L 16-20,0.70,1.70,1.7,1.2,13,22.0,0,0.0,5,19.2,RB,ForeDO00
3581,Antonio Gibson,0.70,13,Sun,8,8,2024-10-27,26-126,NWE,,NYJ,W 25-22,0.70,0.70,0.7,0.7,13,19.4,0,0.0,0,0.0,RB,GibsAn00
3582,Isaac Guerendo,0.70,5,Sun,7,7,2024-10-20,24-114,SFO,,KAN,L 18-28,0.70,1.70,1.7,1.2,5,7.9,0,0.0,13,54.2,RB,GuerIs00
3583,C.J. Ham,0.70,22,Sun,1,1,2023-09-10,30-050,MIN,,TAM,L 17-20,0.70,2.70,2.7,1.7,22,34.4,0,0.0,20,71.4,FB,HamxC.00
3584,C.J. Ham,0.70,8,Sun,3,3,2023-09-24,30-064,MIN,,LAC,L 24-28,0.70,1.70,1.7,1.2,8,9.8,0,0.0,14,56.0,FB,HamxC.00
3585,C.J. Ham,0.70,8,Sun,13,14,2023-12-10,30-141,MIN,@,LVR,W 3-0,0.70,0.70,0.7,0.7,8,11.1,0,0.0,15,68.2,FB,HamxC.00
3586,Hassan Haskins,0.70,6,Sun,8,9,2022-11-06,22-345,TEN,@,KAN,L 17-20 (OT),0.70,1.70,1.7,1.2,6,11.8,0,0.0,23,74.2,RB,HaskHa00
3587,Justice Hill,0.70,14,Sun,10,10,2023-11-12,25-363,BAL,,CLE,L 31-33,0.70,0.70,0.7,0.7,14,25.9,0,0.0,15,48.4,RB,HillJu00
3588,Justice Hill,0.70,17,Thu,11,11,2023-11-16,26-002,BAL,,CIN,W 34-20,0.70,1.70,1.7,1.2,17,25.8,0,0.0,14,43.8,RB,HillJu00
3589,Kylin Hill,0.70,1,Sun,9,9,2022-11-06,24-080,GNB,@,DET,L 9-15,0.70,0.70,0.7,0.7,1,1.4,0,0.0,3,23.1,RB,HillKy00
3590,Nyheim Hines,0.70,10,Sun,13,14,2022-12-11,26-029,BUF,,NYJ,W 20-12,0.70,1.70,1.7,1.2,10,16.9,0,0.0,10,33.3,RB,HineNy00
3591,Travis Homer,0.70,17,Mon,14,15,2024-12-16,26-131,CHI,@,MIN,L 12-30,0.70,0.70,0.7,0.7,17,25.4,0,0.0,18,66.7,RB,HomeTr00
3592,Travis Homer,0.70,2,Sun,3,3,2022-09-25,24-049,SEA,,ATL,L 23-27,0.70,0.70,0.7,0.7,2,2.8,0,0.0,1,4.0,RB,HomeTr00
3593,Chuba Hubbard,0.70,4,Sun,6,6,2022-10-16,23-127,CAR,@,LAR,L 10-24,0.70,1.70,1.7,1.2,4,9.1,0,0.0,14,53.8,RB,HubbCh01
3594,Evan Hull,0.70,8,Sun,1,1,2023-09-10,22-319,IND,,JAX,L 21-31,0.70,1.70,1.7,1.2,8,11.1,0,0.0,0,0.0,RB,HullEv00
3595,Godwin Igwebuike,0.70,4,Sun,16,17,2023-01-01,28-113,SEA,,NYJ,W 23-6,0.70,1.70,1.7,1.2,4,5.6,0,0.0,16,64.0,RB,IgweGo00
3596,Keaontay Ingram,0.70,9,Sun,6,6,2022-10-16,22-355,ARI,@,SEA,L 9-19,0.70,0.70,0.7,0.7,9,12.7,0,0.0,0,0.0,RB,IngrKe01
3597,David Johnson,0.70,10,Sun,11,11,2022-11-20,30-339,NOR,,LAR,W 27-20,0.70,1.70,1.7,1.2,10,17.5,0,0.0,0,0.0,RB,JohnDa08
3598,Ty Johnson,0.70,14,Sun,1,1,2024-09-08,26-357,BUF,,ARI,W 34-28,0.70,0.70,0.7,0.7,14,22.6,0,0.0,8,29.6,RB,JohnTy02
3599,Ty Johnson,0.70,12,Thu,15,16,2022-12-22,25-096,NYJ,,JAX,L 3-19,0.70,0.70,0.7,0.7,12,20.3,0,0.0,4,18.2,RB,JohnTy02
3600,Tony Jones,0.70,21,Sun,9,9,2023-11-05,25-346,ARI,@,CLE,L 0-27,0.70,2.70,2.7,1.7,21,40.4,0,0.0,4,14.3,RB,JoneTo04
3601,Kyle Juszczyk,0.70,41,Sun,13,14,2022-12-11,31-232,SFO,,TAM,W 35-7,0.70,2.70,2.7,1.7,41,65.1,0,0.0,4,19.0,FB,JuszKy00
3602,Kyle Juszczyk,0.70,36,Sun,4,4,2023-10-01,32-161,SFO,,ARI,W 35-16,0.70,1.70,1.7,1.2,36,65.5,0,0.0,0,0.0,FB,JuszKy00
3603,Kyle Juszczyk,0.70,39,Sun,8,8,2024-10-27,33-187,SFO,,DAL,W 30-24,0.70,1.70,1.7,1.2,39,57.4,0,0.0,0,0.0,FB,JuszKy00
3604,Jordan Mason,0.70,5,Sun,3,3,2022-09-25,23-124,SFO,@,DEN,L 10-11,0.70,0.70,0.7,0.7,5,8.9,0,0.0,15,53.6,RB,MasoJo00
3605,Scott Matlock,0.70,18,Sun,4,4,2024-09-29,24-093,LAC,,KAN,L 10-17,0.70,1.70,1.7,1.2,18,32.1,1,1.6,15,62.5,FB/DL,MatlSc00
3606,Jerick McKinnon,0.70,22,Sun,4,4,2023-10-01,31-151,KAN,@,NYJ,W 23-20,0.70,0.70,0.7,0.7,22,31.4,0,0.0,10,38.5,RB,McKiJe00
3607,Zack Moss,0.70,4,Sun,11,11,2022-11-20,24-340,IND,,PHI,L 16-17,0.70,0.70,0.7,0.7,4,6.2,0,0.0,0,0.0,RB,MossZa00
3608,Zack Moss,0.70,16,Sun,5,5,2022-10-09,24-298,BUF,,PIT,W 38-3,0.70,0.70,0.7,0.7,16,28.6,0,0.0,0,0.0,RB,MossZa00
3609,Latavius Murray,0.70,11,Sun,5,5,2023-10-08,33-263,BUF,,JAX,L 20-25,0.70,1.70,1.7,1.2,11,18.3,0,0.0,0,0.0,RB,MurrLa00
3610,Cordarrelle Patterson,0.70,5,Sun,5,5,2023-10-08,32-205,ATL,,HOU,W 21-19,0.70,1.70,1.7,1.2,5,6.5,0,0.0,6,20.7,RB,PattCo00
3611,Cordarrelle Patterson,0.70,12,Sun,8,8,2023-10-29,32-226,ATL,@,TEN,L 23-28,0.70,0.70,0.7,0.7,12,17.6,0,0.0,5,14.3,RB,PattCo00
3612,Cordarrelle Patterson,0.70,12,Sun,13,14,2023-12-10,32-268,ATL,,TAM,L 25-29,0.70,0.70,0.7,0.7,12,16.7,0,0.0,6,18.8,RB,PattCo00
3613,Dameon Pierce,0.70,8,Sun,13,14,2023-12-10,23-294,HOU,@,NYJ,L 6-30,0.70,1.70,1.7,1.2,8,14.3,0,0.0,0,0.0,RB,PierDa01
3614,Craig Reynolds,0.70,5,Sun,7,8,2022-10-30,26-137,DET,,MIA,L 27-31,0.70,0.70,0.7,0.7,5,8.3,0,0.0,10,40.0,RB,ReynCr00
3615,Patrick Ricard,0.70,36,Sun,1,1,2022-09-11,28-107,BAL,@,NYJ,W 24-9,0.70,1.70,1.7,1.2,36,64.3,0,0.0,2,7.4,FB,RicaPa00
3616,Chris Rodriguez,0.70,3,Sun,1,1,2023-09-10,22-349,WAS,,ARI,W 20-16,0.70,0.70,0.7,0.7,3,4.2,0,0.0,20,71.4,RB,RodrCh00
3617,Trey Sermon,0.70,10,Sun,4,4,2023-10-01,24-244,IND,,LAR,L 23-29 (OT),0.70,0.70,0.7,0.7,10,15.6,0,0.0,0,0.0,RB,SermTr00
3618,Trey Sermon,0.70,18,Sun,2,2,2024-09-15,25-229,IND,@,GNB,L 10-16,0.70,1.70,1.7,1.2,18,32.1,0,0.0,0,0.0,RB,SermTr00
3619,Tyjae Spears,0.70,21,Sun,11,12,2023-11-26,22-164,TEN,,CAR,W 17-10,0.70,1.70,1.7,1.2,21,39.6,0,0.0,2,8.3,RB,SpeaTy00
3620,Isaiah Spiller,0.70,16,Sun,3,3,2023-09-24,22-046,LAC,@,MIN,W 28-24,0.70,0.70,0.7,0.7,16,24.2,0,0.0,0,0.0,RB,SpilIs00
3621,Carson Steele,0.70,8,Sun,10,11,2024-11-17,22-027,KAN,@,BUF,L 21-30,0.70,1.70,1.7,1.2,8,14.5,0,0.0,5,20.8,RB,SteeCa00
3622,Patrick Taylor,0.70,21,Mon,5,5,2023-10-09,25-163,GNB,@,LVR,L 13-17,0.70,2.70,2.7,1.7,21,36.2,0,0.0,3,12.5,RB,TaylPa01
3623,Tyrone Tracy Jr.,0.70,15,Sun,1,1,2024-09-08,24-290,NYG,,MIN,L 6-28,0.70,1.70,1.7,1.2,15,21.1,0,0.0,5,20.8,RB,TracTy00
3624,Sean Tucker,0.70,17,Sun,2,2,2023-09-17,21-327,TAM,,CHI,W 27-17,0.70,0.70,0.7,0.7,17,23.9,0,0.0,9,33.3,RB,TuckSe00
3625,Ke'Shawn Vaughn,0.70,18,Sun,6,7,2023-10-22,26-171,TAM,,ATL,L 13-16,0.70,0.70,0.7,0.7,18,24.7,0,0.0,4,19.0,RB,VaugKe00
3626,Kimani Vidal,0.70,11,Sun,8,9,2024-11-03,23-067,LAC,@,CLE,W 27-10,0.70,0.70,0.7,0.7,11,19.3,0,0.0,2,6.9,RB,VidaKi00
3627,Jaylen Warren,0.70,23,Sun,1,1,2022-09-11,23-314,PIT,@,CIN,W 23-20 (OT),0.70,0.70,0.7,0.7,23,36.5,0,0.0,11,34.4,RB,WarrJa01
3628,Derek Watt,0.70,7,Sun,12,13,2022-12-04,30-027,PIT,@,ATL,W 19-16,0.70,1.70,1.7,1.2,7,10.8,0,0.0,16,64.0,FB,WattDe00
3629,Zamir White,0.70,5,Sun,1,1,2023-09-10,23-357,LVR,@,DEN,W 17-16,0.70,1.70,1.7,1.2,5,8.5,0,0.0,0,0.0,RB,WhitZa01
3630,Avery Williams,0.70,5,Sun,8,8,2022-10-30,24-107,ATL,,CAR,W 37-34 (OT),0.70,2.70,2.7,1.7,5,7.5,0,0.0,24,68.6,RB,WillAv02
3631,Darrel Williams,0.70,14,Sun,3,3,2022-09-25,27-163,ARI,,LAR,L 12-20,0.70,0.70,0.7,0.7,14,16.9,0,0.0,9,36.0,RB,WillDa10
3632,Jamaal Williams,0.70,3,Sun,6,6,2024-10-13,29-193,NOR,,TAM,L 27-51,0.70,0.70,0.7,0.7,3,4.3,0,0.0,6,16.2,RB,WillJa06
3633,Jamaal Williams,0.70,4,Sun,12,13,2024-12-01,29-242,NOR,,LAR,L 14-21,0.70,1.70,1.7,1.2,4,5.7,0,0.0,0,0.0,RB,WillJa06
3634,Javonte Williams,0.70,17,Sun,10,10,2024-11-10,24-199,DEN,@,KAN,L 14-16,0.70,2.70,2.7,1.7,17,29.3,0,0.0,0,0.0,RB,WillJa10
3635,Kyren Williams,0.70,4,Mon,14,15,2022-12-19,22-115,LAR,@,GNB,L 12-24,0.70,0.70,0.7,0.7,4,8.9,0,0.0,4,19.0,RB,WillKy02
3636,Trayveon Williams,0.70,8,Sun,10,11,2022-11-20,25-033,CIN,@,PIT,W 37-30,0.70,0.70,0.7,0.7,8,12.1,0,0.0,21,58.3,RB,WillTr06
3637,Trayveon Williams,0.70,16,Sun,1,1,2023-09-10,25-327,CIN,@,CLE,L 3-24,0.70,0.70,0.7,0.7,16,28.6,0,0.0,25,80.6,RB,WillTr06
3638,Emanuel Wilson,0.70,3,Thu,13,14,2024-12-05,25-211,GNB,@,DET,L 31-34,0.70,0.70,0.7,0.7,3,6.0,0,0.0,0,0.0,RB,WilsEm00
3639,Israel Abanikanda,0.60,5,Sun,17,18,2024-01-07,21-094,NYJ,@,NWE,W 17-3,0.60,0.60,0.6,0.6,5,7.7,0,0.0,0,0.0,RB,AbanIs00
3640,Braelon Allen,0.60,5,Sun,7,7,2024-10-20,20-274,NYJ,@,PIT,L 15-37,0.60,1.60,1.6,1.1,5,8.8,0,0.0,12,41.4,RB,AlleBr05
3641,Braelon Allen,0.60,9,Sun,11,11,2024-11-17,20-302,NYJ,,IND,L 27-28,0.60,0.60,0.6,0.6,9,17.6,0,0.0,12,38.7,RB,AlleBr05
3642,Nick Bawden,0.60,6,Fri,11,12,2023-11-24,27-155,NYJ,,MIA,L 13-34,0.60,1.60,1.6,1.1,6,10.3,0,0.0,16,66.7,FB,BawdNi00
3643,Tank Bigsby,0.60,2,Sun,11,12,2023-11-26,22-088,JAX,@,HOU,W 24-21,0.60,0.60,0.6,0.6,2,2.6,0,0.0,4,15.4,RB,BigsTa00
3644,Raheem Blackshear,0.60,2,Sun,12,13,2023-12-03,24-181,CAR,@,TAM,L 18-21,0.60,0.60,0.6,0.6,2,2.8,0,0.0,9,31.0,RB,BlacRa00
3645,Raheem Blackshear,0.60,3,Sun,17,18,2024-01-07,24-216,CAR,,TAM,L 0-9,0.60,0.60,0.6,0.6,3,5.8,0,0.0,10,50.0,RB,BlacRa00
3646,Brandon Bolden,0.60,2,Sun,16,17,2023-12-31,33-339,LVR,@,IND,L 20-23,0.60,0.60,0.6,0.6,2,2.7,0,0.0,26,86.7,RB,BoldBr00
3647,Matt Breida,0.60,16,Sun,1,1,2023-09-10,28-194,NYG,,DAL,L 0-40,0.60,1.60,1.6,1.1,16,22.9,0,0.0,3,12.5,RB,BreiMa00
3648,Chris Collier,0.60,3,Sun,16,17,2024-12-29,24-280,LVR,@,NOR,W 25-10,0.60,0.60,0.6,0.6,3,3.9,0,0.0,9,32.1,RB,CollCh01
3649,Snoop Conner,0.60,4,Sun,12,13,2022-12-04,22-353,JAX,@,DET,L 14-40,0.60,0.60,0.6,0.6,4,7.1,0,0.0,0,0.0,RB,ConnSn00
3650,DeeJay Dallas,0.60,28,Thu,12,13,2023-11-30,25-075,SEA,@,DAL,L 35-41,0.60,0.60,0.6,0.6,28,40.6,0,0.0,15,53.6,RB,DallDe00
3651,Isaiah Davis,0.60,3,Thu,3,3,2024-09-19,22-211,NYJ,,NWE,W 24-3,0.60,0.60,0.6,0.6,3,4.1,0,0.0,14,66.7,RB,DaviIs00
3652,Ray Davis,0.60,11,Sun,10,10,2024-11-10,24-365,BUF,@,IND,W 30-20,0.60,0.60,0.6,0.6,11,14.9,0,0.0,0,0.0,RB,DaviRa04
3653,Chase Edmonds,0.60,3,Sun,10,11,2022-11-20,26-221,DEN,,LVR,L 16-22 (OT),0.60,0.60,0.6,0.6,3,4.7,0,0.0,0,0.0,RB,EdmoCh00
3654,Ezekiel Elliott,0.60,13,Sun,11,12,2024-11-24,29-125,DAL,@,WAS,W 34-26,0.60,0.60,0.6,0.6,13,19.7,0,0.0,0,0.0,RB,ElliEz00
3655,Ezekiel Elliott,0.60,6,Mon,13,14,2024-12-09,29-140,DAL,,CIN,L 20-27,0.60,1.60,1.6,1.1,6,10.0,0,0.0,0,0.0,RB,ElliEz00
3656,Zach Evans,0.60,3,Sun,11,12,2023-11-26,22-180,LAR,@,ARI,W 37-14,0.60,0.60,0.6,0.6,3,4.5,0,0.0,0,0.0,RB,EvanZa00
3657,Anthony Firkser,0.60,3,Sun,1,1,2022-09-11,27-204,ATL,,NOR,L 26-27,0.60,1.60,1.6,1.1,3,4.0,0,0.0,0,0.0,FB,FirkAn00
3658,Kenneth Gainwell,0.60,22,Sun,3,3,2022-09-25,23-195,PHI,@,WAS,W 24-8,0.60,0.60,0.6,0.6,22,31.4,0,0.0,8,30.8,RB,GainKe00
3659,Kenneth Gainwell,0.60,19,Sun,8,8,2023-10-29,24-229,PHI,@,WAS,W 38-31,0.60,5.60,6.6,3.1,19,30.2,0,0.0,6,21.4,RB,GainKe00
3660,Kenneth Gainwell,0.60,7,Mon,2,2,2024-09-16,25-186,PHI,,ATL,L 21-22,0.60,0.60,0.6,0.6,7,9.9,0,0.0,6,27.3,RB,GainKe00
3661,Eric Gray,0.60,11,Sun,14,15,2023-12-17,24-043,NYG,@,NOR,L 6-24,0.60,3.60,3.6,2.1,11,17.7,0,0.0,5,21.7,RB,GrayEr01
3662,Eric Gray,0.60,15,Sun,11,12,2024-11-24,25-020,NYG,,TAM,L 7-30,0.60,2.60,2.6,1.6,15,25.4,0,0.0,10,50.0,RB,GrayEr01
3663,C.J. Ham,0.60,14,Sun,1,1,2022-09-11,29-051,MIN,,GNB,W 23-7,0.60,1.60,1.6,1.1,14,22.6,0,0.0,17,73.9,FB,HamxC.00
3664,C.J. Ham,0.60,17,Sun,15,16,2023-12-24,30-155,MIN,,DET,L 24-30,0.60,1.60,1.6,1.1,17,30.9,0,0.0,15,57.7,FB,HamxC.00
3665,Jamycal Hasty,0.60,3,Sun,5,5,2022-10-09,26-027,JAX,,HOU,L 6-13,0.60,0.60,0.6,0.6,3,4.0,0,0.0,13,61.9,RB,HastJa02
3666,Jamycal Hasty,0.60,4,Sun,7,7,2022-10-23,26-041,JAX,,NYG,L 17-23,0.60,0.60,0.6,0.6,4,5.6,0,0.0,9,40.9,RB,HastJa02
3667,Justice Hill,0.60,20,Sun,7,7,2022-10-23,24-343,BAL,,CLE,W 23-20,0.60,0.60,1.6,0.6,20,31.3,0,0.0,15,55.6,RB,HillJu00
3668,Justice Hill,0.60,17,Sun,12,13,2022-12-04,25-020,BAL,,DEN,W 10-9,0.60,2.60,2.6,1.6,17,23.6,0,0.0,19,73.1,RB,HillJu00
3669,Travis Homer,0.60,20,Sun,2,2,2024-09-15,26-039,CHI,@,HOU,L 13-19,0.60,0.60,0.6,0.6,20,28.6,0,0.0,22,73.3,RB,HomeTr00
3670,Caleb Huntley,0.60,2,Sun,11,11,2022-11-20,24-066,ATL,,CHI,W 27-24,0.60,1.60,1.6,1.1,2,3.6,0,0.0,0,0.0,RB,HuntCa02
3671,Keaontay Ingram,0.60,10,Sun,2,2,2023-09-17,23-326,ARI,,NYG,L 28-31,0.60,0.60,0.6,0.6,10,15.4,0,0.0,0,0.0,RB,IngrKe01
3672,Deon Jackson,0.60,8,Sun,13,13,2022-12-04,23-289,IND,@,DAL,L 19-54,0.60,0.60,0.6,0.6,8,11.1,0,0.0,18,58.1,RB,JackDe02
3673,D'Ernest Johnson,0.60,13,Sun,9,9,2024-11-03,28-250,JAX,@,PHI,L 23-28,0.60,0.60,0.6,0.6,13,24.1,0,0.0,5,21.7,RB,JohnDE04
3674,Roschon Johnson,0.60,20,Sun,13,14,2023-12-10,22-313,CHI,,DET,W 28-13,0.60,0.60,0.6,0.6,20,28.2,0,0.0,10,41.7,RB,JohnRo07
3675,Ty Johnson,0.60,19,Sun,8,8,2022-10-30,25-043,NYJ,,NWE,L 17-22,0.60,0.60,0.6,0.6,19,32.2,0,0.0,12,42.9,RB,JohnTy02
3676,Ronald Jones II,0.60,2,Sun,14,15,2022-12-18,25-137,KAN,@,HOU,W 30-24 (OT),0.60,0.60,0.6,0.6,2,2.6,0,0.0,0,0.0,RB,JoneRo01
3677,Kyle Juszczyk,0.60,44,Sun,3,3,2024-09-22,33-152,SFO,@,LAR,L 24-27,0.60,1.60,1.6,1.1,44,62.0,0,0.0,0,0.0,FB,JuszKy00
3678,Joshua Kelley,0.60,7,Sun,13,14,2023-12-10,26-020,LAC,,DEN,L 7-24,0.60,0.60,0.6,0.6,7,10.3,0,0.0,11,45.8,RB,KellJo01
3679,Jaleel McLaughlin,0.60,9,Sun,17,18,2024-01-07,23-116,DEN,@,LVR,L 14-27,0.60,0.60,0.6,0.6,9,14.8,0,0.0,2,8.0,RB,McLaJa00
3680,Jaleel McLaughlin,0.60,17,Sun,2,2,2024-09-15,24-002,DEN,,PIT,L 6-13,0.60,0.60,0.6,0.6,17,27.9,0,0.0,0,0.0,RB,McLaJa00
3681,Jeremy McNichols,0.60,11,Thu,11,11,2024-11-14,28-324,WAS,@,PHI,L 18-26,0.60,1.60,1.6,1.1,11,16.7,0,0.0,18,66.7,RB,McNiJe00
3682,Zack Moss,0.60,6,Sun,4,4,2022-10-02,24-291,BUF,@,BAL,W 23-20,0.60,0.60,0.6,0.6,6,9.4,0,0.0,0,0.0,RB,MossZa00
3683,Chris Myarick,0.60,21,Mon,3,3,2022-09-26,26-355,NYG,,DAL,L 16-23,0.60,1.60,1.6,1.1,21,29.2,0,0.0,16,55.2,FB,MyarCh00
3684,Kene Nwangwu,0.60,7,Sun,10,11,2022-11-20,24-284,MIN,,DAL,L 3-40,0.60,1.60,1.6,1.1,7,12.3,0,0.0,15,53.6,RB,NwanKe00
3685,Dare Ogunbowale,0.60,31,Sun,15,16,2023-12-24,29-234,HOU,,CLE,L 22-36,0.60,0.60,0.6,0.6,31,41.3,0,0.0,20,83.3,RB,OgunDa00
3686,Dare Ogunbowale,0.60,15,Sun,7,7,2024-10-20,30-169,HOU,@,GNB,L 22-24,0.60,0.60,0.6,0.6,15,23.4,0,0.0,19,65.5,RB,OgunDa00
3687,Isiah Pacheco,0.60,5,Thu,2,2,2022-09-15,23-197,KAN,,LAC,W 27-24,0.60,0.60,0.6,0.6,5,8.8,0,0.0,10,31.3,RB,PachIs00
3688,Cordarrelle Patterson,0.60,10,Sun,6,6,2023-10-15,32-212,ATL,,WAS,L 16-24,0.60,1.60,1.6,1.1,10,12.0,0,0.0,5,20.8,RB,PattCo00
3689,Samaje Perine,0.60,12,Sun,12,13,2023-12-03,28-078,DEN,@,HOU,L 17-22,0.60,2.60,2.6,1.6,12,20.0,0,0.0,6,18.8,RB,PeriSa00
3690,Adam Prentice,0.60,25,Sun,16,17,2023-01-01,25-350,NOR,@,PHI,W 20-10,0.60,1.60,1.6,1.1,25,36.2,0,0.0,18,69.2,FB,PrenAd00
3691,Craig Reynolds,0.60,3,Sun,11,12,2024-11-24,28-162,DET,@,IND,W 24-6,0.60,0.60,0.6,0.6,3,4.2,0,0.0,18,75.0,RB,ReynCr00
3692,Patrick Ricard,0.60,46,Mon,9,9,2022-11-07,28-164,BAL,@,NOR,W 27-13,0.60,1.60,1.6,1.1,46,67.6,0,0.0,2,7.7,FB,RicaPa00
3693,Boston Scott,0.60,18,Sun,16,17,2023-01-01,27-249,PHI,,NOR,L 10-20,0.60,0.60,0.6,0.6,18,32.7,0,0.0,5,19.2,RB,ScotBo02
3694,Keith Smith,0.60,11,Sun,11,12,2023-11-26,31-232,ATL,,NOR,W 24-15,0.60,1.60,1.6,1.1,11,17.7,0,0.0,14,58.3,FB,SmitKe03
3695,Patrick Taylor,0.60,6,Sun,13,13,2022-12-04,24-219,GNB,@,CHI,W 28-19,0.60,0.60,0.6,0.6,6,9.1,0,0.0,8,33.3,RB,TaylPa01
3696,Ke'Shawn Vaughn,0.60,2,Sun,15,16,2022-12-25,25-235,TAM,@,ARI,W 19-16 (OT),0.60,0.60,0.6,0.6,2,2.5,0,0.0,18,54.5,RB,VaugKe00
3697,Zamir White,0.60,4,Sun,12,13,2022-12-04,23-077,LVR,,LAC,W 27-20,0.60,0.60,0.6,0.6,4,6.6,0,0.0,5,16.7,RB,WhitZa01
3698,Avery Williams,0.60,15,Sun,2,2,2022-09-18,24-065,ATL,@,LAR,L 27-31,0.60,1.60,1.6,1.1,15,24.6,1,1.6,19,82.6,RB,WillAv02
3699,Jonathan Williams,0.60,2,Sun,3,3,2022-09-25,28-235,WAS,,PHI,L 8-24,0.60,0.60,0.6,0.6,2,2.6,0,0.0,14,53.8,RB,WillJo07
3700,Kyren Williams,0.60,3,Sun,16,17,2023-01-01,22-128,LAR,@,LAC,L 10-31,0.60,0.60,0.6,0.6,3,6.1,0,0.0,8,32.0,RB,WillKy02
3701,Trayveon Williams,0.60,11,Sun,7,8,2023-10-29,26-011,CIN,@,SFO,W 31-17,0.60,0.60,0.6,0.6,11,17.5,0,0.0,15,60.0,RB,WillTr06
3702,Jeff Wilson,0.60,8,Sun,14,15,2023-12-17,28-031,MIA,,NYJ,W 30-0,0.60,1.60,1.6,1.1,8,13.1,0,0.0,0,0.0,RB,WilsJe01
3703,Jaylen Wright,0.60,18,Sun,10,11,2024-11-17,21-230,MIA,,LVR,W 34-19,0.60,1.60,1.6,1.1,18,26.5,0,0.0,1,4.3,RB,WrigJa04
3704,Ameer Abdullah,0.50,11,Sun,10,11,2022-11-20,29-160,LVR,@,DEN,W 22-16 (OT),0.50,3.50,3.5,2.0,11,16.7,0,0.0,15,51.7,RB,AbduAm00
3705,Ameer Abdullah,0.50,6,Sun,2,2,2023-09-17,30-096,LVR,@,BUF,L 10-38,0.50,1.50,1.5,1.0,6,15.0,0,0.0,13,59.1,RB,AbduAm00
3706,De'Von Achane,0.50,3,Sun,10,11,2023-11-19,22-037,MIA,,LVR,W 20-13,0.50,1.50,1.5,1.0,3,4.3,0,0.0,1,3.8,RB,AchaDe00
3707,Braelon Allen,0.50,10,Sun,14,15,2024-12-15,20-330,NYJ,@,JAX,W 32-25,0.50,0.50,0.5,0.5,10,17.2,0,0.0,0,0.0,RB,AlleBr05
3708,Andrew Beck,0.50,27,Sun,8,9,2023-11-05,27-174,HOU,,TAM,W 39-37,0.50,2.50,2.5,1.5,27,37.5,0,0.0,14,42.4,FB,BeckAn01
3709,Andrew Beck,0.50,27,Sun,12,13,2023-12-03,27-202,HOU,,DEN,W 22-17,0.50,1.50,1.5,1.0,27,39.7,0,0.0,13,40.6,FB,BeckAn01
3710,Tank Bigsby,0.50,10,Sun,9,10,2023-11-12,22-074,JAX,,SFO,L 3-34,0.50,0.50,0.5,0.5,10,17.5,0,0.0,3,13.0,RB,BigsTa00
3711,Raheem Blackshear,0.50,7,Sun,8,9,2023-11-05,24-153,CAR,,IND,L 13-27,0.50,1.50,1.5,1.0,7,9.9,0,0.0,15,53.6,RB,BlacRa00
3712,Brandon Bolden,0.50,4,Sun,8,9,2022-11-06,32-284,LVR,@,JAX,L 20-27,0.50,0.50,0.5,0.5,4,6.8,0,0.0,17,63.0,RB,BoldBr00
3713,Matt Breida,0.50,2,Sun,2,2,2023-09-17,28-201,NYG,@,ARI,W 31-28,0.50,0.50,0.5,0.5,2,2.9,0,0.0,3,10.7,RB,BreiMa00
3714,Rex Burkhead,0.50,11,Sun,11,12,2022-11-27,32-148,HOU,@,MIA,L 15-30,0.50,1.50,1.5,1.0,11,18.0,0,0.0,2,6.7,RB,BurkRe00
3715,Michael Burton,0.50,11,Sun,5,5,2024-10-06,32-248,DEN,,LVR,W 34-18,0.50,1.50,1.5,1.0,11,17.5,0,0.0,20,66.7,FB,BurtMi00
3716,Michael Carter,0.50,20,Sun,16,17,2023-01-01,23-239,NYJ,@,SEA,L 6-23,0.50,2.50,2.5,1.5,20,28.6,0,0.0,0,0.0,RB,CartMi03
3717,Michael Carter,0.50,18,Sun,17,18,2023-01-08,23-246,NYJ,@,MIA,L 6-11,0.50,2.50,2.5,1.5,18,32.1,0,0.0,0,0.0,RB,CartMi03
3718,Michael Carter,0.50,13,Sun,6,6,2023-10-15,24-161,NYJ,,PHI,W 20-14,0.50,0.50,0.5,0.5,13,20.0,0,0.0,0,0.0,RB,CartMi03
3719,Zach Charbonnet,0.50,19,Sun,10,11,2024-11-17,23-314,SEA,@,SFO,W 20-17,0.50,2.50,2.5,1.5,19,31.7,0,0.0,2,9.5,RB,CharZa00
3720,Julius Chestnut,0.50,2,Sun,11,12,2024-11-24,24-029,TEN,@,HOU,W 32-27,0.50,1.50,1.5,1.0,2,3.0,0,0.0,17,48.6,RB,ChesJu00
3721,Snoop Conner,0.50,6,Thu,15,16,2022-12-22,23-006,JAX,@,NYJ,W 19-3,0.50,0.50,0.5,0.5,6,8.3,0,0.0,0,0.0,RB,ConnSn00
3722,Dalvin Cook,0.50,8,Sun,7,8,2023-10-29,28-080,NYJ,@,NYG,W 13-10 (OT),0.50,0.50,0.5,0.5,8,12.5,0,0.0,0,0.0,RB,CookDa01
3723,Blake Corum,0.50,6,Sun,11,12,2024-11-24,23-365,LAR,,PHI,L 20-37,0.50,0.50,0.5,0.5,6,9.4,0,0.0,10,35.7,RB,CoruBl00
3724,DeeJay Dallas,0.50,10,Sun,3,3,2023-09-24,25-008,SEA,,CAR,W 37-27,0.50,1.50,1.5,1.0,10,13.3,0,0.0,21,60.0,RB,DallDe00
3725,DeeJay Dallas,0.50,11,Sat,16,17,2024-12-28,26-103,ARI,@,LAR,L 9-13,0.50,1.50,1.5,1.0,11,13.9,0,0.0,16,72.7,RB,DallDe00
3726,Tyrion Davis-Price,0.50,5,Sun,16,17,2023-01-01,22-070,SFO,@,LVR,W 37-34 (OT),0.50,0.50,0.5,0.5,5,7.5,0,0.0,6,18.2,RB,DaviTy03
3727,Emari Demercado,0.50,8,Sun,2,2,2023-09-17,24-240,ARI,,NYG,L 28-31,0.50,2.50,2.5,1.5,8,12.3,0,0.0,8,28.6,RB,DemeEm00
3728,Kenyan Drake,0.50,17,Sun,7,7,2022-10-23,28-270,BAL,,CLE,W 23-20,0.50,0.50,0.5,0.5,17,26.6,0,0.0,0,0.0,RB,DrakKe00
3729,Clyde Edwards-Helaire,0.50,7,Sun,7,7,2023-10-22,24-194,KAN,,LAC,W 31-17,0.50,0.50,0.5,0.5,7,10.3,0,0.0,0,0.0,RB,EdwaCl00
3730,Clyde Edwards-Helaire,0.50,12,Sun,11,12,2023-11-26,24-229,KAN,@,LVR,W 31-17,0.50,0.50,0.5,0.5,12,20.0,0,0.0,0,0.0,RB,EdwaCl00
3731,Darrynton Evans,0.50,6,Thu,10,10,2023-11-09,25-123,CHI,,CAR,W 16-13,0.50,0.50,0.5,0.5,6,8.3,0,0.0,7,25.0,RB,EvanDa02
3732,D'Onta Foreman,0.50,7,Sun,1,1,2022-09-11,26-140,CAR,,CLE,L 24-26,0.50,0.50,0.5,0.5,7,13.2,0,0.0,0,0.0,RB,ForeDO00
3733,D'Onta Foreman,0.50,11,Sun,3,3,2024-09-22,28-151,CLE,,NYG,L 15-21,0.50,0.50,0.5,0.5,11,16.4,0,0.0,4,15.4,RB,ForeDO00
3734,D'Onta Foreman,0.50,11,Sun,7,7,2024-10-20,28-179,CLE,,CIN,L 14-21,0.50,0.50,0.5,0.5,11,13.1,0,0.0,4,14.3,RB,ForeDO00
3735,Kenneth Gainwell,0.50,17,Mon,10,11,2023-11-20,24-251,PHI,@,KAN,W 21-17,0.50,1.50,1.5,1.0,17,30.4,0,0.0,2,7.7,RB,GainKe00
3736,Tyler Goodson,0.50,6,Sun,17,18,2025-01-05,24-056,IND,,JAX,W 26-23 (OT),0.50,1.50,1.5,1.0,6,7.7,0,0.0,15,42.9,RB,GoodTy00
3737,Isaac Guerendo,0.50,4,Sun,17,18,2025-01-05,24-191,SFO,@,ARI,L 24-47,0.50,0.50,0.5,0.5,4,5.3,0,0.0,0,0.0,RB,GuerIs00
3738,C.J. Ham,0.50,13,Sat,15,16,2022-12-24,29-155,MIN,,NYG,W 27-24,0.50,1.50,1.5,1.0,13,18.1,0,0.0,19,65.5,FB,HamxC.00
3739,Kevin Harris,0.50,12,Sun,6,6,2022-10-16,21-333,NWE,@,CLE,W 38-15,0.50,0.50,0.5,0.5,12,17.1,0,0.0,0,0.0,RB,HarrKe01
3740,Hassan Haskins,0.50,4,Sun,6,7,2022-10-23,22-331,TEN,,IND,W 19-10,0.50,1.50,1.5,1.0,4,6.8,0,0.0,15,62.5,RB,HaskHa00
3741,Hassan Haskins,0.50,3,Sun,5,6,2024-10-13,24-322,LAC,@,DEN,W 23-16,0.50,0.50,0.5,0.5,3,3.8,0,0.0,18,66.7,RB,HaskHa00
3742,Jamycal Hasty,0.50,9,Thu,3,3,2024-09-19,28-007,NWE,@,NYJ,L 3-24,0.50,0.50,0.5,0.5,9,17.3,0,0.0,8,38.1,RB,HastJa02
3743,Jamycal Hasty,0.50,24,Sat,17,18,2023-01-07,26-117,JAX,,TEN,W 20-16,0.50,0.50,0.5,0.5,24,49.0,0,0.0,4,16.7,RB,HastJa02
3744,Kareem Hunt,0.50,7,Sun,17,18,2024-01-07,28-154,CLE,@,CIN,L 14-31,0.50,1.50,1.5,1.0,7,13.2,0,0.0,0,0.0,RB,HuntKa00
3745,Alec Ingold,0.50,25,Sun,8,8,2023-10-29,27-112,MIA,,NWE,W 31-17,0.50,1.50,1.5,1.0,25,32.5,0,0.0,7,26.9,FB,IngoAl01
3746,Keaontay Ingram,0.50,5,Sun,10,10,2022-11-13,23-018,ARI,@,LAR,W 27-17,0.50,0.50,0.5,0.5,5,7.4,0,0.0,9,32.1,RB,IngrKe01
3747,Keaontay Ingram,0.50,7,Sun,12,12,2022-11-27,23-032,ARI,,LAC,L 24-25,0.50,0.50,0.5,0.5,7,10.6,0,0.0,0,0.0,RB,IngrKe01
3748,D'Ernest Johnson,0.50,18,Sun,14,15,2023-12-17,27-293,JAX,,BAL,L 7-23,0.50,0.50,0.5,0.5,18,29.0,0,0.0,0,0.0,RB,JohnDE04
3749,Jakob Johnson,0.50,25,Mon,5,5,2022-10-10,27-299,LVR,@,KAN,L 29-30,0.50,1.50,1.5,1.0,25,39.1,0,0.0,7,25.0,FB,JohnJa12
3750,Roschon Johnson,0.50,20,Thu,16,17,2024-12-26,23-330,CHI,,SEA,L 3-6,0.50,0.50,0.5,0.5,20,32.8,0,0.0,12,57.1,RB,JohnRo07
3751,Tony Jones,0.50,7,Sun,1,1,2023-09-10,25-290,NOR,,TEN,W 16-15,0.50,0.50,0.5,0.5,7,10.8,0,0.0,0,0.0,RB,JoneTo04
3752,Kyle Juszczyk,0.50,28,Mon,15,16,2023-12-25,32-246,SFO,,BAL,L 19-33,0.50,1.50,1.5,1.0,28,40.0,0,0.0,8,29.6,FB,JuszKy00
3753,Hunter Luepke,0.50,10,Mon,13,14,2024-12-09,24-285,DAL,,CIN,L 20-27,0.50,1.50,1.5,1.0,10,16.7,0,0.0,11,40.7,RB,LuepHu00
3754,Jordan Mason,0.50,3,Sun,9,10,2024-11-10,25-170,SFO,@,TAM,W 23-20,0.50,0.50,0.5,0.5,3,4.7,0,0.0,0,0.0,RB,MasoJo00
3755,Kenny McIntosh,0.50,1,Sun,7,7,2024-10-20,24-231,SEA,@,ATL,W 34-14,0.50,0.50,0.5,0.5,1,1.7,0,0.0,11,42.3,RB,McInKe00
3756,Ty Montgomery,0.50,15,Sun,5,5,2023-10-08,30-259,NWE,,NOR,L 0-34,0.50,1.50,1.5,1.0,15,27.8,0,0.0,16,51.6,RB,MontTy01
3757,Dare Ogunbowale,0.50,4,Sun,10,11,2022-11-20,28-200,HOU,,WAS,L 10-23,0.50,1.50,1.5,1.0,4,7.1,0,0.0,20,74.1,RB,OgunDa00
3758,Adam Prentice,0.50,18,Sat,15,16,2022-12-24,25-342,NOR,@,CLE,W 17-10,0.50,0.50,0.5,0.5,18,33.3,0,0.0,6,27.3,FB,PrenAd00
3759,Craig Reynolds,0.50,10,Sun,2,2,2023-09-17,27-094,DET,,SEA,L 31-37 (OT),0.50,1.50,1.5,1.0,10,15.2,0,0.0,11,39.3,RB,ReynCr00
3760,Patrick Ricard,0.50,37,Sun,2,2,2022-09-18,28-114,BAL,,MIA,L 38-42,0.50,0.50,0.5,0.5,37,62.7,0,0.0,7,23.3,FB,RicaPa00
3761,Patrick Ricard,0.50,22,Sun,11,11,2024-11-17,30-174,BAL,@,PIT,L 16-18,0.50,1.50,1.5,1.0,22,36.1,0,0.0,0,0.0,FB,RicaPa00
3762,Chris Rodriguez,0.50,7,Sun,15,16,2024-12-22,24-087,WAS,,PHI,W 36-33,0.50,0.50,0.5,0.5,7,10.3,0,0.0,6,18.8,RB,RodrCh00
3763,Larry Rountree,0.50,8,Sun,17,18,2023-01-08,23-329,LAC,@,DEN,L 28-31,0.50,1.50,1.5,1.0,8,11.8,0,0.0,13,41.9,RB,RounLa00
3764,Miles Sanders,0.50,6,Sun,10,10,2024-11-10,27-193,CAR,,NYG,W 20-17 (OT),0.50,0.50,0.5,0.5,6,10.0,0,0.0,0,0.0,RB,SandMi01
3765,Boston Scott,0.50,5,Thu,8,9,2022-11-03,27-190,PHI,@,HOU,W 29-17,0.50,0.50,0.5,0.5,5,7.7,0,0.0,0,0.0,RB,ScotBo02
3766,Boston Scott,0.50,5,Mon,9,10,2022-11-14,27-201,PHI,,WAS,L 21-32,0.50,0.50,0.5,0.5,5,10.0,0,0.0,0,0.0,RB,ScotBo02
3767,Boston Scott,0.50,20,Sun,17,18,2024-01-07,28-255,PHI,@,NYG,L 10-27,0.50,0.50,0.5,0.5,20,30.8,0,0.0,14,53.8,RB,ScotBo02
3768,Trey Sermon,0.50,16,Sun,17,18,2025-01-05,25-341,IND,,JAX,W 26-23 (OT),0.50,1.50,1.5,1.0,16,20.5,0,0.0,7,20.0,RB,SermTr00
3769,Aaron Shampklin,0.50,13,Sun,4,4,2024-09-29,24-347,PIT,@,IND,L 24-27,0.50,0.50,0.5,0.5,13,18.6,0,0.0,6,22.2,RB,ShamAa00
3770,Isaiah Spiller,0.50,8,Sun,11,12,2022-11-27,21-110,LAC,@,ARI,W 25-24,0.50,1.50,1.5,1.0,8,12.1,0,0.0,0,0.0,RB,SpilIs00
3771,Isaiah Spiller,0.50,17,Sat,15,16,2023-12-23,22-136,LAC,,BUF,L 22-24,0.50,1.50,1.5,1.0,17,24.3,0,0.0,0,0.0,RB,SpilIs00
3772,Pierre Strong,0.50,4,Sun,6,6,2022-10-16,23-310,NWE,@,CLE,W 38-15,0.50,0.50,0.5,0.5,4,5.7,0,0.0,9,31.0,RB,StroPi00
3773,Pierre Strong,0.50,3,Sun,10,11,2023-11-19,24-344,CLE,,PIT,W 13-10,0.50,1.50,1.5,1.0,3,4.0,0,0.0,21,72.4,RB,StroPi00
3774,Pierre Strong,0.50,10,Sun,2,2,2024-09-15,25-280,CLE,@,JAX,W 18-13,0.50,1.50,1.5,1.0,10,13.9,0,0.0,11,40.7,RB,StroPi00
3775,Pierre Strong,0.50,7,Sun,10,11,2024-11-17,25-343,CLE,@,NOR,L 14-35,0.50,0.50,0.5,0.5,7,9.6,0,0.0,14,56.0,RB,StroPi00
3776,Sione Vaki,0.50,1,Sun,5,6,2024-10-13,23-075,DET,@,DAL,W 47-9,0.50,0.50,0.5,0.5,1,1.5,0,0.0,16,57.1,RB,VakiSi00
3777,Derek Watt,0.50,6,Sun,9,10,2022-11-13,30-006,PIT,,NOR,W 20-10,0.50,0.50,0.5,0.5,6,7.1,0,0.0,15,62.5,FB,WattDe00
3778,Derek Watt,0.50,5,Mon,11,12,2022-11-28,30-021,PIT,@,IND,W 24-17,0.50,1.50,1.5,1.0,5,7.2,0,0.0,17,65.4,FB,WattDe00
3779,Zamir White,0.50,1,Sun,10,10,2023-11-12,24-055,LVR,,NYJ,W 16-12,0.50,0.50,0.5,0.5,1,1.6,0,0.0,10,37.0,RB,WhitZa01
3780,Trayveon Williams,0.50,12,Sun,5,5,2023-10-08,25-355,CIN,@,ARI,W 34-20,0.50,0.50,0.5,0.5,12,14.6,0,0.0,14,51.9,RB,WillTr06
3781,Ty'Son Williams,0.50,2,Sun,17,18,2023-01-08,26-126,ARI,@,SFO,L 13-38,0.50,1.50,1.5,1.0,2,3.8,0,0.0,5,19.2,RB,WillTy01
3782,Emanuel Wilson,0.50,5,Sun,2,2,2023-09-17,24-132,GNB,@,ATL,L 24-25,0.50,0.50,0.5,0.5,5,10.0,0,0.0,0,0.0,RB,WilsEm00
3783,Jeff Wilson,0.50,31,Sun,6,6,2022-10-16,26-334,SFO,@,ATL,L 14-28,0.50,0.50,1.5,0.5,31,51.7,0,0.0,0,0.0,RB,WilsJe01
3784,Jeff Wilson,0.50,8,Sun,16,17,2024-12-29,29-043,MIA,@,CLE,W 20-3,0.50,0.50,0.5,0.5,8,13.3,0,0.0,5,21.7,RB,WilsJe01
3785,Ameer Abdullah,0.40,12,Sun,12,13,2022-12-04,29-174,LVR,,LAC,W 27-20,0.40,0.40,0.4,0.4,12,19.7,0,0.0,14,46.7,RB,AbduAm00
3786,Ameer Abdullah,0.40,10,Sun,10,10,2023-11-12,30-152,LVR,,NYJ,W 16-12,0.40,1.40,1.4,0.9,10,15.6,0,0.0,17,63.0,RB,AbduAm00
3787,Ameer Abdullah,0.40,14,Sun,11,11,2023-11-19,30-159,LVR,@,MIA,L 13-20,0.40,1.40,1.4,0.9,14,23.0,0,0.0,18,69.2,RB,AbduAm00
3788,Tank Bigsby,0.40,10,Sun,10,10,2024-11-10,23-072,JAX,,MIN,L 7-12,0.40,0.40,0.4,0.4,10,22.7,0,0.0,2,10.5,RB,BigsTa00
3789,Khari Blasingame,0.40,12,Sun,7,7,2023-10-22,27-113,CHI,,LVR,W 30-12,0.40,1.40,1.4,0.9,12,16.9,0,0.0,14,60.9,FB,BlasKh00
3790,Brandon Bolden,0.40,3,Sun,10,11,2022-11-20,32-298,LVR,@,DEN,W 22-16 (OT),0.40,1.40,1.4,0.9,3,4.5,0,0.0,19,65.5,RB,BoldBr00
3791,Mike Boone,0.40,21,Mon,6,6,2022-10-17,27-109,DEN,@,LAC,L 16-19 (OT),0.40,1.40,1.4,0.9,21,36.2,0,0.0,11,36.7,RB,BoonMi00
3792,Matt Breida,0.40,9,Sun,12,13,2022-12-04,27-279,NYG,,WAS,T 20-20 (OT),0.40,1.40,1.4,0.9,9,13.6,0,0.0,8,23.5,RB,BreiMa00
3793,Michael Burton,0.40,8,Sun,12,13,2023-12-03,31-305,DEN,@,HOU,L 17-22,0.40,0.40,0.4,0.4,8,13.3,0,0.0,22,68.8,FB,BurtMi00
3794,Michael Burton,0.40,16,Sun,15,16,2023-12-24,31-326,DEN,,NWE,L 23-26,0.40,1.40,1.4,0.9,16,23.2,0,0.0,23,69.7,FB,BurtMi00
3795,Ty Chandler,0.40,11,Sun,6,7,2024-10-20,26-161,MIN,,DET,L 29-31,0.40,0.40,0.4,0.4,11,18.3,0,0.0,6,19.4,RB,ChanTy01
3796,Ty Chandler,0.40,1,Mon,14,15,2024-12-16,26-218,MIN,,CHI,W 30-12,0.40,0.40,0.4,0.4,1,1.3,0,0.0,8,29.6,RB,ChanTy01
3797,DeeJay Dallas,0.40,2,Sun,9,9,2022-11-06,24-051,SEA,@,ARI,W 31-21,0.40,0.40,0.4,0.4,2,2.7,0,0.0,12,44.4,RB,DallDe00
3798,Mike Davis,0.40,18,Sun,2,2,2022-09-18,29-211,BAL,,MIA,L 38-42,0.40,0.40,0.4,0.4,18,30.5,0,0.0,0,0.0,RB,DaviMi01
3799,Ray Davis,0.40,2,Sun,5,5,2024-10-06,24-330,BUF,@,HOU,L 20-23,0.40,1.40,1.4,0.9,2,3.3,0,0.0,0,0.0,RB,DaviRa04
3800,Tyrion Davis-Price,0.40,13,Sun,7,7,2022-10-23,22-000,SFO,,KAN,L 23-44,0.40,0.40,0.4,0.4,13,16.5,0,0.0,8,28.6,RB,DaviTy03
3801,Rico Dowdle,0.40,11,Sun,15,16,2023-12-24,25-193,DAL,@,MIA,L 20-22,0.40,0.40,0.4,0.4,11,16.7,0,0.0,4,15.4,RB,DowdRi01
3802,Clyde Edwards-Helaire,0.40,9,Sun,5,5,2023-10-08,24-180,KAN,@,MIN,W 27-20,0.40,0.40,0.4,0.4,9,13.6,0,0.0,0,0.0,RB,EdwaCl00
3803,Clyde Edwards-Helaire,0.40,2,Sun,8,8,2023-10-29,24-201,KAN,@,DEN,L 9-24,0.40,0.40,0.4,0.4,2,3.3,0,0.0,0,0.0,RB,EdwaCl00
3804,Ezekiel Elliott,0.40,9,Thu,12,13,2024-11-28,29-129,DAL,,NYG,W 27-20,0.40,0.40,0.4,0.4,9,11.8,0,0.0,0,0.0,RB,ElliEz00
3805,Audric Estime,0.40,5,Sun,8,8,2024-10-27,21-051,DEN,,CAR,W 28-14,0.40,0.40,0.4,0.4,5,6.8,0,0.0,5,20.8,RB,EstiAu00
3806,Chris Evans,0.40,2,Sun,3,3,2022-09-25,24-355,CIN,@,NYJ,W 27-12,0.40,1.40,1.4,0.9,2,2.9,0,0.0,10,38.5,RB,EvanCh02
3807,Leonard Fournette,0.40,3,Sun,17,18,2023-01-08,27-355,TAM,@,ATL,L 17-30,0.40,1.40,1.4,0.9,3,5.5,0,0.0,0,0.0,RB,FourLe00
3808,Antonio Gibson,0.40,33,Sun,3,3,2023-09-24,25-093,WAS,,BUF,L 3-37,0.40,3.40,4.4,1.9,33,61.1,0,0.0,8,36.4,RB,GibsAn00
3809,Reggie Gilliam,0.40,28,Sun,17,18,2025-01-05,27-138,BUF,@,NWE,L 16-23,0.40,0.40,0.4,0.4,28,41.8,0,0.0,19,76.0,FB,GillRe00
3810,Khalil Herbert,0.40,6,Sun,1,1,2024-09-08,26-140,CHI,,TEN,W 24-17,0.40,0.40,0.4,0.4,6,10.7,0,0.0,10,34.5,RB,HerbKh00
3811,Khalil Herbert,0.40,3,Sun,14,15,2024-12-15,26-238,CIN,@,TEN,W 37-27,0.40,0.40,0.4,0.4,3,4.3,0,0.0,4,18.2,RB,HerbKh00
3812,Dontrell Hilliard,0.40,17,Sun,6,7,2022-10-23,27-239,TEN,,IND,W 19-10,0.40,0.40,0.4,0.4,17,28.8,0,0.0,9,37.5,RB,HillDo00
3813,Justice Hill,0.40,7,Sat,15,16,2022-12-24,25-040,BAL,,ATL,W 17-9,0.40,1.40,1.4,0.9,7,13.5,0,0.0,12,57.1,RB,HillJu00
3814,Justice Hill,0.40,26,Sun,6,6,2024-10-13,26-334,BAL,,WAS,W 30-23,0.40,1.40,1.4,0.9,26,38.2,0,0.0,6,20.7,RB,HillJu00
3815,Chuba Hubbard,0.40,27,Sun,3,3,2023-09-24,24-105,CAR,@,SEA,L 27-37,0.40,2.40,2.4,1.4,27,34.2,0,0.0,16,45.7,RB,HubbCh01
3816,Alec Ingold,0.40,27,Sun,6,7,2024-10-20,28-103,MIA,@,IND,L 10-16,0.40,1.40,2.4,0.9,27,39.1,0,0.0,10,37.0,FB,IngoAl01
3817,Alec Ingold,0.40,25,Sun,15,16,2024-12-22,28-166,MIA,,SFO,W 29-17,0.40,0.40,0.4,0.4,25,37.3,0,0.0,2,7.1,FB,IngoAl01
3818,Duke Johnson,0.40,5,Sun,9,10,2022-11-13,29-051,BUF,,MIN,L 30-33 (OT),0.40,0.40,0.4,0.4,5,6.7,0,0.0,7,21.2,RB,JohnDu00
3819,Ty Johnson,0.40,13,Sun,2,2,2022-09-18,25-001,NYJ,@,CLE,W 31-30,0.40,1.40,1.4,0.9,13,18.6,0,0.0,11,36.7,RB,JohnTy02
3820,Ty Johnson,0.40,14,Sun,10,11,2022-11-20,25-064,NYJ,@,NWE,L 3-10,0.40,0.40,0.4,0.4,14,28.0,0,0.0,5,16.7,RB,JohnTy02
3821,Ronald Jones II,0.40,1,Sat,15,16,2022-12-24,25-143,KAN,,SEA,W 24-10,0.40,0.40,0.4,0.4,1,1.9,0,0.0,0,0.0,RB,JoneRo01
3822,Kyle Juszczyk,0.40,25,Mon,10,11,2022-11-21,31-212,SFO,@,ARI,W 38-10,0.40,0.40,0.4,0.4,25,43.1,0,0.0,7,26.9,FB,JuszKy00
3823,Joshua Kelley,0.40,20,Mon,5,6,2023-10-16,25-330,LAC,,DAL,L 17-20,0.40,1.40,1.4,0.9,20,27.4,0,0.0,9,36.0,RB,KellJo01
3824,Hunter Luepke,0.40,32,Thu,12,13,2024-11-28,24-274,DAL,,NYG,W 27-20,0.40,0.40,0.4,0.4,32,42.1,0,0.0,10,32.3,RB,LuepHu00
3825,Alexander Mattison,0.40,22,Mon,14,15,2024-12-16,26-180,LVR,,ATL,L 9-15,0.40,2.40,3.4,1.4,22,32.8,0,0.0,0,0.0,RB,MattAl01
3826,J.D. McKissic,0.40,12,Sun,7,7,2022-10-23,29-069,WAS,,GNB,W 23-21,0.40,0.40,0.4,0.4,12,16.2,0,0.0,1,3.4,RB,McKiJ.00
3827,Jerick McKinnon,0.40,34,Sun,10,11,2022-11-20,30-201,KAN,@,LAC,W 30-27,0.40,1.40,2.4,0.9,34,52.3,0,0.0,8,27.6,RB,McKiJe00
3828,Jaleel McLaughlin,0.40,2,Sun,11,12,2023-11-26,23-074,DEN,,CLE,W 29-12,0.40,0.40,0.4,0.4,2,3.0,0,0.0,6,23.1,RB,McLaJa00
3829,Jeremy McNichols,0.40,22,Sun,14,15,2024-12-15,28-355,WAS,@,NOR,W 20-19,0.40,1.40,1.4,0.9,22,28.2,0,0.0,4,16.0,RB,McNiJe00
3830,Zack Moss,0.40,1,Sun,10,10,2022-11-13,24-333,IND,@,LVR,W 25-20,0.40,0.40,0.4,0.4,1,1.5,0,0.0,0,0.0,RB,MossZa00
3831,Chris Myarick,0.40,27,Sun,5,5,2022-10-09,27-003,NYG,@,GNB,W 27-22,0.40,1.40,1.4,0.9,27,44.3,0,0.0,6,23.1,FB,MyarCh00
3832,Dare Ogunbowale,0.40,16,Sun,2,2,2023-09-17,29-136,HOU,,IND,L 20-31,0.40,0.40,0.4,0.4,16,19.0,0,0.0,17,58.6,RB,OgunDa00
3833,Dare Ogunbowale,0.40,13,Sun,8,8,2024-10-27,30-176,HOU,,IND,W 23-20,0.40,0.40,0.4,0.4,13,18.3,0,0.0,23,69.7,RB,OgunDa00
3834,Dameon Pierce,0.40,4,Sun,8,8,2024-10-27,24-251,HOU,,IND,W 23-20,0.40,0.40,0.4,0.4,4,5.6,0,0.0,5,15.2,RB,PierDa01
3835,Dameon Pierce,0.40,4,Sat,15,16,2024-12-21,24-306,HOU,@,KAN,L 19-27,0.40,0.40,0.4,0.4,4,6.8,0,0.0,6,25.0,RB,PierDa01
3836,Patrick Ricard,0.40,38,Sun,10,11,2022-11-20,28-177,BAL,,CAR,W 13-3,0.40,0.40,0.4,0.4,38,55.1,0,0.0,2,8.7,FB,RicaPa00
3837,Ronnie Rivers,0.40,4,Sun,2,2,2023-09-17,24-229,LAR,,SFO,L 23-30,0.40,1.40,1.4,0.9,4,5.0,0,0.0,16,57.1,RB,RiveRo01
3838,Ronnie Rivers,0.40,4,Sun,16,17,2023-12-31,24-334,LAR,@,NYG,W 26-25,0.40,1.40,1.4,0.9,4,6.5,0,0.0,4,13.3,RB,RiveRo01
3839,Chris Rodriguez,0.40,5,Sun,10,10,2024-11-10,24-045,WAS,,PIT,L 27-28,0.40,0.40,0.4,0.4,5,7.8,0,0.0,6,18.8,RB,RodrCh00
3840,Boston Scott,0.40,1,Sun,8,8,2023-10-29,28-185,PHI,@,WAS,W 38-31,0.40,1.40,1.4,0.9,1,1.6,0,0.0,15,53.6,RB,ScotBo02
3841,Trey Sermon,0.40,2,Sun,10,10,2024-11-10,25-285,IND,,BUF,L 20-30,0.40,1.40,1.4,0.9,2,3.1,0,0.0,0,0.0,RB,SermTr00
3842,Will Shipley,0.40,1,Sun,12,13,2024-12-01,22-094,PHI,@,BAL,W 24-19,0.40,0.40,0.4,0.4,1,1.8,0,0.0,22,66.7,RB,ShipWi00
3843,Benny Snell Jr.,0.40,2,Sun,13,14,2022-12-11,24-287,PIT,,BAL,L 14-16,0.40,0.40,0.4,0.4,2,3.6,0,0.0,12,57.1,RB,SnelBe00
3844,Carson Steele,0.40,14,Sun,2,2,2024-09-15,21-330,KAN,,CIN,W 26-25,0.40,0.40,1.4,0.4,14,21.5,0,0.0,9,34.6,RB,SteeCa00
3845,Sean Tucker,0.40,1,Sun,3,3,2024-09-22,22-333,TAM,,DEN,L 7-26,0.40,0.40,0.4,0.4,1,1.8,0,0.0,13,59.1,RB,TuckSe00
3846,Deuce Vaughn,0.40,2,Sun,1,1,2024-09-08,22-311,DAL,@,CLE,W 33-17,0.40,0.40,0.4,0.4,2,3.2,0,0.0,8,22.2,RB,VaugDe00
3847,Ke'Shawn Vaughn,0.40,3,Sun,13,14,2024-12-08,27-218,SFO,,CHI,W 38-13,0.40,0.40,0.4,0.4,3,4.9,0,0.0,0,0.0,RB,VaugKe00
3848,Ke'Shawn Vaughn,0.40,3,Sun,9,9,2022-11-06,25-186,TAM,,LAR,W 16-13,0.40,0.40,0.4,0.4,3,3.6,0,0.0,18,54.5,RB,VaugKe00
3849,Zamir White,0.40,3,Sun,14,15,2022-12-18,23-091,LVR,,NWE,W 30-24,0.40,0.40,0.4,0.4,3,4.4,0,0.0,6,18.8,RB,WhitZa01
3850,Zamir White,0.40,2,Sat,17,18,2023-01-07,23-111,LVR,,KAN,L 13-31,0.40,0.40,0.4,0.4,2,2.9,0,0.0,0,0.0,RB,WhitZa01
3851,Jordan Wilkins,0.40,8,Mon,15,16,2022-12-26,28-161,IND,,LAC,L 3-20,0.40,0.40,0.4,0.4,8,15.4,0,0.0,2,11.1,RB,WilkJo01
3852,Avery Williams,0.40,7,Sun,7,7,2022-10-23,24-100,ATL,@,CIN,L 17-35,0.40,0.40,0.4,0.4,7,14.9,0,0.0,17,68.0,RB,WillAv02
3853,Jamaal Williams,0.40,23,Sun,8,8,2024-10-27,29-207,NOR,@,LAC,L 8-26,0.40,0.40,0.4,0.4,23,31.5,0,0.0,9,26.5,RB,WillJa06
3854,Javonte Williams,0.40,38,Sun,12,12,2024-11-24,24-213,DEN,@,LVR,W 29-19,0.40,2.40,2.4,1.4,38,55.9,0,0.0,0,0.0,RB,WillJa10
3855,Trayveon Williams,0.40,10,Sun,2,2,2023-09-17,25-334,CIN,,BAL,L 24-27,0.40,2.40,2.4,1.4,10,16.7,0,0.0,15,60.0,RB,WillTr06
3856,Trayveon Williams,0.40,14,Mon,3,3,2023-09-25,25-342,CIN,,LAR,W 19-16,0.40,0.40,0.4,0.4,14,18.2,0,0.0,15,48.4,RB,WillTr06
3857,Trayveon Williams,0.40,6,Sun,4,4,2023-10-01,25-348,CIN,@,TEN,L 3-27,0.40,0.40,0.4,0.4,6,11.3,0,0.0,14,66.7,RB,WillTr06
3858,Jeff Wilson,0.40,7,Sun,7,7,2023-10-22,27-340,MIA,@,PHI,L 17-31,0.40,1.40,1.4,0.9,7,14.3,0,0.0,6,27.3,RB,WilsJe01
3859,Jaylen Wright,0.40,18,Thu,2,2,2024-09-12,21-164,MIA,,BUF,L 10-31,0.40,0.40,0.4,0.4,18,23.7,0,0.0,0,0.0,RB,WrigJa04
3860,Salvon Ahmed,0.30,18,Sun,7,7,2023-10-22,24-296,MIA,@,PHI,L 17-31,0.30,1.30,1.3,0.8,18,36.7,0,0.0,6,27.3,RB,AhmeSa01
3861,Cam Akers,0.30,7,Sun,15,16,2024-12-22,25-183,MIN,@,SEA,W 27-24,0.30,0.30,0.3,0.3,7,10.6,0,0.0,0,0.0,RB,AkerCa00
3862,Cam Akers,0.30,11,Sun,8,9,2022-11-06,23-137,LAR,@,TAM,L 13-16,0.30,0.30,0.3,0.3,11,19.3,0,0.0,0,0.0,RB,AkerCa00
3863,Tyler Allgeier,0.30,30,Thu,10,10,2022-11-10,22-209,ATL,@,CAR,L 15-25,0.30,3.30,3.3,1.8,30,47.6,0,0.0,0,0.0,RB,AllgTy00
3864,Alex Armah,0.30,6,Sun,10,10,2023-11-12,29-179,WAS,@,SEA,L 26-29,0.30,1.30,1.3,0.8,6,9.8,0,0.0,19,54.3,RB,ArmaAl00
3865,Nick Bawden,0.30,22,Sun,13,14,2023-12-10,27-171,NYJ,,HOU,W 30-6,0.30,0.30,0.3,0.3,22,32.4,0,0.0,21,72.4,FB,BawdNi00
3866,Eno Benjamin,0.30,6,Sun,17,18,2023-01-08,23-270,NOR,,CAR,L 7-10,0.30,0.30,0.3,0.3,6,10.0,0,0.0,2,10.0,RB,BenjEn00
3867,Matt Breida,0.30,8,Mon,3,3,2022-09-26,27-210,NYG,,DAL,L 16-23,0.30,0.30,0.3,0.3,8,11.1,0,0.0,14,48.3,RB,BreiMa00
3868,Matt Breida,0.30,13,Sun,10,10,2023-11-12,28-257,NYG,@,DAL,L 17-49,0.30,0.30,0.3,0.3,13,22.8,0,0.0,12,38.7,RB,BreiMa00
3869,Matt Breida,0.30,5,Mon,15,16,2023-12-25,28-300,NYG,@,PHI,L 25-33,0.30,1.30,1.3,0.8,5,7.9,0,0.0,14,48.3,RB,BreiMa00
3870,Chris Brooks,0.30,4,Sun,3,3,2024-09-22,24-255,GNB,@,TEN,W 30-14,0.30,0.30,0.3,0.3,4,6.3,0,0.0,3,10.7,RB,BrooCh00
3871,Chris Brooks,0.30,14,Thu,13,14,2024-12-05,24-329,GNB,@,DET,L 31-34,0.30,0.30,0.3,0.3,14,28.0,0,0.0,15,53.6,RB,BrooCh00
3872,Michael Burton,0.30,24,Sun,17,18,2025-01-05,32-339,DEN,,KAN,W 38-0,0.30,0.30,0.3,0.3,24,32.4,0,0.0,4,17.4,FB,BurtMi00
3873,Michael Burton,0.30,6,Sun,1,1,2023-09-10,31-221,DEN,,LVR,L 16-17,0.30,1.30,1.3,0.8,6,9.4,0,0.0,11,57.9,FB,BurtMi00
3874,Michael Burton,0.30,13,Sun,2,2,2023-09-17,31-228,DEN,,WAS,L 33-35,0.30,0.30,0.3,0.3,13,19.7,0,0.0,16,53.3,FB,BurtMi00
3875,Michael Burton,0.30,14,Sun,13,14,2023-12-10,31-312,DEN,@,LAC,W 24-7,0.30,1.30,1.3,0.8,14,20.9,0,0.0,17,70.8,FB,BurtMi00
3876,Michael Burton,0.30,10,Sun,1,1,2024-09-08,32-220,DEN,@,SEA,L 20-26,0.30,1.30,1.3,0.8,10,14.5,0,0.0,26,76.5,FB,BurtMi00
3877,Michael Burton,0.30,13,Sun,4,4,2024-09-29,32-241,DEN,@,NYJ,W 10-9,0.30,1.30,1.3,0.8,13,21.3,0,0.0,18,64.3,FB,BurtMi00
3878,Michael Carter,0.30,15,Sun,3,3,2023-09-24,24-140,NYJ,,NWE,L 10-15,0.30,1.30,1.3,0.8,15,23.8,0,0.0,4,12.9,RB,CartMi03
3879,Tevin Coleman,0.30,12,Sun,6,6,2022-10-16,29-183,SFO,@,ATL,L 14-28,0.30,0.30,0.3,0.3,12,20.0,0,0.0,0,0.0,RB,ColeTe01
3880,Snoop Conner,0.30,3,Sun,14,15,2022-12-18,23-002,JAX,,DAL,W 40-34 (OT),0.30,0.30,0.3,0.3,3,4.3,0,0.0,0,0.0,RB,ConnSn00
3881,DeeJay Dallas,0.30,9,Sun,2,2,2023-09-17,25-001,SEA,@,DET,W 37-31 (OT),0.30,0.30,0.3,0.3,9,12.5,0,0.0,16,57.1,RB,DallDe00
3882,Mike Davis,0.30,5,Sun,5,5,2022-10-09,29-232,BAL,,CIN,W 19-17,0.30,0.30,0.3,0.3,5,7.7,0,0.0,0,0.0,RB,DaviMi01
3883,Travis Etienne,0.30,5,Sun,11,12,2022-11-27,23-305,JAX,,BAL,W 28-27,0.30,0.30,0.3,0.3,5,7.9,0,0.0,0,0.0,RB,EtieTr00
3884,Darrynton Evans,0.30,4,Sun,13,14,2024-12-08,26-152,CHI,@,SFO,L 13-38,0.30,0.30,0.3,0.3,4,7.5,0,0.0,8,32.0,RB,EvanDa02
3885,Zach Evans,0.30,6,Sun,17,18,2024-01-07,22-222,LAR,@,SFO,W 21-20,0.30,0.30,0.3,0.3,6,9.0,0,0.0,8,42.1,RB,EvanZa00
3886,Jerome Ford,0.30,7,Sun,12,13,2022-12-04,23-083,CLE,@,HOU,W 27-14,0.30,0.30,0.3,0.3,7,11.1,0,0.0,16,51.6,RB,FordJe00
3887,Reggie Gilliam,0.30,9,Sun,2,2,2023-09-17,26-028,BUF,,LVR,W 38-10,0.30,1.30,1.3,0.8,9,11.5,0,0.0,20,90.9,FB,GillRe00
3888,Reggie Gilliam,0.30,15,Sun,16,17,2024-12-29,27-131,BUF,,NYJ,W 40-14,0.30,0.30,0.3,0.3,15,21.4,0,0.0,21,95.5,FB,GillRe00
3889,Tyler Goodson,0.30,3,Sun,16,17,2023-12-31,23-051,IND,,LVR,W 23-20,0.30,0.30,0.3,0.3,3,5.4,0,0.0,0,0.0,RB,GoodTy00
3890,Tyler Goodson,0.30,5,Sun,14,15,2024-12-15,24-035,IND,@,DEN,L 13-31,0.30,0.30,0.3,0.3,5,6.6,0,0.0,20,66.7,RB,GoodTy00
3891,Derrick Gore,0.30,1,Sun,17,18,2024-01-07,29-025,WAS,,DAL,L 10-38,0.30,0.30,0.3,0.3,1,2.0,0,0.0,12,54.5,RB,GoreDe00
3892,Eric Gray,0.30,3,Mon,8,8,2024-10-28,24-359,NYG,@,PIT,L 18-26,0.30,1.30,1.3,0.8,3,4.2,0,0.0,7,23.3,RB,GrayEr01
3893,C.J. Ham,0.30,18,Sun,6,6,2022-10-16,29-086,MIN,@,MIA,W 24-16,0.30,0.30,0.3,0.3,18,34.6,0,0.0,25,80.6,FB,HamxC.00
3894,C.J. Ham,0.30,11,Mon,12,12,2023-11-27,30-128,MIN,,CHI,L 10-12,0.30,2.30,2.3,1.3,11,20.0,0,0.0,11,55.0,FB,HamxC.00
3895,Kevin Harris,0.30,4,Sat,15,16,2022-12-24,22-037,NWE,,CIN,L 18-22,0.30,0.30,0.3,0.3,4,7.1,0,0.0,0,0.0,RB,HarrKe01
3896,Hassan Haskins,0.30,31,Mon,11,12,2024-11-25,24-365,LAC,,BAL,L 23-30,0.30,0.30,0.3,0.3,31,44.9,0,0.0,17,63.0,RB,HaskHa00
3897,Jamycal Hasty,0.30,14,Sun,10,10,2022-11-13,26-062,JAX,@,KAN,L 17-27,0.30,1.30,1.3,0.8,14,21.9,0,0.0,13,50.0,RB,HastJa02
3898,Khalil Herbert,0.30,26,Sat,15,16,2022-12-24,24-247,CHI,,BUF,L 13-35,0.30,2.30,2.3,1.3,26,41.3,0,0.0,0,0.0,RB,HerbKh00
3899,Justice Hill,0.30,14,Sun,11,12,2022-11-27,25-013,BAL,@,JAX,L 27-28,0.30,0.30,0.3,0.3,14,19.4,0,0.0,16,59.3,RB,HillJu00
3900,Nyheim Hines,0.30,4,Thu,11,12,2022-11-24,26-012,BUF,@,DET,W 28-25,0.30,0.30,0.3,0.3,4,5.2,0,0.0,8,30.8,RB,HineNy00
3901,Nyheim Hines,0.30,21,Sun,4,4,2022-10-02,25-324,IND,,TEN,L 17-24,0.30,2.30,2.3,1.3,21,31.8,0,0.0,4,17.4,RB,HineNy00
3902,Zander Horvath,0.30,10,Sun,5,5,2022-10-09,23-303,LAC,@,CLE,W 30-28,0.30,0.30,0.3,0.3,10,14.1,0,0.0,15,55.6,FB,HorvZa00
3903,Zander Horvath,0.30,8,Sun,10,11,2022-11-20,23-345,LAC,,KAN,L 27-30,0.30,0.30,0.3,0.3,8,12.3,0,0.0,18,62.1,FB,HorvZa00
3904,Chuba Hubbard,0.30,3,Sun,1,1,2022-09-11,23-092,CAR,,CLE,L 24-26,0.30,0.30,0.3,0.3,3,5.7,0,0.0,21,65.6,RB,HubbCh01
3905,Caleb Huntley,0.30,3,Sun,2,2,2022-09-18,24-003,ATL,@,LAR,L 27-31,0.30,0.30,0.3,0.3,3,4.9,0,0.0,0,0.0,RB,HuntCa02
3906,Keaontay Ingram,0.30,19,Sun,17,18,2023-01-08,23-074,ARI,@,SFO,L 13-38,0.30,2.30,2.3,1.3,19,36.5,0,0.0,13,50.0,RB,IngrKe01
3907,Mark Ingram,0.30,20,Sun,1,1,2022-09-11,32-264,NOR,@,ATL,W 27-26,0.30,1.30,2.3,0.8,20,32.8,0,0.0,0,0.0,RB,IngrMa01
3908,Deon Jackson,0.30,5,Sun,7,7,2022-10-23,23-247,IND,@,TEN,L 10-19,0.30,0.30,0.3,0.3,5,7.8,0,0.0,9,37.5,RB,JackDe02
3909,D'Ernest Johnson,0.30,13,Sun,11,11,2024-11-17,28-264,JAX,@,DET,L 6-52,0.30,0.30,0.3,0.3,13,27.1,0,0.0,0,0.0,RB,JohnDE04
3910,Jakob Johnson,0.30,19,Sat,17,18,2023-01-07,28-023,LVR,,KAN,L 13-31,0.30,1.30,1.3,0.8,19,27.1,0,0.0,8,34.8,FB,JohnJa12
3911,Roschon Johnson,0.30,17,Sun,15,16,2024-12-22,23-326,CHI,,DET,L 17-34,0.30,0.30,0.3,0.3,17,26.6,0,0.0,11,44.0,RB,JohnRo07
3912,Ronald Jones II,0.30,4,Sun,16,17,2023-01-01,25-151,KAN,,DEN,W 27-24,0.30,0.30,0.3,0.3,4,6.7,0,0.0,0,0.0,RB,JoneRo01
3913,Kyle Juszczyk,0.30,42,Thu,3,3,2023-09-21,32-151,SFO,,NYG,W 30-12,0.30,0.30,0.3,0.3,42,50.6,0,0.0,3,10.7,FB,JuszKy00
3914,Kyle Juszczyk,0.30,31,Sun,13,14,2024-12-08,33-229,SFO,,CHI,W 38-13,0.30,1.30,1.3,0.8,31,50.8,0,0.0,0,0.0,FB,JuszKy00
3915,Joshua Kelley,0.30,13,Sun,3,3,2022-09-25,24-309,LAC,,JAX,L 10-38,0.30,2.30,2.3,1.3,13,21.3,0,0.0,16,66.7,RB,KellJo01
3916,Hunter Luepke,0.30,4,Sun,14,15,2023-12-17,23-292,DAL,@,BUF,L 10-31,0.30,0.30,0.3,0.3,4,7.0,0,0.0,17,70.8,RB,LuepHu00
3917,Jordan Mason,0.30,5,Sun,16,17,2023-12-31,24-221,SFO,@,WAS,W 27-10,0.30,0.30,0.3,0.3,5,7.1,0,0.0,14,66.7,RB,MasoJo00
3918,Alexander Mattison,0.30,7,Sun,6,6,2022-10-16,24-119,MIN,@,MIA,W 24-16,0.30,0.30,0.3,0.3,7,13.5,0,0.0,0,0.0,RB,MattAl01
3919,Jordan Mims,0.30,11,Sun,11,11,2024-11-17,25-154,NOR,,CLE,W 35-14,0.30,0.30,0.3,0.3,11,18.3,0,0.0,4,16.0,RB,MimsJo00
3920,Kene Nwangwu,0.30,3,Sun,13,14,2023-12-10,25-304,MIN,@,LVR,W 3-0,0.30,0.30,0.3,0.3,3,4.2,0,0.0,6,27.3,RB,NwanKe00
3921,Dare Ogunbowale,0.30,13,Sun,1,1,2024-09-08,30-127,HOU,@,IND,W 29-27,0.30,1.30,1.3,0.8,13,16.5,0,0.0,12,48.0,RB,OgunDa00
3922,Devine Ozigbo,0.30,4,Sun,11,12,2022-11-27,26-056,DEN,@,CAR,L 10-23,0.30,1.30,1.3,0.8,4,6.7,0,0.0,6,20.0,RB,OzigDe01
3923,Cordarrelle Patterson,0.30,4,Sun,2,2,2024-09-15,33-182,PIT,@,DEN,W 13-6,0.30,0.30,0.3,0.3,4,6.1,0,0.0,5,20.0,RB,PattCo00
3924,Cordarrelle Patterson,0.30,9,Sun,9,9,2023-11-05,32-233,ATL,,MIN,L 28-31,0.30,1.30,1.3,0.8,9,13.0,0,0.0,6,18.2,RB,PattCo00
3925,Samaje Perine,0.30,9,Sun,2,2,2024-09-15,28-365,KAN,,CIN,W 26-25,0.30,1.30,1.3,0.8,9,13.8,0,0.0,2,7.7,RB,PeriSa00
3926,Dameon Pierce,0.30,4,Sun,14,15,2023-12-17,23-301,HOU,@,TEN,W 19-16 (OT),0.30,0.30,0.3,0.3,4,5.2,0,0.0,0,0.0,RB,PierDa01
3927,Adam Prentice,0.30,5,Sun,14,15,2022-12-18,25-336,NOR,,ATL,W 21-18,0.30,1.30,1.3,0.8,5,9.1,0,0.0,13,59.1,FB,PrenAd00
3928,Craig Reynolds,0.30,6,Sun,7,8,2024-10-27,28-134,DET,,TEN,W 52-14,0.30,0.30,0.3,0.3,6,12.5,0,0.0,21,63.6,RB,ReynCr00
3929,Patrick Ricard,0.30,23,Sun,6,6,2023-10-15,29-141,BAL,@,TEN,W 24-16,0.30,1.30,1.3,0.8,23,32.4,0,0.0,7,22.6,FB,RicaPa00
3930,Bijan Robinson,0.30,11,Sun,7,7,2023-10-22,21-265,ATL,@,TAM,W 16-13,0.30,0.30,0.3,0.3,11,16.9,0,0.0,0,0.0,RB,RobiBi01
3931,Trey Sermon,0.30,14,Sun,15,16,2023-12-24,24-328,IND,@,ATL,L 10-29,0.30,0.30,0.3,0.3,14,19.7,0,0.0,0,0.0,RB,SermTr00
3932,Trey Sermon,0.30,5,Sun,11,11,2024-11-17,25-292,IND,@,NYJ,W 28-27,0.30,1.30,1.3,0.8,5,7.1,0,0.0,6,19.4,RB,SermTr00
3933,Tyjae Spears,0.30,14,Sun,12,13,2024-12-01,23-169,TEN,@,WAS,L 19-42,0.30,0.30,0.3,0.3,14,25.5,0,0.0,3,10.7,RB,SpeaTy00
3934,Isaiah Spiller,0.30,10,Sun,9,10,2022-11-13,21-096,LAC,@,SFO,L 16-22,0.30,0.30,0.3,0.3,10,17.2,0,0.0,0,0.0,RB,SpilIs00
3935,Isaiah Spiller,0.30,4,Sun,2,2,2023-09-17,22-039,LAC,@,TEN,L 24-27 (OT),0.30,0.30,0.3,0.3,4,5.9,0,0.0,0,0.0,RB,SpilIs00
3936,Carson Steele,0.30,5,Thu,1,1,2024-09-05,21-320,KAN,,BAL,W 27-20,0.30,0.30,0.3,0.3,5,9.3,0,0.0,16,61.5,RB,SteeCa00
3937,Carson Steele,0.30,13,Sun,9,10,2024-11-10,22-020,KAN,,DEN,W 16-14,0.30,0.30,0.3,0.3,13,19.1,0,0.0,3,12.0,RB,SteeCa00
3938,Rhamondre Stevenson,0.30,24,Thu,3,3,2024-09-19,26-209,NWE,@,NYJ,L 3-24,0.30,0.30,1.3,0.3,24,46.2,0,0.0,0,0.0,RB,StevRh00
3939,Pierre Strong,0.30,14,Sun,8,8,2024-10-27,25-322,CLE,,BAL,W 29-24,0.30,1.30,1.3,0.8,14,20.3,0,0.0,8,27.6,RB,StroPi00
3940,D'Andre Swift,0.30,19,Sun,1,1,2023-09-10,24-239,PHI,@,NWE,W 25-20,0.30,1.30,1.3,0.8,19,28.8,0,0.0,0,0.0,RB,SwifDA00
3941,J.J. Taylor,0.30,10,Sun,3,3,2024-09-22,26-262,HOU,@,MIN,L 7-34,0.30,2.30,2.3,1.3,10,14.9,0,0.0,3,11.5,RB,TaylJJ01
3942,Patrick Taylor,0.30,20,Sun,15,16,2023-12-24,25-239,GNB,@,CAR,W 33-30,0.30,1.30,1.3,0.8,20,30.3,0,0.0,16,53.3,RB,TaylPa01
3943,Derek Watt,0.30,4,Sun,16,17,2023-01-01,30-055,PIT,@,BAL,W 16-13,0.30,0.30,0.3,0.3,4,5.7,0,0.0,13,56.5,FB,WattDe00
3944,Trayveon Williams,0.30,11,Sun,12,13,2022-12-04,25-047,CIN,,KAN,W 27-24,0.30,0.30,0.3,0.3,11,15.3,0,0.0,13,56.5,RB,WillTr06
3945,Trayveon Williams,0.30,9,Sun,6,6,2023-10-15,25-362,CIN,,SEA,W 17-13,0.30,2.30,2.3,1.3,9,16.7,0,0.0,14,60.9,RB,WillTr06
3946,Emanuel Wilson,0.30,12,Sun,8,8,2024-10-27,25-172,GNB,@,JAX,W 30-27,0.30,2.30,2.3,1.3,12,17.1,0,0.0,0,0.0,RB,WilsEm00
3947,Jeff Wilson,0.30,17,Sun,12,13,2022-12-04,27-018,MIA,@,SFO,L 17-33,0.30,0.30,0.3,0.3,17,37.0,0,0.0,0,0.0,RB,WilsJe01
3948,Jaylen Wright,0.30,9,Mon,9,10,2024-11-11,21-224,MIA,@,LAR,W 23-15,0.30,0.30,0.3,0.3,9,17.0,0,0.0,0,0.0,RB,WrigJa04
3949,Jaylen Wright,0.30,3,Sun,14,15,2024-12-15,21-258,MIA,@,HOU,L 12-20,0.30,0.30,0.3,0.3,3,4.4,0,0.0,0,0.0,RB,WrigJa04
3950,Ameer Abdullah,0.20,8,Sun,2,2,2024-09-15,31-094,LVR,@,BAL,W 26-23,0.20,2.20,2.2,1.2,8,12.7,0,0.0,17,51.5,RB,AbduAm00
3951,Salvon Ahmed,0.20,3,Sun,8,8,2022-10-30,23-304,MIA,@,DET,W 31-27,0.20,0.20,0.2,0.2,3,4.4,0,0.0,0,0.0,RB,AhmeSa01
3952,Rasheen Ali,0.20,9,Sat,15,16,2024-12-21,23-309,BAL,,PIT,W 34-17,0.20,0.20,0.2,0.2,9,14.5,0,0.0,6,22.2,RB,AlixRa00
3953,Andrew Beck,0.20,17,Sun,2,2,2023-09-17,27-125,HOU,,IND,L 20-31,0.20,0.20,0.2,0.2,17,20.2,0,0.0,14,48.3,FB,BeckAn01
3954,Tank Bigsby,0.20,8,Thu,7,7,2023-10-19,22-050,JAX,@,NOR,W 31-24,0.20,0.20,0.2,0.2,8,14.3,0,0.0,0,0.0,RB,BigsTa00
3955,Mike Boone,0.20,3,Mon,1,1,2022-09-12,27-074,DEN,@,SEA,L 16-17,0.20,1.20,1.2,0.7,3,4.5,0,0.0,6,31.6,RB,BoonMi00
3956,British Brooks,0.20,3,Sun,3,3,2024-09-22,24-309,HOU,@,MIN,L 7-34,0.20,0.20,0.2,0.2,3,4.5,0,0.0,17,65.4,RB,BrooBr01
3957,Chase Brown,0.20,1,Sun,2,2,2023-09-17,23-180,CIN,,BAL,L 24-27,0.20,0.20,0.2,0.2,1,1.7,0,0.0,7,28.0,RB,BrowCh10
3958,Chase Brown,0.20,1,Sun,5,5,2023-10-08,23-201,CIN,@,ARI,W 34-20,0.20,1.20,1.2,0.7,1,1.2,0,0.0,15,55.6,RB,BrowCh10
3959,Rex Burkhead,0.20,10,Sun,7,8,2022-10-30,32-120,HOU,,TEN,L 10-17,0.20,1.20,1.2,0.7,10,18.5,0,0.0,3,11.1,RB,BurkRe00
3960,Rex Burkhead,0.20,5,Sun,13,14,2022-12-11,32-162,HOU,@,DAL,L 23-27,0.20,1.20,1.2,0.7,5,7.6,0,0.0,6,21.4,RB,BurkRe00
3961,Michael Burton,0.20,5,Sun,3,3,2022-09-25,30-236,KAN,@,IND,L 17-20,0.20,0.20,0.2,0.2,5,7.9,0,0.0,12,52.2,RB,BurtMi00
3962,Michael Burton,0.20,12,Thu,6,6,2023-10-12,31-253,DEN,@,KAN,L 8-19,0.20,0.20,0.2,0.2,12,23.1,0,0.0,14,66.7,FB,BurtMi00
3963,Michael Carter,0.20,15,Sun,7,8,2023-10-29,24-175,NYJ,@,NYG,W 13-10 (OT),0.20,0.20,0.2,0.2,15,23.4,0,0.0,0,0.0,RB,CartMi03
3964,Ty Chandler,0.20,5,Sun,12,13,2024-12-01,26-203,MIN,,ARI,W 23-22,0.20,0.20,0.2,0.2,5,9.4,0,0.0,14,50.0,RB,ChanTy01
3965,Julius Chestnut,0.20,3,Sun,5,6,2024-10-13,23-353,TEN,,IND,L 17-20,0.20,0.20,0.2,0.2,3,5.2,0,0.0,14,53.8,RB,ChesJu00
3966,Chris Collier,0.20,13,Sun,17,18,2025-01-05,24-287,LVR,,LAC,L 20-34,0.20,1.20,1.2,0.7,13,25.5,0,0.0,13,44.8,RB,CollCh01
3967,DeeJay Dallas,0.20,1,Sun,15,16,2023-12-24,25-099,SEA,@,TEN,W 20-17,0.20,0.20,0.2,0.2,1,1.6,0,0.0,13,59.1,RB,DallDe00
3968,DeeJay Dallas,0.20,1,Sun,9,9,2024-11-03,26-048,ARI,,CHI,W 29-9,0.20,0.20,0.2,0.2,1,1.7,0,0.0,19,67.9,RB,DallDe00
3969,Emari Demercado,0.20,11,Sun,3,3,2023-09-24,24-247,ARI,,DAL,W 28-16,0.20,0.20,0.2,0.2,11,18.0,0,0.0,7,28.0,RB,DemeEm00
3970,Kenyan Drake,0.20,18,Sun,11,12,2022-11-27,28-305,BAL,@,JAX,L 27-28,0.20,0.20,0.2,0.2,18,25.0,0,0.0,0,0.0,RB,DrakKe00
3971,Kenyan Drake,0.20,11,Sun,13,14,2022-12-11,28-319,BAL,@,PIT,W 16-14,0.20,2.20,2.2,1.2,11,18.0,0,0.0,0,0.0,RB,DrakKe00
3972,Gus Edwards,0.20,9,Sun,16,17,2023-01-01,27-263,BAL,,PIT,L 13-16,0.20,0.20,0.2,0.2,9,17.3,0,0.0,0,0.0,RB,EdwaGu00
3973,Ezekiel Elliott,0.20,13,Sun,9,10,2024-11-10,29-111,DAL,,PHI,L 6-34,0.20,0.20,1.2,0.2,13,21.7,0,0.0,0,0.0,RB,ElliEz00
3974,Ezekiel Elliott,0.20,10,Sun,16,17,2024-12-29,29-160,DAL,@,PHI,L 7-41,0.20,0.20,0.2,0.2,10,16.1,0,0.0,0,0.0,RB,ElliEz00
3975,D'Onta Foreman,0.20,4,Sun,4,4,2022-10-02,26-161,CAR,,ARI,L 16-26,0.20,0.20,0.2,0.2,4,7.7,0,0.0,0,0.0,RB,ForeDO00
3976,D'Onta Foreman,0.20,3,Sun,5,5,2022-10-09,26-168,CAR,,SFO,L 15-37,0.20,0.20,0.2,0.2,3,4.3,0,0.0,0,0.0,RB,ForeDO00
3977,Tyler Goodson,0.20,9,Sun,2,2,2024-09-15,23-310,IND,@,GNB,L 10-16,0.20,1.20,1.2,0.7,9,16.1,0,0.0,3,13.6,RB,GoodTy00
3978,Eric Gray,0.20,1,Sun,6,6,2023-10-15,23-345,NYG,@,BUF,L 9-14,0.20,0.20,0.2,0.2,1,1.3,0,0.0,6,28.6,RB,GrayEr01
3979,Eric Gray,0.20,9,Sun,15,16,2024-12-22,25-048,NYG,@,ATL,L 7-34,0.20,1.20,1.2,0.7,9,15.3,0,0.0,9,37.5,RB,GrayEr01
3980,C.J. Ham,0.20,19,Sun,8,8,2023-10-29,30-099,MIN,@,GNB,W 24-10,0.20,1.20,1.2,0.7,19,26.4,0,0.0,9,39.1,FB,HamxC.00
3981,Hassan Haskins,0.20,3,Mon,6,7,2024-10-21,24-330,LAC,@,ARI,L 15-17,0.20,0.20,0.2,0.2,3,4.5,0,0.0,11,50.0,RB,HaskHa00
3982,Jamycal Hasty,0.20,3,Sun,2,2,2024-09-15,28-003,NWE,,SEA,L 20-23 (OT),0.20,0.20,0.2,0.2,3,4.4,0,0.0,10,32.3,RB,HastJa02
3983,Jamycal Hasty,0.20,5,Sun,11,11,2024-11-17,28-066,NWE,,LAR,L 22-28,0.20,0.20,0.2,0.2,5,6.6,0,0.0,8,29.6,RB,HastJa02
3984,Travis Homer,0.20,19,Mon,1,1,2022-09-12,24-036,SEA,,DEN,W 17-16,0.20,0.20,0.2,0.2,19,34.5,0,0.0,10,52.6,RB,HomeTr00
3985,Caleb Huntley,0.20,2,Sun,14,15,2022-12-18,24-094,ATL,@,NOR,L 18-21,0.20,0.20,0.2,0.2,2,2.7,0,0.0,0,0.0,RB,HuntCa02
3986,Alec Ingold,0.20,24,Thu,2,2,2024-09-12,28-065,MIA,,BUF,L 10-31,0.20,0.20,0.2,0.2,24,31.6,0,0.0,7,33.3,FB,IngoAl01
3987,Keaontay Ingram,0.20,1,Sun,9,9,2022-11-06,23-011,ARI,,SEA,L 21-31,0.20,0.20,0.2,0.2,1,1.6,0,0.0,8,29.6,RB,IngrKe01
3988,Keaontay Ingram,0.20,7,Sun,15,16,2022-12-25,23-060,ARI,,TAM,L 16-19 (OT),0.20,0.20,0.2,0.2,7,9.2,0,0.0,2,6.1,RB,IngrKe01
3989,Keaontay Ingram,0.20,14,Sun,10,10,2023-11-12,24-017,ARI,,ATL,W 25-23,0.20,0.20,0.2,0.2,14,21.5,0,0.0,0,0.0,RB,IngrKe01
3990,Mark Ingram,0.20,5,Sun,8,8,2022-10-30,32-313,NOR,,LVR,W 24-0,0.20,1.20,1.2,0.7,5,7.8,0,0.0,0,0.0,RB,IngrMa01
3991,Deon Jackson,0.20,1,Sun,9,9,2023-11-05,24-260,NYG,@,LVR,L 6-30,0.20,0.20,0.2,0.2,1,1.6,0,0.0,9,37.5,RB,JackDe02
3992,Justin Jackson,0.20,12,Sun,6,7,2022-10-23,26-184,DET,@,DAL,L 6-24,0.20,0.20,0.2,0.2,12,20.3,0,0.0,15,68.2,RB,JackJu01
3993,D'Ernest Johnson,0.20,17,Sun,15,16,2023-12-24,27-300,JAX,@,TAM,L 12-30,0.20,0.20,0.2,0.2,17,25.8,0,0.0,1,5.0,RB,JohnDE04
3994,Ty Johnson,0.20,1,Mon,10,10,2023-11-13,26-057,BUF,,DEN,L 22-24,0.20,0.20,0.2,0.2,1,1.9,0,0.0,8,29.6,RB,JohnTy02
3995,Tony Jones,0.20,5,Sun,13,14,2022-12-11,25-017,SEA,,CAR,L 24-30,0.20,1.20,1.2,0.7,5,9.3,0,0.0,5,17.9,RB,JoneTo04
3996,Kyle Juszczyk,0.20,30,Sun,11,12,2022-11-27,31-218,SFO,,NOR,W 13-0,0.20,2.20,2.2,1.2,30,42.9,0,0.0,5,29.4,FB,JuszKy00
3997,Joshua Kelley,0.20,2,Sun,17,18,2025-01-05,27-046,TEN,,HOU,L 14-23,0.20,0.20,0.2,0.2,2,3.2,0,0.0,0,0.0,RB,KellJo01
3998,Joshua Kelley,0.20,6,Sun,16,17,2023-12-31,26-041,LAC,@,DEN,L 9-16,0.20,0.20,0.2,0.2,6,9.2,0,0.0,6,21.4,RB,KellJo01
3999,Phillip Lindsay,0.20,9,Sun,9,9,2022-11-06,28-105,IND,@,NWE,L 3-26,0.20,0.20,0.2,0.2,9,14.5,0,0.0,0,0.0,RB,LindPh00
4000,Scott Matlock,0.20,15,Sun,12,13,2024-12-01,24-156,LAC,@,ATL,W 17-13,0.20,1.20,1.2,0.7,15,32.6,0,0.0,8,36.4,FB/DL,MatlSc00
4001,Sony Michel,0.20,8,Sun,9,10,2022-11-13,27-269,LAC,@,SFO,L 16-22,0.20,0.20,0.2,0.2,8,13.8,0,0.0,0,0.0,RB,MichSo00
4002,Elijah Mitchell,0.20,7,Sun,8,8,2023-10-29,25-180,SFO,,CIN,L 17-31,0.20,0.20,0.2,0.2,7,11.9,0,0.0,0,0.0,RB,MitcEl00
4003,Ty Montgomery,0.20,3,Sun,12,13,2023-12-03,30-315,NWE,,LAC,L 0-6,0.20,0.20,0.2,0.2,3,4.7,0,0.0,8,38.1,RB,MontTy01
4004,Zack Moss,0.20,1,Mon,12,12,2022-11-28,24-348,IND,,PIT,L 17-24,0.20,0.20,0.2,0.2,1,1.6,0,0.0,0,0.0,RB,MossZa00
4005,Zack Moss,0.20,9,Sun,10,10,2023-11-12,25-332,IND,@,NWE,W 10-6,0.20,0.20,0.2,0.2,9,15.8,0,0.0,0,0.0,RB,MossZa00
4006,Raheem Mostert,0.20,21,Sun,11,12,2024-11-24,32-229,MIA,,NWE,W 34-15,0.20,1.20,1.2,0.7,21,30.9,0,0.0,3,10.7,RB,MostRa00
4007,Devine Ozigbo,0.20,2,Thu,5,5,2022-10-06,26-004,DEN,,IND,L 9-12 (OT),0.20,0.20,0.2,0.2,2,2.7,0,0.0,14,45.2,RB,OzigDe01
4008,Devine Ozigbo,0.20,5,Sun,14,15,2022-12-18,26-077,DEN,,ARI,W 24-15,0.20,0.20,0.2,0.2,5,7.2,0,0.0,13,46.4,RB,OzigDe01
4009,Cordarrelle Patterson,0.20,1,Wed,16,17,2024-12-25,33-283,PIT,,KAN,L 10-29,0.20,0.20,0.2,0.2,1,1.3,0,0.0,6,24.0,RB,PattCo00
4010,Dameon Pierce,0.20,7,Sun,7,7,2024-10-20,24-244,HOU,@,GNB,L 22-24,0.20,0.20,0.2,0.2,7,10.9,0,0.0,4,13.8,RB,PierDa01
4011,Dameon Pierce,0.20,4,Mon,11,11,2024-11-18,24-273,HOU,@,DAL,W 34-10,0.20,0.20,0.2,0.2,4,6.3,0,0.0,3,11.1,RB,PierDa01
4012,Adam Prentice,0.20,10,Sun,2,2,2022-09-18,25-245,NOR,,TAM,L 10-20,0.20,1.20,1.2,0.7,10,14.7,0,0.0,10,38.5,FB,PrenAd00
4013,Adam Prentice,0.20,3,Mon,13,13,2022-12-05,25-323,NOR,@,TAM,L 16-17,0.20,0.20,0.2,0.2,3,5.1,0,0.0,15,55.6,FB,PrenAd00
4014,Patrick Ricard,0.20,45,Sun,13,14,2022-12-11,28-198,BAL,@,PIT,W 16-14,0.20,0.20,0.2,0.2,45,73.8,0,0.0,2,9.5,FB,RicaPa00
4015,Chris Rodriguez,0.20,3,Sun,14,15,2024-12-15,24-080,WAS,@,NOR,W 20-19,0.20,0.20,0.2,0.2,3,3.8,0,0.0,4,16.0,RB,RodrCh00
4016,Isaiah Spiller,0.20,3,Mon,5,6,2023-10-16,22-068,LAC,,DAL,L 17-20,0.20,0.20,0.2,0.2,3,4.1,0,0.0,0,0.0,RB,SpilIs00
4017,Pierre Strong,0.20,5,Sun,8,9,2023-11-05,24-330,CLE,,ARI,W 27-0,0.20,1.20,1.2,0.7,5,6.8,0,0.0,15,53.6,RB,StroPi00
4018,Pierre Strong,0.20,5,Sun,5,5,2024-10-06,25-301,CLE,@,WAS,L 13-34,0.20,0.20,0.2,0.2,5,8.1,0,0.0,8,25.8,RB,StroPi00
4019,Patrick Taylor,0.20,26,Sun,14,15,2023-12-17,25-232,GNB,,TAM,L 20-34,0.20,2.20,2.2,1.2,26,43.3,0,0.0,9,36.0,RB,TaylPa01
4020,Tyrone Tracy Jr.,0.20,12,Sun,2,2,2024-09-15,24-297,NYG,@,WAS,L 18-21,0.20,0.20,0.2,0.2,12,21.4,0,0.0,10,47.6,RB,TracTy00
4021,Jonathan Ward,0.20,5,Sat,17,18,2023-01-07,25-099,TEN,@,JAX,L 16-20,0.20,1.20,1.2,0.7,5,6.7,0,0.0,11,45.8,RB,WardJo00
4022,Jaylen Warren,0.20,20,Sun,6,6,2022-10-16,23-349,PIT,,TAM,W 20-18,0.20,0.20,0.2,0.2,20,31.3,0,0.0,10,35.7,RB,WarrJa01
4023,Derek Watt,0.20,1,Sun,2,2,2022-09-18,29-315,PIT,,NWE,L 14-17,0.20,0.20,0.2,0.2,1,1.7,0,0.0,16,72.7,FB,WattDe00
4024,Derek Watt,0.20,9,Sun,14,15,2022-12-18,30-041,PIT,@,CAR,W 24-16,0.20,0.20,0.2,0.2,9,13.2,0,0.0,17,68.0,FB,WattDe00
4025,Zamir White,0.20,6,Sun,2,2,2022-09-18,23-000,LVR,,ARI,L 23-29 (OT),0.20,0.20,0.2,0.2,6,9.0,0,0.0,9,42.9,RB,WhitZa01
4026,Zamir White,0.20,5,Sun,6,7,2022-10-23,23-035,LVR,,HOU,W 38-20,0.20,0.20,0.2,0.2,5,8.9,0,0.0,5,18.5,RB,WhitZa01
4027,Zamir White,0.20,6,Sun,2,2,2023-09-17,23-364,LVR,@,BUF,L 10-38,0.20,0.20,1.2,0.2,6,15.0,0,0.0,0,0.0,RB,WhitZa01
4028,Avery Williams,0.20,3,Sun,9,9,2022-11-06,24-114,ATL,,LAC,L 17-20,0.20,1.20,1.2,0.7,3,4.9,0,0.0,20,83.3,RB,WillAv02
4029,Damien Williams,0.20,10,Sun,1,1,2022-09-11,30-161,ATL,,NOR,L 26-27,0.20,0.20,0.2,0.2,10,13.3,0,0.0,0,0.0,RB,WillDa05
4030,Damien Williams,0.20,12,Sun,7,7,2023-10-22,31-202,ARI,@,SEA,L 10-20,0.20,0.20,0.2,0.2,12,18.2,0,0.0,2,8.3,RB,WillDa05
4031,Trayveon Williams,0.20,10,Sun,16,17,2023-12-31,26-074,CIN,@,KAN,L 17-25,0.20,0.20,0.2,0.2,10,13.5,0,0.0,17,63.0,RB,WillTr06
4032,Trayveon Williams,0.20,14,Sun,9,10,2023-11-12,26-025,CIN,,HOU,L 27-30,0.20,1.20,1.2,0.7,14,21.9,0,0.0,21,65.6,RB,WillTr06
4033,Salvon Ahmed,0.10,5,Sun,13,14,2022-12-11,23-346,MIA,@,LAC,L 17-23,0.10,0.10,0.1,0.1,5,9.8,0,0.0,0,0.0,RB,AhmeSa01
4034,Andrew Beck,0.10,15,Sun,11,12,2023-11-26,27-195,HOU,,JAX,L 21-24,0.10,1.10,1.1,0.6,15,25.0,0,0.0,11,42.3,FB,BeckAn01
4035,Eno Benjamin,0.10,8,Sun,13,14,2022-12-11,23-242,HOU,@,DAL,L 23-27,0.10,0.10,0.1,0.1,8,12.1,0,0.0,0,0.0,RB,BenjEn00
4036,Raheem Blackshear,0.10,7,Sun,8,8,2022-10-30,23-147,CAR,@,ATL,L 34-37 (OT),0.10,0.10,0.1,0.1,7,8.8,0,0.0,7,20.0,RB,BlacRa00
4037,Raheem Blackshear,0.10,3,Sun,17,18,2023-01-08,23-217,CAR,@,NOR,W 10-7,0.10,0.10,0.1,0.1,3,5.1,0,0.0,5,25.0,RB,BlacRa00
4038,Khari Blasingame,0.10,8,Sun,6,6,2023-10-15,27-106,CHI,,MIN,L 13-19,0.10,1.10,1.1,0.6,8,12.1,0,0.0,12,46.2,FB,BlasKh00
4039,Mike Boone,0.10,4,Sun,15,16,2024-12-22,29-175,CAR,,ARI,W 36-30 (OT),0.10,0.10,0.1,0.1,4,5.9,0,0.0,7,21.2,RB,BoonMi00
4040,Rex Burkhead,0.10,10,Sun,17,18,2023-01-08,32-190,HOU,@,IND,W 32-31,0.10,1.10,1.1,0.6,10,15.4,0,0.0,0,0.0,RB,BurkRe00
4041,Michael Burton,0.10,7,Sun,2,2,2024-09-15,32-227,DEN,,PIT,L 6-13,0.10,1.10,1.1,0.6,7,11.5,0,0.0,18,72.0,FB,BurtMi00
4042,DeeJay Dallas,0.10,23,Sun,6,6,2022-10-16,24-030,SEA,,ARI,W 19-9,0.10,0.10,0.1,0.1,23,33.8,0,0.0,15,57.7,RB,DallDe00
4043,Chase Edmonds,0.10,10,Sun,5,5,2022-10-09,26-179,MIA,@,NYJ,L 17-40,0.10,0.10,0.1,0.1,10,14.9,0,0.0,0,0.0,RB,EdmoCh00
4044,Eric Gray,0.10,5,Thu,4,4,2024-09-26,24-327,NYG,,DAL,L 15-20,0.10,0.10,0.1,0.1,5,7.2,0,0.0,5,20.0,RB,GrayEr01
4045,Damien Harris,0.10,1,Sun,6,6,2023-10-15,26-246,BUF,,NYG,W 14-9,0.10,0.10,0.1,0.1,1,1.6,0,0.0,3,14.3,RB,HarrDa06
4046,Hassan Haskins,0.10,6,Sun,10,11,2024-11-17,24-357,LAC,,CIN,W 34-27,0.10,0.10,0.1,0.1,6,9.0,0,0.0,23,62.2,RB,HaskHa00
4047,Zander Horvath,0.10,5,Sun,9,10,2022-11-13,23-338,LAC,@,SFO,L 16-22,0.10,1.10,1.1,0.6,5,8.6,0,0.0,18,64.3,FB,HorvZa00
4048,Jordan Howard,0.10,3,Sun,10,10,2022-11-13,28-011,NOR,@,PIT,L 10-20,0.10,0.10,0.1,0.1,3,6.4,0,0.0,0,0.0,RB,HowaJo00
4049,Alec Ingold,0.10,27,Sun,9,9,2023-11-05,27-119,MIA,@,KAN,L 14-21,0.10,1.10,1.1,0.6,27,42.9,0,0.0,11,44.0,FB,IngoAl01
4050,Keaontay Ingram,0.10,9,Mon,13,14,2022-12-12,23-047,ARI,,NWE,L 13-27,0.10,0.10,0.1,0.1,9,12.0,0,0.0,0,0.0,RB,IngrKe01
4051,Jakob Johnson,0.10,8,Sun,1,1,2022-09-11,27-270,LVR,@,LAC,L 19-24,0.10,1.10,1.1,0.6,8,13.8,0,0.0,7,29.2,FB,JohnJa12
4052,Jakob Johnson,0.10,23,Thu,13,14,2022-12-08,27-358,LVR,@,LAR,L 16-17,0.10,1.10,1.1,0.6,23,38.3,0,0.0,7,28.0,FB,JohnJa12
4053,Roschon Johnson,0.10,20,Sun,9,10,2024-11-10,23-284,CHI,,NWE,L 3-19,0.10,1.10,1.1,0.6,20,33.3,0,0.0,9,33.3,RB,JohnRo07
4054,Joshua Kelley,0.10,18,Sun,17,18,2024-01-07,26-048,LAC,,KAN,L 12-13,0.10,0.10,0.1,0.1,18,21.7,0,0.0,4,14.8,RB,KellJo01
4055,Hunter Luepke,0.10,14,Sun,16,17,2024-12-29,24-305,DAL,@,PHI,L 7-41,0.10,1.10,1.1,0.6,14,22.6,0,0.0,6,23.1,RB,LuepHu00
4056,Alexander Mattison,0.10,9,Sun,8,9,2022-11-06,24-140,MIN,@,WAS,W 20-17,0.10,1.10,1.1,0.6,9,13.6,0,0.0,0,0.0,RB,MattAl01
4057,Alexander Mattison,0.10,13,Sat,14,15,2022-12-17,24-181,MIN,,IND,W 39-36 (OT),0.10,0.10,0.1,0.1,13,14.4,0,0.0,10,23.3,RB,MattAl01
4058,Jeremy McNichols,0.10,8,Mon,3,3,2024-09-23,28-272,WAS,@,CIN,W 38-33,0.10,0.10,0.1,0.1,8,13.6,0,0.0,13,50.0,RB,McNiJe00
4059,Sony Michel,0.10,5,Sun,10,11,2022-11-20,27-276,LAC,,KAN,L 27-30,0.10,0.10,0.1,0.1,5,7.7,0,0.0,0,0.0,RB,MichSo00
4060,Kene Nwangwu,0.10,7,Sat,14,15,2023-12-16,25-310,MIN,@,CIN,L 24-27 (OT),0.10,0.10,0.1,0.1,7,10.3,0,0.0,11,40.7,RB,NwanKe00
4061,Dare Ogunbowale,0.10,18,Sun,13,14,2022-12-11,28-221,HOU,@,DAL,L 23-27,0.10,2.10,2.1,1.1,18,27.3,0,0.0,15,53.6,RB,OgunDa00
4062,Cordarrelle Patterson,0.10,8,Sat,17,18,2025-01-04,33-293,PIT,,CIN,L 17-19,0.10,0.10,0.1,0.1,8,13.1,0,0.0,6,23.1,RB,PattCo00
4063,La'Mical Perine,0.10,4,Sun,9,9,2023-11-05,25-279,KAN,,MIA,W 21-14,0.10,0.10,0.1,0.1,4,6.7,0,0.0,4,16.0,RB,PeriLa00
4064,Dameon Pierce,0.10,7,Sun,13,13,2024-12-01,24-286,HOU,@,JAX,W 23-20,0.10,1.10,1.1,0.6,7,11.1,0,0.0,5,18.5,RB,PierDa01
4065,Ronnie Rivers,0.10,9,Sun,5,5,2023-10-08,24-250,LAR,,PHI,L 14-23,0.10,0.10,0.1,0.1,9,16.1,0,0.0,12,60.0,RB,RiveRo01
4066,Brian Robinson Jr.,0.10,43,Sun,15,16,2024-12-22,25-275,WAS,,PHI,W 36-33,0.10,2.10,4.1,1.1,43,63.2,0,0.0,0,0.0,RB,RobiBr01
4067,Rhamondre Stevenson,0.10,24,Sat,16,17,2024-12-28,26-309,NWE,,LAC,L 7-40,0.10,0.10,0.1,0.1,24,45.3,0,0.0,0,0.0,RB,StevRh00
4068,Patrick Taylor,0.10,11,Sun,2,2,2023-09-17,25-141,GNB,@,ATL,L 24-25,0.10,0.10,0.1,0.1,11,22.0,0,0.0,11,40.7,RB,TaylPa01
4069,Sean Tucker,0.10,4,Mon,3,3,2023-09-25,21-335,TAM,,PHI,L 11-25,0.10,0.10,0.1,0.1,4,8.5,0,0.0,8,40.0,RB,TuckSe00
4070,Ke'Shawn Vaughn,0.10,4,Thu,7,8,2023-10-26,26-175,TAM,@,BUF,L 18-24,0.10,0.10,0.1,0.1,4,5.9,0,0.0,2,7.7,RB,VaugKe00
4071,Jaylen Warren,0.10,23,Sun,3,3,2024-09-22,25-326,PIT,,LAC,W 20-10,0.10,1.10,1.1,0.6,23,33.8,0,0.0,3,11.5,RB,WarrJa01
4072,Derek Watt,0.10,2,Sun,5,5,2022-10-09,29-336,PIT,@,BUF,L 3-38,0.10,1.10,1.1,0.6,2,2.7,0,0.0,15,60.0,FB,WattDe00
4073,Rachaad White,0.10,9,Sun,2,2,2022-09-18,23-249,TAM,@,NOR,W 20-10,0.10,0.10,0.1,0.1,9,13.4,0,0.0,10,38.5,RB,WhitRa01
4074,Jonathan Williams,0.10,2,Sun,13,13,2022-12-04,28-305,WAS,@,NYG,T 20-20 (OT),0.10,0.10,0.1,0.1,2,2.4,0,0.0,17,50.0,RB,WillJo07
4075,Israel Abanikanda,0.00,5,Sun,13,14,2023-12-10,21-066,NYJ,,HOU,W 30-6,0.00,0.00,-0.1,-0.1,5,7.4,0,0.0,0,0.0,RB,AbanIs00
4076,Ameer Abdullah,0.00,7,Sun,1,1,2022-09-11,29-090,LVR,@,LAC,L 19-24,0.00,0.00,0.0,0.0,7,12.1,0,0.0,10,41.7,RB,AbduAm00
4077,Ameer Abdullah,0.00,1,Sun,4,4,2022-10-02,29-111,LVR,,DEN,W 32-23,0.00,0.00,0.0,0.0,1,1.3,0,0.0,16,50.0,RB,AbduAm00
4078,Ameer Abdullah,0.00,9,Sun,16,17,2023-01-01,29-202,LVR,,SFO,L 34-37 (OT),0.00,0.00,0.0,0.0,9,12.9,0,0.0,19,57.6,RB,AbduAm00
4079,Ameer Abdullah,0.00,7,Sun,1,1,2023-09-10,30-089,LVR,@,DEN,W 17-16,0.00,0.00,0.0,0.0,7,11.9,0,0.0,10,52.6,RB,AbduAm00
4080,Ameer Abdullah,0.00,9,Sun,6,6,2023-10-15,30-124,LVR,,NWE,W 21-17,0.00,0.00,0.0,0.0,9,12.9,0,0.0,16,64.0,RB,AbduAm00
4081,Ameer Abdullah,0.00,10,Sun,7,7,2023-10-22,30-131,LVR,@,CHI,L 12-30,0.00,0.00,0.0,0.0,10,15.4,0,0.0,15,65.2,RB,AbduAm00
4082,Ameer Abdullah,0.00,13,Sun,7,7,2024-10-20,31-129,LVR,@,LAR,L 15-20,0.00,0.00,0.0,0.0,13,16.5,0,0.0,15,53.6,RB,AbduAm00
4083,Ameer Abdullah,0.00,26,Sun,13,14,2024-12-08,31-178,LVR,@,TAM,L 13-28,0.00,1.00,0.8,0.3,26,38.8,0,0.0,8,34.8,RB,AbduAm00
4084,Salvon Ahmed,0.00,4,Sun,4,4,2023-10-01,24-275,MIA,@,BUF,L 20-48,0.00,0.00,0.0,0.0,4,6.2,0,0.0,1,3.6,RB,AhmeSa01
4085,Cam Akers,0.00,12,Thu,1,1,2022-09-08,23-078,LAR,,BUF,L 10-31,0.00,0.00,0.0,0.0,12,17.9,0,0.0,0,0.0,RB,AkerCa00
4086,Cam Akers,0.00,2,Sun,6,6,2024-10-13,25-113,HOU,@,NWE,W 41-21,0.00,0.00,-0.1,-0.1,2,3.0,0,0.0,0,0.0,RB,AkerCa00
4087,Rasheen Ali,0.00,5,Wed,16,17,2024-12-25,23-313,BAL,@,HOU,W 31-2,0.00,0.00,-0.3,-0.3,5,7.9,0,0.0,2,8.3,RB,AlixRa00
4088,Rasheen Ali,0.00,5,Sat,17,18,2025-01-04,23-323,BAL,,CLE,W 35-10,0.00,0.00,0.0,0.0,5,7.1,0,0.0,3,12.0,RB,AlixRa00
4089,Tyler Allgeier,0.00,4,Sun,11,11,2024-11-17,24-216,ATL,@,DEN,L 6-38,0.00,1.00,0.9,0.4,4,6.8,0,0.0,18,69.2,RB,AllgTy00
4090,Alex Armah,0.00,3,Sun,7,7,2022-10-23,28-159,WAS,,GNB,W 23-21,0.00,0.00,0.0,0.0,3,4.1,0,0.0,7,24.1,FB,ArmaAl00
4091,Alex Armah,0.00,6,Sun,8,8,2023-10-29,29-165,WAS,,PHI,L 31-38,0.00,1.00,1.0,0.5,6,8.3,0,0.0,20,71.4,RB,ArmaAl00
4092,Alex Armah,0.00,10,Sun,9,9,2023-11-05,29-172,WAS,@,NWE,W 20-17,0.00,0.00,0.0,0.0,10,12.8,0,0.0,19,67.9,RB,ArmaAl00
4093,Alex Armah,0.00,8,Sun,14,15,2023-12-17,29-214,WAS,@,LAR,L 20-28,0.00,0.00,0.0,0.0,8,13.3,0,0.0,18,66.7,RB,ArmaAl00
4094,Alex Armah,0.00,4,Sun,15,16,2023-12-24,29-221,WAS,@,NYJ,L 28-30,0.00,0.00,0.0,0.0,4,6.6,0,0.0,26,72.2,RB,ArmaAl00
4095,Alex Armah,0.00,5,Sun,16,17,2023-12-31,29-228,WAS,,SFO,L 10-27,0.00,0.00,0.0,0.0,5,10.9,0,0.0,16,76.2,RB,ArmaAl00
4096,Tyler Badie,0.00,5,Sun,4,4,2024-09-29,24-235,DEN,@,NYJ,W 10-9,0.00,2.00,0.6,-1.4,5,8.2,0,0.0,0,0.0,RB,BadiTy00
4097,Nick Bawden,0.00,8,Mon,1,1,2023-09-11,27-081,NYJ,,BUF,W 22-16 (OT),0.00,0.00,0.0,0.0,8,14.8,0,0.0,18,69.2,FB,BawdNi00
4098,Nick Bawden,0.00,2,Sun,2,2,2023-09-17,27-087,NYJ,@,DAL,L 10-30,0.00,0.00,0.0,0.0,2,4.3,0,0.0,19,67.9,FB,BawdNi00
4099,Nick Bawden,0.00,4,Sun,4,4,2023-10-01,27-101,NYJ,,KAN,L 20-23,0.00,0.00,0.0,0.0,4,6.8,0,0.0,18,69.2,FB,BawdNi00
4100,Nick Bawden,0.00,17,Sun,5,5,2023-10-08,27-108,NYJ,@,DEN,W 31-21,0.00,0.00,0.0,0.0,17,26.2,0,0.0,11,34.4,FB,BawdNi00
4101,Nick Bawden,0.00,6,Sun,6,6,2023-10-15,27-115,NYJ,,PHI,W 20-14,0.00,0.00,0.0,0.0,6,9.2,0,0.0,14,63.6,FB,BawdNi00
4102,Nick Bawden,0.00,5,Sun,7,8,2023-10-29,27-129,NYJ,@,NYG,W 13-10 (OT),0.00,0.00,0.0,0.0,5,7.8,0,0.0,28,75.7,FB,BawdNi00
4103,Nick Bawden,0.00,5,Sun,9,10,2023-11-12,27-143,NYJ,@,LVR,L 12-16,0.00,0.00,0.0,0.0,5,7.6,0,0.0,18,66.7,FB,BawdNi00
4104,Nick Bawden,0.00,2,Sun,10,11,2023-11-19,27-150,NYJ,@,BUF,L 6-32,0.00,0.00,0.0,0.0,2,3.5,0,0.0,19,70.4,FB,BawdNi00
4105,Nick Bawden,0.00,9,Sun,12,13,2023-12-03,27-164,NYJ,,ATL,L 8-13,0.00,0.00,0.0,0.0,9,13.2,0,0.0,21,75.0,FB,BawdNi00
4106,Nick Bawden,0.00,10,Sun,14,15,2023-12-17,27-178,NYJ,@,MIA,L 0-30,0.00,0.00,0.0,0.0,10,17.2,0,0.0,18,75.0,FB,BawdNi00
4107,Nick Bawden,0.00,15,Sun,17,18,2024-01-07,27-199,NYJ,@,NWE,W 17-3,0.00,0.00,0.0,0.0,15,23.1,0,0.0,14,50.0,FB,BawdNi00
4108,Andrew Beck,0.00,3,Sun,5,5,2024-10-06,28-144,GNB,@,LAR,W 24-19,0.00,0.00,0.0,0.0,3,5.1,0,0.0,5,22.7,FB,BeckAn01
4109,Andrew Beck,0.00,7,Sun,6,6,2024-10-13,28-151,GNB,,ARI,W 34-13,0.00,0.00,0.0,0.0,7,9.6,0,0.0,5,18.5,FB,BeckAn01
4110,Andrew Beck,0.00,5,Sun,7,7,2024-10-20,28-158,GNB,,HOU,W 24-22,0.00,0.00,0.0,0.0,5,8.6,0,0.0,7,24.1,FB,BeckAn01
4111,Andrew Beck,0.00,15,Sun,1,1,2023-09-10,27-118,HOU,@,BAL,L 9-25,0.00,0.00,0.0,0.0,15,19.5,0,0.0,13,52.0,FB,BeckAn01
4112,Andrew Beck,0.00,28,Sun,3,3,2023-09-24,27-132,HOU,@,JAX,W 37-17,0.00,0.00,6.0,6.0,28,50.0,0,0.0,14,48.3,FB,BeckAn01
4113,Andrew Beck,0.00,34,Sun,4,4,2023-10-01,27-139,HOU,,PIT,W 30-6,0.00,0.00,0.0,0.0,34,47.9,0,0.0,12,48.0,FB,BeckAn01
4114,Andrew Beck,0.00,29,Sun,5,5,2023-10-08,27-146,HOU,@,ATL,L 19-21,0.00,0.00,0.0,0.0,29,50.0,0,0.0,16,55.2,FB,BeckAn01
4115,Andrew Beck,0.00,28,Sun,6,6,2023-10-15,27-153,HOU,,NOR,W 20-13,0.00,0.00,0.0,0.0,28,44.4,0,0.0,15,57.7,FB,BeckAn01
4116,Andrew Beck,0.00,21,Sun,10,11,2023-11-19,27-188,HOU,,ARI,W 21-16,0.00,0.00,0.0,0.0,21,31.3,0,0.0,6,33.3,FB,BeckAn01
4117,Andrew Beck,0.00,16,Sun,14,15,2023-12-17,27-216,HOU,@,TEN,W 19-16 (OT),0.00,1.00,0.5,0.0,16,20.8,0,0.0,10,32.3,FB,BeckAn01
4118,Andrew Beck,0.00,12,Sat,15,16,2024-12-21,28-220,HOU,@,KAN,L 19-27,0.00,0.00,0.0,0.0,12,20.3,0,0.0,0,0.0,FB,BeckAn01
4119,Eno Benjamin,0.00,4,Sun,12,13,2022-12-04,23-235,HOU,,CLE,L 14-27,0.00,0.00,0.0,0.0,4,6.2,0,0.0,0,0.0,RB,BenjEn00
4120,Eno Benjamin,0.00,1,Sun,10,10,2022-11-13,23-214,ARI,@,LAR,W 27-17,0.00,0.00,0.0,0.0,1,1.5,0,0.0,4,14.3,RB,BenjEn00
4121,Trey Benson,0.00,4,Mon,7,7,2024-10-21,22-092,ARI,,LAC,W 17-15,0.00,0.00,0.0,0.0,4,7.0,0,0.0,0,0.0,RB,BensTr01
4122,Tank Bigsby,0.00,13,Sun,2,2,2023-09-17,22-018,JAX,,KAN,L 9-17,0.00,0.00,0.0,0.0,13,19.4,0,0.0,0,0.0,RB,BigsTa00
4123,Tank Bigsby,0.00,2,Mon,12,13,2023-12-04,22-096,JAX,,CIN,L 31-34 (OT),0.00,0.00,0.0,0.0,2,2.9,0,0.0,1,3.1,RB,BigsTa00
4124,Tank Bigsby,0.00,1,Sun,13,14,2023-12-10,22-102,JAX,@,CLE,L 27-31,0.00,0.00,0.0,0.0,1,1.3,0,0.0,6,17.6,RB,BigsTa00
4125,Tank Bigsby,0.00,1,Sun,14,15,2023-12-17,22-109,JAX,,BAL,L 7-23,0.00,0.00,-0.2,-0.2,1,1.6,0,0.0,2,9.1,RB,BigsTa00
4126,Raheem Blackshear,0.00,5,Sun,7,7,2022-10-23,23-140,CAR,,TAM,W 21-3,0.00,0.00,-0.5,-0.5,5,10.0,0,0.0,16,66.7,RB,BlacRa00
4127,Raheem Blackshear,0.00,2,Sun,14,15,2022-12-18,23-196,CAR,,PIT,L 16-24,0.00,0.00,0.0,0.0,2,4.3,0,0.0,10,40.0,RB,BlacRa00
4128,Raheem Blackshear,0.00,3,Sun,16,17,2023-01-01,23-210,CAR,@,TAM,L 24-30,0.00,1.00,0.9,0.4,3,4.5,0,0.0,16,51.6,RB,BlacRa00
4129,Raheem Blackshear,0.00,2,Sun,10,11,2023-11-19,24-167,CAR,,DAL,L 10-33,0.00,0.00,0.0,0.0,2,3.4,0,0.0,7,25.9,RB,BlacRa00
4130,Raheem Blackshear,0.00,1,Sun,14,15,2023-12-17,24-195,CAR,,ATL,W 9-7,0.00,0.00,0.0,0.0,1,1.5,0,0.0,7,36.8,RB,BlacRa00
4131,Raheem Blackshear,0.00,1,Sun,15,16,2023-12-24,24-202,CAR,,GNB,L 30-33,0.00,0.00,2.0,2.0,1,1.5,0,0.0,10,33.3,RB,BlacRa00
4132,Raheem Blackshear,0.00,2,Sun,16,17,2023-12-31,24-209,CAR,@,JAX,L 0-26,0.00,0.00,0.0,0.0,2,3.7,0,0.0,10,43.5,RB,BlacRa00
4133,Raheem Blackshear,0.00,2,Sun,3,3,2024-09-22,25-109,CAR,@,LVR,W 36-22,0.00,0.00,0.0,0.0,2,2.7,0,0.0,13,43.3,RB,BlacRa00
4134,Raheem Blackshear,0.00,3,Sun,5,5,2024-10-06,25-123,CAR,@,CHI,L 10-36,0.00,0.00,0.0,0.0,3,5.0,0,0.0,10,38.5,RB,BlacRa00
4135,Raheem Blackshear,0.00,2,Sun,9,9,2024-11-03,25-151,CAR,,NOR,W 23-22,0.00,0.00,0.0,0.0,2,3.8,0,0.0,11,37.9,RB,BlacRa00
4136,Raheem Blackshear,0.00,2,Sun,10,10,2024-11-10,25-158,CAR,,NYG,W 20-17 (OT),0.00,0.00,0.0,0.0,2,3.3,0,0.0,11,36.7,RB,BlacRa00
4137,Raheem Blackshear,0.00,2,Sun,11,12,2024-11-24,25-172,CAR,,KAN,L 27-30,0.00,0.00,0.0,0.0,2,3.2,0,0.0,14,51.9,RB,BlacRa00
4138,Raheem Blackshear,0.00,1,Sun,12,13,2024-12-01,25-179,CAR,,TAM,L 23-26 (OT),0.00,0.00,0.0,0.0,1,1.4,0,0.0,16,44.4,RB,BlacRa00
4139,Khari Blasingame,0.00,11,Sun,1,1,2022-09-11,26-072,CHI,,SFO,W 19-10,0.00,0.00,0.0,0.0,11,19.0,0,0.0,11,45.8,FB,BlasKh00
4140,Khari Blasingame,0.00,13,Sun,2,2,2022-09-18,26-079,CHI,@,GNB,L 10-27,0.00,0.00,0.0,0.0,13,31.7,0,0.0,12,54.5,FB,BlasKh00
4141,Khari Blasingame,0.00,15,Sun,3,3,2022-09-25,26-086,CHI,,HOU,W 23-20,0.00,0.00,0.0,0.0,15,23.8,0,0.0,12,41.4,FB,BlasKh00
4142,Khari Blasingame,0.00,16,Sun,4,4,2022-10-02,26-093,CHI,@,NYG,L 12-20,0.00,0.00,0.0,0.0,16,25.8,0,0.0,15,50.0,FB,BlasKh00
4143,Khari Blasingame,0.00,9,Sun,5,5,2022-10-09,26-100,CHI,@,MIN,L 22-29,0.00,0.00,0.0,0.0,9,18.0,0,0.0,8,34.8,FB,BlasKh00
4144,Khari Blasingame,0.00,6,Thu,6,6,2022-10-13,26-104,CHI,,WAS,L 7-12,0.00,0.00,0.0,0.0,6,8.3,0,0.0,14,70.0,FB,BlasKh00
4145,Khari Blasingame,0.00,14,Mon,7,7,2022-10-24,26-115,CHI,@,NWE,W 33-14,0.00,0.00,0.0,0.0,14,19.7,0,0.0,8,32.0,FB,BlasKh00
4146,Khari Blasingame,0.00,9,Sun,8,8,2022-10-30,26-121,CHI,@,DAL,L 29-49,0.00,0.00,0.0,0.0,9,11.4,0,0.0,14,48.3,FB,BlasKh00
4147,Khari Blasingame,0.00,13,Sun,9,9,2022-11-06,26-128,CHI,,MIA,L 32-35,0.00,0.00,0.0,0.0,13,17.6,0,0.0,16,61.5,FB,BlasKh00
4148,Khari Blasingame,0.00,7,Sun,10,10,2022-11-13,26-135,CHI,,DET,L 30-31,0.00,0.00,0.0,0.0,7,11.5,0,0.0,17,58.6,FB,BlasKh00
4149,Khari Blasingame,0.00,11,Sun,11,11,2022-11-20,26-142,CHI,@,ATL,L 24-27,0.00,0.00,0.0,0.0,11,15.9,0,0.0,11,40.7,FB,BlasKh00
4150,Khari Blasingame,0.00,10,Sun,12,12,2022-11-27,26-149,CHI,@,NYJ,L 10-31,0.00,0.00,0.0,0.0,10,17.5,0,0.0,12,48.0,FB,BlasKh00
4151,Khari Blasingame,0.00,7,Sun,14,15,2022-12-18,26-170,CHI,,PHI,L 20-25,0.00,0.00,0.0,0.0,7,11.9,0,0.0,17,68.0,FB,BlasKh00
4152,Khari Blasingame,0.00,11,Sat,15,16,2022-12-24,26-176,CHI,,BUF,L 13-35,0.00,0.00,0.0,0.0,11,17.5,0,0.0,13,52.0,FB,BlasKh00
4153,Khari Blasingame,0.00,9,Sun,16,17,2023-01-01,26-184,CHI,@,DET,L 10-41,0.00,0.00,0.0,0.0,9,17.3,0,0.0,21,70.0,FB,BlasKh00
4154,Khari Blasingame,0.00,13,Sun,17,18,2023-01-08,26-191,CHI,,MIN,L 13-29,0.00,0.00,0.0,0.0,13,25.5,0,0.0,14,60.9,FB,BlasKh00
4155,Khari Blasingame,0.00,7,Sun,1,1,2023-09-10,27-071,CHI,,GNB,L 20-38,0.00,0.00,0.0,0.0,7,9.5,0,0.0,16,57.1,FB,BlasKh00
4156,Khari Blasingame,0.00,5,Sun,2,2,2023-09-17,27-078,CHI,@,TAM,L 17-27,0.00,0.00,0.0,0.0,5,9.4,0,0.0,17,63.0,FB,BlasKh00
4157,Khari Blasingame,0.00,5,Sun,3,3,2023-09-24,27-085,CHI,@,KAN,L 10-41,0.00,0.00,0.0,0.0,5,9.8,0,0.0,15,60.0,FB,BlasKh00
4158,Khari Blasingame,0.00,15,Sun,4,4,2023-10-01,27-092,CHI,,DEN,L 28-31,0.00,0.00,0.0,0.0,15,20.8,0,0.0,15,57.7,FB,BlasKh00
4159,Khari Blasingame,0.00,14,Sun,8,8,2023-10-29,27-120,CHI,@,LAC,L 13-30,0.00,0.00,0.0,0.0,14,21.2,0,0.0,15,68.2,FB,BlasKh00
4160,Khari Blasingame,0.00,7,Sun,9,9,2023-11-05,27-127,CHI,@,NOR,L 17-24,0.00,0.00,0.0,0.0,7,10.3,0,0.0,4,16.7,FB,BlasKh00
4161,Khari Blasingame,0.00,16,Sun,11,11,2023-11-19,27-141,CHI,@,DET,L 26-31,0.00,0.00,0.0,0.0,16,21.3,0,0.0,16,61.5,FB,BlasKh00
4162,Khari Blasingame,0.00,6,Mon,12,12,2023-11-27,27-149,CHI,@,MIN,W 12-10,0.00,0.00,0.0,0.0,6,8.6,0,0.0,7,35.0,FB,BlasKh00
4163,Khari Blasingame,0.00,14,Sun,13,14,2023-12-10,27-162,CHI,,DET,W 28-13,0.00,1.00,0.7,0.2,14,19.7,0,0.0,10,41.7,FB,BlasKh00
4164,Khari Blasingame,0.00,9,Sun,14,15,2023-12-17,27-169,CHI,@,CLE,L 17-20,0.00,0.00,0.0,0.0,9,12.3,0,0.0,22,62.9,FB,BlasKh00
4165,Khari Blasingame,0.00,18,Sun,15,16,2023-12-24,27-176,CHI,,ARI,W 27-16,0.00,0.00,0.0,0.0,18,25.7,0,0.0,14,48.3,FB,BlasKh00
4166,Khari Blasingame,0.00,17,Sun,16,17,2023-12-31,27-183,CHI,,ATL,W 37-17,0.00,0.00,0.0,0.0,17,23.0,0,0.0,10,31.3,FB,BlasKh00
4167,Khari Blasingame,0.00,7,Sun,17,18,2024-01-07,27-190,CHI,@,GNB,L 9-17,0.00,0.00,0.0,0.0,7,14.6,0,0.0,7,38.9,FB,BlasKh00
4168,Khari Blasingame,0.00,7,Sun,1,1,2024-09-08,28-069,CHI,,TEN,W 24-17,0.00,0.00,0.0,0.0,7,12.5,0,0.0,14,48.3,FB,BlasKh00
4169,Khari Blasingame,0.00,3,Sun,6,6,2024-10-13,28-104,CHI,,JAX,W 35-16,0.00,0.00,0.0,0.0,3,4.5,0,0.0,11,45.8,FB,BlasKh00
4170,Khari Blasingame,0.00,1,Sun,13,14,2024-12-08,28-160,PHI,,CAR,W 22-16,0.00,0.00,0.0,0.0,1,1.7,0,0.0,15,68.2,FB,BlasKh00
4171,Khari Blasingame,0.00,1,Sun,15,16,2024-12-22,28-174,PHI,@,WAS,L 33-36,0.00,0.00,0.0,0.0,1,1.4,0,0.0,20,62.5,FB,BlasKh00
4172,Brandon Bolden,0.00,5,Sun,4,4,2022-10-02,32-249,LVR,,DEN,W 32-23,0.00,1.00,0.9,0.4,5,6.7,0,0.0,20,62.5,RB,BoldBr00
4173,Brandon Bolden,0.00,1,Sun,7,8,2022-10-30,32-277,LVR,@,NOR,L 0-24,0.00,0.00,0.0,0.0,1,1.7,0,0.0,14,73.7,RB,BoldBr00
4174,Brandon Bolden,0.00,1,Thu,13,14,2022-12-08,32-316,LVR,@,LAR,L 16-17,0.00,0.00,0.0,0.0,1,1.7,0,0.0,17,68.0,RB,BoldBr00
4175,Brandon Bolden,0.00,2,Sat,15,16,2022-12-24,32-332,LVR,@,PIT,L 10-13,0.00,0.00,0.0,0.0,2,3.8,0,0.0,15,68.2,RB,BoldBr00
4176,Brandon Bolden,0.00,1,Mon,15,16,2023-12-25,33-333,LVR,@,KAN,W 20-14,0.00,0.00,2.0,2.0,1,1.8,0,0.0,21,84.0,RB,BoldBr00
4177,Mike Boone,0.00,7,Sun,2,2,2022-09-18,27-080,DEN,,HOU,W 16-9,0.00,0.00,0.0,0.0,7,9.7,0,0.0,8,30.8,RB,BoonMi00
4178,Mike Boone,0.00,14,Sun,3,3,2022-09-25,27-087,DEN,,SFO,W 11-10,0.00,0.00,0.0,0.0,14,18.9,0,0.0,18,64.3,RB,BoonMi00
4179,Matt Breida,0.00,6,Sun,11,11,2023-11-19,28-264,NYG,@,WAS,W 31-19,0.00,0.00,-0.1,-0.1,6,10.9,0,0.0,13,44.8,RB,BreiMa00
4180,Matt Breida,0.00,4,Sun,16,17,2023-12-31,28-306,NYG,,LAR,L 25-26,0.00,0.00,0.0,0.0,4,5.4,0,0.0,15,50.0,RB,BreiMa00
4181,Matt Breida,0.00,5,Sun,17,18,2024-01-07,28-313,NYG,,PHI,W 27-10,0.00,0.00,0.0,0.0,5,7.5,0,0.0,12,46.2,RB,BreiMa00
4182,Matt Breida,0.00,11,Sun,2,2,2022-09-18,27-202,NYG,,CAR,W 19-16,0.00,0.00,-0.4,-0.4,11,15.1,0,0.0,15,50.0,RB,BreiMa00
4183,Gary Brightwell,0.00,3,Sun,4,4,2022-10-02,23-216,NYG,,CHI,W 20-12,0.00,0.00,0.0,0.0,3,4.6,0,0.0,20,66.7,RB,BrigGa00
4184,Gary Brightwell,0.00,1,Sun,6,6,2022-10-16,23-230,NYG,,BAL,W 24-20,0.00,0.00,0.0,0.0,1,1.5,0,0.0,16,61.5,RB,BrigGa00
4185,Gary Brightwell,0.00,1,Sun,8,8,2022-10-30,23-244,NYG,@,SEA,L 13-27,0.00,0.00,0.0,0.0,1,1.5,0,0.0,21,70.0,RB,BrigGa00
4186,Gary Brightwell,0.00,7,Sun,10,11,2022-11-20,23-265,NYG,,DET,L 18-31,0.00,0.00,0.0,0.0,7,9.2,0,0.0,17,65.4,RB,BrigGa00
4187,Gary Brightwell,0.00,1,Sat,15,16,2022-12-24,23-299,NYG,@,MIN,L 24-27,0.00,0.00,-0.1,-0.1,1,1.4,0,0.0,17,58.6,RB,BrigGa00
4188,Gary Brightwell,0.00,2,Sun,2,2,2023-09-17,24-201,NYG,@,ARI,W 31-28,0.00,0.00,0.0,0.0,2,2.9,0,0.0,18,64.3,RB,BrigGa00
4189,British Brooks,0.00,6,Sun,4,4,2024-09-29,24-316,HOU,,JAX,W 24-20,0.00,0.00,0.0,0.0,6,8.0,0,0.0,21,72.4,RB,BrooBr01
4190,Chris Brooks,0.00,8,Sun,7,7,2024-10-20,24-283,GNB,,HOU,W 24-22,0.00,0.00,0.0,0.0,8,13.8,0,0.0,6,20.7,RB,BrooCh00
4191,Chris Brooks,0.00,8,Sun,16,17,2024-12-29,24-353,GNB,@,MIN,L 25-27,0.00,0.00,0.0,0.0,8,12.7,0,0.0,12,44.4,RB,BrooCh00
4192,Chris Brooks,0.00,7,Sun,5,5,2023-10-08,23-270,MIA,,NYG,W 31-16,0.00,0.00,0.0,0.0,7,13.0,0,0.0,10,38.5,RB,BrooCh00
4193,Jonathon Brooks,0.00,3,Sun,13,14,2024-12-08,21-140,CAR,@,PHI,L 16-22,0.00,0.00,-0.3,-0.3,3,4.2,0,0.0,0,0.0,RB,BrooJo02
4194,Chase Brown,0.00,1,Mon,3,3,2023-09-25,23-188,CIN,,LAR,W 19-16,0.00,0.00,0.0,0.0,1,1.3,0,0.0,14,45.2,RB,BrowCh10
4195,Chase Brown,0.00,1,Sun,4,4,2023-10-01,23-194,CIN,@,TEN,L 3-27,0.00,1.00,0.7,0.2,1,1.9,0,0.0,10,47.6,RB,BrowCh10
4196,Malcolm Brown,0.00,2,Mon,4,4,2022-10-03,29-141,LAR,@,SFO,L 9-24,0.00,0.00,0.0,0.0,2,2.7,0,0.0,5,20.0,RB,BrowMa03
4197,Malcolm Brown,0.00,8,Sun,5,5,2022-10-09,29-147,LAR,,DAL,L 10-22,0.00,0.00,0.0,0.0,8,12.3,0,0.0,7,23.3,RB,BrowMa03
4198,Malcolm Brown,0.00,7,Mon,14,15,2022-12-19,29-218,LAR,@,GNB,L 12-24,0.00,0.00,0.0,0.0,7,15.6,0,0.0,13,61.9,RB,BrowMa03
4199,Rex Burkhead,0.00,9,Sun,10,11,2022-11-20,32-141,HOU,,WAS,L 10-23,0.00,0.00,0.0,0.0,9,16.1,0,0.0,0,0.0,RB,BurkRe00
4200,Michael Burton,0.00,4,Sun,6,6,2024-10-13,32-255,DEN,,LAC,L 16-23,0.00,0.00,0.0,0.0,4,7.3,0,0.0,19,70.4,FB,BurtMi00
4201,Michael Burton,0.00,11,Thu,7,7,2024-10-17,32-259,DEN,@,NOR,W 33-10,0.00,0.00,0.0,0.0,11,16.9,0,0.0,18,62.1,FB,BurtMi00
4202,Michael Burton,0.00,10,Sun,9,9,2024-11-03,32-276,DEN,@,BAL,L 10-41,0.00,0.00,-0.1,-0.1,10,13.9,0,0.0,15,60.0,FB,BurtMi00
4203,Michael Burton,0.00,10,Sun,10,10,2024-11-10,32-283,DEN,@,KAN,L 14-16,0.00,0.00,0.0,0.0,10,17.2,0,0.0,15,60.0,FB,BurtMi00
4204,Michael Burton,0.00,5,Sun,11,11,2024-11-17,32-290,DEN,,ATL,W 38-6,0.00,1.00,1.0,0.5,5,8.1,0,0.0,17,65.4,FB,BurtMi00
4205,Michael Burton,0.00,7,Sun,14,15,2024-12-15,32-318,DEN,,IND,W 31-13,0.00,0.00,0.0,0.0,7,11.1,0,0.0,21,70.0,FB,BurtMi00
4206,Michael Burton,0.00,8,Sat,16,17,2024-12-28,32-331,DEN,@,CIN,L 24-30 (OT),0.00,0.00,0.0,0.0,8,13.3,0,0.0,12,48.0,FB,BurtMi00
4207,Michael Burton,0.00,9,Sun,1,1,2022-09-11,30-222,KAN,@,ARI,W 44-21,0.00,0.00,0.0,0.0,9,12.9,0,0.0,14,51.9,RB,BurtMi00
4208,Michael Burton,0.00,7,Sun,4,4,2022-10-02,30-243,KAN,@,TAM,W 41-31,0.00,0.00,0.0,0.0,7,8.8,0,0.0,15,50.0,RB,BurtMi00
4209,Michael Burton,0.00,6,Mon,5,5,2022-10-10,30-251,KAN,,LVR,W 30-29,0.00,0.00,0.0,0.0,6,8.3,0,0.0,15,53.6,RB,BurtMi00
4210,Michael Burton,0.00,3,Sun,6,6,2022-10-16,30-257,KAN,,BUF,L 20-24,0.00,0.00,0.0,0.0,3,4.5,0,0.0,12,52.2,RB,BurtMi00
4211,Michael Burton,0.00,7,Sun,7,7,2022-10-23,30-264,KAN,@,SFO,W 44-23,0.00,0.00,0.0,0.0,7,10.9,0,0.0,15,53.6,RB,BurtMi00
4212,Michael Burton,0.00,2,Sun,9,10,2022-11-13,30-285,KAN,,JAX,W 27-17,0.00,0.00,-0.1,-0.1,2,3.2,0,0.0,11,42.3,RB,BurtMi00
4213,Michael Burton,0.00,2,Sun,10,11,2022-11-20,30-292,KAN,@,LAC,W 30-27,0.00,0.00,0.0,0.0,2,3.1,0,0.0,15,51.7,RB,BurtMi00
4214,Michael Burton,0.00,3,Sun,12,13,2022-12-04,30-306,KAN,@,CIN,L 24-27,0.00,0.00,0.0,0.0,3,5.5,0,0.0,12,52.2,RB,BurtMi00
4215,Michael Burton,0.00,4,Sun,13,14,2022-12-11,30-313,KAN,@,DEN,W 34-28,0.00,0.00,0.0,0.0,4,5.9,0,0.0,15,46.9,RB,BurtMi00
4216,Michael Burton,0.00,1,Sun,14,15,2022-12-18,30-320,KAN,@,HOU,W 30-24 (OT),0.00,0.00,0.0,0.0,1,1.3,0,0.0,16,57.1,RB,BurtMi00
4217,Michael Burton,0.00,4,Sat,15,16,2022-12-24,30-326,KAN,,SEA,W 24-10,0.00,0.00,0.0,0.0,4,7.5,0,0.0,13,54.2,RB,BurtMi00
4218,Michael Burton,0.00,2,Sun,16,17,2023-01-01,30-334,KAN,,DEN,W 27-24,0.00,0.00,0.0,0.0,2,3.3,0,0.0,16,55.2,RB,BurtMi00
4219,Michael Burton,0.00,4,Sat,17,18,2023-01-07,30-340,KAN,@,LVR,W 31-13,0.00,0.00,0.0,0.0,4,6.8,0,0.0,13,56.5,RB,BurtMi00
4220,Michael Burton,0.00,7,Sun,3,3,2023-09-24,31-235,DEN,@,MIA,L 20-70,0.00,0.00,0.0,0.0,7,11.3,0,0.0,22,61.1,FB,BurtMi00
4221,Michael Burton,0.00,11,Sun,4,4,2023-10-01,31-242,DEN,@,CHI,W 31-28,0.00,0.00,0.0,0.0,11,22.9,0,0.0,16,61.5,FB,BurtMi00
4222,Michael Burton,0.00,6,Sun,5,5,2023-10-08,31-249,DEN,,NYJ,L 21-31,0.00,0.00,2.0,2.0,6,9.5,0,0.0,21,65.6,FB,BurtMi00
4223,Michael Burton,0.00,12,Sun,7,7,2023-10-22,31-263,DEN,,GNB,W 19-17,0.00,0.00,-0.2,-0.2,12,20.3,0,0.0,14,56.0,FB,BurtMi00
4224,Michael Burton,0.00,14,Sun,8,8,2023-10-29,31-270,DEN,,KAN,W 24-9,0.00,0.00,0.0,0.0,14,19.7,0,0.0,13,59.1,FB,BurtMi00
4225,Michael Burton,0.00,12,Mon,9,10,2023-11-13,31-285,DEN,@,BUF,W 24-22,0.00,0.00,0.0,0.0,12,16.0,0,0.0,17,63.0,FB,BurtMi00
4226,Michael Burton,0.00,9,Sun,10,11,2023-11-19,31-291,DEN,,MIN,W 21-20,0.00,0.00,0.0,0.0,9,16.4,0,0.0,16,59.3,FB,BurtMi00
4227,Michael Burton,0.00,16,Sun,11,12,2023-11-26,31-298,DEN,,CLE,W 29-12,0.00,0.00,0.0,0.0,16,23.9,0,0.0,19,73.1,FB,BurtMi00
4228,Michael Burton,0.00,9,Sat,14,15,2023-12-16,31-318,DEN,@,DET,L 17-42,0.00,0.00,0.0,0.0,9,14.1,0,0.0,17,58.6,FB,BurtMi00
4229,Michael Burton,0.00,14,Sun,16,17,2023-12-31,31-333,DEN,,LAC,W 16-9,0.00,0.00,0.0,0.0,14,20.3,0,0.0,15,53.6,FB,BurtMi00
4230,Michael Burton,0.00,10,Sun,17,18,2024-01-07,31-340,DEN,@,LVR,L 14-27,0.00,0.00,0.0,0.0,10,16.4,0,0.0,17,68.0,FB,BurtMi00
4231,Michael Burton,0.00,13,Sun,3,3,2024-09-22,32-234,DEN,@,TAM,W 26-7,0.00,0.00,0.0,0.0,13,19.1,0,0.0,14,63.6,FB,BurtMi00
4232,Jason Cabinda,0.00,11,Thu,1,1,2023-09-07,27-174,DET,@,KAN,W 21-20,0.00,0.00,0.0,0.0,11,15.7,0,0.0,20,74.1,FB,CabiJa00
4233,Jason Cabinda,0.00,5,Sun,2,2,2023-09-17,27-184,DET,,SEA,L 31-37 (OT),0.00,0.00,0.0,0.0,5,7.6,0,0.0,15,53.6,FB,CabiJa00
4234,Jason Cabinda,0.00,10,Sun,3,3,2023-09-24,27-191,DET,,ATL,W 20-6,0.00,0.00,0.0,0.0,10,14.3,0,0.0,19,70.4,FB,CabiJa00
4235,Jason Cabinda,0.00,5,Sun,17,18,2024-01-07,27-296,DET,,MIN,W 30-20,0.00,0.00,0.0,0.0,5,8.8,0,0.0,20,71.4,FB,CabiJa00
4236,Michael Carter,0.00,2,Sun,15,16,2023-12-24,24-231,ARI,@,CHI,L 16-27,0.00,0.00,0.0,0.0,2,3.3,0,0.0,0,0.0,RB,CartMi03
4237,Michael Carter,0.00,37,Sun,13,14,2022-12-11,23-218,NYJ,@,BUF,L 12-20,0.00,3.00,4.0,1.5,37,50.0,0,0.0,0,0.0,RB,CartMi03
4238,Michael Carter,0.00,9,Sun,9,10,2023-11-12,24-189,NYJ,@,LVR,L 12-16,0.00,0.00,0.0,0.0,9,13.6,0,0.0,0,0.0,RB,CartMi03
4239,Tory Carter,0.00,12,Sun,1,1,2022-09-11,23-179,TEN,,NYG,L 20-21,0.00,0.00,0.0,0.0,12,18.5,0,0.0,19,67.9,FB,CartTo01
4240,Tory Carter,0.00,6,Mon,2,2,2022-09-19,23-187,TEN,@,BUF,L 7-41,0.00,0.00,0.0,0.0,6,10.7,0,0.0,19,70.4,FB,CartTo01
4241,Tory Carter,0.00,6,Sun,3,3,2022-09-25,23-193,TEN,,LVR,W 24-22,0.00,0.00,0.0,0.0,6,10.3,0,0.0,15,62.5,FB,CartTo01
4242,Tory Carter,0.00,11,Sun,4,4,2022-10-02,23-200,TEN,@,IND,W 24-17,0.00,0.00,0.0,0.0,11,20.4,0,0.0,14,60.9,FB,CartTo01
4243,Tory Carter,0.00,7,Sun,5,5,2022-10-09,23-207,TEN,@,WAS,W 21-17,0.00,0.00,0.0,0.0,7,10.9,0,0.0,21,75.0,FB,CartTo01
4244,Tory Carter,0.00,13,Thu,10,11,2022-11-17,23-246,TEN,@,GNB,W 27-17,0.00,0.00,0.0,0.0,13,19.7,0,0.0,12,54.5,FB,CartTo01
4245,Ty Chandler,0.00,1,Sun,8,8,2023-10-29,25-170,MIN,@,GNB,W 24-10,0.00,0.00,0.0,0.0,1,1.4,0,0.0,13,56.5,RB,ChanTy01
4246,Ty Chandler,0.00,2,Thu,7,8,2024-10-24,26-165,MIN,@,LAR,L 20-30,0.00,0.00,0.0,0.0,2,4.0,0,0.0,8,32.0,RB,ChanTy01
4247,Ty Chandler,0.00,1,Sun,10,11,2024-11-17,26-189,MIN,@,TEN,W 23-13,0.00,0.00,0.0,0.0,1,1.4,0,0.0,13,50.0,RB,ChanTy01
4248,Zach Charbonnet,0.00,26,Sun,15,16,2023-12-24,22-350,SEA,@,TEN,W 20-17,0.00,1.00,0.6,0.1,26,41.9,0,0.0,0,0.0,RB,CharZa00
4249,Julius Chestnut,0.00,1,Sun,14,15,2022-12-18,22-053,TEN,@,LAC,L 14-17,0.00,0.00,0.0,0.0,1,1.6,0,0.0,7,25.9,RB,ChesJu00
4250,Julius Chestnut,0.00,6,Sun,1,1,2023-09-10,22-319,TEN,@,NOR,L 15-16,0.00,0.00,0.0,0.0,6,9.5,0,0.0,19,67.9,RB,ChesJu00
4251,Julius Chestnut,0.00,1,Sun,2,2,2023-09-17,22-326,TEN,,LAC,W 27-24 (OT),0.00,0.00,0.0,0.0,1,1.5,0,0.0,15,50.0,RB,ChesJu00
4252,Julius Chestnut,0.00,1,Sun,2,2,2024-09-15,23-325,TEN,,NYJ,L 17-24,0.00,0.00,0.0,0.0,1,1.5,0,0.0,17,65.4,RB,ChesJu00
4253,Julius Chestnut,0.00,1,Sun,12,13,2024-12-01,24-036,TEN,@,WAS,L 19-42,0.00,0.00,0.0,0.0,1,1.8,0,0.0,14,50.0,RB,ChesJu00
4254,Julius Chestnut,0.00,2,Sun,13,14,2024-12-08,24-043,TEN,,JAX,L 6-10,0.00,0.00,0.0,0.0,2,3.1,0,0.0,11,61.1,RB,ChesJu00
4255,Corey Clement,0.00,1,Thu,7,7,2022-10-20,27-352,ARI,,NOR,W 42-34,0.00,0.00,0.0,0.0,1,1.5,0,0.0,16,50.0,RB,ClemCo00
4256,Tevin Coleman,0.00,1,Mon,4,4,2022-10-03,29-170,SFO,,LAR,W 24-9,0.00,0.00,0.0,0.0,1,2.0,0,0.0,0,0.0,RB,ColeTe01
4257,Chris Collier,0.00,3,Sun,9,9,2024-11-03,24-224,BAL,,DEN,W 41-10,0.00,0.00,0.0,0.0,3,5.3,0,0.0,3,12.0,RB,CollCh01
4258,Snoop Conner,0.00,1,Sun,8,8,2022-10-30,22-318,JAX,,DEN,L 17-21,0.00,0.00,0.0,0.0,1,1.4,0,0.0,0,0.0,RB,ConnSn00
4259,Snoop Conner,0.00,1,Sun,9,9,2022-11-06,22-325,JAX,,LVR,W 27-20,0.00,0.00,0.0,0.0,1,1.4,0,0.0,0,0.0,RB,ConnSn00
4260,Snoop Conner,0.00,2,Sat,17,18,2023-01-07,23-022,JAX,,TEN,W 20-16,0.00,0.00,0.0,0.0,2,4.1,0,0.0,0,0.0,RB,ConnSn00
4261,Dalvin Cook,0.00,5,Sun,15,16,2023-12-24,28-136,NYJ,,WAS,W 30-28,0.00,0.00,0.0,0.0,5,5.6,0,0.0,0,0.0,RB,CookDa01
4262,James Cook,0.00,2,Sun,4,4,2022-10-02,23-007,BUF,@,BAL,W 23-20,0.00,0.00,0.0,0.0,2,3.1,0,0.0,0,0.0,RB,CookJa01
4263,Blake Corum,0.00,1,Sun,8,9,2024-11-03,23-344,LAR,@,SEA,W 26-20 (OT),0.00,0.00,-0.1,-0.1,1,1.3,0,0.0,20,62.5,RB,CoruBl00
4264,Blake Corum,0.00,3,Sat,16,17,2024-12-28,24-033,LAR,,ARI,W 13-9,0.00,0.00,-0.4,-0.4,3,5.3,0,0.0,5,22.7,RB,CoruBl00
4265,DeeJay Dallas,0.00,3,Mon,1,1,2022-09-12,23-361,SEA,,DEN,W 17-16,0.00,0.00,0.0,0.0,3,5.5,0,0.0,11,57.9,RB,DallDe00
4266,DeeJay Dallas,0.00,3,Sun,4,4,2022-10-02,24-016,SEA,@,DET,W 48-45,0.00,0.00,0.0,0.0,3,4.3,0,0.0,19,57.6,RB,DallDe00
4267,DeeJay Dallas,0.00,5,Sun,8,8,2022-10-30,24-044,SEA,,NYG,W 27-13,0.00,0.00,0.0,0.0,5,7.8,0,0.0,18,60.0,RB,DallDe00
4268,DeeJay Dallas,0.00,4,Mon,4,4,2023-10-02,25-016,SEA,@,NYG,W 24-3,0.00,0.00,0.0,0.0,4,7.3,0,0.0,17,73.9,RB,DallDe00
4269,DeeJay Dallas,0.00,4,Sun,5,6,2023-10-15,25-029,SEA,@,CIN,L 13-17,0.00,1.00,0.9,0.4,4,5.4,0,0.0,17,73.9,RB,DallDe00
4270,DeeJay Dallas,0.00,1,Sun,13,14,2023-12-10,25-085,SEA,@,SFO,L 16-28,0.00,0.00,0.0,0.0,1,1.7,0,0.0,21,77.8,RB,DallDe00
4271,Malik Davis,0.00,1,Sat,15,16,2022-12-24,24-028,DAL,,PHI,W 40-34,0.00,0.00,0.0,0.0,1,1.4,0,0.0,17,54.8,RB,DaviMa02
4272,Mike Davis,0.00,1,Sun,3,3,2022-09-25,29-218,BAL,@,NWE,W 37-26,0.00,0.00,0.0,0.0,1,1.7,0,0.0,0,0.0,RB,DaviMi01
4273,Mike Davis,0.00,2,Sun,4,4,2022-10-02,29-225,BAL,,BUF,L 20-23,0.00,0.00,0.0,0.0,2,2.9,0,0.0,0,0.0,RB,DaviMi01
4274,Mike Davis,0.00,5,Sun,6,6,2022-10-16,29-239,BAL,@,NYG,L 20-24,0.00,0.00,0.0,0.0,5,8.5,0,0.0,0,0.0,RB,DaviMi01
4275,Mike Davis,0.00,1,Sun,10,11,2022-11-20,29-274,BAL,,CAR,W 13-3,0.00,1.00,0.7,0.2,1,1.4,0,0.0,0,0.0,RB,DaviMi01
4276,Ray Davis,0.00,13,Sun,13,14,2024-12-08,25-027,BUF,@,LAR,L 42-44,0.00,0.00,0.0,0.0,13,21.7,0,0.0,9,27.3,RB,DaviRa04
4277,Tyrion Davis-Price,0.00,1,Sun,6,6,2022-10-16,21-358,SFO,@,ATL,L 14-28,0.00,0.00,0.0,0.0,1,1.7,0,0.0,5,22.7,RB,DaviTy03
4278,Emari Demercado,0.00,3,Sun,1,1,2023-09-10,24-233,ARI,@,WAS,L 16-20,0.00,0.00,0.0,0.0,3,4.8,0,0.0,7,25.0,RB,DemeEm00
4279,Emari Demercado,0.00,2,Sun,13,13,2023-12-03,24-317,ARI,@,PIT,W 24-10,0.00,0.00,0.0,0.0,2,2.9,0,0.0,1,4.2,RB,DemeEm00
4280,Emari Demercado,0.00,7,Sun,17,18,2024-01-07,24-352,ARI,,SEA,L 20-21,0.00,0.00,0.0,0.0,7,10.0,0,0.0,4,15.4,RB,DemeEm00
4281,Emari Demercado,0.00,13,Sun,5,5,2024-10-06,25-260,ARI,@,SFO,W 24-23,0.00,1.00,1.0,0.5,13,22.4,0,0.0,5,20.8,RB,DemeEm00
4282,Emari Demercado,0.00,8,Sun,8,8,2024-10-27,25-281,ARI,@,MIA,W 28-27,0.00,0.00,0.0,0.0,8,12.1,0,0.0,3,11.5,RB,DemeEm00
4283,Elijah Dotson,0.00,1,Sun,1,1,2023-09-10,24-234,LAC,,MIA,L 34-36,0.00,0.00,0.0,0.0,1,1.2,0,0.0,0,0.0,RB,DotsEl00
4284,Elijah Dotson,0.00,1,Sun,3,3,2023-09-24,24-248,LAC,@,MIN,W 28-24,0.00,0.00,0.0,0.0,1,1.5,0,0.0,5,20.0,RB,DotsEl00
4285,Elijah Dotson,0.00,5,Sun,4,4,2023-10-01,24-255,LAC,,LVR,W 24-17,0.00,0.00,0.0,0.0,5,7.7,0,0.0,4,16.0,RB,DotsEl00
4286,Rico Dowdle,0.00,1,Sun,2,2,2022-09-18,24-096,DAL,,CIN,W 20-17,0.00,0.00,0.0,0.0,1,1.6,0,0.0,18,69.2,RB,DowdRi01
4287,Rico Dowdle,0.00,2,Mon,3,3,2022-09-26,24-104,DAL,@,NYG,W 23-16,0.00,0.00,0.0,0.0,2,3.1,0,0.0,17,58.6,RB,DowdRi01
4288,Rico Dowdle,0.00,3,Sun,5,5,2022-10-09,24-117,DAL,@,LAR,W 22-10,0.00,0.00,0.0,0.0,3,5.5,0,0.0,21,70.0,RB,DowdRi01
4289,Kenyan Drake,0.00,1,Sun,5,5,2023-10-08,29-255,BAL,@,PIT,L 10-17,0.00,0.00,0.0,0.0,1,1.4,0,0.0,0,0.0,RB,DrakKe00
4290,Kenyan Drake,0.00,5,Sun,14,15,2023-12-17,29-325,GNB,,TAM,L 20-34,0.00,0.00,0.0,0.0,5,8.3,0,0.0,0,0.0,RB,DrakKe00
4291,Trestan Ebner,0.00,4,Sun,1,1,2022-09-11,23-252,CHI,,SFO,W 19-10,0.00,0.00,0.0,0.0,4,6.9,0,0.0,5,20.8,RB,EbneTr00
4292,Trestan Ebner,0.00,1,Sun,5,5,2022-10-09,23-280,CHI,@,MIN,L 22-29,0.00,0.00,0.0,0.0,1,2.0,0,0.0,7,30.4,RB,EbneTr00
4293,Trestan Ebner,0.00,3,Thu,6,6,2022-10-13,23-284,CHI,,WAS,L 7-12,0.00,0.00,0.0,0.0,3,4.2,0,0.0,11,55.0,RB,EbneTr00
4294,Trestan Ebner,0.00,3,Sun,8,8,2022-10-30,23-301,CHI,@,DAL,L 29-49,0.00,0.00,-0.5,-0.5,3,3.8,0,0.0,15,51.7,RB,EbneTr00
4295,Trestan Ebner,0.00,2,Sun,9,9,2022-11-06,23-308,CHI,,MIA,L 32-35,0.00,0.00,0.0,0.0,2,2.7,0,0.0,13,50.0,RB,EbneTr00
4296,Trestan Ebner,0.00,1,Sun,12,12,2022-11-27,23-329,CHI,@,NYJ,L 10-31,0.00,0.00,0.0,0.0,1,1.8,0,0.0,1,4.0,RB,EbneTr00
4297,Trestan Ebner,0.00,1,Sun,13,13,2022-12-04,23-336,CHI,,GNB,L 19-28,0.00,0.00,0.0,0.0,1,1.9,0,0.0,13,54.2,RB,EbneTr00
4298,Trestan Ebner,0.00,5,Sun,14,15,2022-12-18,23-350,CHI,,PHI,L 20-25,0.00,0.00,0.0,0.0,5,8.5,0,0.0,12,48.0,RB,EbneTr00
4299,Trestan Ebner,0.00,5,Sun,16,17,2023-01-01,23-364,CHI,@,DET,L 10-41,0.00,0.00,0.0,0.0,5,9.6,0,0.0,14,46.7,RB,EbneTr00
4300,Trestan Ebner,0.00,8,Sun,17,18,2023-01-08,24-006,CHI,,MIN,L 13-29,0.00,0.00,0.0,0.0,8,15.7,0,0.0,11,47.8,RB,EbneTr00
4301,Chase Edmonds,0.00,8,Sun,8,9,2023-11-05,27-206,TAM,@,HOU,L 37-39,0.00,1.00,0.4,-0.1,8,12.1,0,0.0,20,60.6,RB,EdmoCh00
4302,Clyde Edwards-Helaire,0.00,4,Sun,9,10,2022-11-13,23-216,KAN,,JAX,W 27-17,0.00,0.00,0.0,0.0,4,6.3,0,0.0,0,0.0,RB,EdwaCl00
4303,Travis Etienne,0.00,11,Sun,6,6,2024-10-13,25-261,JAX,@,CHI,L 16-35,0.00,0.00,-0.1,-0.1,11,17.7,0,0.0,0,0.0,RB,EtieTr00
4304,Chris Evans,0.00,1,Sun,2,2,2022-09-18,24-348,CIN,@,DAL,L 17-20,0.00,0.00,0.0,0.0,1,1.4,0,0.0,15,57.7,RB,EvanCh02
4305,Chris Evans,0.00,3,Thu,4,4,2022-09-29,24-359,CIN,,MIA,W 27-15,0.00,0.00,0.0,0.0,3,4.7,0,0.0,15,53.6,RB,EvanCh02
4306,Chris Evans,0.00,3,Sun,6,6,2022-10-16,25-011,CIN,@,NOR,W 30-26,0.00,0.00,0.0,0.0,3,5.3,0,0.0,17,58.6,RB,EvanCh02
4307,Chris Evans,0.00,1,Sun,9,9,2022-11-06,25-032,CIN,,CAR,W 42-21,0.00,0.00,0.0,0.0,1,1.4,0,0.0,4,13.8,RB,EvanCh02
4308,Chris Evans,0.00,4,Sun,11,12,2022-11-27,25-053,CIN,@,TEN,W 20-16,0.00,0.00,0.0,0.0,4,5.7,0,0.0,10,33.3,RB,EvanCh02
4309,Chris Evans,0.00,3,Sun,5,5,2023-10-08,26-003,CIN,@,ARI,W 34-20,0.00,0.00,0.0,0.0,3,3.7,0,0.0,10,37.0,RB,EvanCh02
4310,Chris Evans,0.00,2,Sun,6,6,2023-10-15,26-010,CIN,,SEA,W 17-13,0.00,0.00,0.0,0.0,2,3.7,0,0.0,10,43.5,RB,EvanCh02
4311,Chris Evans,0.00,4,Sun,7,8,2023-10-29,26-024,CIN,@,SFO,W 31-17,0.00,0.00,0.0,0.0,4,6.3,0,0.0,15,60.0,RB,EvanCh02
4312,Chris Evans,0.00,5,Sun,8,9,2023-11-05,26-031,CIN,,BUF,W 24-18,0.00,0.00,0.0,0.0,5,7.1,0,0.0,15,71.4,RB,EvanCh02
4313,Chris Evans,0.00,2,Sun,9,10,2023-11-12,26-038,CIN,,HOU,L 27-30,0.00,0.00,0.0,0.0,2,3.1,0,0.0,21,65.6,RB,EvanCh02
4314,Chris Evans,0.00,1,Thu,10,11,2023-11-16,26-042,CIN,@,BAL,L 20-34,0.00,0.00,0.0,0.0,1,1.6,0,0.0,20,62.5,RB,EvanCh02
4315,Darrynton Evans,0.00,2,Sun,11,11,2022-11-20,24-134,CHI,@,ATL,L 24-27,0.00,0.00,0.0,0.0,2,2.9,0,0.0,6,22.2,RB,EvanDa02
4316,Zach Evans,0.00,1,Sun,10,11,2023-11-19,22-173,LAR,,SEA,W 17-16,0.00,0.00,0.0,0.0,1,1.5,0,0.0,1,3.8,RB,EvanZa00
4317,Anthony Firkser,0.00,13,Sun,2,2,2022-09-18,27-211,ATL,@,LAR,L 27-31,0.00,0.00,0.0,0.0,13,21.3,0,0.0,0,0.0,FB,FirkAn00
4318,Anthony Firkser,0.00,10,Sun,4,4,2022-10-02,27-225,ATL,,CLE,W 23-20,0.00,0.00,0.0,0.0,10,18.2,0,0.0,0,0.0,FB,FirkAn00
4319,Anthony Firkser,0.00,23,Sun,14,15,2022-12-18,27-302,ATL,@,NOR,L 18-21,0.00,0.00,0.0,0.0,23,31.1,0,0.0,0,0.0,FB,FirkAn00
4320,Anthony Firkser,0.00,9,Sun,16,17,2023-01-01,27-316,ATL,,ARI,W 20-19,0.00,0.00,0.0,0.0,9,14.5,0,0.0,0,0.0,FB,FirkAn00
4321,D'Onta Foreman,0.00,4,Sun,3,3,2022-09-25,26-154,CAR,,NOR,W 22-14,0.00,0.00,0.0,0.0,4,6.6,0,0.0,0,0.0,RB,ForeDO00
4322,D'Onta Foreman,0.00,19,Sun,14,15,2023-12-17,27-237,CHI,@,CLE,L 17-20,0.00,0.00,-0.6,-0.6,19,26.0,0,0.0,0,0.0,RB,ForeDO00
4323,D'Onta Foreman,0.00,1,Sun,1,1,2024-09-08,28-137,CLE,,DAL,L 17-33,0.00,0.00,0.0,0.0,1,1.3,0,0.0,1,2.8,RB,ForeDO00
4324,Royce Freeman,0.00,4,Sun,12,13,2023-12-03,27-282,LAR,,CLE,W 36-19,0.00,0.00,0.0,0.0,4,6.3,0,0.0,17,51.5,RB,FreeRo00
4325,Jake Funk,0.00,1,Sun,2,2,2022-09-18,24-250,LAR,,ATL,W 31-27,0.00,0.00,0.0,0.0,1,1.6,0,0.0,12,52.2,RB,FunkJa00
4326,Kenneth Gainwell,0.00,11,Sun,10,11,2022-11-20,23-251,PHI,@,IND,W 17-16,0.00,0.00,0.0,0.0,11,16.2,0,0.0,3,12.0,RB,GainKe00
4327,Kenneth Gainwell,0.00,12,Sun,13,14,2022-12-11,23-272,PHI,@,NYG,W 48-22,0.00,1.00,1.0,0.5,12,17.6,0,0.0,2,6.5,RB,GainKe00
4328,Kenneth Gainwell,0.00,7,Sun,12,13,2024-12-01,25-262,PHI,@,BAL,W 24-19,0.00,0.00,0.0,0.0,7,12.5,0,0.0,9,27.3,RB,GainKe00
4329,Myles Gaskin,0.00,2,Sun,1,1,2024-09-08,27-206,MIN,@,NYG,W 28-6,0.00,0.00,-0.3,-0.3,2,3.6,0,0.0,5,20.8,RB,GaskMy00
4330,Reggie Gilliam,0.00,19,Thu,1,1,2022-09-08,25-019,BUF,@,LAR,W 31-10,0.00,0.00,0.0,0.0,19,32.2,0,0.0,16,84.2,FB,GillRe00
4331,Reggie Gilliam,0.00,8,Sun,4,4,2022-10-02,25-043,BUF,@,BAL,W 23-20,0.00,0.00,0.0,0.0,8,12.5,0,0.0,20,80.0,FB,GillRe00
4332,Reggie Gilliam,0.00,7,Sun,5,5,2022-10-09,25-050,BUF,,PIT,W 38-3,0.00,0.00,0.0,0.0,7,12.5,0,0.0,22,88.0,FB,GillRe00
4333,Reggie Gilliam,0.00,9,Sun,7,8,2022-10-30,25-071,BUF,,GNB,W 27-17,0.00,0.00,0.0,0.0,9,15.3,0,0.0,18,81.8,FB,GillRe00
4334,Reggie Gilliam,0.00,10,Sun,8,9,2022-11-06,25-078,BUF,@,NYJ,L 17-20,0.00,0.00,0.0,0.0,10,16.1,0,0.0,18,78.3,FB,GillRe00
4335,Reggie Gilliam,0.00,4,Sun,9,10,2022-11-13,25-085,BUF,,MIN,L 30-33 (OT),0.00,0.00,0.0,0.0,4,5.3,0,0.0,26,78.8,FB,GillRe00
4336,Reggie Gilliam,0.00,16,Sun,10,11,2022-11-20,25-092,BUF,,CLE,W 31-23,0.00,0.00,0.0,0.0,16,24.6,0,0.0,17,56.7,FB,GillRe00
4337,Reggie Gilliam,0.00,7,Thu,11,12,2022-11-24,25-096,BUF,@,DET,W 28-25,0.00,0.00,0.0,0.0,7,9.1,0,0.0,21,80.8,FB,GillRe00
4338,Reggie Gilliam,0.00,5,Thu,12,13,2022-12-01,25-103,BUF,@,NWE,W 24-10,0.00,0.00,0.0,0.0,5,6.7,0,0.0,14,58.3,FB,GillRe00
4339,Reggie Gilliam,0.00,7,Sat,14,15,2022-12-17,25-119,BUF,,MIA,W 32-29,0.00,0.00,0.0,0.0,7,9.0,0,0.0,21,70.0,FB,GillRe00
4340,Reggie Gilliam,0.00,10,Sun,16,18,2023-01-08,25-141,BUF,,NWE,W 35-23,0.00,0.00,0.0,0.0,10,16.9,0,0.0,23,88.5,FB,GillRe00
4341,Reggie Gilliam,0.00,4,Mon,1,1,2023-09-11,26-022,BUF,@,NYJ,L 16-22 (OT),0.00,0.00,0.0,0.0,4,5.8,0,0.0,22,84.6,FB,GillRe00
4342,Reggie Gilliam,0.00,10,Sun,3,3,2023-09-24,26-035,BUF,@,WAS,W 37-3,0.00,0.00,0.0,0.0,10,14.7,0,0.0,21,95.5,FB,GillRe00
4343,Reggie Gilliam,0.00,10,Sun,4,4,2023-10-01,26-042,BUF,,MIA,W 48-20,0.00,0.00,0.0,0.0,10,17.2,0,0.0,26,92.9,FB,GillRe00
4344,Reggie Gilliam,0.00,7,Sun,5,5,2023-10-08,26-049,BUF,,JAX,L 20-25,0.00,0.00,0.0,0.0,7,11.7,0,0.0,20,80.0,FB,GillRe00
4345,Reggie Gilliam,0.00,5,Sun,6,6,2023-10-15,26-056,BUF,,NYG,W 14-9,0.00,0.00,0.0,0.0,5,8.2,0,0.0,18,85.7,FB,GillRe00
4346,Reggie Gilliam,0.00,4,Sun,7,7,2023-10-22,26-063,BUF,@,NWE,L 25-29,0.00,0.00,0.0,0.0,4,5.6,0,0.0,18,75.0,FB,GillRe00
4347,Reggie Gilliam,0.00,2,Thu,8,8,2023-10-26,26-067,BUF,,TAM,W 24-18,0.00,0.00,0.0,0.0,2,2.9,0,0.0,22,84.6,FB,GillRe00
4348,Reggie Gilliam,0.00,1,Mon,10,10,2023-11-13,26-085,BUF,,DEN,L 22-24,0.00,0.00,0.0,0.0,1,1.9,0,0.0,20,74.1,FB,GillRe00
4349,Reggie Gilliam,0.00,5,Sun,11,11,2023-11-19,26-091,BUF,,NYJ,W 32-6,0.00,0.00,0.0,0.0,5,6.6,0,0.0,27,100.0,FB,GillRe00
4350,Reggie Gilliam,0.00,6,Sun,12,12,2023-11-26,26-098,BUF,@,PHI,L 34-37 (OT),0.00,0.00,0.0,0.0,6,6.3,0,0.0,31,86.1,FB,GillRe00
4351,Reggie Gilliam,0.00,10,Sun,13,14,2023-12-10,26-112,BUF,@,KAN,W 20-17,0.00,0.00,0.0,0.0,10,13.0,0,0.0,20,83.3,FB,GillRe00
4352,Reggie Gilliam,0.00,14,Sun,14,15,2023-12-17,26-119,BUF,,DAL,W 31-10,0.00,0.00,0.0,0.0,14,20.6,0,0.0,22,91.7,FB,GillRe00
4353,Reggie Gilliam,0.00,2,Sat,15,16,2023-12-23,26-125,BUF,@,LAC,W 24-22,0.00,0.00,0.0,0.0,2,3.6,0,0.0,24,80.0,FB,GillRe00
4354,Reggie Gilliam,0.00,4,Sun,16,17,2023-12-31,26-133,BUF,,NWE,W 27-21,0.00,0.00,0.0,0.0,4,5.8,0,0.0,24,82.8,FB,GillRe00
4355,Reggie Gilliam,0.00,6,Sun,17,18,2024-01-07,26-140,BUF,@,MIA,W 21-14,0.00,0.00,0.0,0.0,6,7.7,0,0.0,15,83.3,FB,GillRe00
4356,Reggie Gilliam,0.00,4,Sun,1,1,2024-09-08,27-019,BUF,,ARI,W 34-28,0.00,0.00,0.0,0.0,4,6.5,0,0.0,23,85.2,FB,GillRe00
4357,Reggie Gilliam,0.00,5,Thu,2,2,2024-09-12,27-023,BUF,@,MIA,W 31-10,0.00,0.00,0.0,0.0,5,11.1,0,0.0,19,90.5,FB,GillRe00
4358,Reggie Gilliam,0.00,7,Mon,3,3,2024-09-23,27-034,BUF,,JAX,W 47-10,0.00,0.00,0.0,0.0,7,10.9,0,0.0,23,92.0,FB,GillRe00
4359,Reggie Gilliam,0.00,5,Sun,4,4,2024-09-29,27-040,BUF,@,BAL,L 10-35,0.00,0.00,0.0,0.0,5,8.5,0,0.0,22,81.5,FB,GillRe00
4360,Reggie Gilliam,0.00,5,Sun,5,5,2024-10-06,27-047,BUF,@,HOU,L 20-23,0.00,0.00,0.0,0.0,5,8.2,0,0.0,25,80.6,FB,GillRe00
4361,Reggie Gilliam,0.00,5,Mon,6,6,2024-10-14,27-055,BUF,@,NYJ,W 23-20,0.00,0.00,0.0,0.0,5,7.2,0,0.0,19,76.0,FB,GillRe00
4362,Reggie Gilliam,0.00,9,Sun,8,8,2024-10-27,27-068,BUF,@,SEA,W 31-10,0.00,0.00,0.0,0.0,9,11.8,0,0.0,21,91.3,FB,GillRe00
4363,Reggie Gilliam,0.00,9,Sun,11,11,2024-11-17,27-089,BUF,,KAN,W 30-21,0.00,0.00,0.0,0.0,9,12.3,0,0.0,21,87.5,FB,GillRe00
4364,Reggie Gilliam,0.00,14,Sun,12,13,2024-12-01,27-103,BUF,,SFO,W 35-10,0.00,0.00,0.0,0.0,14,24.1,0,0.0,21,84.0,FB,GillRe00
4365,Reggie Gilliam,0.00,3,Sun,13,14,2024-12-08,27-110,BUF,@,LAR,L 42-44,0.00,0.00,0.0,0.0,3,5.0,0,0.0,24,72.7,FB,GillRe00
4366,Reggie Gilliam,0.00,12,Sun,14,15,2024-12-15,27-117,BUF,@,DET,W 48-42,0.00,0.00,0.0,0.0,12,17.1,0,0.0,27,75.0,FB,GillRe00
4367,Reggie Gilliam,0.00,18,Sun,15,16,2024-12-22,27-124,BUF,,NWE,W 24-21,0.00,0.00,0.0,0.0,18,30.5,0,0.0,19,79.2,FB,GillRe00
4368,Tyler Goodson,0.00,6,Sun,13,14,2023-12-10,23-030,IND,@,CIN,L 14-34,0.00,1.00,0.8,0.3,6,9.4,0,0.0,0,0.0,RB,GoodTy00
4369,Tyler Goodson,0.00,5,Sat,17,18,2024-01-06,23-057,IND,,HOU,L 19-23,0.00,0.00,0.0,0.0,5,7.6,0,0.0,1,3.3,RB,GoodTy00
4370,Tyler Goodson,0.00,2,Sun,3,3,2024-09-22,23-317,IND,,CHI,W 21-16,0.00,0.00,0.0,0.0,2,3.6,0,0.0,8,34.8,RB,GoodTy00
4371,Tyler Goodson,0.00,1,Sun,4,4,2024-09-29,23-324,IND,,PIT,W 27-24,0.00,0.00,0.0,0.0,1,1.5,0,0.0,14,51.9,RB,GoodTy00
4372,Tyler Goodson,0.00,2,Sun,8,8,2024-10-27,23-352,IND,@,HOU,L 20-23,0.00,0.00,0.0,0.0,2,3.1,0,0.0,16,48.5,RB,GoodTy00
4373,Tyler Goodson,0.00,1,Sun,9,9,2024-11-03,23-359,IND,@,MIN,L 13-21,0.00,0.00,0.0,0.0,1,1.9,0,0.0,10,45.5,RB,GoodTy00
4374,Tyler Goodson,0.00,2,Sun,11,11,2024-11-17,24-007,IND,@,NYJ,W 28-27,0.00,0.00,0.0,0.0,2,2.9,0,0.0,13,41.9,RB,GoodTy00
4375,Tyler Goodson,0.00,1,Sun,13,13,2024-12-01,24-021,IND,@,NWE,W 25-24,0.00,0.00,0.0,0.0,1,1.6,0,0.0,11,47.8,RB,GoodTy00
4376,Tyler Goodson,0.00,2,Sun,16,17,2024-12-29,24-049,IND,@,NYG,L 33-45,0.00,0.00,0.0,0.0,2,2.6,0,0.0,1,3.1,RB,GoodTy00
4377,Derrick Gore,0.00,6,Sun,4,4,2023-10-01,28-292,WAS,@,PHI,L 31-34 (OT),0.00,0.00,0.0,0.0,6,7.7,0,0.0,19,61.3,RB,GoreDe00
4378,Derrick Gore,0.00,7,Thu,5,5,2023-10-05,28-296,WAS,,CHI,L 20-40,0.00,0.00,0.0,0.0,7,10.0,0,0.0,18,60.0,RB,GoreDe00
4379,Derrick Gore,0.00,7,Sun,15,16,2023-12-24,29-011,WAS,@,NYJ,L 28-30,0.00,0.00,0.0,0.0,7,11.5,0,0.0,24,66.7,RB,GoreDe00
4380,Eric Gray,0.00,2,Sun,12,12,2023-11-26,24-022,NYG,,NWE,W 10-7,0.00,0.00,0.0,0.0,2,3.8,0,0.0,2,8.7,RB,GrayEr01
4381,Eric Gray,0.00,1,Mon,13,14,2023-12-11,24-037,NYG,,GNB,W 24-22,0.00,0.00,0.0,0.0,1,1.8,0,0.0,6,22.2,RB,GrayEr01
4382,Eric Gray,0.00,2,Sun,10,10,2024-11-10,25-006,NYG,@,CAR,L 17-20 (OT),0.00,0.00,0.0,0.0,2,2.7,0,0.0,6,20.0,RB,GrayEr01
4383,Eric Gray,0.00,4,Thu,12,13,2024-11-28,25-024,NYG,@,DAL,L 20-27,0.00,0.00,0.0,0.0,4,6.3,0,0.0,6,19.4,RB,GrayEr01
4384,Eric Gray,0.00,3,Sun,14,15,2024-12-15,25-041,NYG,,BAL,L 14-35,0.00,0.00,0.0,0.0,3,4.4,0,0.0,1,4.8,RB,GrayEr01
4385,Eric Gray,0.00,5,Sun,16,17,2024-12-29,25-055,NYG,,IND,W 45-33,0.00,0.00,0.0,0.0,5,8.9,0,0.0,7,21.9,RB,GrayEr01
4386,Isaac Guerendo,0.00,3,Mon,1,1,2024-09-09,24-073,SFO,,NYJ,W 32-19,0.00,0.00,0.0,0.0,3,4.2,0,0.0,10,38.5,RB,GuerIs00
4387,Isaac Guerendo,0.00,1,Sun,2,2,2024-09-15,24-079,SFO,@,MIN,L 17-23,0.00,0.00,0.0,0.0,1,1.4,0,0.0,3,13.0,RB,GuerIs00
4388,Isaac Guerendo,0.00,3,Sun,9,10,2024-11-10,24-135,SFO,@,TAM,W 23-20,0.00,0.00,0.0,0.0,3,4.7,0,0.0,16,55.2,RB,GuerIs00
4389,Isaac Guerendo,0.00,2,Sun,10,11,2024-11-17,24-142,SFO,,SEA,L 17-20,0.00,0.00,0.0,0.0,2,3.2,0,0.0,8,38.1,RB,GuerIs00
4390,C.J. Ham,0.00,3,Mon,2,2,2022-09-19,29-059,MIN,@,PHI,L 7-24,0.00,0.00,0.0,0.0,3,4.9,0,0.0,15,71.4,FB,HamxC.00
4391,C.J. Ham,0.00,9,Sun,4,4,2022-10-02,29-072,MIN,@,NOR,W 28-25,0.00,0.00,0.0,0.0,9,12.5,0,0.0,20,64.5,FB,HamxC.00
4392,C.J. Ham,0.00,7,Sun,5,5,2022-10-09,29-079,MIN,,CHI,W 29-22,0.00,0.00,0.0,0.0,7,8.9,0,0.0,14,60.9,FB,HamxC.00
4393,C.J. Ham,0.00,13,Sun,7,8,2022-10-30,29-100,MIN,,ARI,W 34-26,0.00,0.00,0.0,0.0,13,18.3,0,0.0,20,66.7,FB,HamxC.00
4394,C.J. Ham,0.00,6,Sun,8,9,2022-11-06,29-107,MIN,@,WAS,W 20-17,0.00,0.00,0.0,0.0,6,9.1,0,0.0,20,71.4,FB,HamxC.00
4395,C.J. Ham,0.00,2,Sun,10,11,2022-11-20,29-121,MIN,,DAL,L 3-40,0.00,0.00,0.0,0.0,2,3.5,0,0.0,19,67.9,FB,HamxC.00
4396,C.J. Ham,0.00,10,Thu,11,12,2022-11-24,29-125,MIN,,NWE,W 33-26,0.00,0.00,0.0,0.0,10,14.5,0,0.0,20,60.6,FB,HamxC.00
4397,C.J. Ham,0.00,14,Sun,12,13,2022-12-04,29-135,MIN,,NYJ,W 27-22,0.00,0.00,0.0,0.0,14,20.6,0,0.0,21,65.6,FB,HamxC.00
4398,C.J. Ham,0.00,5,Sun,16,17,2023-01-01,29-163,MIN,@,GNB,L 17-41,0.00,0.00,0.0,0.0,5,8.6,0,0.0,15,53.6,FB,HamxC.00
4399,C.J. Ham,0.00,13,Thu,2,2,2023-09-14,30-054,MIN,@,PHI,L 28-34,0.00,0.00,0.0,0.0,13,22.4,0,0.0,14,48.3,FB,HamxC.00
4400,C.J. Ham,0.00,5,Sun,4,4,2023-10-01,30-071,MIN,@,CAR,W 21-13,0.00,0.00,0.0,0.0,5,10.4,0,0.0,11,50.0,FB,HamxC.00
4401,C.J. Ham,0.00,18,Sun,5,5,2023-10-08,30-078,MIN,,KAN,L 20-27,0.00,0.00,0.0,0.0,18,25.0,0,0.0,12,50.0,FB,HamxC.00
4402,C.J. Ham,0.00,16,Sun,6,6,2023-10-15,30-085,MIN,@,CHI,W 19-13,0.00,0.00,0.0,0.0,16,28.1,0,0.0,14,53.8,FB,HamxC.00
4403,C.J. Ham,0.00,11,Mon,7,7,2023-10-23,30-093,MIN,,SFO,W 22-17,0.00,0.00,0.0,0.0,11,15.7,0,0.0,11,50.0,FB,HamxC.00
4404,C.J. Ham,0.00,13,Sun,9,9,2023-11-05,30-106,MIN,@,ATL,W 31-28,0.00,0.00,0.0,0.0,13,17.3,0,0.0,18,54.5,FB,HamxC.00
4405,C.J. Ham,0.00,10,Sun,10,10,2023-11-12,30-113,MIN,,NOR,W 27-19,0.00,0.00,0.0,0.0,10,13.7,0,0.0,16,55.2,FB,HamxC.00
4406,C.J. Ham,0.00,10,Sun,11,11,2023-11-19,30-120,MIN,@,DEN,L 20-21,0.00,0.00,0.0,0.0,10,13.5,0,0.0,15,55.6,FB,HamxC.00
4407,C.J. Ham,0.00,11,Sat,14,15,2023-12-16,30-147,MIN,@,CIN,L 24-27 (OT),0.00,0.00,0.0,0.0,11,16.2,0,0.0,17,63.0,FB,HamxC.00
4408,C.J. Ham,0.00,4,Sun,16,17,2023-12-31,30-162,MIN,,GNB,L 10-33,0.00,0.00,0.0,0.0,4,7.5,0,0.0,15,62.5,FB,HamxC.00
4409,C.J. Ham,0.00,20,Sun,17,18,2024-01-07,30-169,MIN,@,DET,L 20-30,0.00,0.00,0.0,0.0,20,27.4,0,0.0,17,60.7,FB,HamxC.00
4410,C.J. Ham,0.00,10,Sun,2,2,2024-09-15,31-055,MIN,,SFO,W 23-17,0.00,0.00,0.0,0.0,10,18.5,0,0.0,15,65.2,FB,HamxC.00
4411,C.J. Ham,0.00,12,Sun,3,3,2024-09-22,31-062,MIN,,HOU,W 34-7,0.00,0.00,0.0,0.0,12,19.0,0,0.0,16,61.5,FB,HamxC.00
4412,C.J. Ham,0.00,17,Sun,4,4,2024-09-29,31-069,MIN,@,GNB,W 31-29,0.00,0.00,0.0,0.0,17,25.0,0,0.0,18,62.1,FB,HamxC.00
4413,C.J. Ham,0.00,10,Sun,6,7,2024-10-20,31-090,MIN,,DET,L 29-31,0.00,0.00,0.0,0.0,10,16.7,0,0.0,20,64.5,FB,HamxC.00
4414,C.J. Ham,0.00,8,Thu,7,8,2024-10-24,31-094,MIN,@,LAR,L 20-30,0.00,0.00,0.0,0.0,8,16.0,0,0.0,17,68.0,FB,HamxC.00
4415,C.J. Ham,0.00,13,Sun,8,9,2024-11-03,31-104,MIN,,IND,W 21-13,0.00,0.00,0.0,0.0,13,17.8,0,0.0,12,54.5,FB,HamxC.00
4416,C.J. Ham,0.00,19,Sun,9,10,2024-11-10,31-111,MIN,@,JAX,W 12-7,0.00,0.00,0.0,0.0,19,22.6,0,0.0,13,68.4,FB,HamxC.00
4417,C.J. Ham,0.00,22,Sun,10,11,2024-11-17,31-118,MIN,@,TEN,W 23-13,0.00,0.00,0.0,0.0,22,30.1,0,0.0,19,73.1,FB,HamxC.00
4418,C.J. Ham,0.00,19,Sun,11,12,2024-11-24,31-125,MIN,@,CHI,W 30-27 (OT),0.00,0.00,0.0,0.0,19,26.8,0,0.0,20,64.5,FB,HamxC.00
4419,C.J. Ham,0.00,15,Sun,12,13,2024-12-01,31-132,MIN,,ARI,W 23-22,0.00,0.00,0.0,0.0,15,28.3,0,0.0,14,50.0,FB,HamxC.00
4420,C.J. Ham,0.00,20,Sun,13,14,2024-12-08,31-139,MIN,,ATL,W 42-21,0.00,0.00,0.0,0.0,20,33.3,0,0.0,15,55.6,FB,HamxC.00
4421,C.J. Ham,0.00,16,Mon,14,15,2024-12-16,31-147,MIN,,CHI,W 30-12,0.00,0.00,0.0,0.0,16,20.8,0,0.0,18,66.7,FB,HamxC.00
4422,C.J. Ham,0.00,12,Sun,17,18,2025-01-05,31-167,MIN,@,DET,L 9-31,0.00,0.00,0.0,0.0,12,18.5,0,0.0,14,60.9,FB,HamxC.00
4423,Kevin Harris,0.00,1,Thu,12,13,2022-12-01,22-014,NWE,,BUF,L 10-24,0.00,0.00,-0.1,-0.1,1,1.9,0,0.0,0,0.0,RB,HarrKe01
4424,Hassan Haskins,0.00,9,Sun,1,1,2022-09-11,22-289,TEN,,NYG,L 20-21,0.00,0.00,0.0,0.0,9,13.8,0,0.0,21,75.0,RB,HaskHa00
4425,Hassan Haskins,0.00,4,Sun,3,3,2022-09-25,22-303,TEN,,LVR,W 24-22,0.00,0.00,0.0,0.0,4,6.9,0,0.0,13,54.2,RB,HaskHa00
4426,Hassan Haskins,0.00,2,Sun,5,5,2022-10-09,22-317,TEN,@,WAS,W 21-17,0.00,0.00,0.0,0.0,2,3.1,0,0.0,21,75.0,RB,HaskHa00
4427,Hassan Haskins,0.00,2,Sun,7,8,2022-10-30,22-338,TEN,@,HOU,W 17-10,0.00,0.00,0.0,0.0,2,3.4,0,0.0,19,70.4,RB,HaskHa00
4428,Hassan Haskins,0.00,2,Sun,9,10,2022-11-13,22-352,TEN,,DEN,W 17-10,0.00,0.00,0.0,0.0,2,3.2,0,0.0,23,79.3,RB,HaskHa00
4429,Hassan Haskins,0.00,7,Thu,10,11,2022-11-17,22-356,TEN,@,GNB,W 27-17,0.00,0.00,0.0,0.0,7,10.6,0,0.0,16,72.7,RB,HaskHa00
4430,Hassan Haskins,0.00,6,Sun,11,12,2022-11-27,23-001,TEN,,CIN,L 16-20,0.00,0.00,0.0,0.0,6,10.5,0,0.0,9,30.0,RB,HaskHa00
4431,Hassan Haskins,0.00,2,Sun,4,4,2024-09-29,24-308,LAC,,KAN,L 10-17,0.00,0.00,0.0,0.0,2,3.6,0,0.0,16,66.7,RB,HaskHa00
4432,Hassan Haskins,0.00,1,Sun,7,8,2024-10-27,24-336,LAC,,NOR,W 26-8,0.00,0.00,0.0,0.0,1,1.5,0,0.0,22,64.7,RB,HaskHa00
4433,Hassan Haskins,0.00,1,Sun,13,14,2024-12-08,25-012,LAC,@,KAN,L 17-19,0.00,0.00,0.0,0.0,1,1.7,0,0.0,18,69.2,RB,HaskHa00
4434,Hassan Haskins,0.00,1,Sun,14,15,2024-12-15,25-019,LAC,,TAM,L 17-40,0.00,0.00,0.0,0.0,1,1.9,0,0.0,13,48.1,RB,HaskHa00
4435,Jamycal Hasty,0.00,3,Sun,5,5,2024-10-06,28-024,NWE,,MIA,L 10-15,0.00,0.00,0.0,0.0,3,5.0,0,0.0,10,38.5,RB,HastJa02
4436,Jamycal Hasty,0.00,10,Sun,9,9,2024-11-03,28-052,NWE,@,TEN,L 17-20 (OT),0.00,1.00,0.7,0.2,10,14.5,0,0.0,8,30.8,RB,HastJa02
4437,Jamycal Hasty,0.00,1,Sun,13,13,2024-12-01,28-080,NWE,,IND,L 24-25,0.00,0.00,0.0,0.0,1,1.4,0,0.0,7,30.4,RB,HastJa02
4438,Jamycal Hasty,0.00,2,Sun,14,15,2024-12-15,28-094,NWE,@,ARI,L 17-30,0.00,0.00,0.0,0.0,2,3.9,0,0.0,8,32.0,RB,HastJa02
4439,Jamycal Hasty,0.00,3,Sun,1,1,2022-09-11,25-364,JAX,@,WAS,L 22-28,0.00,0.00,0.0,0.0,3,4.3,0,0.0,11,45.8,RB,HastJa02
4440,Jamycal Hasty,0.00,3,Sun,3,3,2022-09-25,26-013,JAX,@,LAC,W 38-10,0.00,0.00,0.0,0.0,3,3.9,0,0.0,7,29.2,RB,HastJa02
4441,Jamycal Hasty,0.00,3,Sun,12,13,2022-12-04,26-083,JAX,@,DET,L 14-40,0.00,0.00,0.0,0.0,3,5.4,0,0.0,9,34.6,RB,HastJa02
4442,Jamycal Hasty,0.00,5,Sun,4,4,2023-10-01,27-019,JAX,,ATL,W 23-7,0.00,0.00,0.0,0.0,5,7.6,0,0.0,5,22.7,RB,HastJa02
4443,Jamycal Hasty,0.00,1,Sun,5,5,2023-10-08,27-026,JAX,@,BUF,W 25-20,0.00,0.00,0.0,0.0,1,1.1,0,0.0,4,16.0,RB,HastJa02
4444,Khalil Herbert,0.00,2,Thu,10,10,2024-11-07,26-200,CIN,@,BAL,L 34-35,0.00,0.00,0.0,0.0,2,2.4,0,0.0,0,0.0,RB,HerbKh00
4445,Khalil Herbert,0.00,4,Sun,11,11,2024-11-17,26-210,CIN,@,LAC,L 27-34,0.00,0.00,0.0,0.0,4,4.9,0,0.0,12,32.4,RB,HerbKh00
4446,Khalil Herbert,0.00,2,Sun,15,16,2024-12-22,26-245,CIN,,CLE,W 24-6,0.00,0.00,0.0,0.0,2,3.6,0,0.0,6,28.6,RB,HerbKh00
4447,Khalil Herbert,0.00,3,Sun,5,5,2024-10-06,26-168,CHI,,CAR,W 36-10,0.00,0.00,0.0,0.0,3,4.0,0,0.0,10,38.5,RB,HerbKh00
4448,Khalil Herbert,0.00,3,Sun,6,6,2024-10-13,26-175,CHI,,JAX,W 35-16,0.00,0.00,0.0,0.0,3,4.5,0,0.0,6,25.0,RB,HerbKh00
4449,Dontrell Hilliard,0.00,9,Sun,13,14,2022-12-11,27-288,TEN,,JAX,L 22-36,0.00,0.00,0.0,0.0,9,13.4,0,0.0,6,23.1,RB,HillDo00
4450,Justice Hill,0.00,2,Sun,13,14,2022-12-11,25-027,BAL,@,PIT,W 16-14,0.00,0.00,0.0,0.0,2,3.3,0,0.0,13,61.9,RB,HillJu00
4451,Justice Hill,0.00,17,Sun,16,17,2023-01-01,25-048,BAL,,PIT,L 13-16,0.00,0.00,0.0,0.0,17,32.7,0,0.0,14,60.9,RB,HillJu00
4452,Justice Hill,0.00,22,Thu,10,10,2024-11-07,26-359,BAL,,CIN,W 35-34,0.00,2.00,1.8,0.8,22,34.9,0,0.0,6,21.4,RB,HillJu00
4453,Nyheim Hines,0.00,4,Sun,8,9,2022-11-06,25-359,BUF,@,NYJ,L 17-20,0.00,0.00,0.0,0.0,4,6.5,0,0.0,4,17.4,RB,HineNy00
4454,Nyheim Hines,0.00,10,Sun,10,11,2022-11-20,26-008,BUF,,CLE,W 31-23,0.00,0.00,-0.8,-0.8,10,15.4,0,0.0,17,56.7,RB,HineNy00
4455,Nyheim Hines,0.00,3,Sun,16,18,2023-01-08,26-057,BUF,,NWE,W 35-23,0.00,0.00,12.0,12.0,3,5.1,0,0.0,9,34.6,RB,HineNy00
4456,George Holani,0.00,2,Sun,13,14,2024-12-08,24-358,SEA,@,ARI,W 30-18,0.00,1.00,0.9,0.4,2,3.1,0,0.0,8,27.6,RB,HolaGe00
4457,Travis Homer,0.00,8,Sun,10,10,2022-11-13,24-098,SEA,@,TAM,L 16-21,0.00,0.00,0.0,0.0,8,15.4,0,0.0,15,71.4,RB,HomeTr00
4458,Travis Homer,0.00,1,Sat,15,16,2022-12-24,24-139,SEA,@,KAN,L 10-24,0.00,0.00,0.0,0.0,1,1.3,0,0.0,4,16.7,RB,HomeTr00
4459,Travis Homer,0.00,2,Sun,3,3,2023-09-24,25-048,CHI,@,KAN,L 10-41,0.00,0.00,0.0,0.0,2,3.9,0,0.0,16,64.0,RB,HomeTr00
4460,Travis Homer,0.00,3,Sun,7,7,2023-10-22,25-076,CHI,,LVR,W 30-12,0.00,0.00,0.0,0.0,3,4.2,0,0.0,14,60.9,RB,HomeTr00
4461,Travis Homer,0.00,1,Sun,8,8,2023-10-29,25-083,CHI,@,LAC,L 13-30,0.00,0.00,0.0,0.0,1,1.5,0,0.0,15,68.2,RB,HomeTr00
4462,Travis Homer,0.00,1,Sun,10,11,2024-11-17,26-102,CHI,,GNB,L 19-20,0.00,0.00,0.0,0.0,1,1.4,0,0.0,11,61.1,RB,HomeTr00
4463,Travis Homer,0.00,19,Thu,12,13,2024-11-28,26-113,CHI,@,DET,L 20-23,0.00,0.00,0.0,0.0,19,28.4,0,0.0,12,50.0,RB,HomeTr00
4464,Zander Horvath,0.00,3,Sun,3,3,2022-09-25,23-289,LAC,,JAX,L 10-38,0.00,0.00,0.0,0.0,3,4.9,0,0.0,16,66.7,FB,HorvZa00
4465,Zander Horvath,0.00,8,Sun,4,4,2022-10-02,23-296,LAC,@,HOU,W 34-24,0.00,0.00,0.0,0.0,8,11.4,0,0.0,18,62.1,FB,HorvZa00
4466,Zander Horvath,0.00,17,Mon,6,6,2022-10-17,23-311,LAC,,DEN,W 19-16 (OT),0.00,1.00,1.0,0.5,17,18.3,0,0.0,19,63.3,FB,HorvZa00
4467,Zander Horvath,0.00,3,Sun,7,7,2022-10-23,23-317,LAC,,SEA,L 23-37,0.00,0.00,0.0,0.0,3,4.2,0,0.0,18,62.1,FB,HorvZa00
4468,Zander Horvath,0.00,3,Sun,8,9,2022-11-06,23-331,LAC,@,ATL,W 20-17,0.00,0.00,0.0,0.0,3,4.3,0,0.0,16,66.7,FB,HorvZa00
4469,Zander Horvath,0.00,7,Sun,11,12,2022-11-27,23-352,LAC,@,ARI,W 25-24,0.00,0.00,0.0,0.0,7,10.6,0,0.0,19,70.4,FB,HorvZa00
4470,Zander Horvath,0.00,3,Sun,12,13,2022-12-04,23-359,LAC,@,LVR,L 20-27,0.00,0.00,0.0,0.0,3,4.0,0,0.0,18,60.0,FB,HorvZa00
4471,Zander Horvath,0.00,13,Sun,13,14,2022-12-11,24-001,LAC,,MIA,W 23-17,0.00,0.00,0.0,0.0,13,16.3,0,0.0,20,69.0,FB,HorvZa00
4472,Zander Horvath,0.00,2,Sun,14,15,2022-12-18,24-008,LAC,,TEN,W 17-14,0.00,0.00,0.0,0.0,2,2.8,0,0.0,19,70.4,FB,HorvZa00
4473,Zander Horvath,0.00,5,Mon,15,16,2022-12-26,24-016,LAC,@,IND,W 20-3,0.00,0.00,0.0,0.0,5,7.4,0,0.0,7,38.9,FB,HorvZa00
4474,Jordan Howard,0.00,1,Mon,9,9,2022-11-07,28-005,NOR,,BAL,L 13-27,0.00,0.00,0.0,0.0,1,2.0,0,0.0,0,0.0,RB,HowaJo00
4475,Chuba Hubbard,0.00,3,Sun,4,4,2022-10-02,23-113,CAR,,ARI,L 16-26,0.00,0.00,0.0,0.0,3,5.8,0,0.0,16,69.6,RB,HubbCh01
4476,Chuba Hubbard,0.00,11,Sun,5,5,2022-10-09,23-120,CAR,,SFO,L 15-37,0.00,0.00,0.0,0.0,11,15.9,0,0.0,10,35.7,RB,HubbCh01
4477,Evan Hull,0.00,1,Sun,7,7,2024-10-20,23-360,IND,,MIA,W 16-10,0.00,0.00,0.0,0.0,1,1.6,0,0.0,0,0.0,RB,HullEv00
4478,Kareem Hunt,0.00,18,Sun,16,17,2023-01-01,27-148,CLE,@,WAS,W 24-10,0.00,1.00,0.9,0.4,18,31.6,0,0.0,0,0.0,RB,HuntKa00
4479,Godwin Igwebuike,0.00,1,Sun,1,1,2023-09-10,29-000,ATL,,CAR,W 24-10,0.00,0.00,0.0,0.0,1,1.9,0,0.0,8,30.8,RB,IgweGo00
4480,Godwin Igwebuike,0.00,1,Sun,2,2,2023-09-17,29-007,ATL,,GNB,W 25-24,0.00,0.00,0.0,0.0,1,1.2,0,0.0,6,22.2,RB,IgweGo00
4481,Godwin Igwebuike,0.00,1,Sun,17,18,2023-01-08,28-120,SEA,,LAR,W 19-16 (OT),0.00,0.00,0.0,0.0,1,1.4,0,0.0,23,69.7,RB,IgweGo00
4482,Alec Ingold,0.00,12,Sun,3,3,2022-09-25,26-078,MIA,,BUF,W 21-19,0.00,0.00,0.0,0.0,12,27.9,0,0.0,9,40.9,FB,IngoAl01
4483,Alec Ingold,0.00,21,Thu,4,4,2022-09-29,26-082,MIA,@,CIN,L 15-27,0.00,0.00,0.0,0.0,21,32.8,0,0.0,9,32.1,FB,IngoAl01
4484,Alec Ingold,0.00,22,Sun,5,5,2022-10-09,26-092,MIA,@,NYJ,L 17-40,0.00,0.00,0.0,0.0,22,32.8,0,0.0,10,34.5,FB,IngoAl01
4485,Alec Ingold,0.00,29,Sun,7,7,2022-10-23,26-106,MIA,,PIT,W 16-10,0.00,0.00,0.0,0.0,29,46.8,0,0.0,9,34.6,FB,IngoAl01
4486,Alec Ingold,0.00,28,Sun,9,9,2022-11-06,26-120,MIA,@,CHI,W 35-32,0.00,0.00,0.0,0.0,28,49.1,0,0.0,1,3.8,FB,IngoAl01
4487,Alec Ingold,0.00,34,Sun,11,12,2022-11-27,26-141,MIA,,HOU,W 30-15,0.00,1.00,1.0,0.5,34,44.7,0,0.0,10,33.3,FB,IngoAl01
4488,Alec Ingold,0.00,20,Sun,13,14,2022-12-11,26-155,MIA,@,LAC,L 17-23,0.00,0.00,0.0,0.0,20,39.2,0,0.0,13,44.8,FB,IngoAl01
4489,Alec Ingold,0.00,27,Sun,15,16,2022-12-25,26-169,MIA,,GNB,L 20-26,0.00,0.00,0.0,0.0,27,54.0,0,0.0,7,26.9,FB,IngoAl01
4490,Alec Ingold,0.00,11,Sun,16,17,2023-01-01,26-176,MIA,@,NWE,L 21-23,0.00,0.00,0.0,0.0,11,15.5,0,0.0,5,18.5,FB,IngoAl01
4491,Alec Ingold,0.00,14,Sun,17,18,2023-01-08,26-183,MIA,,NYJ,W 11-6,0.00,0.00,0.0,0.0,14,21.5,0,0.0,4,18.2,FB,IngoAl01
4492,Alec Ingold,0.00,38,Sun,2,2,2023-09-17,27-070,MIA,@,NWE,W 24-17,0.00,0.00,0.0,0.0,38,60.3,0,0.0,7,28.0,FB,IngoAl01
4493,Alec Ingold,0.00,25,Sun,3,3,2023-09-24,27-077,MIA,,DEN,W 70-20,0.00,0.00,0.0,0.0,25,34.2,0,0.0,6,16.7,FB,IngoAl01
4494,Alec Ingold,0.00,19,Sun,5,5,2023-10-08,27-091,MIA,,NYG,W 31-16,0.00,0.00,0.0,0.0,19,35.2,0,0.0,5,19.2,FB,IngoAl01
4495,Alec Ingold,0.00,28,Sun,6,6,2023-10-15,27-098,MIA,,CAR,W 42-21,0.00,0.00,0.0,0.0,28,41.8,0,0.0,5,16.7,FB,IngoAl01
4496,Alec Ingold,0.00,12,Sun,7,7,2023-10-22,27-105,MIA,@,PHI,L 17-31,0.00,0.00,0.0,0.0,12,24.5,0,0.0,3,13.6,FB,IngoAl01
4497,Alec Ingold,0.00,20,Fri,11,12,2023-11-24,27-138,MIA,@,NYJ,W 34-13,0.00,0.00,0.0,0.0,20,28.6,0,0.0,2,8.3,FB,IngoAl01
4498,Alec Ingold,0.00,20,Sun,12,13,2023-12-03,27-147,MIA,@,WAS,W 45-15,0.00,1.00,0.7,0.2,20,32.8,0,0.0,6,21.4,FB,IngoAl01
4499,Alec Ingold,0.00,19,Sun,14,15,2023-12-17,27-161,MIA,,NYJ,W 30-0,0.00,0.00,0.0,0.0,19,31.1,0,0.0,5,20.8,FB,IngoAl01
4500,Alec Ingold,0.00,17,Sun,17,18,2024-01-07,27-182,MIA,,BUF,L 14-21,0.00,0.00,0.0,0.0,17,32.7,0,0.0,9,50.0,FB,IngoAl01
4501,Alec Ingold,0.00,18,Mon,4,4,2024-09-30,28-083,MIA,,TEN,L 12-31,0.00,0.00,0.0,0.0,18,30.0,0,0.0,12,38.7,FB,IngoAl01
4502,Alec Ingold,0.00,19,Sun,8,9,2024-11-03,28-117,MIA,@,BUF,L 27-30,0.00,0.00,0.0,0.0,19,31.1,0,0.0,0,0.0,FB,IngoAl01
4503,Alec Ingold,0.00,9,Sun,11,12,2024-11-24,28-138,MIA,,NWE,W 34-15,0.00,0.00,0.0,0.0,9,13.2,0,0.0,3,10.7,FB,IngoAl01
4504,Alec Ingold,0.00,17,Sun,13,14,2024-12-08,28-152,MIA,,NYJ,W 32-26 (OT),0.00,0.00,0.0,0.0,17,23.6,0,0.0,3,9.7,FB,IngoAl01
4505,Alec Ingold,0.00,16,Sun,14,15,2024-12-15,28-159,MIA,@,HOU,L 12-20,0.00,0.00,0.0,0.0,16,23.5,0,0.0,3,12.0,FB,IngoAl01
4506,Alec Ingold,0.00,23,Sun,16,17,2024-12-29,28-173,MIA,@,CLE,W 20-3,0.00,0.00,0.0,0.0,23,38.3,0,0.0,7,30.4,FB,IngoAl01
4507,Keaontay Ingram,0.00,8,Sun,14,15,2022-12-18,23-053,ARI,@,DEN,L 15-24,0.00,0.00,0.0,0.0,8,12.3,0,0.0,0,0.0,RB,IngrKe01
4508,Keaontay Ingram,0.00,1,Sun,16,17,2023-01-01,23-067,ARI,@,ATL,L 19-20,0.00,0.00,0.0,0.0,1,1.4,0,0.0,2,8.0,RB,IngrKe01
4509,Keaontay Ingram,0.00,7,Sun,1,1,2023-09-10,23-319,ARI,@,WAS,L 16-20,0.00,0.00,-0.4,-0.4,7,11.3,0,0.0,0,0.0,RB,IngrKe01
4510,Deon Jackson,0.00,2,Sun,2,2,2022-09-18,23-212,IND,@,JAX,L 0-24,0.00,0.00,-0.3,-0.3,2,4.0,0,0.0,11,55.0,RB,JackDe02
4511,Deon Jackson,0.00,2,Sun,8,8,2022-10-30,23-254,IND,,WAS,L 16-17,0.00,0.00,-0.4,-0.4,2,3.4,0,0.0,12,46.2,RB,JackDe02
4512,Deon Jackson,0.00,4,Mon,12,12,2022-11-28,23-283,IND,,PIT,L 17-24,0.00,0.00,0.0,0.0,4,6.3,0,0.0,12,46.2,RB,JackDe02
4513,Justin Jackson,0.00,14,Sat,15,16,2022-12-24,26-246,DET,@,CAR,L 23-37,0.00,0.00,-0.1,-0.1,14,21.2,0,0.0,19,65.5,RB,JackJu01
4514,David Johnson,0.00,8,Sun,16,17,2023-01-01,31-016,NOR,@,PHI,W 20-10,0.00,0.00,0.0,0.0,8,11.6,0,0.0,0,0.0,RB,JohnDa08
4515,D'Ernest Johnson,0.00,1,Sun,1,1,2023-09-10,27-195,JAX,@,IND,W 31-21,0.00,0.00,-0.4,-0.4,1,1.4,0,0.0,18,64.3,RB,JohnDE04
4516,D'Ernest Johnson,0.00,1,Sun,4,4,2023-10-01,27-216,JAX,,ATL,W 23-7,0.00,0.00,-0.2,-0.2,1,1.5,0,0.0,14,63.6,RB,JohnDE04
4517,D'Ernest Johnson,0.00,1,Sun,5,5,2023-10-08,27-223,JAX,@,BUF,W 25-20,0.00,0.00,0.0,0.0,1,1.1,0,0.0,11,44.0,RB,JohnDE04
4518,D'Ernest Johnson,0.00,2,Thu,7,7,2023-10-19,27-234,JAX,@,NOR,W 31-24,0.00,0.00,0.0,0.0,2,3.6,0,0.0,15,46.9,RB,JohnDE04
4519,D'Ernest Johnson,0.00,12,Sun,16,17,2023-12-31,27-307,JAX,,CAR,W 26-0,0.00,0.00,0.0,0.0,12,19.0,0,0.0,1,4.3,RB,JohnDE04
4520,D'Ernest Johnson,0.00,15,Sun,17,18,2024-01-07,27-314,JAX,@,TEN,L 20-28,0.00,0.00,-0.1,-0.1,15,21.1,0,0.0,0,0.0,RB,JohnDE04
4521,D'Ernest Johnson,0.00,12,Sun,4,4,2024-09-29,28-215,JAX,@,HOU,L 20-24,0.00,0.00,0.0,0.0,12,20.7,0,0.0,10,34.5,RB,JohnDE04
4522,D'Ernest Johnson,0.00,4,Sun,10,10,2024-11-10,28-257,JAX,,MIN,L 7-12,0.00,0.00,0.0,0.0,4,9.1,0,0.0,0,0.0,RB,JohnDE04
4523,D'Ernest Johnson,0.00,1,Sun,4,4,2022-10-02,26-217,CLE,@,ATL,L 20-23,0.00,0.00,0.0,0.0,1,1.4,0,0.0,17,65.4,RB,JohnDE04
4524,D'Ernest Johnson,0.00,12,Sun,9,10,2022-11-13,26-259,CLE,@,MIA,L 17-39,0.00,1.00,0.8,0.3,12,17.9,0,0.0,13,56.5,RB,JohnDE04
4525,D'Ernest Johnson,0.00,3,Sat,14,15,2022-12-17,26-293,CLE,,BAL,W 13-3,0.00,0.00,0.0,0.0,3,4.5,0,0.0,9,50.0,RB,JohnDE04
4526,D'Ernest Johnson,0.00,2,Sat,15,16,2022-12-24,26-300,CLE,,NOR,L 10-17,0.00,0.00,0.0,0.0,2,2.9,0,0.0,11,50.0,RB,JohnDE04
4527,Jakob Johnson,0.00,15,Sun,14,15,2022-12-18,28-003,LVR,,NWE,W 30-24,0.00,0.00,0.0,0.0,15,22.1,0,0.0,13,40.6,FB,JohnJa12
4528,Jakob Johnson,0.00,13,Sat,15,16,2022-12-24,28-009,LVR,@,PIT,L 10-13,0.00,0.00,0.0,0.0,13,24.5,0,0.0,9,40.9,FB,JohnJa12
4529,Jakob Johnson,0.00,19,Sun,16,17,2023-01-01,28-017,LVR,,SFO,L 34-37 (OT),0.00,0.00,0.0,0.0,19,27.1,0,0.0,10,30.3,FB,JohnJa12
4530,Jakob Johnson,0.00,27,Sun,1,1,2023-09-10,28-269,LVR,@,DEN,W 17-16,0.00,0.00,0.0,0.0,27,45.8,0,0.0,5,26.3,FB,JohnJa12
4531,Jakob Johnson,0.00,8,Sun,2,2,2023-09-17,28-276,LVR,@,BUF,L 10-38,0.00,0.00,0.0,0.0,8,20.0,0,0.0,10,45.5,FB,JohnJa12
4532,Jakob Johnson,0.00,7,Sun,3,3,2023-09-24,28-283,LVR,,PIT,L 18-23,0.00,0.00,0.0,0.0,7,9.7,0,0.0,11,37.9,FB,JohnJa12
4533,Jakob Johnson,0.00,10,Mon,5,5,2023-10-09,28-298,LVR,,GNB,W 17-13,0.00,0.00,0.0,0.0,10,15.6,0,0.0,8,33.3,FB,JohnJa12
4534,Jakob Johnson,0.00,17,Sun,6,6,2023-10-15,28-304,LVR,,NWE,W 21-17,0.00,0.00,0.0,0.0,17,24.3,0,0.0,10,40.0,FB,JohnJa12
4535,Jakob Johnson,0.00,16,Sun,7,7,2023-10-22,28-311,LVR,@,CHI,L 12-30,0.00,0.00,0.0,0.0,16,24.6,0,0.0,11,47.8,FB,JohnJa12
4536,Jakob Johnson,0.00,5,Mon,8,8,2023-10-30,28-319,LVR,@,DET,L 14-26,0.00,0.00,0.0,0.0,5,10.9,0,0.0,9,36.0,FB,JohnJa12
4537,Jakob Johnson,0.00,8,Sun,13,14,2023-12-10,28-360,LVR,,MIN,L 0-3,0.00,0.00,0.0,0.0,8,14.8,0,0.0,14,63.6,FB,JohnJa12
4538,Jakob Johnson,0.00,15,Thu,14,15,2023-12-14,28-364,LVR,,LAC,W 63-21,0.00,0.00,0.0,0.0,15,23.4,0,0.0,10,27.0,FB,JohnJa12
4539,Jakob Johnson,0.00,19,Mon,15,16,2023-12-25,29-010,LVR,@,KAN,W 20-14,0.00,0.00,0.0,0.0,19,34.5,0,0.0,14,56.0,FB,JohnJa12
4540,Jakob Johnson,0.00,15,Sun,16,17,2023-12-31,29-016,LVR,@,IND,L 20-23,0.00,0.00,0.0,0.0,15,20.0,0,0.0,15,50.0,FB,JohnJa12
4541,Jakob Johnson,0.00,14,Sun,17,18,2024-01-07,29-023,LVR,,DEN,W 27-14,0.00,0.00,0.0,0.0,14,21.2,0,0.0,12,48.0,FB,JohnJa12
4542,Jakob Johnson,0.00,3,Sun,2,2,2024-09-15,29-275,NYG,@,WAS,L 18-21,0.00,0.00,0.0,0.0,3,5.4,0,0.0,13,61.9,FB,JohnJa12
4543,Jakob Johnson,0.00,2,Sun,3,3,2024-09-22,29-282,NYG,@,CLE,W 21-15,0.00,0.00,0.0,0.0,2,2.8,0,0.0,18,69.2,FB,JohnJa12
4544,Jakob Johnson,0.00,7,Thu,4,4,2024-09-26,29-286,NYG,,DAL,L 15-20,0.00,0.00,0.0,0.0,7,10.1,0,0.0,8,32.0,FB,JohnJa12
4545,Jakob Johnson,0.00,17,Sun,2,2,2022-09-18,27-277,LVR,,ARI,L 23-29 (OT),0.00,0.00,0.0,0.0,17,25.4,0,0.0,6,28.6,FB,JohnJa12
4546,Jakob Johnson,0.00,16,Sun,3,3,2022-09-25,27-284,LVR,@,TEN,L 22-24,0.00,0.00,0.0,0.0,16,22.9,0,0.0,7,29.2,FB,JohnJa12
4547,Jakob Johnson,0.00,26,Sun,4,4,2022-10-02,27-291,LVR,,DEN,W 32-23,0.00,0.00,0.0,0.0,26,34.7,0,0.0,9,28.1,FB,JohnJa12
4548,Jakob Johnson,0.00,16,Sun,6,7,2022-10-23,27-312,LVR,,HOU,W 38-20,0.00,0.00,0.0,0.0,16,28.6,0,0.0,9,33.3,FB,JohnJa12
4549,Jakob Johnson,0.00,7,Sun,7,8,2022-10-30,27-319,LVR,@,NOR,L 0-24,0.00,0.00,0.0,0.0,7,12.1,0,0.0,11,57.9,FB,JohnJa12
4550,Jakob Johnson,0.00,13,Sun,8,9,2022-11-06,27-326,LVR,@,JAX,L 20-27,0.00,0.00,0.0,0.0,13,22.0,0,0.0,9,33.3,FB,JohnJa12
4551,Jakob Johnson,0.00,20,Sun,9,10,2022-11-13,27-333,LVR,,IND,L 20-25,0.00,0.00,0.0,0.0,20,28.6,0,0.0,10,43.5,FB,JohnJa12
4552,Jakob Johnson,0.00,22,Sun,10,11,2022-11-20,27-340,LVR,@,DEN,W 22-16 (OT),0.00,1.00,1.0,0.5,22,33.3,0,0.0,10,34.5,FB,JohnJa12
4553,Jakob Johnson,0.00,20,Sun,11,12,2022-11-27,27-347,LVR,@,SEA,W 40-34 (OT),0.00,0.00,0.0,0.0,20,26.0,0,0.0,10,29.4,FB,JohnJa12
4554,Jakob Johnson,0.00,22,Sun,12,13,2022-12-04,27-354,LVR,,LAC,W 27-20,0.00,0.00,0.0,0.0,22,36.1,0,0.0,9,30.0,FB,JohnJa12
4555,Roschon Johnson,0.00,2,Thu,12,13,2024-11-28,23-302,CHI,@,DET,L 20-23,0.00,0.00,0.0,0.0,2,3.0,0,0.0,6,25.0,RB,JohnRo07
4556,Ty Johnson,0.00,1,Sun,7,7,2023-10-22,26-035,BUF,@,NWE,L 25-29,0.00,0.00,0.0,0.0,1,1.4,0,0.0,8,33.3,RB,JohnTy02
4557,Ty Johnson,0.00,15,Sun,8,8,2024-10-27,27-040,BUF,@,SEA,W 31-10,0.00,0.00,0.0,0.0,15,19.7,0,0.0,3,13.0,RB,JohnTy02
4558,Ty Johnson,0.00,1,Sun,3,3,2022-09-25,25-008,NYJ,,CIN,L 12-27,0.00,0.00,0.0,0.0,1,1.3,0,0.0,10,38.5,RB,JohnTy02
4559,Ronald Jones II,0.00,3,Sun,12,13,2022-12-04,25-123,KAN,@,CIN,L 24-27,0.00,0.00,0.0,0.0,3,5.5,0,0.0,0,0.0,RB,JoneRo01
4560,Tony Jones,0.00,1,Sun,1,1,2022-09-11,24-291,NOR,@,ATL,W 27-26,0.00,0.00,0.0,0.0,1,1.6,0,0.0,6,18.8,RB,JoneTo04
4561,Tony Jones,0.00,11,Sun,4,4,2023-10-01,25-311,NOR,,TAM,L 9-26,0.00,0.00,0.0,0.0,11,16.9,0,0.0,5,19.2,RB,JoneTo04
4562,Kyle Juszczyk,0.00,25,Sun,1,1,2022-09-11,31-141,SFO,@,CHI,L 10-19,0.00,0.00,0.0,0.0,25,36.8,0,0.0,9,37.5,FB,JuszKy00
4563,Kyle Juszczyk,0.00,27,Sun,9,10,2022-11-13,31-204,SFO,,LAC,W 22-16,0.00,0.00,0.0,0.0,27,38.0,0,0.0,4,14.3,FB,JuszKy00
4564,Kyle Juszczyk,0.00,33,Thu,14,15,2022-12-15,31-236,SFO,@,SEA,W 21-13,0.00,0.00,0.0,0.0,33,51.6,0,0.0,10,35.7,FB,JuszKy00
4565,Kyle Juszczyk,0.00,22,Sat,15,16,2022-12-24,31-245,SFO,,WAS,W 37-20,0.00,0.00,0.0,0.0,22,42.3,0,0.0,6,22.2,FB,JuszKy00
4566,Kyle Juszczyk,0.00,42,Sun,1,1,2023-09-10,32-140,SFO,@,PIT,W 30-7,0.00,0.00,0.0,0.0,42,61.8,0,0.0,0,0.0,FB,JuszKy00
4567,Kyle Juszczyk,0.00,24,Sun,2,2,2023-09-17,32-147,SFO,@,LAR,W 30-23,0.00,0.00,0.0,0.0,24,42.1,0,0.0,0,0.0,FB,JuszKy00
4568,Kyle Juszczyk,0.00,22,Mon,7,7,2023-10-23,32-183,SFO,@,MIN,L 17-22,0.00,0.00,0.0,0.0,22,41.5,0,0.0,0,0.0,FB,JuszKy00
4569,Kyle Juszczyk,0.00,22,Sun,8,8,2023-10-29,32-189,SFO,,CIN,L 17-31,0.00,0.00,0.0,0.0,22,37.3,0,0.0,0,0.0,FB,JuszKy00
4570,Kyle Juszczyk,0.00,25,Sun,10,11,2023-11-19,32-210,SFO,,TAM,W 27-14,0.00,0.00,0.0,0.0,25,41.7,0,0.0,0,0.0,FB,JuszKy00
4571,Kyle Juszczyk,0.00,28,Thu,11,12,2023-11-23,32-214,SFO,@,SEA,W 31-13,0.00,0.00,0.0,0.0,28,42.4,0,0.0,4,13.8,FB,JuszKy00
4572,Kyle Juszczyk,0.00,22,Sun,12,13,2023-12-03,32-224,SFO,@,PHI,W 42-19,0.00,0.00,0.0,0.0,22,37.3,0,0.0,5,19.2,FB,JuszKy00
4573,Kyle Juszczyk,0.00,23,Sun,13,14,2023-12-10,32-231,SFO,,SEA,W 28-16,0.00,0.00,0.0,0.0,23,42.6,0,0.0,4,14.8,FB,JuszKy00
4574,Kyle Juszczyk,0.00,14,Sun,17,18,2024-01-07,32-259,SFO,,LAR,L 20-21,0.00,0.00,0.0,0.0,14,23.0,0,0.0,0,0.0,FB,JuszKy00
4575,Kyle Juszczyk,0.00,40,Sun,5,5,2024-10-06,33-166,SFO,,ARI,L 23-24,0.00,0.00,0.0,0.0,40,62.5,0,0.0,1,4.2,FB,JuszKy00
4576,Kyle Juszczyk,0.00,25,Sun,9,10,2024-11-10,33-201,SFO,@,TAM,W 23-20,0.00,0.00,0.0,0.0,25,39.1,0,0.0,0,0.0,FB,JuszKy00
4577,Kyle Juszczyk,0.00,21,Sun,12,13,2024-12-01,33-222,SFO,@,BUF,L 10-35,0.00,0.00,-1.1,-2.1,21,43.8,0,0.0,0,0.0,FB,JuszKy00
4578,Kyle Juszczyk,0.00,27,Thu,14,15,2024-12-12,33-233,SFO,,LAR,L 6-12,0.00,0.00,0.0,0.0,27,50.0,0,0.0,0,0.0,FB,JuszKy00
4579,Joshua Kelley,0.00,2,Mon,6,6,2022-10-17,24-331,LAC,,DEN,W 19-16 (OT),0.00,0.00,0.0,0.0,2,2.2,0,0.0,4,13.3,RB,KellJo01
4580,Joshua Kelley,0.00,8,Sat,15,16,2023-12-23,26-033,LAC,,BUF,L 22-24,0.00,0.00,-0.2,-0.2,8,11.4,0,0.0,5,16.7,RB,KellJo01
4581,Joshua Kelley,0.00,2,Sun,11,12,2024-11-24,27-004,TEN,@,HOU,W 32-27,0.00,0.00,0.0,0.0,2,3.0,0,0.0,0,0.0,RB,KellJo01
4582,Dylan Laube,0.00,1,Sun,17,18,2025-01-05,25-022,LVR,,LAC,L 20-34,0.00,0.00,0.0,0.0,1,2.0,0,0.0,13,44.8,RB,LaubDy00
4583,Hunter Luepke,0.00,4,Sun,1,1,2023-09-10,23-194,DAL,@,NYG,W 40-0,0.00,0.00,0.0,0.0,4,6.9,0,0.0,12,50.0,RB,LuepHu00
4584,Hunter Luepke,0.00,18,Sun,2,2,2023-09-17,23-201,DAL,,NYJ,W 30-10,0.00,0.00,0.0,0.0,18,20.7,0,0.0,16,57.1,RB,LuepHu00
4585,Hunter Luepke,0.00,6,Sun,5,5,2023-10-08,23-222,DAL,@,SFO,L 10-42,0.00,0.00,0.0,0.0,6,12.2,0,0.0,19,70.4,RB,LuepHu00
4586,Hunter Luepke,0.00,8,Mon,6,6,2023-10-16,23-230,DAL,@,LAC,W 20-17,0.00,0.00,0.0,0.0,8,12.5,0,0.0,16,64.0,RB,LuepHu00
4587,Hunter Luepke,0.00,6,Sun,7,8,2023-10-29,23-243,DAL,,LAR,W 43-20,0.00,1.00,0.8,0.3,6,9.2,0,0.0,21,70.0,RB,LuepHu00
4588,Hunter Luepke,0.00,5,Sun,8,9,2023-11-05,23-250,DAL,@,PHI,L 23-28,0.00,0.00,0.0,0.0,5,6.7,0,0.0,17,70.8,RB,LuepHu00
4589,Hunter Luepke,0.00,5,Sun,9,10,2023-11-12,23-257,DAL,,NYG,W 49-17,0.00,0.00,0.0,0.0,5,6.4,0,0.0,21,67.7,RB,LuepHu00
4590,Hunter Luepke,0.00,8,Sun,10,11,2023-11-19,23-264,DAL,@,CAR,W 33-10,0.00,0.00,0.0,0.0,8,11.1,0,0.0,18,66.7,RB,LuepHu00
4591,Hunter Luepke,0.00,4,Thu,11,12,2023-11-23,23-268,DAL,,WAS,W 45-10,0.00,0.00,0.0,0.0,4,7.4,0,0.0,15,60.0,RB,LuepHu00
4592,Hunter Luepke,0.00,11,Thu,12,13,2023-11-30,23-275,DAL,,SEA,W 41-35,0.00,0.00,0.0,0.0,11,12.4,0,0.0,15,53.6,RB,LuepHu00
4593,Hunter Luepke,0.00,8,Sun,13,14,2023-12-10,23-285,DAL,,PHI,W 33-13,0.00,0.00,0.0,0.0,8,9.8,0,0.0,15,60.0,RB,LuepHu00
4594,Hunter Luepke,0.00,8,Sat,16,17,2023-12-30,23-305,DAL,,DET,W 20-19,0.00,0.00,0.0,0.0,8,12.3,0,0.0,15,57.7,RB,LuepHu00
4595,Hunter Luepke,0.00,25,Sun,17,18,2024-01-07,23-313,DAL,@,WAS,W 38-10,0.00,0.00,0.0,0.0,25,34.7,0,0.0,11,50.0,RB,LuepHu00
4596,Hunter Luepke,0.00,10,Sun,2,2,2024-09-15,24-200,DAL,,NOR,L 19-44,0.00,0.00,0.0,0.0,10,14.3,0,0.0,15,55.6,RB,LuepHu00
4597,Hunter Luepke,0.00,22,Sun,6,6,2024-10-13,24-228,DAL,,DET,L 9-47,0.00,0.00,0.0,0.0,22,31.9,0,0.0,4,14.3,RB,LuepHu00
4598,Hunter Luepke,0.00,25,Sun,7,8,2024-10-27,24-242,DAL,@,SFO,L 24-30,0.00,0.00,0.0,0.0,25,40.3,0,0.0,4,13.3,RB,LuepHu00
4599,Hunter Luepke,0.00,16,Sun,9,10,2024-11-10,24-256,DAL,,PHI,L 6-34,0.00,0.00,0.0,0.0,16,26.7,0,0.0,9,32.1,RB,LuepHu00
4600,Hunter Luepke,0.00,23,Sun,14,15,2024-12-15,24-291,DAL,@,CAR,W 30-14,0.00,0.00,0.0,0.0,23,31.5,0,0.0,9,36.0,RB,LuepHu00
4601,Hunter Luepke,0.00,20,Sun,15,16,2024-12-22,24-298,DAL,,TAM,W 26-24,0.00,0.00,0.0,0.0,20,33.3,0,0.0,11,36.7,RB,LuepHu00
4602,Ben Mason,0.00,1,Sat,17,18,2024-01-06,24-226,BAL,,PIT,L 10-17,0.00,0.00,0.0,0.0,1,1.8,0,0.0,19,70.4,FB,MasoBe00
4603,Jordan Mason,0.00,1,Sun,5,5,2022-10-09,23-138,SFO,@,CAR,W 37-15,0.00,0.00,0.0,0.0,1,1.5,0,0.0,15,53.6,RB,MasoJo00
4604,Jordan Mason,0.00,3,Sun,9,10,2023-11-12,24-172,SFO,@,JAX,W 34-3,0.00,0.00,0.0,0.0,3,4.8,0,0.0,16,69.6,RB,MasoJo00
4605,Jordan Mason,0.00,2,Sun,10,11,2023-11-19,24-179,SFO,,TAM,W 27-14,0.00,0.00,0.0,0.0,2,3.3,0,0.0,15,68.2,RB,MasoJo00
4606,Scott Matlock,0.00,18,Sun,1,1,2024-09-08,24-072,LAC,,LVR,W 22-10,0.00,0.00,0.0,0.0,18,31.6,16,26.7,14,50.0,FB/DL,MatlSc00
4607,Scott Matlock,0.00,29,Sun,2,2,2024-09-15,24-079,LAC,@,CAR,W 26-3,0.00,0.00,0.0,0.0,29,42.0,8,16.7,15,62.5,FB/DL,MatlSc00
4608,Scott Matlock,0.00,17,Sun,3,3,2024-09-22,24-086,LAC,@,PIT,L 10-20,0.00,0.00,0.0,0.0,17,37.0,22,32.4,15,57.7,FB/DL,MatlSc00
4609,Scott Matlock,0.00,31,Sun,5,6,2024-10-13,24-107,LAC,@,DEN,W 23-16,0.00,0.00,0.0,0.0,31,39.7,6,10.9,15,55.6,FB/DL,MatlSc00
4610,Scott Matlock,0.00,11,Mon,6,7,2024-10-21,24-115,LAC,@,ARI,L 15-17,0.00,0.00,0.0,0.0,11,16.7,9,15.8,13,59.1,FB/DL,MatlSc00
4611,Scott Matlock,0.00,17,Sun,8,9,2024-11-03,24-128,LAC,@,CLE,W 27-10,0.00,0.00,0.0,0.0,17,29.8,14,17.7,14,48.3,FB/DL,MatlSc00
4612,Scott Matlock,0.00,24,Sun,9,10,2024-11-10,24-135,LAC,,TEN,W 27-17,0.00,0.00,0.0,0.0,24,40.7,2,3.7,12,46.2,FB/DL,MatlSc00
4613,Scott Matlock,0.00,22,Sun,10,11,2024-11-17,24-142,LAC,,CIN,W 34-27,0.00,0.00,0.0,0.0,22,32.8,3,3.7,13,35.1,FB/DL,MatlSc00
4614,Scott Matlock,0.00,15,Mon,11,12,2024-11-25,24-150,LAC,,BAL,L 23-30,0.00,0.00,0.0,0.0,15,21.7,13,20.0,11,40.7,FB/DL,MatlSc00
4615,Scott Matlock,0.00,18,Sun,13,14,2024-12-08,24-163,LAC,@,KAN,L 17-19,0.00,0.00,0.0,0.0,18,30.0,3,4.3,10,38.5,FB/DL,MatlSc00
4616,Scott Matlock,0.00,11,Sun,14,15,2024-12-15,24-170,LAC,,TAM,L 17-40,0.00,0.00,0.0,0.0,11,21.2,22,30.6,14,51.9,FB/DL,MatlSc00
4617,Scott Matlock,0.00,35,Sat,16,17,2024-12-28,24-183,LAC,@,NWE,W 40-7,0.00,0.00,0.0,0.0,35,44.3,8,15.1,12,46.2,FB/DL,MatlSc00
4618,Scott Matlock,0.00,28,Sun,17,18,2025-01-05,24-191,LAC,@,LVR,W 34-20,0.00,0.00,0.0,0.0,28,37.3,3,5.9,15,51.7,FB/DL,MatlSc00
4619,Alexander Mattison,0.00,10,Sun,13,14,2022-12-11,24-175,MIN,@,DET,L 23-34,0.00,0.00,-0.1,-0.1,10,15.4,0,0.0,7,24.1,RB,MattAl01
4620,Alexander Mattison,0.00,5,Sun,15,16,2023-12-24,25-188,MIN,,DET,L 24-30,0.00,0.00,-0.1,-0.1,5,9.1,0,0.0,0,0.0,RB,MattAl01
4621,Anthony McFarland Jr.,0.00,1,Sun,9,10,2023-11-12,25-253,PIT,,GNB,W 23-19,0.00,0.00,0.0,0.0,1,1.5,0,0.0,5,17.2,RB,McFaAn00
4622,Kenny McIntosh,0.00,2,Sun,2,2,2024-09-15,24-196,SEA,@,NWE,W 23-20 (OT),0.00,0.00,0.0,0.0,2,2.9,0,0.0,5,16.1,RB,McInKe00
4623,Jerick McKinnon,0.00,18,Sun,4,4,2022-10-02,30-152,KAN,@,TAM,W 41-31,0.00,1.00,1.0,0.5,18,22.5,0,0.0,6,20.0,RB,McKiJe00
4624,Jaleel McLaughlin,0.00,5,Sun,1,1,2023-09-10,22-362,DEN,,LVR,L 16-17,0.00,1.00,0.3,-0.2,5,7.8,0,0.0,9,47.4,RB,McLaJa00
4625,Jeremy McNichols,0.00,1,Sun,2,2,2024-09-15,28-264,WAS,,NYG,W 21-18,0.00,0.00,0.0,0.0,1,1.4,0,0.0,12,57.1,RB,McNiJe00
4626,Jeremy McNichols,0.00,5,Sun,8,8,2024-10-27,28-306,WAS,,CHI,W 18-15,0.00,0.00,-0.1,-0.1,5,6.8,0,0.0,17,65.4,RB,McNiJe00
4627,Jeremy McNichols,0.00,1,Sun,17,18,2025-01-05,29-010,WAS,@,DAL,W 23-19,0.00,0.00,0.0,0.0,1,1.7,0,0.0,11,39.3,RB,McNiJe00
4628,Sony Michel,0.00,2,Sun,5,5,2022-10-09,27-234,LAC,@,CLE,W 30-28,0.00,0.00,0.0,0.0,2,2.8,0,0.0,0,0.0,RB,MichSo00
4629,Dante Miller,0.00,1,Sun,5,5,2024-10-06,25-145,NYG,@,SEA,W 29-20,0.00,0.00,0.0,0.0,1,1.4,0,0.0,0,0.0,RB,MillDa04
4630,Kendre Miller,0.00,3,Thu,7,7,2023-10-19,21-130,NOR,,JAX,L 24-31,0.00,0.00,0.0,0.0,3,3.3,0,0.0,0,0.0,RB,MillKe01
4631,Kendall Milton,0.00,5,Sun,9,9,2024-11-03,22-267,CIN,,LVR,W 41-24,0.00,0.00,0.0,0.0,5,6.8,0,0.0,0,0.0,RB,MiltKe01
4632,Kendall Milton,0.00,1,Sat,17,18,2025-01-04,22-329,CIN,@,PIT,W 19-17,0.00,0.00,0.0,0.0,1,1.4,0,0.0,0,0.0,RB,MiltKe01
4633,Jordan Mims,0.00,3,Sun,17,18,2024-01-07,24-205,NOR,,ATL,W 48-17,0.00,0.00,0.0,0.0,3,4.5,0,0.0,9,28.1,RB,MimsJo00
4634,Jordan Mims,0.00,3,Sun,2,2,2024-09-15,25-091,NOR,@,DAL,W 44-19,0.00,0.00,0.0,0.0,3,5.1,0,0.0,3,11.1,RB,MimsJo00
4635,Jordan Mims,0.00,1,Sun,3,3,2024-09-22,25-098,NOR,,PHI,L 12-15,0.00,0.00,0.0,0.0,1,1.8,0,0.0,4,23.5,RB,MimsJo00
4636,Elijah Mitchell,0.00,7,Sun,6,6,2023-10-15,25-166,SFO,@,CLE,L 17-19,0.00,0.00,-0.3,-0.3,7,11.3,0,0.0,0,0.0,RB,MitcEl00
4637,Elijah Mitchell,0.00,4,Mon,7,7,2023-10-23,25-174,SFO,@,MIN,L 17-22,0.00,0.00,-0.1,-0.1,4,7.5,0,0.0,0,0.0,RB,MitcEl00
4638,Keaton Mitchell,0.00,2,Thu,10,10,2024-11-07,22-295,BAL,,CIN,W 35-34,0.00,0.00,0.0,0.0,2,3.2,0,0.0,7,25.0,RB,MitcKe01
4639,Keaton Mitchell,0.00,2,Sun,11,11,2024-11-17,22-305,BAL,@,PIT,L 16-18,0.00,0.00,0.0,0.0,2,3.3,0,0.0,7,24.1,RB,MitcKe01
4640,Ty Montgomery,0.00,3,Sun,2,2,2023-09-17,30-238,NWE,,MIA,L 17-24,0.00,0.00,0.0,0.0,3,4.1,0,0.0,13,52.0,RB,MontTy01
4641,Ty Montgomery,0.00,1,Sun,4,4,2023-10-01,30-252,NWE,@,DAL,L 3-38,0.00,0.00,0.0,0.0,1,1.8,0,0.0,15,57.7,RB,MontTy01
4642,Ty Montgomery,0.00,1,Sun,7,7,2023-10-22,30-273,NWE,,BUF,W 29-25,0.00,0.00,0.0,0.0,1,1.7,0,0.0,15,62.5,RB,MontTy01
4643,Ty Montgomery,0.00,1,Sun,10,10,2023-11-12,30-294,NWE,,IND,L 6-10,0.00,0.00,0.0,0.0,1,1.4,0,0.0,15,71.4,RB,MontTy01
4644,Ty Montgomery,0.00,2,Sun,11,12,2023-11-26,30-308,NWE,@,NYG,L 7-10,0.00,0.00,0.0,0.0,2,2.9,0,0.0,11,47.8,RB,MontTy01
4645,Raheem Mostert,0.00,10,Sun,10,11,2024-11-17,32-222,MIA,,LVR,W 34-19,0.00,0.00,-0.2,-0.2,10,14.7,0,0.0,4,17.4,RB,MostRa00
4646,Raheem Mostert,0.00,1,Sun,17,18,2025-01-05,32-271,MIA,@,NYJ,L 20-32,0.00,0.00,0.0,0.0,1,1.4,0,0.0,6,23.1,RB,MostRa00
4647,Latavius Murray,0.00,7,Sat,15,16,2023-12-23,33-339,BUF,@,LAC,W 24-22,0.00,0.00,0.0,0.0,7,12.7,0,0.0,0,0.0,RB,MurrLa00
4648,Latavius Murray,0.00,19,Sun,16,17,2023-12-31,33-347,BUF,,NWE,W 27-21,0.00,0.00,0.0,0.0,19,27.5,0,0.0,0,0.0,RB,MurrLa00
4649,Chris Myarick,0.00,23,Sun,2,2,2022-09-18,26-347,NYG,,CAR,W 19-16,0.00,0.00,0.0,0.0,23,31.5,0,0.0,16,53.3,FB,MyarCh00
4650,Chris Myarick,0.00,41,Sun,4,4,2022-10-02,26-361,NYG,,CHI,W 20-12,0.00,0.00,0.0,0.0,41,63.1,0,0.0,17,56.7,FB,MyarCh00
4651,Chris Myarick,0.00,27,Sun,6,6,2022-10-16,27-010,NYG,,BAL,W 24-20,0.00,0.00,0.0,0.0,27,41.5,0,0.0,10,38.5,FB,MyarCh00
4652,Chris Myarick,0.00,16,Sun,9,10,2022-11-13,27-038,NYG,,HOU,W 24-16,0.00,0.00,0.0,0.0,16,23.2,0,0.0,16,53.3,FB,MyarCh00
4653,Chris Myarick,0.00,8,Sun,10,11,2022-11-20,27-045,NYG,,DET,L 18-31,0.00,0.00,0.0,0.0,8,10.5,0,0.0,12,46.2,FB,MyarCh00
4654,Chris Myarick,0.00,8,Sun,12,13,2022-12-04,27-059,NYG,,WAS,T 20-20 (OT),0.00,0.00,0.0,0.0,8,12.1,0,0.0,18,52.9,FB,MyarCh00
4655,Chris Myarick,0.00,4,Sun,13,14,2022-12-11,27-066,NYG,,PHI,L 22-48,0.00,0.00,0.0,0.0,4,6.3,0,0.0,16,51.6,FB,MyarCh00
4656,Chris Myarick,0.00,6,Sun,14,15,2022-12-18,27-073,NYG,@,WAS,W 20-12,0.00,0.00,0.0,0.0,6,9.5,0,0.0,13,52.0,FB,MyarCh00
4657,Chris Myarick,0.00,6,Sun,16,17,2023-01-01,27-087,NYG,,IND,W 38-10,0.00,0.00,0.0,0.0,6,9.5,0,0.0,4,16.7,FB,MyarCh00
4658,Kene Nwangwu,0.00,1,Sun,13,14,2024-12-08,26-303,NYJ,@,MIA,L 26-32 (OT),0.00,0.00,0.0,0.0,1,1.5,0,0.0,17,54.8,RB,NwanKe00
4659,Kene Nwangwu,0.00,1,Sun,16,17,2023-01-01,24-326,MIN,@,GNB,L 17-41,0.00,0.00,0.0,0.0,1,1.7,0,0.0,13,46.4,RB,NwanKe00
4660,Dare Ogunbowale,0.00,1,Sun,2,2,2022-09-18,28-137,HOU,@,DEN,L 9-16,0.00,0.00,0.0,0.0,1,1.6,0,0.0,18,69.2,RB,OgunDa00
4661,Dare Ogunbowale,0.00,3,Sun,7,8,2022-10-30,28-179,HOU,,TEN,L 10-17,0.00,1.00,1.0,0.5,3,5.6,0,0.0,19,70.4,RB,OgunDa00
4662,Dare Ogunbowale,0.00,1,Thu,8,9,2022-11-03,28-183,HOU,,PHI,L 17-29,0.00,0.00,0.0,0.0,1,1.7,0,0.0,16,69.6,RB,OgunDa00
4663,Dare Ogunbowale,0.00,1,Sun,10,11,2023-11-19,29-199,HOU,,ARI,W 21-16,0.00,0.00,0.0,0.0,1,1.5,0,0.0,12,66.7,RB,OgunDa00
4664,Dare Ogunbowale,0.00,11,Sun,16,17,2023-12-31,29-241,HOU,,TEN,W 26-3,0.00,0.00,0.0,0.0,11,18.0,0,0.0,17,70.8,RB,OgunDa00
4665,Dare Ogunbowale,0.00,7,Sat,17,18,2024-01-06,29-247,HOU,@,IND,W 23-19,0.00,0.00,0.0,0.0,7,12.5,0,0.0,21,70.0,RB,OgunDa00
4666,Dare Ogunbowale,0.00,29,Thu,9,9,2024-10-31,30-180,HOU,@,NYJ,L 13-21,0.00,0.00,-0.1,-0.1,29,36.7,0,0.0,16,61.5,RB,OgunDa00
4667,Dare Ogunbowale,0.00,13,Sun,12,12,2024-11-24,30-204,HOU,,TEN,L 27-32,0.00,0.00,0.0,0.0,13,23.2,0,0.0,23,65.7,RB,OgunDa00
4668,Dare Ogunbowale,0.00,9,Sun,13,13,2024-12-01,30-211,HOU,@,JAX,W 23-20,0.00,0.00,0.0,0.0,9,14.3,0,0.0,14,51.9,RB,OgunDa00
4669,Dare Ogunbowale,0.00,16,Sat,15,16,2024-12-21,30-231,HOU,@,KAN,L 19-27,0.00,0.00,0.0,0.0,16,27.1,0,0.0,9,37.5,RB,OgunDa00
4670,Qadree Ollison,0.00,2,Sun,8,8,2022-10-30,26-052,DAL,,CHI,W 49-29,0.00,0.00,0.0,0.0,2,3.4,0,0.0,9,31.0,RB,OlliQa00
4671,Qadree Ollison,0.00,1,Sun,3,3,2023-09-24,27-016,PIT,@,LVR,W 23-18,0.00,0.00,0.0,0.0,1,1.6,0,0.0,5,17.2,RB,OlliQa00
4672,Devine Ozigbo,0.00,2,Mon,8,8,2023-10-30,27-028,DET,,LVR,W 26-14,0.00,0.00,0.0,0.0,2,2.3,0,0.0,7,28.0,RB,OzigDe01
4673,Isiah Pacheco,0.00,2,Mon,5,5,2022-10-10,23-222,KAN,,LVR,W 30-29,0.00,0.00,0.0,0.0,2,2.8,0,0.0,11,39.3,RB,PachIs00
4674,Cordarrelle Patterson,0.00,12,Sun,10,11,2024-11-17,33-245,PIT,,BAL,W 18-16,0.00,1.00,1.0,0.5,12,15.4,0,0.0,4,13.8,RB,PattCo00
4675,Cordarrelle Patterson,0.00,8,Thu,11,12,2024-11-21,33-249,PIT,@,CLE,L 19-24,0.00,0.00,-0.2,-0.2,8,11.6,0,0.0,5,25.0,RB,PattCo00
4676,Cordarrelle Patterson,0.00,1,Sun,4,4,2023-10-01,32-198,ATL,@,JAX,L 7-23,0.00,0.00,0.0,0.0,1,1.7,0,0.0,6,27.3,RB,PattCo00
4677,Cordarrelle Patterson,0.00,8,Sun,16,17,2023-12-31,32-289,ATL,@,CHI,L 17-37,0.00,0.00,0.0,0.0,8,13.6,0,0.0,8,25.0,RB,PattCo00
4678,Henry Pearson,0.00,2,Thu,11,12,2023-11-23,24-000,GNB,@,DET,W 29-22,0.00,0.00,0.0,0.0,2,3.6,0,0.0,11,47.8,FB,PearHe00
4679,Henry Pearson,0.00,9,Sun,12,13,2023-12-03,24-010,GNB,,KAN,W 27-19,0.00,0.00,0.0,0.0,9,14.1,0,0.0,12,54.5,FB,PearHe00
4680,La'Mical Perine,0.00,1,Sun,11,12,2023-11-26,25-300,KAN,@,LVR,W 31-17,0.00,0.00,0.0,0.0,1,1.7,0,0.0,10,38.5,RB,PeriLa00
4681,Samaje Perine,0.00,12,Thu,4,4,2022-09-29,27-013,CIN,,MIA,W 27-15,0.00,0.00,0.0,0.0,12,18.8,0,0.0,18,64.3,RB,PeriSa00
4682,Dameon Pierce,0.00,7,Sun,14,15,2024-12-15,24-300,HOU,,MIA,W 20-12,0.00,0.00,0.0,0.0,7,14.0,0,0.0,4,16.0,RB,PierDa01
4683,Adam Prentice,0.00,7,Sun,1,1,2022-09-11,25-238,NOR,@,ATL,W 27-26,0.00,0.00,0.0,0.0,7,11.5,0,0.0,11,34.4,FB,PrenAd00
4684,Adam Prentice,0.00,2,Sun,3,3,2022-09-25,25-252,NOR,@,CAR,L 14-22,0.00,0.00,0.0,0.0,2,2.9,0,0.0,12,41.4,FB,PrenAd00
4685,Adam Prentice,0.00,9,Sun,10,10,2022-11-13,25-301,NOR,@,PIT,L 10-20,0.00,0.00,0.0,0.0,9,19.1,0,0.0,10,41.7,FB,PrenAd00
4686,Adam Prentice,0.00,20,Sun,11,11,2022-11-20,25-308,NOR,,LAR,W 27-20,0.00,0.00,0.0,0.0,20,35.1,0,0.0,14,45.2,FB,PrenAd00
4687,Adam Prentice,0.00,8,Sun,12,12,2022-11-27,25-315,NOR,@,SFO,L 0-13,0.00,0.00,0.0,0.0,8,14.0,0,0.0,8,47.1,FB,PrenAd00
4688,Adam Prentice,0.00,13,Sun,17,18,2023-01-08,25-357,NOR,,CAR,L 7-10,0.00,0.00,0.0,0.0,13,21.7,0,0.0,9,45.0,FB,PrenAd00
4689,Adam Prentice,0.00,11,Sun,1,1,2023-09-10,26-237,NOR,,TEN,W 16-15,0.00,0.00,0.0,0.0,11,16.9,0,0.0,13,46.4,FB,PrenAd00
4690,Adam Prentice,0.00,18,Mon,2,2,2023-09-18,26-245,NOR,@,CAR,W 20-17,0.00,0.00,0.0,0.0,18,23.4,0,0.0,10,37.0,FB,PrenAd00
4691,Adam Prentice,0.00,11,Sun,3,3,2023-09-24,26-251,NOR,@,GNB,L 17-18,0.00,0.00,0.0,0.0,11,18.0,0,0.0,11,44.0,FB,PrenAd00
4692,Adam Prentice,0.00,8,Sun,5,5,2023-10-08,26-265,NOR,@,NWE,W 34-0,0.00,0.00,0.0,0.0,8,11.1,0,0.0,6,19.4,FB,PrenAd00
4693,Adam Prentice,0.00,1,Sun,10,10,2023-11-12,26-300,NOR,@,MIN,L 19-27,0.00,0.00,0.0,0.0,1,1.5,0,0.0,12,41.4,FB,PrenAd00
4694,Adam Prentice,0.00,8,Sun,11,12,2023-11-26,26-314,NOR,@,ATL,L 15-24,0.00,0.00,0.0,0.0,8,11.1,0,0.0,8,33.3,FB,PrenAd00
4695,Adam Prentice,0.00,9,Sun,12,13,2023-12-03,26-321,NOR,,DET,L 28-33,0.00,0.00,0.0,0.0,9,13.4,0,0.0,18,60.0,FB,PrenAd00
4696,Adam Prentice,0.00,10,Sun,13,14,2023-12-10,26-328,NOR,,CAR,W 28-6,0.00,0.00,0.0,0.0,10,19.2,0,0.0,10,41.7,FB,PrenAd00
4697,Adam Prentice,0.00,10,Sun,14,15,2023-12-17,26-335,NOR,,NYG,W 24-6,0.00,0.00,0.0,0.0,10,16.1,0,0.0,9,39.1,FB,PrenAd00
4698,Adam Prentice,0.00,5,Thu,15,16,2023-12-21,26-339,NOR,@,LAR,L 22-30,0.00,0.00,0.0,0.0,5,8.3,0,0.0,9,37.5,FB,PrenAd00
4699,Adam Prentice,0.00,10,Sun,17,18,2024-01-07,26-356,NOR,,ATL,W 48-17,0.00,0.00,0.0,0.0,10,14.9,0,0.0,7,21.9,FB,PrenAd00
4700,Adam Prentice,0.00,24,Sun,1,1,2024-09-08,27-236,NOR,,CAR,W 47-10,0.00,0.00,0.0,0.0,24,36.4,0,0.0,5,16.7,FB,PrenAd00
4701,Adam Prentice,0.00,26,Sun,2,2,2024-09-15,27-243,NOR,@,DAL,W 44-19,0.00,0.00,0.0,0.0,26,44.1,0,0.0,6,22.2,FB,PrenAd00
4702,Adam Prentice,0.00,22,Sun,3,3,2024-09-22,27-250,NOR,,PHI,L 12-15,0.00,0.00,0.0,0.0,22,39.3,0,0.0,7,41.2,FB,PrenAd00
4703,Adam Prentice,0.00,24,Sun,4,4,2024-09-29,27-257,NOR,@,ATL,L 24-26,0.00,0.00,0.0,0.0,24,32.4,0,0.0,15,53.6,FB,PrenAd00
4704,Adam Prentice,0.00,7,Mon,5,5,2024-10-07,27-265,NOR,@,KAN,L 13-26,0.00,0.00,0.0,0.0,7,13.2,0,0.0,12,50.0,FB,PrenAd00
4705,Adam Prentice,0.00,12,Sun,6,6,2024-10-13,27-271,NOR,,TAM,L 27-51,0.00,0.00,0.0,0.0,12,17.1,0,0.0,15,40.5,FB,PrenAd00
4706,Adam Prentice,0.00,13,Thu,7,7,2024-10-17,27-275,NOR,,DEN,L 10-33,0.00,0.00,0.0,0.0,13,18.6,0,0.0,13,44.8,FB,PrenAd00
4707,Adam Prentice,0.00,12,Sun,8,8,2024-10-27,27-285,NOR,@,LAC,L 8-26,0.00,0.00,0.0,0.0,12,16.4,0,0.0,19,55.9,FB,PrenAd00
4708,Adam Prentice,0.00,21,Sun,9,9,2024-11-03,27-292,NOR,@,CAR,L 22-23,0.00,0.00,0.0,0.0,21,26.6,0,0.0,16,55.2,FB,PrenAd00
4709,Adam Prentice,0.00,18,Sun,10,10,2024-11-10,27-299,NOR,,ATL,W 20-17,0.00,0.00,0.0,0.0,18,34.0,0,0.0,17,63.0,FB,PrenAd00
4710,Adam Prentice,0.00,20,Sun,11,11,2024-11-17,27-306,NOR,,CLE,W 35-14,0.00,0.00,0.0,0.0,20,33.3,0,0.0,7,28.0,FB,PrenAd00
4711,Adam Prentice,0.00,13,Sun,12,13,2024-12-01,27-320,NOR,,LAR,L 14-21,0.00,0.00,0.0,0.0,13,18.6,0,0.0,8,38.1,FB,PrenAd00
4712,Adam Prentice,0.00,26,Sun,13,14,2024-12-08,27-327,NOR,@,NYG,W 14-11,0.00,0.00,0.0,0.0,26,38.2,0,0.0,19,65.5,FB,PrenAd00
4713,Adam Prentice,0.00,10,Sun,14,15,2024-12-15,27-334,NOR,,WAS,L 19-20,0.00,0.00,0.0,0.0,10,18.2,0,0.0,16,64.0,FB,PrenAd00
4714,Adam Prentice,0.00,6,Mon,15,16,2024-12-23,27-342,NOR,@,GNB,L 0-34,0.00,0.00,0.0,0.0,6,10.7,0,0.0,15,71.4,FB,PrenAd00
4715,Adam Prentice,0.00,6,Sun,16,17,2024-12-29,27-348,NOR,,LVR,L 10-25,0.00,0.00,0.0,0.0,6,10.0,0,0.0,17,60.7,FB,PrenAd00
4716,Adam Prentice,0.00,12,Sun,17,18,2025-01-05,27-355,NOR,@,TAM,L 19-27,0.00,0.00,0.0,0.0,12,18.2,0,0.0,11,39.3,FB,PrenAd00
4717,Craig Reynolds,0.00,1,Sun,8,9,2022-11-06,26-144,DET,,GNB,W 15-9,0.00,0.00,0.0,0.0,1,1.6,0,0.0,2,15.4,RB,ReynCr00
4718,Craig Reynolds,0.00,13,Sun,16,17,2023-01-01,26-200,DET,,CHI,W 41-10,0.00,0.00,0.0,0.0,13,18.3,0,0.0,21,70.0,RB,ReynCr00
4719,Craig Reynolds,0.00,1,Thu,4,4,2023-09-28,27-105,DET,@,GNB,W 34-20,0.00,0.00,0.0,0.0,1,1.3,0,0.0,20,66.7,RB,ReynCr00
4720,Craig Reynolds,0.00,3,Sun,9,10,2023-11-12,27-150,DET,@,LAC,W 41-38,0.00,0.00,0.0,0.0,3,4.5,0,0.0,15,50.0,RB,ReynCr00
4721,Craig Reynolds,0.00,1,Thu,11,12,2023-11-23,27-161,DET,,GNB,L 22-29,0.00,0.00,0.0,0.0,1,1.2,0,0.0,13,56.5,RB,ReynCr00
4722,Craig Reynolds,0.00,2,Sun,12,13,2023-12-03,27-171,DET,@,NOR,W 33-28,0.00,0.00,0.0,0.0,2,3.4,0,0.0,17,56.7,RB,ReynCr00
4723,Craig Reynolds,0.00,1,Sun,13,14,2023-12-10,27-178,DET,@,CHI,L 13-28,0.00,0.00,0.0,0.0,1,1.5,0,0.0,17,70.8,RB,ReynCr00
4724,Craig Reynolds,0.00,3,Sun,15,16,2023-12-24,27-192,DET,@,MIN,W 30-24,0.00,0.00,0.0,0.0,3,3.8,0,0.0,15,57.7,RB,ReynCr00
4725,Craig Reynolds,0.00,2,Sun,17,18,2024-01-07,27-206,DET,,MIN,W 30-20,0.00,0.00,0.0,0.0,2,3.5,0,0.0,13,46.4,RB,ReynCr00
4726,Craig Reynolds,0.00,3,Sun,2,2,2024-09-15,28-092,DET,,TAM,L 16-20,0.00,0.00,0.0,0.0,3,3.5,0,0.0,18,69.2,RB,ReynCr00
4727,Craig Reynolds,0.00,2,Sun,3,3,2024-09-22,28-099,DET,@,ARI,W 20-13,0.00,0.00,0.0,0.0,2,2.9,0,0.0,14,60.9,RB,ReynCr00
4728,Craig Reynolds,0.00,2,Mon,4,4,2024-09-30,28-107,DET,,SEA,W 42-29,0.00,0.00,0.0,0.0,2,3.8,0,0.0,19,65.5,RB,ReynCr00
4729,Craig Reynolds,0.00,2,Sun,6,7,2024-10-20,28-127,DET,@,MIN,W 31-29,0.00,0.00,0.0,0.0,2,3.5,0,0.0,21,67.7,RB,ReynCr00
4730,Craig Reynolds,0.00,3,Sun,8,9,2024-11-03,28-141,DET,@,GNB,W 24-14,0.00,0.00,0.0,0.0,3,5.3,0,0.0,9,40.9,RB,ReynCr00
4731,Craig Reynolds,0.00,1,Thu,13,14,2024-12-05,28-173,DET,,GNB,W 34-31,0.00,0.00,0.0,0.0,1,1.3,0,0.0,16,57.1,RB,ReynCr00
4732,Patrick Ricard,0.00,40,Sun,5,5,2022-10-09,28-135,BAL,,CIN,W 19-17,0.00,0.00,0.0,0.0,40,61.5,0,0.0,4,17.4,FB,RicaPa00
4733,Patrick Ricard,0.00,45,Sun,6,6,2022-10-16,28-142,BAL,@,NYG,L 20-24,0.00,0.00,0.0,0.0,45,76.3,0,0.0,5,19.2,FB,RicaPa00
4734,Patrick Ricard,0.00,39,Thu,8,8,2022-10-27,28-153,BAL,@,TAM,W 27-22,0.00,0.00,0.0,0.0,39,51.3,0,0.0,5,16.1,FB,RicaPa00
4735,Patrick Ricard,0.00,25,Sun,12,13,2022-12-04,28-191,BAL,,DEN,W 10-9,0.00,1.00,1.0,0.5,25,34.7,0,0.0,3,11.5,FB,RicaPa00
4736,Patrick Ricard,0.00,35,Sat,14,15,2022-12-17,28-204,BAL,@,CLE,L 3-13,0.00,0.00,0.0,0.0,35,55.6,0,0.0,4,22.2,FB,RicaPa00
4737,Patrick Ricard,0.00,44,Sat,15,16,2022-12-24,28-211,BAL,,ATL,W 17-9,0.00,0.00,0.0,0.0,44,84.6,0,0.0,3,14.3,FB,RicaPa00
4738,Patrick Ricard,0.00,31,Sun,16,17,2023-01-01,28-219,BAL,,PIT,L 13-16,0.00,0.00,0.0,0.0,31,59.6,0,0.0,5,21.7,FB,RicaPa00
4739,Patrick Ricard,0.00,40,Sun,17,18,2023-01-08,28-226,BAL,@,CIN,L 16-27,0.00,0.00,0.0,0.0,40,51.3,0,0.0,6,20.0,FB,RicaPa00
4740,Patrick Ricard,0.00,28,Sun,1,1,2023-09-10,29-106,BAL,,HOU,W 25-9,0.00,0.00,0.0,0.0,28,43.8,0,0.0,6,24.0,FB,RicaPa00
4741,Patrick Ricard,0.00,25,Sun,2,2,2023-09-17,29-113,BAL,@,CIN,W 27-24,0.00,0.00,0.0,0.0,25,33.3,0,0.0,9,36.0,FB,RicaPa00
4742,Patrick Ricard,0.00,19,Sun,3,3,2023-09-24,29-120,BAL,,IND,L 19-22 (OT),0.00,0.00,0.0,0.0,19,26.4,0,0.0,12,33.3,FB,RicaPa00
4743,Patrick Ricard,0.00,26,Sun,5,5,2023-10-08,29-134,BAL,@,PIT,L 10-17,0.00,0.00,0.0,0.0,26,37.1,0,0.0,8,32.0,FB,RicaPa00
4744,Patrick Ricard,0.00,35,Sun,8,8,2023-10-29,29-155,BAL,@,ARI,W 31-24,0.00,0.00,0.0,0.0,35,53.8,0,0.0,2,7.1,FB,RicaPa00
4745,Patrick Ricard,0.00,23,Sun,9,9,2023-11-05,29-162,BAL,,SEA,W 37-3,0.00,0.00,0.0,0.0,23,30.3,0,0.0,2,7.4,FB,RicaPa00
4746,Patrick Ricard,0.00,32,Sun,10,10,2023-11-12,29-169,BAL,,CLE,L 31-33,0.00,0.00,0.0,0.0,32,59.3,0,0.0,7,22.6,FB,RicaPa00
4747,Patrick Ricard,0.00,24,Thu,11,11,2023-11-16,29-173,BAL,,CIN,W 34-20,0.00,0.00,0.0,0.0,24,36.4,0,0.0,4,12.5,FB,RicaPa00
4748,Patrick Ricard,0.00,31,Sun,12,12,2023-11-26,29-183,BAL,@,LAC,W 20-10,0.00,0.00,0.0,0.0,31,43.7,0,0.0,3,14.3,FB,RicaPa00
4749,Patrick Ricard,0.00,23,Sun,13,14,2023-12-10,29-197,BAL,,LAR,W 37-31 (OT),0.00,0.00,0.0,0.0,23,31.9,0,0.0,7,18.9,FB,RicaPa00
4750,Patrick Ricard,0.00,37,Sun,14,15,2023-12-17,29-204,BAL,@,JAX,W 23-7,0.00,0.00,0.0,0.0,37,52.9,0,0.0,2,9.1,FB,RicaPa00
4751,Patrick Ricard,0.00,28,Mon,15,16,2023-12-25,29-212,BAL,@,SFO,W 33-19,0.00,0.00,0.0,0.0,28,41.2,0,0.0,3,11.1,FB,RicaPa00
4752,Patrick Ricard,0.00,12,Sat,17,18,2024-01-06,29-224,BAL,,PIT,L 10-17,0.00,0.00,0.0,0.0,12,21.1,0,0.0,4,14.8,FB,RicaPa00
4753,Patrick Ricard,0.00,19,Thu,1,1,2024-09-05,30-101,BAL,@,KAN,L 20-27,0.00,0.00,0.0,0.0,19,23.8,0,0.0,0,0.0,FB,RicaPa00
4754,Patrick Ricard,0.00,18,Sun,2,2,2024-09-15,30-111,BAL,,LVR,L 23-26,0.00,0.00,0.0,0.0,18,27.7,0,0.0,0,0.0,FB,RicaPa00
4755,Patrick Ricard,0.00,32,Sun,3,3,2024-09-22,30-118,BAL,@,DAL,W 28-25,0.00,0.00,0.0,0.0,32,50.8,0,0.0,0,0.0,FB,RicaPa00
4756,Patrick Ricard,0.00,35,Sun,4,4,2024-09-29,30-125,BAL,,BUF,W 35-10,0.00,0.00,6.0,6.0,35,61.4,0,0.0,0,0.0,FB,RicaPa00
4757,Patrick Ricard,0.00,25,Sun,5,5,2024-10-06,30-132,BAL,@,CIN,W 41-38 (OT),0.00,0.00,0.0,0.0,25,32.1,0,0.0,0,0.0,FB,RicaPa00
4758,Patrick Ricard,0.00,35,Sun,6,6,2024-10-13,30-139,BAL,,WAS,W 30-23,0.00,0.00,0.0,0.0,35,51.5,0,0.0,0,0.0,FB,RicaPa00
4759,Patrick Ricard,0.00,21,Mon,7,7,2024-10-21,30-147,BAL,@,TAM,W 41-31,0.00,0.00,0.0,0.0,21,35.6,0,0.0,0,0.0,FB,RicaPa00
4760,Patrick Ricard,0.00,11,Sun,8,8,2024-10-27,30-153,BAL,@,CLE,L 24-29,0.00,0.00,0.0,0.0,11,16.2,0,0.0,0,0.0,FB,RicaPa00
4761,Patrick Ricard,0.00,20,Thu,10,10,2024-11-07,30-164,BAL,,CIN,W 35-34,0.00,0.00,0.0,0.0,20,31.7,0,0.0,0,0.0,FB,RicaPa00
4762,Patrick Ricard,0.00,35,Mon,12,12,2024-11-25,30-182,BAL,@,LAC,W 30-23,0.00,0.00,0.0,0.0,35,53.8,0,0.0,0,0.0,FB,RicaPa00
4763,Patrick Ricard,0.00,19,Sun,13,13,2024-12-01,30-188,BAL,,PHI,L 19-24,0.00,0.00,0.0,0.0,19,26.4,0,0.0,0,0.0,FB,RicaPa00
4764,Patrick Ricard,0.00,21,Sun,14,15,2024-12-15,30-202,BAL,@,NYG,W 35-14,0.00,0.00,0.0,0.0,21,35.6,0,0.0,0,0.0,FB,RicaPa00
4765,Patrick Ricard,0.00,17,Sat,15,16,2024-12-21,30-208,BAL,,PIT,W 34-17,0.00,0.00,0.0,0.0,17,27.4,0,0.0,0,0.0,FB,RicaPa00
4766,Patrick Ricard,0.00,37,Wed,16,17,2024-12-25,30-212,BAL,@,HOU,W 31-2,0.00,0.00,0.0,0.0,37,58.7,0,0.0,0,0.0,FB,RicaPa00
4767,Ronnie Rivers,0.00,1,Sun,15,16,2022-12-25,23-328,LAR,,DEN,W 51-14,0.00,0.00,0.0,0.0,1,1.5,0,0.0,0,0.0,RB,RiveRo01
4768,Ronnie Rivers,0.00,3,Sun,2,2,2024-09-15,25-228,LAR,@,ARI,L 10-41,0.00,1.00,1.0,0.5,3,5.8,0,0.0,12,48.0,RB,RiveRo01
4769,James Robinson,0.00,4,Sun,12,13,2023-12-03,25-116,GNB,,KAN,W 27-19,0.00,1.00,1.0,0.5,4,6.3,0,0.0,0,0.0,RB,RobiJa00
4770,James Robinson,0.00,12,Sun,7,7,2022-10-23,24-075,JAX,,NYG,L 17-23,0.00,0.00,0.0,0.0,12,16.9,0,0.0,0,0.0,RB,RobiJa00
4771,Keilan Robinson,0.00,2,Sun,13,14,2024-12-08,24-296,JAX,@,TEN,W 10-6,0.00,0.00,0.0,0.0,2,3.4,0,0.0,3,16.7,RB,RobiKe03
4772,Keilan Robinson,0.00,1,Sun,16,17,2024-12-29,24-317,JAX,,TEN,W 20-13,0.00,0.00,0.0,0.0,1,1.7,0,0.0,6,28.6,RB,RobiKe03
4773,Keilan Robinson,0.00,2,Sun,17,18,2025-01-05,24-324,JAX,@,IND,L 23-26 (OT),0.00,0.00,0.0,0.0,2,2.9,0,0.0,12,34.3,RB,RobiKe03
4774,Chris Rodriguez,0.00,2,Sun,2,2,2023-09-17,22-356,WAS,@,DEN,W 35-33,0.00,0.00,0.0,0.0,2,2.7,0,0.0,17,56.7,RB,RodrCh00
4775,Chris Rodriguez,0.00,1,Sun,3,3,2023-09-24,22-363,WAS,,BUF,L 3-37,0.00,0.00,0.0,0.0,1,1.9,0,0.0,14,63.6,RB,RodrCh00
4776,Chris Rodriguez,0.00,1,Sun,17,18,2025-01-05,24-101,WAS,@,DAL,W 23-19,0.00,0.00,0.0,0.0,1,1.7,0,0.0,13,46.4,RB,RodrCh00
4777,Larry Rountree,0.00,4,Mon,15,16,2022-12-26,23-316,LAC,@,IND,W 20-3,0.00,0.00,0.0,0.0,4,5.9,0,0.0,8,44.4,RB,RounLa00
4778,Miles Sanders,0.00,12,Sun,7,8,2023-10-29,26-181,CAR,,HOU,W 15-13,0.00,0.00,0.0,0.0,12,17.9,0,0.0,0,0.0,RB,SandMi01
4779,Miles Sanders,0.00,12,Sun,9,9,2024-11-03,27-186,CAR,,NOR,W 23-22,0.00,2.00,1.0,0.0,12,22.6,0,0.0,3,10.3,RB,SandMi01
4780,Boston Scott,0.00,7,Sun,3,3,2022-09-25,27-151,PHI,@,WAS,W 24-8,0.00,0.00,0.0,0.0,7,10.0,0,0.0,4,15.4,RB,ScotBo02
4781,Boston Scott,0.00,4,Sun,14,15,2022-12-18,27-235,PHI,@,CHI,W 25-20,0.00,0.00,0.0,0.0,4,5.5,0,0.0,4,16.0,RB,ScotBo02
4782,Boston Scott,0.00,3,Sat,15,16,2022-12-24,27-241,PHI,@,DAL,L 34-40,0.00,0.00,0.0,0.0,3,4.2,0,0.0,9,29.0,RB,ScotBo02
4783,Boston Scott,0.00,1,Mon,14,15,2023-12-18,28-235,PHI,@,SEA,L 17-20,0.00,0.00,0.0,0.0,1,1.4,0,0.0,15,55.6,RB,ScotBo02
4784,Trey Sermon,0.00,3,Sun,5,5,2022-10-09,23-252,PHI,@,ARI,W 20-17,0.00,0.00,0.0,0.0,3,4.1,0,0.0,0,0.0,RB,SermTr00
4785,Trey Sermon,0.00,3,Sun,5,5,2023-10-08,24-251,IND,,TEN,W 23-16,0.00,0.00,0.0,0.0,3,4.5,0,0.0,0,0.0,RB,SermTr00
4786,Trey Sermon,0.00,7,Sun,6,6,2023-10-15,24-258,IND,@,JAX,L 20-37,0.00,0.00,0.0,0.0,7,9.0,0,0.0,0,0.0,RB,SermTr00
4787,Trey Sermon,0.00,3,Sun,9,9,2023-11-05,24-279,IND,@,CAR,W 27-13,0.00,0.00,0.0,0.0,3,4.9,0,0.0,3,10.7,RB,SermTr00
4788,Trey Sermon,0.00,1,Sun,10,10,2023-11-12,24-286,IND,@,NWE,W 10-6,0.00,0.00,0.0,0.0,1,1.8,0,0.0,0,0.0,RB,SermTr00
4789,Trey Sermon,0.00,1,Sun,11,12,2023-11-26,24-300,IND,,TAM,W 27-20,0.00,0.00,0.0,0.0,1,1.4,0,0.0,0,0.0,RB,SermTr00
4790,Trey Sermon,0.00,1,Sun,12,13,2023-12-03,24-307,IND,@,TEN,W 31-28 (OT),0.00,0.00,0.0,0.0,1,1.4,0,0.0,0,0.0,RB,SermTr00
4791,Trey Sermon,0.00,2,Sun,1,1,2024-09-08,25-222,IND,,HOU,L 27-29,0.00,0.00,0.0,0.0,2,4.4,0,0.0,0,0.0,RB,SermTr00
4792,Trey Sermon,0.00,2,Sun,12,12,2024-11-24,25-299,IND,,DET,L 6-24,0.00,0.00,0.0,0.0,2,3.6,0,0.0,5,20.8,RB,SermTr00
4793,Trey Sermon,0.00,5,Sun,13,13,2024-12-01,25-306,IND,@,NWE,W 25-24,0.00,0.00,0.0,0.0,5,8.1,0,0.0,7,30.4,RB,SermTr00
4794,Aaron Shampklin,0.00,4,Sun,6,6,2024-10-13,24-361,PIT,@,LVR,W 32-13,0.00,0.00,-0.2,-0.2,4,6.0,0,0.0,2,8.0,RB,ShamAa00
4795,Will Shipley,0.00,4,Fri,1,1,2024-09-06,22-008,PHI,,GNB,W 34-29,0.00,0.00,0.0,0.0,4,5.3,0,0.0,17,54.8,RB,ShipWi00
4796,Will Shipley,0.00,1,Sun,4,4,2024-09-29,22-031,PHI,@,TAM,L 16-33,0.00,0.00,0.0,0.0,1,1.8,0,0.0,19,70.4,RB,ShipWi00
4797,Will Shipley,0.00,2,Sun,7,8,2024-10-27,22-059,PHI,@,CIN,W 37-17,0.00,0.00,-0.3,-0.3,2,3.3,0,0.0,13,54.2,RB,ShipWi00
4798,Will Shipley,0.00,1,Sun,8,9,2024-11-03,22-066,PHI,,JAX,W 28-23,0.00,0.00,0.0,0.0,1,1.3,0,0.0,16,69.6,RB,ShipWi00
4799,Devin Singletary,0.00,17,Sun,5,5,2023-10-08,26-035,HOU,@,ATL,L 19-21,0.00,0.00,0.0,0.0,17,29.3,0,0.0,4,13.8,RB,SingDe00
4800,Keith Smith,0.00,10,Sun,1,1,2023-09-10,31-155,ATL,,CAR,W 24-10,0.00,0.00,0.0,0.0,10,19.2,0,0.0,19,73.1,FB,SmitKe03
4801,Keith Smith,0.00,17,Sun,2,2,2023-09-17,31-162,ATL,,GNB,W 25-24,0.00,0.00,0.0,0.0,17,20.7,0,0.0,16,59.3,FB,SmitKe03
4802,Keith Smith,0.00,10,Sun,3,3,2023-09-24,31-169,ATL,@,DET,L 6-20,0.00,0.00,0.0,0.0,10,14.9,0,0.0,20,74.1,FB,SmitKe03
4803,Keith Smith,0.00,17,Sun,4,4,2023-10-01,31-176,ATL,@,JAX,L 7-23,0.00,0.00,0.0,0.0,17,29.3,0,0.0,16,72.7,FB,SmitKe03
4804,Keith Smith,0.00,16,Sun,6,6,2023-10-15,31-190,ATL,,WAS,L 16-24,0.00,0.00,0.0,0.0,16,19.3,0,0.0,18,75.0,FB,SmitKe03
4805,Keith Smith,0.00,21,Sun,7,7,2023-10-22,31-197,ATL,@,TAM,W 16-13,0.00,1.00,0.9,0.4,21,32.3,0,0.0,12,57.1,FB,SmitKe03
4806,Keith Smith,0.00,4,Sun,8,8,2023-10-29,31-204,ATL,@,TEN,L 23-28,0.00,0.00,0.0,0.0,4,5.9,0,0.0,14,40.0,FB,SmitKe03
4807,Keith Smith,0.00,21,Sun,10,10,2023-11-12,31-218,ATL,@,ARI,L 23-25,0.00,0.00,0.0,0.0,21,29.6,0,0.0,17,65.4,FB,SmitKe03
4808,Keith Smith,0.00,15,Sun,12,13,2023-12-03,31-239,ATL,@,NYJ,W 13-8,0.00,0.00,0.0,0.0,15,22.1,0,0.0,23,82.1,FB,SmitKe03
4809,Keith Smith,0.00,11,Sun,13,14,2023-12-10,31-246,ATL,,TAM,L 25-29,0.00,0.00,0.0,0.0,11,15.3,0,0.0,19,59.4,FB,SmitKe03
4810,Keith Smith,0.00,10,Sun,14,15,2023-12-17,31-253,ATL,@,CAR,L 7-9,0.00,0.00,0.0,0.0,10,19.2,0,0.0,11,57.9,FB,SmitKe03
4811,Benny Snell Jr.,0.00,3,Sun,10,11,2022-11-20,24-266,PIT,,CIN,L 30-37,0.00,0.00,0.0,0.0,3,4.1,0,0.0,23,63.9,RB,SnelBe00
4812,Isaiah Spiller,0.00,4,Sun,7,7,2022-10-23,21-075,LAC,,SEA,L 23-37,0.00,0.00,-0.5,-0.5,4,5.6,0,0.0,0,0.0,RB,SpilIs00
4813,Isaiah Spiller,0.00,2,Sun,13,14,2022-12-11,21-124,LAC,,MIA,W 23-17,0.00,0.00,0.0,0.0,2,2.5,0,0.0,0,0.0,RB,SpilIs00
4814,Carson Steele,0.00,3,Fri,12,13,2024-11-29,22-039,KAN,,LVR,W 19-17,0.00,0.00,0.0,0.0,3,4.2,0,0.0,14,45.2,RB,SteeCa00
4815,Carson Steele,0.00,6,Sun,13,14,2024-12-08,22-048,KAN,,LAC,W 19-17,0.00,0.00,0.0,0.0,6,8.7,0,0.0,14,53.8,RB,SteeCa00
4816,Carson Steele,0.00,3,Sun,14,15,2024-12-15,22-055,KAN,@,CLE,W 21-7,0.00,0.00,0.0,0.0,3,4.0,0,0.0,12,46.2,RB,SteeCa00
4817,Carson Steele,0.00,6,Sat,15,16,2024-12-21,22-061,KAN,,HOU,W 27-19,0.00,0.00,0.0,0.0,6,8.1,0,0.0,13,54.2,RB,SteeCa00
4818,Pierre Strong,0.00,3,Sun,2,2,2022-09-18,23-282,NWE,@,PIT,W 17-14,0.00,0.00,0.0,0.0,3,4.4,0,0.0,5,22.7,RB,StroPi00
4819,Pierre Strong,0.00,3,Mon,7,7,2022-10-24,23-318,NWE,,CHI,L 14-33,0.00,0.00,0.0,0.0,3,5.8,0,0.0,2,8.0,RB,StroPi00
4820,Pierre Strong,0.00,2,Sun,16,17,2023-01-01,24-022,NWE,,MIA,W 23-21,0.00,0.00,0.0,0.0,2,3.3,0,0.0,13,48.1,RB,StroPi00
4821,Pierre Strong,0.00,1,Sun,17,18,2023-01-08,24-029,NWE,@,BUF,L 23-35,0.00,0.00,0.0,0.0,1,1.5,0,0.0,5,19.2,RB,StroPi00
4822,Pierre Strong,0.00,1,Sun,5,6,2023-10-15,24-309,CLE,,SFO,W 19-17,0.00,0.00,0.0,0.0,1,1.3,0,0.0,19,61.3,RB,StroPi00
4823,Pierre Strong,0.00,2,Sun,11,12,2023-11-26,24-351,CLE,@,DEN,L 12-29,0.00,0.00,0.0,0.0,2,2.7,0,0.0,19,73.1,RB,StroPi00
4824,Pierre Strong,0.00,5,Sun,13,14,2023-12-10,25-000,CLE,,JAX,W 31-27,0.00,0.00,0.0,0.0,5,6.6,0,0.0,25,73.5,RB,StroPi00
4825,Pierre Strong,0.00,6,Sun,14,15,2024-12-15,26-005,CLE,,KAN,L 7-21,0.00,0.00,0.0,0.0,6,9.7,0,0.0,19,73.1,RB,StroPi00
4826,J.J. Taylor,0.00,1,Sun,10,10,2024-11-10,26-311,HOU,,DET,L 23-26,0.00,0.00,0.0,0.0,1,1.5,0,0.0,0,0.0,RB,TaylJJ01
4827,Patrick Taylor,0.00,1,Sun,6,6,2022-10-16,24-170,GNB,,NYJ,L 10-27,0.00,0.00,0.0,0.0,1,1.4,0,0.0,12,41.4,RB,TaylPa01
4828,Patrick Taylor,0.00,11,Sun,17,18,2024-01-07,25-253,GNB,,CHI,W 17-9,0.00,0.00,0.0,0.0,11,18.3,0,0.0,8,44.4,RB,TaylPa01
4829,Patrick Taylor,0.00,3,Thu,14,15,2024-12-12,26-227,SFO,,LAR,L 6-12,0.00,0.00,0.0,0.0,3,5.6,0,0.0,17,63.0,RB,TaylPa01
4830,Patrick Taylor,0.00,13,Mon,16,17,2024-12-30,26-245,SFO,,DET,L 34-40,0.00,0.00,0.0,0.0,13,20.3,0,0.0,8,29.6,RB,TaylPa01
4831,SaRodorick Thompson,0.00,2,Sun,6,7,2023-10-22,24-021,SEA,,ARI,W 20-10,0.00,0.00,0.0,0.0,2,3.3,0,0.0,0,0.0,RB,ThomSa00
4832,Sean Tucker,0.00,1,Sun,9,10,2023-11-12,22-018,TAM,,TEN,W 20-6,0.00,0.00,0.0,0.0,1,1.5,0,0.0,3,13.0,RB,TuckSe00
4833,Sean Tucker,0.00,2,Sun,1,1,2024-09-08,22-319,TAM,,WAS,W 37-20,0.00,0.00,0.0,0.0,2,3.1,0,0.0,8,29.6,RB,TuckSe00
4834,Sione Vaki,0.00,2,Sun,1,1,2024-09-08,23-040,DET,,LAR,W 26-20 (OT),0.00,0.00,0.0,0.0,2,3.3,0,0.0,18,69.2,RB,VakiSi00
4835,Sione Vaki,0.00,1,Sun,3,3,2024-09-22,23-054,DET,@,ARI,W 20-13,0.00,0.00,0.0,0.0,1,1.5,0,0.0,14,60.9,RB,VakiSi00
4836,Sione Vaki,0.00,1,Sun,7,8,2024-10-27,23-089,DET,,TEN,W 52-14,0.00,0.00,0.0,0.0,1,2.1,0,0.0,22,66.7,RB,VakiSi00
4837,Sione Vaki,0.00,1,Sun,11,12,2024-11-24,23-117,DET,@,IND,W 24-6,0.00,0.00,0.0,0.0,1,1.4,0,0.0,20,83.3,RB,VakiSi00
4838,Sione Vaki,0.00,1,Mon,16,17,2024-12-30,23-153,DET,@,SFO,W 40-34,0.00,0.00,0.0,0.0,1,1.4,0,0.0,21,77.8,RB,VakiSi00
4839,Deuce Vaughn,0.00,4,Thu,4,4,2024-09-26,22-329,DAL,@,NYG,W 20-15,0.00,0.00,0.0,0.0,4,7.1,0,0.0,1,4.0,RB,VaugDe00
4840,Ke'Shawn Vaughn,0.00,2,Sun,16,17,2023-01-01,25-242,TAM,,CAR,W 30-24,0.00,0.00,0.0,0.0,2,2.6,0,0.0,12,38.7,RB,VaugKe00
4841,Kimani Vidal,0.00,1,Sun,17,18,2025-01-05,23-130,LAC,@,LVR,W 34-20,0.00,0.00,0.0,0.0,1,1.3,0,0.0,0,0.0,RB,VidaKi00
4842,Jonathan Ward,0.00,3,Sun,7,8,2023-10-29,26-029,TEN,,ATL,W 28-23,0.00,0.00,0.0,0.0,3,4.4,0,0.0,24,68.6,RB,WardJo00
4843,Jonathan Ward,0.00,1,Mon,13,14,2023-12-11,26-072,TEN,@,MIA,W 28-27,0.00,0.00,0.0,0.0,1,1.4,0,0.0,6,19.4,RB,WardJo00
4844,Jonathan Ward,0.00,3,Sun,17,18,2024-01-07,26-099,TEN,,JAX,W 28-20,0.00,0.00,0.0,0.0,3,5.5,0,0.0,4,18.2,RB,WardJo00
4845,Jonathan Ward,0.00,1,Mon,8,8,2024-10-28,27-028,PIT,,NYG,W 26-18,0.00,0.00,0.0,0.0,1,1.5,0,0.0,19,63.3,RB,WardJo00
4846,Dwayne Washington,0.00,1,Sun,8,8,2023-10-29,29-188,DEN,,KAN,W 24-9,0.00,0.00,0.0,0.0,1,1.4,0,0.0,14,63.6,RB,WashDw00
4847,Dwayne Washington,0.00,2,Sun,4,4,2022-10-02,28-161,NOR,,MIN,L 25-28,0.00,0.00,0.0,0.0,2,3.3,0,0.0,20,64.5,RB,WashDw00
4848,Dwayne Washington,0.00,2,Sun,5,5,2022-10-09,28-168,NOR,,SEA,W 39-32,0.00,0.00,0.0,0.0,2,2.6,0,0.0,29,85.3,RB,WashDw00
4849,Dwayne Washington,0.00,3,Sun,6,6,2022-10-16,28-175,NOR,,CIN,L 26-30,0.00,0.00,0.0,0.0,3,4.2,0,0.0,23,79.3,RB,WashDw00
4850,Dwayne Washington,0.00,1,Thu,7,7,2022-10-20,28-179,NOR,@,ARI,L 34-42,0.00,0.00,0.0,0.0,1,1.4,0,0.0,26,81.3,RB,WashDw00
4851,Dwayne Washington,0.00,4,Sun,10,10,2022-11-13,28-203,NOR,@,PIT,L 10-20,0.00,0.00,0.0,0.0,4,8.5,0,0.0,22,91.7,RB,WashDw00
4852,Dwayne Washington,0.00,6,Sun,11,11,2022-11-20,28-210,NOR,,LAR,W 27-20,0.00,0.00,0.0,0.0,6,10.5,0,0.0,25,80.6,RB,WashDw00
4853,Dwayne Washington,0.00,1,Sun,12,12,2022-11-27,28-217,NOR,@,SFO,L 0-13,0.00,0.00,0.0,0.0,1,1.8,0,0.0,16,94.1,RB,WashDw00
4854,Blake Watson,0.00,1,Sun,5,5,2024-10-06,24-358,DEN,,LVR,W 34-18,0.00,0.00,0.0,0.0,1,1.6,0,0.0,1,3.3,RB,WatsBl00
4855,Derek Watt,0.00,6,Sun,1,1,2022-09-11,29-308,PIT,@,CIN,W 23-20 (OT),0.00,0.00,0.0,0.0,6,9.5,0,0.0,22,68.8,FB,WattDe00
4856,Derek Watt,0.00,1,Thu,3,3,2022-09-22,29-319,PIT,@,CLE,L 17-29,0.00,0.00,0.0,0.0,1,1.7,0,0.0,19,67.9,FB,WattDe00
4857,Derek Watt,0.00,6,Sun,4,4,2022-10-02,29-329,PIT,,NYJ,L 20-24,0.00,0.00,0.0,0.0,6,9.4,0,0.0,18,69.2,FB,WattDe00
4858,Derek Watt,0.00,3,Sun,6,6,2022-10-16,29-343,PIT,,TAM,W 20-18,0.00,0.00,0.0,0.0,3,4.7,0,0.0,20,71.4,FB,WattDe00
4859,Derek Watt,0.00,7,Sun,7,7,2022-10-23,29-350,PIT,@,MIA,L 10-16,0.00,0.00,0.0,0.0,7,9.3,0,0.0,18,69.2,FB,WattDe00
4860,Derek Watt,0.00,7,Sun,10,11,2022-11-20,30-013,PIT,,CIN,L 30-37,0.00,0.00,0.0,0.0,7,9.6,0,0.0,23,63.9,FB,WattDe00
4861,Derek Watt,0.00,2,Sun,13,14,2022-12-11,30-034,PIT,,BAL,L 14-16,0.00,0.00,0.0,0.0,2,3.6,0,0.0,12,57.1,FB,WattDe00
4862,Derek Watt,0.00,2,Sat,15,16,2022-12-24,30-047,PIT,,LVR,W 13-10,0.00,0.00,0.0,0.0,2,2.9,0,0.0,15,68.2,FB,WattDe00
4863,Rachaad White,0.00,6,Sun,3,3,2022-09-25,23-256,TAM,,GNB,L 12-14,0.00,0.00,0.0,0.0,6,9.2,0,0.0,10,40.0,RB,WhitRa01
4864,Rachaad White,0.00,18,Sun,17,18,2025-01-05,25-359,TAM,,NOR,W 27-19,0.00,0.00,0.0,0.0,18,26.9,0,0.0,0,0.0,RB,WhitRa01
4865,Zamir White,0.00,3,Mon,5,5,2022-10-10,23-022,LVR,@,KAN,L 29-30,0.00,0.00,-0.7,-0.7,3,4.7,0,0.0,6,21.4,RB,WhitZa01
4866,Zamir White,0.00,5,Sun,7,8,2022-10-30,23-042,LVR,@,NOR,L 0-24,0.00,0.00,0.0,0.0,5,8.6,0,0.0,1,5.3,RB,WhitZa01
4867,Zamir White,0.00,1,Sun,8,9,2022-11-06,23-049,LVR,@,JAX,L 20-27,0.00,0.00,-0.1,-0.1,1,1.7,0,0.0,5,18.5,RB,WhitZa01
4868,Zamir White,0.00,2,Sun,9,10,2022-11-13,23-056,LVR,,IND,L 20-25,0.00,0.00,-0.1,-0.1,2,2.9,0,0.0,5,21.7,RB,WhitZa01
4869,Zamir White,0.00,1,Sun,3,3,2023-09-24,24-006,LVR,,PIT,L 18-23,0.00,0.00,0.0,0.0,1,1.4,0,0.0,12,41.4,RB,WhitZa01
4870,Zamir White,0.00,1,Mon,8,8,2023-10-30,24-042,LVR,@,DET,L 14-26,0.00,0.00,0.0,0.0,1,2.2,0,0.0,7,28.0,RB,WhitZa01
4871,Zamir White,0.00,5,Sun,9,9,2023-11-05,24-048,LVR,,NYG,W 30-6,0.00,0.00,-0.2,-0.2,5,8.3,0,0.0,14,58.3,RB,WhitZa01
4872,Zamir White,0.00,2,Sun,12,12,2023-11-26,24-069,LVR,,KAN,L 17-31,0.00,0.00,0.0,0.0,2,3.4,0,0.0,17,65.4,RB,WhitZa01
4873,Zamir White,0.00,2,Sun,8,8,2024-10-27,25-039,LVR,,KAN,L 20-27,0.00,0.00,-0.1,-0.1,2,3.4,0,0.0,2,8.3,RB,WhitZa01
4874,Antonio Williams,0.00,2,Sun,2,2,2022-09-18,24-331,NYG,,CAR,W 19-16,0.00,0.00,0.0,0.0,2,2.7,0,0.0,17,56.7,RB,WillAn03
4875,Avery Williams,0.00,7,Sun,12,12,2022-11-27,24-135,ATL,@,WAS,L 13-19,0.00,0.00,0.0,0.0,7,12.3,0,0.0,17,70.8,RB,WillAv02
4876,Avery Williams,0.00,10,Sun,16,17,2023-01-01,24-170,ATL,,ARI,W 20-19,0.00,1.00,1.0,0.5,10,16.1,0,0.0,15,60.0,RB,WillAv02
4877,Avery Williams,0.00,2,Mon,2,2,2024-09-16,26-063,ATL,@,PHI,W 22-21,0.00,0.00,0.0,0.0,2,3.3,0,0.0,18,81.8,RB,WillAv02
4878,Avery Williams,0.00,3,Sun,6,6,2024-10-13,26-090,ATL,@,CAR,W 38-20,0.00,0.00,0.0,0.0,3,4.3,0,0.0,21,77.8,RB,WillAv02
4879,Avery Williams,0.00,3,Sun,9,9,2024-11-03,26-111,ATL,,DAL,W 27-21,0.00,0.00,0.0,0.0,3,5.3,0,0.0,22,84.6,RB,WillAv02
4880,Avery Williams,0.00,2,Sun,15,16,2024-12-22,26-160,ATL,,NYG,W 34-7,0.00,0.00,0.0,0.0,2,3.0,0,0.0,17,70.8,RB,WillAv02
4881,Jamaal Williams,0.00,10,Sun,3,3,2024-09-22,29-172,NOR,,PHI,L 12-15,0.00,1.00,0.9,0.4,10,17.9,0,0.0,7,41.2,RB,WillJa06
4882,Jamaal Williams,0.00,6,Sun,14,15,2024-12-15,29-256,NOR,,WAS,L 19-20,0.00,0.00,0.0,0.0,6,10.9,0,0.0,9,36.0,RB,WillJa06
4883,Javonte Williams,0.00,22,Sat,16,17,2024-12-28,24-247,DEN,@,CIN,L 24-30 (OT),0.00,2.00,2.0,1.0,22,36.7,0,0.0,0,0.0,RB,WillJa10
4884,Jonathan Williams,0.00,1,Sun,1,1,2022-09-11,28-221,WAS,,JAX,W 28-22,0.00,0.00,0.0,0.0,1,1.3,0,0.0,12,50.0,RB,WillJo07
4885,Jonathan Williams,0.00,13,Sun,14,15,2023-12-17,29-318,WAS,@,LAR,L 20-28,0.00,0.00,-0.2,-0.2,13,21.7,0,0.0,15,55.6,RB,WillJo07
4886,Trayveon Williams,0.00,1,Sat,15,16,2022-12-24,25-067,CIN,@,NWE,W 22-18,0.00,0.00,0.0,0.0,1,1.2,0,0.0,17,68.0,RB,WillTr06
4887,Trayveon Williams,0.00,8,Sun,11,12,2023-11-26,26-039,CIN,,PIT,L 10-16,0.00,0.00,0.0,0.0,8,18.6,0,0.0,17,70.8,RB,WillTr06
4888,Trayveon Williams,0.00,5,Mon,12,13,2023-12-04,26-047,CIN,@,JAX,W 34-31 (OT),0.00,0.00,0.0,0.0,5,6.8,0,0.0,18,56.3,RB,WillTr06
4889,Trayveon Williams,0.00,1,Sun,13,14,2023-12-10,26-053,CIN,,IND,W 34-14,0.00,1.00,0.9,0.4,1,1.7,0,0.0,17,63.0,RB,WillTr06
4890,Trayveon Williams,0.00,3,Sat,15,16,2023-12-23,26-066,CIN,@,PIT,L 11-34,0.00,0.00,0.0,0.0,3,4.7,0,0.0,16,66.7,RB,WillTr06
4891,Trayveon Williams,0.00,1,Sun,17,18,2024-01-07,26-081,CIN,,CLE,W 31-14,0.00,0.00,-0.2,-0.2,1,1.6,0,0.0,22,75.9,RB,WillTr06
4892,Trayveon Williams,0.00,7,Sun,9,9,2024-11-03,27-016,CIN,,LVR,W 41-24,0.00,0.00,0.0,0.0,7,9.5,0,0.0,20,62.5,RB,WillTr06
4893,Trayveon Williams,0.00,1,Thu,10,10,2024-11-07,27-020,CIN,@,BAL,L 34-35,0.00,0.00,0.0,0.0,1,1.2,0,0.0,20,71.4,RB,WillTr06
4894,Trayveon Williams,0.00,1,Sat,16,17,2024-12-28,27-071,CIN,,DEN,W 30-24 (OT),0.00,0.00,0.0,0.0,1,1.1,0,0.0,10,40.0,RB,WillTr06
4895,Trayveon Williams,0.00,1,Sat,17,18,2025-01-04,27-078,CIN,@,PIT,W 19-17,0.00,0.00,0.0,0.0,1,1.4,0,0.0,18,69.2,RB,WillTr06
4896,Emanuel Wilson,0.00,1,Mon,5,5,2023-10-09,24-154,GNB,@,LVR,L 13-17,0.00,0.00,0.0,0.0,1,1.7,0,0.0,0,0.0,RB,WilsEm00
4897,Emanuel Wilson,0.00,3,Sun,9,10,2023-11-12,24-188,GNB,@,PIT,L 19-23,0.00,0.00,0.0,0.0,3,4.4,0,0.0,0,0.0,RB,WilsEm00
4898,Jeff Wilson,0.00,1,Mon,13,14,2023-12-11,28-025,MIA,,TEN,L 27-28,0.00,0.00,0.0,0.0,1,1.4,0,0.0,0,0.0,RB,WilsJe01
4899,Jeff Wilson,0.00,2,Mon,4,4,2024-09-30,28-319,MIA,,TEN,L 12-31,0.00,0.00,0.0,0.0,2,3.3,0,0.0,0,0.0,RB,WilsJe01
4900,Jeff Wilson,0.00,1,Thu,12,13,2024-11-28,29-012,MIA,@,GNB,L 17-30,0.00,0.00,0.0,0.0,1,1.4,0,0.0,6,25.0,RB,WilsJe01
4901,Jeff Wilson,0.00,13,Sun,17,18,2025-01-05,29-050,MIA,@,NYJ,L 20-32,0.00,0.00,-0.4,-0.4,13,18.6,0,0.0,3,11.5,RB,WilsJe01
4902,Jaylen Wright,0.00,1,Thu,12,13,2024-11-28,21-241,MIA,@,GNB,L 17-30,0.00,0.00,0.0,0.0,1,1.4,0,0.0,0,0.0,RB,WrigJa04
4903,Jaylen Wright,0.00,2,Sun,16,17,2024-12-29,21-272,MIA,@,CLE,W 20-3,0.00,0.00,0.0,0.0,2,3.3,0,0.0,0,0.0,RB,WrigJa04
4904,Jaylen Wright,0.00,9,Sun,17,18,2025-01-05,21-279,MIA,@,NYJ,L 20-32,0.00,0.00,-0.4,-0.4,9,12.9,0,0.0,0,0.0,RB,WrigJa04
4905,Antonio Gibson,-0.10,25,Sun,1,1,2023-09-10,25-079,WAS,,ARI,W 20-16,-0.10,0.90,1.9,0.4,25,35.2,0,0.0,5,17.9,RB,GibsAn00
4906,Melvin Gordon,-0.20,8,Sat,17,18,2024-01-06,30-268,BAL,,PIT,L 10-17,-0.20,-0.20,0.8,-0.2,8,14.0,0,0.0,0,0.0,RB,GordMe00
4907,Royce Freeman,-0.30,15,Sun,17,18,2023-01-08,26-318,HOU,@,IND,W 32-31,-0.30,0.70,1.7,0.2,15,23.1,0,0.0,6,22.2,RB,FreeRo00
4908,Samaje Perine,-0.40,9,Thu,6,6,2023-10-12,28-026,DEN,@,KAN,L 8-19,-0.40,1.60,2.6,0.6,9,17.3,0,0.0,5,23.8,RB,PeriSa00
4909,DeeJay Dallas,-0.50,7,Thu,11,12,2023-11-23,25-068,SEA,,SFO,L 13-31,-0.50,0.50,1.5,0.0,7,12.5,0,0.0,20,69.0,RB,DallDe00
4910,Zack Moss,-0.50,24,Sun,6,6,2024-10-13,26-303,CIN,@,NYG,W 17-7,-0.50,0.50,1.5,0.0,24,45.3,0,0.0,0,0.0,RB,MossZa00
4911,Bijan Robinson,-0.60,30,Sun,14,15,2023-12-17,21-321,ATL,@,CAR,L 7-9,-0.60,0.40,1.4,-0.1,30,57.7,0,0.0,0,0.0,RB,RobiBi01
4912,Dalvin Cook,-0.80,17,Sun,2,2,2023-09-17,28-038,NYJ,@,DAL,L 10-30,-0.80,0.20,1.2,-0.3,17,36.2,0,0.0,0,0.0,RB,CookDa01
4913,David Johnson,-0.80,18,Sun,14,15,2022-12-18,31-002,NOR,,ATL,W 21-18,-0.80,-0.80,0.2,-0.8,18,32.7,0,0.0,0,0.0,RB,JohnDa08
4914,Raheem Blackshear,-0.90,3,Sun,12,12,2022-11-27,23-175,CAR,,DEN,W 23-10,-0.90,0.10,1.1,-0.4,3,4.5,0,0.0,11,36.7,RB,BlacRa00
4915,C.J. Ham,-0.90,19,Sun,1,1,2024-09-08,31-048,MIN,@,NYG,W 28-6,-0.90,1.10,2.1,0.1,19,34.5,0,0.0,16,66.7,FB,HamxC.00
4916,Adam Prentice,-1.00,9,Sun,4,4,2023-10-01,26-258,NOR,,TAM,L 9-26,-1.00,0.00,1.0,-0.5,9,13.8,0,0.0,10,38.5,FB,PrenAd00
4917,Tank Bigsby,-1.10,6,Sun,8,8,2023-10-29,22-060,JAX,@,PIT,W 20-10,-1.10,-1.10,-0.1,-1.1,6,8.5,0,0.0,0,0.0,RB,BigsTa00
4918,Melvin Gordon,-1.20,10,Sun,4,4,2022-10-02,29-172,DEN,@,LVR,L 23-32,-1.20,-1.20,-0.2,-1.2,10,18.9,0,0.0,0,0.0,RB,GordMe00
4919,Deon Jackson,-1.20,51,Sun,1,1,2023-09-10,24-204,IND,,JAX,L 21-31,-1.20,3.80,5.8,1.3,51,70.8,0,0.0,0,0.0,RB,JackDe02
4920,Carson Steele,-1.40,11,Sun,4,4,2024-09-29,21-344,KAN,@,LAC,W 17-10,-1.40,-0.40,0.6,-0.9,11,17.7,0,0.0,0,0.0,RB,SteeCa00
4921,Boston Scott,-1.70,2,Mon,15,16,2023-12-25,28-242,PHI,,NYG,W 33-25,-1.70,-1.70,-0.7,-1.7,2,2.7,0,0.0,16,55.2,RB,ScotBo02
4922,James Cook,-1.80,3,Thu,1,1,2022-09-08,22-348,BUF,@,LAR,W 31-10,-1.80,-1.80,-0.8,-1.8,3,5.1,0,0.0,0,0.0,RB,CookJa01
4923,D'Onta Foreman,-1.90,2,Sun,15,16,2024-12-22,28-242,CLE,@,CIN,L 6-24,-1.90,-1.90,-0.9,-1.9,2,3.0,0,0.0,0,0.0,RB,ForeDO00
4924,Cordarrelle Patterson,-1.90,9,Sun,13,14,2024-12-08,33-266,PIT,,CLE,W 27-14,-1.90,-0.90,0.1,-1.4,9,13.8,0,0.0,3,10.3,RB,PattCo00
4925,DeeJay Dallas,-2.00,2,Sun,2,2,2022-09-18,24-002,SEA,@,SFO,L 7-27,-2.00,-2.00,-1.0,-1.0,2,4.1,0,0.0,16,69.6,RB,DallDe00
4926,DeeJay Dallas,-2.00,14,Sun,6,7,2023-10-22,25-036,SEA,,ARI,W 20-10,-2.00,-1.00,0.0,-1.5,14,23.3,0,0.0,10,41.7,RB,DallDe00
4927,Eric Gray,-2.00,3,Sun,3,3,2024-09-22,24-323,NYG,@,CLE,W 21-15,-2.00,-2.00,-1.0,-2.0,3,4.2,0,0.0,8,30.8,RB,GrayEr01
4928,Isaac Guerendo,-2.00,5,Sun,4,4,2024-09-29,24-093,SFO,,NWE,W 30-13,-2.00,-2.00,-1.0,-2.0,5,7.9,0,0.0,12,46.2,RB,GuerIs00
4929,Hassan Haskins,-2.00,7,Sun,12,13,2024-12-01,25-005,LAC,@,ATL,W 17-13,-2.00,-2.00,-1.0,-2.0,7,15.2,0,0.0,13,59.1,RB,HaskHa00
4930,Chuba Hubbard,-2.00,2,Sun,2,2,2022-09-18,23-099,CAR,@,NYG,L 16-19,-2.00,-2.00,-1.0,-2.0,2,3.4,0,0.0,21,70.0,RB,HubbCh01
4931,Dylan Laube,-2.00,1,Sun,6,6,2024-10-13,24-304,LVR,,PIT,L 13-32,-2.00,-2.00,-1.0,-2.0,1,1.6,0,0.0,11,44.0,RB,LaubDy00
4932,Craig Reynolds,-2.00,2,Sun,10,11,2023-11-19,27-157,DET,,CHI,W 31-26,-2.00,-2.00,-1.0,-2.0,2,3.2,0,0.0,15,57.7,RB,ReynCr00
