Rk,Player,FantPt,OffSnp,Day,G#,Week,Date,Age,Team,,Opp,Result,FantPt,PPR,DKPt,FDPt,OffSnp,Off%,DefSnp,Def%,STSnp,ST %,Pos.,-9999
1,Taysom Hill,34.08,23,Sun,5,5,2022-10-09,32-047,NOR,,SEA,W 39-32,34.08,34.08,37.1,34.1,23,29.9,0,0.0,15,44.1,TE/QB,HillTa00
2,Taysom Hill,33.52,33,Sun,11,11,2024-11-17,34-086,NOR,,CLE,W 35-14,33.52,41.52,46.5,38.5,33,55.0,0,0.0,11,44.0,TE,HillTa00
3,T.J. Hockenson,31.90,65,Sun,4,4,2022-10-02,25-091,DET,,SEA,L 45-48,31.90,39.90,42.9,35.9,65,87.8,0,0.0,0,0.0,TE,HockTJ00
4,Travis Kelce,29.50,51,Sun,10,11,2022-11-20,33-046,KAN,@,LAC,W 30-27,29.50,35.50,38.5,32.5,51,78.5,0,0.0,0,0.0,TE,KelcTr00
5,Evan Engram,28.20,57,Sun,13,14,2022-12-11,28-100,JAX,@,TEN,W 36-22,28.20,39.20,42.2,33.7,57,79.2,0,0.0,1,3.8,TE,EngrEv00
6,Travis Kelce,26.50,56,Mon,5,5,2022-10-10,33-005,KAN,,LVR,W 30-29,26.50,33.50,33.5,30.0,56,77.8,0,0.0,0,0.0,TE,KelcTr00
7,George Kittle,24.70,56,Sun,5,5,2023-10-08,29-364,SFO,,DAL,W 42-10,24.70,27.70,27.7,26.2,56,78.9,0,0.0,0,0.0,TE,KittGe00
8,George Kittle,24.00,47,Sat,15,16,2022-12-24,29-076,SFO,,WAS,W 37-20,24.00,30.00,33.0,27.0,47,90.4,0,0.0,1,3.7,TE,KittGe00
9,Travis Kelce,23.90,51,Sun,7,7,2023-10-22,34-017,KAN,,LAC,W 31-17,23.90,35.90,38.9,29.9,51,75.0,0,0.0,0,0.0,TE,KelcTr00
10,Sam LaPorta,23.60,63,Sat,14,15,2023-12-16,22-338,DET,,DEN,W 42-17,23.60,28.60,28.6,26.1,63,95.5,0,0.0,6,20.7,TE,LaPoSa01
11,T.J. Hockenson,22.90,65,Sat,15,16,2022-12-24,25-174,MIN,,NYG,W 27-24,22.90,35.90,38.9,29.4,65,90.3,0,0.0,0,0.0,TE,HockTJ00
12,Jonnu Smith,22.10,55,Sun,10,11,2024-11-17,29-087,MIA,,LVR,W 34-19,22.10,28.10,31.1,25.1,55,80.9,0,0.0,0,0.0,TE,SmitJo01
13,Mike Gesicki,22.00,27,Sun,9,9,2024-11-03,29-031,CIN,,LVR,W 41-24,22.00,27.00,30.0,24.5,27,36.5,0,0.0,0,0.0,TE,GesiMi00
14,Evan Engram,21.50,68,Sun,13,14,2023-12-10,29-099,JAX,@,CLE,L 27-31,21.50,32.50,32.5,27.0,68,89.5,0,0.0,1,2.9,TE,EngrEv00
15,Taysom Hill,21.46,29,Sun,8,8,2023-10-29,33-067,NOR,@,IND,W 38-27,21.46,22.46,22.5,22.0,29,43.9,0,0.0,15,44.1,TE/QB,HillTa00
16,Tyler Higbee,21.40,59,Sun,15,16,2022-12-25,29-358,LAR,,DEN,W 51-14,21.40,30.40,30.4,25.9,59,90.8,0,0.0,1,3.8,TE,HigbTy00
17,George Kittle,21.30,54,Thu,14,15,2022-12-15,29-067,SFO,@,SEA,W 21-13,21.30,25.30,25.3,23.3,54,84.4,0,0.0,1,3.6,TE,KittGe00
18,David Njoku,21.10,62,Sun,13,14,2023-12-10,27-153,CLE,,JAX,W 31-27,21.10,27.10,27.1,24.1,62,81.6,0,0.0,0,0.0,TE,NjokDa00
19,Kyle Pitts,21.10,30,Sun,8,8,2024-10-27,24-021,ATL,@,TAM,W 31-26,21.10,25.10,25.1,23.1,30,48.4,0,0.0,0,0.0,TE,PittKy00
20,Jordan Akins,21.00,35,Sun,17,18,2023-01-08,30-264,HOU,@,IND,W 32-31,21.00,25.00,25.0,23.0,35,53.8,0,0.0,0,0.0,TE,AkinJo00
21,Mark Andrews,20.90,54,Sun,3,3,2022-09-25,27-019,BAL,@,NWE,W 37-26,20.90,28.90,28.9,24.9,54,90.0,0,0.0,0,0.0,TE,AndrMa00
22,Tucker Kraft,20.80,50,Sun,5,5,2024-10-06,23-338,GNB,@,LAR,W 24-19,20.80,24.80,24.8,22.8,50,84.7,0,0.0,8,36.4,TE,KrafTu00
23,Cole Kmet,20.60,53,Sun,4,4,2023-10-01,24-205,CHI,,DEN,L 28-31,20.60,27.60,27.6,24.1,53,73.6,0,0.0,4,15.4,TE,KmetCo00
24,Shane Zylstra,20.60,29,Sat,15,16,2022-12-24,26-038,DET,@,CAR,L 23-37,20.60,25.60,25.6,23.1,29,43.9,0,0.0,11,37.9,TE,ZylsSh00
25,Mo Alie-Cox,20.50,46,Sun,4,4,2022-10-02,29-013,IND,,TEN,L 17-24,20.50,26.50,26.5,23.5,46,69.7,0,0.0,5,21.7,TE,AlieMo00
26,George Kittle,20.40,43,Mon,10,11,2022-11-21,29-043,SFO,@,ARI,W 38-10,20.40,24.40,24.4,22.4,43,74.1,0,0.0,0,0.0,TE,KittGe00
27,Brock Bowers,20.20,61,Fri,12,13,2024-11-29,21-352,LVR,@,KAN,L 17-19,20.20,30.20,33.2,25.2,61,89.7,0,0.0,0,0.0,TE,BoweBr01
28,Cade Otton,20.10,68,Sun,8,8,2024-10-27,25-195,TAM,,ATL,L 26-31,20.10,29.10,29.1,24.6,68,93.2,0,0.0,0,0.0,TE,OttoCa00
29,Mark Andrews,20.00,40,Sun,4,4,2023-10-01,28-025,BAL,@,CLE,W 28-3,20.00,25.00,25.0,22.5,40,69.0,0,0.0,0,0.0,TE,AndrMa00
30,Sam LaPorta,20.00,47,Sun,12,13,2023-12-03,22-325,DET,@,NOR,W 33-28,20.00,29.00,32.0,24.5,47,81.0,0,0.0,0,0.0,TE,LaPoSa01
31,Tyler Conklin,19.90,44,Sun,8,8,2022-10-30,27-092,NYJ,,NWE,L 17-22,19.90,25.90,25.9,22.9,44,74.6,0,0.0,10,35.7,TE,ConkTy00
32,T.J. Hockenson,19.40,46,Sun,10,10,2023-11-12,26-132,MIN,,NOR,W 27-19,19.40,30.40,33.4,24.9,46,63.0,0,0.0,0,0.0,TE,HockTJ00
33,Cole Kmet,19.40,57,Sun,10,10,2022-11-13,23-248,CHI,,DET,L 30-31,19.40,23.40,23.4,21.4,57,93.4,0,0.0,5,17.2,TE,KmetCo00
34,Zach Ertz,19.20,55,Sun,16,17,2024-12-29,34-049,WAS,,ATL,W 30-24 (OT),19.20,25.20,25.2,22.2,55,66.3,0,0.0,0,0.0,TE,ErtzZa00
35,Cole Kmet,19.00,57,Sun,6,6,2024-10-13,25-217,CHI,,JAX,W 35-16,19.00,24.00,24.0,21.5,57,86.4,0,0.0,7,29.2,TE,KmetCo00
36,Mike Gesicki,18.90,50,Sun,6,6,2022-10-16,27-013,MIA,,MIN,L 16-24,18.90,24.90,24.9,21.9,50,64.1,0,0.0,0,0.0,TE,GesiMi00
37,George Kittle,18.80,64,Sun,8,8,2024-10-27,31-018,SFO,,DAL,W 30-24,18.80,24.80,27.8,21.8,64,94.1,0,0.0,0,0.0,TE,KittGe00
38,Juwan Johnson,18.70,28,Sun,14,15,2022-12-18,26-096,NOR,,ATL,W 21-18,18.70,22.70,22.7,20.7,28,50.9,0,0.0,3,13.6,TE,JohnJu02
39,Noah Gray,18.60,44,Sun,11,12,2024-11-24,25-208,KAN,@,CAR,W 30-27,18.60,22.60,22.6,20.6,44,59.5,0,0.0,14,51.9,TE,GrayNo00
40,T.J. Hockenson,18.60,50,Thu,2,2,2023-09-14,26-073,MIN,@,PHI,L 28-34,18.60,25.60,25.6,22.1,50,86.2,0,0.0,0,0.0,TE,HockTJ00
41,Mark Andrews,18.30,44,Sun,7,7,2023-10-22,28-046,BAL,,DET,W 38-6,18.30,22.30,22.3,20.3,44,73.3,0,0.0,0,0.0,TE,AndrMa00
42,Brock Bowers,18.30,62,Sun,10,11,2024-11-17,21-340,LVR,@,MIA,L 19-34,18.30,31.30,34.3,24.8,62,95.4,0,0.0,0,0.0,TE,BoweBr01
43,Trey McBride,18.30,73,Sat,16,17,2024-12-28,25-036,ARI,@,LAR,L 9-13,18.30,30.30,33.3,24.3,73,92.4,0,0.0,0,0.0,TE,McBrTr01
44,Travis Kelce,18.10,45,Sun,1,1,2022-09-11,32-341,KAN,@,ARI,W 44-21,18.10,26.10,29.1,22.1,45,64.3,0,0.0,0,0.0,TE,KelcTr00
45,George Kittle,17.80,57,Thu,6,6,2024-10-10,31-001,SFO,@,SEA,W 36-24,17.80,22.80,22.8,20.3,57,87.7,0,0.0,0,0.0,TE,KittGe00
46,Dallas Goedert,17.70,75,Sun,5,5,2023-10-08,28-278,PHI,@,LAR,W 23-14,17.70,25.70,28.7,21.7,75,94.9,0,0.0,0,0.0,TE,GoedDa00
47,George Kittle,17.60,45,Sun,9,10,2023-11-12,30-034,SFO,@,JAX,W 34-3,17.60,20.60,23.6,19.1,45,72.6,0,0.0,0,0.0,TE,KittGe00
48,Dalton Schultz,17.60,65,Thu,16,17,2022-12-29,26-171,DAL,@,TEN,W 27-13,17.60,24.60,24.6,21.1,65,81.3,0,0.0,0,0.0,TE,SchuDa00
49,Cole Kmet,17.50,58,Sun,9,9,2023-11-05,24-240,CHI,@,NOR,L 17-24,17.50,23.50,23.5,20.5,58,85.3,0,0.0,4,16.7,TE,KmetCo00
50,David Njoku,17.20,79,Mon,12,13,2024-12-02,28-145,CLE,@,DEN,L 32-41,17.20,26.20,26.2,21.7,79,91.9,0,0.0,0,0.0,TE,NjokDa00
51,Isaiah Likely,17.10,53,Thu,1,1,2024-09-05,24-140,BAL,@,KAN,L 20-27,17.10,26.10,29.1,21.6,53,66.3,0,0.0,0,0.0,TE,LikeIs00
52,Dallas Goedert,17.00,62,Sun,3,3,2024-09-22,29-263,PHI,@,NOR,W 15-12,17.00,27.00,30.0,22.0,62,86.1,0,0.0,0,0.0,TE,GoedDa00
53,Cole Kmet,17.00,72,Sun,9,9,2022-11-06,23-241,CHI,,MIA,L 32-35,17.00,22.00,22.0,19.5,72,97.3,0,0.0,4,15.4,TE,KmetCo00
54,Cade Otton,17.00,66,Sun,8,9,2023-11-05,24-204,TAM,@,HOU,L 37-39,17.00,23.00,24.0,20.0,66,100.0,0,0.0,0,0.0,TE,OttoCa00
55,Dalton Schultz,17.00,57,Sun,8,9,2023-11-05,27-117,HOU,,TAM,W 39-37,17.00,27.00,31.0,22.0,57,79.2,0,0.0,0,0.0,TE,SchuDa00
56,Mark Andrews,16.70,49,Sun,2,2,2022-09-18,27-012,BAL,,MIA,L 38-42,16.70,25.70,28.7,21.2,49,83.1,0,0.0,0,0.0,TE,AndrMa00
57,Sam LaPorta,16.70,52,Sun,5,5,2023-10-08,22-269,DET,,CAR,W 42-24,16.70,19.70,19.7,18.2,52,86.7,0,0.0,2,7.4,TE,LaPoSa01
58,Taysom Hill,16.62,29,Sun,9,9,2023-11-05,33-074,NOR,,CHI,W 24-17,16.62,20.62,20.6,18.6,29,46.0,0,0.0,6,25.0,TE/QB,HillTa00
59,Mark Andrews,16.60,54,Sun,6,6,2022-10-16,27-040,BAL,@,NYG,L 20-24,16.60,23.60,26.6,20.1,54,91.5,0,0.0,0,0.0,TE,AndrMa00
60,David Njoku,16.40,58,Sun,14,15,2023-12-17,27-160,CLE,,CHI,W 20-17,16.40,26.40,29.4,21.4,58,84.1,0,0.0,0,0.0,TE,NjokDa00
61,Isaiah Likely,16.20,36,Sun,16,17,2023-12-31,23-257,BAL,,MIA,W 56-19,16.20,18.20,18.2,17.2,36,63.2,0,0.0,0,0.0,TE,LikeIs00
62,Mark Andrews,16.10,32,Mon,7,7,2024-10-21,29-045,BAL,@,TAM,W 41-31,16.10,20.10,20.1,18.1,32,54.2,0,0.0,2,6.9,TE,AndrMa00
63,C.J. Uzomah,16.10,32,Sun,14,15,2022-12-18,29-338,NYJ,,DET,L 17-20,16.10,18.10,18.1,17.1,32,50.8,0,0.0,12,42.9,TE,UzomC.00
64,Dallas Goedert,16.00,59,Thu,8,9,2022-11-03,27-304,PHI,@,HOU,W 29-17,16.00,24.00,27.0,20.0,59,90.8,0,0.0,0,0.0,TE,GoedDa00
65,Hunter Henry,16.00,50,Thu,13,14,2023-12-07,29-000,NWE,@,PIT,W 21-18,16.00,19.00,19.0,17.5,50,87.7,0,0.0,0,0.0,TE,HenrHu00
66,Jonnu Smith,16.00,39,Sun,9,9,2023-11-05,28-075,ATL,,MIN,L 28-31,16.00,21.00,24.0,18.5,39,56.5,0,0.0,0,0.0,TE,SmitJo01
67,O.J. Howard,15.80,12,Sun,1,1,2022-09-11,27-296,HOU,,IND,T 20-20 (OT),15.80,17.80,17.8,16.8,12,17.1,0,0.0,0,0.0,TE,HowaO.00
68,George Kittle,15.80,70,Sun,7,7,2022-10-23,29-014,SFO,,KAN,L 23-44,15.80,21.80,21.8,18.8,70,88.6,0,0.0,0,0.0,TE,KittGe00
69,Dawson Knox,15.80,64,Sat,14,15,2022-12-17,26-033,BUF,,MIA,W 32-29,15.80,21.80,21.8,18.8,64,82.1,0,0.0,0,0.0,TE,KnoxDa00
70,Darren Waller,15.80,56,Sun,7,7,2023-10-22,31-039,NYG,,WAS,W 14-7,15.80,22.80,22.8,19.3,56,82.4,0,0.0,0,0.0,TE,WallDa01
71,Brock Bowers,15.70,55,Sun,5,5,2024-10-06,21-298,LVR,@,DEN,L 18-34,15.70,23.70,23.7,19.7,55,78.6,0,0.0,0,0.0,TE,BoweBr01
72,Cole Kmet,15.70,73,Sun,3,3,2024-09-22,25-196,CHI,@,IND,L 16-21,15.70,25.70,25.7,20.7,73,81.1,0,0.0,3,13.0,TE,KmetCo00
73,Austin Hooper,15.60,30,Thu,10,11,2022-11-17,28-019,TEN,@,GNB,W 27-17,15.60,19.60,19.6,17.6,30,45.5,0,0.0,0,0.0,TE,HoopAu00
74,Jonnu Smith,15.60,34,Sun,6,7,2024-10-20,29-059,MIA,@,IND,L 10-16,15.60,22.60,22.6,19.1,34,49.3,0,0.0,0,0.0,TE,SmitJo01
75,Trey McBride,15.50,63,Sun,8,8,2023-10-29,23-341,ARI,,BAL,L 24-31,15.50,25.50,25.5,20.5,63,81.8,0,0.0,2,7.1,TE,McBrTr01
76,Juwan Johnson,15.20,53,Thu,7,7,2022-10-20,26-037,NOR,@,ARI,L 34-42,15.20,20.20,20.2,17.7,53,73.6,0,0.0,16,50.0,TE,JohnJu02
77,Travis Kelce,15.20,65,Sun,4,4,2022-10-02,32-362,KAN,@,TAM,W 41-31,15.20,24.20,24.2,19.7,65,81.3,0,0.0,0,0.0,TE,KelcTr00
78,Jake Ferguson,15.10,67,Sun,8,9,2023-11-05,24-291,DAL,@,PHI,L 23-28,15.10,22.10,22.1,18.6,67,89.3,0,0.0,0,0.0,TE,FergJa00
79,George Kittle,15.10,52,Sun,13,14,2024-12-08,31-060,SFO,,CHI,W 38-13,15.10,21.10,24.1,18.1,52,85.2,0,0.0,0,0.0,TE,KittGe00
80,Dalton Schultz,15.10,63,Thu,11,12,2022-11-24,26-136,DAL,,NYG,W 28-20,15.10,19.10,19.1,17.1,63,84.0,0,0.0,1,4.3,TE,SchuDa00
81,Juwan Johnson,15.00,50,Sun,16,17,2023-12-31,27-109,NOR,@,TAM,W 23-13,15.00,23.00,23.0,19.0,50,71.4,0,0.0,3,11.5,TE,JohnJu02
82,Travis Kelce,15.00,57,Sun,7,8,2024-10-27,35-022,KAN,@,LVR,W 27-20,15.00,25.00,25.0,20.0,57,79.2,0,0.0,0,0.0,TE,KelcTr00
83,Mark Andrews,14.90,62,Sun,5,5,2022-10-09,27-033,BAL,,CIN,W 19-17,14.90,22.90,22.9,18.9,62,95.4,0,0.0,0,0.0,TE,AndrMa00
84,Tyler Higbee,14.90,50,Sun,11,12,2023-11-26,30-329,LAR,@,ARI,W 37-14,14.90,19.90,19.9,17.4,50,74.6,0,0.0,1,3.6,TE,HigbTy00
85,George Kittle,14.90,44,Sun,17,18,2023-01-08,29-091,SFO,,ARI,W 38-13,14.90,18.90,18.9,16.9,44,71.0,0,0.0,0,0.0,TE,KittGe00
86,George Kittle,14.90,55,Sun,8,8,2023-10-29,30-020,SFO,,CIN,L 17-31,14.90,23.90,26.9,19.4,55,93.2,0,0.0,0,0.0,TE,KittGe00
87,George Kittle,14.90,58,Sun,10,11,2023-11-19,30-041,SFO,,TAM,W 27-14,14.90,22.90,22.9,18.9,58,96.7,0,0.0,0,0.0,TE,KittGe00
88,Trey McBride,14.90,65,Sun,13,13,2023-12-03,24-011,ARI,@,PIT,W 24-10,14.90,22.90,22.9,18.9,65,95.6,0,0.0,5,20.8,TE,McBrTr01
89,David Njoku,14.90,63,Thu,3,3,2022-09-22,26-074,CLE,,PIT,W 29-17,14.90,23.90,23.9,19.4,63,87.5,0,0.0,0,0.0,TE,NjokDa00
90,T.J. Hockenson,14.80,61,Sun,8,8,2023-10-29,26-118,MIN,@,GNB,W 24-10,14.80,20.80,20.8,17.8,61,84.7,0,0.0,0,0.0,TE,HockTJ00
91,Jonnu Smith,14.70,47,Sun,11,12,2024-11-24,29-094,MIA,,NWE,W 34-15,14.70,23.70,23.7,19.2,47,69.1,0,0.0,0,0.0,TE,SmitJo01
92,Pat Freiermuth,14.50,49,Sat,17,18,2025-01-04,26-071,PIT,,CIN,L 17-19,14.50,22.50,22.5,18.5,49,80.3,0,0.0,3,11.5,TE,FreiPa00
93,Adam Trautman,14.50,41,Sun,8,8,2024-10-27,27-265,DEN,,CAR,W 28-14,14.50,18.50,18.5,16.5,41,56.2,0,0.0,3,12.5,TE,TrauAd00
94,Taysom Hill,14.40,15,Sun,4,4,2024-09-29,34-037,NOR,@,ATL,L 24-26,14.40,14.40,14.4,14.4,15,20.3,0,0.0,2,7.1,TE,HillTa00
95,Travis Kelce,14.40,55,Wed,16,17,2024-12-25,35-081,KAN,@,PIT,W 29-10,14.40,22.40,22.4,18.4,55,88.7,0,0.0,0,0.0,TE,KelcTr00
96,Sam LaPorta,14.40,52,Sun,3,3,2023-09-24,22-255,DET,,ATL,W 20-6,14.40,22.40,22.4,18.4,52,74.3,0,0.0,1,3.7,TE,LaPoSa01
97,Noah Gray,14.30,42,Sun,10,11,2024-11-17,25-201,KAN,@,BUF,L 21-30,14.30,18.30,18.3,16.3,42,76.4,0,0.0,8,33.3,TE,GrayNo00
98,Taysom Hill,14.30,16,Sun,1,1,2022-09-11,32-019,NOR,@,ATL,W 27-26,14.30,15.30,15.3,14.8,16,26.2,0,0.0,9,28.1,TE/QB,HillTa00
99,Isaiah Likely,14.30,57,Sun,13,14,2023-12-10,23-236,BAL,,LAR,W 37-31 (OT),14.30,19.30,19.3,16.8,57,79.2,0,0.0,9,24.3,TE,LikeIs00
100,Evan Engram,14.20,58,Mon,12,13,2023-12-04,29-093,JAX,,CIN,L 31-34 (OT),14.20,23.20,23.2,18.7,58,84.1,0,0.0,0,0.0,TE,EngrEv00
101,George Kittle,14.20,41,Sun,11,12,2024-11-24,31-046,SFO,@,GNB,L 10-38,14.20,20.20,20.2,17.2,41,83.7,0,0.0,0,0.0,TE,KittGe00
102,Travis Kelce,14.10,46,Sun,9,10,2022-11-13,33-039,KAN,,JAX,W 27-17,14.10,20.10,20.1,17.1,46,73.0,0,0.0,0,0.0,TE,KelcTr00
103,Will Dissly,14.00,38,Sun,10,11,2024-11-17,28-132,LAC,,CIN,W 34-27,14.00,18.00,18.0,16.0,38,56.7,0,0.0,0,0.0,TE,DissWi00
104,Kyle Pitts,14.00,50,Sun,8,8,2022-10-30,22-024,ATL,,CAR,W 37-34 (OT),14.00,19.00,19.0,16.5,50,74.6,0,0.0,0,0.0,TE,PittKy00
105,Evan Engram,13.90,63,Sun,17,18,2024-01-07,29-127,JAX,@,TEN,L 20-28,13.90,23.90,23.9,18.9,63,88.7,0,0.0,0,0.0,TE,EngrEv00
106,Travis Kelce,13.90,56,Sun,3,3,2022-09-25,32-355,KAN,@,IND,L 17-20,13.90,17.90,17.9,15.9,56,88.9,0,0.0,0,0.0,TE,KelcTr00
107,Tucker Kraft,13.80,59,Sun,8,8,2024-10-27,23-359,GNB,@,JAX,W 30-27,13.80,16.80,16.8,15.3,59,84.3,0,0.0,9,27.3,TE,KrafTu00
108,Trey McBride,13.80,71,Sun,16,17,2023-01-01,23-040,ARI,@,ATL,L 19-20,13.80,20.80,20.8,17.3,71,95.9,0,0.0,8,32.0,TE,McBrTr01
109,Tyler Conklin,13.70,53,Sun,16,17,2024-12-29,29-152,NYJ,@,BUF,L 14-40,13.70,21.70,21.7,17.7,53,84.1,0,0.0,0,0.0,TE,ConkTy00
110,Jake Ferguson,13.70,66,Thu,12,13,2023-11-30,24-316,DAL,,SEA,W 41-35,13.70,19.70,19.7,16.7,66,74.2,0,0.0,0,0.0,TE,FergJa00
111,Dallas Goedert,13.70,57,Sun,7,7,2023-10-22,28-292,PHI,,MIA,W 31-17,13.70,18.70,18.7,16.2,57,79.2,0,0.0,0,0.0,TE,GoedDa00
112,Isaiah Likely,13.70,51,Thu,8,8,2022-10-27,22-192,BAL,@,TAM,W 27-22,13.70,19.70,19.7,16.7,51,67.1,0,0.0,5,16.1,TE,LikeIs00
113,David Njoku,13.70,61,Sun,7,8,2023-10-29,27-111,CLE,@,SEA,L 20-24,13.70,17.70,17.7,15.7,61,78.2,0,0.0,0,0.0,TE,NjokDa00
114,Cade Otton,13.70,54,Mon,9,9,2024-11-04,25-203,TAM,@,KAN,L 24-30 (OT),13.70,21.70,21.7,17.7,54,98.2,0,0.0,0,0.0,TE,OttoCa00
115,George Kittle,13.60,50,Sun,13,14,2023-12-10,30-062,SFO,,SEA,W 28-16,13.60,16.60,16.6,15.1,50,92.6,0,0.0,0,0.0,TE,KittGe00
116,George Kittle,13.60,51,Sun,2,2,2024-09-15,30-342,SFO,@,MIN,L 17-23,13.60,20.60,20.6,17.1,51,72.9,0,0.0,0,0.0,TE,KittGe00
117,David Njoku,13.60,69,Sun,7,7,2024-10-20,28-102,CLE,,CIN,L 14-21,13.60,23.60,23.6,18.6,69,82.1,0,0.0,0,0.0,TE,NjokDa00
118,Josh Oliver,13.60,44,Sun,11,12,2022-11-27,25-251,BAL,@,JAX,L 27-28,13.60,17.60,17.6,15.6,44,61.1,0,0.0,0,0.0,TE,OlivJo00
119,Taysom Hill,13.40,28,Sun,12,13,2023-12-03,33-102,NOR,,DET,L 28-33,13.40,15.40,15.4,14.4,28,41.8,0,0.0,15,50.0,TE/QB,HillTa00
120,Isaiah Likely,13.30,55,Sun,5,5,2024-10-06,24-171,BAL,@,CIN,W 41-38 (OT),13.30,16.30,16.3,14.8,55,70.5,0,0.0,0,0.0,TE,LikeIs00
121,Trey McBride,13.30,56,Sun,11,12,2024-11-24,25-002,ARI,@,SEA,L 6-16,13.30,25.30,28.3,19.3,56,96.6,0,0.0,0,0.0,TE,McBrTr01
122,Jelani Woods,13.30,16,Sun,3,3,2022-09-25,23-351,IND,,KAN,W 20-17,13.30,15.30,15.3,14.3,16,22.5,0,0.0,4,17.4,TE,WoodJe01
123,Brock Wright,13.30,46,Sun,16,17,2023-01-01,24-035,DET,,CHI,W 41-10,13.30,16.30,16.3,14.8,46,64.8,0,0.0,10,33.3,TE,WrigBr01
124,Darren Waller,13.20,40,Sun,16,17,2023-01-01,30-110,LVR,,SFO,L 34-37 (OT),13.20,16.20,16.2,14.7,40,57.1,0,0.0,0,0.0,TE,WallDa01
125,Pharaoh Brown,13.10,25,Sun,3,3,2023-09-24,29-143,NWE,@,NYJ,W 15-10,13.10,15.10,15.1,14.1,25,34.7,0,0.0,11,35.5,TE,BrowPh01
126,Trey McBride,13.10,50,Sun,10,10,2023-11-12,23-355,ARI,,ATL,W 25-23,13.10,21.10,24.1,17.1,50,76.9,0,0.0,5,19.2,TE,McBrTr01
127,Isaiah Likely,13.00,52,Sun,14,15,2023-12-17,23-243,BAL,@,JAX,W 23-7,13.00,18.00,18.0,15.5,52,74.3,0,0.0,1,4.5,TE,LikeIs00
128,Chigoziem Okonkwo,13.00,51,Sun,11,12,2024-11-24,25-077,TEN,@,HOU,W 32-27,13.00,14.00,14.0,13.5,51,76.1,0,0.0,12,34.3,TE,OkonCh00
129,Mark Andrews,12.90,53,Sun,13,13,2024-12-01,29-086,BAL,,PHI,L 19-24,12.90,18.90,18.9,15.9,53,73.6,0,0.0,0,0.0,TE,AndrMa00
130,Travis Kelce,12.90,47,Sun,3,3,2023-09-24,33-354,KAN,,CHI,W 41-10,12.90,19.90,19.9,16.4,47,61.0,0,0.0,0,0.0,TE,KelcTr00
131,Mark Andrews,12.80,35,Wed,16,17,2024-12-25,29-110,BAL,@,HOU,W 31-2,12.80,14.80,14.8,13.8,35,55.6,0,0.0,0,0.0,TE,AndrMa00
132,Mark Andrews,12.80,55,Thu,10,10,2024-11-07,29-062,BAL,,CIN,W 35-34,12.80,18.80,18.8,15.8,55,87.3,0,0.0,1,3.6,TE,AndrMa00
133,Pat Freiermuth,12.80,46,Sun,12,13,2024-12-01,26-037,PIT,@,CIN,W 44-38,12.80,18.80,18.8,15.8,46,66.7,0,0.0,10,30.3,TE,FreiPa00
134,Taysom Hill,12.80,52,Thu,7,7,2023-10-19,33-057,NOR,,JAX,L 24-31,12.80,16.80,16.8,14.8,52,57.8,0,0.0,10,31.3,TE/QB,HillTa00
135,Cade Otton,12.80,71,Sun,9,9,2022-11-06,23-205,TAM,,LAR,W 16-13,12.80,17.80,17.8,15.3,71,84.5,0,0.0,7,21.2,TE,OttoCa00
136,Zach Ertz,12.70,53,Thu,11,11,2024-11-14,34-004,WAS,@,PHI,L 18-26,12.70,18.70,18.7,15.7,53,80.3,0,0.0,0,0.0,TE,ErtzZa00
137,Travis Kelce,12.70,39,Sun,5,5,2023-10-08,34-003,KAN,@,MIN,W 27-20,12.70,22.70,22.7,17.7,39,59.1,1,1.4,0,0.0,TE,KelcTr00
138,Sam LaPorta,12.70,73,Thu,11,12,2023-11-23,22-315,DET,,GNB,L 22-29,12.70,17.70,17.7,15.2,73,86.9,0,0.0,0,0.0,TE,LaPoSa01
139,Trey McBride,12.70,55,Sun,2,2,2024-09-15,24-298,ARI,,LAR,W 41-10,12.70,18.70,18.7,15.7,55,83.3,0,0.0,0,0.0,TE,McBrTr01
140,Mark Andrews,12.60,34,Sun,6,6,2024-10-13,29-037,BAL,,WAS,W 30-23,12.60,15.60,15.6,14.1,34,50.0,0,0.0,0,0.0,TE,AndrMa00
141,Hunter Henry,12.60,38,Sun,14,15,2023-12-17,29-010,NWE,,KAN,L 17-27,12.60,19.60,19.6,16.1,38,71.7,0,0.0,0,0.0,TE,HenrHu00
142,George Kittle,12.60,62,Mon,15,16,2023-12-25,30-077,SFO,,BAL,L 19-33,12.60,19.60,22.6,16.1,62,88.6,0,0.0,0,0.0,TE,KittGe00
143,Charlie Kolar,12.60,21,Sun,5,5,2024-10-06,25-239,BAL,@,CIN,W 41-38 (OT),12.60,15.60,15.6,14.1,21,26.9,0,0.0,27,77.1,TE,KolaCh00
144,Sam LaPorta,12.60,66,Thu,12,13,2024-11-28,23-321,DET,,CHI,W 23-20,12.60,15.60,15.6,14.1,66,94.3,0,0.0,0,0.0,TE,LaPoSa01
145,Sam LaPorta,12.60,39,Sun,9,10,2024-11-10,23-303,DET,@,HOU,W 26-23,12.60,15.60,15.6,14.1,39,60.0,0,0.0,0,0.0,TE,LaPoSa01
146,Taysom Hill,12.56,31,Sun,16,17,2023-01-01,32-131,NOR,@,PHI,W 20-10,12.56,13.56,13.6,13.1,31,44.9,0,0.0,14,53.8,TE/QB,HillTa00
147,Dalton Kincaid,12.50,58,Thu,8,8,2023-10-26,24-008,BUF,,TAM,W 24-18,12.50,17.50,17.5,15.0,58,84.1,0,0.0,1,3.8,TE,KincDa00
148,Trey McBride,12.50,58,Sun,17,18,2025-01-05,25-044,ARI,,SFO,W 47-24,12.50,19.50,19.5,16.0,58,89.2,0,0.0,0,0.0,TE,McBrTr01
149,Chigoziem Okonkwo,12.50,33,Sun,13,14,2022-12-11,23-094,TEN,,JAX,L 22-36,12.50,18.50,18.5,15.5,33,49.3,0,0.0,11,42.3,TE,OkonCh00
150,Dalton Schultz,12.50,34,Sun,5,5,2023-10-08,27-089,HOU,@,ATL,L 19-21,12.50,19.50,19.5,16.0,34,58.6,0,0.0,0,0.0,TE,SchuDa00
151,Travis Kelce,12.40,49,Thu,6,6,2023-10-12,34-007,KAN,,DEN,W 19-8,12.40,21.40,24.4,16.9,49,69.0,0,0.0,0,0.0,TE,KelcTr00
152,Travis Kelce,12.40,57,Sun,9,10,2024-11-10,35-036,KAN,,DEN,W 16-14,12.40,20.40,20.4,16.4,57,83.8,0,0.0,0,0.0,TE,KelcTr00
153,George Kittle,12.40,58,Sun,5,5,2024-10-06,30-363,SFO,,ARI,L 23-24,12.40,20.40,20.4,16.4,58,90.6,0,0.0,0,0.0,TE,KittGe00
154,Sam LaPorta,12.40,66,Mon,16,17,2024-12-30,23-353,DET,@,SFO,W 40-34,12.40,18.40,18.4,15.4,66,93.0,0,0.0,1,3.7,TE,LaPoSa01
155,Trey McBride,12.40,64,Sun,8,8,2024-10-27,24-340,ARI,@,MIA,W 28-27,12.40,21.40,24.4,16.9,64,97.0,0,0.0,0,0.0,TE,McBrTr01
156,Donald Parham,12.40,34,Sun,3,3,2023-09-24,26-039,LAC,@,MIN,W 28-24,12.40,14.40,14.4,13.4,34,51.5,0,0.0,0,0.0,TE,ParhDo00
157,Noah Fant,12.30,35,Sun,17,18,2025-01-05,27-046,SEA,@,LAR,W 30-25,12.30,17.30,17.3,14.8,35,63.6,0,0.0,0,0.0,TE,FantNo00
158,Hunter Henry,12.30,39,Thu,11,12,2022-11-24,27-352,NWE,@,MIN,L 26-33,12.30,15.30,15.3,13.8,39,70.9,0,0.0,0,0.0,TE,HenrHu00
159,Chigoziem Okonkwo,12.30,47,Sun,15,16,2023-12-24,24-107,TEN,,SEA,L 17-20,12.30,18.30,18.3,15.3,47,71.2,0,0.0,3,13.6,TE,OkonCh00
160,Gerald Everett,12.10,46,Sun,4,4,2022-10-02,28-099,LAC,@,HOU,W 34-24,12.10,17.10,17.1,14.6,46,65.7,0,0.0,0,0.0,TE,EverGe00
161,Hunter Henry,12.10,68,Sun,6,6,2022-10-16,27-313,NWE,@,CLE,W 38-15,12.10,16.10,16.1,14.1,68,97.1,0,0.0,3,10.3,TE,HenrHu00
162,David Njoku,12.10,58,Sun,8,8,2024-10-27,28-109,CLE,,BAL,W 29-24,12.10,17.10,17.1,14.6,58,84.1,0,0.0,0,0.0,TE,NjokDa00
163,Dalton Schultz,12.10,40,Sun,6,6,2023-10-15,27-096,HOU,,NOR,W 20-13,12.10,16.10,16.1,14.1,40,63.5,0,0.0,0,0.0,TE,SchuDa00
164,Dalton Schultz,12.10,43,Sun,13,13,2024-12-01,28-143,HOU,@,JAX,W 23-20,12.10,17.10,17.1,14.6,43,68.3,0,0.0,0,0.0,TE,SchuDa00
165,Jordan Akins,12.00,41,Sat,17,18,2025-01-04,32-260,CLE,@,BAL,L 10-35,12.00,18.00,18.0,15.0,41,69.5,0,0.0,2,8.0,TE,AkinJo00
166,Pat Freiermuth,12.00,42,Sun,11,12,2023-11-26,25-032,PIT,@,CIN,W 16-10,12.00,21.00,24.0,16.5,42,59.2,0,0.0,5,20.8,TE,FreiPa00
167,Taysom Hill,12.00,35,Sun,9,9,2024-11-03,34-072,NOR,@,CAR,L 22-23,12.00,16.00,16.0,14.0,35,44.3,0,0.0,11,37.9,TE,HillTa00
168,Austin Hooper,11.90,26,Sun,12,12,2024-11-24,30-026,NWE,@,MIA,L 15-34,11.90,15.90,15.9,13.9,26,37.7,0,0.0,2,7.1,TE,HoopAu00
169,Josh Oliver,11.80,41,Sun,8,9,2024-11-03,27-227,MIN,,IND,W 21-13,11.80,16.80,16.8,14.3,41,56.2,0,0.0,8,36.4,TE,OlivJo00
170,Pat Freiermuth,11.70,53,Sun,4,4,2024-09-29,25-340,PIT,@,IND,L 24-27,11.70,16.70,16.7,14.2,53,75.7,0,0.0,4,14.8,TE,FreiPa00
171,Travis Kelce,11.70,63,Sun,11,12,2022-11-27,33-053,KAN,,LAR,W 26-10,11.70,15.70,15.7,13.7,63,82.9,0,0.0,0,0.0,TE,KelcTr00
172,George Kittle,11.70,57,Sun,9,10,2024-11-10,31-032,SFO,@,TAM,W 23-20,11.70,14.70,14.7,13.2,57,89.1,0,0.0,0,0.0,TE,KittGe00
173,Cole Kmet,11.70,48,Sun,17,18,2023-01-08,23-304,CHI,,MIN,L 13-29,11.70,15.70,15.7,13.7,48,94.1,0,0.0,2,8.7,TE,KmetCo00
174,Tucker Kraft,11.70,57,Sun,14,15,2023-12-17,23-044,GNB,,TAM,L 20-34,11.70,15.70,15.7,13.7,57,95.0,0,0.0,12,48.0,TE,KrafTu00
175,Sam LaPorta,11.70,81,Mon,8,8,2023-10-30,22-291,DET,,LVR,W 26-14,11.70,19.70,19.7,15.7,81,94.2,0,0.0,0,0.0,TE,LaPoSa01
176,David Njoku,11.70,69,Sun,13,14,2022-12-11,26-154,CLE,@,CIN,L 10-23,11.70,18.70,18.7,15.2,69,95.8,0,0.0,0,0.0,TE,NjokDa00
177,Kyle Pitts,11.70,61,Sun,13,14,2023-12-10,23-065,ATL,,TAM,L 25-29,11.70,14.70,14.7,13.2,61,84.7,0,0.0,0,0.0,TE,PittKy00
178,Logan Thomas,11.70,55,Thu,5,5,2023-10-05,32-096,WAS,,CHI,L 20-40,11.70,20.70,21.7,16.2,55,78.6,0,0.0,0,0.0,TE,ThomLo00
179,Hunter Henry,11.60,63,Sun,1,1,2023-09-10,28-277,NWE,,PHI,L 20-25,11.60,16.60,16.6,14.1,63,78.8,0,0.0,0,0.0,TE,HenrHu00
180,Taysom Hill,11.60,25,Sat,15,16,2022-12-24,32-123,NOR,@,CLE,W 17-10,11.60,11.60,11.6,11.6,25,46.3,0,0.0,15,68.2,TE/QB,HillTa00
181,Evan Engram,11.50,67,Sun,8,8,2022-10-30,28-058,JAX,,DEN,L 17-21,11.50,15.50,15.5,13.5,67,93.1,0,0.0,0,0.0,TE,EngrEv00
182,Luke Schoonmaker,11.50,43,Sun,11,12,2024-11-24,26-057,DAL,@,WAS,W 34-26,11.50,14.50,14.5,13.0,43,65.2,0,0.0,16,42.1,TE,SchoLu00
183,Mark Andrews,11.40,55,Sat,17,18,2025-01-04,29-120,BAL,,CLE,W 35-10,11.40,15.40,15.4,13.4,55,78.6,0,0.0,0,0.0,TE,AndrMa00
184,Gerald Everett,11.40,44,Sun,1,1,2022-09-11,28-078,LAC,,LVR,W 24-19,11.40,14.40,14.4,12.9,44,65.7,0,0.0,0,0.0,TE,EverGe00
185,T.J. Hockenson,11.40,48,Sun,11,12,2024-11-24,27-144,MIN,@,CHI,W 30-27 (OT),11.40,18.40,21.4,14.9,48,67.6,0,0.0,1,3.2,TE,HockTJ00
186,David Njoku,11.40,49,Thu,16,17,2023-12-28,27-171,CLE,,NYJ,W 37-20,11.40,17.40,21.4,14.4,49,81.7,0,0.0,0,0.0,TE,NjokDa00
187,Dalton Schultz,11.40,63,Sun,9,10,2022-11-13,26-125,DAL,@,GNB,L 28-31 (OT),11.40,17.40,17.4,14.4,63,75.9,0,0.0,0,0.0,TE,SchuDa00
188,Taysom Hill,11.34,27,Mon,13,13,2022-12-05,32-104,NOR,@,TAM,L 16-17,11.34,13.34,13.3,12.3,27,45.8,0,0.0,11,40.7,TE/QB,HillTa00
189,Evan Engram,11.30,54,Thu,15,16,2022-12-22,28-111,JAX,@,NYJ,W 19-3,11.30,18.30,21.3,14.8,54,75.0,0,0.0,0,0.0,TE,EngrEv00
190,Hayden Hurst,11.30,51,Sun,5,5,2022-10-09,29-046,CIN,@,BAL,L 17-19,11.30,17.30,17.3,14.3,51,81.0,0,0.0,3,13.0,TE,HursHa00
191,Travis Kelce,11.30,43,Sat,15,16,2022-12-24,33-080,KAN,,SEA,W 24-10,11.30,17.30,20.3,14.3,43,81.1,0,0.0,0,0.0,TE,KelcTr00
192,Tucker Kraft,11.30,65,Sun,4,4,2024-09-29,23-331,GNB,,MIN,L 29-31,11.30,17.30,18.3,14.3,65,85.5,0,0.0,8,27.6,TE,KrafTu00
193,Jonnu Smith,11.30,51,Thu,12,13,2024-11-28,29-098,MIA,@,GNB,L 17-30,11.30,21.30,24.3,16.3,51,71.8,0,0.0,0,0.0,TE,SmitJo01
194,Hunter Henry,11.20,68,Sun,2,2,2023-09-17,28-284,NWE,,MIA,L 17-24,11.20,17.20,17.2,14.2,68,91.9,0,0.0,5,20.0,TE,HenrHu00
195,Travis Kelce,11.20,52,Sun,6,6,2022-10-16,33-011,KAN,,BUF,L 20-24,11.20,19.20,22.2,15.2,52,77.6,0,0.0,0,0.0,TE,KelcTr00
196,George Kittle,11.20,60,Mon,16,17,2024-12-30,31-082,SFO,,DET,L 34-40,11.20,19.20,22.2,15.2,60,93.8,0,0.0,0,0.0,TE,KittGe00
197,Sam LaPorta,11.20,42,Sun,5,6,2024-10-13,23-275,DET,@,DAL,W 47-9,11.20,12.20,12.2,11.7,42,61.8,0,0.0,0,0.0,TE,LaPoSa01
198,Robert Tonyan,11.20,39,Sun,16,17,2023-01-01,28-246,GNB,,MIN,W 41-17,11.20,14.20,14.2,12.7,39,61.9,0,0.0,2,7.1,TE,TonyRo00
199,Theo Johnson,11.10,55,Sun,9,9,2024-11-03,23-251,NYG,,WAS,L 22-27,11.10,14.10,14.1,12.6,55,84.6,0,0.0,8,36.4,TE,JohnTh00
200,Dalton Kincaid,11.10,41,Mon,10,10,2023-11-13,24-026,BUF,,DEN,L 22-24,11.10,16.10,16.1,13.6,41,75.9,0,0.0,0,0.0,TE,KincDa00
201,Sam LaPorta,11.10,77,Sun,14,15,2024-12-15,23-338,DET,,BUF,L 42-48,11.10,18.10,21.1,14.6,77,97.5,0,0.0,0,0.0,TE,LaPoSa01
202,Luke Musgrave,11.10,60,Sun,8,9,2023-11-05,23-064,GNB,,LAR,W 20-3,11.10,14.10,14.1,12.6,60,83.3,0,0.0,5,21.7,TE,MusgLu00
203,Stone Smartt,11.10,23,Sun,10,11,2023-11-19,25-046,LAC,@,GNB,L 20-23,11.10,12.10,12.1,11.6,23,35.4,0,0.0,12,46.2,TE,SmarSt00
204,Brock Wright,11.10,32,Sun,14,15,2022-12-18,24-021,DET,@,NYJ,W 20-17,11.10,12.10,12.1,11.6,32,47.1,0,0.0,8,28.6,TE,WrigBr01
205,Davis Allen,11.00,55,Sun,13,14,2023-12-10,22-310,LAR,@,BAL,L 31-37 (OT),11.00,15.00,15.0,13.0,55,71.4,0,0.0,9,24.3,TE,AlleDa02
206,Brock Bowers,11.00,48,Sun,17,18,2025-01-05,22-023,LVR,,LAC,L 20-34,11.00,15.00,15.0,13.0,48,94.1,0,0.0,0,0.0,TE,BoweBr01
207,T.J. Hockenson,11.00,44,Mon,12,12,2023-11-27,26-147,MIN,,CHI,L 10-12,11.00,16.00,16.0,13.5,44,80.0,0,0.0,0,0.0,TE,HockTJ00
208,Juwan Johnson,11.00,49,Sun,13,14,2024-12-08,28-086,NOR,@,NYG,W 14-11,11.00,15.00,15.0,13.0,49,72.1,0,0.0,0,0.0,TE,JohnJu02
209,Darren Waller,11.00,37,Sun,2,2,2022-09-18,30-005,LVR,,ARI,L 23-29 (OT),11.00,17.00,17.0,14.0,37,55.2,0,0.0,0,0.0,TE,WallDa01
210,Harrison Bryant,10.90,31,Sun,12,13,2023-12-03,25-224,CLE,@,LAR,L 19-36,10.90,15.90,15.9,13.4,31,43.7,0,0.0,15,45.5,TE,BryaHa00
211,Hunter Henry,10.90,57,Sun,2,2,2024-09-15,29-283,NWE,,SEA,L 20-23 (OT),10.90,18.90,21.9,14.9,57,83.8,0,0.0,0,0.0,TE,HenrHu00
212,Kyle Pitts,10.90,46,Sun,15,16,2023-12-24,23-079,ATL,,IND,W 29-10,10.90,13.90,13.9,12.4,46,71.9,0,0.0,0,0.0,TE,PittKy00
213,Pat Freiermuth,10.80,40,Sun,13,14,2024-12-08,26-044,PIT,,CLE,W 27-14,10.80,13.80,13.8,12.3,40,61.5,0,0.0,5,17.2,TE,FreiPa00
214,Juwan Johnson,10.80,43,Thu,15,16,2023-12-21,27-099,NOR,@,LAR,L 22-30,10.80,14.80,14.8,12.8,43,71.7,0,0.0,7,29.2,TE,JohnJu02
215,Sam LaPorta,10.80,38,Sun,7,8,2024-10-27,23-289,DET,,TEN,W 52-14,10.80,16.80,16.8,13.8,38,79.2,0,0.0,0,0.0,TE,LaPoSa01
216,Andrew Ogletree,10.80,28,Sun,4,4,2023-10-01,25-065,IND,,LAR,L 23-29 (OT),10.80,13.80,13.8,12.3,28,43.8,0,0.0,12,44.4,TE,OgleAn00
217,Jonnu Smith,10.80,45,Sun,14,15,2024-12-15,29-115,MIA,@,HOU,L 12-20,10.80,19.80,19.8,15.3,45,66.2,0,0.0,0,0.0,TE,SmitJo01
218,Darren Waller,10.80,33,Sun,14,15,2022-12-18,30-096,LVR,,NWE,W 30-24,10.80,13.80,13.8,12.3,33,48.5,0,0.0,0,0.0,TE,WallDa01
219,Zach Ertz,10.70,62,Sun,4,4,2022-10-02,31-326,ARI,@,CAR,W 26-16,10.70,16.70,16.7,13.7,62,81.6,0,0.0,1,4.3,TE,ErtzZa00
220,Jake Ferguson,10.70,52,Sun,7,8,2023-10-29,24-284,DAL,,LAR,W 43-20,10.70,14.70,14.7,12.7,52,80.0,0,0.0,0,0.0,TE,FergJa00
221,Dallas Goedert,10.70,46,Sun,16,17,2023-12-31,28-362,PHI,,ARI,L 31-35,10.70,15.70,15.7,13.2,46,93.9,0,0.0,0,0.0,TE,GoedDa00
222,Juwan Johnson,10.70,36,Sun,11,11,2022-11-20,26-068,NOR,,LAR,W 27-20,10.70,13.70,13.7,12.2,36,63.2,0,0.0,16,51.6,TE,JohnJu02
223,Cole Kmet,10.70,30,Sun,15,16,2023-12-24,24-289,CHI,,ARI,W 27-16,10.70,14.70,17.7,12.7,30,42.9,0,0.0,3,10.3,TE,KmetCo00
224,Foster Moreau,10.70,44,Sun,16,17,2024-12-29,27-237,NOR,,LVR,L 10-25,10.70,13.70,13.7,12.2,44,73.3,0,0.0,2,7.1,TE,MoreFo00
225,Josh Oliver,10.70,34,Sun,11,11,2023-11-19,26-243,MIN,@,DEN,L 20-21,10.70,14.70,14.7,12.7,34,45.9,0,0.0,10,37.0,TE,OlivJo00
226,Mark Andrews,10.60,27,Mon,12,12,2024-11-25,29-080,BAL,@,LAC,W 30-23,10.60,15.60,15.6,13.1,27,41.5,0,0.0,1,3.7,TE,AndrMa00
227,Will Dissly,10.60,20,Sun,17,18,2024-01-07,27-183,SEA,@,ARI,W 21-20,10.60,13.60,13.6,12.1,20,36.4,0,0.0,9,34.6,TE,DissWi00
228,Tyler Higbee,10.60,27,Sun,17,18,2025-01-05,32-004,LAR,,SEA,L 25-30,10.60,15.60,15.6,13.1,27,40.9,0,0.0,0,0.0,TE,HigbTy00
229,Travis Kelce,10.60,83,Sun,8,9,2022-11-06,33-032,KAN,,TEN,W 20-17 (OT),10.60,20.60,23.6,15.6,83,83.0,0,0.0,0,0.0,TE,KelcTr00
230,George Kittle,10.60,63,Sun,15,16,2024-12-22,31-074,SFO,@,MIA,L 17-29,10.60,18.60,21.6,14.6,63,98.4,0,0.0,0,0.0,TE,KittGe00
231,Mark Andrews,10.50,59,Sun,2,2,2023-09-17,28-011,BAL,@,CIN,W 27-24,10.50,15.50,15.5,13.0,59,78.7,0,0.0,0,0.0,TE,AndrMa00
232,Brock Bowers,10.50,55,Sun,9,9,2024-11-03,21-326,LVR,@,CIN,L 24-41,10.50,15.50,15.5,13.0,55,90.2,0,0.0,0,0.0,TE,BoweBr01
233,Travis Kelce,10.50,58,Sun,14,15,2022-12-18,33-074,KAN,@,HOU,W 30-24 (OT),10.50,20.50,23.5,15.5,58,75.3,0,0.0,0,0.0,TE,KelcTr00
234,George Kittle,10.50,59,Sun,4,4,2024-09-29,30-356,SFO,,NWE,W 30-13,10.50,14.50,14.5,12.5,59,93.7,0,0.0,0,0.0,TE,KittGe00
235,Albert Okwuegbunam,10.50,37,Sun,16,17,2023-01-01,24-251,DEN,@,KAN,L 24-27,10.50,13.50,13.5,12.0,37,52.9,0,0.0,0,0.0,TE,OkwuAl00
236,Dalton Schultz,10.50,48,Sat,15,16,2024-12-21,28-163,HOU,@,KAN,L 19-27,10.50,15.50,15.5,13.0,48,81.4,0,0.0,4,16.7,TE,SchuDa00
237,Greg Dulcich,10.40,41,Mon,6,6,2022-10-17,22-205,DEN,@,LAC,L 16-19 (OT),10.40,12.40,12.4,11.4,41,70.7,0,0.0,0,0.0,TE,DulcGr00
238,Zach Ertz,10.40,53,Sun,17,18,2025-01-05,34-056,WAS,@,DAL,W 23-19,10.40,15.40,15.4,12.9,53,91.4,0,0.0,0,0.0,TE,ErtzZa00
239,Elijah Higgins,10.40,25,Sun,14,15,2023-12-17,23-051,ARI,,SFO,L 29-45,10.40,14.40,14.4,12.4,25,33.8,0,0.0,12,38.7,TE,HiggEl00
240,Juwan Johnson,10.40,31,Sun,10,10,2022-11-13,26-061,NOR,@,PIT,L 10-20,10.40,15.40,15.4,12.9,31,66.0,0,0.0,7,29.2,TE,JohnJu02
241,David Njoku,10.40,65,Sun,15,16,2023-12-24,27-167,CLE,@,HOU,W 36-22,10.40,16.40,16.4,13.4,65,79.3,0,0.0,0,0.0,TE,NjokDa00
242,Kyle Pitts,10.40,30,Sun,16,17,2024-12-29,24-084,ATL,@,WAS,L 24-30 (OT),10.40,14.40,14.4,12.4,30,46.9,0,0.0,0,0.0,TE,PittKy00
243,Jonnu Smith,10.40,46,Sun,13,14,2024-12-08,29-108,MIA,,NYJ,W 32-26 (OT),10.40,13.40,13.4,11.9,46,63.9,0,0.0,0,0.0,TE,SmitJo01
244,Logan Thomas,10.40,53,Sun,8,8,2023-10-29,32-120,WAS,,PHI,L 31-38,10.40,16.40,16.4,13.4,53,73.6,0,0.0,0,0.0,TE,ThomLo00
245,Will Dissly,10.30,37,Mon,1,1,2022-09-12,26-066,SEA,,DEN,W 17-16,10.30,13.30,13.3,11.8,37,67.3,0,0.0,7,36.8,TE,DissWi00
246,Gerald Everett,10.30,42,Sun,11,12,2023-11-26,29-154,LAC,,BAL,L 10-20,10.30,14.30,14.3,12.3,42,63.6,0,0.0,0,0.0,TE,EverGe00
247,T.J. Hockenson,10.30,55,Thu,11,12,2022-11-24,25-144,MIN,,NWE,W 33-26,10.30,15.30,15.3,12.8,55,79.7,0,0.0,0,0.0,TE,HockTJ00
248,Tanner Hudson,10.30,29,Thu,10,10,2024-11-07,29-361,CIN,@,BAL,L 34-35,10.30,16.30,16.3,13.3,29,35.4,0,0.0,23,82.1,TE,HudsTa00
249,Sam LaPorta,10.30,60,Sun,15,16,2024-12-22,23-345,DET,@,CHI,W 34-17,10.30,14.30,14.3,12.3,60,92.3,0,0.0,0,0.0,TE,LaPoSa01
250,Isaiah Likely,10.30,69,Sun,17,18,2023-01-08,22-265,BAL,@,CIN,L 16-27,10.30,18.30,21.3,14.3,69,88.5,0,0.0,9,30.0,TE,LikeIs00
251,Foster Moreau,10.30,51,Sun,1,1,2024-09-08,27-125,NOR,,CAR,W 47-10,10.30,14.30,14.3,12.3,51,77.3,0,0.0,8,26.7,TE,MoreFo00
252,Foster Moreau,10.30,67,Sun,9,10,2022-11-13,25-191,LVR,,IND,L 20-25,10.30,13.30,13.3,11.8,67,95.7,0,0.0,1,4.3,TE,MoreFo00
253,Donald Parham,10.30,43,Sun,7,8,2023-10-29,26-074,LAC,,CHI,W 30-13,10.30,14.30,14.3,12.3,43,62.3,0,0.0,0,0.0,TE,ParhDo00
254,Colby Parkinson,10.30,20,Mon,1,1,2022-09-12,23-247,SEA,,DEN,W 17-16,10.30,12.30,12.3,11.3,20,36.4,0,0.0,9,47.4,TE,ParkCo02
255,Kyle Pitts,10.30,46,Sun,6,6,2023-10-15,23-009,ATL,,WAS,L 16-24,10.30,14.30,14.3,12.3,46,55.4,0,0.0,0,0.0,TE,PittKy00
256,Tyler Conklin,10.20,50,Sun,8,8,2024-10-27,29-089,NYJ,@,NWE,L 22-25,10.20,13.20,13.2,11.7,50,80.6,0,0.0,0,0.0,TE,ConkTy00
257,Will Dissly,10.20,43,Sun,17,18,2025-01-05,28-181,LAC,@,LVR,W 34-20,10.20,15.20,15.2,12.7,43,57.3,0,0.0,3,10.3,TE,DissWi00
258,Noah Fant,10.20,45,Sun,12,13,2022-12-04,25-014,SEA,@,LAR,W 27-23,10.20,14.20,14.2,12.2,45,67.2,0,0.0,0,0.0,TE,FantNo00
259,Taysom Hill,10.20,24,Sun,14,15,2022-12-18,32-117,NOR,,ATL,W 21-18,10.20,10.20,10.2,10.2,24,43.6,0,0.0,15,68.2,TE/QB,HillTa00
260,Austin Hooper,10.20,36,Sun,13,13,2024-12-01,30-033,NWE,,IND,L 24-25,10.20,14.20,14.2,12.2,36,50.0,0,0.0,6,26.1,TE,HoopAu00
261,Juwan Johnson,10.20,38,Mon,9,9,2022-11-07,26-055,NOR,,BAL,L 13-27,10.20,12.20,12.2,11.2,38,74.5,0,0.0,9,34.6,TE,JohnJu02
262,Cole Kmet,10.20,53,Thu,5,5,2023-10-05,24-209,CHI,@,WAS,W 40-20,10.20,15.20,15.2,12.7,53,82.8,0,0.0,8,26.7,TE,KmetCo00
263,Trey McBride,10.20,53,Sun,14,15,2023-12-17,24-025,ARI,,SFO,L 29-45,10.20,20.20,23.2,15.2,53,71.6,0,0.0,5,16.1,TE,McBrTr01
264,David Njoku,10.20,59,Sun,17,18,2023-01-08,26-182,CLE,@,PIT,L 14-28,10.20,14.20,14.2,12.2,59,92.2,0,0.0,0,0.0,TE,NjokDa00
265,David Njoku,10.20,65,Sun,13,14,2024-12-08,28-151,CLE,@,PIT,L 14-27,10.20,17.20,17.2,13.7,65,90.3,0,0.0,0,0.0,TE,NjokDa00
266,Chigoziem Okonkwo,10.20,32,Sat,17,18,2023-01-07,23-121,TEN,@,JAX,L 16-20,10.20,13.20,13.2,11.7,32,42.7,0,0.0,6,25.0,TE,OkonCh00
267,Dalton Schultz,10.20,35,Sun,4,4,2023-10-01,27-082,HOU,,PIT,W 30-6,10.20,13.20,13.2,11.7,35,49.3,0,0.0,0,0.0,TE,SchuDa00
268,Jordan Akins,10.10,32,Sun,11,12,2022-11-27,30-222,HOU,@,MIA,L 15-30,10.10,15.10,16.1,12.6,32,52.5,0,0.0,0,0.0,TE,AkinJo00
269,Pat Freiermuth,10.10,49,Sun,3,3,2023-09-24,24-334,PIT,@,LVR,W 23-18,10.10,13.10,13.1,11.6,49,79.0,0,0.0,6,20.7,TE,FreiPa00
270,Mike Gesicki,10.10,44,Sun,2,2,2022-09-18,26-350,MIA,@,BAL,W 42-38,10.10,14.10,14.1,12.1,44,62.0,0,0.0,0,0.0,TE,GesiMi00
271,Hunter Henry,10.10,47,Sun,6,6,2024-10-13,29-311,NWE,,HOU,L 21-41,10.10,13.10,13.1,11.6,47,71.2,0,0.0,0,0.0,TE,HenrHu00
272,Hayden Hurst,10.10,41,Sun,1,1,2023-09-10,30-017,CAR,@,ATL,L 10-24,10.10,15.10,15.1,12.6,41,53.2,0,0.0,0,0.0,TE,HursHa00
273,Dalton Kincaid,10.10,34,Mon,3,3,2024-09-23,24-341,BUF,,JAX,W 47-10,10.10,13.10,13.1,11.6,34,53.1,0,0.0,0,0.0,TE,KincDa00
274,Dawson Knox,10.10,51,Sun,13,14,2022-12-11,26-027,BUF,,NYJ,W 20-12,10.10,14.10,14.1,12.1,51,86.4,0,0.0,1,3.3,TE,KnoxDa00
275,Tucker Kraft,10.10,44,Thu,13,14,2024-12-05,24-032,GNB,@,DET,L 31-34,10.10,13.10,13.1,11.6,44,88.0,0,0.0,5,17.9,TE,KrafTu00
276,David Njoku,10.10,63,Sun,10,11,2024-11-17,28-130,CLE,@,NOR,L 14-35,10.10,19.10,19.1,14.6,63,86.3,0,0.0,0,0.0,TE,NjokDa00
277,Chigoziem Okonkwo,10.10,52,Sun,15,16,2024-12-22,25-105,TEN,@,IND,L 30-38,10.10,19.10,19.1,14.6,52,85.2,0,0.0,11,36.7,TE,OkonCh00
278,Mark Andrews,10.00,49,Sun,16,17,2023-01-01,27-117,BAL,,PIT,L 13-16,10.00,19.00,22.0,14.5,49,94.2,0,0.0,0,0.0,TE,AndrMa00
279,Mark Andrews,10.00,49,Sun,8,8,2023-10-29,28-053,BAL,@,ARI,W 31-24,10.00,14.00,14.0,12.0,49,75.4,0,0.0,2,7.1,TE,AndrMa00
280,Zach Ertz,10.00,61,Sun,9,9,2022-11-06,31-361,ARI,,SEA,L 21-31,10.00,15.00,15.0,12.5,61,96.8,0,0.0,0,0.0,TE,ErtzZa00
281,Zach Ertz,10.00,40,Sun,7,7,2024-10-20,33-345,WAS,,CAR,W 40-7,10.00,14.00,14.0,12.0,40,58.0,0,0.0,0,0.0,TE,ErtzZa00
282,Jake Ferguson,10.00,34,Sun,6,6,2022-10-16,23-271,DAL,@,PHI,L 17-26,10.00,14.00,14.0,12.0,34,50.7,0,0.0,4,16.7,TE,FergJa00
283,Cade Otton,10.00,80,Mon,7,7,2024-10-21,25-189,TAM,,BAL,L 31-41,10.00,18.00,21.0,14.0,80,97.6,0,0.0,0,0.0,TE,OttoCa00
284,Brock Bowers,9.90,70,Sun,15,16,2024-12-22,22-009,LVR,,JAX,W 19-14,9.90,20.90,20.9,15.4,70,94.6,0,0.0,0,0.0,TE,BoweBr01
285,Will Dissly,9.90,51,Sun,4,4,2022-10-02,26-086,SEA,@,DET,W 48-45,9.90,13.90,13.9,11.9,51,72.9,0,0.0,16,48.5,TE,DissWi00
286,Greg Dulcich,9.90,45,Sun,15,16,2022-12-25,22-274,DEN,@,LAR,L 14-51,9.90,13.90,13.9,11.9,45,67.2,0,0.0,0,0.0,TE,DulcGr00
287,Hunter Henry,9.90,56,Sun,9,9,2023-11-05,28-333,NWE,,WAS,L 17-20,9.90,13.90,13.9,11.9,56,87.5,0,0.0,0,0.0,TE,HenrHu00
288,Hunter Henry,9.90,61,Sun,15,16,2024-12-22,30-015,NWE,@,BUF,L 21-24,9.90,13.90,13.9,11.9,61,83.6,0,0.0,0,0.0,TE,HenrHu00
289,George Kittle,9.90,53,Sun,8,8,2022-10-30,29-021,SFO,@,LAR,W 31-14,9.90,12.90,12.9,11.4,53,100.0,0,0.0,0,0.0,TE,KittGe00
290,Michael Mayer,9.90,41,Thu,14,15,2023-12-14,22-161,LVR,,LAC,W 63-21,9.90,13.90,13.9,11.9,41,64.1,0,0.0,9,24.3,TE,MayeMi00
291,Foster Moreau,9.90,35,Sun,14,15,2024-12-15,27-223,NOR,,WAS,L 19-20,9.90,13.90,13.9,11.9,35,63.6,0,0.0,3,12.0,TE,MoreFo00
292,Johnny Mundt,9.90,41,Sun,16,17,2023-12-31,29-038,MIN,,GNB,L 10-33,9.90,13.90,13.9,11.9,41,77.4,0,0.0,11,45.8,TE,MundJo00
293,Mark Andrews,9.80,47,Sat,15,16,2024-12-21,29-106,BAL,,PIT,W 34-17,9.80,13.80,13.8,11.8,47,75.8,0,0.0,0,0.0,TE,AndrMa00
294,Daniel Bellinger,9.80,61,Sun,6,6,2022-10-16,22-024,NYG,,BAL,W 24-20,9.80,14.80,14.8,12.3,61,93.8,0,0.0,5,19.2,TE,BellDa00
295,Brock Bowers,9.80,43,Sun,2,2,2024-09-15,21-277,LVR,@,BAL,W 26-23,9.80,18.80,18.8,14.3,43,68.3,0,0.0,0,0.0,TE,BoweBr01
296,Ross Dwelley,9.80,28,Sun,2,2,2022-09-18,27-235,SFO,,SEA,W 27-7,9.80,10.80,10.8,10.3,28,36.8,0,0.0,21,91.3,TE,DwelRo00
297,Zach Ertz,9.80,53,Sun,12,12,2024-11-24,34-014,WAS,,DAL,L 26-34,9.80,15.80,15.8,12.8,53,75.7,0,0.0,0,0.0,TE,ErtzZa00
298,Mike Gesicki,9.80,31,Sun,8,8,2022-10-30,27-027,MIA,@,DET,W 31-27,9.80,12.80,12.8,11.3,31,45.6,0,0.0,0,0.0,TE,GesiMi00
299,Juwan Johnson,9.80,27,Sun,14,15,2023-12-17,27-095,NOR,,NYG,W 24-6,9.80,11.80,11.8,10.8,27,43.5,0,0.0,3,13.0,TE,JohnJu02
300,Travis Kelce,9.80,50,Sun,7,7,2022-10-23,33-018,KAN,@,SFO,W 44-23,9.80,15.80,15.8,12.8,50,78.1,0,0.0,0,0.0,TE,KelcTr00
301,Dawson Knox,9.80,48,Sat,15,16,2022-12-24,26-040,BUF,@,CHI,W 35-13,9.80,12.80,12.8,11.3,48,75.0,0,0.0,0,0.0,TE,KnoxDa00
302,Isaiah Likely,9.80,36,Sun,13,13,2024-12-01,24-227,BAL,,PHI,L 19-24,9.80,14.80,14.8,12.3,36,50.0,0,0.0,0,0.0,TE,LikeIs00
303,Chigoziem Okonkwo,9.80,13,Sun,4,4,2022-10-02,23-024,TEN,@,IND,W 24-17,9.80,12.80,12.8,11.3,13,24.1,0,0.0,11,47.8,TE,OkonCh00
304,Jelani Woods,9.80,41,Mon,12,12,2022-11-28,24-050,IND,,PIT,L 17-24,9.80,17.80,17.8,13.8,41,64.1,0,0.0,0,0.0,TE,WoodJe01
305,Mo Alie-Cox,9.70,29,Sun,5,5,2024-10-06,31-017,IND,@,JAX,L 34-37,9.70,11.70,11.7,10.7,29,41.4,0,0.0,9,26.5,TE,AlieMo00
306,Dawson Knox,9.70,62,Sun,6,6,2022-10-16,25-336,BUF,@,KAN,W 24-20,9.70,12.70,12.7,11.2,62,84.9,0,0.0,0,0.0,TE,KnoxDa00
307,Trey McBride,9.70,52,Sun,9,9,2024-11-03,24-347,ARI,,CHI,W 29-9,9.70,12.70,12.7,11.2,52,89.7,0,0.0,1,3.6,TE,McBrTr01
308,Logan Thomas,9.70,54,Sun,2,2,2022-09-18,31-079,WAS,@,DET,L 27-36,9.70,12.70,12.7,11.2,54,73.0,0,0.0,0,0.0,TE,ThomLo00
309,Josh Whyle,9.70,18,Sun,14,15,2024-12-15,25-098,TEN,,CIN,L 27-37,9.70,14.70,14.7,12.2,18,25.7,0,0.0,1,4.5,TE,WhylJo01
310,Mark Andrews,9.60,50,Sun,8,8,2024-10-27,29-051,BAL,@,CLE,L 24-29,9.60,14.60,14.6,12.1,50,73.5,0,0.0,0,0.0,TE,AndrMa00
311,Payne Durham,9.60,59,Sun,16,17,2024-12-29,24-197,TAM,,CAR,W 48-14,9.60,11.60,11.6,10.6,59,76.6,0,0.0,1,3.3,TE,DurhPa00
312,Evan Engram,9.60,47,Sun,8,8,2024-10-27,30-055,JAX,,GNB,L 27-30,9.60,13.60,13.6,11.6,47,82.5,0,0.0,0,0.0,TE,EngrEv00
313,Noah Fant,9.60,44,Sun,9,9,2022-11-06,24-351,SEA,@,ARI,W 31-21,9.60,14.60,14.6,12.1,44,60.3,0,0.0,0,0.0,TE,FantNo00
314,Trey McBride,9.60,54,Sun,6,6,2024-10-13,24-326,ARI,@,GNB,L 13-34,9.60,17.60,17.6,13.6,54,93.1,0,0.0,0,0.0,TE,McBrTr01
315,Trey McBride,9.60,77,Sun,12,13,2024-12-01,25-009,ARI,@,MIN,L 22-23,9.60,21.60,21.6,15.6,77,93.9,0,0.0,1,3.6,TE,McBrTr01
316,Colby Parkinson,9.60,58,Sun,16,17,2023-01-01,23-358,SEA,,NYJ,W 23-6,9.60,14.60,14.6,12.1,58,80.6,0,0.0,11,44.0,TE,ParkCo02
317,Irv Smith Jr.,9.60,34,Mon,2,2,2022-09-19,24-041,MIN,@,PHI,L 7-24,9.60,14.60,14.6,12.1,34,55.7,0,0.0,0,0.0,TE,SmitIr01
318,Jonnu Smith,9.60,42,Sun,17,18,2025-01-05,29-136,MIA,@,NYJ,L 20-32,9.60,18.60,19.6,14.1,42,60.0,0,0.0,0,0.0,TE,SmitJo01
319,Jonnu Smith,9.60,45,Sun,6,6,2023-10-15,28-054,ATL,,WAS,L 16-24,9.60,13.60,13.6,11.6,45,54.2,0,0.0,0,0.0,TE,SmitJo01
320,Logan Thomas,9.60,43,Sun,15,16,2023-12-24,32-176,WAS,@,NYJ,L 28-30,9.60,14.60,14.6,12.1,43,70.5,0,0.0,0,0.0,TE,ThomLo00
321,Taysom Hill,9.54,24,Sun,16,17,2023-12-31,33-130,NOR,@,TAM,W 23-13,9.54,11.54,11.5,10.5,24,34.3,0,0.0,13,50.0,TE/QB,HillTa00
322,Mo Alie-Cox,9.50,17,Sun,4,4,2023-10-01,30-012,IND,,LAR,L 23-29 (OT),9.50,10.50,10.5,10.0,17,26.6,0,0.0,2,7.4,TE,AlieMo00
323,Zach Ertz,9.50,55,Sun,13,13,2024-12-01,34-021,WAS,,TEN,W 42-19,9.50,12.50,12.5,11.0,55,66.3,0,0.0,0,0.0,TE,ErtzZa00
324,Jake Ferguson,9.50,53,Sun,3,3,2024-09-22,25-248,DAL,,BAL,L 25-28,9.50,15.50,15.5,12.5,53,66.3,0,0.0,0,0.0,TE,FergJa00
325,Dallas Goedert,9.50,70,Sun,5,5,2022-10-09,27-279,PHI,@,ARI,W 20-17,9.50,17.50,17.5,13.5,70,95.9,0,0.0,0,0.0,TE,GoedDa00
326,Dallas Goedert,9.50,40,Sun,12,13,2024-12-01,29-333,PHI,@,BAL,W 24-19,9.50,12.50,12.5,11.0,40,71.4,0,0.0,0,0.0,TE,GoedDa00
327,Jonnu Smith,9.50,32,Sun,4,4,2023-10-01,28-040,ATL,@,JAX,L 7-23,9.50,15.50,15.5,12.5,32,55.2,0,0.0,0,0.0,TE,SmitJo01
328,AJ Barner,9.40,31,Sun,17,18,2025-01-05,22-247,SEA,@,LAR,W 30-25,9.40,14.40,14.4,11.9,31,56.4,0,0.0,14,51.9,TE,BarnAJ00
329,Will Dissly,9.40,43,Sun,3,3,2022-09-25,26-079,SEA,,ATL,L 23-27,9.40,12.40,12.4,10.9,43,60.6,0,0.0,11,44.0,TE,DissWi00
330,Zach Ertz,9.40,39,Sun,1,1,2022-09-11,31-305,ARI,,KAN,L 21-44,9.40,11.40,11.4,10.4,39,60.0,0,0.0,0,0.0,TE,ErtzZa00
331,Zach Ertz,9.40,69,Sun,8,8,2022-10-30,31-354,ARI,@,MIN,L 26-34,9.40,13.40,13.4,11.4,69,88.5,0,0.0,0,0.0,TE,ErtzZa00
332,Noah Gray,9.40,34,Sun,4,4,2023-10-01,24-154,KAN,@,NYJ,W 23-20,9.40,10.40,10.4,9.9,34,48.6,0,0.0,11,42.3,TE,GrayNo00
333,Trey McBride,9.40,68,Sun,17,18,2024-01-07,24-046,ARI,,SEA,L 20-21,9.40,12.40,12.4,10.9,68,97.1,0,0.0,6,23.1,TE,McBrTr01
334,MyCole Pruitt,9.40,31,Sun,17,18,2023-01-08,30-290,ATL,,TAM,W 30-17,9.40,12.40,12.4,10.9,31,45.6,0,0.0,10,35.7,TE,PruiMy00
335,Mitchell Wilcox,9.40,60,Sun,14,15,2022-12-18,26-041,CIN,@,TAM,W 34-23,9.40,12.40,12.4,10.9,60,90.9,0,0.0,9,36.0,TE,WilcMi01
336,Brock Bowers,9.30,66,Sun,7,7,2024-10-20,21-312,LVR,@,LAR,L 15-20,9.30,19.30,19.3,14.3,66,83.5,0,0.0,0,0.0,TE,BoweBr01
337,Tyler Conklin,9.30,67,Thu,3,3,2024-09-19,29-051,NYJ,,NWE,W 24-3,9.30,14.30,14.3,11.8,67,91.8,0,0.0,5,23.8,TE,ConkTy00
338,Pat Freiermuth,9.30,31,Sun,13,14,2022-12-11,24-047,PIT,,BAL,L 14-16,9.30,12.30,12.3,10.8,31,56.4,0,0.0,0,0.0,TE,FreiPa00
339,Tucker Kraft,9.30,55,Sun,7,7,2024-10-20,23-352,GNB,,HOU,W 24-22,9.30,12.30,12.3,10.8,55,94.8,0,0.0,8,27.6,TE,KrafTu00
340,Foster Moreau,9.30,77,Sun,11,12,2022-11-27,25-205,LVR,@,SEA,W 40-34 (OT),9.30,12.30,12.3,10.8,77,100.0,0,0.0,7,20.6,TE,MoreFo00
341,Andrew Ogletree,9.30,38,Sun,8,8,2023-10-29,25-093,IND,,NOR,L 27-38,9.30,10.30,10.3,9.8,38,53.5,0,0.0,11,32.4,TE,OgleAn00
342,Tommy Tremble,9.30,38,Sun,16,17,2023-01-01,22-213,CAR,@,TAM,L 24-30,9.30,12.30,12.3,10.8,38,57.6,0,0.0,16,51.6,TE,TremTo00
343,Nick Vannett,9.30,36,Sun,8,9,2024-11-03,31-242,TEN,,NWE,W 20-17 (OT),9.30,11.30,11.3,10.3,36,46.8,0,0.0,8,30.8,TE,VannNi00
344,Noah Fant,9.20,33,Thu,14,15,2022-12-15,25-025,SEA,,SFO,L 13-21,9.20,14.20,14.2,11.7,33,51.6,0,0.0,0,0.0,TE,FantNo00
345,Hunter Henry,9.20,52,Sun,7,7,2024-10-20,29-318,NWE,@,JAX,L 16-32,9.20,17.20,17.2,13.2,52,86.7,0,0.0,0,0.0,TE,HenrHu00
346,George Kittle,9.20,58,Sun,7,7,2024-10-20,31-011,SFO,,KAN,L 18-28,9.20,15.20,15.2,12.2,58,92.1,0,0.0,0,0.0,TE,KittGe00
347,Marcedes Lewis,9.20,29,Sun,15,16,2022-12-25,38-220,GNB,@,MIA,W 26-20,9.20,11.20,11.2,10.2,29,43.9,0,0.0,6,23.1,TE,LewiMa00
348,Dalton Schultz,9.20,57,Sun,10,11,2023-11-19,27-131,HOU,,ARI,W 21-16,9.20,11.20,11.2,10.2,57,85.1,0,0.0,0,0.0,TE,SchuDa00
349,Adam Trautman,9.20,50,Sun,5,5,2022-10-09,25-246,NOR,,SEA,W 39-32,9.20,11.20,11.2,10.2,50,64.9,0,0.0,4,11.8,TE,TrauAd00
350,Taysom Hill,9.12,18,Thu,7,7,2022-10-20,32-058,NOR,@,ARI,L 34-42,9.12,10.12,10.1,9.6,18,25.0,0,0.0,8,25.0,TE/QB,HillTa00
351,Jordan Akins,9.10,17,Sun,3,3,2022-09-25,30-159,HOU,@,CHI,L 20-23,9.10,12.10,12.1,10.6,17,28.8,0,0.0,5,17.2,TE,AkinJo00
352,Mike Gesicki,9.10,30,Sun,2,2,2024-09-15,28-348,CIN,@,KAN,L 25-26,9.10,16.10,16.1,12.6,30,46.9,0,0.0,1,3.8,TE,GesiMi00
353,Travis Kelce,9.10,46,Sun,11,12,2023-11-26,34-052,KAN,@,LVR,W 31-17,9.10,15.10,15.1,12.1,46,76.7,0,0.0,0,0.0,TE,KelcTr00
354,Dalton Kincaid,9.10,41,Sun,8,8,2024-10-27,25-009,BUF,@,SEA,W 31-10,9.10,13.10,13.1,11.1,41,53.9,0,0.0,0,0.0,TE,KincDa00
355,Isaiah Likely,9.10,19,Sat,17,18,2024-01-06,23-263,BAL,,PIT,L 10-17,9.10,11.10,11.1,10.1,19,33.3,0,0.0,0,0.0,TE,LikeIs00
356,Evan Engram,9.00,43,Sun,12,13,2022-12-04,28-093,JAX,@,DET,L 14-40,9.00,14.00,14.0,11.5,43,76.8,0,0.0,0,0.0,TE,EngrEv00
357,Juwan Johnson,9.00,34,Sun,11,11,2024-11-17,28-065,NOR,,CLE,W 35-14,9.00,12.00,12.0,10.5,34,56.7,0,0.0,4,16.0,TE,JohnJu02
358,George Kittle,9.00,69,Thu,3,3,2023-09-21,29-347,SFO,,NYG,W 30-12,9.00,16.00,16.0,12.5,69,83.1,0,0.0,0,0.0,TE,KittGe00
359,Josh Oliver,9.00,35,Thu,7,8,2024-10-24,27-217,MIN,@,LAR,L 20-30,9.00,11.00,11.0,10.0,35,70.0,0,0.0,5,20.0,TE,OlivJo00
360,Drew Sample,9.00,26,Sun,8,9,2023-11-05,27-203,CIN,,BUF,W 24-18,9.00,12.00,12.0,10.5,26,37.1,0,0.0,8,38.1,TE,SampDr00
361,Robert Tonyan,9.00,46,Sun,6,6,2022-10-16,28-169,GNB,,NYJ,L 10-27,9.00,19.00,19.0,14.0,46,63.0,0,0.0,0,0.0,TE,TonyRo00
362,Tommy Tremble,9.00,40,Sun,17,18,2025-01-05,24-217,CAR,@,ATL,W 44-38 (OT),9.00,11.00,11.0,10.0,40,59.7,0,0.0,4,12.9,TE,TremTo00
363,Juwan Johnson,8.90,47,Sun,9,9,2023-11-05,27-053,NOR,,CHI,W 24-17,8.90,13.90,13.9,11.4,47,74.6,0,0.0,4,16.7,TE,JohnJu02
364,Travis Kelce,8.90,54,Sun,4,4,2024-09-29,34-360,KAN,@,LAC,W 17-10,8.90,15.90,15.9,12.4,54,87.1,0,0.0,0,0.0,TE,KelcTr00
365,Sam LaPorta,8.90,23,Sun,17,18,2024-01-07,22-360,DET,,MIN,W 30-20,8.90,13.90,13.9,11.4,23,40.4,0,0.0,0,0.0,TE,LaPoSa01
366,Isaiah Likely,8.90,41,Sat,15,16,2024-12-21,24-247,BAL,,PIT,W 34-17,8.90,11.90,11.9,10.4,41,66.1,0,0.0,0,0.0,TE,LikeIs00
367,David Njoku,8.90,64,Sun,11,12,2022-11-27,26-140,CLE,,TAM,W 23-17 (OT),8.90,13.90,13.9,11.4,64,81.0,0,0.0,0,0.0,TE,NjokDa00
368,Jonnu Smith,8.90,38,Sun,17,18,2024-01-07,28-138,ATL,@,NOR,L 17-48,8.90,11.90,11.9,10.4,38,62.3,0,0.0,0,0.0,TE,SmitJo01
369,Tommy Tremble,8.90,32,Sun,7,7,2022-10-23,22-143,CAR,,TAM,W 21-3,8.90,9.90,9.9,9.4,32,64.0,0,0.0,13,54.2,TE,TremTo00
370,Lucas Krull,8.80,22,Sun,15,16,2023-12-24,25-166,DEN,,NWE,L 23-26,8.80,12.80,12.8,10.8,22,31.9,0,0.0,3,9.1,TE,KrulLu00
371,David Njoku,8.80,57,Sun,5,5,2022-10-09,26-091,CLE,,LAC,L 28-30,8.80,14.80,14.8,11.8,57,85.1,0,0.0,0,0.0,TE,NjokDa00
372,Cade Otton,8.80,66,Mon,12,13,2022-12-05,23-234,TAM,,NOR,W 17-16,8.80,14.80,14.8,11.8,66,82.5,0,0.0,5,18.5,TE,OttoCa00
373,Colby Parkinson,8.80,27,Sun,13,14,2023-12-10,24-336,SEA,@,SFO,L 16-28,8.80,10.80,10.8,9.8,27,45.8,0,0.0,5,18.5,TE,ParkCo02
374,Kyle Pitts,8.80,74,Thu,5,5,2024-10-03,23-363,ATL,,TAM,W 36-30 (OT),8.80,15.80,15.8,12.3,74,85.1,0,0.0,0,0.0,TE,PittKy00
375,Eric Tomlinson,8.80,35,Sun,14,15,2022-12-18,30-240,DEN,,ARI,W 24-15,8.80,11.80,11.8,10.3,35,50.7,0,0.0,0,0.0,TE,TomlEr01
376,AJ Barner,8.70,35,Mon,4,4,2024-09-30,22-150,SEA,@,DET,L 29-42,8.70,10.70,10.7,9.7,35,38.9,0,0.0,4,13.8,TE,BarnAJ00
377,Greg Dulcich,8.70,49,Sun,8,8,2022-10-30,22-218,DEN,@,JAX,W 21-17,8.70,12.70,12.7,10.7,49,80.3,0,0.0,0,0.0,TE,DulcGr00
378,Tyler Higbee,8.70,40,Mon,14,15,2022-12-19,29-352,LAR,@,GNB,L 12-24,8.70,12.70,12.7,10.7,40,88.9,0,0.0,0,0.0,TE,HigbTy00
379,Hayden Hurst,8.70,36,Thu,4,4,2022-09-29,29-036,CIN,,MIA,W 27-15,8.70,11.70,11.7,10.2,36,56.3,0,0.0,5,17.9,TE,HursHa00
380,Dalton Kincaid,8.70,38,Sun,16,17,2023-12-31,24-074,BUF,,NWE,W 27-21,8.70,12.70,12.7,10.7,38,55.1,0,0.0,0,0.0,TE,KincDa00
381,Cole Kmet,8.70,46,Sun,16,17,2023-01-01,23-297,CHI,@,DET,L 10-41,8.70,10.70,10.7,9.7,46,88.5,0,0.0,0,0.0,TE,KmetCo00
382,Trey McBride,8.70,64,Sun,14,15,2024-12-15,25-023,ARI,,NWE,W 30-17,8.70,17.70,17.7,13.2,64,91.4,0,0.0,1,4.0,TE,McBrTr01
383,Kyle Pitts,8.70,38,Sun,3,3,2022-09-25,21-354,ATL,@,SEA,W 27-23,8.70,13.70,13.7,11.2,38,66.7,0,0.0,0,0.0,TE,PittKy00
384,Kyle Pitts,8.70,41,Sun,5,5,2023-10-08,23-002,ATL,,HOU,W 21-19,8.70,15.70,15.7,12.2,41,53.2,0,0.0,0,0.0,TE,PittKy00
385,Ja'Tavion Sanders,8.70,45,Sun,9,9,2024-11-03,21-221,CAR,,NOR,W 23-22,8.70,12.70,12.7,10.7,45,84.9,0,0.0,2,6.9,TE,SandJa01
386,Dalton Schultz,8.70,66,Sun,13,14,2022-12-11,26-153,DAL,,HOU,W 27-23,8.70,14.70,14.7,11.7,66,93.0,0,0.0,0,0.0,TE,SchuDa00
387,Brenton Strange,8.70,34,Sun,6,6,2023-10-15,22-292,JAX,,IND,W 37-20,8.70,10.70,10.7,9.7,34,53.1,0,0.0,11,35.5,TE,StraBr00
388,Jelani Woods,8.70,31,Sun,6,6,2022-10-16,24-007,IND,,JAX,W 34-27,8.70,10.70,10.7,9.7,31,38.3,0,0.0,5,20.0,TE,WoodJe01
389,Gerald Everett,8.60,30,Sun,6,7,2023-10-22,29-119,LAC,@,KAN,L 17-31,8.60,11.60,11.6,10.1,30,47.6,0,0.0,0,0.0,TE,EverGe00
390,Jake Ferguson,8.60,52,Sun,9,10,2023-11-12,24-298,DAL,,NYG,W 49-17,8.60,12.60,12.6,10.6,52,66.7,0,0.0,0,0.0,TE,FergJa00
391,Mike Gesicki,8.60,51,Sat,16,17,2024-12-28,29-086,CIN,,DEN,W 30-24 (OT),8.60,18.60,18.6,13.6,51,56.7,0,0.0,0,0.0,TE,GesiMi00
392,Dallas Goedert,8.60,45,Sun,3,3,2022-09-25,27-265,PHI,@,WAS,W 24-8,8.60,11.60,11.6,10.1,45,64.3,0,0.0,1,3.8,TE,GoedDa00
393,T.J. Hockenson,8.60,59,Mon,7,7,2023-10-23,26-112,MIN,,SFO,W 22-17,8.60,19.60,19.6,14.1,59,84.3,0,0.0,0,0.0,TE,HockTJ00
394,Juwan Johnson,8.60,23,Sun,1,1,2024-09-08,27-361,NOR,,CAR,W 47-10,8.60,10.60,10.6,9.6,23,34.8,0,0.0,4,13.3,TE,JohnJu02
395,Travis Kelce,8.60,43,Sun,2,2,2023-09-17,33-347,KAN,@,JAX,W 17-9,8.60,12.60,12.6,10.6,43,64.2,0,0.0,0,0.0,TE,KelcTr00
396,Tucker Kraft,8.60,57,Sun,11,12,2024-11-24,24-021,GNB,,SFO,W 38-10,8.60,10.60,10.6,9.6,57,79.2,0,0.0,10,40.0,TE,KrafTu00
397,David Njoku,8.60,56,Sun,8,9,2023-11-05,27-118,CLE,,ARI,W 27-0,8.60,12.60,12.6,10.6,56,76.7,0,0.0,0,0.0,TE,NjokDa00
398,Kyle Pitts,8.60,54,Sun,1,1,2024-09-08,23-338,ATL,,PIT,L 10-18,8.60,11.60,11.6,10.1,54,96.4,0,0.0,0,0.0,TE,PittKy00
399,Irv Smith Jr.,8.60,25,Sun,8,9,2023-11-05,25-088,CIN,,BUF,W 24-18,8.60,11.60,11.6,10.1,25,35.7,0,0.0,0,0.0,TE,SmitIr01
400,Jonnu Smith,8.60,29,Sun,16,17,2024-12-29,29-129,MIA,@,CLE,W 20-3,8.60,11.60,11.6,10.1,29,48.3,0,0.0,0,0.0,TE,SmitJo01
401,Cade Stover,8.60,20,Sun,12,12,2024-11-24,24-165,HOU,,TEN,L 27-32,8.60,11.60,11.6,10.1,20,35.7,0,0.0,23,65.7,TE,StovCa00
402,Adam Trautman,8.60,57,Sun,5,5,2023-10-08,26-245,DEN,,NYJ,L 21-31,8.60,12.60,12.6,10.6,57,90.5,0,0.0,0,0.0,TE,TrauAd00
403,Darren Waller,8.60,66,Sun,5,5,2023-10-08,31-025,NYG,@,MIA,L 16-31,8.60,16.60,16.6,12.6,66,91.7,0,0.0,0,0.0,TE,WallDa01
404,Josh Whyle,8.60,19,Sun,4,4,2023-10-01,24-023,TEN,,CIN,W 27-3,8.60,10.60,10.6,9.6,19,28.8,0,0.0,4,19.0,TE,WhylJo01
405,Greg Dulcich,8.50,38,Sun,12,13,2022-12-04,22-253,DEN,@,BAL,L 9-10,8.50,14.50,14.5,11.5,38,71.7,0,0.0,0,0.0,TE,DulcGr00
406,Pat Freiermuth,8.50,47,Sun,4,4,2022-10-02,23-342,PIT,,NYJ,L 20-24,8.50,15.50,15.5,12.0,47,73.4,0,0.0,0,0.0,TE,FreiPa00
407,Dallas Goedert,8.50,43,Sun,9,10,2024-11-10,29-312,PHI,@,DAL,W 34-6,8.50,10.50,10.5,9.5,43,63.2,0,0.0,0,0.0,TE,GoedDa00
408,Mark Andrews,8.40,39,Sun,14,15,2024-12-15,29-100,BAL,@,NYG,W 35-14,8.40,10.40,10.4,9.4,39,66.1,0,0.0,0,0.0,TE,AndrMa00
409,John Bates,8.40,36,Sun,12,12,2022-11-27,25-021,WAS,,ATL,W 19-13,8.40,11.40,11.4,9.9,36,58.1,0,0.0,4,16.7,TE,BateJo00
410,Daniel Bellinger,8.40,45,Sun,5,5,2022-10-09,22-017,NYG,@,GNB,W 27-22,8.40,10.40,10.4,9.4,45,73.8,0,0.0,1,3.8,TE,BellDa00
411,Tyler Conklin,8.40,62,Sun,3,3,2022-09-25,27-057,NYJ,,CIN,L 12-27,8.40,16.40,16.4,12.4,62,79.5,0,0.0,4,15.4,TE,ConkTy00
412,Travis Kelce,8.40,74,Mon,10,11,2023-11-20,34-046,KAN,,PHI,L 17-21,8.40,15.40,16.4,11.9,74,93.7,0,0.0,0,0.0,TE,KelcTr00
413,Dalton Kincaid,8.40,43,Sun,17,18,2024-01-07,24-081,BUF,@,MIA,W 21-14,8.40,15.40,15.4,11.9,43,55.1,0,0.0,0,0.0,TE,KincDa00
414,Sam LaPorta,8.40,69,Sat,16,17,2023-12-30,22-352,DET,@,DAL,L 19-20,8.40,15.40,15.4,11.9,69,100.0,0,0.0,0,0.0,TE,LaPoSa01
415,Isaiah Likely,8.40,52,Mon,9,9,2022-11-07,22-203,BAL,@,NOR,W 27-13,8.40,9.40,9.4,8.9,52,76.5,0,0.0,1,3.8,TE,LikeIs00
416,Brenton Strange,8.40,49,Sun,5,5,2024-10-06,23-284,JAX,,IND,W 37-34,8.40,12.40,12.4,10.4,49,84.5,0,0.0,7,20.6,TE,StraBr00
417,Connor Heyward,8.30,13,Sun,5,5,2024-10-06,25-258,PIT,,DAL,L 17-20,8.30,10.30,10.3,9.3,13,22.4,0,0.0,15,62.5,TE,HeywCo00
418,Travis Kelce,8.30,59,Sun,13,14,2023-12-10,34-066,KAN,,BUF,L 17-20,8.30,14.30,14.3,11.3,59,89.4,1,1.3,0,0.0,TE,KelcTr00
419,George Kittle,8.30,59,Sun,6,6,2022-10-16,29-007,SFO,@,ATL,L 14-28,8.30,16.30,16.3,12.3,59,98.3,0,0.0,0,0.0,TE,KittGe00
420,George Kittle,8.30,62,Sun,16,17,2023-01-01,29-084,SFO,@,LVR,W 37-34 (OT),8.30,12.30,12.3,10.3,62,92.5,0,0.0,0,0.0,TE,KittGe00
421,Cole Kmet,8.30,63,Sun,14,15,2023-12-17,24-282,CHI,@,CLE,L 17-20,8.30,13.30,13.3,10.8,63,86.3,0,0.0,2,5.7,TE,KmetCo00
422,Donald Parham,8.30,47,Sun,17,18,2024-01-07,26-144,LAC,,KAN,L 12-13,8.30,13.30,13.3,10.8,47,56.6,0,0.0,0,0.0,TE,ParhDo00
423,Teagan Quitoriano,8.30,43,Sun,17,18,2023-01-08,22-299,HOU,@,IND,W 32-31,8.30,11.30,11.3,9.8,43,66.2,0,0.0,4,14.8,TE,QuitTe00
424,Luke Schoonmaker,8.30,25,Sun,10,11,2023-11-19,25-052,DAL,@,CAR,W 33-10,8.30,10.30,10.3,9.3,25,34.7,0,0.0,12,44.4,TE,SchoLu00
425,Brock Wright,8.30,34,Sun,9,10,2023-11-12,24-350,DET,@,LAC,W 41-38,8.30,10.30,10.3,9.3,34,51.5,0,0.0,15,50.0,TE,WrigBr01
426,Jordan Akins,8.20,30,Sun,14,15,2022-12-18,30-243,HOU,,KAN,L 24-30 (OT),8.20,11.20,11.2,9.7,30,47.6,0,0.0,0,0.0,TE,AkinJo00
427,Jordan Akins,8.20,20,Sun,5,5,2024-10-06,32-170,CLE,@,WAS,L 13-34,8.20,11.20,11.2,9.7,20,32.3,0,0.0,4,12.9,TE,AkinJo00
428,Evan Engram,8.20,38,Sun,6,6,2024-10-13,30-041,JAX,@,CHI,L 16-35,8.20,18.20,22.2,13.2,38,61.3,0,0.0,1,4.2,TE,EngrEv00
429,Pat Freiermuth,8.20,48,Sun,2,2,2022-09-18,23-328,PIT,,NWE,L 14-17,8.20,12.20,12.2,10.2,48,81.4,0,0.0,2,9.1,TE,FreiPa00
430,Pat Freiermuth,8.20,30,Sun,14,15,2024-12-15,26-051,PIT,@,PHI,L 13-27,8.20,11.20,11.2,9.7,30,69.8,0,0.0,3,12.0,TE,FreiPa00
431,Dallas Goedert,8.20,61,Mon,2,2,2022-09-19,27-259,PHI,,MIN,W 24-7,8.20,13.20,13.2,10.7,61,83.6,0,0.0,0,0.0,TE,GoedDa00
432,Dawson Knox,8.20,37,Sun,17,18,2024-01-07,27-054,BUF,@,MIA,W 21-14,8.20,10.20,10.2,9.2,37,47.4,0,0.0,0,0.0,TE,KnoxDa00
433,Johnny Mundt,8.20,22,Sun,12,13,2024-12-01,30-008,MIN,,ARI,W 23-22,8.20,10.20,10.2,9.2,22,41.5,0,0.0,12,42.9,TE,MundJo00
434,Donald Parham,8.20,40,Sun,1,1,2023-09-10,26-025,LAC,,MIA,L 34-36,8.20,11.20,11.2,9.7,40,49.4,0,0.0,0,0.0,TE,ParhDo00
435,Eric Saubert,8.20,26,Sun,2,2,2022-09-18,28-140,DEN,,HOU,W 16-9,8.20,9.20,9.2,8.7,26,36.1,0,0.0,22,84.6,TE,SaubEr00
436,Logan Thomas,8.20,29,Sun,2,2,2023-09-17,32-078,WAS,@,DEN,W 35-33,8.20,10.20,10.2,9.2,29,39.7,0,0.0,0,0.0,TE,ThomLo00
437,Robert Tonyan,8.20,32,Sun,4,4,2022-10-02,28-155,GNB,,NWE,W 27-24 (OT),8.20,10.20,10.2,9.2,32,43.8,0,0.0,0,0.0,TE,TonyRo00
438,Mo Alie-Cox,8.10,35,Sat,14,15,2023-12-16,30-088,IND,,PIT,W 30-13,8.10,10.10,10.1,9.1,35,52.2,0,0.0,10,38.5,TE,AlieMo00
439,Will Dissly,8.10,48,Mon,6,7,2024-10-21,28-105,LAC,@,ARI,L 15-17,8.10,16.10,16.1,12.1,48,72.7,0,0.0,0,0.0,TE,DissWi00
440,Noah Gray,8.10,41,Sun,14,15,2024-12-15,25-229,KAN,@,CLE,W 21-7,8.10,10.10,10.1,9.1,41,54.7,0,0.0,4,15.4,TE,GrayNo00
441,Taysom Hill,8.10,12,Sun,4,4,2022-10-02,32-040,NOR,,MIN,L 25-28,8.10,8.10,8.1,8.1,12,20.0,0,0.0,8,25.8,TE/QB,HillTa00
442,Tanner Hudson,8.10,14,Sun,13,14,2023-12-10,29-028,CIN,,IND,W 34-14,8.10,10.10,10.1,9.1,14,23.3,0,0.0,0,0.0,TE,HudsTa00
443,Travis Kelce,8.10,59,Sun,12,13,2023-12-03,34-059,KAN,@,GNB,L 19-27,8.10,12.10,12.1,10.1,59,88.1,0,0.0,0,0.0,TE,KelcTr00
444,Mark Andrews,8.00,44,Sun,9,9,2023-11-05,28-060,BAL,,SEA,W 37-3,8.00,17.00,17.0,12.5,44,57.9,0,0.0,0,0.0,TE,AndrMa00
445,Tyler Conklin,8.00,43,Sun,16,17,2023-01-01,27-155,NYJ,@,SEA,L 6-23,8.00,14.00,14.0,11.0,43,61.4,0,0.0,6,24.0,TE,ConkTy00
446,Gerald Everett,8.00,44,Sun,12,13,2022-12-04,28-162,LAC,@,LVR,L 20-27,8.00,13.00,13.0,10.5,44,58.7,0,0.0,0,0.0,TE,EverGe00
447,Noah Gray,8.00,29,Sun,9,10,2022-11-13,23-197,KAN,,JAX,W 27-17,8.00,10.00,10.0,9.0,29,46.0,0,0.0,17,65.4,TE,GrayNo00
448,Peyton Hendershot,8.00,17,Sun,14,15,2022-12-18,23-239,DAL,@,JAX,L 34-40 (OT),8.00,9.00,9.0,8.5,17,22.7,0,0.0,21,63.6,TE,HendPe01
449,T.J. Hockenson,8.00,52,Sun,7,8,2022-10-30,25-119,DET,,MIA,L 27-31,8.00,11.00,11.0,9.5,52,86.7,0,0.0,0,0.0,TE,HockTJ00
450,Juwan Johnson,8.00,52,Sun,17,18,2025-01-05,28-114,NOR,@,TAM,L 19-27,8.00,14.00,14.0,11.0,52,78.8,0,0.0,0,0.0,TE,JohnJu02
451,Travis Kelce,8.00,71,Mon,8,9,2024-11-04,35-030,KAN,,TAM,W 30-24 (OT),8.00,22.00,26.0,15.0,71,83.5,0,0.0,0,0.0,TE,KelcTr00
452,George Kittle,8.00,51,Mon,7,7,2023-10-23,30-014,SFO,@,MIN,L 17-22,8.00,13.00,13.0,10.5,51,96.2,0,0.0,0,0.0,TE,KittGe00
453,MyCole Pruitt,8.00,20,Sun,12,13,2023-12-03,31-254,ATL,@,NYJ,W 13-8,8.00,9.00,9.0,8.5,20,29.4,0,0.0,6,21.4,TE,PruiMy00
454,Adam Trautman,8.00,27,Sun,14,15,2024-12-15,27-314,DEN,,IND,W 31-13,8.00,10.00,10.0,9.0,27,42.9,0,0.0,4,13.3,TE,TrauAd00
455,Pat Freiermuth,7.90,52,Sun,10,11,2022-11-20,24-026,PIT,,CIN,L 30-37,7.90,15.90,15.9,11.9,52,71.2,0,0.0,0,0.0,TE,FreiPa00
456,Taysom Hill,7.90,28,Sun,17,18,2024-01-07,33-137,NOR,,ATL,W 48-17,7.90,11.90,11.9,9.9,28,41.8,0,0.0,12,37.5,TE/QB,HillTa00
457,Brevin Jordan,7.90,31,Sun,16,17,2023-12-31,23-168,HOU,,TEN,W 26-3,7.90,9.90,9.9,8.9,31,50.8,0,0.0,15,62.5,TE,JordBr00
458,Cole Kmet,7.90,55,Sun,8,8,2023-10-29,24-233,CHI,@,LAC,L 13-30,7.90,17.90,17.9,12.9,55,83.3,0,0.0,1,4.5,TE,KmetCo00
459,Charlie Kolar,7.90,28,Sun,16,17,2023-12-31,24-324,BAL,,MIA,W 56-19,7.90,8.90,8.9,8.4,28,49.1,0,0.0,21,70.0,TE,KolaCh00
460,Michael Mayer,7.90,56,Sun,10,10,2023-11-12,22-129,LVR,,NYJ,W 16-12,7.90,10.90,10.9,9.4,56,87.5,0,0.0,4,14.8,TE,MayeMi00
461,Colby Parkinson,7.90,19,Sun,10,11,2024-11-17,25-314,LAR,@,NWE,W 28-22,7.90,8.90,8.9,8.4,19,36.5,0,0.0,6,22.2,TE,ParkCo02
462,Kyle Pitts,7.90,33,Sun,6,6,2022-10-16,22-010,ATL,,SFO,W 28-14,7.90,10.90,10.9,9.4,33,56.9,0,0.0,0,0.0,TE,PittKy00
463,Geoff Swaim,7.90,40,Sun,3,3,2022-09-25,29-009,TEN,,LVR,W 24-22,7.90,10.90,10.9,9.4,40,69.0,0,0.0,11,45.8,TE,SwaiGe00
464,Adam Trautman,7.90,46,Sun,13,14,2023-12-10,26-308,DEN,@,LAC,W 24-7,7.90,9.90,9.9,8.9,46,68.7,0,0.0,0,0.0,TE,TrauAd00
465,Darren Waller,7.90,49,Sun,1,1,2022-09-11,29-363,LVR,@,LAC,L 19-24,7.90,11.90,11.9,9.9,49,84.5,0,0.0,0,0.0,TE,WallDa01
466,Gerald Everett,7.80,54,Mon,5,6,2023-10-16,29-113,LAC,,DAL,L 17-20,7.80,10.80,10.8,9.3,54,74.0,0,0.0,0,0.0,TE,EverGe00
467,Mike Gesicki,7.80,30,Sun,16,17,2023-01-01,27-090,MIA,@,NWE,L 21-23,7.80,9.80,9.8,8.8,30,42.3,0,0.0,0,0.0,TE,GesiMi00
468,Elijah Higgins,7.80,36,Sun,2,2,2024-09-15,23-324,ARI,,LAR,W 41-10,7.80,8.80,8.8,8.3,36,54.5,0,0.0,4,16.0,TE,HiggEl00
469,T.J. Hockenson,7.80,59,Sun,3,3,2022-09-25,25-084,DET,@,MIN,L 24-28,7.80,10.80,10.8,9.3,59,75.6,0,0.0,0,0.0,TE,HockTJ00
470,Tucker Kraft,7.80,49,Thu,12,13,2024-11-28,24-025,GNB,,MIA,W 30-17,7.80,13.80,13.8,10.8,49,90.7,0,0.0,11,45.8,TE,KrafTu00
471,Taysom Hill,7.72,31,Mon,2,2,2023-09-18,33-026,NOR,@,CAR,W 20-17,7.72,8.72,8.7,8.2,31,40.3,0,0.0,10,37.0,TE/QB,HillTa00
472,Blake Bell,7.70,8,Sun,16,17,2023-01-01,31-147,KAN,,DEN,W 27-24,7.70,8.70,8.7,8.2,8,13.3,0,0.0,5,17.2,TE,BellBl00
473,Zach Ertz,7.70,56,Sun,8,8,2024-10-27,33-352,WAS,,CHI,W 18-15,7.70,14.70,14.7,11.2,56,75.7,0,0.0,0,0.0,TE,ErtzZa00
474,Jake Ferguson,7.70,39,Sun,4,4,2023-10-01,24-256,DAL,,NWE,W 38-3,7.70,14.70,14.7,11.2,39,55.7,0,0.0,0,0.0,TE,FergJa00
475,Pat Freiermuth,7.70,45,Sun,9,10,2024-11-10,26-016,PIT,@,WAS,W 28-27,7.70,10.70,10.7,9.2,45,57.7,0,0.0,4,12.5,TE,FreiPa00
476,Connor Heyward,7.70,14,Sun,12,13,2022-12-04,23-316,PIT,@,ATL,W 19-16,7.70,8.70,8.7,8.2,14,21.5,0,0.0,16,64.0,TE,HeywCo00
477,Foster Moreau,7.70,63,Sun,9,9,2024-11-03,27-181,NOR,@,CAR,L 22-23,7.70,8.70,8.7,8.2,63,79.7,0,0.0,4,13.8,TE,MoreFo00
478,Colby Parkinson,7.70,23,Sun,15,16,2023-12-24,24-350,SEA,@,TEN,W 20-17,7.70,10.70,10.7,9.2,23,37.1,0,0.0,6,27.3,TE,ParkCo02
479,Tommy Tremble,7.70,70,Sun,12,13,2024-12-01,24-182,CAR,,TAM,L 23-26 (OT),7.70,12.70,12.7,10.2,70,100.0,0,0.0,0,0.0,TE,TremTo00
480,Daniel Bellinger,7.60,42,Sun,2,2,2022-09-18,21-361,NYG,,CAR,W 19-16,7.60,8.60,8.6,8.1,42,57.5,0,0.0,0,0.0,TE,BellDa00
481,Brock Bowers,7.60,70,Sun,16,17,2024-12-29,22-016,LVR,@,NOR,W 25-10,7.60,14.60,14.6,11.1,70,90.9,0,0.0,0,0.0,TE,BoweBr01
482,Grant Calcaterra,7.60,53,Sun,13,14,2024-12-08,26-004,PHI,,CAR,W 22-16,7.60,10.60,10.6,9.1,53,91.4,0,0.0,4,18.2,TE,CalcGr00
483,Tyler Conklin,7.60,77,Sun,1,1,2022-09-11,27-043,NYJ,,BAL,L 9-24,7.60,11.60,11.6,9.6,77,91.7,0,0.0,3,11.1,TE,ConkTy00
484,Tyler Conklin,7.60,14,Sun,17,18,2025-01-05,29-159,NYJ,,MIA,W 32-20,7.60,9.60,9.6,8.6,14,21.9,0,0.0,0,0.0,TE,ConkTy00
485,Payne Durham,7.60,54,Sun,17,18,2025-01-05,24-204,TAM,,NOR,W 27-19,7.60,9.60,9.6,8.6,54,80.6,0,0.0,3,10.7,TE,DurhPa00
486,Pat Freiermuth,7.60,36,Sun,12,13,2022-12-04,24-040,PIT,@,ATL,W 19-16,7.60,10.60,10.6,9.1,36,55.4,0,0.0,0,0.0,TE,FreiPa00
487,Jimmy Graham,7.60,8,Sun,13,14,2023-12-10,37-016,NOR,,CAR,W 28-6,7.60,9.60,9.6,8.6,8,15.4,0,0.0,0,0.0,TE,GrahJi00
488,Kylen Granson,7.60,37,Sun,2,2,2023-09-17,25-174,IND,@,HOU,W 31-20,7.60,10.60,10.6,9.1,37,64.9,0,0.0,10,34.5,TE,GranKy00
489,Cade Otton,7.60,66,Sun,13,14,2023-12-10,24-239,TAM,@,ATL,W 29-25,7.60,9.60,9.6,8.6,66,97.1,0,0.0,0,0.0,TE,OttoCa00
490,Darren Waller,7.60,61,Sun,2,2,2023-09-17,31-004,NYG,@,ARI,W 31-28,7.60,13.60,13.6,10.6,61,89.7,0,0.0,0,0.0,TE,WallDa01
491,Nate Adkins,7.50,29,Sun,14,15,2024-12-15,25-159,DEN,,IND,W 31-13,7.50,8.50,8.5,8.0,29,46.0,0,0.0,21,70.0,TE,AdkiNa00
492,Harrison Bryant,7.50,51,Sun,9,10,2022-11-13,24-204,CLE,@,MIA,L 17-39,7.50,10.50,10.5,9.0,51,76.1,0,0.0,0,0.0,TE,BryaHa00
493,Evan Engram,7.50,60,Sun,15,16,2023-12-24,29-113,JAX,@,TAM,L 12-30,7.50,17.50,18.5,12.5,60,90.9,0,0.0,1,5.0,TE,EngrEv00
494,Zach Ertz,7.50,73,Sun,2,2,2022-09-18,31-312,ARI,@,LVR,W 29-23 (OT),7.50,15.50,15.5,11.5,73,83.9,0,0.0,0,0.0,TE,ErtzZa00
495,Gerald Everett,7.50,36,Sun,16,17,2023-01-01,28-190,LAC,,LAR,W 31-10,7.50,10.50,10.5,9.0,36,56.3,0,0.0,0,0.0,TE,EverGe00
496,Pat Freiermuth,7.50,56,Sun,1,1,2022-09-11,23-321,PIT,@,CIN,W 23-20 (OT),7.50,12.50,12.5,10.0,56,88.9,0,0.0,6,18.8,TE,FreiPa00
497,Pat Freiermuth,7.50,44,Sun,7,7,2022-10-23,23-363,PIT,@,MIA,L 10-16,7.50,15.50,15.5,11.5,44,58.7,0,0.0,0,0.0,TE,FreiPa00
498,Mike Gesicki,7.50,38,Sun,15,16,2023-12-24,28-082,NWE,@,DEN,W 26-23,7.50,9.50,9.5,8.5,38,65.5,0,0.0,0,0.0,TE,GesiMi00
499,Hunter Henry,7.50,56,Sun,13,13,2024-12-01,29-360,NWE,,IND,L 24-25,7.50,14.50,14.5,11.0,56,77.8,0,0.0,0,0.0,TE,HenrHu00
500,Dalton Kincaid,7.50,43,Sun,7,7,2023-10-22,24-004,BUF,@,NWE,L 25-29,7.50,15.50,15.5,11.5,43,60.6,0,0.0,0,0.0,TE,KincDa00
501,Tucker Kraft,7.50,54,Thu,11,12,2023-11-23,23-020,GNB,@,DET,W 29-22,7.50,9.50,9.5,8.5,54,96.4,0,0.0,13,56.5,TE,KrafTu00
502,Michael Mayer,7.50,57,Sun,6,6,2023-10-15,22-101,LVR,,NWE,W 21-17,7.50,12.50,12.5,10.0,57,81.4,0,0.0,6,24.0,TE,MayeMi00
503,Quintin Morris,7.50,18,Sun,6,6,2023-10-15,24-267,BUF,,NYG,W 14-9,7.50,8.50,8.5,8.0,18,29.5,0,0.0,12,57.1,TE,MorrQu00
504,Andrew Ogletree,7.50,24,Sun,4,4,2024-09-29,26-063,IND,,PIT,W 27-24,7.50,8.50,8.5,8.0,24,36.4,0,0.0,14,51.9,TE,OgleAn00
505,Chigoziem Okonkwo,7.50,38,Sun,1,1,2024-09-08,25-000,TEN,@,CHI,L 17-24,7.50,9.50,9.5,8.5,38,59.4,0,0.0,12,41.4,TE,OkonCh00
506,Cade Otton,7.50,62,Sun,6,6,2024-10-13,25-181,TAM,@,NOR,W 51-27,7.50,9.50,9.5,8.5,62,80.5,0,0.0,0,0.0,TE,OttoCa00
507,AJ Barner,7.40,26,Sun,12,13,2024-12-01,22-212,SEA,@,NYJ,W 26-21,7.40,9.40,9.4,8.4,26,40.6,0,0.0,5,20.8,TE,BarnAJ00
508,Kylen Granson,7.40,24,Sun,12,13,2023-12-03,25-251,IND,@,TEN,W 31-28 (OT),7.40,10.40,10.4,8.9,24,33.8,0,0.0,11,29.7,TE,GranKy00
509,Quintin Morris,7.40,13,Sat,14,15,2022-12-17,23-330,BUF,,MIA,W 32-29,7.40,8.40,8.4,7.9,13,16.7,0,0.0,25,83.3,TE,MorrQu00
510,Drew Sample,7.40,56,Sun,9,9,2024-11-03,28-201,CIN,,LVR,W 41-24,7.40,11.40,11.4,9.4,56,75.7,0,0.0,15,46.9,TE,SampDr00
511,Dalton Schultz,7.40,41,Sun,8,8,2022-10-30,26-111,DAL,,CHI,W 49-29,7.40,13.40,13.4,10.4,41,70.7,0,0.0,0,0.0,TE,SchuDa00
512,AJ Barner,7.30,19,Sun,15,16,2024-12-22,22-233,SEA,,MIN,L 24-27,7.30,9.30,9.3,8.3,19,29.7,0,0.0,17,51.5,TE,BarnAJ00
513,Tyler Higbee,7.30,69,Mon,4,4,2022-10-03,29-275,LAR,@,SFO,L 9-24,7.30,17.30,17.3,12.3,69,93.2,0,0.0,3,12.0,TE,HigbTy00
514,Tyler Higbee,7.30,48,Sun,9,10,2022-11-13,29-316,LAR,,ARI,L 17-27,7.30,15.30,15.3,11.3,48,80.0,0,0.0,3,10.7,TE,HigbTy00
515,Austin Hooper,7.30,38,Sun,4,4,2024-09-29,29-336,NWE,@,SFO,L 13-30,7.30,9.30,9.3,8.3,38,59.4,0,0.0,3,11.5,TE,HoopAu00
516,Brevin Jordan,7.30,10,Sun,3,3,2023-09-24,23-070,HOU,@,JAX,W 37-17,7.30,9.30,9.3,8.3,10,17.9,0,0.0,4,13.8,TE,JordBr00
517,Dawson Knox,7.30,48,Sun,16,18,2023-01-08,26-055,BUF,,NWE,W 35-23,7.30,9.30,9.3,8.3,48,81.4,0,0.0,0,0.0,TE,KnoxDa00
518,Foster Moreau,7.30,28,Mon,5,5,2024-10-07,27-154,NOR,@,KAN,L 13-26,7.30,9.30,9.3,8.3,28,52.8,0,0.0,2,8.3,TE,MoreFo00
519,Cade Otton,7.30,71,Sun,4,4,2023-10-01,24-169,TAM,@,NOR,W 26-9,7.30,10.30,10.3,8.8,71,100.0,0,0.0,0,0.0,TE,OttoCa00
520,Brenton Strange,7.30,69,Sun,14,15,2024-12-15,23-354,JAX,,NYJ,L 25-32,7.30,18.30,18.3,12.8,69,82.1,0,0.0,13,46.4,TE,StraBr00
521,Blake Whiteheart,7.30,21,Sun,4,4,2024-09-29,24-191,CLE,@,LVR,L 16-20,7.30,10.30,10.3,8.8,21,35.6,0,0.0,7,26.9,TE,WhitBl01
522,Taysom Hill,7.28,23,Sun,8,8,2022-10-30,32-068,NOR,,LVR,W 24-0,7.28,8.28,8.3,7.8,23,35.9,0,0.0,7,36.8,TE/QB,HillTa00
523,Nate Adkins,7.20,30,Sun,11,11,2024-11-17,25-131,DEN,,ATL,W 38-6,7.20,8.20,8.2,7.7,30,48.4,0,0.0,17,65.4,TE,AdkiNa00
524,Jordan Akins,7.20,33,Sun,9,10,2022-11-13,30-208,HOU,@,NYG,L 16-24,7.20,10.20,10.2,8.7,33,51.6,0,0.0,5,16.7,TE,AkinJo00
525,Blake Bell,7.20,26,Thu,1,1,2023-09-07,32-031,KAN,,DET,L 20-21,7.20,9.20,9.2,8.2,26,40.0,0,0.0,4,14.8,TE,BellBl00
526,Noah Fant,7.20,42,Sat,15,16,2022-12-24,25-034,SEA,@,KAN,L 10-24,7.20,9.20,9.2,8.2,42,55.3,0,0.0,2,8.3,TE,FantNo00
527,Jake Ferguson,7.20,60,Sun,13,14,2023-12-10,24-326,DAL,,PHI,W 33-13,7.20,12.20,12.2,9.7,60,73.2,0,0.0,0,0.0,TE,FergJa00
528,Dallas Goedert,7.20,74,Sun,4,4,2022-10-02,27-272,PHI,,JAX,W 29-21,7.20,12.20,12.2,9.7,74,90.2,0,0.0,0,0.0,TE,GoedDa00
529,T.J. Hockenson,7.20,39,Sun,9,10,2024-11-10,27-130,MIN,@,JAX,W 12-7,7.20,15.20,15.2,11.2,39,46.4,0,0.0,0,0.0,TE,HockTJ00
530,Cole Kmet,7.20,52,Sun,13,13,2022-12-04,23-269,CHI,,GNB,L 19-28,7.20,13.20,13.2,10.2,52,100.0,0,0.0,0,0.0,TE,KmetCo00
531,Dawson Knox,7.20,42,Mon,6,6,2024-10-14,27-335,BUF,@,NYJ,W 23-20,7.20,8.20,8.2,7.7,42,60.9,0,0.0,0,0.0,TE,KnoxDa00
532,Isaiah Likely,7.20,17,Sun,16,17,2023-01-01,22-258,BAL,,PIT,L 13-16,7.20,10.20,10.2,8.7,17,32.7,0,0.0,9,39.1,TE,LikeIs00
533,Brenton Strange,7.20,50,Mon,3,3,2024-09-23,23-271,JAX,@,BUF,L 10-47,7.20,9.20,9.2,8.2,50,70.4,0,0.0,2,8.0,TE,StraBr00
534,Brock Bowers,7.10,50,Sun,6,6,2024-10-13,21-305,LVR,,PIT,L 13-32,7.10,16.10,16.1,11.6,50,79.4,0,0.0,0,0.0,TE,BoweBr01
535,Gerald Everett,7.10,50,Thu,2,2,2022-09-15,28-082,LAC,@,KAN,L 24-27,7.10,13.10,13.1,10.1,50,66.7,0,0.0,0,0.0,TE,EverGe00
536,Jake Ferguson,7.10,52,Sun,2,2,2023-09-17,24-242,DAL,,NYJ,W 30-10,7.10,10.10,10.1,8.6,52,59.8,0,0.0,0,0.0,TE,FergJa00
537,Jake Ferguson,7.10,63,Sun,8,9,2024-11-03,25-290,DAL,@,ATL,L 21-27,7.10,14.10,14.1,10.6,63,81.8,0,0.0,0,0.0,TE,FergJa00
538,Dallas Goedert,7.10,64,Mon,15,16,2023-12-25,28-356,PHI,,NYG,W 33-25,7.10,14.10,14.1,10.6,64,85.3,0,0.0,0,0.0,TE,GoedDa00
539,Tyler Higbee,7.10,61,Sun,2,2,2022-09-18,29-260,LAR,,ATL,W 31-27,7.10,14.10,14.1,10.6,61,96.8,0,0.0,2,8.7,TE,HigbTy00
540,Tyler Higbee,7.10,53,Mon,3,3,2023-09-25,30-267,LAR,@,CIN,L 16-19,7.10,12.10,12.1,9.6,53,96.4,0,0.0,0,0.0,TE,HigbTy00
541,Tyler Higbee,7.10,14,Sun,15,16,2024-12-22,31-356,LAR,@,NYJ,W 19-9,7.10,8.10,8.1,7.6,14,26.9,0,0.0,0,0.0,TE,HigbTy00
542,Travis Kelce,7.10,55,Sun,13,14,2022-12-11,33-067,KAN,@,DEN,W 34-28,7.10,11.10,11.1,9.1,55,80.9,0,0.0,0,0.0,TE,KelcTr00
543,Cole Kmet,7.10,75,Sun,8,8,2022-10-30,23-234,CHI,@,DAL,L 29-49,7.10,9.10,9.1,8.1,75,94.9,0,0.0,3,10.3,TE,KmetCo00
544,Trey McBride,7.10,42,Sun,10,10,2024-11-10,24-354,ARI,,NYJ,W 31-6,7.10,11.10,11.1,9.1,42,71.2,0,0.0,5,27.8,TE,McBrTr01
545,David Njoku,7.10,37,Sun,7,7,2022-10-23,26-105,CLE,@,BAL,L 20-23,7.10,14.10,14.1,10.6,37,61.7,0,0.0,0,0.0,TE,NjokDa00
546,Drew Sample,7.10,19,Sun,11,12,2023-11-26,27-224,CIN,,PIT,L 10-16,7.10,8.10,8.1,7.6,19,44.2,0,0.0,13,54.2,TE,SampDr00
547,Dalton Schultz,7.10,66,Sun,9,10,2023-11-12,27-124,HOU,@,CIN,W 30-27,7.10,11.10,11.1,9.1,66,88.0,0,0.0,1,3.1,TE,SchuDa00
548,Kenny Yeboah,7.10,3,Sun,11,11,2024-11-17,26-018,NYJ,,IND,L 27-28,7.10,8.10,8.1,7.6,3,5.9,0,0.0,26,83.9,TE,YeboKe00
549,Mark Andrews,7.00,61,Sun,11,12,2022-11-27,27-082,BAL,@,JAX,L 27-28,7.00,11.00,11.0,9.0,61,84.7,0,0.0,0,0.0,TE,AndrMa00
550,Lawrence Cager,7.00,13,Sun,10,10,2023-11-12,26-084,NYG,@,DAL,L 17-49,7.00,8.00,8.0,7.5,13,22.8,0,0.0,12,38.7,TE,CageLa01
551,Tyler Conklin,7.00,42,Sun,9,10,2023-11-12,28-105,NYJ,@,LVR,L 12-16,7.00,14.00,14.0,10.5,42,63.6,0,0.0,0,0.0,TE,ConkTy00
552,Zach Ertz,7.00,68,Sun,6,6,2022-10-16,31-340,ARI,@,SEA,L 9-19,7.00,14.00,14.0,10.5,68,95.8,0,0.0,0,0.0,TE,ErtzZa00
553,Zach Ertz,7.00,43,Sun,5,5,2023-10-08,32-332,ARI,,CIN,L 20-34,7.00,9.00,9.0,8.0,43,75.4,0,0.0,0,0.0,TE,ErtzZa00
554,Jake Ferguson,7.00,57,Sun,5,5,2024-10-06,25-262,DAL,@,PIT,W 20-17,7.00,13.00,13.0,10.0,57,75.0,0,0.0,0,0.0,TE,FergJa00
555,Jody Fortson,7.00,23,Sun,4,4,2022-10-02,26-299,KAN,@,TAM,W 41-31,7.00,8.00,8.0,7.5,23,28.8,0,0.0,17,56.7,TE,FortJo01
556,Hunter Henry,7.00,39,Mon,13,14,2022-12-12,28-005,NWE,@,ARI,W 27-13,7.00,10.00,10.0,8.5,39,66.1,0,0.0,4,15.4,TE,HenrHu00
557,T.J. Hockenson,7.00,60,Sun,8,9,2022-11-06,25-126,MIN,@,WAS,W 20-17,7.00,16.00,16.0,11.5,60,90.9,0,0.0,0,0.0,TE,HockTJ00
558,Travis Kelce,7.00,65,Mon,5,5,2024-10-07,35-002,KAN,,NOR,W 26-13,7.00,16.00,16.0,11.5,65,77.4,0,0.0,0,0.0,TE,KelcTr00
559,Dawson Knox,7.00,52,Sun,7,8,2022-10-30,25-350,BUF,,GNB,W 27-17,7.00,9.00,9.0,8.0,52,88.1,0,0.0,0,0.0,TE,KnoxDa00
560,Dawson Knox,7.00,52,Sun,10,11,2022-11-20,26-006,BUF,,CLE,W 31-23,7.00,14.00,14.0,10.5,52,80.0,0,0.0,2,6.7,TE,KnoxDa00
561,Dawson Knox,7.00,55,Sun,2,2,2023-09-17,26-307,BUF,,LVR,W 38-10,7.00,10.00,10.0,8.5,55,70.5,0,0.0,0,0.0,TE,KnoxDa00
562,Trey McBride,7.00,67,Sun,13,14,2024-12-08,25-016,ARI,,SEA,L 18-30,7.00,14.00,14.0,10.5,67,94.4,0,0.0,0,0.0,TE,McBrTr01
563,Josh Oliver,7.00,46,Sun,4,4,2024-09-29,27-192,MIN,@,GNB,W 31-29,7.00,9.00,9.0,8.0,46,67.6,0,0.0,3,10.3,TE,OlivJo00
564,Cade Otton,7.00,60,Sun,13,14,2024-12-08,25-237,TAM,,LVR,W 28-13,7.00,10.00,10.0,8.5,60,96.8,0,0.0,0,0.0,TE,OttoCa00
565,Kyle Pitts,7.00,45,Sun,6,6,2024-10-13,24-007,ATL,@,CAR,W 38-20,7.00,10.00,10.0,8.5,45,64.3,0,0.0,0,0.0,TE,PittKy00
566,Mark Andrews,6.90,60,Sun,6,6,2023-10-15,28-039,BAL,@,TEN,W 24-16,6.90,10.90,10.9,8.9,60,84.5,0,0.0,1,3.2,TE,AndrMa00
567,Evan Engram,6.90,56,Sun,5,5,2022-10-09,28-037,JAX,,HOU,L 6-13,6.90,12.90,12.9,9.9,56,74.7,0,0.0,0,0.0,TE,EngrEv00
568,Jake Ferguson,6.90,52,Sun,17,18,2024-01-07,24-354,DAL,@,WAS,W 38-10,6.90,12.90,12.9,9.9,52,72.2,0,0.0,0,0.0,TE,FergJa00
569,Jimmy Graham,6.90,10,Sun,14,15,2023-12-17,37-023,NOR,,NYG,W 24-6,6.90,8.90,8.9,7.9,10,16.1,0,0.0,0,0.0,TE,GrahJi00
570,T.J. Hockenson,6.90,63,Sun,9,9,2023-11-05,26-125,MIN,@,ATL,W 31-28,6.90,13.90,13.9,10.4,63,84.0,0,0.0,0,0.0,TE,HockTJ00
571,Cole Kmet,6.90,57,Sun,15,16,2024-12-22,25-287,CHI,,DET,L 17-34,6.90,8.90,8.9,7.9,57,89.1,0,0.0,3,12.0,TE,KmetCo00
572,Isaiah Likely,6.90,48,Wed,16,17,2024-12-25,24-251,BAL,@,HOU,W 31-2,6.90,7.90,7.9,7.4,48,76.2,0,0.0,0,0.0,TE,LikeIs00
573,MyCole Pruitt,6.90,32,Sun,12,12,2022-11-27,30-248,ATL,@,WAS,L 13-19,6.90,8.90,8.9,7.9,32,56.1,0,0.0,9,37.5,TE,PruiMy00
574,Durham Smythe,6.90,33,Sun,5,5,2022-10-09,27-061,MIA,@,NYJ,L 17-40,6.90,7.90,7.9,7.4,33,49.3,0,0.0,10,34.5,TE,SmytDu00
575,Nick Vannett,6.90,15,Sun,3,3,2024-09-22,31-200,TEN,,GNB,L 14-30,6.90,8.90,8.9,7.9,15,27.8,0,0.0,12,42.9,TE,VannNi00
576,Jordan Akins,6.80,26,Sun,6,7,2022-10-23,30-187,HOU,@,LVR,L 20-38,6.80,9.80,9.8,8.3,26,40.0,0,0.0,1,3.7,TE,AkinJo00
577,Evan Engram,6.80,56,Sun,8,8,2023-10-29,29-057,JAX,@,PIT,W 20-10,6.80,16.80,17.8,11.8,56,78.9,0,0.0,0,0.0,TE,EngrEv00
578,Zach Ertz,6.80,47,Sun,6,6,2024-10-13,33-338,WAS,@,BAL,L 23-30,6.80,10.80,10.8,8.8,47,79.7,0,0.0,0,0.0,TE,ErtzZa00
579,Gerald Everett,6.80,30,Sun,17,18,2023-01-08,28-197,LAC,@,DEN,L 28-31,6.80,9.80,9.8,8.3,30,44.1,0,0.0,0,0.0,TE,EverGe00
580,Mike Gesicki,6.80,51,Sat,17,18,2025-01-04,29-093,CIN,@,PIT,W 19-17,6.80,14.80,14.8,10.8,51,68.9,0,0.0,0,0.0,TE,GesiMi00
581,Jimmy Graham,6.80,17,Sun,3,3,2023-09-24,36-304,NOR,@,GNB,L 17-18,6.80,7.80,7.8,7.3,17,27.9,0,0.0,0,0.0,TE,GrahJi00
582,T.J. Hockenson,6.80,50,Sun,16,17,2024-12-29,27-179,MIN,,GNB,W 27-25,6.80,11.80,11.8,9.3,50,69.4,0,0.0,0,0.0,TE,HockTJ00
583,Austin Hooper,6.80,36,Sun,13,14,2022-12-11,28-043,TEN,,JAX,L 22-36,6.80,11.80,11.8,9.3,36,53.7,0,0.0,0,0.0,TE,HoopAu00
584,Travis Kelce,6.80,64,Fri,12,13,2024-11-29,35-055,KAN,,LVR,W 19-17,6.80,13.80,13.8,10.3,64,90.1,0,0.0,0,0.0,TE,KelcTr00
585,George Kittle,6.80,55,Sun,12,13,2023-12-03,30-055,SFO,@,PHI,W 42-19,6.80,10.80,10.8,8.8,55,93.2,0,0.0,1,3.8,TE,KittGe00
586,Michael Mayer,6.80,54,Sun,13,14,2024-12-08,23-155,LVR,@,TAM,L 13-28,6.80,13.80,13.8,10.3,54,80.6,0,0.0,3,13.0,TE,MayeMi00
587,James Mitchell,6.80,13,Sun,8,9,2022-11-06,23-087,DET,,GNB,W 15-9,6.80,8.80,8.8,7.8,13,21.0,0,0.0,5,38.5,TE,MitcJa00
588,Chigoziem Okonkwo,6.80,32,Sun,12,13,2022-12-04,23-087,TEN,@,PHI,L 10-35,6.80,10.80,10.8,8.8,32,58.2,0,0.0,18,62.1,TE,OkonCh00
589,Josh Oliver,6.80,24,Sun,3,3,2022-09-25,25-188,BAL,@,NWE,W 37-26,6.80,8.80,8.8,7.8,24,40.0,0,0.0,9,33.3,TE,OlivJo00
590,Teagan Quitoriano,6.80,51,Sun,14,15,2022-12-18,22-278,HOU,,KAN,L 24-30 (OT),6.80,7.80,7.8,7.3,51,81.0,0,0.0,4,14.3,TE,QuitTe00
591,Kyle Rudolph,6.80,11,Sun,17,18,2023-01-08,33-060,TAM,@,ATL,L 17-30,6.80,7.80,7.8,7.3,11,20.0,0,0.0,0,0.0,TE,RudoKy00
592,Ja'Tavion Sanders,6.80,53,Sun,10,10,2024-11-10,21-228,CAR,,NYG,W 20-17 (OT),6.80,8.80,8.8,7.8,53,88.3,0,0.0,4,13.3,TE,SandJa01
593,Adam Trautman,6.80,61,Sun,11,12,2023-11-26,26-294,DEN,,CLE,W 29-12,6.80,7.80,7.8,7.3,61,91.0,0,0.0,1,3.8,TE,TrauAd00
594,Nick Vannett,6.80,13,Sun,16,17,2024-12-29,31-298,TEN,@,JAX,L 13-20,6.80,7.80,7.8,7.3,13,18.8,0,0.0,8,38.1,TE,VannNi00
595,Brock Wright,6.80,20,Sun,7,8,2024-10-27,25-335,DET,,TEN,W 52-14,6.80,7.80,7.8,7.3,20,41.7,0,0.0,11,33.3,TE,WrigBr01
596,Grant Calcaterra,6.70,57,Sun,5,6,2024-10-13,25-314,PHI,,CLE,W 20-16,6.70,10.70,10.7,8.7,57,91.9,0,0.0,3,11.1,TE,CalcGr00
597,Tyler Conklin,6.70,36,Sun,5,5,2023-10-08,28-070,NYJ,@,DEN,W 31-21,6.70,10.70,10.7,8.7,36,55.4,0,0.0,1,3.1,TE,ConkTy00
598,Tyler Conklin,6.70,49,Sun,7,7,2024-10-20,29-082,NYJ,@,PIT,L 15-37,6.70,10.70,10.7,8.7,49,86.0,0,0.0,0,0.0,TE,ConkTy00
599,Evan Engram,6.70,60,Sun,7,7,2022-10-23,28-051,JAX,,NYG,L 17-23,6.70,10.70,10.7,8.7,60,84.5,0,0.0,0,0.0,TE,EngrEv00
600,Evan Engram,6.70,52,Sun,3,3,2023-09-24,29-022,JAX,,HOU,L 17-37,6.70,13.70,13.7,10.2,52,71.2,0,0.0,0,0.0,TE,EngrEv00
601,Dallas Goedert,6.70,67,Sat,15,16,2022-12-24,27-355,PHI,@,DAL,L 34-40,6.70,9.70,9.7,8.2,67,94.4,0,0.0,0,0.0,TE,GoedDa00
602,Kylen Granson,6.70,45,Sun,6,6,2023-10-15,25-202,IND,@,JAX,L 20-37,6.70,9.70,9.7,8.2,45,57.7,0,0.0,11,35.5,TE,GranKy00
603,E.J. Jenkins,6.70,51,Sun,17,18,2025-01-05,26-063,PHI,,NYG,W 20-13,6.70,7.70,7.7,7.2,51,75.0,0,0.0,15,62.5,TE,JenkEJ00
604,Tyler Mabry,6.70,3,Sun,16,17,2023-01-01,26-041,SEA,,NYJ,W 23-6,6.70,7.70,7.7,7.2,3,4.2,0,0.0,9,36.0,TE,MabrTy00
605,MyCole Pruitt,6.70,27,Sun,13,13,2022-12-04,30-255,ATL,,PIT,L 16-19,6.70,7.70,7.7,7.2,27,50.0,0,0.0,10,40.0,TE,PruiMy00
606,Irv Smith Jr.,6.70,33,Sun,6,6,2022-10-16,24-068,MIN,@,MIA,W 24-16,6.70,10.70,10.7,8.7,33,63.5,0,0.0,1,3.2,TE,SmitIr01
607,Tyler Conklin,6.60,50,Mon,8,9,2023-11-06,28-099,NYJ,,LAC,L 6-27,6.60,12.60,12.6,9.6,50,61.7,0,0.0,0,0.0,TE,ConkTy00
608,Pat Freiermuth,6.60,55,Sat,15,16,2022-12-24,24-060,PIT,,LVR,W 13-10,6.60,13.60,13.6,10.1,55,80.9,0,0.0,0,0.0,TE,FreiPa00
609,Jimmy Graham,6.60,2,Sun,12,13,2023-12-03,37-009,NOR,,DET,L 28-33,6.60,7.60,7.6,7.1,2,3.0,0,0.0,0,0.0,TE,GrahJi00
610,Noah Gray,6.60,47,Sun,6,7,2024-10-20,25-173,KAN,@,SFO,W 28-18,6.60,10.60,10.6,8.6,47,67.1,0,0.0,13,54.2,TE,GrayNo00
611,Juwan Johnson,6.60,46,Sun,16,17,2024-12-29,28-107,NOR,,LVR,L 10-25,6.60,12.60,12.6,9.6,46,76.7,0,0.0,0,0.0,TE,JohnJu02
612,Cole Kmet,6.60,60,Sun,13,14,2023-12-10,24-275,CHI,,DET,W 28-13,6.60,11.60,11.6,9.1,60,84.5,0,0.0,5,20.8,TE,KmetCo00
613,Foster Moreau,6.60,48,Sun,5,5,2023-10-08,26-155,NOR,@,NWE,W 34-0,6.60,7.60,7.6,7.1,48,66.7,0,0.0,9,29.0,TE,MoreFo00
614,David Njoku,6.60,41,Sun,15,16,2024-12-22,28-165,CLE,@,CIN,L 6-24,6.60,14.60,14.6,10.6,41,62.1,0,0.0,0,0.0,TE,NjokDa00
615,Dalton Schultz,6.60,48,Sun,10,10,2024-11-10,28-122,HOU,,DET,L 23-26,6.60,9.60,9.6,8.1,48,70.6,0,0.0,0,0.0,TE,SchuDa00
616,Ben Sinnott,6.60,31,Sun,7,7,2024-10-20,22-128,WAS,,CAR,W 40-7,6.60,8.60,8.6,7.6,31,44.9,0,0.0,3,11.5,TE,SinnBe00
617,Taysom Hill,6.56,24,Sun,11,11,2022-11-20,32-089,NOR,,LAR,W 27-20,6.56,7.56,7.6,7.1,24,42.1,0,0.0,11,35.5,TE/QB,HillTa00
618,Mark Andrews,6.50,66,Sun,5,5,2023-10-08,28-032,BAL,@,PIT,L 10-17,6.50,12.50,12.5,9.5,66,94.3,0,0.0,0,0.0,TE,AndrMa00
619,Harrison Bryant,6.50,27,Sun,1,1,2023-09-10,25-140,CLE,,CIN,W 24-3,6.50,8.50,8.5,7.5,27,36.5,0,0.0,9,29.0,TE,BryaHa00
620,Evan Engram,6.50,43,Sun,9,9,2024-11-03,30-062,JAX,@,PHI,L 23-28,6.50,11.50,11.5,9.0,43,79.6,0,0.0,0,0.0,TE,EngrEv00
621,Noah Fant,6.50,32,Sun,7,7,2024-10-20,26-335,SEA,@,ATL,W 34-14,6.50,10.50,10.5,8.5,32,53.3,0,0.0,0,0.0,TE,FantNo00
622,Mike Gesicki,6.50,30,Sun,7,7,2023-10-22,28-019,NWE,,BUF,W 29-25,6.50,8.50,8.5,7.5,30,50.0,0,0.0,0,0.0,TE,GesiMi00
623,Peyton Hendershot,6.50,19,Sun,7,7,2022-10-23,23-183,DAL,,DET,W 24-6,6.50,8.50,8.5,7.5,19,30.2,0,0.0,15,68.2,TE,HendPe01
624,Ko Kieft,6.50,16,Sun,11,12,2022-11-27,24-311,TAM,@,CLE,L 17-23 (OT),6.50,7.50,7.5,7.0,16,23.2,0,0.0,18,58.1,TE,KiefKo00
625,Tucker Kraft,6.50,43,Mon,15,16,2024-12-23,24-050,GNB,,NOR,W 34-0,6.50,9.50,9.5,8.0,43,62.3,0,0.0,6,28.6,TE,KrafTu00
626,Kyle Pitts,6.50,55,Sun,7,7,2024-10-20,24-014,ATL,,SEA,L 14-34,6.50,13.50,13.5,10.0,55,75.3,0,0.0,0,0.0,TE,PittKy00
627,Brenton Strange,6.50,41,Sun,2,2,2024-09-15,23-263,JAX,,CLE,L 13-18,6.50,9.50,9.5,8.0,41,68.3,0,0.0,17,63.0,TE,StraBr00
628,Logan Thomas,6.50,46,Sun,11,11,2022-11-20,31-142,WAS,@,HOU,W 23-10,6.50,11.50,11.5,9.0,46,67.6,0,0.0,0,0.0,TE,ThomLo00
629,Darnell Washington,6.50,29,Sun,2,2,2024-09-15,23-029,PIT,@,DEN,W 13-6,6.50,7.50,7.5,7.0,29,43.9,0,0.0,6,24.0,TE,WashDa03
630,Brock Wright,6.50,65,Sun,10,11,2024-11-17,25-356,DET,,JAX,W 52-6,6.50,7.50,7.5,7.0,65,82.3,0,0.0,8,30.8,TE,WrigBr01
631,Mo Alie-Cox,6.40,44,Sun,17,18,2023-01-08,29-111,IND,,HOU,L 31-32,6.40,7.40,7.4,6.9,44,60.3,0,0.0,7,25.9,TE,AlieMo00
632,Dallas Goedert,6.40,42,Sun,7,8,2022-10-30,27-300,PHI,,PIT,W 35-13,6.40,12.40,12.4,9.4,42,73.7,0,0.0,0,0.0,TE,GoedDa00
633,Tyler Higbee,6.40,77,Sun,4,4,2023-10-01,30-273,LAR,@,IND,W 29-23 (OT),6.40,11.40,11.4,8.9,77,93.9,0,0.0,0,0.0,TE,HigbTy00
634,Austin Hooper,6.40,41,Sun,10,10,2024-11-10,30-012,NWE,@,CHI,W 19-3,6.40,9.40,9.4,7.9,41,64.1,0,0.0,6,22.2,TE,HoopAu00
635,Brevin Jordan,6.40,51,Sun,12,13,2023-12-03,23-140,HOU,,DEN,W 22-17,6.40,9.40,9.4,7.9,51,75.0,0,0.0,0,0.0,TE,JordBr00
636,Cole Kmet,6.40,76,Sun,11,12,2024-11-24,25-259,CHI,,MIN,L 27-30 (OT),6.40,13.40,13.4,9.9,76,100.0,0,0.0,3,9.7,TE,KmetCo00
637,Tucker Kraft,6.40,68,Mon,13,14,2023-12-11,23-038,GNB,@,NYG,L 22-24,6.40,10.40,10.4,8.4,68,100.0,0,0.0,12,44.4,TE,KrafTu00
638,Luke Musgrave,6.40,50,Sun,9,10,2023-11-12,23-071,GNB,@,PIT,L 19-23,6.40,8.40,8.4,7.4,50,73.5,0,0.0,10,34.5,TE,MusgLu00
639,Chigoziem Okonkwo,6.40,50,Sun,12,13,2023-12-03,24-086,TEN,,IND,L 28-31 (OT),6.40,9.40,9.4,7.9,50,58.8,0,0.0,14,37.8,TE,OkonCh00
640,Josh Oliver,6.40,27,Sun,3,3,2023-09-24,26-187,MIN,,LAC,L 24-28,6.40,8.40,8.4,7.4,27,32.9,0,0.0,9,36.0,TE,OlivJo00
641,Cade Otton,6.40,54,Sun,7,7,2022-10-23,23-191,TAM,@,CAR,L 3-21,6.40,10.40,10.4,8.4,54,80.6,0,0.0,6,25.0,TE,OttoCa00
642,Durham Smythe,6.40,37,Sun,11,12,2022-11-27,27-110,MIA,,HOU,W 30-15,6.40,7.40,7.4,6.9,37,48.7,0,0.0,16,53.3,TE,SmytDu00
643,Tommy Tremble,6.40,36,Sun,7,8,2023-10-29,23-149,CAR,,HOU,W 15-13,6.40,8.40,8.4,7.4,36,53.7,0,0.0,13,54.2,TE,TremTo00
644,Tommy Tremble,6.40,45,Sun,10,11,2023-11-19,23-170,CAR,,DAL,L 10-33,6.40,7.40,7.4,6.9,45,76.3,0,0.0,15,55.6,TE,TremTo00
645,Nate Adkins,6.30,35,Sun,8,8,2024-10-27,25-110,DEN,,CAR,W 28-14,6.30,7.30,7.3,6.8,35,47.9,0,0.0,15,62.5,TE,AdkiNa00
646,Mark Andrews,6.30,64,Sun,10,11,2022-11-20,27-075,BAL,,CAR,W 13-3,6.30,12.30,12.3,9.3,64,92.8,0,0.0,0,0.0,TE,AndrMa00
647,Gerald Everett,6.30,40,Sun,7,7,2022-10-23,28-120,LAC,,SEA,L 23-37,6.30,11.30,11.3,8.8,40,56.3,0,0.0,0,0.0,TE,EverGe00
648,Noah Fant,6.30,25,Mon,4,4,2023-10-02,25-316,SEA,@,NYG,W 24-3,6.30,8.30,8.3,7.3,25,45.5,0,0.0,0,0.0,TE,FantNo00
649,Noah Fant,6.30,54,Thu,6,6,2024-10-10,26-325,SEA,,SFO,L 24-36,6.30,12.30,12.3,9.3,54,69.2,0,0.0,0,0.0,TE,FantNo00
650,Pat Freiermuth,6.30,32,Sun,1,1,2023-09-10,24-320,PIT,,SFO,L 7-30,6.30,7.30,7.3,6.8,32,50.8,0,0.0,1,3.8,TE,FreiPa00
651,Dallas Goedert,6.30,50,Mon,9,10,2022-11-14,27-315,PHI,,WAS,L 21-32,6.30,9.30,10.3,7.8,50,100.0,0,0.0,0,0.0,TE,GoedDa00
652,Hunter Henry,6.30,67,Sun,11,11,2024-11-17,29-346,NWE,,LAR,L 22-28,6.30,12.30,12.3,9.3,67,88.2,0,0.0,0,0.0,TE,HenrHu00
653,T.J. Hockenson,6.30,59,Sat,14,15,2023-12-16,26-166,MIN,@,CIN,L 24-27 (OT),6.30,12.30,12.3,9.3,59,86.8,0,0.0,0,0.0,TE,HockTJ00
654,Sam LaPorta,6.30,54,Sun,2,2,2023-09-17,22-248,DET,,SEA,L 31-37 (OT),6.30,11.30,11.3,8.8,54,81.8,0,0.0,0,0.0,TE,LaPoSa01
655,Sam LaPorta,6.30,68,Sun,17,18,2025-01-05,23-359,DET,,MIN,W 31-9,6.30,13.30,13.3,9.8,68,100.0,0,0.0,0,0.0,TE,LaPoSa01
656,Donald Parham,6.30,26,Sun,16,17,2023-01-01,25-138,LAC,,LAR,W 31-10,6.30,7.30,7.3,6.8,26,40.6,0,0.0,0,0.0,TE,ParhDo00
657,Eric Tomlinson,6.30,25,Sun,17,18,2023-01-08,30-261,DEN,,LAC,W 31-28,6.30,7.30,7.3,6.8,25,38.5,0,0.0,5,16.1,TE,TomlEr01
658,Tommy Tremble,6.30,46,Sun,13,14,2024-12-08,24-189,CAR,@,PHI,L 16-22,6.30,7.30,7.3,6.8,46,64.8,0,0.0,4,18.2,TE,TremTo00
659,Mo Alie-Cox,6.20,18,Sun,13,14,2023-12-10,30-082,IND,@,CIN,L 14-34,6.20,7.20,7.2,6.7,18,28.1,0,0.0,4,14.8,TE,AlieMo00
660,Evan Engram,6.20,60,Sun,14,15,2022-12-18,28-107,JAX,,DAL,W 40-34 (OT),6.20,14.20,14.2,10.2,60,85.7,0,0.0,0,0.0,TE,EngrEv00
661,Zach Ertz,6.20,47,Sun,2,2,2024-09-15,33-310,WAS,,NYG,W 21-18,6.20,10.20,10.2,8.2,47,65.3,0,0.0,0,0.0,TE,ErtzZa00
662,Noah Fant,6.20,41,Sun,4,4,2022-10-02,24-316,SEA,@,DET,W 48-45,6.20,7.20,7.2,6.7,41,58.6,0,0.0,3,9.1,TE,FantNo00
663,Pat Freiermuth,6.20,46,Sun,5,5,2024-10-06,25-347,PIT,,DAL,L 17-20,6.20,9.20,10.2,7.7,46,79.3,0,0.0,3,12.5,TE,FreiPa00
664,Dallas Goedert,6.20,36,Sun,4,4,2024-09-29,29-270,PHI,@,TAM,L 16-33,6.20,13.20,13.2,9.7,36,63.2,0,0.0,0,0.0,TE,GoedDa00
665,Kylen Granson,6.20,30,Sun,4,4,2022-10-02,24-189,IND,,TEN,L 17-24,6.20,10.20,10.2,8.2,30,45.5,0,0.0,9,39.1,TE,GranKy00
666,Kylen Granson,6.20,28,Sun,15,16,2023-12-24,25-272,IND,@,ATL,L 10-29,6.20,11.20,11.2,8.7,28,39.4,0,0.0,13,46.4,TE,GranKy00
667,Noah Gray,6.20,24,Sun,12,13,2023-12-03,24-217,KAN,@,GNB,L 19-27,6.20,7.20,7.2,6.7,24,35.8,0,0.0,11,50.0,TE,GrayNo00
668,Peyton Hendershot,6.20,20,Thu,11,12,2022-11-24,23-215,DAL,,NYG,W 28-20,6.20,6.20,6.2,6.2,20,26.7,0,0.0,14,60.9,TE,HendPe01
669,Tyler Higbee,6.20,58,Sun,16,17,2023-12-31,30-364,LAR,@,NYG,W 26-25,6.20,12.20,12.2,9.2,58,93.5,0,0.0,1,3.3,TE,HigbTy00
670,Elijah Higgins,6.20,24,Sun,5,5,2024-10-06,23-345,ARI,@,SFO,W 24-23,6.20,7.20,7.2,6.7,24,41.4,0,0.0,13,54.2,TE,HiggEl00
671,Juwan Johnson,6.20,46,Sun,16,17,2023-01-01,26-110,NOR,@,PHI,W 20-10,6.20,11.20,11.2,8.7,46,66.7,0,0.0,12,46.2,TE,JohnJu02
672,Travis Kelce,6.20,66,Sun,11,12,2024-11-24,35-050,KAN,@,CAR,W 30-27,6.20,12.20,12.2,9.2,66,89.2,0,0.0,0,0.0,TE,KelcTr00
673,Ko Kieft,6.20,13,Sun,14,15,2023-12-17,25-331,TAM,@,GNB,W 34-20,6.20,7.20,7.2,6.7,13,21.0,0,0.0,19,76.0,TE,KiefKo00
674,Marcedes Lewis,6.20,32,Sun,5,5,2022-10-09,38-143,GNB,,NYG,L 22-27,6.20,7.20,7.2,6.7,32,50.8,0,0.0,4,15.4,TE,LewiMa00
675,Chris Manhertz,6.20,16,Sun,9,9,2024-11-03,32-207,NYG,,WAS,L 22-27,6.20,7.20,7.2,6.7,16,24.6,0,0.0,4,18.2,TE,ManhCh00
676,Trey McBride,6.20,44,Sun,6,6,2023-10-15,23-327,ARI,@,LAR,L 9-26,6.20,10.20,10.2,8.2,44,57.9,0,0.0,6,22.2,TE,McBrTr01
677,Quintin Morris,6.20,8,Sun,9,9,2024-11-03,25-287,BUF,,MIA,W 30-27,6.20,7.20,7.2,6.7,8,12.1,0,0.0,20,80.0,TE,MorrQu00
678,Johnny Mundt,6.20,51,Sun,3,3,2024-09-22,29-304,MIN,,HOU,W 34-7,6.20,7.20,7.2,6.7,51,81.0,0,0.0,1,3.8,TE,MundJo00
679,MyCole Pruitt,6.20,16,Sun,6,6,2022-10-16,30-206,ATL,,SFO,W 28-14,6.20,7.20,7.2,6.7,16,27.6,0,0.0,0,0.0,TE,PruiMy00
680,Teagan Quitoriano,6.20,18,Thu,8,9,2022-11-03,22-233,HOU,,PHI,L 17-29,6.20,7.20,7.2,6.7,18,30.0,0,0.0,0,0.0,TE,QuitTe00
681,Eric Saubert,6.20,10,Sun,15,16,2024-12-22,30-235,SFO,@,MIA,L 17-29,6.20,7.20,7.2,6.7,10,15.6,0,0.0,21,75.0,TE,SaubEr00
682,Dalton Schultz,6.20,69,Sun,1,1,2022-09-11,26-062,DAL,,TAM,L 3-19,6.20,13.20,13.2,9.7,69,100.0,0,0.0,0,0.0,TE,SchuDa00
683,Jonnu Smith,6.20,37,Sun,15,16,2024-12-22,29-122,MIA,,SFO,W 29-17,6.20,12.20,12.2,9.2,37,55.2,0,0.0,0,0.0,TE,SmitJo01
684,Brock Wright,6.20,46,Sun,9,10,2022-11-13,23-351,DET,@,CHI,W 31-30,6.20,7.20,7.2,6.7,46,74.2,0,0.0,11,37.9,TE,WrigBr01
685,Jake Ferguson,6.10,32,Sun,8,8,2022-10-30,23-285,DAL,,CHI,W 49-29,6.10,7.10,7.1,6.6,32,55.2,0,0.0,7,24.1,TE,FergJa00
686,Jody Fortson,6.10,24,Sun,1,1,2022-09-11,26-278,KAN,@,ARI,W 44-21,6.10,7.10,7.1,6.6,24,34.3,0,0.0,17,63.0,TE,FortJo01
687,Dallas Goedert,6.10,63,Thu,10,11,2024-11-14,29-316,PHI,,WAS,W 26-18,6.10,11.10,11.1,8.6,63,88.7,0,0.0,1,3.7,TE,GoedDa00
688,Noah Gray,6.10,46,Sun,4,4,2022-10-02,23-155,KAN,@,TAM,W 41-31,6.10,6.10,6.1,6.1,46,57.5,0,0.0,17,56.7,TE,GrayNo00
689,Tyler Higbee,6.10,45,Sun,3,3,2022-09-25,29-267,LAR,@,ARI,W 20-12,6.10,10.10,10.1,8.1,45,93.8,0,0.0,1,4.0,TE,HigbTy00
690,Taysom Hill,6.10,25,Sun,11,12,2023-11-26,33-095,NOR,@,ATL,L 15-24,6.10,8.10,9.1,7.1,25,34.7,0,0.0,7,29.2,TE/QB,HillTa00
691,Dalton Kincaid,6.10,52,Sun,9,9,2023-11-05,24-018,BUF,@,CIN,L 18-24,6.10,16.10,17.1,11.1,52,89.7,0,0.0,0,0.0,TE,KincDa00
692,George Kittle,6.10,52,Thu,14,15,2024-12-12,31-064,SFO,,LAR,L 6-12,6.10,10.10,10.1,8.1,52,96.3,0,0.0,0,0.0,TE,KittGe00
693,Marcedes Lewis,6.10,35,Sun,15,16,2023-12-24,39-219,CHI,,ARI,W 27-16,6.10,7.10,7.1,6.6,35,50.0,0,0.0,2,6.9,TE,LewiMa00
694,Johnny Mundt,6.10,43,Sun,7,8,2022-10-30,27-341,MIN,,ARI,W 34-26,6.10,7.10,7.1,6.6,43,60.6,0,0.0,0,0.0,TE,MundJo00
695,MyCole Pruitt,6.10,14,Sat,15,16,2024-12-21,32-272,PIT,@,BAL,L 17-34,6.10,7.10,7.1,6.6,14,23.3,0,0.0,0,0.0,TE,PruiMy00
696,Ja'Tavion Sanders,6.10,32,Sun,7,7,2024-10-20,21-207,CAR,@,WAS,L 7-40,6.10,12.10,12.1,9.1,32,74.4,0,0.0,10,38.5,TE,SandJa01
697,Luke Schoonmaker,6.10,31,Sun,2,2,2023-09-17,24-354,DAL,,NYJ,W 30-10,6.10,7.10,7.1,6.6,31,35.6,0,0.0,12,42.9,TE,SchoLu00
698,Dalton Schultz,6.10,59,Sun,15,16,2023-12-24,27-166,HOU,,CLE,L 22-36,6.10,14.10,14.1,10.1,59,78.7,0,0.0,0,0.0,TE,SchuDa00
699,Ben Sims,6.10,20,Sun,12,13,2023-12-03,23-201,GNB,,KAN,W 27-19,6.10,7.10,7.1,6.6,20,31.3,0,0.0,5,22.7,TE,SimsBe00
700,Jonnu Smith,6.10,17,Sun,14,15,2023-12-17,28-117,ATL,@,CAR,L 7-9,6.10,8.10,8.1,7.1,17,32.7,0,0.0,0,0.0,TE,SmitJo01
701,Jonnu Smith,6.10,32,Sun,5,5,2024-10-06,29-045,MIA,@,NWE,W 15-10,6.10,11.10,11.1,8.6,32,41.0,0,0.0,0,0.0,TE,SmitJo01
702,Jonnu Smith,6.10,30,Sun,6,6,2022-10-16,27-055,NWE,@,CLE,W 38-15,6.10,8.10,8.1,7.1,30,42.9,0,0.0,2,6.9,TE,SmitJo01
703,Tommy Tremble,6.10,14,Sun,5,5,2023-10-08,23-128,CAR,@,DET,L 24-42,6.10,7.10,7.1,6.6,14,19.7,0,0.0,16,59.3,TE,TremTo00
704,C.J. Uzomah,6.10,21,Sun,4,4,2023-10-01,30-260,NYJ,,KAN,L 20-23,6.10,7.10,7.1,6.6,21,35.6,0,0.0,15,57.7,TE,UzomC.00
705,Shane Zylstra,6.10,16,Sun,8,9,2022-11-06,25-355,DET,,GNB,W 15-9,6.10,7.10,7.1,6.6,16,25.8,0,0.0,5,38.5,TE,ZylsSh00
706,Evan Engram,6.00,43,Sun,16,17,2023-12-31,29-120,JAX,,CAR,W 26-0,6.00,12.00,12.0,9.0,43,68.3,0,0.0,0,0.0,TE,EngrEv00
707,Noah Fant,6.00,28,Sun,3,3,2024-09-22,26-307,SEA,,MIA,W 24-3,6.00,12.00,12.0,9.0,28,43.8,0,0.0,0,0.0,TE,FantNo00
708,Dallas Goedert,6.00,71,Sun,1,1,2022-09-11,27-251,PHI,@,DET,W 38-35,6.00,9.00,9.0,7.5,71,92.2,0,0.0,2,6.5,TE,GoedDa00
709,Travis Kelce,6.00,55,Sun,4,4,2023-10-01,33-361,KAN,@,NYJ,W 23-20,6.00,12.00,12.0,9.0,55,78.6,0,0.0,0,0.0,TE,KelcTr00
710,Tucker Kraft,6.00,61,Sun,15,16,2023-12-24,23-051,GNB,@,CAR,W 33-30,6.00,10.00,10.0,8.0,61,92.4,0,0.0,14,46.7,TE,KrafTu00
711,Trey McBride,6.00,61,Sun,12,12,2023-11-26,24-004,ARI,,LAR,L 14-37,6.00,13.00,13.0,9.5,61,85.9,0,0.0,3,10.7,TE,McBrTr01
712,Chigoziem Okonkwo,6.00,37,Sun,14,15,2022-12-18,23-101,TEN,@,LAC,L 14-17,6.00,10.00,10.0,8.0,37,59.7,0,0.0,12,44.4,TE,OkonCh00
713,Brenton Strange,6.00,50,Sun,17,18,2025-01-05,24-009,JAX,@,IND,L 23-26 (OT),6.00,10.00,10.0,8.0,50,72.5,0,0.0,11,31.4,TE,StraBr00
714,Tyler Conklin,5.90,53,Sun,15,16,2024-12-22,29-145,NYJ,,LAR,L 9-19,5.90,10.90,10.9,8.4,53,76.8,0,0.0,0,0.0,TE,ConkTy00
715,Evan Engram,5.90,48,Sun,4,4,2023-10-01,29-029,JAX,,ATL,W 23-7,5.90,12.90,12.9,9.4,48,72.7,0,0.0,0,0.0,TE,EngrEv00
716,Noah Fant,5.90,22,Sun,16,17,2023-12-31,26-041,SEA,,PIT,L 23-30,5.90,10.90,10.9,8.4,22,44.9,0,0.0,0,0.0,TE,FantNo00
717,Pat Freiermuth,5.90,44,Thu,11,12,2024-11-21,26-027,PIT,@,CLE,L 19-24,5.90,9.90,9.9,7.9,44,63.8,0,0.0,4,20.0,TE,FreiPa00
718,T.J. Hockenson,5.90,47,Sun,16,17,2023-01-01,25-182,MIN,@,GNB,L 17-41,5.90,12.90,12.9,9.4,47,81.0,0,0.0,0,0.0,TE,HockTJ00
719,David Njoku,5.90,62,Sun,11,12,2023-11-26,27-139,CLE,@,DEN,L 12-29,5.90,11.90,11.9,8.9,62,84.9,0,0.0,0,0.0,TE,NjokDa00
720,Chigoziem Okonkwo,5.90,44,Sun,14,15,2024-12-15,25-098,TEN,,CIN,L 27-37,5.90,13.90,13.9,9.9,44,62.9,0,0.0,8,36.4,TE,OkonCh00
721,Chigoziem Okonkwo,5.90,51,Sun,16,17,2024-12-29,25-112,TEN,@,JAX,L 13-20,5.90,10.90,10.9,8.4,51,73.9,0,0.0,8,38.1,TE,OkonCh00
722,Kyle Pitts,5.90,42,Sun,3,3,2024-09-22,23-352,ATL,,KAN,L 17-22,5.90,7.90,7.9,6.9,42,68.9,0,0.0,0,0.0,TE,PittKy00
723,Brenton Strange,5.90,22,Sun,8,8,2024-10-27,23-305,JAX,,GNB,L 27-30,5.90,10.90,10.9,8.4,22,38.6,0,0.0,17,51.5,TE,StraBr00
724,Tommy Tremble,5.90,48,Sun,15,16,2023-12-24,23-205,CAR,,GNB,L 30-33,5.90,9.90,9.9,7.9,48,72.7,0,0.0,15,50.0,TE,TremTo00
725,Brock Bowers,5.80,41,Sun,1,1,2024-09-08,21-270,LVR,@,LAC,L 10-22,5.80,11.80,11.8,8.8,41,68.3,0,0.0,0,0.0,TE,BoweBr01
726,Brock Bowers,5.80,53,Sun,8,8,2024-10-27,21-319,LVR,,KAN,L 20-27,5.80,10.80,10.8,8.3,53,91.4,0,0.0,0,0.0,TE,BoweBr01
727,Grant Calcaterra,5.80,57,Sun,7,8,2024-10-27,25-328,PHI,@,CIN,W 37-17,5.80,8.80,8.8,7.3,57,93.4,0,0.0,1,4.2,TE,CalcGr00
728,Tyler Conklin,5.80,40,Sun,4,4,2023-10-01,28-063,NYJ,,KAN,L 20-23,5.80,9.80,9.8,7.8,40,67.8,0,0.0,1,3.8,TE,ConkTy00
729,Noah Gray,5.80,44,Fri,12,13,2024-11-29,25-213,KAN,,LVR,W 19-17,5.80,9.80,9.8,7.8,44,62.0,0,0.0,11,35.5,TE,GrayNo00
730,T.J. Hockenson,5.80,73,Sun,3,3,2023-09-24,26-083,MIN,,LAC,L 24-28,5.80,13.80,14.8,9.8,73,89.0,0,0.0,0,0.0,TE,HockTJ00
731,T.J. Hockenson,5.80,24,Sun,15,16,2023-12-24,26-174,MIN,,DET,L 24-30,5.80,9.80,9.8,7.8,24,43.6,0,0.0,0,0.0,TE,HockTJ00
732,Tanner Hudson,5.80,47,Sun,8,8,2022-10-30,27-352,NYG,@,SEA,L 13-27,5.80,8.80,8.8,7.3,47,72.3,0,0.0,6,20.0,TE,HudsTa00
733,Travis Kelce,5.80,52,Sun,8,8,2023-10-29,34-024,KAN,@,DEN,L 9-24,5.80,11.80,11.8,8.8,52,85.2,0,0.0,0,0.0,TE,KelcTr00
734,Johnny Mundt,5.80,55,Sun,17,18,2024-01-07,29-045,MIN,@,DET,L 20-30,5.80,10.80,10.8,8.3,55,75.3,0,0.0,10,35.7,TE,MundJo00
735,David Njoku,5.80,56,Sun,6,6,2022-10-16,26-098,CLE,,NWE,L 15-38,5.80,8.80,8.8,7.3,56,80.0,0,0.0,0,0.0,TE,NjokDa00
736,David Njoku,5.80,68,Sun,9,10,2023-11-12,27-125,CLE,@,BAL,W 33-31,5.80,11.80,11.8,8.8,68,87.2,0,0.0,0,0.0,TE,NjokDa00
737,Dalton Schultz,5.80,65,Sun,14,15,2023-12-17,27-159,HOU,@,TEN,W 19-16 (OT),5.80,9.80,9.8,7.8,65,84.4,0,0.0,0,0.0,TE,SchuDa00
738,Darren Waller,5.80,21,Sat,15,16,2022-12-24,30-102,LVR,@,PIT,L 10-13,5.80,9.80,9.8,7.8,21,39.6,0,0.0,0,0.0,TE,WallDa01
739,Tyler Conklin,5.70,38,Sun,13,14,2023-12-10,28-133,NYJ,,HOU,W 30-6,5.70,9.70,9.7,7.7,38,55.9,0,0.0,0,0.0,TE,ConkTy00
740,Evan Engram,5.70,50,Sun,2,2,2023-09-17,29-015,JAX,,KAN,L 9-17,5.70,11.70,11.7,8.7,50,74.6,0,0.0,0,0.0,TE,EngrEv00
741,Jake Ferguson,5.70,36,Thu,11,12,2022-11-24,23-310,DAL,,NYG,W 28-20,5.70,8.70,8.7,7.2,36,48.0,0,0.0,5,21.7,TE,FergJa00
742,Pat Freiermuth,5.70,47,Sun,8,8,2022-10-30,24-005,PIT,@,PHI,L 13-35,5.70,9.70,9.7,7.7,47,61.8,0,0.0,0,0.0,TE,FreiPa00
743,Kylen Granson,5.70,30,Sun,10,10,2022-11-13,24-231,IND,@,LVR,W 25-20,5.70,9.70,9.7,7.7,30,46.2,0,0.0,7,30.4,TE,GranKy00
744,T.J. Hockenson,5.70,62,Sun,13,14,2022-12-11,25-161,MIN,@,DET,L 23-34,5.70,11.70,12.7,8.7,62,95.4,0,0.0,0,0.0,TE,HockTJ00
745,Brycen Hopkins,5.70,38,Sun,15,16,2022-12-25,25-273,LAR,,DEN,W 51-14,5.70,8.70,8.7,7.2,38,58.5,0,0.0,2,7.7,TE,HopkBr01
746,Hayden Hurst,5.70,46,Sun,11,12,2022-11-27,29-095,CIN,@,TEN,W 20-16,5.70,11.70,11.7,8.7,46,65.7,0,0.0,5,16.7,TE,HursHa00
747,Cole Kmet,5.70,63,Sun,5,5,2024-10-06,25-210,CHI,,CAR,W 36-10,5.70,8.70,8.7,7.2,63,84.0,0,0.0,5,19.2,TE,KmetCo00
748,Dawson Knox,5.70,61,Sun,9,10,2022-11-13,25-364,BUF,,MIN,L 30-33 (OT),5.70,9.70,9.7,7.7,61,81.3,0,0.0,0,0.0,TE,KnoxDa00
749,Donald Parham,5.70,47,Sun,10,11,2023-11-19,26-095,LAC,@,GNB,L 20-23,5.70,9.70,9.7,7.7,47,72.3,0,0.0,0,0.0,TE,ParhDo00
750,Brock Wright,5.70,31,Sun,6,7,2022-10-23,23-330,DET,@,DAL,L 6-24,5.70,9.70,9.7,7.7,31,52.5,0,0.0,7,31.8,TE,WrigBr01
751,Ross Dwelley,5.60,19,Sun,8,8,2022-10-30,27-277,SFO,@,LAR,W 31-14,5.60,6.60,6.6,6.1,19,35.8,0,0.0,15,62.5,TE,DwelRo00
752,Zach Ertz,5.60,44,Sun,2,2,2023-09-17,32-311,ARI,,NYG,L 28-31,5.60,11.60,11.6,8.6,44,67.7,0,0.0,0,0.0,TE,ErtzZa00
753,Noah Fant,5.60,34,Sun,2,2,2023-09-17,25-301,SEA,@,DET,W 37-31 (OT),5.60,9.60,9.6,7.6,34,47.2,0,0.0,0,0.0,TE,FantNo00
754,Hunter Henry,5.60,60,Sun,9,9,2024-11-03,29-332,NWE,@,TEN,L 17-20 (OT),5.60,12.60,12.6,9.1,60,87.0,0,0.0,0,0.0,TE,HenrHu00
755,Austin Hooper,5.60,26,Sun,6,7,2022-10-23,27-359,TEN,,IND,W 19-10,5.60,8.60,8.6,7.1,26,44.1,0,0.0,0,0.0,TE,HoopAu00
756,Dawson Knox,5.60,28,Sun,12,13,2024-12-01,28-017,BUF,,SFO,W 35-10,5.60,7.60,7.6,6.6,28,48.3,0,0.0,0,0.0,TE,KnoxDa00
757,Sam LaPorta,5.60,60,Thu,4,4,2023-09-28,22-259,DET,@,GNB,W 34-20,5.60,9.60,9.6,7.6,60,80.0,0,0.0,1,3.3,TE,LaPoSa01
758,Isaiah Likely,5.60,50,Mon,15,16,2023-12-25,23-251,BAL,@,SFO,W 33-19,5.60,8.60,8.6,7.1,50,73.5,0,0.0,1,3.7,TE,LikeIs00
759,David Njoku,5.60,67,Sun,10,11,2023-11-19,27-132,CLE,,PIT,W 13-10,5.60,12.60,12.6,9.1,67,89.3,0,0.0,0,0.0,TE,NjokDa00
760,Kyle Pitts,5.60,39,Sun,9,9,2023-11-05,23-030,ATL,,MIN,L 28-31,5.60,9.60,9.6,7.6,39,56.5,0,0.0,0,0.0,TE,PittKy00
761,Luke Schoonmaker,5.60,44,Mon,10,11,2024-11-18,26-051,DAL,,HOU,L 10-34,5.60,11.60,11.6,8.6,44,53.0,0,0.0,14,51.9,TE,SchoLu00
762,Durham Smythe,5.60,55,Sun,15,16,2023-12-24,28-137,MIA,,DAL,W 22-20,5.60,10.60,10.6,8.1,55,84.6,0,0.0,6,23.1,TE,SmytDu00
763,Logan Thomas,5.60,57,Sun,16,17,2023-01-01,31-184,WAS,,CLE,L 10-24,5.60,11.60,11.6,8.6,57,82.6,0,0.0,0,0.0,TE,ThomLo00
764,Mark Andrews,5.50,43,Sun,5,5,2024-10-06,29-030,BAL,@,CIN,W 41-38 (OT),5.50,9.50,9.5,7.5,43,55.1,0,0.0,0,0.0,TE,AndrMa00
765,Tyler Conklin,5.50,59,Sun,5,5,2024-10-06,29-068,NYJ,@,MIN,L 17-23,5.50,11.50,11.5,8.5,59,81.9,0,0.0,2,6.9,TE,ConkTy00
766,Luke Farrell,5.50,32,Sun,11,12,2023-11-26,26-043,JAX,@,HOU,W 24-21,5.50,8.50,8.5,7.0,32,42.1,0,0.0,6,23.1,TE,FarrLu00
767,Dallas Goedert,5.50,13,Sun,17,18,2025-01-05,30-002,PHI,,NYG,W 20-13,5.50,9.50,9.5,7.5,13,19.1,0,0.0,0,0.0,TE,GoedDa00
768,T.J. Hockenson,5.50,52,Sun,11,11,2023-11-19,26-139,MIN,@,DEN,L 20-21,5.50,9.50,9.5,7.5,52,70.3,0,0.0,0,0.0,TE,HockTJ00
769,Austin Hooper,5.50,50,Sun,15,16,2024-12-22,30-054,NWE,@,BUF,L 21-24,5.50,9.50,9.5,7.5,50,68.5,0,0.0,3,12.5,TE,HoopAu00
770,Isaiah Likely,5.50,30,Sun,11,11,2024-11-17,24-213,BAL,@,PIT,L 16-18,5.50,9.50,10.5,7.5,30,49.2,0,0.0,0,0.0,TE,LikeIs00
771,Trey McBride,5.50,56,Sun,14,15,2022-12-18,23-026,ARI,@,DEN,L 15-24,5.50,9.50,9.5,7.5,56,86.2,0,0.0,3,10.7,TE,McBrTr01
772,Foster Moreau,5.50,55,Sun,16,17,2023-01-01,25-240,LVR,,SFO,L 34-37 (OT),5.50,8.50,8.5,7.0,55,78.6,0,0.0,16,48.5,TE,MoreFo00
773,Kyle Pitts,5.50,40,Sun,10,10,2024-11-10,24-035,ATL,@,NOR,L 17-20,5.50,9.50,9.5,7.5,40,51.3,0,0.0,0,0.0,TE,PittKy00
774,Mark Andrews,5.40,61,Sun,12,13,2022-12-04,27-089,BAL,,DEN,W 10-9,5.40,9.40,9.4,7.4,61,84.7,0,0.0,0,0.0,TE,AndrMa00
775,Hunter Henry,5.40,59,Sun,5,5,2022-10-09,27-306,NWE,,DET,W 29-0,5.40,9.40,9.4,7.4,59,98.3,0,0.0,0,0.0,TE,HenrHu00
776,Hayden Hurst,5.40,24,Sun,8,9,2023-11-05,30-073,CAR,,IND,L 13-27,5.40,7.40,7.4,6.4,24,33.8,0,0.0,3,10.7,TE,HursHa00
777,Theo Johnson,5.40,56,Thu,12,13,2024-11-28,23-276,NYG,@,DAL,L 20-27,5.40,10.40,10.4,7.9,56,88.9,0,0.0,10,32.3,TE,JohnTh00
778,George Kittle,5.40,48,Sun,14,15,2023-12-17,30-069,SFO,@,ARI,W 45-29,5.40,7.40,7.4,6.4,48,85.7,0,0.0,1,3.2,TE,KittGe00
779,Sam LaPorta,5.40,72,Thu,13,14,2024-12-05,23-328,DET,,GNB,W 34-31,5.40,10.40,10.4,7.9,72,90.0,0,0.0,0,0.0,TE,LaPoSa01
780,Foster Moreau,5.40,34,Sun,6,6,2024-10-13,27-160,NOR,,TAM,L 27-51,5.40,7.40,7.4,6.4,34,48.6,0,0.0,5,13.5,TE,MoreFo00
781,David Njoku,5.40,72,Sun,6,7,2023-10-22,27-104,CLE,@,IND,W 39-38,5.40,10.40,10.4,7.9,72,96.0,0,0.0,0,0.0,TE,NjokDa00
782,Stone Smartt,5.40,22,Sun,13,14,2024-12-08,26-065,LAC,@,KAN,L 17-19,5.40,8.40,8.4,6.9,22,36.7,0,0.0,14,53.8,TE,SmarSt00
783,Durham Smythe,5.40,51,Sun,16,17,2023-12-31,28-144,MIA,@,BAL,L 19-56,5.40,8.40,8.4,6.9,51,73.9,0,0.0,3,10.0,TE,SmytDu00
784,Zach Ertz,5.30,54,Sun,4,4,2023-10-01,32-325,ARI,@,SFO,L 16-35,5.30,11.30,11.3,8.3,54,76.1,0,0.0,0,0.0,TE,ErtzZa00
785,Mike Gesicki,5.30,31,Sun,8,8,2024-10-27,29-024,CIN,,PHI,L 17-37,5.30,12.30,13.3,8.8,31,53.4,0,0.0,0,0.0,TE,GesiMi00
786,Mike Gesicki,5.30,27,Sun,12,13,2024-12-01,29-059,CIN,,PIT,L 38-44,5.30,10.30,10.3,7.8,27,43.5,0,0.0,0,0.0,TE,GesiMi00
787,T.J. Hockenson,5.30,85,Sat,14,15,2022-12-17,25-167,MIN,,IND,W 39-36 (OT),5.30,8.30,8.3,6.8,85,94.4,0,0.0,0,0.0,TE,HockTJ00
788,T.J. Hockenson,5.30,67,Sun,13,14,2023-12-10,26-160,MIN,@,LVR,W 3-0,5.30,10.30,10.3,7.8,67,93.1,0,0.0,0,0.0,TE,HockTJ00
789,Dalton Kincaid,5.30,34,Sun,14,15,2024-12-15,25-058,BUF,@,DET,W 48-42,5.30,9.30,9.3,7.3,34,48.6,0,0.0,2,5.6,TE,KincDa00
790,Tucker Kraft,5.30,54,Sun,16,17,2024-12-29,24-056,GNB,@,MIN,L 25-27,5.30,7.30,7.3,6.3,54,85.7,0,0.0,3,11.1,TE,KrafTu00
791,Sam LaPorta,5.30,47,Mon,4,4,2024-09-30,23-262,DET,,SEA,W 42-29,5.30,9.30,9.3,7.3,47,88.7,0,0.0,0,0.0,TE,LaPoSa01
792,Trey McBride,5.30,51,Sun,5,5,2024-10-06,24-319,ARI,@,SFO,W 24-23,5.30,11.30,11.3,8.3,51,87.9,0,0.0,5,20.8,TE,McBrTr01
793,Donald Parham,5.30,19,Mon,6,6,2022-10-17,25-062,LAC,,DEN,W 19-16 (OT),5.30,8.30,8.3,6.8,19,20.4,0,0.0,0,0.0,TE,ParhDo00
794,Jonnu Smith,5.30,32,Thu,2,2,2024-09-12,29-021,MIA,,BUF,L 10-31,5.30,11.30,11.3,8.3,32,42.1,0,0.0,0,0.0,TE,SmitJo01
795,Ian Thomas,5.30,35,Sun,1,1,2022-09-11,26-097,CAR,,CLE,L 24-26,5.30,7.30,7.3,6.3,35,66.0,0,0.0,12,37.5,TE,ThomIa00
796,Taysom Hill,5.26,49,Sun,6,6,2023-10-15,33-053,NOR,@,HOU,L 13-20,5.26,12.26,12.3,8.8,49,59.8,0,0.0,8,30.8,TE/QB,HillTa00
797,Mark Andrews,5.20,47,Sun,1,1,2022-09-11,27-005,BAL,@,NYJ,W 24-9,5.20,10.20,10.2,7.7,47,83.9,0,0.0,1,3.7,TE,AndrMa00
798,Andrew Beck,5.20,10,Mon,1,1,2022-09-12,26-120,DEN,@,SEA,L 16-17,5.20,7.20,7.2,6.2,10,15.2,0,0.0,10,52.6,TE,BeckAn01
799,Brock Bowers,5.20,57,Sun,13,14,2024-12-08,21-361,LVR,@,TAM,L 13-28,5.20,8.20,8.2,6.7,57,85.1,0,0.0,0,0.0,TE,BoweBr01
800,Cameron Brate,5.20,58,Sun,3,3,2022-09-25,31-084,TAM,,GNB,L 12-14,5.20,10.20,10.2,7.7,58,89.2,0,0.0,0,0.0,TE,BratCa00
801,Tyler Conklin,5.20,57,Sun,4,4,2022-10-02,27-064,NYJ,@,PIT,W 24-20,5.20,8.20,8.2,6.7,57,81.4,0,0.0,4,15.4,TE,ConkTy00
802,Devin Culp,5.20,20,Sun,16,17,2024-12-29,24-331,TAM,,CAR,W 48-14,5.20,8.20,8.2,6.7,20,26.0,0,0.0,17,56.7,TE,CulpDe00
803,Hunter Henry,5.20,60,Sun,16,17,2023-01-01,28-025,NWE,,MIA,W 23-21,5.20,10.20,10.2,7.7,60,100.0,0,0.0,1,3.7,TE,HenrHu00
804,T.J. Hockenson,5.20,50,Mon,14,15,2024-12-16,27-166,MIN,,CHI,W 30-12,5.20,10.20,10.2,7.7,50,64.9,0,0.0,1,3.7,TE,HockTJ00
805,Dalton Kincaid,5.20,40,Sun,7,7,2024-10-20,25-002,BUF,,TEN,W 34-10,5.20,8.20,8.2,6.7,40,72.7,0,0.0,0,0.0,TE,KincDa00
806,Sam LaPorta,5.20,54,Sun,7,7,2023-10-22,22-283,DET,@,BAL,L 6-38,5.20,11.20,11.2,8.2,54,72.0,0,0.0,0,0.0,TE,LaPoSa01
807,Josh Oliver,5.20,57,Sun,9,10,2024-11-10,27-234,MIN,@,JAX,W 12-7,5.20,9.20,9.2,7.2,57,67.9,0,0.0,6,31.6,TE,OlivJo00
808,Cade Otton,5.20,73,Sun,4,4,2024-09-29,25-167,TAM,,PHI,W 33-16,5.20,11.20,11.2,8.2,73,94.8,0,0.0,0,0.0,TE,OttoCa00
809,Colby Parkinson,5.20,62,Sun,5,5,2024-10-06,25-272,LAR,,GNB,L 19-24,5.20,12.20,12.2,8.7,62,79.5,0,0.0,0,0.0,TE,ParkCo02
810,Dalton Schultz,5.20,47,Sun,8,8,2024-10-27,28-108,HOU,,IND,W 23-20,5.20,9.20,9.2,7.2,47,66.2,0,0.0,0,0.0,TE,SchuDa00
811,Mark Andrews,5.10,41,Sun,2,2,2024-09-15,29-009,BAL,,LVR,L 23-26,5.10,9.10,9.1,7.1,41,63.1,0,0.0,0,0.0,TE,AndrMa00
812,Pharaoh Brown,5.10,23,Sun,7,7,2023-10-22,29-171,NWE,,BUF,W 29-25,5.10,7.10,7.1,6.1,23,38.3,0,0.0,13,54.2,TE,BrowPh01
813,Greg Dulcich,5.10,47,Sun,7,7,2022-10-23,22-211,DEN,,NYJ,L 9-16,5.10,11.10,11.1,8.1,47,59.5,0,0.0,0,0.0,TE,DulcGr00
814,Jody Fortson,5.10,18,Sun,10,11,2022-11-20,26-348,KAN,@,LAC,W 30-27,5.10,7.10,7.1,6.1,18,27.7,0,0.0,15,51.7,TE,FortJo01
815,Pat Freiermuth,5.10,48,Sun,7,7,2024-10-20,25-361,PIT,,NYJ,W 37-15,5.10,7.10,7.1,6.1,48,70.6,0,0.0,7,24.1,TE,FreiPa00
816,Hunter Henry,5.10,44,Sun,4,4,2023-10-01,28-298,NWE,@,DAL,L 3-38,5.10,9.10,9.1,7.1,44,80.0,0,0.0,0,0.0,TE,HenrHu00
817,Connor Heyward,5.10,25,Sun,17,18,2023-01-08,23-351,PIT,,CLE,W 28-14,5.10,8.10,8.1,6.6,25,34.2,0,0.0,15,68.2,TE,HeywCo00
818,T.J. Hockenson,5.10,57,Sun,5,5,2023-10-08,26-097,MIN,,KAN,L 20-27,5.10,10.10,10.1,7.6,57,79.2,0,0.0,0,0.0,TE,HockTJ00
819,Travis Kelce,5.10,51,Thu,2,2,2022-09-15,32-345,KAN,,LAC,W 27-24,5.10,10.10,10.1,7.6,51,89.5,0,0.0,0,0.0,TE,KelcTr00
820,Dalton Kincaid,5.10,55,Mon,6,6,2024-10-14,24-362,BUF,@,NYJ,W 23-20,5.10,11.10,11.1,8.1,55,79.7,0,0.0,0,0.0,TE,KincDa00
821,Trey McBride,5.10,54,Mon,7,7,2024-10-21,24-334,ARI,,LAC,W 17-15,5.10,10.10,10.1,7.6,54,94.7,0,0.0,0,0.0,TE,McBrTr01
822,Kyle Pitts,5.10,45,Sun,12,13,2023-12-03,23-058,ATL,@,NYJ,W 13-8,5.10,9.10,9.1,7.1,45,66.2,0,0.0,0,0.0,TE,PittKy00
823,Logan Thomas,5.10,47,Sun,7,7,2023-10-22,32-113,WAS,@,NYG,L 7-14,5.10,9.10,9.1,7.1,47,68.1,0,0.0,0,0.0,TE,ThomLo00
824,Tommy Tremble,5.10,27,Sun,9,9,2022-11-06,22-157,CAR,@,CIN,L 21-42,5.10,7.10,8.1,6.1,27,55.1,0,0.0,15,51.7,TE,TremTo00
825,Darren Waller,5.10,49,Sun,16,17,2023-12-31,31-109,NYG,,LAR,L 25-26,5.10,10.10,10.1,7.6,49,66.2,0,0.0,0,0.0,TE,WallDa01
826,Tyler Conklin,5.00,50,Sun,11,12,2022-11-27,27-120,NYJ,,CHI,W 31-10,5.00,8.00,8.0,6.5,50,79.4,0,0.0,2,8.0,TE,ConkTy00
827,Tyler Conklin,5.00,41,Sun,2,2,2023-09-17,28-049,NYJ,@,DAL,L 10-30,5.00,10.00,10.0,7.5,41,87.2,0,0.0,0,0.0,TE,ConkTy00
828,Noah Fant,5.00,46,Sun,15,16,2024-12-22,27-032,SEA,,MIN,L 24-27,5.00,8.00,8.0,6.5,46,71.9,0,0.0,0,0.0,TE,FantNo00
829,Dallas Goedert,5.00,48,Sun,9,9,2023-11-05,28-306,PHI,,DAL,W 28-23,5.00,8.00,8.0,6.5,48,77.4,0,0.0,0,0.0,TE,GoedDa00
830,Hunter Henry,5.00,42,Sun,9,9,2022-11-06,27-334,NWE,,IND,W 26-3,5.00,9.00,9.0,7.0,42,66.7,0,0.0,0,0.0,TE,HenrHu00
831,Taysom Hill,5.00,23,Sun,10,10,2024-11-10,34-079,NOR,,ATL,W 20-17,5.00,7.00,7.0,6.0,23,43.4,0,0.0,8,29.6,TE,HillTa00
832,T.J. Hockenson,5.00,45,Sun,6,6,2023-10-15,26-104,MIN,@,CHI,W 19-13,5.00,11.00,11.0,8.0,45,78.9,0,0.0,0,0.0,TE,HockTJ00
833,Dawson Knox,5.00,41,Sun,8,8,2024-10-27,27-348,BUF,@,SEA,W 31-10,5.00,7.00,7.0,6.0,41,53.9,0,0.0,0,0.0,TE,KnoxDa00
834,Foster Moreau,5.00,51,Sun,11,11,2024-11-17,27-195,NOR,,CLE,W 35-14,5.00,8.00,8.0,6.5,51,85.0,0,0.0,4,16.0,TE,MoreFo00
835,Luke Musgrave,5.00,45,Sun,1,1,2023-09-10,23-008,GNB,@,CHI,W 38-20,5.00,8.00,8.0,6.5,45,75.0,0,0.0,11,39.3,TE,MusgLu00
836,Chigoziem Okonkwo,5.00,42,Sun,6,7,2024-10-20,25-042,TEN,@,BUF,L 10-34,5.00,9.00,9.0,7.0,42,57.5,0,0.0,12,42.9,TE,OkonCh00
837,Jordan Akins,4.90,44,Sun,16,17,2024-12-29,32-254,CLE,,MIA,L 3-20,4.90,10.90,10.9,7.9,44,55.7,0,0.0,1,4.3,TE,AkinJo00
838,Evan Engram,4.90,51,Sun,1,1,2023-09-10,29-008,JAX,@,IND,W 31-21,4.90,9.90,9.9,7.4,51,72.9,0,0.0,0,0.0,TE,EngrEv00
839,Evan Engram,4.90,53,Sun,11,12,2023-11-26,29-085,JAX,@,HOU,W 24-21,4.90,9.90,9.9,7.4,53,69.7,0,0.0,0,0.0,TE,EngrEv00
840,Noah Fant,4.90,31,Sun,5,5,2022-10-09,24-323,SEA,@,NOR,L 32-39,4.90,7.90,7.9,6.4,31,59.6,0,0.0,0,0.0,TE,FantNo00
841,Jake Ferguson,4.90,41,Thu,4,4,2024-09-26,25-252,DAL,@,NYG,W 20-15,4.90,11.90,11.9,8.4,41,73.2,0,0.0,0,0.0,TE,FergJa00
842,Connor Heyward,4.90,30,Sun,6,6,2022-10-16,23-267,PIT,,TAM,W 20-18,4.90,6.90,6.9,5.9,30,46.9,0,0.0,15,53.6,TE,HeywCo00
843,Tyler Higbee,4.90,74,Sun,1,1,2023-09-10,30-252,LAR,@,SEA,W 30-13,4.90,7.90,7.9,6.4,74,91.4,0,0.0,0,0.0,TE,HigbTy00
844,Tanner Hudson,4.90,21,Thu,10,11,2023-11-16,29-004,CIN,@,BAL,L 20-34,4.90,8.90,8.9,6.9,21,34.4,0,0.0,7,21.9,TE,HudsTa00
845,Tanner Hudson,4.90,25,Sat,14,15,2023-12-16,29-034,CIN,,MIN,W 27-24 (OT),4.90,9.90,9.9,7.4,25,35.7,0,0.0,4,14.8,TE,HudsTa00
846,Charlie Kolar,4.90,34,Sun,17,18,2023-01-08,23-332,BAL,@,CIN,L 16-27,4.90,8.90,8.9,6.9,34,43.6,0,0.0,3,10.0,TE,KolaCh00
847,Will Mallory,4.90,11,Sun,2,2,2023-09-17,24-087,IND,@,HOU,W 31-20,4.90,6.90,6.9,5.9,11,19.3,0,0.0,0,0.0,TE,MallWi00
848,Luke Musgrave,4.90,68,Sun,3,3,2023-09-24,23-022,GNB,,NOR,W 18-17,4.90,10.90,10.9,7.9,68,86.1,0,0.0,7,28.0,TE,MusgLu00
849,Cade Otton,4.90,68,Sun,10,11,2023-11-19,24-218,TAM,@,SFO,L 14-27,4.90,8.90,8.9,6.9,68,95.8,0,0.0,0,0.0,TE,OttoCa00
850,MyCole Pruitt,4.90,40,Sun,16,17,2023-01-01,30-283,ATL,,ARI,W 20-19,4.90,8.90,8.9,6.9,40,64.5,0,0.0,10,40.0,TE,PruiMy00
851,Ja'Tavion Sanders,4.90,48,Sun,6,6,2024-10-13,21-200,CAR,,ATL,L 20-38,4.90,9.90,9.9,7.4,48,72.7,0,0.0,4,14.8,TE,SandJa01
852,Ja'Tavion Sanders,4.90,12,Sun,11,12,2024-11-24,21-242,CAR,,KAN,L 27-30,4.90,7.90,7.9,6.4,12,19.4,0,0.0,6,22.2,TE,SandJa01
853,Dalton Schultz,4.90,41,Sun,7,7,2022-10-23,26-104,DAL,,DET,W 24-6,4.90,9.90,9.9,7.4,41,65.1,0,0.0,0,0.0,TE,SchuDa00
854,Josh Whyle,4.90,37,Sun,17,18,2025-01-05,25-119,TEN,,HOU,L 14-23,4.90,9.90,9.9,7.4,37,59.7,0,0.0,9,39.1,TE,WhylJo01
855,Zach Ertz,4.80,64,Sun,5,5,2022-10-09,31-333,ARI,,PHI,L 17-20,4.80,10.80,10.8,7.8,64,92.8,0,0.0,0,0.0,TE,ErtzZa00
856,Jake Ferguson,4.80,56,Sun,3,3,2023-09-24,24-249,DAL,@,ARI,L 16-28,4.80,9.80,9.8,7.3,56,69.1,0,0.0,0,0.0,TE,FergJa00
857,T.J. Hockenson,4.80,49,Sun,6,7,2022-10-23,25-112,DET,@,DAL,L 6-24,4.80,8.80,8.8,6.8,49,83.1,0,0.0,0,0.0,TE,HockTJ00
858,Hayden Hurst,4.80,42,Sun,7,7,2022-10-23,29-060,CIN,,ATL,W 35-17,4.80,10.80,10.8,7.8,42,61.8,0,0.0,5,20.0,TE,HursHa00
859,Juwan Johnson,4.80,54,Sun,6,6,2024-10-13,28-030,NOR,,TAM,L 27-51,4.80,7.80,7.8,6.3,54,77.1,0,0.0,5,13.5,TE,JohnJu02
860,Juwan Johnson,4.80,32,Sun,8,8,2024-10-27,28-044,NOR,@,LAC,L 8-26,4.80,7.80,7.8,6.3,32,43.8,0,0.0,7,20.6,TE,JohnJu02
861,Theo Johnson,4.80,56,Sun,5,5,2024-10-06,23-223,NYG,@,SEA,W 29-20,4.80,9.80,9.8,7.3,56,77.8,0,0.0,5,16.7,TE,JohnTh00
862,Tucker Kraft,4.80,61,Sun,16,17,2023-12-31,23-058,GNB,@,MIN,W 33-10,4.80,10.80,10.8,7.8,61,82.4,0,0.0,11,45.8,TE,KrafTu00
863,Trey McBride,4.80,67,Sun,16,17,2023-12-31,24-039,ARI,@,PHI,W 35-31,4.80,10.80,10.8,7.8,67,88.2,0,0.0,5,20.0,TE,McBrTr01
864,Chigoziem Okonkwo,4.80,18,Sun,8,9,2022-11-06,23-059,TEN,@,KAN,L 17-20 (OT),4.80,5.80,5.8,5.3,18,35.3,0,0.0,15,48.4,TE,OkonCh00
865,Will Dissly,4.70,52,Mon,11,12,2024-11-25,28-140,LAC,,BAL,L 23-30,4.70,8.70,8.7,6.7,52,75.4,0,0.0,0,0.0,TE,DissWi00
866,Gerald Everett,4.70,28,Sun,2,2,2023-09-17,29-084,LAC,@,TEN,L 24-27 (OT),4.70,7.70,7.7,6.2,28,41.2,0,0.0,0,0.0,TE,EverGe00
867,Mike Gesicki,4.70,31,Mon,3,3,2024-09-23,28-356,CIN,,WAS,L 33-38,4.70,8.70,8.7,6.7,31,50.0,0,0.0,0,0.0,TE,GesiMi00
868,Kylen Granson,4.70,27,Sun,14,15,2024-12-15,26-263,IND,@,DEN,L 13-31,4.70,7.70,7.7,6.2,27,35.5,0,0.0,20,66.7,TE,GranKy00
869,Taysom Hill,4.70,41,Sun,12,13,2024-12-01,34-100,NOR,,LAR,L 14-21,4.70,9.70,9.7,7.2,41,58.6,0,0.0,11,52.4,TE,HillTa00
870,Brycen Hopkins,4.70,18,Sun,17,18,2024-01-07,26-286,LAR,@,SFO,W 21-20,4.70,6.70,6.7,5.7,18,26.9,0,0.0,0,0.0,TE,HopkBr01
871,Dalton Kincaid,4.70,37,Sun,4,4,2024-09-29,24-347,BUF,@,BAL,L 10-35,4.70,9.70,9.7,7.2,37,62.7,0,0.0,0,0.0,TE,KincDa00
872,Isaiah Likely,4.70,47,Sun,8,8,2024-10-27,24-192,BAL,@,CLE,L 24-29,4.70,8.70,8.7,6.7,47,69.1,0,0.0,4,13.8,TE,LikeIs00
873,Will Mallory,4.70,27,Sun,15,16,2023-12-24,24-185,IND,@,ATL,L 10-29,4.70,8.70,8.7,6.7,27,38.0,0,0.0,0,0.0,TE,MallWi00
874,David Njoku,4.70,67,Sun,4,4,2022-10-02,26-084,CLE,@,ATL,L 20-23,4.70,9.70,10.7,7.2,67,91.8,0,0.0,0,0.0,TE,NjokDa00
875,Cade Otton,4.70,66,Thu,7,8,2023-10-26,24-194,TAM,@,BUF,L 18-24,4.70,8.70,8.7,6.7,66,97.1,0,0.0,0,0.0,TE,OttoCa00
876,Colby Parkinson,4.70,69,Sun,1,1,2024-09-08,25-244,LAR,@,DET,L 20-26 (OT),4.70,8.70,8.7,6.7,69,88.5,0,0.0,0,0.0,TE,ParkCo02
877,Colby Parkinson,4.70,55,Sun,17,18,2023-01-08,24-000,SEA,,LAR,W 19-16 (OT),4.70,6.70,6.7,5.7,55,78.6,0,0.0,16,48.5,TE,ParkCo02
878,Kyle Pitts,4.70,34,Sun,7,7,2023-10-22,23-016,ATL,@,TAM,W 16-13,4.70,7.70,7.7,6.2,34,52.3,0,0.0,0,0.0,TE,PittKy00
879,Jonnu Smith,4.70,55,Sun,2,2,2023-09-17,28-026,ATL,,GNB,W 25-24,4.70,8.70,8.7,6.7,55,67.1,0,0.0,0,0.0,TE,SmitJo01
880,Jonnu Smith,4.70,49,Sun,5,5,2023-10-08,28-047,ATL,,HOU,W 21-19,4.70,10.70,11.7,7.7,49,63.6,0,0.0,0,0.0,TE,SmitJo01
881,John Bates,4.60,38,Sun,2,2,2023-09-17,25-315,WAS,@,DEN,W 35-33,4.60,7.60,7.6,6.1,38,52.1,0,0.0,13,43.3,TE,BateJo00
882,Evan Engram,4.60,49,Sun,2,2,2022-09-18,28-016,JAX,,IND,W 24-0,4.60,11.60,11.6,8.1,49,69.0,0,0.0,0,0.0,TE,EngrEv00
883,Mike Gesicki,4.60,25,Sun,17,18,2023-01-08,27-097,MIA,,NYJ,W 11-6,4.60,8.60,8.6,6.6,25,38.5,0,0.0,0,0.0,TE,GesiMi00
884,Dallas Goedert,4.60,73,Sun,17,18,2023-01-08,28-005,PHI,,NYG,W 22-16,4.60,10.60,10.6,7.6,73,100.0,0,0.0,1,3.6,TE,GoedDa00
885,Tyler Higbee,4.60,63,Sun,5,5,2022-10-09,29-281,LAR,,DAL,L 10-22,4.60,11.60,11.6,8.1,63,96.9,0,0.0,3,10.0,TE,HigbTy00
886,Hayden Hurst,4.60,75,Sun,1,1,2022-09-11,29-018,CIN,,PIT,L 20-23 (OT),4.60,9.60,9.6,7.1,75,75.0,0,0.0,4,12.5,TE,HursHa00
887,Brevin Jordan,4.60,24,Sun,12,13,2022-12-04,22-141,HOU,,CLE,L 14-27,4.60,8.60,8.6,6.6,24,36.9,0,0.0,0,0.0,TE,JordBr00
888,Dalton Kincaid,4.60,51,Sun,11,11,2023-11-19,24-032,BUF,,NYJ,W 32-6,4.60,10.60,10.6,7.6,51,67.1,0,0.0,0,0.0,TE,KincDa00
889,Cole Kmet,4.60,66,Thu,10,10,2023-11-09,24-244,CHI,,CAR,W 16-13,4.60,9.60,9.6,7.1,66,91.7,0,0.0,4,14.3,TE,KmetCo00
890,Will Mallory,4.60,20,Sun,13,14,2023-12-10,24-171,IND,@,CIN,L 14-34,4.60,9.60,9.6,7.1,20,31.3,0,0.0,0,0.0,TE,MallWi00
891,Michael Mayer,4.60,49,Sun,11,11,2023-11-19,22-136,LVR,@,MIA,L 13-20,4.60,8.60,8.6,6.6,49,80.3,0,0.0,3,11.5,TE,MayeMi00
892,David Njoku,4.60,48,Sun,4,4,2023-10-01,27-083,CLE,,BAL,L 3-28,4.60,10.60,10.6,7.6,48,69.6,0,0.0,0,0.0,TE,NjokDa00
893,Chigoziem Okonkwo,4.60,48,Mon,13,14,2023-12-11,24-094,TEN,@,MIA,W 28-27,4.60,9.60,9.6,7.1,48,67.6,0,0.0,4,12.9,TE,OkonCh00
894,Jonnu Smith,4.60,42,Sun,8,9,2024-11-03,29-073,MIA,@,BUF,L 27-30,4.60,9.60,9.6,7.1,42,68.9,0,0.0,0,0.0,TE,SmitJo01
895,Taysom Hill,4.54,15,Sun,6,6,2022-10-16,32-054,NOR,,CIN,L 26-30,4.54,4.54,4.5,4.5,15,20.8,0,0.0,6,20.7,TE/QB,HillTa00
896,Mark Andrews,4.50,42,Sat,15,16,2022-12-24,27-109,BAL,,ATL,W 17-9,4.50,7.50,7.5,6.0,42,80.8,0,0.0,0,0.0,TE,AndrMa00
897,Daniel Bellinger,4.50,61,Sun,13,14,2024-12-08,24-077,NYG,,NOR,L 11-14,4.50,9.50,9.5,7.0,61,78.2,0,0.0,14,48.3,TE,BellDa00
898,Harrison Bryant,4.50,31,Sun,2,2,2022-09-18,24-148,CLE,,NYJ,L 30-31,4.50,7.50,7.5,6.0,31,46.3,0,0.0,6,20.0,TE,BryaHa00
899,Tyler Conklin,4.50,58,Thu,16,17,2023-12-28,28-151,NYJ,@,CLE,L 20-37,4.50,9.50,9.5,7.0,58,79.5,0,0.0,5,16.7,TE,ConkTy00
900,Will Dissly,4.50,54,Sun,7,7,2022-10-23,26-107,SEA,@,LAC,W 37-23,4.50,8.50,8.5,6.5,54,76.1,0,0.0,12,41.4,TE,DissWi00
901,Evan Engram,4.50,46,Thu,7,7,2023-10-19,29-047,JAX,@,NOR,W 31-24,4.50,9.50,9.5,7.0,46,82.1,0,0.0,0,0.0,TE,EngrEv00
902,Zach Ertz,4.50,77,Sun,3,3,2022-09-25,31-319,ARI,,LAR,L 12-20,4.50,10.50,10.5,7.5,77,92.8,0,0.0,0,0.0,TE,ErtzZa00
903,Noah Fant,4.50,43,Sun,6,6,2022-10-16,24-330,SEA,,ARI,W 19-9,4.50,10.50,10.5,7.5,43,63.2,0,0.0,0,0.0,TE,FantNo00
904,Jake Ferguson,4.50,55,Sun,15,16,2023-12-24,24-340,DAL,@,MIA,L 20-22,4.50,8.50,8.5,6.5,55,83.3,0,0.0,0,0.0,TE,FergJa00
905,Dallas Goedert,4.50,53,Sun,16,17,2023-01-01,27-363,PHI,,NOR,L 10-20,4.50,7.50,7.5,6.0,53,96.4,0,0.0,0,0.0,TE,GoedDa00
906,Noah Gray,4.50,40,Sun,8,9,2022-11-06,23-190,KAN,,TEN,W 20-17 (OT),4.50,7.50,7.5,6.0,40,40.0,0,0.0,24,77.4,TE,GrayNo00
907,Noah Gray,4.50,39,Sun,13,14,2022-12-11,23-225,KAN,@,DEN,W 34-28,4.50,7.50,7.5,6.0,39,57.4,0,0.0,21,65.6,TE,GrayNo00
908,Hunter Henry,4.50,57,Sun,8,8,2024-10-27,29-325,NWE,,NYJ,W 25-22,4.50,9.50,9.5,7.0,57,85.1,0,0.0,0,0.0,TE,HenrHu00
909,Tyler Higbee,4.50,59,Sun,10,11,2022-11-20,29-323,LAR,@,NOR,L 20-27,4.50,8.50,8.5,6.5,59,92.2,0,0.0,0,0.0,TE,HigbTy00
910,Tyler Higbee,4.50,54,Sun,8,8,2023-10-29,30-301,LAR,@,DAL,L 20-43,4.50,9.50,9.5,7.0,54,87.1,0,0.0,0,0.0,TE,HigbTy00
911,T.J. Hockenson,4.50,77,Sun,9,10,2022-11-13,25-133,MIN,@,BUF,W 33-30 (OT),4.50,11.50,11.5,8.0,77,92.8,0,0.0,0,0.0,TE,HockTJ00
912,T.J. Hockenson,4.50,37,Sun,13,14,2024-12-08,27-158,MIN,,ATL,W 42-21,4.50,8.50,8.5,6.5,37,61.7,0,0.0,0,0.0,TE,HockTJ00
913,Tanner Hudson,4.50,16,Sun,8,9,2023-11-05,28-358,CIN,,BUF,W 24-18,4.50,8.50,8.5,6.5,16,22.9,0,0.0,0,0.0,TE,HudsTa00
914,Juwan Johnson,4.50,53,Sun,11,12,2023-11-26,27-074,NOR,@,ATL,L 15-24,4.50,8.50,8.5,6.5,53,73.6,0,0.0,0,0.0,TE,JohnJu02
915,Travis Kelce,4.50,57,Sun,13,14,2024-12-08,35-064,KAN,,LAC,W 19-17,4.50,9.50,9.5,7.0,57,82.6,0,0.0,0,0.0,TE,KelcTr00
916,Cole Kmet,4.50,45,Sun,5,5,2022-10-09,23-213,CHI,@,MIN,L 22-29,4.50,8.50,8.5,6.5,45,90.0,0,0.0,4,17.4,TE,KmetCo00
917,Sam LaPorta,4.50,48,Sun,1,1,2024-09-08,23-240,DET,,LAR,W 26-20 (OT),4.50,8.50,8.5,6.5,48,78.7,0,0.0,0,0.0,TE,LaPoSa01
918,Chigoziem Okonkwo,4.50,28,Sun,11,12,2023-11-26,24-079,TEN,,CAR,W 17-10,4.50,8.50,8.5,6.5,28,52.8,0,0.0,10,41.7,TE,OkonCh00
919,Cade Otton,4.50,60,Sun,11,12,2023-11-26,24-225,TAM,@,IND,L 20-27,4.50,8.50,8.5,6.5,60,100.0,0,0.0,0,0.0,TE,OttoCa00
920,Colby Parkinson,4.50,31,Sat,15,16,2022-12-24,23-350,SEA,@,KAN,L 10-24,4.50,7.50,7.5,6.0,31,40.8,0,0.0,7,29.2,TE,ParkCo02
921,Jonnu Smith,4.50,23,Mon,9,10,2024-11-11,29-081,MIA,@,LAR,W 23-15,4.50,7.50,7.5,6.0,23,43.4,0,0.0,1,3.6,TE,SmitJo01
922,Jonnu Smith,4.50,34,Sun,10,11,2022-11-20,27-090,NWE,,NYJ,W 10-3,4.50,8.50,8.5,6.5,34,54.0,0,0.0,2,6.7,TE,SmitJo01
923,Logan Thomas,4.50,48,Sun,1,1,2022-09-11,31-072,WAS,,JAX,W 28-22,4.50,7.50,7.5,6.0,48,62.3,0,0.0,0,0.0,TE,ThomLo00
924,Darren Waller,4.50,34,Sun,17,18,2024-01-07,31-116,NYG,,PHI,W 27-10,4.50,9.50,9.5,7.0,34,50.7,0,0.0,0,0.0,TE,WallDa01
925,Mark Andrews,4.40,39,Sun,10,10,2023-11-12,28-067,BAL,,CLE,L 31-33,4.40,6.40,6.4,5.4,39,72.2,0,0.0,0,0.0,TE,AndrMa00
926,Gerald Everett,4.40,39,Sun,12,13,2023-12-03,29-161,LAC,@,NWE,W 6-0,4.40,8.40,8.4,6.4,39,63.9,0,0.0,0,0.0,TE,EverGe00
927,Jake Ferguson,4.40,49,Sun,14,15,2023-12-17,24-333,DAL,@,BUF,L 10-31,4.40,10.40,10.4,7.4,49,86.0,0,0.0,0,0.0,TE,FergJa00
928,Pat Freiermuth,4.40,46,Sun,16,17,2023-12-31,25-067,PIT,@,SEA,W 30-23,4.40,7.40,7.4,5.9,46,63.9,0,0.0,7,25.0,TE,FreiPa00
929,Hunter Henry,4.40,57,Sun,12,12,2024-11-24,29-353,NWE,@,MIA,L 15-34,4.40,9.40,9.4,6.9,57,82.6,0,0.0,0,0.0,TE,HenrHu00
930,Travis Kelce,4.40,61,Mon,15,16,2023-12-25,34-081,KAN,,LVR,L 14-20,4.40,9.40,9.4,6.9,61,80.3,0,0.0,0,0.0,TE,KelcTr00
931,Cole Kmet,4.40,72,Sun,1,1,2023-09-10,24-184,CHI,,GNB,L 20-38,4.40,9.40,9.4,6.9,72,97.3,0,0.0,2,7.1,TE,KmetCo00
932,Foster Moreau,4.40,35,Sun,3,3,2022-09-25,25-142,LVR,@,TEN,L 22-24,4.40,7.40,7.4,5.9,35,50.0,0,0.0,7,29.2,TE,MoreFo00
933,David Njoku,4.40,28,Sun,1,1,2024-09-08,28-060,CLE,,DAL,L 17-33,4.40,8.40,8.4,6.4,28,36.8,0,0.0,0,0.0,TE,NjokDa00
934,Cade Otton,4.40,56,Sun,14,15,2023-12-17,24-246,TAM,@,GNB,W 34-20,4.40,6.40,6.4,5.4,56,90.3,0,0.0,0,0.0,TE,OttoCa00
935,Cade Otton,4.40,53,Thu,5,5,2024-10-03,25-171,TAM,@,ATL,L 30-36 (OT),4.40,7.40,7.4,5.9,53,100.0,0,0.0,0,0.0,TE,OttoCa00
936,Colby Parkinson,4.40,26,Sun,3,3,2022-09-25,23-260,SEA,,ATL,L 23-27,4.40,6.40,6.4,5.4,26,36.6,0,0.0,13,52.0,TE,ParkCo02
937,Kyle Pitts,4.40,32,Sun,1,1,2023-09-10,22-339,ATL,,CAR,W 24-10,4.40,6.40,6.4,5.4,32,61.5,0,0.0,0,0.0,TE,PittKy00
938,Durham Smythe,4.40,67,Sun,1,1,2023-09-10,28-032,MIA,@,LAC,W 36-34,4.40,7.40,7.4,5.9,67,100.0,0,0.0,15,48.4,TE,SmytDu00
939,Daniel Bellinger,4.30,54,Sun,9,9,2023-11-05,23-044,NYG,@,LVR,L 6-30,4.30,7.30,7.3,5.8,54,85.7,0,0.0,4,16.7,TE,BellDa00
940,Daniel Bellinger,4.30,40,Mon,15,16,2023-12-25,23-094,NYG,@,PHI,L 25-33,4.30,8.30,8.3,6.3,40,63.5,0,0.0,15,51.7,TE,BellDa00
941,Noah Fant,4.30,44,Thu,12,13,2023-11-30,26-010,SEA,@,DAL,L 35-41,4.30,7.30,7.3,5.8,44,63.8,0,0.0,0,0.0,TE,FantNo00
942,Noah Fant,4.30,29,Thu,16,17,2024-12-26,27-036,SEA,@,CHI,W 6-3,4.30,8.30,8.3,6.3,29,55.8,0,0.0,0,0.0,TE,FantNo00
943,Zach Gentry,4.30,48,Sun,5,5,2022-10-09,26-029,PIT,@,BUF,L 3-38,4.30,9.30,9.3,6.8,48,64.0,0,0.0,3,12.0,TE,GentZa00
944,Peyton Hendershot,4.30,38,Mon,3,3,2022-09-26,23-156,DAL,@,NYG,W 23-16,4.30,7.30,7.3,5.8,38,59.4,0,0.0,17,58.6,TE,HendPe01
945,Juwan Johnson,4.30,45,Sun,1,1,2022-09-11,25-363,NOR,@,ATL,W 27-26,4.30,6.30,6.3,5.3,45,73.8,0,0.0,16,50.0,TE,JohnJu02
946,Travis Kelce,4.30,52,Sun,16,17,2023-01-01,33-088,KAN,,DEN,W 27-24,4.30,11.30,11.3,7.8,52,86.7,0,0.0,0,0.0,TE,KelcTr00
947,Dalton Kincaid,4.30,47,Sun,2,2,2023-09-17,23-334,BUF,,LVR,W 38-10,4.30,9.30,9.3,6.8,47,60.3,0,0.0,0,0.0,TE,KincDa00
948,Cole Kmet,4.30,62,Mon,12,12,2023-11-27,24-262,CHI,@,MIN,W 12-10,4.30,11.30,11.3,7.8,62,88.6,0,0.0,5,25.0,TE,KmetCo00
949,Isaiah Likely,4.30,21,Sun,2,2,2022-09-18,22-153,BAL,,MIA,L 38-42,4.30,8.30,8.3,6.3,21,35.6,0,0.0,0,0.0,TE,LikeIs00
950,Trey McBride,4.30,61,Sun,11,11,2023-11-19,23-362,ARI,@,HOU,L 16-21,4.30,9.30,9.3,6.8,61,100.0,0,0.0,2,11.1,TE,McBrTr01
951,Cade Otton,4.30,74,Sun,5,5,2022-10-09,23-177,TAM,,ATL,W 21-15,4.30,10.30,10.3,7.3,74,93.7,0,0.0,5,22.7,TE,OttoCa00
952,Cade Otton,4.30,70,Sun,6,7,2023-10-22,24-190,TAM,,ATL,L 13-16,4.30,9.30,9.3,6.8,70,95.9,0,0.0,0,0.0,TE,OttoCa00
953,Kyle Pitts,4.30,24,Sun,11,11,2022-11-20,22-045,ATL,,CHI,W 27-24,4.30,7.30,7.3,5.8,24,43.6,0,0.0,0,0.0,TE,PittKy00
954,Luke Schoonmaker,4.30,28,Sun,2,2,2024-09-15,25-353,DAL,,NOR,L 19-44,4.30,10.30,10.3,7.3,28,40.0,0,0.0,5,18.5,TE,SchoLu00
955,Dalton Schultz,4.30,63,Sat,15,16,2022-12-24,26-166,DAL,,PHI,W 40-34,4.30,7.30,7.3,5.8,63,86.3,0,0.0,0,0.0,TE,SchuDa00
956,Logan Thomas,4.30,58,Sun,1,1,2023-09-10,32-071,WAS,,ARI,W 20-16,4.30,8.30,8.3,6.3,58,81.7,0,0.0,0,0.0,TE,ThomLo00
957,Logan Thomas,4.30,62,Sun,4,4,2023-10-01,32-092,WAS,@,PHI,L 31-34 (OT),4.30,7.30,7.3,5.8,62,79.5,0,0.0,0,0.0,TE,ThomLo00
958,Darren Waller,4.30,71,Sun,6,6,2023-10-15,31-032,NYG,@,BUF,L 9-14,4.30,9.30,9.3,6.8,71,92.2,0,0.0,0,0.0,TE,WallDa01
959,Josh Whyle,4.30,25,Sun,3,3,2024-09-22,25-014,TEN,,GNB,L 14-30,4.30,8.30,8.3,6.3,25,46.3,0,0.0,7,25.0,TE,WhylJo01
960,Jelani Woods,4.30,33,Mon,15,16,2022-12-26,24-078,IND,,LAC,L 3-20,4.30,7.30,7.3,5.8,33,63.5,0,0.0,0,0.0,TE,WoodJe01
961,Taysom Hill,4.22,29,Sun,8,8,2024-10-27,34-065,NOR,@,LAC,L 8-26,4.22,6.22,6.2,5.2,29,39.7,0,0.0,16,47.1,TE,HillTa00
962,Jordan Akins,4.20,18,Sun,7,7,2024-10-20,32-184,CLE,,CIN,L 14-21,4.20,8.20,8.2,6.2,18,21.4,0,0.0,14,50.0,TE,AkinJo00
963,Daniel Bellinger,4.20,56,Sun,16,17,2023-01-01,22-101,NYG,,IND,W 38-10,4.20,7.20,7.2,5.7,56,88.9,0,0.0,0,0.0,TE,BellDa00
964,Harrison Bryant,4.20,14,Sun,11,12,2023-11-26,25-217,CLE,@,DEN,L 12-29,4.20,5.20,6.2,4.7,14,19.2,0,0.0,11,42.3,TE,BryaHa00
965,Greg Dulcich,4.20,54,Sun,13,14,2022-12-11,22-260,DEN,,KAN,L 28-34,4.20,7.20,7.2,5.7,54,75.0,0,0.0,0,0.0,TE,DulcGr00
966,Zach Ertz,4.20,49,Sun,4,4,2024-09-29,33-324,WAS,@,ARI,W 42-14,4.20,7.20,7.2,5.7,49,68.1,0,0.0,0,0.0,TE,ErtzZa00
967,Gerald Everett,4.20,44,Sun,14,15,2022-12-18,28-176,LAC,,TEN,W 17-14,4.20,8.20,8.2,6.2,44,62.0,0,0.0,0,0.0,TE,EverGe00
968,Gerald Everett,4.20,49,Sat,15,16,2023-12-23,29-181,LAC,,BUF,L 22-24,4.20,11.20,11.2,7.7,49,70.0,0,0.0,0,0.0,TE,EverGe00
969,Dallas Goedert,4.20,54,Sun,6,6,2023-10-15,28-285,PHI,@,NYJ,L 14-20,4.20,9.20,9.2,6.7,54,77.1,0,0.0,0,0.0,TE,GoedDa00
970,Hunter Henry,4.20,68,Sun,17,18,2023-01-08,28-032,NWE,@,BUF,L 23-35,4.20,10.20,10.2,7.2,68,100.0,0,0.0,0,0.0,TE,HenrHu00
971,Hayden Hurst,4.20,38,Mon,8,8,2022-10-31,29-068,CIN,@,CLE,L 13-32,4.20,8.20,8.2,6.2,38,71.7,0,0.0,3,13.0,TE,HursHa00
972,Cole Kmet,4.20,70,Sun,10,11,2024-11-17,25-252,CHI,,GNB,L 19-20,4.20,7.20,7.2,5.7,70,97.2,0,0.0,4,22.2,TE,KmetCo00
973,Dawson Knox,4.20,51,Sun,14,15,2024-12-15,28-031,BUF,@,DET,W 48-42,4.20,6.20,6.2,5.2,51,72.9,0,0.0,2,5.6,TE,KnoxDa00
974,Isaiah Likely,4.20,19,Sun,9,9,2023-11-05,23-201,BAL,,SEA,W 37-3,4.20,8.20,8.2,6.2,19,25.0,0,0.0,5,18.5,TE,LikeIs00
975,Dalton Schultz,4.20,44,Sat,17,18,2024-01-06,27-179,HOU,@,IND,W 23-19,4.20,9.20,9.2,6.7,44,78.6,0,0.0,0,0.0,TE,SchuDa00
976,Irv Smith Jr.,4.20,50,Sun,5,5,2022-10-09,24-061,MIN,,CHI,W 29-22,4.20,8.20,8.2,6.2,50,63.3,0,0.0,0,0.0,TE,SmitIr01
977,Brevyn Spann-Ford,4.20,41,Mon,10,11,2024-11-18,24-327,DAL,,HOU,L 10-34,4.20,8.20,8.2,6.2,41,49.4,0,0.0,10,37.0,TE,SpanBr00
978,Darnell Washington,4.20,45,Sun,10,11,2024-11-17,23-092,PIT,,BAL,W 18-16,4.20,6.20,6.2,5.2,45,57.7,0,0.0,6,20.7,TE,WashDa03
979,Mo Alie-Cox,4.10,34,Sun,6,6,2024-10-13,31-024,IND,@,TEN,W 20-17,4.10,8.10,8.1,6.1,34,48.6,0,0.0,4,15.4,TE,AlieMo00
980,Brock Bowers,4.10,42,Sun,3,3,2024-09-22,21-284,LVR,,CAR,L 22-36,4.10,7.10,7.1,5.6,42,65.6,0,0.0,0,0.0,TE,BoweBr01
981,Harrison Bryant,4.10,55,Sun,10,11,2022-11-20,24-211,CLE,@,BUF,L 23-31,4.10,8.10,8.1,6.1,55,73.3,0,0.0,4,13.3,TE,BryaHa00
982,Josiah Deguara,4.10,28,Sun,9,9,2022-11-06,25-265,GNB,@,DET,L 9-15,4.10,9.10,9.1,6.6,28,37.8,0,0.0,6,46.2,TE,DeguJo00
983,Will Dissly,4.10,45,Sun,7,8,2024-10-27,28-111,LAC,,NOR,W 26-8,4.10,9.10,9.1,6.6,45,68.2,0,0.0,0,0.0,TE,DissWi00
984,Evan Engram,4.10,48,Sun,6,6,2023-10-15,29-043,JAX,,IND,W 37-20,4.10,11.10,11.1,7.6,48,75.0,0,0.0,2,6.5,TE,EngrEv00
985,Evan Engram,4.10,50,Sun,12,13,2024-12-01,30-090,JAX,,HOU,L 20-23,4.10,11.10,11.1,7.6,50,71.4,0,0.0,0,0.0,TE,EngrEv00
986,Zach Ertz,4.10,53,Thu,7,7,2022-10-20,31-344,ARI,,NOR,W 42-34,4.10,6.10,6.1,5.1,53,80.3,0,0.0,2,6.3,TE,ErtzZa00
987,Gerald Everett,4.10,41,Thu,14,15,2023-12-14,29-172,LAC,@,LVR,L 21-63,4.10,9.10,9.1,6.6,41,63.1,0,0.0,0,0.0,TE,EverGe00
988,Noah Fant,4.10,47,Sun,3,3,2023-09-24,25-308,SEA,,CAR,W 37-27,4.10,8.10,8.1,6.1,47,62.7,0,0.0,1,2.9,TE,FantNo00
989,Pat Freiermuth,4.10,45,Thu,3,3,2022-09-22,23-332,PIT,@,CLE,L 17-29,4.10,6.10,6.1,5.1,45,76.3,0,0.0,5,17.9,TE,FreiPa00
990,Dallas Goedert,4.10,74,Mon,3,3,2023-09-25,28-265,PHI,@,TAM,W 25-11,4.10,9.10,9.1,6.6,74,92.5,0,0.0,0,0.0,TE,GoedDa00
991,Austin Hooper,4.10,38,Sun,9,10,2022-11-13,28-015,TEN,,DEN,W 17-10,4.10,9.10,9.1,6.6,38,61.3,0,0.0,0,0.0,TE,HoopAu00
992,Juwan Johnson,4.10,56,Sun,6,6,2022-10-16,26-033,NOR,,CIN,L 26-30,4.10,8.10,8.1,6.1,56,77.8,0,0.0,17,58.6,TE,JohnJu02
993,Juwan Johnson,4.10,51,Sun,9,9,2024-11-03,28-051,NOR,@,CAR,L 22-23,4.10,6.10,6.1,5.1,51,64.6,0,0.0,6,20.7,TE,JohnJu02
994,Cole Kmet,4.10,33,Sun,17,18,2024-01-07,24-303,CHI,@,GNB,L 9-17,4.10,7.10,7.1,5.6,33,68.8,0,0.0,0,0.0,TE,KmetCo00
995,Dawson Knox,4.10,47,Mon,2,2,2022-09-19,25-309,BUF,,TEN,W 41-7,4.10,8.10,8.1,6.1,47,69.1,0,0.0,0,0.0,TE,KnoxDa00
996,Lucas Krull,4.10,29,Thu,7,7,2024-10-17,26-098,DEN,@,NOR,W 33-10,4.10,7.10,7.1,5.6,29,44.6,0,0.0,9,31.0,TE,KrulLu00
997,Trey McBride,4.10,43,Sun,17,18,2023-01-08,23-047,ARI,@,SFO,L 13-38,4.10,7.10,7.1,5.6,43,82.7,0,0.0,2,7.7,TE,McBrTr01
998,Chigoziem Okonkwo,4.10,20,Sun,9,10,2022-11-13,23-066,TEN,,DEN,W 17-10,4.10,5.10,5.1,4.6,20,32.3,0,0.0,23,79.3,TE,OkonCh00
999,Cade Otton,4.10,69,Sun,2,2,2023-09-17,24-155,TAM,,CHI,W 27-17,4.10,10.10,10.1,7.1,69,97.2,0,0.0,0,0.0,TE,OttoCa00
1000,Colby Parkinson,4.10,36,Sun,2,2,2023-09-17,24-252,SEA,@,DET,W 37-31 (OT),4.10,6.10,6.1,5.1,36,50.0,0,0.0,13,46.4,TE,ParkCo02
1001,Eric Saubert,4.10,61,Sun,3,3,2024-09-22,30-144,SFO,@,LAR,L 24-27,4.10,6.10,6.1,5.1,61,85.9,0,0.0,6,22.2,TE,SaubEr00
1002,Durham Smythe,4.10,55,Sun,4,4,2023-10-01,28-053,MIA,@,BUF,L 20-48,4.10,8.10,8.1,6.1,55,84.6,0,0.0,14,50.0,TE,SmytDu00
1003,Jack Stoll,4.10,54,Sun,12,13,2022-12-04,24-310,PHI,,TEN,W 35-10,4.10,7.10,7.1,5.6,54,74.0,0,0.0,14,48.3,TE,StolJa00
1004,Daniel Bellinger,4.00,43,Mon,3,3,2022-09-26,22-004,NYG,,DAL,L 16-23,4.00,8.00,8.0,6.0,43,59.7,0,0.0,0,0.0,TE,BellDa00
1005,Grant Calcaterra,4.00,17,Sun,3,3,2022-09-25,23-295,PHI,@,WAS,W 24-8,4.00,5.00,5.0,4.5,17,24.3,0,0.0,4,15.4,TE,CalcGr00
1006,Tyler Conklin,4.00,70,Sun,2,2,2022-09-18,27-050,NYJ,@,CLE,W 31-30,4.00,10.00,10.0,7.0,70,100.0,0,0.0,5,16.7,TE,ConkTy00
1007,Evan Engram,4.00,49,Sun,6,6,2022-10-16,28-044,JAX,@,IND,L 27-34,4.00,9.00,9.0,6.5,49,77.8,0,0.0,0,0.0,TE,EngrEv00
1008,Evan Engram,4.00,37,Sun,10,10,2024-11-10,30-069,JAX,,MIN,L 7-12,4.00,10.00,10.0,7.0,37,84.1,0,0.0,0,0.0,TE,EngrEv00
1009,Noah Fant,4.00,45,Sun,16,17,2023-01-01,25-042,SEA,,NYJ,W 23-6,4.00,6.00,6.0,5.0,45,62.5,0,0.0,0,0.0,TE,FantNo00
1010,Jake Ferguson,4.00,35,Sun,15,16,2024-12-22,25-339,DAL,,TAM,W 26-24,4.00,10.00,10.0,7.0,35,58.3,0,0.0,0,0.0,TE,FergJa00
1011,Pat Freiermuth,4.00,45,Wed,16,17,2024-12-25,26-061,PIT,,KAN,L 10-29,4.00,11.00,12.0,7.5,45,60.0,0,0.0,2,8.0,TE,FreiPa00
1012,Zach Gentry,4.00,19,Sun,1,1,2022-09-11,26-001,PIT,@,CIN,W 23-20 (OT),4.00,6.00,6.0,5.0,19,30.2,0,0.0,6,18.8,TE,GentZa00
1013,Kylen Granson,4.00,27,Sun,3,3,2024-09-22,26-179,IND,,CHI,W 21-16,4.00,5.00,5.0,4.5,27,48.2,0,0.0,11,47.8,TE,GranKy00
1014,Noah Gray,4.00,32,Sun,4,4,2024-09-29,25-152,KAN,@,LAC,W 17-10,4.00,8.00,8.0,6.0,32,51.6,0,0.0,15,62.5,TE,GrayNo00
1015,Juwan Johnson,4.00,53,Sun,2,2,2022-09-18,26-005,NOR,,TAM,L 10-20,4.00,8.00,8.0,6.0,53,77.9,0,0.0,10,38.5,TE,JohnJu02
1016,Juwan Johnson,4.00,31,Sun,17,18,2024-01-07,27-116,NOR,,ATL,W 48-17,4.00,7.00,7.0,5.5,31,46.3,0,0.0,0,0.0,TE,JohnJu02
1017,George Kittle,4.00,66,Mon,1,1,2024-09-09,30-336,SFO,,NYJ,W 32-19,4.00,8.00,8.0,6.0,66,91.7,0,0.0,0,0.0,TE,KittGe00
1018,Cole Kmet,4.00,58,Sun,3,3,2022-09-25,23-199,CHI,,HOU,W 23-20,4.00,6.00,6.0,5.0,58,92.1,0,0.0,9,31.0,TE,KmetCo00
1019,Dawson Knox,4.00,48,Sun,4,4,2022-10-02,25-322,BUF,@,BAL,W 23-20,4.00,7.00,7.0,5.5,48,75.0,0,0.0,0,0.0,TE,KnoxDa00
1020,Dawson Knox,4.00,52,Sun,10,10,2024-11-10,27-362,BUF,@,IND,W 30-20,4.00,6.00,6.0,5.0,52,70.3,0,0.0,0,0.0,TE,KnoxDa00
1021,Dawson Knox,4.00,61,Sun,11,11,2024-11-17,28-003,BUF,,KAN,W 30-21,4.00,8.00,8.0,6.0,61,83.6,0,0.0,0,0.0,TE,KnoxDa00
1022,Sam LaPorta,4.00,53,Sun,9,10,2023-11-12,22-304,DET,@,LAC,W 41-38,4.00,8.00,8.0,6.0,53,80.3,0,0.0,0,0.0,TE,LaPoSa01
1023,Isaiah Likely,4.00,52,Sun,12,12,2023-11-26,23-222,BAL,@,LAC,W 20-10,4.00,8.00,8.0,6.0,52,73.2,0,0.0,6,28.6,TE,LikeIs00
1024,Foster Moreau,4.00,49,Sun,13,14,2024-12-08,27-216,NOR,@,NYG,W 14-11,4.00,6.00,6.0,5.0,49,72.1,0,0.0,5,17.2,TE,MoreFo00
1025,Logan Thomas,4.00,45,Sun,10,10,2023-11-12,32-134,WAS,@,SEA,L 26-29,4.00,9.00,9.0,6.5,45,73.8,0,0.0,1,2.9,TE,ThomLo00
1026,Robert Tonyan,4.00,49,Sun,16,17,2023-12-31,29-245,CHI,,ATL,W 37-17,4.00,7.00,7.0,5.5,49,66.2,0,0.0,12,37.5,TE,TonyRo00
1027,Darren Waller,4.00,26,Sun,14,15,2023-12-17,31-095,NYG,@,NOR,L 6-24,4.00,8.00,8.0,6.0,26,41.9,0,0.0,0,0.0,TE,WallDa01
1028,Jordan Akins,3.90,37,Sat,15,16,2022-12-24,30-249,HOU,@,TEN,W 19-14,3.90,6.90,6.9,5.4,37,55.2,0,0.0,3,12.5,TE,AkinJo00
1029,John Bates,3.90,37,Sun,5,5,2022-10-09,24-337,WAS,,TEN,L 17-21,3.90,6.90,6.9,5.4,37,58.7,0,0.0,3,10.7,TE,BateJo00
1030,Daniel Bellinger,3.90,32,Sun,16,17,2023-12-31,23-100,NYG,,LAR,L 25-26,3.90,7.90,7.9,5.9,32,43.2,0,0.0,16,53.3,TE,BellDa00
1031,Gerald Everett,3.90,46,Sun,13,14,2023-12-10,29-168,LAC,,DEN,L 7-24,3.90,8.90,8.9,6.4,46,67.6,0,0.0,0,0.0,TE,EverGe00
1032,Pat Freiermuth,3.90,49,Mon,11,12,2022-11-28,24-034,PIT,@,IND,W 24-17,3.90,6.90,6.9,5.4,49,71.0,0,0.0,0,0.0,TE,FreiPa00
1033,Pat Freiermuth,3.90,38,Sun,2,2,2024-09-15,25-326,PIT,@,DEN,W 13-6,3.90,7.90,7.9,5.9,38,57.6,0,0.0,3,12.0,TE,FreiPa00
1034,Kylen Granson,3.90,44,Sun,1,1,2023-09-10,25-167,IND,,JAX,L 21-31,3.90,7.90,7.9,5.9,44,61.1,0,0.0,13,46.4,TE,GranKy00
1035,Tyler Higbee,3.90,63,Thu,1,1,2022-09-08,29-250,LAR,,BUF,L 10-31,3.90,8.90,8.9,6.4,63,94.0,0,0.0,0,0.0,TE,HigbTy00
1036,Austin Hooper,3.90,57,Sun,17,18,2024-01-07,29-070,LVR,,DEN,W 27-14,3.90,7.90,7.9,5.9,57,86.4,0,0.0,0,0.0,TE,HoopAu00
1037,Theo Johnson,3.90,43,Sun,11,12,2024-11-24,23-272,NYG,,TAM,L 7-30,3.90,6.90,6.9,5.4,43,72.9,0,0.0,7,35.0,TE,JohnTh00
1038,Sam LaPorta,3.90,58,Thu,1,1,2023-09-07,22-238,DET,@,KAN,W 21-20,3.90,8.90,8.9,6.4,58,82.9,0,0.0,0,0.0,TE,LaPoSa01
1039,Michael Mayer,3.90,42,Mon,5,5,2023-10-09,22-095,LVR,,GNB,W 17-13,3.90,5.90,5.9,4.9,42,65.6,0,0.0,5,20.8,TE,MayeMi00
1040,Durham Smythe,3.90,46,Sun,17,18,2023-01-08,27-152,MIA,,NYJ,W 11-6,3.90,6.90,6.9,5.4,46,70.8,0,0.0,10,45.5,TE,SmytDu00
1041,Jordan Akins,3.80,24,Thu,11,12,2024-11-21,32-216,CLE,,PIT,W 24-19,3.80,6.80,6.8,5.3,24,41.4,0,0.0,10,50.0,TE,AkinJo00
1042,Jordan Akins,3.80,41,Sun,16,17,2023-01-01,30-257,HOU,,JAX,L 3-31,3.80,5.80,5.8,4.8,41,58.6,0,0.0,0,0.0,TE,AkinJo00
1043,Mo Alie-Cox,3.80,35,Sat,17,18,2024-01-06,30-109,IND,,HOU,L 19-23,3.80,5.80,5.8,4.8,35,53.0,0,0.0,8,26.7,TE,AlieMo00
1044,Daniel Bellinger,3.80,51,Sun,11,11,2023-11-19,23-058,NYG,@,WAS,W 31-19,3.80,6.80,6.8,5.3,51,92.7,0,0.0,12,41.4,TE,BellDa00
1045,Brock Bowers,3.80,72,Sun,11,12,2024-11-24,21-347,LVR,,DEN,L 19-29,3.80,7.80,7.8,5.8,72,93.5,0,0.0,0,0.0,TE,BoweBr01
1046,Zach Ertz,3.80,38,Mon,3,3,2024-09-23,33-318,WAS,@,CIN,W 38-33,3.80,8.80,8.8,6.3,38,64.4,0,0.0,1,3.8,TE,ErtzZa00
1047,Gerald Everett,3.80,38,Sun,11,12,2022-11-27,28-155,LAC,@,ARI,W 25-24,3.80,7.80,7.8,5.8,38,57.6,0,0.0,0,0.0,TE,EverGe00
1048,Pat Freiermuth,3.80,48,Thu,13,14,2023-12-07,25-043,PIT,,NWE,L 18-21,3.80,6.80,6.8,5.3,48,68.6,0,0.0,2,7.1,TE,FreiPa00
1049,Dallas Goedert,3.80,69,Mon,2,2,2024-09-16,29-257,PHI,,ATL,L 21-22,3.80,6.80,6.8,5.3,69,97.2,0,0.0,0,0.0,TE,GoedDa00
1050,Kylen Granson,3.80,31,Sun,6,6,2022-10-16,24-203,IND,,JAX,W 34-27,3.80,7.80,7.8,5.8,31,38.3,0,0.0,10,40.0,TE,GranKy00
1051,Noah Gray,3.80,41,Sun,2,2,2023-09-17,24-140,KAN,@,JAX,W 17-9,3.80,6.80,6.8,5.3,41,61.2,0,0.0,7,31.8,TE,GrayNo00
1052,T.J. Hockenson,3.80,63,Sun,1,1,2022-09-11,25-070,DET,,PHI,L 35-38,3.80,7.80,7.8,5.8,63,91.3,0,0.0,0,0.0,TE,HockTJ00
1053,Austin Hooper,3.80,31,Sun,14,15,2024-12-15,30-047,NWE,@,ARI,L 17-30,3.80,6.80,6.8,5.3,31,60.8,0,0.0,4,16.0,TE,HoopAu00
1054,Austin Hooper,3.80,34,Sat,17,18,2023-01-07,28-070,TEN,@,JAX,L 16-20,3.80,7.80,7.8,5.8,34,45.3,0,0.0,0,0.0,TE,HoopAu00
1055,Tanner Hudson,3.80,34,Sun,16,17,2023-12-31,29-049,CIN,@,KAN,L 17-25,3.80,6.80,6.8,5.3,34,45.9,0,0.0,0,0.0,TE,HudsTa00
1056,Travis Kelce,3.80,43,Sat,17,18,2023-01-07,33-094,KAN,@,LVR,W 31-13,3.80,9.80,9.8,6.8,43,72.9,0,0.0,0,0.0,TE,KelcTr00
1057,Dalton Kincaid,3.80,58,Sun,12,12,2023-11-26,24-039,BUF,@,PHI,L 34-37 (OT),3.80,8.80,8.8,6.3,58,61.1,0,0.0,0,0.0,TE,KincDa00
1058,Cole Kmet,3.80,36,Sun,2,2,2023-09-17,24-191,CHI,@,TAM,L 17-27,3.80,7.80,7.8,5.8,36,67.9,0,0.0,3,11.1,TE,KmetCo00
1059,Sam LaPorta,3.80,53,Sun,10,11,2023-11-19,22-311,DET,,CHI,W 31-26,3.80,6.80,6.8,5.3,53,85.5,0,0.0,1,3.8,TE,LaPoSa01
1060,Isaiah Likely,3.80,43,Sat,17,18,2025-01-04,24-261,BAL,,CLE,W 35-10,3.80,6.80,6.8,5.3,43,61.4,0,0.0,0,0.0,TE,LikeIs00
1061,Foster Moreau,3.80,42,Thu,7,7,2024-10-17,27-164,NOR,,DEN,L 10-33,3.80,5.80,5.8,4.8,42,60.0,0,0.0,2,6.9,TE,MoreFo00
1062,Chigoziem Okonkwo,3.80,56,Sun,8,9,2024-11-03,25-056,TEN,,NWE,W 20-17 (OT),3.80,6.80,6.8,5.3,56,72.7,0,0.0,9,34.6,TE,OkonCh00
1063,Colby Parkinson,3.80,53,Sun,3,3,2023-09-24,24-259,SEA,,CAR,W 37-27,3.80,6.80,6.8,5.3,53,70.7,0,0.0,13,37.1,TE,ParkCo02
1064,Colby Parkinson,3.80,28,Sun,16,17,2023-12-31,24-357,SEA,,PIT,L 23-30,3.80,5.80,5.8,4.8,28,57.1,0,0.0,7,25.0,TE,ParkCo02
1065,Drew Sample,3.80,35,Sat,15,16,2023-12-23,27-251,CIN,@,PIT,L 11-34,3.80,6.80,6.8,5.3,35,54.7,0,0.0,10,41.7,TE,SampDr00
1066,Ben Sims,3.80,28,Sun,6,6,2024-10-13,24-150,GNB,,ARI,W 34-13,3.80,5.80,5.8,4.8,28,38.4,0,0.0,4,14.8,TE,SimsBe00
1067,Logan Thomas,3.80,57,Sun,11,11,2023-11-19,32-141,WAS,,NYG,L 19-31,3.80,8.80,9.8,6.3,57,70.4,0,0.0,0,0.0,TE,ThomLo00
1068,Gerald Everett,3.70,45,Sun,16,17,2023-12-31,29-189,LAC,@,DEN,L 9-16,3.70,7.70,7.7,5.7,45,69.2,0,0.0,0,0.0,TE,EverGe00
1069,Mike Gesicki,3.70,22,Sun,14,15,2024-12-15,29-073,CIN,@,TEN,W 37-27,3.70,6.70,6.7,5.2,22,31.9,0,0.0,0,0.0,TE,GesiMi00
1070,Noah Gray,3.70,33,Sun,14,15,2023-12-17,24-231,KAN,@,NWE,W 27-17,3.70,5.70,5.7,4.7,33,50.8,0,0.0,18,60.0,TE,GrayNo00
1071,Noah Gray,3.70,29,Thu,1,1,2024-09-05,25-128,KAN,,BAL,W 27-20,3.70,6.70,6.7,5.2,29,53.7,0,0.0,15,57.7,TE,GrayNo00
1072,Theo Johnson,3.70,69,Sun,10,10,2024-11-10,23-258,NYG,@,CAR,L 17-20 (OT),3.70,7.70,7.7,5.7,69,92.0,0,0.0,10,33.3,TE,JohnTh00
1073,Tucker Kraft,3.70,61,Sun,12,13,2023-12-03,23-030,GNB,,KAN,W 27-19,3.70,6.70,6.7,5.2,61,95.3,0,0.0,12,54.5,TE,KrafTu00
1074,Tucker Kraft,3.70,64,Fri,1,1,2024-09-06,23-308,GNB,@,PHI,L 29-34,3.70,5.70,5.7,4.7,64,95.5,0,0.0,16,51.6,TE,KrafTu00
1075,Kyle Pitts,3.70,52,Sun,3,3,2023-09-24,22-353,ATL,@,DET,L 6-20,3.70,8.70,8.7,6.2,52,77.6,0,0.0,0,0.0,TE,PittKy00
1076,Kyle Pitts,3.70,34,Sun,14,15,2023-12-17,23-072,ATL,@,CAR,L 7-9,3.70,6.70,6.7,5.2,34,65.4,0,0.0,0,0.0,TE,PittKy00
1077,Jeremy Ruckert,3.70,33,Sun,13,14,2023-12-10,23-121,NYJ,,HOU,W 30-6,3.70,6.70,6.7,5.2,33,48.5,0,0.0,13,44.8,TE,RuckJe00
1078,Stone Smartt,3.70,39,Thu,15,16,2024-12-19,26-076,LAC,,DEN,W 34-27,3.70,6.70,6.7,5.2,39,60.0,0,0.0,12,41.4,TE,SmarSt00
1079,Jonnu Smith,3.70,48,Sun,3,3,2023-09-24,28-033,ATL,@,DET,L 6-20,3.70,8.70,8.7,6.2,48,71.6,0,0.0,0,0.0,TE,SmitJo01
1080,Robert Tonyan,3.70,36,Sun,3,3,2022-09-25,28-148,GNB,@,TAM,W 14-12,3.70,9.70,9.7,6.7,36,58.1,0,0.0,1,4.0,TE,TonyRo00
1081,Adam Trautman,3.70,39,Sun,4,4,2022-10-02,25-239,NOR,,MIN,L 25-28,3.70,6.70,6.7,5.2,39,65.0,0,0.0,4,12.9,TE,TrauAd00
1082,Tyler Conklin,3.60,75,Sun,15,16,2023-12-24,28-147,NYJ,,WAS,W 30-28,3.60,7.60,7.6,5.6,75,83.3,0,0.0,1,2.8,TE,ConkTy00
1083,Devin Culp,3.60,16,Sun,17,18,2025-01-05,24-338,TAM,,NOR,W 27-19,3.60,5.60,5.6,4.6,16,23.9,0,0.0,14,50.0,TE,CulpDe00
1084,Gerald Everett,3.60,47,Sun,8,9,2022-11-06,28-134,LAC,@,ATL,W 20-17,3.60,8.60,8.6,6.1,47,68.1,0,0.0,0,0.0,TE,EverGe00
1085,Pat Freiermuth,3.60,58,Sun,9,10,2022-11-13,24-019,PIT,,NOR,W 20-10,3.60,7.60,7.6,5.6,58,69.0,0,0.0,0,0.0,TE,FreiPa00
1086,Pat Freiermuth,3.60,54,Sun,16,17,2023-01-01,24-068,PIT,@,BAL,W 16-13,3.60,6.60,6.6,5.1,54,77.1,0,0.0,0,0.0,TE,FreiPa00
1087,Mike Gesicki,3.60,33,Sun,1,1,2023-09-10,27-342,NWE,,PHI,L 20-25,3.60,6.60,6.6,5.1,33,41.3,0,0.0,0,0.0,TE,GesiMi00
1088,Dallas Goedert,3.60,58,Sun,8,8,2023-10-29,28-299,PHI,@,WAS,W 38-31,3.60,7.60,7.6,5.6,58,92.1,0,0.0,1,3.6,TE,GoedDa00
1089,Tyler Higbee,3.60,47,Sun,14,15,2023-12-17,30-350,LAR,,WAS,W 28-20,3.60,7.60,7.6,5.6,47,62.7,0,0.0,2,7.4,TE,HigbTy00
1090,Taysom Hill,3.60,21,Sun,1,1,2024-09-08,34-016,NOR,,CAR,W 47-10,3.60,4.60,4.6,4.1,21,31.8,0,0.0,9,30.0,TE,HillTa00
1091,Juwan Johnson,3.60,49,Sun,1,1,2023-09-10,26-362,NOR,,TEN,W 16-15,3.60,6.60,6.6,5.1,49,75.4,0,0.0,6,21.4,TE,JohnJu02
1092,Juwan Johnson,3.60,49,Sun,12,13,2024-12-01,28-079,NOR,,LAR,L 14-21,3.60,8.60,8.6,6.1,49,70.0,0,0.0,0,0.0,TE,JohnJu02
1093,Travis Kelce,3.60,45,Sun,12,13,2022-12-04,33-060,KAN,@,CIN,L 24-27,3.60,7.60,8.6,5.6,45,81.8,0,0.0,0,0.0,TE,KelcTr00
1094,Dawson Knox,3.60,36,Sun,13,14,2023-12-10,27-026,BUF,@,KAN,W 20-17,3.60,6.60,6.6,5.1,36,46.8,0,0.0,0,0.0,TE,KnoxDa00
1095,Tucker Kraft,3.60,65,Sun,9,9,2024-11-03,24-000,GNB,,DET,L 14-24,3.60,7.60,7.6,5.6,65,100.0,0,0.0,5,22.7,TE,KrafTu00
1096,Tucker Kraft,3.60,62,Sun,17,18,2025-01-05,24-063,GNB,,CHI,L 22-24,3.60,7.60,7.6,5.6,62,95.4,0,0.0,4,14.8,TE,KrafTu00
1097,Sam LaPorta,3.60,58,Sun,6,6,2023-10-15,22-276,DET,@,TAM,W 20-6,3.60,7.60,7.6,5.6,58,82.9,0,0.0,0,0.0,TE,LaPoSa01
1098,Sam LaPorta,3.60,43,Sun,3,3,2024-09-22,23-254,DET,@,ARI,W 20-13,3.60,5.60,5.6,4.6,43,63.2,0,0.0,0,0.0,TE,LaPoSa01
1099,Chigoziem Okonkwo,3.60,40,Sun,14,15,2023-12-17,24-100,TEN,,HOU,L 16-19 (OT),3.60,6.60,6.6,5.1,40,63.5,0,0.0,4,12.9,TE,OkonCh00
1100,Chigoziem Okonkwo,3.60,31,Sun,17,18,2024-01-07,24-121,TEN,,JAX,W 28-20,3.60,5.60,5.6,4.6,31,56.4,0,0.0,4,18.2,TE,OkonCh00
1101,Eric Saubert,3.60,41,Thu,5,5,2022-10-06,28-158,DEN,,IND,L 9-12 (OT),3.60,8.60,8.6,6.1,41,56.2,0,0.0,20,64.5,TE,SaubEr00
1102,Robert Tonyan,3.60,22,Sun,1,1,2022-09-11,28-134,GNB,@,MIN,L 7-23,3.60,6.60,6.6,5.1,22,36.1,0,0.0,0,0.0,TE,TonyRo00
1103,Darren Waller,3.60,38,Sun,1,1,2023-09-10,30-362,NYG,,DAL,L 0-40,3.60,6.60,6.6,5.1,38,54.3,0,0.0,0,0.0,TE,WallDa01
1104,Darnell Washington,3.60,36,Sun,7,7,2024-10-20,23-064,PIT,,NYJ,W 37-15,3.60,7.60,7.6,5.6,36,52.9,0,0.0,7,24.1,TE,WashDa03
1105,Jelani Woods,3.60,19,Sat,14,15,2022-12-17,24-069,IND,@,MIN,L 36-39 (OT),3.60,4.60,4.6,4.1,19,24.1,0,0.0,0,0.0,TE,WoodJe01
1106,Mark Andrews,3.50,59,Sun,3,3,2023-09-24,28-018,BAL,,IND,L 19-22 (OT),3.50,7.50,7.5,5.5,59,81.9,0,0.0,1,2.8,TE,AndrMa00
1107,Daniel Bellinger,3.50,46,Sun,14,15,2024-12-15,24-084,NYG,,BAL,L 14-35,3.50,6.50,6.5,5.0,46,67.6,0,0.0,11,52.4,TE,BellDa00
1108,Brock Bowers,3.50,63,Mon,14,15,2024-12-16,22-003,LVR,,ATL,L 9-15,3.50,6.50,6.5,5.0,63,94.0,0,0.0,0,0.0,TE,BoweBr01
1109,Tyler Conklin,3.50,50,Sun,12,13,2023-12-03,28-126,NYJ,,ATL,L 8-13,3.50,6.50,6.5,5.0,50,73.5,0,0.0,3,10.7,TE,ConkTy00
1110,Will Dissly,3.50,37,Sun,2,2,2023-09-17,27-071,SEA,@,DET,W 37-31 (OT),3.50,6.50,6.5,5.0,37,51.4,0,0.0,14,50.0,TE,DissWi00
1111,Evan Engram,3.50,34,Sun,7,7,2024-10-20,30-048,JAX,,NWE,W 32-16,3.50,8.50,8.5,6.0,34,55.7,0,0.0,0,0.0,TE,EngrEv00
1112,Noah Fant,3.50,36,Sun,13,14,2023-12-10,26-020,SEA,@,SFO,L 16-28,3.50,5.50,5.5,4.5,36,61.0,0,0.0,0,0.0,TE,FantNo00
1113,Jake Ferguson,3.50,39,Thu,11,12,2023-11-23,24-309,DAL,,WAS,W 45-10,3.50,4.50,4.5,4.0,39,72.2,0,0.0,0,0.0,TE,FergJa00
1114,Mike Gesicki,3.50,36,Sun,16,17,2023-12-31,28-089,NWE,@,BUF,L 21-27,3.50,7.50,7.5,5.5,36,67.9,0,0.0,0,0.0,TE,GesiMi00
1115,Tyler Higbee,3.50,43,Sun,12,13,2023-12-03,30-336,LAR,,CLE,W 36-19,3.50,5.50,5.5,4.5,43,67.2,0,0.0,0,0.0,TE,HigbTy00
1116,T.J. Hockenson,3.50,48,Sun,1,1,2023-09-10,26-069,MIN,,TAM,L 17-20,3.50,11.50,11.5,7.5,48,75.0,0,0.0,0,0.0,TE,HockTJ00
1117,Austin Hooper,3.50,39,Sun,11,11,2024-11-17,30-019,NWE,,LAR,L 22-28,3.50,7.50,7.5,5.5,39,51.3,0,0.0,5,18.5,TE,HoopAu00
1118,Tanner Hudson,3.50,12,Mon,12,13,2023-12-04,29-022,CIN,@,JAX,W 34-31 (OT),3.50,7.50,7.5,5.5,12,16.4,0,0.0,0,0.0,TE,HudsTa00
1119,Hayden Hurst,3.50,34,Sun,9,9,2022-11-06,29-074,CIN,,CAR,W 42-21,3.50,8.50,8.5,6.0,34,45.9,0,0.0,9,31.0,TE,HursHa00
1120,Theo Johnson,3.50,70,Mon,8,8,2024-10-28,23-245,NYG,@,PIT,L 18-26,3.50,6.50,6.5,5.0,70,97.2,0,0.0,11,36.7,TE,JohnTh00
1121,Brevin Jordan,3.50,42,Sun,13,14,2023-12-10,23-147,HOU,@,NYJ,L 6-30,3.50,6.50,6.5,5.0,42,75.0,0,0.0,0,0.0,TE,JordBr00
1122,Cole Kmet,3.50,63,Sun,11,11,2022-11-20,23-255,CHI,@,ATL,L 24-27,3.50,6.50,6.5,5.0,63,91.3,0,0.0,5,18.5,TE,KmetCo00
1123,Lucas Krull,3.50,17,Sun,13,14,2023-12-10,25-152,DEN,@,LAC,W 24-7,3.50,4.50,4.5,4.0,17,25.4,0,0.0,2,8.3,TE,KrulLu00
1124,Chigoziem Okonkwo,3.50,19,Sun,11,12,2022-11-27,23-080,TEN,,CIN,L 16-20,3.50,6.50,6.5,5.0,19,33.3,0,0.0,19,63.3,TE,OkonCh00
1125,Chigoziem Okonkwo,3.50,45,Sun,2,2,2023-09-17,24-009,TEN,,LAC,W 27-24 (OT),3.50,7.50,7.5,5.5,45,69.2,0,0.0,1,3.3,TE,OkonCh00
1126,Cade Otton,3.50,46,Sun,10,10,2022-11-13,23-212,TAM,,SEA,W 21-16,3.50,6.50,6.5,5.0,46,61.3,0,0.0,3,14.3,TE,OttoCa00
1127,Cade Otton,3.50,57,Sun,10,10,2024-11-10,25-209,TAM,,SFO,L 20-23,3.50,8.50,8.5,6.0,57,93.4,0,0.0,0,0.0,TE,OttoCa00
1128,Donald Parham,3.50,22,Sun,14,15,2022-12-18,25-124,LAC,,TEN,W 17-14,3.50,6.50,6.5,5.0,22,31.0,0,0.0,0,0.0,TE,ParhDo00
1129,Kyle Pitts,3.50,41,Sun,8,8,2023-10-29,23-023,ATL,@,TEN,L 23-28,3.50,6.50,6.5,5.0,41,60.3,0,0.0,0,0.0,TE,PittKy00
1130,Ja'Tavion Sanders,3.50,34,Sun,17,18,2025-01-05,21-284,CAR,@,ATL,W 44-38 (OT),3.50,6.50,6.5,5.0,34,50.7,0,0.0,5,16.1,TE,SandJa01
1131,Logan Thomas,3.50,52,Sat,15,16,2022-12-24,31-176,WAS,@,SFO,L 20-37,3.50,9.50,9.5,6.5,52,71.2,0,0.0,0,0.0,TE,ThomLo00
1132,Robert Tonyan,3.50,49,Sun,8,8,2022-10-30,28-183,GNB,@,BUF,L 17-27,3.50,8.50,8.5,6.0,49,74.2,0,0.0,0,0.0,TE,TonyRo00
1133,Cole Turner,3.50,31,Sun,3,3,2023-09-24,23-192,WAS,,BUF,L 3-37,3.50,7.50,7.5,5.5,31,57.4,0,0.0,4,18.2,TE,TurnCo00
1134,Darren Waller,3.50,47,Sat,17,18,2023-01-07,30-116,LVR,,KAN,L 13-31,3.50,5.50,5.5,4.5,47,67.1,0,0.0,0,0.0,TE,WallDa01
1135,Mitchell Wilcox,3.50,54,Sat,15,16,2022-12-24,26-047,CIN,@,NWE,W 22-18,3.50,9.50,9.5,6.5,54,65.1,0,0.0,9,36.0,TE,WilcMi01
1136,Davis Allen,3.40,56,Mon,9,10,2024-11-11,23-282,LAR,,MIA,L 15-23,3.40,8.40,8.4,5.9,56,80.0,0,0.0,8,28.6,TE,AlleDa02
1137,AJ Barner,3.40,19,Sun,8,8,2024-10-27,22-177,SEA,,BUF,L 10-31,3.40,5.40,5.4,4.4,19,37.3,0,0.0,8,34.8,TE,BarnAJ00
1138,Daniel Bellinger,3.40,46,Sun,10,10,2023-11-12,23-051,NYG,@,DAL,L 17-49,3.40,5.40,5.4,4.4,46,80.7,0,0.0,10,32.3,TE,BellDa00
1139,Grant Calcaterra,3.40,52,Sun,16,17,2024-12-29,26-025,PHI,,DAL,W 41-7,3.40,4.40,4.4,3.9,52,80.0,0,0.0,0,0.0,TE,CalcGr00
1140,Tyler Conklin,3.40,42,Thu,15,16,2022-12-22,27-145,NYJ,,JAX,L 3-19,3.40,7.40,7.4,5.4,42,71.2,0,0.0,6,27.3,TE,ConkTy00
1141,Josiah Deguara,3.40,36,Thu,4,4,2023-09-28,26-226,GNB,,DET,L 20-34,3.40,7.40,7.4,5.4,36,63.2,0,0.0,18,60.0,TE,DeguJo00
1142,Noah Fant,3.40,27,Sun,10,10,2022-11-13,24-358,SEA,@,TAM,L 16-21,3.40,6.40,6.4,4.9,27,51.9,0,0.0,0,0.0,TE,FantNo00
1143,Noah Fant,3.40,40,Sun,11,12,2022-11-27,25-007,SEA,,LVR,L 34-40 (OT),3.40,6.40,6.4,4.9,40,61.5,0,0.0,0,0.0,TE,FantNo00
1144,Kylen Granson,3.40,26,Sat,14,15,2022-12-17,24-265,IND,@,MIN,L 36-39 (OT),3.40,5.40,5.4,4.4,26,32.9,0,0.0,13,30.2,TE,GranKy00
1145,Kylen Granson,3.40,31,Sun,16,17,2024-12-29,26-277,IND,@,NYG,L 33-45,3.40,6.40,6.4,4.9,31,40.3,0,0.0,19,59.4,TE,GranKy00
1146,Noah Gray,3.40,31,Sun,9,9,2023-11-05,24-189,KAN,,MIA,W 21-14,3.40,6.40,6.4,4.9,31,51.7,0,0.0,19,76.0,TE,GrayNo00
1147,Elijah Higgins,3.40,25,Sun,9,9,2024-11-03,24-007,ARI,,CHI,W 29-9,3.40,5.40,5.4,4.4,25,43.1,0,0.0,9,32.1,TE,HiggEl00
1148,T.J. Hockenson,3.40,44,Sun,10,11,2022-11-20,25-140,MIN,,DAL,L 3-40,3.40,8.40,8.4,5.9,44,77.2,0,0.0,0,0.0,TE,HockTJ00
1149,Austin Hooper,3.40,31,Sun,8,9,2022-11-06,28-008,TEN,@,KAN,L 17-20 (OT),3.40,5.40,5.4,4.4,31,60.8,0,0.0,0,0.0,TE,HoopAu00
1150,Travis Kelce,3.40,48,Thu,1,1,2024-09-05,34-336,KAN,,BAL,W 27-20,3.40,6.40,6.4,4.9,48,88.9,0,0.0,0,0.0,TE,KelcTr00
1151,Dalton Kincaid,3.40,38,Sun,5,5,2024-10-06,24-354,BUF,@,HOU,L 20-23,3.40,5.40,5.4,4.4,38,62.3,0,0.0,0,0.0,TE,KincDa00
1152,Cole Kmet,3.40,54,Sun,4,4,2024-09-29,25-203,CHI,,LAR,W 24-18,3.40,6.40,6.4,4.9,54,90.0,0,0.0,4,15.4,TE,KmetCo00
1153,Cole Kmet,3.40,49,Sun,7,8,2024-10-27,25-231,CHI,@,WAS,L 15-18,3.40,4.40,4.4,3.9,49,77.8,0,0.0,1,3.8,TE,KmetCo00
1154,Tucker Kraft,3.40,57,Sun,14,15,2024-12-15,24-042,GNB,@,SEA,W 30-13,3.40,5.40,5.4,4.4,57,89.1,0,0.0,5,17.2,TE,KrafTu00
1155,Luke Musgrave,3.40,40,Mon,5,5,2023-10-09,23-037,GNB,@,LVR,L 13-17,3.40,9.40,9.4,6.4,40,69.0,0,0.0,7,29.2,TE,MusgLu00
1156,Chigoziem Okonkwo,3.40,41,Sun,16,17,2023-12-31,24-114,TEN,@,HOU,L 3-26,3.40,6.40,6.4,4.9,41,74.5,0,0.0,5,20.8,TE,OkonCh00
1157,Josh Oliver,3.40,41,Sun,10,11,2024-11-17,27-241,MIN,@,TEN,W 23-13,3.40,6.40,6.4,4.9,41,56.2,0,0.0,8,30.8,TE,OlivJo00
1158,Dalton Schultz,3.40,60,Sun,2,2,2023-09-17,27-068,HOU,,IND,L 20-31,3.40,7.40,7.4,5.4,60,71.4,0,0.0,0,0.0,TE,SchuDa00
1159,Dalton Schultz,3.40,65,Sun,4,4,2024-09-29,28-080,HOU,,JAX,W 24-20,3.40,6.40,6.4,4.9,65,86.7,0,0.0,2,6.9,TE,SchuDa00
1160,Dalton Schultz,3.40,67,Sun,5,5,2024-10-06,28-087,HOU,,BUF,W 23-20,3.40,7.40,7.4,5.4,67,98.5,0,0.0,0,0.0,TE,SchuDa00
1161,Adam Trautman,3.40,34,Sun,10,10,2024-11-10,27-279,DEN,@,KAN,L 14-16,3.40,4.40,4.4,3.9,34,58.6,0,0.0,5,20.0,TE,TrauAd00
1162,Adam Trautman,3.40,46,Sun,1,1,2023-09-10,26-217,DEN,,LVR,L 16-17,3.40,8.40,8.4,5.9,46,71.9,0,0.0,4,21.1,TE,TrauAd00
1163,Tommy Tremble,3.40,22,Sun,4,4,2022-10-02,22-122,CAR,,ARI,L 16-26,3.40,6.40,6.4,4.9,22,42.3,0,0.0,17,73.9,TE,TremTo00
1164,Josh Whyle,3.40,26,Sun,6,7,2024-10-20,25-042,TEN,@,BUF,L 10-34,3.40,6.40,6.4,4.9,26,35.6,0,0.0,5,17.9,TE,WhylJo01
1165,Brock Wright,3.40,47,Sun,3,3,2024-09-22,25-300,DET,@,ARI,W 20-13,3.40,7.40,7.4,5.4,47,69.1,0,0.0,3,13.0,TE,WrigBr01
1166,Jordan Akins,3.30,20,Sun,4,4,2022-10-02,30-166,HOU,,LAC,L 24-34,3.30,5.30,5.3,4.3,20,35.1,0,0.0,6,20.7,TE,AkinJo00
1167,Mark Andrews,3.30,10,Thu,8,8,2022-10-27,27-051,BAL,@,TAM,W 27-22,3.30,6.30,6.3,4.8,10,13.2,0,0.0,0,0.0,TE,AndrMa00
1168,Pharaoh Brown,3.30,21,Sun,8,8,2023-10-29,29-178,NWE,@,MIA,L 17-31,3.30,5.30,5.3,4.3,21,39.6,0,0.0,16,61.5,TE,BrowPh01
1169,Tyler Conklin,3.30,35,Fri,11,12,2023-11-24,28-117,NYJ,,MIA,L 13-34,3.30,7.30,7.3,5.3,35,60.3,0,0.0,1,4.2,TE,ConkTy00
1170,Tyler Conklin,3.30,54,Sun,13,14,2024-12-08,29-131,NYJ,@,MIA,L 26-32 (OT),3.30,6.30,6.3,4.8,54,79.4,0,0.0,0,0.0,TE,ConkTy00
1171,Evan Engram,3.30,42,Sun,13,14,2024-12-08,30-097,JAX,@,TEN,W 10-6,3.30,7.30,7.3,5.3,42,71.2,0,0.0,0,0.0,TE,EngrEv00
1172,Jake Ferguson,3.30,58,Sat,16,17,2023-12-30,24-346,DAL,,DET,W 20-19,3.30,7.30,7.3,5.3,58,89.2,0,0.0,1,3.8,TE,FergJa00
1173,Pat Freiermuth,3.30,55,Sun,3,3,2024-09-22,25-333,PIT,,LAC,W 20-10,3.30,7.30,7.3,5.3,55,80.9,0,0.0,5,19.2,TE,FreiPa00
1174,Mike Gesicki,3.30,53,Sun,2,2,2023-09-17,27-349,NWE,,MIA,L 17-24,3.30,8.30,8.3,5.8,53,71.6,0,0.0,0,0.0,TE,GesiMi00
1175,Tyler Higbee,3.30,54,Sun,17,18,2023-01-08,30-007,LAR,@,SEA,L 16-19 (OT),3.30,7.30,7.3,5.3,54,88.5,0,0.0,0,0.0,TE,HigbTy00
1176,T.J. Hockenson,3.30,61,Sun,12,13,2022-12-04,25-154,MIN,,NYJ,W 27-22,3.30,7.30,7.3,5.3,61,89.7,0,0.0,0,0.0,TE,HockTJ00
1177,Austin Hooper,3.30,30,Sun,14,15,2022-12-18,28-050,TEN,@,LAC,L 14-17,3.30,5.30,5.3,4.3,30,48.4,0,0.0,0,0.0,TE,HoopAu00
1178,Tanner Hudson,3.30,20,Sun,9,10,2023-11-12,29-000,CIN,,HOU,L 27-30,3.30,9.30,9.3,6.3,20,31.3,0,0.0,6,18.8,TE,HudsTa00
1179,Hayden Hurst,3.30,35,Sun,1,1,2024-09-08,31-015,LAC,,LVR,W 22-10,3.30,5.30,5.3,4.3,35,61.4,0,0.0,0,0.0,TE,HursHa00
1180,Juwan Johnson,3.30,29,Sun,4,4,2022-10-02,26-019,NOR,,MIN,L 25-28,3.30,6.30,6.3,4.8,29,48.3,0,0.0,16,51.6,TE,JohnJu02
1181,Dalton Kincaid,3.30,19,Thu,2,2,2024-09-12,24-330,BUF,@,MIA,W 31-10,3.30,7.30,7.3,5.3,19,42.2,0,0.0,0,0.0,TE,KincDa00
1182,Foster Moreau,3.30,39,Sun,6,6,2023-10-15,26-162,NOR,@,HOU,L 13-20,3.30,7.30,7.3,5.3,39,47.6,0,0.0,10,38.5,TE,MoreFo00
1183,Foster Moreau,3.30,45,Thu,7,7,2023-10-19,26-166,NOR,,JAX,L 24-31,3.30,6.30,6.3,4.8,45,50.0,0,0.0,9,28.1,TE,MoreFo00
1184,Foster Moreau,3.30,27,Mon,15,16,2024-12-23,27-231,NOR,@,GNB,L 0-34,3.30,5.30,5.3,4.3,27,48.2,0,0.0,0,0.0,TE,MoreFo00
1185,Foster Moreau,3.30,66,Sun,10,11,2022-11-20,25-198,LVR,@,DEN,W 22-16 (OT),3.30,4.30,4.3,3.8,66,100.0,0,0.0,5,17.2,TE,MoreFo00
1186,Chigoziem Okonkwo,3.30,35,Sun,5,5,2023-10-08,24-030,TEN,@,IND,L 16-23,3.30,8.30,8.3,5.8,35,58.3,0,0.0,1,4.5,TE,OkonCh00
1187,Albert Okwuegbunam,3.30,44,Mon,1,1,2022-09-12,24-140,DEN,@,SEA,L 16-17,3.30,8.30,8.3,5.8,44,66.7,0,0.0,0,0.0,TE,OkwuAl00
1188,Josh Oliver,3.30,20,Sun,15,16,2023-12-24,26-278,MIN,,DET,L 24-30,3.30,4.30,4.3,3.8,20,36.4,0,0.0,10,38.5,TE,OlivJo00
1189,Colby Parkinson,3.30,53,Sun,4,4,2024-09-29,25-265,LAR,@,CHI,L 18-24,3.30,7.30,7.3,5.3,53,86.9,0,0.0,0,0.0,TE,ParkCo02
1190,Luke Schoonmaker,3.30,50,Thu,12,13,2024-11-28,26-061,DAL,,NYG,W 27-20,3.30,8.30,8.3,5.8,50,65.8,0,0.0,6,19.4,TE,SchoLu00
1191,Dalton Schultz,3.30,49,Sun,12,13,2022-12-04,26-146,DAL,,IND,W 54-19,3.30,5.30,5.3,4.3,49,72.1,0,0.0,0,0.0,TE,SchuDa00
1192,Dalton Schultz,3.30,58,Sun,17,18,2023-01-08,26-181,DAL,@,WAS,L 6-26,3.30,7.30,7.3,5.3,58,86.6,0,0.0,0,0.0,TE,SchuDa00
1193,Dalton Schultz,3.30,48,Mon,11,11,2024-11-18,28-130,HOU,@,DAL,W 34-10,3.30,8.30,8.3,5.8,48,75.0,0,0.0,0,0.0,TE,SchuDa00
1194,Jonnu Smith,3.30,39,Sun,1,1,2022-09-11,27-020,NWE,@,MIA,L 7-20,3.30,6.30,6.3,4.8,39,68.4,0,0.0,4,21.1,TE,SmitJo01
1195,Stephen Sullivan,3.30,9,Sun,8,8,2022-10-30,25-336,CAR,@,ATL,L 34-37 (OT),3.30,4.30,4.3,3.8,9,11.3,0,0.0,19,54.3,TE,SullSt00
1196,Adam Trautman,3.30,43,Sun,10,11,2023-11-19,26-287,DEN,,MIN,W 21-20,3.30,5.30,5.3,4.3,43,78.2,0,0.0,0,0.0,TE,TrauAd00
1197,Josh Whyle,3.30,31,Sun,7,8,2024-10-27,25-049,TEN,@,DET,L 14-52,3.30,5.30,5.3,4.3,31,40.8,0,0.0,5,15.2,TE,WhylJo01
1198,Jelani Woods,3.30,15,Sun,4,4,2022-10-02,23-358,IND,,TEN,L 17-24,3.30,4.30,4.3,3.8,15,22.7,0,0.0,0,0.0,TE,WoodJe01
1199,Jordan Akins,3.20,25,Sun,9,9,2024-11-03,32-198,CLE,,LAC,L 10-27,3.20,6.20,6.2,4.7,25,31.6,0,0.0,14,48.3,TE,AkinJo00
1200,Erick All,3.20,33,Sun,2,2,2024-09-15,24-002,CIN,@,KAN,L 25-26,3.20,7.20,7.2,5.2,33,51.6,0,0.0,11,42.3,TE,AllxEr00
1201,Erick All,3.20,24,Sun,8,8,2024-10-27,24-044,CIN,,PHI,L 17-37,3.20,5.20,5.2,4.2,24,41.4,0,0.0,12,50.0,TE,AllxEr00
1202,Cameron Brate,3.20,22,Sun,4,4,2022-10-02,31-091,TAM,,KAN,L 31-41,3.20,7.20,7.2,5.2,22,34.4,0,0.0,0,0.0,TE,BratCa00
1203,Tyler Conklin,3.20,56,Sun,12,13,2024-12-01,29-124,NYJ,,SEA,L 21-26,3.20,7.20,7.2,5.2,56,82.4,0,0.0,0,0.0,TE,ConkTy00
1204,Noah Fant,3.20,34,Sun,7,8,2023-10-29,25-343,SEA,,CLE,W 24-20,3.20,5.20,5.2,4.2,34,58.6,0,0.0,0,0.0,TE,FantNo00
1205,Jake Ferguson,3.20,52,Sun,10,11,2023-11-19,24-305,DAL,@,CAR,W 33-10,3.20,6.20,6.2,4.7,52,72.2,0,0.0,0,0.0,TE,FergJa00
1206,Jake Ferguson,3.20,46,Mon,13,14,2024-12-09,25-326,DAL,,CIN,L 20-27,3.20,6.20,6.2,4.7,46,76.7,0,0.0,0,0.0,TE,FergJa00
1207,Hunter Henry,3.20,56,Sun,5,5,2024-10-06,29-304,NWE,,MIA,L 10-15,3.20,5.20,5.2,4.2,56,93.3,0,0.0,0,0.0,TE,HenrHu00
1208,Connor Heyward,3.20,34,Sun,9,10,2023-11-12,24-294,PIT,,GNB,W 23-19,3.20,6.20,6.2,4.7,34,52.3,0,0.0,12,41.4,TE,HeywCo00
1209,Elijah Higgins,3.20,27,Sun,17,18,2024-01-07,23-072,ARI,,SEA,L 20-21,3.20,5.20,5.2,4.2,27,38.6,0,0.0,12,46.2,TE,HiggEl00
1210,Austin Hooper,3.20,23,Sun,7,7,2024-10-20,29-357,NWE,@,JAX,L 16-32,3.20,7.20,7.2,5.2,23,38.3,0,0.0,2,9.1,TE,HoopAu00
1211,Dalton Kincaid,3.20,52,Sun,9,9,2024-11-03,25-016,BUF,,MIA,W 30-27,3.20,7.20,7.2,5.2,52,78.8,0,0.0,0,0.0,TE,KincDa00
1212,Cole Kmet,3.20,68,Mon,7,7,2022-10-24,23-228,CHI,@,NWE,W 33-14,3.20,5.20,5.2,4.2,68,95.8,0,0.0,4,16.0,TE,KmetCo00
1213,Tucker Kraft,3.20,30,Sun,10,11,2023-11-19,23-016,GNB,,LAC,W 23-20,3.20,5.20,5.2,4.2,30,41.7,0,0.0,18,69.2,TE,KrafTu00
1214,Trey McBride,3.20,33,Sun,2,2,2023-09-17,23-299,ARI,,NYG,L 28-31,3.20,5.20,5.2,4.2,33,50.8,0,0.0,5,17.9,TE,McBrTr01
1215,Foster Moreau,3.20,55,Sun,12,13,2022-12-04,25-212,LVR,,LAC,W 27-20,3.20,4.20,4.2,3.7,55,90.2,0,0.0,6,20.0,TE,MoreFo00
1216,David Njoku,3.20,63,Sun,2,2,2022-09-18,26-070,CLE,,NYJ,L 30-31,3.20,6.20,6.2,4.7,63,94.0,0,0.0,0,0.0,TE,NjokDa00
1217,Josh Oliver,3.20,30,Sun,1,1,2023-09-10,26-173,MIN,,TAM,L 17-20,3.20,6.20,6.2,4.7,30,46.9,0,0.0,8,28.6,TE,OlivJo00
1218,Colby Parkinson,3.20,35,Sun,6,7,2024-10-20,25-286,LAR,,LVR,W 20-15,3.20,5.20,5.2,4.2,35,63.6,0,0.0,0,0.0,TE,ParkCo02
1219,Giovanni Ricci,3.20,4,Sun,16,17,2023-01-01,26-077,CAR,@,TAM,L 24-30,3.20,4.20,4.2,3.7,4,6.1,0,0.0,21,67.7,TE,RiccGi00
1220,Irv Smith Jr.,3.20,37,Sun,3,3,2022-09-25,24-047,MIN,,DET,W 28-24,3.20,5.20,5.2,4.2,37,51.4,0,0.0,0,0.0,TE,SmitIr01
1221,Jonnu Smith,3.20,44,Sun,15,16,2023-12-24,28-124,ATL,,IND,W 29-10,3.20,7.20,7.2,5.2,44,68.8,0,0.0,0,0.0,TE,SmitJo01
1222,Durham Smythe,3.20,43,Sun,14,15,2023-12-17,28-130,MIA,,NYJ,W 30-0,3.20,7.20,7.2,5.2,43,70.5,0,0.0,0,0.0,TE,SmytDu00
1223,Robert Tonyan,3.20,30,Sun,7,7,2022-10-23,28-176,GNB,@,WAS,L 21-23,3.20,6.20,6.2,4.7,30,55.6,0,0.0,0,0.0,TE,TonyRo00
1224,Tommy Tremble,3.20,55,Sun,14,15,2023-12-17,23-198,CAR,,ATL,W 9-7,3.20,5.20,5.2,4.2,55,83.3,0,0.0,10,52.6,TE,TremTo00
1225,Tommy Tremble,3.20,51,Sun,15,16,2024-12-22,24-203,CAR,,ARI,W 36-30 (OT),3.20,6.20,6.2,4.7,51,75.0,0,0.0,5,15.2,TE,TremTo00
1226,Darren Waller,3.20,40,Mon,15,16,2023-12-25,31-103,NYG,@,PHI,L 25-33,3.20,5.20,5.2,4.2,40,63.5,0,0.0,0,0.0,TE,WallDa01
1227,Mark Andrews,3.10,58,Sat,14,15,2022-12-17,27-102,BAL,@,CLE,L 3-13,3.10,6.10,6.1,4.6,58,92.1,0,0.0,0,0.0,TE,AndrMa00
1228,Brock Bowers,3.10,48,Sun,4,4,2024-09-29,21-291,LVR,,CLE,W 20-16,3.10,5.10,5.1,4.1,48,81.4,0,0.0,0,0.0,TE,BoweBr01
1229,Pharaoh Brown,3.10,48,Sun,3,3,2022-09-25,28-144,HOU,@,CHI,L 20-23,3.10,6.10,6.1,4.6,48,81.4,0,0.0,4,13.8,TE,BrowPh01
1230,Zach Ertz,3.10,49,Sun,10,10,2024-11-10,34-000,WAS,,PIT,L 27-28,3.10,7.10,7.1,5.1,49,76.6,0,0.0,0,0.0,TE,ErtzZa00
1231,Mike Gesicki,3.10,32,Sun,10,10,2022-11-13,27-041,MIA,,CLE,W 39-17,3.10,5.10,5.1,4.1,32,46.4,0,0.0,0,0.0,TE,GesiMi00
1232,Mike Gesicki,3.10,29,Sun,5,5,2024-10-06,29-003,CIN,,BAL,L 38-41 (OT),3.10,5.10,5.1,4.1,29,43.3,0,0.0,0,0.0,TE,GesiMi00
1233,Dallas Goedert,3.10,58,Mon,14,15,2023-12-18,28-349,PHI,@,SEA,L 17-20,3.10,7.10,7.1,5.1,58,84.1,0,0.0,0,0.0,TE,GoedDa00
1234,Dallas Goedert,3.10,62,Fri,1,1,2024-09-06,29-247,PHI,,GNB,W 34-29,3.10,7.10,7.1,5.1,62,81.6,0,0.0,0,0.0,TE,GoedDa00
1235,Noah Gray,3.10,57,Thu,1,1,2023-09-07,24-130,KAN,,DET,L 20-21,3.10,6.10,6.1,4.6,57,87.7,0,0.0,4,14.8,TE,GrayNo00
1236,Noah Gray,3.10,43,Sun,14,15,2022-12-18,23-232,KAN,@,HOU,W 30-24 (OT),3.10,6.10,6.1,4.6,43,55.8,0,0.0,17,60.7,TE,GrayNo00
1237,Austin Hooper,3.10,36,Sun,1,1,2024-09-08,29-315,NWE,@,CIN,W 16-10,3.10,5.10,5.1,4.1,36,55.4,0,0.0,4,19.0,TE,HoopAu00
1238,Juwan Johnson,3.10,42,Mon,5,5,2024-10-07,28-024,NOR,@,KAN,L 13-26,3.10,8.10,8.1,5.6,42,79.2,0,0.0,2,8.3,TE,JohnJu02
1239,Tucker Kraft,3.10,54,Sun,17,18,2024-01-07,23-065,GNB,,CHI,W 17-9,3.10,6.10,6.1,4.6,54,90.0,0,0.0,8,44.4,TE,KrafTu00
1240,Trey McBride,3.10,59,Sun,15,16,2023-12-24,24-032,ARI,@,CHI,L 16-27,3.10,9.10,9.1,6.1,59,96.7,0,0.0,2,6.9,TE,McBrTr01
1241,James Mitchell,3.10,19,Sat,15,16,2022-12-24,23-135,DET,@,CAR,L 23-37,3.10,5.10,5.1,4.1,19,28.8,0,0.0,10,34.5,TE,MitcJa00
1242,Foster Moreau,3.10,52,Sun,17,18,2025-01-05,27-244,NOR,@,TAM,L 19-27,3.10,7.10,7.1,5.1,52,78.8,0,0.0,5,17.9,TE,MoreFo00
1243,Foster Moreau,3.10,58,Sun,7,8,2022-10-30,25-177,LVR,@,NOR,L 0-24,3.10,9.10,9.1,6.1,58,100.0,0,0.0,1,5.3,TE,MoreFo00
1244,Johnny Mundt,3.10,39,Sun,5,5,2024-10-06,29-318,MIN,,NYJ,W 23-17,3.10,5.10,5.1,4.1,39,53.4,0,0.0,5,17.2,TE,MundJo00
1245,David Njoku,3.10,42,Sun,6,6,2024-10-13,28-095,CLE,@,PHI,L 16-20,3.10,8.10,8.1,5.6,42,73.7,0,0.0,0,0.0,TE,NjokDa00
1246,Chigoziem Okonkwo,3.10,30,Thu,10,11,2022-11-17,23-070,TEN,@,GNB,W 27-17,3.10,4.10,4.1,3.6,30,45.5,0,0.0,16,72.7,TE,OkonCh00
1247,Josh Oliver,3.10,39,Sun,17,18,2024-01-07,26-292,MIN,@,DET,L 20-30,3.10,5.10,5.1,4.1,39,53.4,0,0.0,10,35.7,TE,OlivJo00
1248,Donald Parham,3.10,35,Sun,17,18,2023-01-08,25-145,LAC,@,DEN,L 28-31,3.10,5.10,5.1,4.1,35,51.5,0,0.0,0,0.0,TE,ParhDo00
1249,Stone Smartt,3.10,7,Mon,6,7,2024-10-21,26-017,LAC,@,ARI,L 15-17,3.10,4.10,4.1,3.6,7,10.6,0,0.0,4,18.2,TE,SmarSt00
1250,Logan Thomas,3.10,57,Sun,9,9,2023-11-05,32-127,WAS,@,NWE,W 20-17,3.10,7.10,7.1,5.1,57,73.1,0,0.0,0,0.0,TE,ThomLo00
1251,C.J. Uzomah,3.10,39,Sun,12,13,2022-12-04,29-324,NYJ,@,MIN,L 22-27,3.10,4.10,4.1,3.6,39,45.9,0,0.0,8,25.0,TE,UzomC.00
1252,Darnell Washington,3.10,40,Sun,4,4,2024-09-29,23-043,PIT,@,IND,L 24-27,3.10,5.10,5.1,4.1,40,57.1,0,0.0,4,14.8,TE,WashDa03
1253,Josh Whyle,3.10,5,Sun,13,14,2024-12-08,25-091,TEN,,JAX,L 6-10,3.10,5.10,5.1,4.1,5,7.8,0,0.0,3,16.7,TE,WhylJo01
1254,Jordan Akins,3.00,33,Sun,14,15,2024-12-15,32-240,CLE,,KAN,L 7-21,3.00,6.00,6.0,4.5,33,53.2,0,0.0,1,3.8,TE,AkinJo00
1255,Mo Alie-Cox,3.00,34,Sun,11,12,2023-11-26,30-068,IND,,TAM,W 27-20,3.00,4.00,4.0,3.5,34,46.6,0,0.0,8,29.6,TE,AlieMo00
1256,Grant Calcaterra,3.00,73,Sun,8,9,2024-11-03,25-335,PHI,,JAX,W 28-23,3.00,8.00,8.0,5.5,73,92.4,0,0.0,0,0.0,TE,CalcGr00
1257,Will Dissly,3.00,32,Sun,9,10,2024-11-10,28-125,LAC,,TEN,W 27-17,3.00,8.00,8.0,5.5,32,54.2,0,0.0,1,3.8,TE,DissWi00
1258,Greg Dulcich,3.00,53,Sun,10,11,2022-11-20,22-239,DEN,,LVR,L 16-22 (OT),3.00,7.00,7.0,5.0,53,82.8,0,0.0,0,0.0,TE,DulcGr00
1259,Gerald Everett,3.00,38,Sun,3,3,2023-09-24,29-091,LAC,@,MIN,W 28-24,3.00,9.00,9.0,6.0,38,57.6,0,0.0,0,0.0,TE,EverGe00
1260,Mike Gesicki,3.00,36,Sun,5,5,2022-10-09,27-006,MIA,@,NYJ,L 17-40,3.00,4.00,4.0,3.5,36,53.7,0,0.0,1,3.4,TE,GesiMi00
1261,Mike Gesicki,3.00,58,Thu,10,10,2024-11-07,29-035,CIN,@,BAL,L 34-35,3.00,7.00,7.0,5.0,58,70.7,0,0.0,0,0.0,TE,GesiMi00
1262,Dallas Goedert,3.00,46,Sun,13,14,2023-12-10,28-341,PHI,@,DAL,L 13-33,3.00,7.00,7.0,5.0,46,83.6,0,0.0,0,0.0,TE,GoedDa00
1263,Noah Gray,3.00,30,Sun,11,12,2023-11-26,24-210,KAN,@,LVR,W 31-17,3.00,6.00,6.0,4.5,30,50.0,0,0.0,16,61.5,TE,GrayNo00
1264,Tyler Higbee,3.00,52,Thu,15,16,2023-12-21,30-354,LAR,,NOR,W 30-22,3.00,6.00,6.0,4.5,52,74.3,0,0.0,2,8.3,TE,HigbTy00
1265,Austin Hooper,3.00,38,Sun,11,12,2022-11-27,28-029,TEN,,CIN,L 16-20,3.00,6.00,6.0,4.5,38,66.7,0,0.0,0,0.0,TE,HoopAu00
1266,Tanner Hudson,3.00,36,Mon,3,3,2023-09-25,28-317,CIN,,LAR,W 19-16,3.00,5.00,5.0,4.0,36,46.8,0,0.0,1,3.2,TE,HudsTa00
1267,Theo Johnson,3.00,70,Sun,6,6,2024-10-13,23-230,NYG,,CIN,L 7-17,3.00,6.00,6.0,4.5,70,88.6,0,0.0,4,18.2,TE,JohnTh00
1268,Travis Kelce,3.00,57,Sun,3,3,2024-09-22,34-353,KAN,@,ATL,W 22-17,3.00,7.00,7.0,5.0,57,77.0,0,0.0,0,0.0,TE,KelcTr00
1269,Travis Kelce,3.00,65,Sat,15,16,2024-12-21,35-077,KAN,,HOU,W 27-19,3.00,8.00,8.0,5.5,65,87.8,0,0.0,0,0.0,TE,KelcTr00
1270,George Kittle,3.00,55,Sun,2,2,2023-09-17,29-343,SFO,@,LAR,W 30-23,3.00,6.00,6.0,4.5,55,96.5,0,0.0,0,0.0,TE,KittGe00
1271,Dawson Knox,3.00,45,Sun,7,7,2023-10-22,26-342,BUF,@,NWE,L 25-29,3.00,4.00,4.0,3.5,45,63.4,0,0.0,0,0.0,TE,KnoxDa00
1272,Charlie Kolar,3.00,26,Sun,3,3,2024-09-22,25-225,BAL,@,DAL,W 28-25,3.00,4.00,4.0,3.5,26,41.3,0,0.0,25,89.3,TE,KolaCh00
1273,Isaiah Likely,3.00,13,Sun,6,6,2022-10-16,22-181,BAL,@,NYG,L 20-24,3.00,5.00,5.0,4.0,13,22.0,0,0.0,9,34.6,TE,LikeIs00
1274,Isaiah Likely,3.00,19,Sun,12,13,2022-12-04,22-230,BAL,,DEN,W 10-9,3.00,7.00,7.0,5.0,19,26.4,0,0.0,10,38.5,TE,LikeIs00
1275,Trey McBride,3.00,52,Sun,1,1,2024-09-08,24-291,ARI,@,BUF,L 28-34,3.00,8.00,8.0,5.5,52,85.2,0,0.0,0,0.0,TE,McBrTr01
1276,Foster Moreau,3.00,41,Sun,2,2,2022-09-18,25-135,LVR,,ARI,L 23-29 (OT),3.00,6.00,6.0,4.5,41,61.2,0,0.0,8,38.1,TE,MoreFo00
1277,Luke Musgrave,3.00,43,Sun,6,7,2023-10-22,23-050,GNB,@,DEN,L 17-19,3.00,7.00,7.0,5.0,43,67.2,0,0.0,9,36.0,TE,MusgLu00
1278,Cade Otton,3.00,61,Sun,17,18,2024-01-07,24-267,TAM,@,CAR,W 9-0,3.00,5.00,5.0,4.0,61,93.8,0,0.0,0,0.0,TE,OttoCa00
1279,Cade Otton,3.00,53,Sun,11,12,2024-11-24,25-223,TAM,@,NYG,W 30-7,3.00,4.00,4.0,3.5,53,81.5,0,0.0,0,0.0,TE,OttoCa00
1280,Kyle Pitts,3.00,50,Sun,10,10,2023-11-12,23-037,ATL,@,ARI,L 23-25,3.00,6.00,6.0,4.5,50,70.4,0,0.0,0,0.0,TE,PittKy00
1281,Eric Saubert,3.00,24,Sun,16,17,2023-01-01,28-245,DEN,@,KAN,L 24-27,3.00,6.00,6.0,4.5,24,34.3,0,0.0,14,48.3,TE,SaubEr00
1282,Stone Smartt,3.00,35,Sun,14,15,2024-12-15,26-072,LAC,,TAM,L 17-40,3.00,8.00,9.0,5.5,35,67.3,0,0.0,12,44.4,TE,SmarSt00
1283,Durham Smythe,3.00,39,Sun,17,18,2024-01-07,28-151,MIA,,BUF,L 14-21,3.00,6.00,6.0,4.5,39,75.0,0,0.0,4,22.2,TE,SmytDu00
1284,C.J. Uzomah,3.00,30,Thu,15,16,2022-12-22,29-342,NYJ,,JAX,L 3-19,3.00,4.00,4.0,3.5,30,50.8,0,0.0,11,50.0,TE,UzomC.00
1285,Jordan Akins,2.90,45,Sun,3,3,2024-09-22,32-156,CLE,,NYG,L 15-21,2.90,6.90,6.9,4.9,45,67.2,0,0.0,4,15.4,TE,AkinJo00
1286,Will Dissly,2.90,35,Sun,2,2,2024-09-15,28-069,LAC,@,CAR,W 26-3,2.90,5.90,5.9,4.4,35,50.7,0,0.0,0,0.0,TE,DissWi00
1287,Payne Durham,2.90,67,Sun,15,16,2024-12-22,24-190,TAM,@,DAL,L 24-26,2.90,7.90,7.9,5.4,67,93.1,0,0.0,3,10.0,TE,DurhPa00
1288,Evan Engram,2.90,58,Sun,3,3,2022-09-25,28-023,JAX,@,LAC,W 38-10,2.90,3.90,3.9,3.4,58,76.3,0,0.0,0,0.0,TE,EngrEv00
1289,Evan Engram,2.90,42,Sun,16,17,2023-01-01,28-121,JAX,@,HOU,W 31-3,2.90,3.90,3.9,3.4,42,66.7,0,0.0,0,0.0,TE,EngrEv00
1290,Evan Engram,2.90,45,Sun,10,11,2023-11-19,29-078,JAX,,TEN,W 34-14,2.90,6.90,6.9,4.9,45,63.4,0,0.0,1,4.0,TE,EngrEv00
1291,Gerald Everett,2.90,51,Mon,6,6,2022-10-17,28-114,LAC,,DEN,W 19-16 (OT),2.90,7.90,7.9,5.4,51,54.8,0,0.0,0,0.0,TE,EverGe00
1292,Pat Freiermuth,2.90,36,Sun,12,13,2023-12-03,25-039,PIT,,ARI,L 10-24,2.90,5.90,5.9,4.4,36,59.0,0,0.0,3,12.5,TE,FreiPa00
1293,Noah Gray,2.90,51,Mon,5,5,2024-10-07,25-160,KAN,,NOR,W 26-13,2.90,4.90,4.9,3.9,51,60.7,0,0.0,15,62.5,TE,GrayNo00
1294,George Kittle,2.90,64,Sun,16,17,2023-12-31,30-083,SFO,@,WAS,W 27-10,2.90,5.90,5.9,4.4,64,91.4,0,0.0,0,0.0,TE,KittGe00
1295,Will Mallory,2.90,27,Sun,11,12,2023-11-26,24-157,IND,,TAM,W 27-20,2.90,4.90,4.9,3.9,27,37.0,0,0.0,0,0.0,TE,MallWi00
1296,Trey McBride,2.90,35,Sun,7,7,2023-10-22,23-334,ARI,@,SEA,L 10-20,2.90,5.90,5.9,4.4,35,53.0,0,0.0,9,37.5,TE,McBrTr01
1297,David Njoku,2.90,61,Sun,9,9,2024-11-03,28-116,CLE,,LAC,L 10-27,2.90,7.90,7.9,5.4,61,77.2,0,0.0,0,0.0,TE,NjokDa00
1298,David Njoku,2.90,57,Thu,11,12,2024-11-21,28-134,CLE,,PIT,W 24-19,2.90,3.90,3.9,3.4,57,98.3,0,0.0,0,0.0,TE,NjokDa00
1299,Chigoziem Okonkwo,2.90,43,Sun,4,4,2023-10-01,24-023,TEN,,CIN,W 27-3,2.90,5.90,5.9,4.4,43,65.2,0,0.0,2,9.5,TE,OkonCh00
1300,Cade Otton,2.90,43,Sun,4,4,2022-10-02,23-170,TAM,,KAN,L 31-41,2.90,5.90,5.9,4.4,43,67.2,0,0.0,11,36.7,TE,OttoCa00
1301,Dalton Schultz,2.90,32,Sun,17,18,2025-01-05,28-178,HOU,@,TEN,W 23-14,2.90,5.90,5.9,4.4,32,53.3,0,0.0,1,4.3,TE,SchuDa00
1302,Robert Tonyan,2.90,34,Sun,9,9,2022-11-06,28-190,GNB,@,DET,L 9-15,2.90,5.90,5.9,4.4,34,45.9,0,0.0,0,0.0,TE,TonyRo00
1303,Robert Tonyan,2.90,37,Sun,17,18,2023-01-08,28-253,GNB,,DET,L 16-20,2.90,5.90,5.9,4.4,37,61.7,0,0.0,0,0.0,TE,TonyRo00
1304,Tommy Tremble,2.90,64,Sun,3,3,2024-09-22,24-112,CAR,@,LVR,W 36-22,2.90,5.90,5.9,4.4,64,86.5,0,0.0,1,3.3,TE,TremTo00
1305,Cole Turner,2.90,12,Thu,12,12,2023-11-23,23-252,WAS,@,DAL,L 10-45,2.90,3.90,3.9,3.4,12,15.4,0,0.0,5,20.0,TE,TurnCo00
1306,Darnell Washington,2.90,30,Mon,8,8,2024-10-28,23-072,PIT,,NYG,W 26-18,2.90,3.90,3.9,3.4,30,45.5,0,0.0,6,20.0,TE,WashDa03
1307,Blake Whiteheart,2.90,10,Thu,11,12,2024-11-21,24-244,CLE,,PIT,W 24-19,2.90,3.90,3.9,3.4,10,17.2,0,0.0,7,35.0,TE,WhitBl01
1308,Jordan Akins,2.80,12,Thu,16,17,2023-12-28,31-253,CLE,,NYJ,W 37-20,2.80,3.80,3.8,3.3,12,20.0,0,0.0,10,33.3,TE,AkinJo00
1309,Erick All,2.80,40,Sun,4,4,2024-09-29,24-016,CIN,@,CAR,W 34-24,2.80,6.80,6.8,4.8,40,59.7,0,0.0,11,39.3,TE,AllxEr00
1310,Kendall Blanton,2.80,5,Sun,3,3,2022-09-25,26-319,LAR,@,ARI,W 20-12,2.80,3.80,3.8,3.3,5,10.4,0,0.0,4,16.0,TE,BlanKe01
1311,Tyler Conklin,2.80,53,Sun,13,14,2022-12-11,27-134,NYJ,@,BUF,L 12-20,2.80,7.80,7.8,5.3,53,71.6,0,0.0,15,50.0,TE,ConkTy00
1312,Josiah Deguara,2.80,15,Sun,1,1,2022-09-11,25-209,GNB,@,MIN,L 7-23,2.80,4.80,4.8,3.8,15,24.6,0,0.0,11,47.8,TE,DeguJo00
1313,Will Dissly,2.80,22,Sun,10,10,2022-11-13,26-128,SEA,@,TAM,L 16-21,2.80,4.80,4.8,3.8,22,42.3,0,0.0,11,52.4,TE,DissWi00
1314,Evan Engram,2.80,50,Sun,1,1,2022-09-11,28-009,JAX,@,WAS,L 22-28,2.80,6.80,6.8,4.8,50,71.4,0,0.0,0,0.0,TE,EngrEv00
1315,Evan Engram,2.80,75,Sun,5,5,2023-10-08,29-036,JAX,@,BUF,W 25-20,2.80,6.80,6.8,4.8,75,85.2,0,0.0,2,8.0,TE,EngrEv00
1316,Evan Engram,2.80,52,Sun,14,15,2023-12-17,29-106,JAX,,BAL,L 7-23,2.80,6.80,6.8,4.8,52,83.9,0,0.0,0,0.0,TE,EngrEv00
1317,Evan Engram,2.80,36,Sun,11,11,2024-11-17,30-076,JAX,@,DET,L 6-52,2.80,7.80,7.8,5.3,36,75.0,0,0.0,0,0.0,TE,EngrEv00
1318,Zach Ertz,2.80,42,Sun,1,1,2024-09-08,33-303,WAS,@,TAM,L 20-37,2.80,5.80,5.8,4.3,42,71.2,0,0.0,1,3.7,TE,ErtzZa00
1319,Gerald Everett,2.80,58,Sun,13,14,2022-12-11,28-169,LAC,,MIA,W 23-17,2.80,7.80,7.8,5.3,58,72.5,0,0.0,0,0.0,TE,EverGe00
1320,Luke Farrell,2.80,21,Sun,14,15,2023-12-17,26-064,JAX,,BAL,L 7-23,2.80,3.80,3.8,3.3,21,33.9,0,0.0,9,40.9,TE,FarrLu00
1321,Jake Ferguson,2.80,34,Sun,5,5,2023-10-08,24-263,DAL,@,SFO,L 10-42,2.80,5.80,5.8,4.3,34,69.4,0,0.0,0,0.0,TE,FergJa00
1322,Mike Gesicki,2.80,36,Sun,6,6,2023-10-15,28-012,NWE,@,LVR,L 17-21,2.80,5.80,5.8,4.3,36,60.0,0,0.0,0,0.0,TE,GesiMi00
1323,Hunter Henry,2.80,31,Sun,8,8,2023-10-29,28-326,NWE,@,MIA,L 17-31,2.80,5.80,5.8,4.3,31,58.5,0,0.0,0,0.0,TE,HenrHu00
1324,Julian Hill,2.80,38,Sun,10,11,2024-11-17,24-131,MIA,,LVR,W 34-19,2.80,4.80,4.8,3.8,38,55.9,0,0.0,12,52.2,TE,HillJu02
1325,T.J. Hockenson,2.80,34,Sun,12,13,2024-12-01,27-151,MIN,,ARI,W 23-22,2.80,5.80,5.8,4.3,34,64.2,0,0.0,0,0.0,TE,HockTJ00
1326,Austin Hooper,2.80,64,Sun,16,17,2023-12-31,29-063,LVR,@,IND,L 20-23,2.80,5.80,5.8,4.3,64,85.3,0,0.0,0,0.0,TE,HoopAu00
1327,Tanner Hudson,2.80,12,Sun,12,13,2024-12-01,30-019,CIN,,PIT,L 38-44,2.80,6.80,6.8,4.8,12,19.4,0,0.0,24,72.7,TE,HudsTa00
1328,Hayden Hurst,2.80,43,Sun,10,11,2022-11-20,29-088,CIN,@,PIT,W 37-30,2.80,4.80,4.8,3.8,43,65.2,0,0.0,8,22.2,TE,HursHa00
1329,Travis Kelce,2.80,50,Sun,14,15,2023-12-17,34-073,KAN,@,NWE,W 27-17,2.80,7.80,7.8,5.3,50,76.9,0,0.0,0,0.0,TE,KelcTr00
1330,George Kittle,2.80,51,Sun,3,3,2022-09-25,28-351,SFO,@,DEN,L 10-11,2.80,6.80,6.8,4.8,51,91.1,0,0.0,0,0.0,TE,KittGe00
1331,George Kittle,2.80,50,Sun,13,14,2022-12-11,29-063,SFO,,TAM,W 35-7,2.80,6.80,6.8,4.8,50,79.4,0,0.0,0,0.0,TE,KittGe00
1332,Tyler Kroft,2.80,14,Thu,14,15,2022-12-15,30-061,SFO,@,SEA,W 21-13,2.80,3.80,3.8,3.3,14,21.9,0,0.0,3,10.7,TE,KrofTy00
1333,Sam LaPorta,2.80,48,Sun,8,9,2024-11-03,23-296,DET,@,GNB,W 24-14,2.80,4.80,4.8,3.8,48,84.2,0,0.0,1,4.5,TE,LaPoSa01
1334,Trey McBride,2.80,55,Mon,13,14,2022-12-12,23-020,ARI,,NWE,L 13-27,2.80,5.80,5.8,4.3,55,73.3,0,0.0,4,15.4,TE,McBrTr01
1335,Foster Moreau,2.80,54,Sun,6,7,2022-10-23,25-170,LVR,,HOU,W 38-20,2.80,5.80,5.8,4.3,54,96.4,0,0.0,6,22.2,TE,MoreFo00
1336,Foster Moreau,2.80,40,Sun,12,13,2023-12-03,26-211,NOR,,DET,L 28-33,2.80,4.80,4.8,3.8,40,59.7,0,0.0,11,36.7,TE,MoreFo00
1337,Johnny Mundt,2.80,28,Mon,2,2,2022-09-19,27-300,MIN,@,PHI,L 7-24,2.80,4.80,4.8,3.8,28,45.9,0,0.0,4,19.0,TE,MundJo00
1338,Luke Musgrave,2.80,46,Sun,10,11,2023-11-19,23-078,GNB,,LAC,W 23-20,2.80,6.80,6.8,4.8,46,63.9,0,0.0,5,19.2,TE,MusgLu00
1339,David Njoku,2.80,62,Sat,14,15,2022-12-17,26-160,CLE,,BAL,W 13-3,2.80,5.80,5.8,4.3,62,93.9,0,0.0,0,0.0,TE,NjokDa00
1340,David Njoku,2.80,74,Mon,2,2,2023-09-18,27-070,CLE,@,PIT,L 22-26,2.80,6.80,7.8,4.8,74,85.1,0,0.0,0,0.0,TE,NjokDa00
1341,Chigoziem Okonkwo,2.80,54,Thu,8,9,2023-11-02,24-055,TEN,@,PIT,L 16-20,2.80,5.80,5.8,4.3,54,73.0,0,0.0,3,12.5,TE,OkonCh00
1342,Cade Otton,2.80,45,Sun,13,14,2022-12-11,23-240,TAM,@,SFO,L 7-35,2.80,6.80,6.8,4.8,45,59.2,0,0.0,3,14.3,TE,OttoCa00
1343,Colby Parkinson,2.80,25,Sun,4,4,2022-10-02,23-267,SEA,@,DET,W 48-45,2.80,4.80,4.8,3.8,25,35.7,0,0.0,16,48.5,TE,ParkCo02
1344,Colby Parkinson,2.80,27,Sun,7,7,2022-10-23,23-288,SEA,@,LAC,W 37-23,2.80,3.80,3.8,3.3,27,38.0,0,0.0,12,41.4,TE,ParkCo02
1345,Kyle Pitts,2.80,56,Thu,10,10,2022-11-10,22-035,ATL,@,CAR,L 15-25,2.80,4.80,4.8,3.8,56,88.9,0,0.0,0,0.0,TE,PittKy00
1346,Kyle Pitts,2.80,23,Mon,14,15,2024-12-16,24-071,ATL,@,LVR,W 15-9,2.80,6.80,6.8,4.8,23,39.7,0,0.0,0,0.0,TE,PittKy00
1347,Armani Rogers,2.80,38,Sun,7,7,2022-10-23,24-323,WAS,,GNB,W 23-21,2.80,5.80,5.8,4.3,38,51.4,0,0.0,19,65.5,TE,RogeAr00
1348,Drew Sample,2.80,33,Sun,2,2,2024-09-15,28-152,CIN,@,KAN,L 25-26,2.80,5.80,5.8,4.3,33,51.6,0,0.0,11,42.3,TE,SampDr00
1349,Dalton Schultz,2.80,50,Sun,7,7,2024-10-20,28-101,HOU,@,GNB,L 22-24,2.80,3.80,3.8,3.3,50,78.1,0,0.0,0,0.0,TE,SchuDa00
1350,Irv Smith Jr.,2.80,34,Sun,7,8,2022-10-30,24-082,MIN,,ARI,W 34-26,2.80,6.80,6.8,4.8,34,47.9,0,0.0,0,0.0,TE,SmitIr01
1351,Durham Smythe,2.80,51,Sun,8,8,2023-10-29,28-081,MIA,,NWE,W 31-17,2.80,5.80,5.8,4.3,51,66.2,0,0.0,9,34.6,TE,SmytDu00
1352,Stephen Sullivan,2.80,15,Sun,8,9,2023-11-05,26-342,CAR,,IND,L 13-27,2.80,6.80,6.8,4.8,15,21.1,0,0.0,19,67.9,TE,SullSt00
1353,Ian Thomas,2.80,15,Sun,5,5,2023-10-08,27-124,CAR,@,DET,L 24-42,2.80,3.80,3.8,3.3,15,21.1,0,0.0,11,40.7,TE,ThomIa00
1354,Adam Trautman,2.80,47,Mon,13,13,2022-12-05,25-303,NOR,@,TAM,L 16-17,2.80,4.80,4.8,3.8,47,79.7,0,0.0,14,51.9,TE,TrauAd00
1355,Jelani Woods,2.80,15,Sun,13,13,2022-12-04,24-056,IND,@,DAL,L 19-54,2.80,4.80,4.8,3.8,15,20.8,0,0.0,0,0.0,TE,WoodJe01
1356,Kenny Yeboah,2.80,25,Thu,16,17,2023-12-28,25-059,NYJ,@,CLE,L 20-37,2.80,4.80,4.8,3.8,25,34.2,0,0.0,20,66.7,TE,YeboKe00
1357,Jordan Akins,2.70,43,Sun,1,1,2024-09-08,32-142,CLE,,DAL,L 17-33,2.70,5.70,5.7,4.2,43,56.6,0,0.0,19,52.8,TE,AkinJo00
1358,AJ Barner,2.70,73,Sun,9,9,2024-11-03,22-184,SEA,,LAR,L 20-26 (OT),2.70,6.70,6.7,4.7,73,91.3,0,0.0,3,9.4,TE,BarnAJ00
1359,Daniel Bellinger,2.70,68,Sat,15,16,2022-12-24,22-093,NYG,@,MIN,L 24-27,2.70,4.70,5.7,3.7,68,98.6,0,0.0,0,0.0,TE,BellDa00
1360,Evan Engram,2.70,43,Sat,17,18,2023-01-07,28-127,JAX,,TEN,W 20-16,2.70,6.70,6.7,4.7,43,87.8,0,0.0,0,0.0,TE,EngrEv00
1361,Noah Fant,2.70,39,Sun,3,3,2022-09-25,24-309,SEA,,ATL,L 23-27,2.70,6.70,6.7,4.7,39,54.9,0,0.0,0,0.0,TE,FantNo00
1362,Pat Freiermuth,2.70,50,Sun,1,1,2024-09-08,25-319,PIT,@,ATL,W 18-10,2.70,6.70,6.7,4.7,50,73.5,0,0.0,6,24.0,TE,FreiPa00
1363,Mike Gesicki,2.70,38,Sun,7,7,2022-10-23,27-020,MIA,,PIT,W 16-10,2.70,5.70,5.7,4.2,38,61.3,0,0.0,0,0.0,TE,GesiMi00
1364,Hunter Henry,2.70,30,Sun,7,7,2023-10-22,28-319,NWE,,BUF,W 29-25,2.70,4.70,4.7,3.7,30,50.0,0,0.0,0,0.0,TE,HenrHu00
1365,T.J. Hockenson,2.70,33,Sun,8,9,2024-11-03,27-123,MIN,,IND,W 21-13,2.70,5.70,5.7,4.2,33,45.2,0,0.0,1,4.5,TE,HockTJ00
1366,T.J. Hockenson,2.70,46,Sun,15,16,2024-12-22,27-172,MIN,@,SEA,W 27-24,2.70,4.70,4.7,3.7,46,69.7,0,0.0,0,0.0,TE,HockTJ00
1367,Austin Hooper,2.70,43,Sun,17,18,2025-01-05,30-068,NWE,,BUF,W 23-16,2.70,6.70,6.7,4.7,43,67.2,0,0.0,2,8.0,TE,HoopAu00
1368,O.J. Howard,2.70,43,Sun,4,4,2022-10-02,27-317,HOU,,LAC,L 24-34,2.70,4.70,4.7,3.7,43,75.4,0,0.0,5,17.2,TE,HowaO.00
1369,Juwan Johnson,2.70,41,Mon,15,16,2024-12-23,28-101,NOR,@,GNB,L 0-34,2.70,4.70,4.7,3.7,41,73.2,0,0.0,0,0.0,TE,JohnJu02
1370,Brevin Jordan,2.70,15,Sun,2,2,2023-09-17,23-063,HOU,,IND,L 20-31,2.70,4.70,4.7,3.7,15,17.9,0,0.0,3,10.3,TE,JordBr00
1371,Brevin Jordan,2.70,19,Sun,15,16,2023-12-24,23-161,HOU,,CLE,L 22-36,2.70,4.70,4.7,3.7,19,25.3,0,0.0,12,50.0,TE,JordBr00
1372,Travis Kelce,2.70,67,Sun,14,15,2024-12-15,35-071,KAN,@,CLE,W 21-7,2.70,6.70,6.7,4.7,67,89.3,0,0.0,0,0.0,TE,KelcTr00
1373,Dalton Kincaid,2.70,30,Sun,4,4,2023-10-01,23-348,BUF,,MIA,W 48-20,2.70,6.70,6.7,4.7,30,51.7,0,0.0,0,0.0,TE,KincDa00
1374,George Kittle,2.70,22,Sun,17,18,2025-01-05,31-088,SFO,@,ARI,L 24-47,2.70,4.70,4.7,3.7,22,28.9,0,0.0,0,0.0,TE,KittGe00
1375,George Kittle,2.70,59,Sun,5,5,2022-10-09,29-000,SFO,@,CAR,W 37-15,2.70,7.70,8.7,5.2,59,88.1,0,0.0,1,3.6,TE,KittGe00
1376,Cole Kmet,2.70,57,Sun,12,12,2022-11-27,23-262,CHI,@,NYJ,L 10-31,2.70,5.70,5.7,4.2,57,100.0,0,0.0,2,8.0,TE,KmetCo00
1377,Cole Kmet,2.70,60,Sat,15,16,2022-12-24,23-289,CHI,,BUF,L 13-35,2.70,7.70,7.7,5.2,60,95.2,0,0.0,3,12.0,TE,KmetCo00
1378,Cole Kmet,2.70,54,Sun,2,2,2024-09-15,25-189,CHI,@,HOU,L 13-19,2.70,6.70,6.7,4.7,54,77.1,0,0.0,3,10.0,TE,KmetCo00
1379,Sam LaPorta,2.70,56,Sun,13,14,2023-12-10,22-332,DET,@,CHI,L 13-28,2.70,4.70,4.7,3.7,56,86.2,0,0.0,0,0.0,TE,LaPoSa01
1380,Isaiah Likely,2.70,46,Sun,6,6,2024-10-13,24-178,BAL,,WAS,W 30-23,2.70,4.70,4.7,3.7,46,67.6,0,0.0,1,3.4,TE,LikeIs00
1381,Michael Mayer,2.70,49,Sun,12,12,2023-11-26,22-143,LVR,,KAN,L 17-31,2.70,4.70,4.7,3.7,49,84.5,0,0.0,4,15.4,TE,MayeMi00
1382,Chigoziem Okonkwo,2.70,49,Sun,7,8,2023-10-29,24-051,TEN,,ATL,W 28-23,2.70,6.70,6.7,4.7,49,72.1,0,0.0,10,28.6,TE,OkonCh00
1383,Chigoziem Okonkwo,2.70,34,Sun,9,10,2023-11-12,24-065,TEN,@,TAM,L 6-20,2.70,5.70,5.7,4.2,34,54.0,0,0.0,3,13.0,TE,OkonCh00
1384,Chigoziem Okonkwo,2.70,36,Sun,12,13,2024-12-01,25-084,TEN,@,WAS,L 19-42,2.70,5.70,5.7,4.2,36,65.5,0,0.0,11,39.3,TE,OkonCh00
1385,Josh Oliver,2.70,26,Sun,1,1,2024-09-08,27-171,MIN,@,NYG,W 28-6,2.70,4.70,4.7,3.7,26,47.3,0,0.0,7,29.2,TE,OlivJo00
1386,Cade Otton,2.70,52,Sun,3,3,2024-09-22,25-160,TAM,,DEN,L 7-26,2.70,9.70,10.7,6.2,52,91.2,0,0.0,0,0.0,TE,OttoCa00
1387,Kyle Pitts,2.70,42,Sun,9,9,2022-11-06,22-031,ATL,,LAC,L 17-20,2.70,4.70,4.7,3.7,42,68.9,0,0.0,0,0.0,TE,PittKy00
1388,Kyle Pitts,2.70,39,Sun,17,18,2024-01-07,23-093,ATL,@,NOR,L 17-48,2.70,4.70,4.7,3.7,39,63.9,0,0.0,0,0.0,TE,PittKy00
1389,Giovanni Ricci,2.70,20,Sun,5,5,2022-10-09,25-358,CAR,,SFO,L 15-37,2.70,5.70,5.7,4.2,20,29.0,0,0.0,17,60.7,TE,RiccGi00
1390,Dalton Schultz,2.70,57,Sun,6,6,2024-10-13,28-094,HOU,@,NWE,W 41-21,2.70,6.70,6.7,4.7,57,86.4,0,0.0,3,9.1,TE,SchuDa00
1391,Jonnu Smith,2.70,36,Sun,7,7,2023-10-22,28-061,ATL,@,TAM,W 16-13,2.70,5.70,5.7,4.2,36,55.4,0,0.0,0,0.0,TE,SmitJo01
1392,Jonnu Smith,2.70,50,Sun,13,14,2023-12-10,28-110,ATL,,TAM,L 25-29,2.70,6.70,6.7,4.7,50,69.4,0,0.0,0,0.0,TE,SmitJo01
1393,Cade Stover,2.70,24,Sun,4,4,2024-09-29,24-109,HOU,,JAX,W 24-20,2.70,3.70,3.7,3.2,24,32.0,0,0.0,10,34.5,TE,StovCa00
1394,C.J. Uzomah,2.70,37,Sun,8,8,2022-10-30,29-289,NYJ,,NWE,L 17-22,2.70,3.70,3.7,3.2,37,62.7,0,0.0,14,50.0,TE,UzomC.00
1395,Mo Alie-Cox,2.60,50,Sun,1,1,2022-09-11,28-357,IND,@,HOU,T 20-20 (OT),2.60,4.60,4.6,3.6,50,54.3,0,0.0,5,15.6,TE,AlieMo00
1396,Mark Andrews,2.60,28,Sun,9,9,2024-11-03,29-058,BAL,,DEN,W 41-10,2.60,4.60,4.6,3.6,28,49.1,0,0.0,0,0.0,TE,AndrMa00
1397,Dan Arnold,2.60,6,Sun,4,4,2022-10-02,27-201,JAX,@,PHI,L 21-29,2.60,3.60,3.6,3.1,6,12.8,0,0.0,9,37.5,TE,ArnoDa00
1398,Grant Calcaterra,2.60,27,Sun,4,4,2024-09-29,25-300,PHI,@,TAM,L 16-33,2.60,3.60,3.6,3.1,27,47.4,0,0.0,5,18.5,TE,CalcGr00
1399,Tyler Conklin,2.60,48,Sun,3,3,2023-09-24,28-056,NYJ,,NWE,L 10-15,2.60,5.60,5.6,4.1,48,76.2,0,0.0,0,0.0,TE,ConkTy00
1400,Tyler Davis,2.60,19,Sun,3,3,2022-09-25,25-176,GNB,@,TAM,W 14-12,2.60,4.60,4.6,3.6,19,30.6,0,0.0,23,92.0,TE,DaviTy02
1401,Will Dissly,2.60,52,Sun,5,6,2024-10-13,28-097,LAC,@,DEN,W 23-16,2.60,6.60,6.6,4.6,52,66.7,0,0.0,2,7.4,TE,DissWi00
1402,Payne Durham,2.60,24,Sun,11,12,2024-11-24,24-162,TAM,@,NYG,W 30-7,2.60,3.60,3.6,3.1,24,36.9,0,0.0,9,45.0,TE,DurhPa00
1403,Noah Fant,2.60,51,Mon,4,4,2024-09-30,26-315,SEA,@,DET,L 29-42,2.60,4.60,4.6,3.6,51,56.7,0,0.0,0,0.0,TE,FantNo00
1404,Noah Fant,2.60,43,Sun,12,13,2024-12-01,27-011,SEA,@,NYJ,W 26-21,2.60,5.60,5.6,4.1,43,67.2,0,0.0,0,0.0,TE,FantNo00
1405,Jody Fortson,2.60,17,Sun,11,12,2022-11-27,26-355,KAN,,LAR,W 26-10,2.60,4.60,4.6,3.6,17,22.4,0,0.0,15,62.5,TE,FortJo01
1406,Noah Gray,2.60,26,Sun,3,3,2022-09-25,23-148,KAN,@,IND,L 17-20,2.60,3.60,3.6,3.1,26,41.3,0,0.0,10,43.5,TE,GrayNo00
1407,Noah Gray,2.60,42,Sun,13,14,2024-12-08,25-222,KAN,,LAC,W 19-17,2.60,6.60,6.6,4.6,42,60.9,0,0.0,5,19.2,TE,GrayNo00
1408,Elijah Higgins,2.60,19,Sun,12,12,2023-11-26,23-030,ARI,,LAR,L 14-37,2.60,3.60,3.6,3.1,19,26.8,0,0.0,9,32.1,TE,HiggEl00
1409,T.J. Hockenson,2.60,54,Sun,2,2,2022-09-18,25-077,DET,,WAS,W 36-27,2.60,5.60,5.6,4.1,54,88.5,0,0.0,0,0.0,TE,HockTJ00
1410,O.J. Howard,2.60,19,Sun,16,17,2023-01-01,28-043,HOU,,JAX,L 3-31,2.60,3.60,3.6,3.1,19,27.1,0,0.0,1,4.0,TE,HowaO.00
1411,Dalton Kincaid,2.60,55,Mon,1,1,2023-09-11,23-328,BUF,@,NYJ,L 16-22 (OT),2.60,6.60,6.6,4.6,55,79.7,0,0.0,0,0.0,TE,KincDa00
1412,George Kittle,2.60,68,Sun,11,12,2022-11-27,29-049,SFO,,NOR,W 13-0,2.60,5.60,5.6,4.1,68,97.1,0,0.0,0,0.0,TE,KittGe00
1413,Cole Kmet,2.60,66,Thu,12,13,2024-11-28,25-263,CHI,@,DET,L 20-23,2.60,5.60,5.6,4.1,66,98.5,0,0.0,2,8.3,TE,KmetCo00
1414,Dawson Knox,2.60,26,Sat,15,16,2023-12-23,27-039,BUF,@,LAC,W 24-22,2.60,4.60,4.6,3.6,26,47.3,0,0.0,0,0.0,TE,KnoxDa00
1415,Isaiah Likely,2.60,32,Sun,2,2,2024-09-15,24-150,BAL,,LVR,L 23-26,2.60,4.60,4.6,3.6,32,49.2,0,0.0,1,3.0,TE,LikeIs00
1416,Isaiah Likely,2.60,31,Sun,4,4,2024-09-29,24-164,BAL,,BUF,W 35-10,2.60,3.60,3.6,3.1,31,54.4,0,0.0,0,0.0,TE,LikeIs00
1417,Josh Oliver,2.60,30,Sun,13,14,2024-12-08,27-262,MIN,,ATL,W 42-21,2.60,3.60,3.6,3.1,30,50.0,0,0.0,13,48.1,TE,OlivJo00
1418,Colby Parkinson,2.60,32,Sun,6,7,2023-10-22,24-287,SEA,,ARI,W 20-10,2.60,4.60,4.6,3.6,32,53.3,0,0.0,9,37.5,TE,ParkCo02
1419,Jeremy Ruckert,2.60,25,Sun,4,4,2023-10-01,23-051,NYJ,,KAN,L 20-23,2.60,4.60,4.6,3.6,25,42.4,0,0.0,16,61.5,TE,RuckJe00
1420,Eric Saubert,2.60,26,Sun,2,2,2024-09-15,30-137,SFO,@,MIN,L 17-23,2.60,4.60,4.6,3.6,26,37.1,0,0.0,16,69.6,TE,SaubEr00
1421,Geoff Swaim,2.60,15,Sun,14,15,2023-12-17,30-092,ARI,,SFO,L 29-45,2.60,3.60,3.6,3.1,15,20.3,0,0.0,5,16.1,TE,SwaiGe00
1422,Nick Vannett,2.60,23,Sun,17,18,2025-01-05,31-305,TEN,,HOU,L 14-23,2.60,4.60,4.6,3.6,23,37.1,0,0.0,6,26.1,TE,VannNi00
1423,Nate Adkins,2.50,44,Sun,17,18,2025-01-05,25-180,DEN,,KAN,W 38-0,2.50,5.50,5.5,4.0,44,59.5,0,0.0,10,43.5,TE,AdkiNa00
1424,Davis Allen,2.50,50,Sun,17,18,2024-01-07,22-338,LAR,@,SFO,W 21-20,2.50,6.50,6.5,4.5,50,74.6,0,0.0,0,0.0,TE,AlleDa02
1425,Cameron Brate,2.50,29,Sun,14,15,2022-12-18,31-168,TAM,,CIN,L 23-34,2.50,4.50,4.5,3.5,29,39.2,0,0.0,6,24.0,TE,BratCa00
1426,Pharaoh Brown,2.50,27,Sun,15,16,2023-12-24,29-234,NWE,@,DEN,W 26-23,2.50,4.50,4.5,3.5,27,46.6,0,0.0,18,54.5,TE,BrowPh01
1427,Payne Durham,2.50,11,Sun,15,16,2023-12-24,23-192,TAM,,JAX,W 30-12,2.50,3.50,3.5,3.0,11,14.9,0,0.0,5,25.0,TE,DurhPa00
1428,Zach Ertz,2.50,18,Sun,14,15,2024-12-15,34-035,WAS,@,NOR,W 20-19,2.50,4.50,4.5,3.5,18,23.1,0,0.0,0,0.0,TE,ErtzZa00
1429,Gerald Everett,2.50,46,Sun,3,3,2022-09-25,28-092,LAC,,JAX,L 10-38,2.50,4.50,4.5,3.5,46,75.4,0,0.0,0,0.0,TE,EverGe00
1430,Noah Fant,2.50,36,Sun,6,7,2023-10-22,25-336,SEA,,ARI,W 20-10,2.50,3.50,3.5,3.0,36,60.0,0,0.0,0,0.0,TE,FantNo00
1431,Noah Fant,2.50,33,Thu,11,12,2023-11-23,26-003,SEA,,SFO,L 13-31,2.50,4.50,4.5,3.5,33,58.9,0,0.0,0,0.0,TE,FantNo00
1432,Dallas Goedert,2.50,71,Sun,4,4,2023-10-01,28-271,PHI,,WAS,W 34-31 (OT),2.50,4.50,4.5,3.5,71,100.0,0,0.0,0,0.0,TE,GoedDa00
1433,Noah Gray,2.50,29,Sun,8,8,2023-10-29,24-182,KAN,@,DEN,L 9-24,2.50,4.50,4.5,3.5,29,47.5,0,0.0,7,31.8,TE,GrayNo00
1434,Peyton Hendershot,2.50,28,Sun,17,18,2025-01-05,25-257,KAN,@,DEN,L 0-38,2.50,4.50,4.5,3.5,28,82.4,0,0.0,16,69.6,TE,HendPe01
1435,Hunter Henry,2.50,41,Sun,14,15,2024-12-15,30-008,NWE,@,ARI,L 17-30,2.50,6.50,6.5,4.5,41,80.4,0,0.0,0,0.0,TE,HenrHu00
1436,Taysom Hill,2.50,18,Sun,17,18,2023-01-08,32-138,NOR,,CAR,L 7-10,2.50,3.50,3.5,3.0,18,30.0,0,0.0,13,65.0,TE/QB,HillTa00
1437,Cole Kmet,2.50,59,Sun,14,15,2022-12-18,23-283,CHI,,PHI,L 20-25,2.50,6.50,6.5,4.5,59,100.0,0,0.0,0,0.0,TE,KmetCo00
1438,Dawson Knox,2.50,65,Sun,3,3,2022-09-25,25-315,BUF,@,MIA,L 19-21,2.50,6.50,6.5,4.5,65,70.7,0,0.0,0,0.0,TE,KnoxDa00
1439,Dawson Knox,2.50,53,Sun,8,9,2022-11-06,25-357,BUF,@,NYJ,L 17-20,2.50,5.50,5.5,4.0,53,85.5,0,0.0,0,0.0,TE,KnoxDa00
1440,Dawson Knox,2.50,58,Mon,1,1,2023-09-11,26-301,BUF,@,NYJ,L 16-22 (OT),2.50,5.50,5.5,4.0,58,84.1,0,0.0,0,0.0,TE,KnoxDa00
1441,Sam LaPorta,2.50,54,Sun,6,7,2024-10-20,23-282,DET,@,MIN,W 31-29,2.50,3.50,3.5,3.0,54,94.7,0,0.0,0,0.0,TE,LaPoSa01
1442,Trey McBride,2.50,50,Sun,3,3,2024-09-22,24-305,ARI,,DET,L 13-20,2.50,5.50,5.5,4.0,50,84.7,0,0.0,2,8.7,TE,McBrTr01
1443,Luke Musgrave,2.50,44,Sun,2,2,2023-09-17,23-015,GNB,@,ATL,L 24-25,2.50,4.50,4.5,3.5,44,88.0,0,0.0,11,40.7,TE,MusgLu00
1444,Kyle Pitts,2.50,34,Sun,4,4,2022-10-02,21-361,ATL,,CLE,W 23-20,2.50,3.50,3.5,3.0,34,61.8,0,0.0,0,0.0,TE,PittKy00
1445,Jeremy Ruckert,2.50,24,Sun,10,11,2023-11-19,23-100,NYJ,@,BUF,L 6-32,2.50,5.50,5.5,4.0,24,42.1,0,0.0,15,55.6,TE,RuckJe00
1446,Eric Saubert,2.50,41,Sun,4,4,2022-10-02,28-154,DEN,@,LVR,L 23-32,2.50,3.50,3.5,3.0,41,77.4,0,0.0,21,65.6,TE,SaubEr00
1447,Jonnu Smith,2.50,32,Sun,3,3,2022-09-25,27-034,NWE,,BAL,L 26-37,2.50,6.50,6.5,4.5,32,48.5,0,0.0,7,25.9,TE,SmitJo01
1448,Brenton Strange,2.50,18,Sun,10,10,2024-11-10,23-319,JAX,,MIN,L 7-12,2.50,4.50,4.5,3.5,18,40.9,0,0.0,13,68.4,TE,StraBr00
1449,Tommy Tremble,2.50,31,Sun,6,6,2023-10-15,23-135,CAR,@,MIA,L 21-42,2.50,4.50,4.5,3.5,31,44.9,0,0.0,17,56.7,TE,TremTo00
1450,Nick Vannett,2.50,32,Sun,6,7,2024-10-20,31-228,TEN,@,BUF,L 10-34,2.50,6.50,6.5,4.5,32,43.8,0,0.0,12,42.9,TE,VannNi00
1451,Brock Wright,2.50,22,Sun,2,2,2022-09-18,23-295,DET,,WAS,W 36-27,2.50,3.50,3.5,3.0,22,36.1,0,0.0,12,37.5,TE,WrigBr01
1452,Brock Wright,2.50,35,Sun,12,13,2022-12-04,24-007,DET,,JAX,W 40-14,2.50,4.50,4.5,3.5,35,46.1,0,0.0,12,46.2,TE,WrigBr01
1453,Jordan Akins,2.40,34,Sun,17,18,2024-01-07,31-263,CLE,@,CIN,L 14-31,2.40,5.40,5.4,3.9,34,64.2,0,0.0,9,31.0,TE,AkinJo00
1454,Erick All,2.40,15,Sun,9,9,2024-11-03,24-051,CIN,,LVR,W 41-24,2.40,4.40,4.4,3.4,15,20.3,0,0.0,2,6.3,TE,AllxEr00
1455,Dan Arnold,2.40,10,Sun,7,7,2022-10-23,27-222,JAX,,NYG,L 17-23,2.40,3.40,3.4,2.9,10,14.1,0,0.0,8,36.4,TE,ArnoDa00
1456,Daniel Bellinger,2.40,64,Sun,12,13,2022-12-04,22-073,NYG,,WAS,T 20-20 (OT),2.40,7.40,7.4,4.9,64,97.0,0,0.0,0,0.0,TE,BellDa00
1457,Pharaoh Brown,2.40,45,Sun,2,2,2022-09-18,28-137,HOU,@,DEN,L 9-16,2.40,5.40,5.4,3.9,45,71.4,0,0.0,3,11.5,TE,BrowPh01
1458,Harrison Bryant,2.40,36,Sun,6,6,2024-10-13,26-173,LVR,,PIT,L 13-32,2.40,5.40,5.4,3.9,36,57.1,0,0.0,8,32.0,TE,BryaHa00
1459,Grant Calcaterra,2.40,39,Sun,13,14,2022-12-11,24-007,PHI,@,NYG,W 48-22,2.40,4.40,4.4,3.4,39,57.4,0,0.0,8,25.8,TE,CalcGr00
1460,Tyler Conklin,2.40,46,Sun,6,6,2023-10-15,28-077,NYJ,,PHI,W 20-14,2.40,5.40,5.4,3.9,46,70.8,0,0.0,0,0.0,TE,ConkTy00
1461,Will Dissly,2.40,20,Sun,4,4,2024-09-29,28-083,LAC,,KAN,L 10-17,2.40,4.40,4.4,3.4,20,35.7,0,0.0,0,0.0,TE,DissWi00
1462,Will Dissly,2.40,43,Sun,9,9,2022-11-06,26-121,SEA,@,ARI,W 31-21,2.40,5.40,5.4,3.9,43,58.9,0,0.0,12,44.4,TE,DissWi00
1463,Ben Ellefson,2.40,13,Sun,3,3,2022-09-25,26-024,MIN,,DET,W 28-24,2.40,4.40,4.4,3.4,13,18.1,0,0.0,14,50.0,TE,ElleBe00
1464,Noah Fant,2.40,40,Sun,5,5,2024-10-06,26-321,SEA,,NYG,L 20-29,2.40,5.40,5.4,3.9,40,69.0,0,0.0,0,0.0,TE,FantNo00
1465,Jake Ferguson,2.40,15,Sat,15,16,2022-12-24,23-340,DAL,,PHI,W 40-34,2.40,3.40,3.4,2.9,15,20.5,0,0.0,8,25.8,TE,FergJa00
1466,Mike Gesicki,2.40,12,Sun,15,16,2022-12-25,27-083,MIA,,GNB,L 20-26,2.40,3.40,3.4,2.9,12,24.0,0,0.0,0,0.0,TE,GesiMi00
1467,Mike Gesicki,2.40,20,Mon,13,14,2024-12-09,29-067,CIN,@,DAL,W 27-20,2.40,5.40,5.4,3.9,20,28.2,0,0.0,0,0.0,TE,GesiMi00
1468,Kylen Granson,2.40,35,Sun,4,4,2023-10-01,25-188,IND,,LAR,L 23-29 (OT),2.40,4.40,4.4,3.4,35,54.7,0,0.0,10,37.0,TE,GranKy00
1469,Peyton Hendershot,2.40,7,Sun,17,18,2024-01-07,24-259,DAL,@,WAS,W 38-10,2.40,3.40,3.4,2.9,7,9.7,0,0.0,12,54.5,TE,HendPe01
1470,Connor Heyward,2.40,49,Sun,7,8,2023-10-29,24-280,PIT,,JAX,L 10-20,2.40,7.40,7.4,4.9,49,73.1,0,0.0,9,34.6,TE,HeywCo00
1471,Julian Hill,2.40,25,Sun,3,3,2024-09-22,24-075,MIA,@,SEA,L 3-24,2.40,4.40,4.4,3.4,25,41.0,0,0.0,20,74.1,TE,HillJu02
1472,T.J. Hockenson,2.40,42,Sun,4,4,2023-10-01,26-090,MIN,@,CAR,W 21-13,2.40,4.40,4.4,3.4,42,87.5,0,0.0,0,0.0,TE,HockTJ00
1473,O.J. Howard,2.40,27,Sun,7,8,2022-10-30,27-345,HOU,,TEN,L 10-17,2.40,4.40,4.4,3.4,27,50.0,0,0.0,2,7.4,TE,HowaO.00
1474,Tanner Hudson,2.40,11,Sun,9,10,2022-11-13,28-001,NYG,,HOU,W 24-16,2.40,5.40,5.4,3.9,11,15.9,0,0.0,3,10.0,TE,HudsTa00
1475,Hayden Hurst,2.40,57,Sun,2,2,2022-09-18,29-025,CIN,@,DAL,L 17-20,2.40,7.40,7.4,4.9,57,81.4,0,0.0,3,11.5,TE,HursHa00
1476,Dalton Kincaid,2.40,18,Sun,10,10,2024-11-10,25-023,BUF,@,IND,W 30-20,2.40,4.40,4.4,3.4,18,24.3,0,0.0,0,0.0,TE,KincDa00
1477,Dalton Kincaid,2.40,31,Sun,16,17,2024-12-29,25-072,BUF,,NYJ,W 40-14,2.40,4.40,4.4,3.4,31,44.3,0,0.0,0,0.0,TE,KincDa00
1478,George Kittle,2.40,47,Mon,4,4,2022-10-03,28-359,SFO,,LAR,W 24-9,2.40,4.40,4.4,3.4,47,94.0,0,0.0,0,0.0,TE,KittGe00
1479,Tucker Kraft,2.40,42,Sun,3,3,2024-09-22,23-324,GNB,@,TEN,W 30-14,2.40,4.40,4.4,3.4,42,66.7,0,0.0,11,39.3,TE,KrafTu00
1480,Lucas Krull,2.40,22,Mon,13,13,2024-12-02,26-144,DEN,,CLE,W 41-32,2.40,5.40,5.4,3.9,22,33.3,0,0.0,14,37.8,TE,KrulLu00
1481,Trey McBride,2.40,32,Sun,4,4,2022-10-02,22-314,ARI,@,CAR,W 26-16,2.40,5.40,5.4,3.9,32,42.1,0,0.0,17,73.9,TE,McBrTr01
1482,Tre' McKitty,2.40,40,Sun,1,1,2022-09-11,23-242,LAC,,LVR,W 24-19,2.40,5.40,5.4,3.9,40,59.7,0,0.0,10,41.7,TE,McKiTr00
1483,James Mitchell,2.40,46,Sun,17,18,2024-01-07,24-149,DET,,MIN,W 30-20,2.40,3.40,3.4,2.9,46,80.7,0,0.0,9,32.1,TE,MitcJa00
1484,Foster Moreau,2.40,57,Sun,8,9,2022-11-06,25-184,LVR,@,JAX,L 20-27,2.40,4.40,5.4,3.4,57,96.6,0,0.0,4,14.8,TE,MoreFo00
1485,David Njoku,2.40,54,Sun,1,1,2023-09-10,27-062,CLE,,CIN,W 24-3,2.40,4.40,4.4,3.4,54,73.0,0,0.0,0,0.0,TE,NjokDa00
1486,David Njoku,2.40,63,Sun,5,6,2023-10-15,27-097,CLE,,SFO,W 19-17,2.40,5.40,5.4,3.9,63,82.9,0,0.0,0,0.0,TE,NjokDa00
1487,Andrew Ogletree,2.40,21,Sun,6,6,2024-10-13,26-077,IND,@,TEN,W 20-17,2.40,4.40,4.4,3.4,21,30.0,0,0.0,13,50.0,TE,OgleAn00
1488,Chigoziem Okonkwo,2.40,16,Thu,16,17,2022-12-29,23-112,TEN,,DAL,L 13-27,2.40,5.40,5.4,3.9,16,24.6,0,0.0,5,20.0,TE,OkonCh00
1489,Cade Otton,2.40,66,Sun,14,15,2024-12-15,25-244,TAM,@,LAC,W 40-17,2.40,4.40,4.4,3.4,66,91.7,0,0.0,0,0.0,TE,OttoCa00
1490,Armani Rogers,2.40,13,Sun,9,9,2022-11-06,24-337,WAS,,MIN,L 17-20,2.40,2.40,2.4,2.4,13,20.3,0,0.0,13,46.4,TE,RogeAr00
1491,Stone Smartt,2.40,22,Sun,2,2,2023-09-17,24-348,LAC,@,TEN,L 24-27 (OT),2.40,3.40,3.4,2.9,22,32.4,0,0.0,15,50.0,TE,SmarSt00
1492,Jonnu Smith,2.40,38,Sun,14,15,2022-12-18,27-118,NWE,@,LVR,L 24-30,2.40,4.40,4.4,3.4,38,58.5,0,0.0,0,0.0,TE,SmitJo01
1493,Brevyn Spann-Ford,2.40,33,Sun,11,12,2024-11-24,24-333,DAL,@,WAS,W 34-26,2.40,4.40,4.4,3.4,33,50.0,0,0.0,2,5.3,TE,SpanBr00
1494,Ian Thomas,2.40,31,Sun,11,11,2022-11-20,26-167,CAR,@,BAL,L 3-13,2.40,5.40,5.4,3.9,31,54.4,0,0.0,7,30.4,TE,ThomIa00
1495,Adam Trautman,2.40,30,Sat,14,15,2023-12-16,26-314,DEN,@,DET,L 17-42,2.40,3.40,3.4,2.9,30,46.9,0,0.0,7,24.1,TE,TrauAd00
1496,C.J. Uzomah,2.40,39,Sun,16,17,2023-01-01,29-352,NYJ,@,SEA,L 6-23,2.40,5.40,5.4,3.9,39,55.7,0,0.0,9,36.0,TE,UzomC.00
1497,Darren Waller,2.40,60,Sun,4,4,2022-10-02,30-019,LVR,,DEN,W 32-23,2.40,5.40,5.4,3.9,60,80.0,0,0.0,0,0.0,TE,WallDa01
1498,Brock Wright,2.40,34,Sun,11,12,2024-11-24,25-363,DET,@,IND,W 24-6,2.40,4.40,4.4,3.4,34,47.2,0,0.0,4,16.7,TE,WrigBr01
1499,Mark Andrews,2.30,7,Thu,11,11,2023-11-16,28-071,BAL,,CIN,W 34-20,2.30,4.30,4.3,3.3,7,10.6,0,0.0,0,0.0,TE,AndrMa00
1500,Daniel Bellinger,2.30,39,Sun,4,4,2022-10-02,22-010,NYG,,CHI,W 20-12,2.30,5.30,5.3,3.8,39,60.0,0,0.0,0,0.0,TE,BellDa00
1501,Gerald Everett,2.30,10,Sun,9,10,2022-11-13,28-141,LAC,@,SFO,L 16-22,2.30,4.30,4.3,3.3,10,17.2,0,0.0,0,0.0,TE,EverGe00
1502,Gerald Everett,2.30,55,Sun,1,1,2023-09-10,29-077,LAC,,MIA,L 34-36,2.30,4.30,4.3,3.3,55,67.9,0,0.0,0,0.0,TE,EverGe00
1503,Jake Ferguson,2.30,52,Sun,7,8,2024-10-27,25-283,DAL,@,SFO,L 24-30,2.30,8.30,8.3,5.3,52,83.9,0,0.0,0,0.0,TE,FergJa00
1504,Jake Ferguson,2.30,44,Sun,14,15,2024-12-15,25-332,DAL,@,CAR,W 30-14,2.30,4.30,4.3,3.3,44,60.3,0,0.0,0,0.0,TE,FergJa00
1505,Zach Gentry,2.30,42,Sun,17,18,2023-01-08,26-120,PIT,,CLE,W 28-14,2.30,3.30,3.3,2.8,42,57.5,0,0.0,4,18.2,TE,GentZa00
1506,Mike Gesicki,2.30,28,Thu,4,4,2022-09-29,26-361,MIA,@,CIN,L 15-27,2.30,4.30,4.3,3.3,28,43.8,0,0.0,0,0.0,TE,GesiMi00
1507,Kylen Granson,2.30,41,Sat,17,18,2024-01-06,25-285,IND,,HOU,L 19-23,2.30,3.30,3.3,2.8,41,62.1,0,0.0,16,53.3,TE,GranKy00
1508,Noah Gray,2.30,52,Sun,7,8,2024-10-27,25-180,KAN,@,LVR,W 27-20,2.30,5.30,5.3,3.8,52,72.2,0,0.0,10,41.7,TE,GrayNo00
1509,Connor Heyward,2.30,37,Sun,5,5,2023-10-08,24-259,PIT,,BAL,W 17-10,2.30,5.30,5.3,3.8,37,56.1,0,0.0,20,80.0,TE,HeywCo00
1510,Connor Heyward,2.30,51,Sun,6,7,2023-10-22,24-273,PIT,@,LAR,W 24-17,2.30,4.30,4.3,3.3,51,86.4,0,0.0,10,38.5,TE,HeywCo00
1511,Elijah Higgins,2.30,25,Sun,12,13,2024-12-01,24-035,ARI,@,MIN,L 22-23,2.30,4.30,4.3,3.3,25,30.5,0,0.0,9,32.1,TE,HiggEl00
1512,Elijah Higgins,2.30,22,Sat,16,17,2024-12-28,24-062,ARI,@,LAR,L 9-13,2.30,4.30,4.3,3.3,22,27.8,0,0.0,13,59.1,TE,HiggEl00
1513,Julian Hill,2.30,20,Sun,12,13,2023-12-03,23-147,MIA,@,WAS,W 45-15,2.30,4.30,4.3,3.3,20,32.8,0,0.0,7,25.0,TE,HillJu02
1514,Taysom Hill,2.30,20,Sun,10,10,2023-11-12,33-081,NOR,@,MIN,L 19-27,2.30,4.30,4.3,3.3,20,29.9,0,0.0,12,41.4,TE/QB,HillTa00
1515,Dawson Knox,2.30,36,Sun,1,1,2024-09-08,27-299,BUF,,ARI,W 34-28,2.30,3.30,3.3,2.8,36,58.1,0,0.0,0,0.0,TE,KnoxDa00
1516,Charlie Kolar,2.30,40,Sat,17,18,2024-01-06,24-330,BAL,,PIT,L 10-17,2.30,5.30,5.3,3.8,40,70.2,0,0.0,19,70.4,TE,KolaCh00
1517,Trey McBride,2.30,23,Sun,1,1,2023-09-10,23-292,ARI,@,WAS,L 16-20,2.30,4.30,4.3,3.3,23,37.1,0,0.0,5,17.9,TE,McBrTr01
1518,Foster Moreau,2.30,31,Sun,9,9,2023-11-05,26-183,NOR,,CHI,W 24-17,2.30,3.30,3.3,2.8,31,49.2,0,0.0,9,37.5,TE,MoreFo00
1519,Johnny Mundt,2.30,28,Sun,3,3,2022-09-25,27-306,MIN,,DET,W 28-24,2.30,4.30,4.3,3.3,28,38.9,0,0.0,8,28.6,TE,MundJo00
1520,Johnny Mundt,2.30,23,Sun,15,16,2023-12-24,29-031,MIN,,DET,L 24-30,2.30,3.30,3.3,2.8,23,41.8,0,0.0,12,46.2,TE,MundJo00
1521,Cade Otton,2.30,40,Sun,6,6,2022-10-16,23-184,TAM,@,PIT,L 18-20,2.30,4.30,4.3,3.3,40,55.6,0,0.0,5,17.9,TE,OttoCa00
1522,Armani Rogers,2.30,4,Sun,1,1,2022-09-11,24-281,WAS,,JAX,W 28-22,2.30,3.30,3.3,2.8,4,5.2,0,0.0,16,66.7,TE,RogeAr00
1523,Stone Smartt,2.30,22,Sat,15,16,2023-12-23,25-080,LAC,,BUF,L 22-24,2.30,3.30,3.3,2.8,22,31.4,0,0.0,5,16.7,TE,SmarSt00
1524,Stone Smartt,2.30,19,Sun,16,17,2023-12-31,25-088,LAC,@,DEN,L 9-16,2.30,4.30,4.3,3.3,19,29.2,0,0.0,11,39.3,TE,SmarSt00
1525,Stone Smartt,2.30,26,Sat,16,17,2024-12-28,26-085,LAC,@,NWE,W 40-7,2.30,4.30,4.3,3.3,26,32.9,0,0.0,8,30.8,TE,SmarSt00
1526,Irv Smith Jr.,2.30,46,Sun,4,4,2022-10-02,24-054,MIN,@,NOR,W 28-25,2.30,5.30,5.3,3.8,46,63.9,0,0.0,0,0.0,TE,SmitIr01
1527,Durham Smythe,2.30,32,Sun,3,3,2022-09-25,27-047,MIA,,BUF,W 21-19,2.30,5.30,5.3,3.8,32,74.4,0,0.0,12,54.5,TE,SmytDu00
1528,Durham Smythe,2.30,61,Sun,2,2,2023-09-17,28-039,MIA,@,NWE,W 24-17,2.30,5.30,5.3,3.8,61,96.8,0,0.0,13,52.0,TE,SmytDu00
1529,Robert Tonyan,2.30,28,Sun,5,5,2022-10-09,28-162,GNB,,NYG,L 22-27,2.30,6.30,6.3,4.3,28,44.4,0,0.0,0,0.0,TE,TonyRo00
1530,Tommy Tremble,2.30,22,Sun,2,2,2024-09-15,24-105,CAR,,LAC,L 3-26,2.30,5.30,5.3,3.8,22,45.8,0,0.0,0,0.0,TE,TremTo00
1531,Cole Turner,2.30,53,Thu,6,6,2022-10-13,22-211,WAS,@,CHI,W 12-7,2.30,4.30,4.3,3.3,53,93.0,0,0.0,5,25.0,TE,TurnCo00
1532,Trevon Wesco,2.30,16,Sun,4,4,2022-10-02,27-020,CHI,@,NYG,L 12-20,2.30,3.30,3.3,2.8,16,25.8,0,0.0,5,16.7,TE,WescTr00
1533,Taysom Hill,2.22,33,Sun,4,4,2023-10-01,33-039,NOR,,TAM,L 9-26,2.22,3.22,3.2,2.7,33,50.8,0,0.0,10,38.5,TE/QB,HillTa00
1534,Jordan Akins,2.20,10,Sun,5,5,2022-10-09,30-173,HOU,@,JAX,W 13-6,2.20,4.20,4.2,3.2,10,17.2,0,0.0,0,0.0,TE,AkinJo00
1535,Mo Alie-Cox,2.20,18,Sun,2,2,2024-09-15,30-362,IND,@,GNB,L 10-16,2.20,3.20,3.2,2.7,18,32.1,0,0.0,5,22.7,TE,AlieMo00
1536,Erick All,2.20,21,Mon,3,3,2024-09-23,24-010,CIN,,WAS,L 33-38,2.20,6.20,6.2,4.2,21,33.9,0,0.0,13,50.0,TE,AllxEr00
1537,Mark Andrews,2.20,37,Sun,11,11,2024-11-17,29-072,BAL,@,PIT,L 16-18,2.20,4.20,4.2,3.2,37,60.7,0,0.0,0,0.0,TE,AndrMa00
1538,Harrison Bryant,2.20,17,Sun,9,9,2024-11-03,26-194,LVR,@,CIN,L 24-41,2.20,4.20,4.2,3.2,17,27.9,0,0.0,4,12.5,TE,BryaHa00
1539,Grant Calcaterra,2.20,74,Sun,14,15,2024-12-15,26-011,PHI,,PIT,W 27-13,2.20,3.20,3.2,2.7,74,92.5,0,0.0,0,0.0,TE,CalcGr00
1540,Tyler Conklin,2.20,44,Sun,7,7,2022-10-23,27-085,NYJ,@,DEN,W 16-9,2.20,6.20,6.2,4.2,44,74.6,0,0.0,4,14.3,TE,ConkTy00
1541,Will Dissly,2.20,35,Sun,12,13,2022-12-04,26-149,SEA,@,LAR,W 27-23,2.20,4.20,4.2,3.2,35,52.2,0,0.0,13,48.1,TE,DissWi00
1542,Will Dissly,2.20,33,Sun,9,10,2023-11-12,27-127,SEA,,WAS,W 29-26,2.20,4.20,4.2,3.2,33,40.7,0,0.0,14,40.0,TE,DissWi00
1543,Greg Dulcich,2.20,21,Sun,1,1,2023-09-10,23-168,DEN,,LVR,L 16-17,2.20,4.20,4.2,3.2,21,32.8,0,0.0,0,0.0,TE,DulcGr00
1544,Zach Ertz,2.20,35,Sun,6,6,2023-10-15,32-339,ARI,@,LAR,L 9-26,2.20,4.20,4.2,3.2,35,46.1,0,0.0,0,0.0,TE,ErtzZa00
1545,Gerald Everett,2.20,22,Sun,5,5,2024-10-06,30-103,CHI,,CAR,W 36-10,2.20,4.20,4.2,3.2,22,29.3,0,0.0,0,0.0,TE,EverGe00
1546,Noah Fant,2.20,31,Sun,8,8,2024-10-27,26-342,SEA,,BUF,L 10-31,2.20,5.20,5.2,3.7,31,60.8,0,0.0,0,0.0,TE,FantNo00
1547,Mike Gesicki,2.20,46,Sun,10,10,2023-11-12,28-040,NWE,,IND,L 6-10,2.20,4.20,4.2,3.2,46,66.7,0,0.0,0,0.0,TE,GesiMi00
1548,Dallas Goedert,2.20,70,Sun,6,6,2022-10-16,27-286,PHI,,DAL,W 26-17,2.20,4.20,4.2,3.2,70,98.6,0,0.0,0,0.0,TE,GoedDa00
1549,Dallas Goedert,2.20,74,Thu,2,2,2023-09-14,28-254,PHI,,MIN,W 34-28,2.20,8.20,8.2,5.2,74,96.1,0,0.0,1,3.4,TE,GoedDa00
1550,Kylen Granson,2.20,51,Sun,1,1,2022-09-11,24-168,IND,@,HOU,T 20-20 (OT),2.20,5.20,5.2,3.7,51,55.4,0,0.0,9,28.1,TE,GranKy00
1551,Kylen Granson,2.20,24,Sun,9,9,2024-11-03,26-221,IND,@,MIN,L 13-21,2.20,3.20,3.2,2.7,24,44.4,0,0.0,13,59.1,TE,GranKy00
1552,Peyton Hendershot,2.20,41,Sun,6,6,2022-10-16,23-176,DAL,@,PHI,L 17-26,2.20,4.20,4.2,3.2,41,61.2,0,0.0,12,50.0,TE,HendPe01
1553,Hunter Henry,2.20,50,Sun,8,8,2022-10-30,27-327,NWE,@,NYJ,W 22-17,2.20,3.20,3.2,2.7,50,64.1,0,0.0,1,3.6,TE,HenrHu00
1554,Parker Hesse,2.20,48,Sun,4,4,2022-10-02,27-129,ATL,,CLE,W 23-20,2.20,3.20,3.2,2.7,48,87.3,0,0.0,13,50.0,TE,HessPa00
1555,Austin Hooper,2.20,27,Sun,12,13,2022-12-04,28-036,TEN,@,PHI,L 10-35,2.20,5.20,5.2,3.7,27,49.1,0,0.0,0,0.0,TE,HoopAu00
1556,Tanner Hudson,2.20,27,Sun,2,2,2022-09-18,27-310,NYG,,CAR,W 19-16,2.20,4.20,4.2,3.2,27,37.0,0,0.0,5,16.7,TE,HudsTa00
1557,Juwan Johnson,2.20,31,Sun,10,10,2024-11-10,28-058,NOR,,ATL,W 20-17,2.20,4.20,4.2,3.2,31,58.5,0,0.0,0,0.0,TE,JohnJu02
1558,George Kittle,2.20,81,Sun,12,13,2022-12-04,29-056,SFO,,MIA,W 33-17,2.20,4.20,4.2,3.2,81,96.4,0,0.0,0,0.0,TE,KittGe00
1559,Cole Kmet,2.20,39,Sun,3,3,2023-09-24,24-198,CHI,@,KAN,L 10-41,2.20,4.20,4.2,3.2,39,76.5,0,0.0,2,8.0,TE,KmetCo00
1560,Dawson Knox,2.20,33,Sun,15,16,2024-12-22,28-038,BUF,,NWE,W 24-21,2.20,4.20,4.2,3.2,33,55.9,0,0.0,1,4.2,TE,KnoxDa00
1561,Trey McBride,2.20,36,Sun,9,9,2023-11-05,23-348,ARI,@,CLE,L 0-27,2.20,5.20,5.2,3.7,36,69.2,0,0.0,0,0.0,TE,McBrTr01
1562,James Mitchell,2.20,17,Thu,11,12,2022-11-24,23-105,DET,,BUF,L 25-28,2.20,3.20,3.2,2.7,17,23.9,0,0.0,9,34.6,TE,MitcJa00
1563,Quintin Morris,2.20,29,Sun,3,3,2022-09-25,23-247,BUF,@,MIA,L 19-21,2.20,4.20,4.2,3.2,29,31.5,0,0.0,14,63.6,TE,MorrQu00
1564,Nick Muse,2.20,2,Sun,17,18,2024-01-07,25-043,MIN,@,DET,L 20-30,2.20,3.20,3.2,2.7,2,2.7,0,0.0,16,57.1,TE,MuseNi00
1565,Andrew Ogletree,2.20,32,Sun,13,13,2024-12-01,26-126,IND,@,NWE,W 25-24,2.20,3.20,3.2,2.7,32,51.6,0,0.0,11,47.8,TE,OgleAn00
1566,Kyle Pitts,2.20,31,Sun,11,12,2023-11-26,23-051,ATL,,NOR,W 24-15,2.20,4.20,4.2,3.2,31,50.0,0,0.0,0,0.0,TE,PittKy00
1567,MyCole Pruitt,2.20,35,Sun,5,5,2023-10-08,31-198,ATL,,HOU,W 21-19,2.20,3.20,3.2,2.7,35,45.5,0,0.0,6,20.7,TE,PruiMy00
1568,Teagan Quitoriano,2.20,23,Sun,5,5,2023-10-08,23-207,HOU,@,ATL,L 19-21,2.20,3.20,3.2,2.7,23,39.7,0,0.0,10,34.5,TE,QuitTe00
1569,Luke Schoonmaker,2.20,23,Mon,13,14,2024-12-09,26-072,DAL,,CIN,L 20-27,2.20,4.20,4.2,3.2,23,38.3,0,0.0,4,14.8,TE,SchoLu00
1570,Dalton Schultz,2.20,46,Sun,10,11,2022-11-20,26-132,DAL,@,MIN,W 40-3,2.20,5.20,5.2,3.7,46,63.9,0,0.0,0,0.0,TE,SchuDa00
1571,Geoff Swaim,2.20,22,Sun,5,5,2023-10-08,30-022,ARI,,CIN,L 20-34,2.20,4.20,4.2,3.2,22,38.6,0,0.0,10,37.0,TE,SwaiGe00
1572,Ian Thomas,2.20,23,Sun,6,6,2022-10-16,26-132,CAR,@,LAR,L 10-24,2.20,4.20,4.2,3.2,23,52.3,0,0.0,10,38.5,TE,ThomIa00
1573,Adam Trautman,2.20,19,Sun,10,10,2022-11-13,25-281,NOR,@,PIT,L 10-20,2.20,4.20,4.2,3.2,19,40.4,0,0.0,7,29.2,TE,TrauAd00
1574,Darren Waller,2.20,51,Sun,3,3,2022-09-25,30-012,LVR,@,TEN,L 22-24,2.20,5.20,5.2,3.7,51,72.9,0,0.0,0,0.0,TE,WallDa01
1575,Shane Zylstra,2.20,19,Sun,10,11,2024-11-17,28-001,DET,,JAX,W 52-6,2.20,3.20,3.2,2.7,19,24.1,0,0.0,14,53.8,TE,ZylsSh00
1576,Jordan Akins,2.10,34,Sun,12,13,2022-12-04,30-229,HOU,,CLE,L 14-27,2.10,5.10,5.1,3.6,34,52.3,0,0.0,0,0.0,TE,AkinJo00
1577,John Bates,2.10,25,Sun,10,10,2023-11-12,26-006,WAS,@,SEA,L 26-29,2.10,5.10,5.1,3.6,25,41.0,0,0.0,13,37.1,TE,BateJo00
1578,Pharaoh Brown,2.10,19,Sun,6,6,2022-10-16,28-165,CLE,,NWE,L 15-38,2.10,4.10,4.1,3.1,19,27.1,0,0.0,2,6.9,TE,BrowPh01
1579,Harrison Bryant,2.10,45,Sun,4,4,2024-09-29,26-159,LVR,,CLE,W 20-16,2.10,4.10,4.1,3.1,45,76.3,0,0.0,5,19.2,TE,BryaHa00
1580,Grant Calcaterra,2.10,14,Mon,15,16,2023-12-25,25-021,PHI,,NYG,W 33-25,2.10,4.10,4.1,3.1,14,18.7,0,0.0,11,37.9,TE,CalcGr00
1581,Will Dissly,2.10,35,Sat,16,17,2024-12-28,28-173,LAC,@,NWE,W 40-7,2.10,4.10,4.1,3.1,35,44.3,0,0.0,0,0.0,TE,DissWi00
1582,Will Dissly,2.10,33,Sun,5,5,2022-10-09,26-093,SEA,@,NOR,L 32-39,2.10,4.10,4.1,3.1,33,63.5,0,0.0,12,35.3,TE,DissWi00
1583,Will Dissly,2.10,15,Thu,11,12,2023-11-23,27-138,SEA,,SFO,L 13-31,2.10,3.10,3.1,2.6,15,26.8,0,0.0,13,44.8,TE,DissWi00
1584,Zach Ertz,2.10,48,Sun,1,1,2023-09-10,32-304,ARI,@,WAS,L 16-20,2.10,8.10,8.1,5.1,48,77.4,0,0.0,0,0.0,TE,ErtzZa00
1585,Luke Farrell,2.10,28,Sun,10,11,2023-11-19,26-036,JAX,,TEN,W 34-14,2.10,4.10,4.1,3.1,28,39.4,0,0.0,5,20.0,TE,FarrLu00
1586,Pat Freiermuth,2.10,38,Sat,17,18,2024-01-06,25-073,PIT,@,BAL,W 17-10,2.10,4.10,4.1,3.1,38,61.3,0,0.0,4,14.8,TE,FreiPa00
1587,Noah Gray,2.10,43,Sun,5,5,2023-10-08,24-161,KAN,@,MIN,W 27-20,2.10,4.10,4.1,3.1,43,65.2,0,0.0,9,37.5,TE,GrayNo00
1588,Hunter Henry,2.10,50,Sun,10,10,2023-11-12,28-340,NWE,,IND,L 6-10,2.10,5.10,5.1,3.6,50,72.5,0,0.0,0,0.0,TE,HenrHu00
1589,Connor Heyward,2.10,13,Sat,15,16,2022-12-24,23-336,PIT,,LVR,W 13-10,2.10,2.10,2.1,2.1,13,19.1,0,0.0,15,68.2,TE,HeywCo00
1590,Elijah Higgins,2.10,22,Sun,13,13,2023-12-03,23-037,ARI,@,PIT,W 24-10,2.10,3.10,3.1,2.6,22,32.4,0,0.0,8,33.3,TE,HiggEl00
1591,Elijah Higgins,2.10,28,Sun,16,17,2023-12-31,23-065,ARI,@,PHI,W 35-31,2.10,4.10,4.1,3.1,28,36.8,0,0.0,6,24.0,TE,HiggEl00
1592,Taysom Hill,2.10,18,Sun,3,3,2023-09-24,33-032,NOR,@,GNB,L 17-18,2.10,3.10,3.1,2.6,18,29.5,0,0.0,12,48.0,TE/QB,HillTa00
1593,Brycen Hopkins,2.10,19,Sun,16,17,2023-01-01,25-280,LAR,@,LAC,L 10-31,2.10,3.10,3.1,2.6,19,38.8,0,0.0,0,0.0,TE,HopkBr01
1594,Brycen Hopkins,2.10,23,Sun,1,1,2023-09-10,26-167,LAR,@,SEA,W 30-13,2.10,3.10,3.1,2.6,23,28.4,0,0.0,0,0.0,TE,HopkBr01
1595,Hayden Hurst,2.10,42,Sun,5,5,2023-10-08,30-045,CAR,@,DET,L 24-42,2.10,5.10,5.1,3.6,42,59.2,0,0.0,1,3.7,TE,HursHa00
1596,Hayden Hurst,2.10,40,Sun,6,6,2022-10-16,29-053,CIN,@,NOR,W 30-26,2.10,5.10,5.1,3.6,40,70.2,0,0.0,4,13.8,TE,HursHa00
1597,Juwan Johnson,2.10,41,Sun,17,18,2023-01-08,26-117,NOR,,CAR,L 7-10,2.10,3.10,3.1,2.6,41,68.3,0,0.0,3,15.0,TE,JohnJu02
1598,Brevin Jordan,2.10,36,Sat,15,16,2022-12-24,22-161,HOU,@,TEN,W 19-14,2.10,4.10,4.1,3.1,36,53.7,0,0.0,0,0.0,TE,JordBr00
1599,Dalton Kincaid,2.10,60,Sun,13,14,2023-12-10,24-053,BUF,@,KAN,W 20-17,2.10,7.10,7.1,4.6,60,77.9,0,0.0,0,0.0,TE,KincDa00
1600,George Kittle,2.10,71,Sun,9,10,2022-11-13,29-035,SFO,,LAC,W 22-16,2.10,3.10,3.1,2.6,71,100.0,0,0.0,0,0.0,TE,KittGe00
1601,Lucas Krull,2.10,12,Sun,10,10,2024-11-10,26-122,DEN,@,KAN,L 14-16,2.10,4.10,4.1,3.1,12,20.7,0,0.0,10,40.0,TE,KrulLu00
1602,Lucas Krull,2.10,28,Thu,15,16,2024-12-19,26-161,DEN,@,LAC,L 27-34,2.10,5.10,5.1,3.6,28,43.8,0,0.0,14,48.3,TE,KrulLu00
1603,Chris Manhertz,2.10,30,Sun,13,14,2022-12-11,30-245,JAX,@,TEN,W 36-22,2.10,3.10,3.1,2.6,30,41.7,0,0.0,10,38.5,TE,ManhCh00
1604,Michael Mayer,2.10,41,Sun,17,18,2025-01-05,23-183,LVR,,LAC,L 20-34,2.10,6.10,6.1,4.1,41,80.4,0,0.0,4,13.8,TE,MayeMi00
1605,Tre' McKitty,2.10,45,Sun,9,10,2022-11-13,23-305,LAC,@,SFO,L 16-22,2.10,5.10,5.1,3.6,45,77.6,0,0.0,0,0.0,TE,McKiTr00
1606,David Njoku,2.10,53,Sun,16,17,2023-01-01,26-175,CLE,@,WAS,W 24-10,2.10,3.10,3.1,2.6,53,93.0,0,0.0,0,0.0,TE,NjokDa00
1607,Andrew Ogletree,2.10,32,Sun,17,18,2025-01-05,26-161,IND,,JAX,W 26-23 (OT),2.10,3.10,3.1,2.6,32,41.0,0,0.0,19,54.3,TE,OgleAn00
1608,Josh Oliver,2.10,21,Sun,6,6,2022-10-16,25-209,BAL,@,NYG,L 20-24,2.10,4.10,4.1,3.1,21,35.6,0,0.0,5,19.2,TE,OlivJo00
1609,Colby Parkinson,2.10,58,Sun,3,3,2024-09-22,25-258,LAR,,SFO,W 27-24,2.10,5.10,5.1,3.6,58,100.0,0,0.0,0,0.0,TE,ParkCo02
1610,Colby Parkinson,2.10,32,Thu,14,15,2024-12-12,25-339,LAR,@,SFO,W 12-6,2.10,4.10,4.1,3.1,32,49.2,0,0.0,6,22.2,TE,ParkCo02
1611,Kyle Pitts,2.10,37,Sun,4,4,2023-10-01,22-360,ATL,@,JAX,L 7-23,2.10,4.10,4.1,3.1,37,63.8,0,0.0,0,0.0,TE,PittKy00
1612,MyCole Pruitt,2.10,25,Sun,12,13,2024-12-01,32-252,PIT,@,CIN,W 44-38,2.10,4.10,4.1,3.1,25,36.2,0,0.0,0,0.0,TE,PruiMy00
1613,Drew Sample,2.10,53,Sun,16,17,2023-12-31,27-259,CIN,@,KAN,L 17-25,2.10,5.10,5.1,3.6,53,71.6,0,0.0,11,40.7,TE,SampDr00
1614,Dalton Schultz,2.10,44,Sun,2,2,2024-09-15,28-066,HOU,,CHI,W 19-13,2.10,4.10,4.1,3.1,44,71.0,0,0.0,0,0.0,TE,SchuDa00
1615,Dalton Schultz,2.10,56,Thu,9,9,2024-10-31,28-112,HOU,@,NYJ,L 13-21,2.10,5.10,5.1,3.6,56,70.9,0,0.0,0,0.0,TE,SchuDa00
1616,Dalton Schultz,2.10,40,Wed,16,17,2024-12-25,28-167,HOU,,BAL,L 2-31,2.10,4.10,4.1,3.1,40,71.4,0,0.0,0,0.0,TE,SchuDa00
1617,Jonnu Smith,2.10,34,Sun,9,9,2022-11-06,27-076,NWE,,IND,W 26-3,2.10,5.10,5.1,3.6,34,54.0,0,0.0,2,6.1,TE,SmitJo01
1618,Jonnu Smith,2.10,32,Sat,15,16,2022-12-24,27-124,NWE,,CIN,L 18-22,2.10,5.10,5.1,3.6,32,57.1,0,0.0,4,16.0,TE,SmitJo01
1619,Durham Smythe,2.10,27,Sun,12,13,2022-12-04,27-117,MIA,@,SFO,L 17-33,2.10,4.10,4.1,3.1,27,58.7,0,0.0,15,50.0,TE,SmytDu00
1620,Jack Stoll,2.10,32,Sun,6,6,2022-10-16,24-261,PHI,,DAL,W 26-17,2.10,3.10,3.1,2.6,32,45.1,0,0.0,12,50.0,TE,StolJa00
1621,Brenton Strange,2.10,26,Sun,13,14,2024-12-08,23-347,JAX,@,TEN,W 10-6,2.10,3.10,3.1,2.6,26,44.1,0,0.0,13,72.2,TE,StraBr00
1622,Stephen Sullivan,2.10,14,Sun,15,16,2023-12-24,27-026,CAR,,GNB,L 30-33,2.10,5.10,5.1,3.6,14,21.2,0,0.0,20,66.7,TE,SullSt00
1623,Ian Thomas,2.10,38,Sun,12,12,2022-11-27,26-174,CAR,,DEN,W 23-10,2.10,4.10,4.1,3.1,38,57.6,0,0.0,8,26.7,TE,ThomIa00
1624,Eric Tomlinson,2.10,35,Sun,7,7,2022-10-23,30-184,DEN,,NYJ,L 9-16,2.10,4.10,4.1,3.1,35,44.3,0,0.0,0,0.0,TE,TomlEr01
1625,Adam Trautman,2.10,31,Sun,17,18,2024-01-07,26-336,DEN,@,LVR,L 14-27,2.10,3.10,3.1,2.6,31,50.8,0,0.0,3,12.0,TE,TrauAd00
1626,Cole Turner,2.10,23,Sun,2,2,2023-09-17,23-185,WAS,@,DEN,W 35-33,2.10,4.10,4.1,3.1,23,31.5,0,0.0,17,56.7,TE,TurnCo00
1627,Darren Waller,2.10,69,Mon,4,4,2023-10-02,31-019,NYG,,SEA,L 3-24,2.10,5.10,5.1,3.6,69,92.0,0,0.0,0,0.0,TE,WallDa01
1628,Trevon Wesco,2.10,28,Sun,5,5,2023-10-08,28-026,TEN,@,IND,L 16-23,2.10,3.10,3.1,2.6,28,46.7,0,0.0,10,45.5,TE,WescTr00
1629,Dan Arnold,2.00,8,Sun,5,5,2022-10-09,27-208,JAX,,HOU,L 6-13,2.00,3.00,3.0,2.5,8,10.7,0,0.0,10,47.6,TE,ArnoDa00
1630,John Bates,2.00,25,Sun,8,8,2024-10-27,26-356,WAS,,CHI,W 18-15,2.00,3.00,3.0,2.5,25,33.8,0,0.0,13,50.0,TE,BateJo00
1631,Harrison Bryant,2.00,20,Sun,17,18,2023-01-08,24-260,CLE,@,PIT,L 14-28,2.00,4.00,4.0,3.0,20,31.3,0,0.0,0,0.0,TE,BryaHa00
1632,Will Dissly,2.00,21,Sun,13,14,2022-12-11,26-156,SEA,,CAR,L 24-30,2.00,4.00,4.0,3.0,21,38.9,0,0.0,15,53.6,TE,DissWi00
1633,Noah Fant,2.00,45,Sun,17,18,2023-01-08,25-049,SEA,,LAR,W 19-16 (OT),2.00,6.00,6.0,4.0,45,64.3,0,0.0,0,0.0,TE,FantNo00
1634,Hunter Henry,2.00,44,Sun,1,1,2022-09-11,27-278,NWE,@,MIA,L 7-20,2.00,4.00,4.0,3.0,44,77.2,0,0.0,1,5.3,TE,HenrHu00
1635,Hunter Henry,2.00,53,Sun,10,11,2022-11-20,27-348,NWE,,NYJ,W 10-3,2.00,3.00,3.0,2.5,53,84.1,0,0.0,0,0.0,TE,HenrHu00
1636,Tyler Higbee,2.00,50,Sun,5,5,2023-10-08,30-280,LAR,,PHI,L 14-23,2.00,4.00,4.0,3.0,50,89.3,0,0.0,0,0.0,TE,HigbTy00
1637,Taysom Hill,2.00,28,Sun,12,12,2022-11-27,32-096,NOR,@,SFO,L 0-13,2.00,3.00,3.0,2.5,28,49.1,0,0.0,8,47.1,TE/QB,HillTa00
1638,Taysom Hill,2.00,28,Sun,5,5,2023-10-08,33-046,NOR,@,NWE,W 34-0,2.00,3.00,3.0,2.5,28,38.9,0,0.0,16,51.6,TE/QB,HillTa00
1639,Austin Hooper,2.00,30,Sat,15,16,2022-12-24,28-056,TEN,,HOU,L 14-19,2.00,4.00,4.0,3.0,30,49.2,0,0.0,0,0.0,TE,HoopAu00
1640,Austin Hooper,2.00,31,Sun,1,1,2023-09-10,28-316,LVR,@,DEN,W 17-16,2.00,3.00,3.0,2.5,31,52.5,0,0.0,0,0.0,TE,HoopAu00
1641,Austin Hooper,2.00,17,Sun,2,2,2023-09-17,28-323,LVR,@,BUF,L 10-38,2.00,4.00,4.0,3.0,17,42.5,0,0.0,0,0.0,TE,HoopAu00
1642,Hayden Hurst,2.00,33,Mon,2,2,2023-09-18,30-025,CAR,,NOR,L 17-20,2.00,5.00,5.0,3.5,33,55.0,0,0.0,1,3.7,TE,HursHa00
1643,Brevin Jordan,2.00,25,Sun,16,17,2023-01-01,22-169,HOU,,JAX,L 3-31,2.00,3.00,3.0,2.5,25,35.7,0,0.0,0,0.0,TE,JordBr00
1644,Cole Kmet,2.00,59,Sun,11,11,2023-11-19,24-254,CHI,@,DET,L 26-31,2.00,5.00,5.0,3.5,59,78.7,0,0.0,6,23.1,TE,KmetCo00
1645,Isaiah Likely,2.00,19,Sun,3,3,2023-09-24,23-159,BAL,,IND,L 19-22 (OT),2.00,3.00,3.0,2.5,19,26.4,0,0.0,14,38.9,TE,LikeIs00
1646,Trey McBride,2.00,65,Sun,15,16,2024-12-22,25-030,ARI,@,CAR,L 30-36 (OT),2.00,5.00,5.0,3.5,65,92.9,0,0.0,0,0.0,TE,McBrTr01
1647,Foster Moreau,2.00,38,Sun,14,15,2022-12-18,25-226,LVR,,NWE,W 30-24,2.00,4.00,4.0,3.0,38,55.9,0,0.0,8,25.0,TE,MoreFo00
1648,Foster Moreau,2.00,36,Mon,2,2,2023-09-18,26-135,NOR,@,CAR,W 20-17,2.00,4.00,4.0,3.0,36,46.8,0,0.0,14,51.9,TE,MoreFo00
1649,Quintin Morris,2.00,62,Sun,17,18,2025-01-05,25-350,BUF,@,NWE,L 16-23,2.00,5.00,5.0,3.5,62,92.5,0,0.0,13,52.0,TE,MorrQu00
1650,Johnny Mundt,2.00,37,Thu,11,12,2022-11-24,28-001,MIN,,NWE,W 33-26,2.00,4.00,4.0,3.0,37,53.6,0,0.0,6,18.2,TE,MundJo00
1651,David Njoku,2.00,52,Sun,3,3,2023-09-24,27-076,CLE,,TEN,W 27-3,2.00,6.00,6.0,4.0,52,73.2,0,0.0,0,0.0,TE,NjokDa00
1652,Andrew Ogletree,2.00,15,Sun,1,1,2023-09-10,25-044,IND,,JAX,L 21-31,2.00,3.00,3.0,2.5,15,20.8,0,0.0,3,10.7,TE,OgleAn00
1653,Cade Otton,2.00,48,Sun,14,15,2022-12-18,23-247,TAM,,CIN,L 23-34,2.00,3.00,3.0,2.5,48,64.9,0,0.0,3,12.0,TE,OttoCa00
1654,Cade Otton,2.00,75,Sun,12,13,2024-12-01,25-230,TAM,@,CAR,W 26-23 (OT),2.00,6.00,6.0,4.0,75,93.8,0,0.0,0,0.0,TE,OttoCa00
1655,Kyle Pitts,2.00,45,Mon,2,2,2024-09-16,23-346,ATL,@,PHI,W 22-21,2.00,5.00,5.0,3.5,45,73.8,0,0.0,0,0.0,TE,PittKy00
1656,MyCole Pruitt,2.00,41,Sun,14,15,2022-12-18,30-269,ATL,@,NOR,L 18-21,2.00,4.00,4.0,3.0,41,55.4,0,0.0,6,27.3,TE,PruiMy00
1657,Teagan Quitoriano,2.00,36,Sun,11,12,2022-11-27,22-257,HOU,@,MIA,L 15-30,2.00,4.00,4.0,3.0,36,59.0,0,0.0,1,3.3,TE,QuitTe00
1658,Dalton Schultz,2.00,46,Sun,12,12,2024-11-24,28-136,HOU,,TEN,L 27-32,2.00,4.00,4.0,3.0,46,82.1,0,0.0,0,0.0,TE,SchuDa00
1659,Jonnu Smith,2.00,43,Sun,7,8,2024-10-27,29-066,MIA,,ARI,L 27-28,2.00,6.00,6.0,4.0,43,66.2,0,0.0,0,0.0,TE,SmitJo01
1660,Brevyn Spann-Ford,2.00,15,Sun,5,5,2024-10-06,24-284,DAL,@,PIT,W 20-17,2.00,4.00,4.0,3.0,15,19.7,0,0.0,4,16.7,TE,SpanBr00
1661,Jack Stoll,2.00,47,Sun,13,14,2022-12-11,24-317,PHI,@,NYG,W 48-22,2.00,4.00,4.0,3.0,47,69.1,0,0.0,14,45.2,TE,StolJa00
1662,Stephen Sullivan,2.00,11,Sun,10,11,2023-11-19,26-356,CAR,,DAL,L 10-33,2.00,3.00,3.0,2.5,11,18.6,0,0.0,13,48.1,TE,SullSt00
1663,Logan Thomas,2.00,48,Sun,13,13,2022-12-04,31-156,WAS,@,NYG,T 20-20 (OT),2.00,5.00,5.0,3.5,48,56.5,0,0.0,0,0.0,TE,ThomLo00
1664,Logan Thomas,2.00,28,Sun,16,17,2023-12-31,32-183,WAS,,SFO,L 10-27,2.00,5.00,5.0,3.5,28,60.9,0,0.0,0,0.0,TE,ThomLo00
1665,Robert Tonyan,2.00,25,Sun,12,12,2022-11-27,28-211,GNB,@,PHI,L 33-40,2.00,5.00,5.0,3.5,25,51.0,0,0.0,0,0.0,TE,TonyRo00
1666,Tommy Tremble,2.00,24,Sun,14,15,2022-12-18,22-199,CAR,,PIT,L 16-24,2.00,4.00,4.0,3.0,24,52.2,0,0.0,14,56.0,TE,TremTo00
1667,Darren Waller,2.00,41,Thu,3,3,2023-09-21,31-008,NYG,@,SFO,L 12-30,2.00,5.00,5.0,3.5,41,82.0,0,0.0,0,0.0,TE,WallDa01
1668,Mitchell Wilcox,2.00,17,Sat,14,15,2023-12-16,27-039,CIN,,MIN,W 27-24 (OT),2.00,4.00,4.0,3.0,17,24.3,0,0.0,23,85.2,TE,WilcMi01
1669,Charlie Woerner,2.00,47,Sun,17,18,2024-01-07,26-083,SFO,,LAR,L 20-21,2.00,3.00,3.0,2.5,47,77.0,0,0.0,7,36.8,TE,WoerCh00
1670,Brock Wright,2.00,50,Sun,10,11,2022-11-20,23-358,DET,@,NYG,W 31-18,2.00,4.00,4.0,3.0,50,74.6,0,0.0,9,34.6,TE,WrigBr01
1671,Kenny Yeboah,2.00,25,Sun,17,18,2025-01-05,26-067,NYJ,,MIA,W 32-20,2.00,4.00,4.0,3.0,25,39.1,0,0.0,22,84.6,TE,YeboKe00
1672,Jordan Akins,1.90,16,Sun,10,11,2024-11-17,32-212,CLE,@,NOR,L 14-35,1.90,2.90,2.9,2.4,16,21.9,0,0.0,9,36.0,TE,AkinJo00
1673,Dan Arnold,1.90,24,Sun,9,9,2022-11-06,27-236,JAX,,LVR,W 27-20,1.90,2.90,2.9,2.4,24,34.8,0,0.0,8,29.6,TE,ArnoDa00
1674,AJ Barner,1.90,54,Sun,11,12,2024-11-24,22-205,SEA,,ARI,W 16-6,1.90,4.90,4.9,3.4,54,84.4,0,0.0,3,12.5,TE,BarnAJ00
1675,John Bates,1.90,30,Sun,4,4,2022-10-02,24-330,WAS,@,DAL,L 10-25,1.90,5.90,5.9,3.9,30,40.5,0,0.0,2,6.7,TE,BateJo00
1676,John Bates,1.90,14,Thu,5,5,2023-10-05,25-333,WAS,,CHI,L 20-40,1.90,3.90,3.9,2.9,14,20.0,0,0.0,12,40.0,TE,BateJo00
1677,Daniel Bellinger,1.90,39,Sun,13,14,2022-12-11,22-080,NYG,,PHI,L 22-48,1.90,4.90,4.9,3.4,39,60.9,0,0.0,1,3.2,TE,BellDa00
1678,Jaheim Bell,1.90,30,Sun,17,18,2025-01-05,23-205,NWE,,BUF,W 23-16,1.90,2.90,2.9,2.4,30,46.9,0,0.0,16,64.0,TE,BellJa00
1679,Pharaoh Brown,1.90,29,Sun,11,12,2024-11-24,30-204,SEA,,ARI,W 16-6,1.90,3.90,3.9,2.9,29,45.3,0,0.0,12,50.0,TE,BrowPh01
1680,Harrison Bryant,1.90,23,Sun,7,7,2024-10-20,26-180,LVR,@,LAR,L 15-20,1.90,3.90,3.9,2.9,23,29.1,0,0.0,4,14.3,TE,BryaHa00
1681,Harrison Bryant,1.90,30,Sun,16,17,2023-01-01,24-253,CLE,@,WAS,W 24-10,1.90,3.90,3.9,2.9,30,52.6,0,0.0,0,0.0,TE,BryaHa00
1682,Grant Calcaterra,1.90,28,Sun,12,13,2022-12-04,24-000,PHI,,TEN,W 35-10,1.90,2.90,2.9,2.4,28,38.4,0,0.0,9,31.0,TE,CalcGr00
1683,Grant Calcaterra,1.90,28,Mon,2,2,2024-09-16,25-287,PHI,,ATL,L 21-22,1.90,3.90,3.9,2.9,28,39.4,0,0.0,11,50.0,TE,CalcGr00
1684,Josiah Deguara,1.90,9,Sun,5,5,2022-10-09,25-237,GNB,,NYG,L 22-27,1.90,3.90,3.9,2.9,9,14.3,0,0.0,13,50.0,TE,DeguJo00
1685,Josiah Deguara,1.90,15,Mon,5,5,2023-10-09,26-237,GNB,@,LVR,L 13-17,1.90,2.90,2.9,2.4,15,25.9,0,0.0,18,75.0,TE,DeguJo00
1686,Will Dissly,1.90,23,Sun,3,3,2024-09-22,28-076,LAC,@,PIT,L 10-20,1.90,4.90,4.9,3.4,23,50.0,0,0.0,0,0.0,TE,DissWi00
1687,Will Dissly,1.90,24,Sun,13,14,2024-12-08,28-153,LAC,@,KAN,L 17-19,1.90,3.90,3.9,2.9,24,40.0,0,0.0,0,0.0,TE,DissWi00
1688,Will Dissly,1.90,28,Sat,15,16,2022-12-24,26-169,SEA,@,KAN,L 10-24,1.90,2.90,2.9,2.4,28,36.8,0,0.0,10,41.7,TE,DissWi00
1689,Zach Ertz,1.90,35,Sun,7,7,2023-10-22,32-346,ARI,@,SEA,L 10-20,1.90,4.90,4.9,3.4,35,53.0,0,0.0,0,0.0,TE,ErtzZa00
1690,Noah Fant,1.90,46,Sun,8,8,2022-10-30,24-344,SEA,,NYG,W 27-13,1.90,3.90,3.9,2.9,46,71.9,0,0.0,0,0.0,TE,FantNo00
1691,Pat Freiermuth,1.90,43,Mon,8,8,2024-10-28,26-003,PIT,,NYG,W 26-18,1.90,3.90,3.9,2.9,43,65.2,0,0.0,6,20.0,TE,FreiPa00
1692,Dallas Goedert,1.90,55,Sun,11,12,2024-11-24,29-326,PHI,@,LAR,W 37-20,1.90,5.90,5.9,3.9,55,75.3,0,0.0,2,7.1,TE,GoedDa00
1693,Kylen Granson,1.90,41,Sun,13,13,2022-12-04,24-252,IND,@,DAL,L 19-54,1.90,5.90,5.9,3.9,41,56.9,0,0.0,12,38.7,TE,GranKy00
1694,Connor Heyward,1.90,17,Sun,1,1,2023-09-10,24-231,PIT,,SFO,L 7-30,1.90,3.90,3.9,2.9,17,27.0,0,0.0,17,65.4,TE,HeywCo00
1695,Taysom Hill,1.90,28,Sun,2,2,2024-09-15,34-023,NOR,@,DAL,W 44-19,1.90,2.90,2.9,2.4,28,47.5,0,0.0,5,18.5,TE,HillTa00
1696,Austin Hooper,1.90,30,Thu,3,3,2024-09-19,29-326,NWE,@,NYJ,L 3-24,1.90,2.90,2.9,2.4,30,57.7,0,0.0,1,4.8,TE,HoopAu00
1697,Austin Hooper,1.90,24,Sat,16,17,2024-12-28,30-060,NWE,,LAC,L 7-40,1.90,4.90,4.9,3.4,24,45.3,0,0.0,1,3.8,TE,HoopAu00
1698,Austin Hooper,1.90,28,Mon,2,2,2022-09-19,27-325,TEN,@,BUF,L 7-41,1.90,2.90,2.9,2.4,28,50.0,0,0.0,0,0.0,TE,HoopAu00
1699,Austin Hooper,1.90,24,Sun,3,3,2022-09-25,27-331,TEN,,LVR,W 24-22,1.90,3.90,3.9,2.9,24,41.4,0,0.0,2,8.3,TE,HoopAu00
1700,Austin Hooper,1.90,24,Sun,6,6,2023-10-15,28-351,LVR,,NWE,W 21-17,1.90,3.90,3.9,2.9,24,34.3,0,0.0,0,0.0,TE,HoopAu00
1701,Austin Hooper,1.90,10,Mon,8,8,2023-10-30,29-001,LVR,@,DET,L 14-26,1.90,3.90,3.9,2.9,10,21.7,0,0.0,0,0.0,TE,HoopAu00
1702,Tanner Hudson,1.90,14,Mon,13,14,2024-12-09,30-027,CIN,@,DAL,W 27-20,1.90,2.90,2.9,2.4,14,19.7,0,0.0,23,85.2,TE,HudsTa00
1703,Brevin Jordan,1.90,30,Sun,7,8,2022-10-30,22-106,HOU,,TEN,L 10-17,1.90,3.90,3.9,2.9,30,55.6,0,0.0,0,0.0,TE,JordBr00
1704,Ko Kieft,1.90,9,Sun,4,4,2022-10-02,24-255,TAM,,KAN,L 31-41,1.90,2.90,2.9,2.4,9,14.1,0,0.0,17,56.7,TE,KiefKo00
1705,Dalton Kincaid,1.90,32,Sun,5,5,2023-10-08,23-355,BUF,,JAX,L 20-25,1.90,3.90,3.9,2.9,32,53.3,0,0.0,0,0.0,TE,KincDa00
1706,George Kittle,1.90,47,Sun,1,1,2023-09-10,29-336,SFO,@,PIT,W 30-7,1.90,4.90,4.9,3.4,47,69.1,0,0.0,0,0.0,TE,KittGe00
1707,George Kittle,1.90,66,Thu,11,12,2023-11-23,30-045,SFO,@,SEA,W 31-13,1.90,4.90,4.9,3.4,66,100.0,0,0.0,0,0.0,TE,KittGe00
1708,Sam LaPorta,1.90,67,Sun,11,12,2024-11-24,23-317,DET,@,IND,W 24-6,1.90,4.90,4.9,3.4,67,93.1,0,0.0,0,0.0,TE,LaPoSa01
1709,Marcedes Lewis,1.90,32,Sun,9,9,2022-11-06,38-171,GNB,@,DET,L 9-15,1.90,2.90,2.9,2.4,32,43.2,0,0.0,1,7.7,TE,LewiMa00
1710,Will Mallory,1.90,9,Sun,16,17,2023-12-31,24-192,IND,,LVR,W 23-20,1.90,2.90,2.9,2.4,9,16.1,0,0.0,0,0.0,TE,MallWi00
1711,Michael Mayer,1.90,42,Mon,8,8,2023-10-30,22-116,LVR,@,DET,L 14-26,1.90,2.90,2.9,2.4,42,91.3,0,0.0,4,16.0,TE,MayeMi00
1712,Foster Moreau,1.90,36,Sat,15,16,2022-12-24,25-232,LVR,@,PIT,L 10-13,1.90,3.90,3.9,2.9,36,67.9,0,0.0,6,27.3,TE,MoreFo00
1713,Quintin Morris,1.90,38,Sun,5,5,2022-10-09,23-261,BUF,,PIT,W 38-3,1.90,4.90,5.9,3.4,38,67.9,0,0.0,13,52.0,TE,MorrQu00
1714,Luke Musgrave,1.90,17,Sun,17,18,2025-01-05,24-125,GNB,,CHI,L 22-24,1.90,2.90,2.9,2.4,17,26.2,0,0.0,5,18.5,TE,MusgLu00
1715,Andrew Ogletree,1.90,23,Sun,9,9,2023-11-05,25-100,IND,@,CAR,W 27-13,1.90,2.90,2.9,2.4,23,37.7,0,0.0,7,25.0,TE,OgleAn00
1716,Chigoziem Okonkwo,1.90,42,Sun,10,11,2024-11-17,25-070,TEN,,MIN,L 13-23,1.90,3.90,3.9,2.9,42,71.2,0,0.0,10,38.5,TE,OkonCh00
1717,Josh Oliver,1.90,44,Mon,9,9,2022-11-07,25-231,BAL,@,NOR,W 27-13,1.90,2.90,2.9,2.4,44,64.7,0,0.0,9,34.6,TE,OlivJo00
1718,Cade Otton,1.90,66,Sun,1,1,2023-09-10,24-148,TAM,@,MIN,W 20-17,1.90,3.90,3.9,2.9,66,97.1,0,0.0,0,0.0,TE,OttoCa00
1719,Donald Parham,1.90,30,Mon,5,6,2023-10-16,26-061,LAC,,DAL,L 17-20,1.90,3.90,3.9,2.9,30,41.1,0,0.0,0,0.0,TE,ParhDo00
1720,Colby Parkinson,1.90,33,Sun,5,6,2023-10-15,24-280,SEA,@,CIN,L 13-17,1.90,4.90,4.9,3.4,33,44.6,0,0.0,8,34.8,TE,ParkCo02
1721,Kyle Pitts,1.90,63,Sun,1,1,2022-09-11,21-340,ATL,,NOR,L 26-27,1.90,3.90,3.9,2.9,63,84.0,0,0.0,0,0.0,TE,PittKy00
1722,Kyle Pitts,1.90,57,Sun,2,2,2022-09-18,21-347,ATL,@,LAR,L 27-31,1.90,3.90,3.9,2.9,57,93.4,0,0.0,0,0.0,TE,PittKy00
1723,Drew Sample,1.90,18,Thu,10,11,2023-11-16,27-214,CIN,@,BAL,L 20-34,1.90,3.90,3.9,2.9,18,29.5,0,0.0,12,37.5,TE,SampDr00
1724,Dalton Schultz,1.90,48,Sun,16,17,2023-12-31,27-173,HOU,,TEN,W 26-3,1.90,3.90,3.9,2.9,48,78.7,0,0.0,0,0.0,TE,SchuDa00
1725,Cade Stover,1.90,34,Sun,8,8,2024-10-27,24-137,HOU,,IND,W 23-20,1.90,3.90,3.9,2.9,34,47.9,0,0.0,22,66.7,TE,StovCa00
1726,Brenton Strange,1.90,42,Sun,4,4,2024-09-29,23-277,JAX,@,HOU,L 20-24,1.90,4.90,4.9,3.4,42,72.4,0,0.0,5,17.2,TE,StraBr00
1727,Geoff Swaim,1.90,45,Sun,1,1,2022-09-11,28-360,TEN,,NYG,L 20-21,1.90,4.90,4.9,3.4,45,69.2,0,0.0,13,46.4,TE,SwaiGe00
1728,Logan Thomas,1.90,55,Sun,4,4,2022-10-02,31-093,WAS,@,DAL,L 10-25,1.90,6.90,6.9,4.4,55,74.3,0,0.0,0,0.0,TE,ThomLo00
1729,Robert Tonyan,1.90,36,Thu,11,11,2022-11-17,28-201,GNB,,TEN,L 17-27,1.90,3.90,3.9,2.9,36,59.0,0,0.0,0,0.0,TE,TonyRo00
1730,Adam Trautman,1.90,34,Sun,5,5,2024-10-06,27-244,DEN,,LVR,W 34-18,1.90,2.90,2.9,2.4,34,54.0,0,0.0,4,13.3,TE,TrauAd00
1731,C.J. Uzomah,1.90,30,Sun,7,8,2023-10-29,30-288,NYJ,@,NYG,W 13-10 (OT),1.90,2.90,2.9,2.4,30,46.9,0,0.0,17,45.9,TE,UzomC.00
1732,Jelani Woods,1.90,35,Sun,16,17,2023-01-01,24-084,IND,@,NYG,L 10-38,1.90,4.90,4.9,3.4,35,60.3,0,0.0,0,0.0,TE,WoodJe01
1733,Nate Adkins,1.80,21,Thu,15,16,2024-12-19,25-163,DEN,@,LAC,L 27-34,1.80,3.80,3.8,2.8,21,32.8,0,0.0,18,62.1,TE,AdkiNa00
1734,Jordan Akins,1.80,15,Sun,15,16,2023-12-24,31-249,CLE,@,HOU,W 36-22,1.80,3.80,3.8,2.8,15,18.3,0,0.0,10,41.7,TE,AkinJo00
1735,Mo Alie-Cox,1.80,34,Sun,16,17,2023-12-31,30-103,IND,,LVR,W 23-20,1.80,3.80,3.8,2.8,34,60.7,0,0.0,10,33.3,TE,AlieMo00
1736,Harrison Bryant,1.80,49,Sun,4,4,2022-10-02,24-162,CLE,@,ATL,L 20-23,1.80,5.80,5.8,3.8,49,67.1,0,0.0,7,26.9,TE,BryaHa00
1737,Harrison Bryant,1.80,25,Sun,6,6,2022-10-16,24-176,CLE,,NWE,L 15-38,1.80,4.80,4.8,3.3,25,35.7,0,0.0,6,20.7,TE,BryaHa00
1738,Harrison Bryant,1.80,38,Sun,1,1,2022-09-11,24-141,CLE,@,CAR,W 26-24,1.80,3.80,3.8,2.8,38,47.5,0,0.0,10,31.3,TE,BryaHa00
1739,Grant Calcaterra,1.80,18,Sun,17,18,2024-01-07,25-034,PHI,@,NYG,L 10-27,1.80,3.80,3.8,2.8,18,27.7,0,0.0,16,61.5,TE,CalcGr00
1740,Tyler Conklin,1.80,38,Sun,10,11,2023-11-19,28-112,NYJ,@,BUF,L 6-32,1.80,3.80,3.8,2.8,38,66.7,0,0.0,0,0.0,TE,ConkTy00
1741,Tyler Conklin,1.80,38,Sun,14,15,2023-12-17,28-140,NYJ,@,MIA,L 0-30,1.80,5.80,5.8,3.8,38,65.5,0,0.0,0,0.0,TE,ConkTy00
1742,Gerald Everett,1.80,32,Mon,8,9,2023-11-06,29-134,LAC,@,NYJ,W 27-6,1.80,3.80,3.8,2.8,32,55.2,0,0.0,0,0.0,TE,EverGe00
1743,Noah Fant,1.80,38,Sun,13,14,2024-12-08,27-018,SEA,@,ARI,W 30-18,1.80,4.80,4.8,3.3,38,59.4,0,0.0,0,0.0,TE,FantNo00
1744,Mike Gesicki,1.80,18,Sun,1,1,2024-09-08,28-341,CIN,,NWE,L 10-16,1.80,4.80,4.8,3.3,18,35.3,0,0.0,0,0.0,TE,GesiMi00
1745,Mike Gesicki,1.80,34,Sun,3,3,2023-09-24,27-356,NWE,@,NYJ,W 15-10,1.80,2.80,2.8,2.3,34,47.2,0,0.0,1,3.2,TE,GesiMi00
1746,Noah Gray,1.80,39,Sun,9,10,2024-11-10,25-194,KAN,,DEN,W 16-14,1.80,3.80,3.8,2.8,39,57.4,0,0.0,7,28.0,TE,GrayNo00
1747,Ryan Griffin,1.80,11,Sun,2,2,2022-09-18,32-250,CHI,@,GNB,L 10-27,1.80,2.80,2.8,2.3,11,26.8,0,0.0,9,40.9,TE,GrifRy00
1748,Hunter Henry,1.80,54,Sun,1,1,2024-09-08,29-276,NWE,@,CIN,W 16-10,1.80,3.80,3.8,2.8,54,83.1,0,0.0,0,0.0,TE,HenrHu00
1749,Tyler Higbee,1.80,54,Sun,6,6,2023-10-15,30-287,LAR,,ARI,W 26-9,1.80,3.80,3.8,2.8,54,94.7,0,0.0,0,0.0,TE,HigbTy00
1750,Austin Hooper,1.80,22,Sun,7,7,2023-10-22,28-358,LVR,@,CHI,L 12-30,1.80,3.80,3.8,2.8,22,33.8,0,0.0,0,0.0,TE,HoopAu00
1751,Tanner Hudson,1.80,37,Sun,4,4,2022-10-02,27-324,NYG,,CHI,W 20-12,1.80,2.80,2.8,2.3,37,56.9,0,0.0,5,16.7,TE,HudsTa00
1752,Tanner Hudson,1.80,23,Sun,4,4,2023-10-01,28-323,CIN,@,TEN,L 3-27,1.80,3.80,3.8,2.8,23,43.4,0,0.0,6,28.6,TE,HudsTa00
1753,Tanner Hudson,1.80,13,Sun,11,12,2023-11-26,29-014,CIN,,PIT,L 10-16,1.80,5.80,5.8,3.8,13,30.2,0,0.0,0,0.0,TE,HudsTa00
1754,Juwan Johnson,1.80,51,Thu,7,7,2024-10-17,28-034,NOR,,DEN,L 10-33,1.80,4.80,4.8,3.3,51,72.9,0,0.0,4,13.8,TE,JohnJu02
1755,Theo Johnson,1.80,61,Sun,1,1,2024-09-08,23-195,NYG,,MIN,L 6-28,1.80,2.80,2.8,2.3,61,85.9,0,0.0,5,20.8,TE,JohnTh00
1756,Ko Kieft,1.80,18,Sun,7,7,2022-10-23,24-276,TAM,@,CAR,L 3-21,1.80,2.80,2.8,2.3,18,26.9,0,0.0,16,66.7,TE,KiefKo00
1757,Lucas Krull,1.80,29,Sat,14,15,2023-12-16,25-158,DEN,@,DET,L 17-42,1.80,2.80,2.8,2.3,29,45.3,0,0.0,7,24.1,TE,KrulLu00
1758,Lucas Krull,1.80,27,Sun,8,8,2024-10-27,26-108,DEN,,CAR,W 28-14,1.80,3.80,3.8,2.8,27,37.0,0,0.0,15,62.5,TE,KrulLu00
1759,Sam LaPorta,1.80,75,Sun,15,16,2023-12-24,22-346,DET,@,MIN,W 30-24,1.80,4.80,4.8,3.3,75,94.9,0,0.0,1,3.8,TE,LaPoSa01
1760,Isaiah Likely,1.80,28,Sat,14,15,2022-12-17,22-243,BAL,@,CLE,L 3-13,1.80,3.80,3.8,2.8,28,44.4,0,0.0,4,22.2,TE,LikeIs00
1761,Hunter Long,1.80,30,Thu,7,8,2024-10-24,26-066,LAR,,MIN,W 30-20,1.80,2.80,2.8,2.3,30,41.7,0,0.0,13,52.0,TE,LongHu00
1762,Johnny Mundt,1.80,6,Sun,9,9,2023-11-05,28-347,MIN,@,ATL,W 31-28,1.80,2.80,2.8,2.3,6,8.0,0,0.0,15,45.5,TE,MundJo00
1763,Chigoziem Okonkwo,1.80,40,Sun,6,6,2023-10-15,24-037,TEN,,BAL,L 16-24,1.80,3.80,3.8,2.8,40,72.7,0,0.0,5,16.1,TE,OkonCh00
1764,Donald Parham,1.80,32,Sun,9,10,2023-11-12,26-088,LAC,,DET,L 38-41,1.80,3.80,3.8,2.8,32,44.4,0,0.0,0,0.0,TE,ParhDo00
1765,Jeremy Ruckert,1.80,26,Fri,11,12,2023-11-24,23-105,NYJ,,MIA,L 13-34,1.80,3.80,3.8,2.8,26,44.8,0,0.0,14,58.3,TE,RuckJe00
1766,Irv Smith Jr.,1.80,17,Sat,14,15,2023-12-16,25-129,CIN,,MIN,W 27-24 (OT),1.80,3.80,3.8,2.8,17,24.3,0,0.0,0,0.0,TE,SmitIr01
1767,Jonnu Smith,1.80,23,Sun,3,3,2024-09-22,29-031,MIA,@,SEA,L 3-24,1.80,3.80,3.8,2.8,23,37.7,0,0.0,0,0.0,TE,SmitJo01
1768,Cade Stover,1.80,14,Sun,2,2,2024-09-15,24-095,HOU,,CHI,W 19-13,1.80,2.80,2.8,2.3,14,22.6,0,0.0,14,46.7,TE,StovCa00
1769,Robert Tonyan,1.80,19,Sun,4,4,2023-10-01,29-154,CHI,,DEN,L 28-31,1.80,3.80,3.8,2.8,19,26.4,0,0.0,12,46.2,TE,TonyRo00
1770,Adam Trautman,1.80,32,Sun,17,18,2023-01-08,25-337,NOR,,CAR,L 7-10,1.80,2.80,2.8,2.3,32,53.3,0,0.0,2,10.0,TE,TrauAd00
1771,Tommy Tremble,1.80,39,Sat,15,16,2022-12-24,22-205,CAR,,DET,W 37-23,1.80,3.80,3.8,2.8,39,57.4,0,0.0,15,51.7,TE,TremTo00
1772,Nick Vannett,1.80,55,Sun,17,18,2023-01-08,29-308,NYG,@,PHI,L 16-22,1.80,3.80,3.8,2.8,55,87.3,0,0.0,11,39.3,TE,VannNi00
1773,Mitchell Wilcox,1.80,32,Thu,4,4,2022-09-29,25-326,CIN,,MIA,W 27-15,1.80,2.80,2.8,2.3,32,50.0,0,0.0,23,82.1,TE,WilcMi01
1774,Shane Zylstra,1.80,23,Sun,13,14,2022-12-11,26-025,DET,,MIN,W 34-23,1.80,3.80,3.8,2.8,23,32.9,0,0.0,6,20.7,TE,ZylsSh00
1775,Mo Alie-Cox,1.70,12,Sun,5,5,2023-10-08,30-019,IND,,TEN,W 23-16,1.70,2.70,2.7,2.2,12,18.2,0,0.0,2,9.1,TE,AlieMo00
1776,Mo Alie-Cox,1.70,28,Sun,11,11,2024-11-17,31-059,IND,@,NYJ,W 28-27,1.70,3.70,3.7,2.7,28,40.0,0,0.0,8,25.8,TE,AlieMo00
1777,Mark Andrews,1.70,54,Sun,13,14,2022-12-11,27-096,BAL,@,PIT,W 16-14,1.70,3.70,3.7,2.7,54,88.5,0,0.0,1,4.8,TE,AndrMa00
1778,Dan Arnold,1.70,13,Thu,15,16,2022-12-22,27-282,JAX,@,NYJ,W 19-3,1.70,2.70,2.7,2.2,13,18.1,0,0.0,2,9.1,TE,ArnoDa00
1779,John Bates,1.70,34,Sun,8,8,2023-10-29,25-357,WAS,,PHI,L 31-38,1.70,2.70,2.7,2.2,34,47.2,0,0.0,12,42.9,TE,BateJo00
1780,John Bates,1.70,20,Thu,11,11,2024-11-14,27-008,WAS,@,PHI,L 18-26,1.70,3.70,3.7,2.7,20,30.3,0,0.0,13,48.1,TE,BateJo00
1781,Daniel Bellinger,1.70,26,Sun,3,3,2024-09-22,24-000,NYG,@,CLE,W 21-15,1.70,2.70,2.7,2.2,26,36.1,0,0.0,18,69.2,TE,BellDa00
1782,Pharaoh Brown,1.70,46,Sun,1,1,2022-09-11,28-130,HOU,,IND,T 20-20 (OT),1.70,2.70,2.7,2.2,46,65.7,0,0.0,4,12.5,TE,BrowPh01
1783,Pharaoh Brown,1.70,21,Sun,15,16,2024-12-22,30-232,SEA,,MIN,L 24-27,1.70,2.70,2.7,2.2,21,32.8,0,0.0,17,51.5,TE,BrowPh01
1784,Lawrence Cager,1.70,20,Sun,1,1,2023-09-10,26-021,NYG,,DAL,L 0-40,1.70,3.70,3.7,2.7,20,28.6,0,0.0,15,62.5,TE,CageLa01
1785,Tyler Conklin,1.70,37,Sun,6,6,2022-10-16,27-078,NYJ,@,GNB,W 27-10,1.70,2.70,2.7,2.2,37,67.3,0,0.0,8,27.6,TE,ConkTy00
1786,Tyler Conklin,1.70,68,Sun,4,4,2024-09-29,29-061,NYJ,,DEN,L 9-10,1.70,5.70,5.7,3.7,68,91.9,0,0.0,4,14.3,TE,ConkTy00
1787,Will Dissly,1.70,48,Sun,11,12,2022-11-27,26-142,SEA,,LVR,L 34-40 (OT),1.70,3.70,3.7,2.7,48,73.8,0,0.0,17,50.0,TE,DissWi00
1788,Will Dissly,1.70,16,Sun,1,1,2023-09-10,27-064,SEA,,LAR,L 13-30,1.70,3.70,3.7,2.7,16,31.4,0,0.0,11,39.3,TE,DissWi00
1789,Luke Farrell,1.70,27,Sun,5,5,2024-10-06,26-358,JAX,,IND,W 37-34,1.70,3.70,3.7,2.7,27,46.6,0,0.0,9,26.5,TE,FarrLu00
1790,Mike Gesicki,1.70,16,Sun,5,5,2023-10-08,28-005,NWE,,NOR,L 0-34,1.70,3.70,3.7,2.7,16,29.6,0,0.0,5,16.1,TE,GesiMi00
1791,Kylen Granson,1.70,24,Sun,13,14,2023-12-10,25-258,IND,@,CIN,L 14-34,1.70,3.70,3.7,2.7,24,37.5,0,0.0,11,40.7,TE,GranKy00
1792,Noah Gray,1.70,32,Sun,16,17,2023-12-31,24-245,KAN,,CIN,W 25-17,1.70,4.70,4.7,3.2,32,59.3,0,0.0,16,59.3,TE,GrayNo00
1793,Hunter Henry,1.70,62,Sun,3,3,2023-09-24,28-291,NWE,@,NYJ,W 15-10,1.70,3.70,3.7,2.7,62,86.1,0,0.0,1,3.2,TE,HenrHu00
1794,Tyler Higbee,1.70,66,Sun,10,11,2023-11-19,30-322,LAR,,SEA,W 17-16,1.70,2.70,2.7,2.2,66,98.5,0,0.0,0,0.0,TE,HigbTy00
1795,Elijah Higgins,1.70,17,Sun,15,16,2023-12-24,23-058,ARI,@,CHI,L 16-27,1.70,3.70,3.7,2.7,17,27.9,0,0.0,16,55.2,TE,HiggEl00
1796,Travis Kelce,1.70,54,Sun,6,7,2024-10-20,35-015,KAN,@,SFO,W 28-18,1.70,5.70,5.7,3.7,54,77.1,0,0.0,0,0.0,TE,KelcTr00
1797,Dawson Knox,1.70,60,Thu,11,12,2022-11-24,26-010,BUF,@,DET,W 28-25,1.70,3.70,3.7,2.7,60,77.9,0,0.0,0,0.0,TE,KnoxDa00
1798,Dawson Knox,1.70,42,Sun,5,5,2023-10-08,26-328,BUF,,JAX,L 20-25,1.70,4.70,4.7,3.2,42,70.0,0,0.0,0,0.0,TE,KnoxDa00
1799,Dawson Knox,1.70,46,Sun,6,6,2023-10-15,26-335,BUF,,NYG,W 14-9,1.70,4.70,4.7,3.2,46,75.4,0,0.0,0,0.0,TE,KnoxDa00
1800,Charlie Kolar,1.70,20,Mon,15,16,2023-12-25,24-318,BAL,@,SFO,W 33-19,1.70,2.70,2.7,2.2,20,29.4,0,0.0,16,59.3,TE,KolaCh00
1801,Isaiah Likely,1.70,35,Mon,7,7,2024-10-21,24-186,BAL,@,TAM,W 41-31,1.70,3.70,3.7,2.7,35,59.3,0,0.0,2,6.9,TE,LikeIs00
1802,Isaiah Likely,1.70,39,Sun,14,15,2024-12-15,24-241,BAL,@,NYG,W 35-14,1.70,3.70,3.7,2.7,39,66.1,0,0.0,0,0.0,TE,LikeIs00
1803,Hunter Long,1.70,22,Thu,14,15,2024-12-12,26-115,LAR,@,SFO,W 12-6,1.70,3.70,3.7,2.7,22,33.8,0,0.0,24,88.9,TE,LongHu00
1804,Trey McBride,1.70,64,Sun,15,16,2022-12-25,23-033,ARI,,TAM,L 16-19 (OT),1.70,4.70,4.7,3.2,64,84.2,0,0.0,4,12.1,TE,McBrTr01
1805,Trey McBride,1.70,19,Sun,5,5,2023-10-08,23-320,ARI,,CIN,L 20-34,1.70,3.70,3.7,2.7,19,33.3,0,0.0,7,25.9,TE,McBrTr01
1806,Johnny Mundt,1.70,40,Sun,1,1,2022-09-11,27-292,MIN,,GNB,W 23-7,1.70,4.70,4.7,3.2,40,64.5,0,0.0,5,21.7,TE,MundJo00
1807,David Njoku,1.70,28,Sun,10,11,2022-11-20,26-133,CLE,@,BUF,L 23-31,1.70,3.70,3.7,2.7,28,37.3,0,0.0,0,0.0,TE,NjokDa00
1808,David Njoku,1.70,59,Sun,12,13,2023-12-03,27-146,CLE,@,LAR,L 19-36,1.70,3.70,3.7,2.7,59,83.1,0,0.0,0,0.0,TE,NjokDa00
1809,Josh Oliver,1.70,24,Sun,16,17,2023-12-31,26-285,MIN,,GNB,L 10-33,1.70,2.70,2.7,2.2,24,45.3,0,0.0,9,37.5,TE,OlivJo00
1810,Cade Otton,1.70,68,Sun,16,17,2023-01-01,23-261,TAM,,CAR,W 30-24,1.70,3.70,3.7,2.7,68,87.2,0,0.0,7,22.6,TE,OttoCa00
1811,Colby Parkinson,1.70,46,Thu,7,8,2024-10-24,25-290,LAR,,MIN,W 30-20,1.70,3.70,3.7,2.7,46,63.9,0,0.0,1,4.0,TE,ParkCo02
1812,MyCole Pruitt,1.70,31,Sun,11,11,2022-11-20,30-241,ATL,,CHI,W 27-24,1.70,2.70,2.7,2.2,31,56.4,0,0.0,10,37.0,TE,PruiMy00
1813,MyCole Pruitt,1.70,14,Sun,17,18,2024-01-07,31-289,ATL,@,NOR,L 17-48,1.70,2.70,2.7,2.2,14,23.0,0,0.0,6,18.8,TE,PruiMy00
1814,Jeremy Ruckert,1.70,20,Sun,10,10,2024-11-10,24-091,NYJ,@,ARI,L 6-31,1.70,3.70,3.7,2.7,20,34.5,0,0.0,7,38.9,TE,RuckJe00
1815,Eric Saubert,1.70,49,Sun,17,18,2025-01-05,30-249,SFO,@,ARI,L 24-47,1.70,5.70,5.7,3.7,49,64.5,0,0.0,15,45.5,TE,SaubEr00
1816,Irv Smith Jr.,1.70,30,Sun,1,1,2023-09-10,25-032,CIN,@,CLE,L 3-24,1.70,4.70,4.7,3.2,30,53.6,0,0.0,0,0.0,TE,SmitIr01
1817,Durham Smythe,1.70,53,Sun,9,9,2023-11-05,28-088,MIA,@,KAN,L 14-21,1.70,4.70,4.7,3.2,53,84.1,0,0.0,0,0.0,TE,SmytDu00
1818,Adam Trautman,1.70,35,Sun,12,12,2022-11-27,25-295,NOR,@,SFO,L 0-13,1.70,2.70,2.7,2.2,35,61.4,0,0.0,4,23.5,TE,TrauAd00
1819,Tommy Tremble,1.70,46,Sun,8,8,2022-10-30,22-150,CAR,@,ATL,L 34-37 (OT),1.70,3.70,3.7,2.7,46,57.5,0,0.0,16,45.7,TE,TremTo00
1820,Cole Turner,1.70,10,Sun,1,1,2023-09-10,23-178,WAS,,ARI,W 20-16,1.70,2.70,2.7,2.2,10,14.1,0,0.0,10,35.7,TE,TurnCo00
1821,C.J. Uzomah,1.70,43,Sun,6,6,2022-10-16,29-275,NYJ,@,GNB,W 27-10,1.70,3.70,3.7,2.7,43,78.2,0,0.0,7,24.1,TE,UzomC.00
1822,C.J. Uzomah,1.70,48,Sun,11,12,2022-11-27,29-317,NYJ,,CHI,W 31-10,1.70,4.70,4.7,3.2,48,76.2,0,0.0,12,48.0,TE,UzomC.00
1823,Brock Wright,1.70,27,Thu,1,1,2023-09-07,24-284,DET,@,KAN,W 21-20,1.70,3.70,3.7,2.7,27,38.6,0,0.0,14,51.9,TE,WrigBr01
1824,Nate Adkins,1.60,26,Mon,13,13,2024-12-02,25-146,DEN,,CLE,W 41-32,1.60,2.60,2.6,2.1,26,39.4,0,0.0,20,54.1,TE,AdkiNa00
1825,Tyler Conklin,1.60,50,Sun,17,18,2024-01-07,28-161,NYJ,@,NWE,W 17-3,1.60,3.60,3.6,2.6,50,76.9,0,0.0,0,0.0,TE,ConkTy00
1826,Greg Dulcich,1.60,33,Sun,2,2,2024-09-15,24-173,DEN,,PIT,L 6-13,1.60,4.60,4.6,3.1,33,54.1,0,0.0,0,0.0,TE,DulcGr00
1827,Evan Engram,1.60,35,Sun,4,4,2022-10-02,28-030,JAX,@,PHI,L 21-29,1.60,2.60,2.6,2.1,35,74.5,0,0.0,0,0.0,TE,EngrEv00
1828,Noah Fant,1.60,31,Mon,1,1,2022-09-12,24-296,SEA,,DEN,W 17-16,1.60,4.60,4.6,3.1,31,56.4,0,0.0,0,0.0,TE,FantNo00
1829,Noah Fant,1.60,38,Mon,14,15,2023-12-18,26-028,SEA,,PHI,W 20-17,1.60,4.60,4.6,3.1,38,62.3,0,0.0,0,0.0,TE,FantNo00
1830,Luke Farrell,1.60,33,Sun,5,5,2023-10-08,25-359,JAX,@,BUF,W 25-20,1.60,2.60,2.6,2.1,33,37.5,0,0.0,9,36.0,TE,FarrLu00
1831,Luke Farrell,1.60,16,Sun,10,10,2024-11-10,27-027,JAX,,MIN,L 7-12,1.60,3.60,3.6,2.6,16,36.4,0,0.0,5,26.3,TE,FarrLu00
1832,Pat Freiermuth,1.60,44,Sat,14,15,2023-12-16,25-052,PIT,@,IND,L 13-30,1.60,4.60,4.6,3.1,44,75.9,0,0.0,2,7.7,TE,FreiPa00
1833,Pat Freiermuth,1.60,58,Sun,6,6,2024-10-13,25-354,PIT,@,LVR,W 32-13,1.60,3.60,3.6,2.6,58,86.6,0,0.0,7,28.0,TE,FreiPa00
1834,Pat Freiermuth,1.60,41,Sat,15,16,2024-12-21,26-057,PIT,@,BAL,L 17-34,1.60,4.60,4.6,3.1,41,68.3,0,0.0,3,11.1,TE,FreiPa00
1835,Kylen Granson,1.60,38,Thu,5,5,2022-10-06,24-193,IND,@,DEN,W 12-9 (OT),1.60,2.60,2.6,2.1,38,48.1,0,0.0,16,51.6,TE,GranKy00
1836,Kylen Granson,1.60,25,Sun,11,11,2022-11-20,24-238,IND,,PHI,L 16-17,1.60,2.60,2.6,2.1,25,38.5,0,0.0,8,32.0,TE,GranKy00
1837,Noah Gray,1.60,50,Sun,11,12,2022-11-27,23-211,KAN,,LAR,W 26-10,1.60,3.60,3.6,2.6,50,65.8,0,0.0,15,62.5,TE,GrayNo00
1838,Parker Hesse,1.60,34,Sun,13,13,2022-12-04,27-192,ATL,,PIT,L 16-19,1.60,2.60,2.6,2.1,34,63.0,0,0.0,13,52.0,TE,HessPa00
1839,Connor Heyward,1.60,40,Thu,8,9,2023-11-02,24-284,PIT,,TEN,W 20-16,1.60,3.60,3.6,2.6,40,61.5,0,0.0,6,25.0,TE,HeywCo00
1840,T.J. Hockenson,1.60,33,Sun,17,18,2023-01-08,25-189,MIN,@,CHI,W 29-13,1.60,2.60,2.6,2.1,33,46.5,0,0.0,0,0.0,TE,HockTJ00
1841,Hayden Hurst,1.60,38,Sun,6,6,2023-10-15,30-052,CAR,@,MIA,L 21-42,1.60,2.60,2.6,2.1,38,55.1,0,0.0,9,30.0,TE,HursHa00
1842,Travis Kelce,1.60,44,Sun,16,17,2023-12-31,34-087,KAN,,CIN,W 25-17,1.60,4.60,4.6,3.1,44,81.5,0,0.0,0,0.0,TE,KelcTr00
1843,Cole Kmet,1.60,61,Sun,4,4,2022-10-02,23-206,CHI,@,NYG,L 12-20,1.60,4.60,4.6,3.1,61,98.4,0,0.0,9,30.0,TE,KmetCo00
1844,Tucker Kraft,1.60,56,Sun,2,2,2024-09-15,23-317,GNB,,IND,W 16-10,1.60,3.60,3.6,2.6,56,80.0,0,0.0,11,50.0,TE,KrafTu00
1845,Marcedes Lewis,1.60,23,Sun,7,7,2023-10-22,39-156,CHI,,LVR,W 30-12,1.60,2.60,2.6,2.1,23,32.4,0,0.0,0,0.0,TE,LewiMa00
1846,Isaiah Likely,1.60,7,Sun,7,7,2022-10-23,22-188,BAL,,CLE,W 23-20,1.60,2.60,2.6,2.1,7,10.9,0,0.0,9,33.3,TE,LikeIs00
1847,Hunter Long,1.60,17,Sun,5,5,2024-10-06,26-048,LAR,,GNB,L 19-24,1.60,3.60,3.6,2.6,17,21.8,0,0.0,10,45.5,TE,LongHu00
1848,Chris Manhertz,1.60,26,Sun,17,18,2025-01-05,32-270,NYG,@,PHI,L 13-20,1.60,2.60,2.6,2.1,26,49.1,0,0.0,12,50.0,TE,ManhCh00
1849,Johnny Mundt,1.60,22,Sat,15,16,2022-12-24,28-031,MIN,,NYG,W 27-24,1.60,2.60,2.6,2.1,22,30.6,0,0.0,7,24.1,TE,MundJo00
1850,Andrew Ogletree,1.60,40,Sun,5,5,2023-10-08,25-072,IND,,TEN,W 23-16,1.60,3.60,3.6,2.6,40,60.6,0,0.0,8,36.4,TE,OgleAn00
1851,Chigoziem Okonkwo,1.60,32,Sun,2,2,2024-09-15,25-007,TEN,,NYJ,L 17-24,1.60,4.60,4.6,3.1,32,48.5,0,0.0,13,50.0,TE,OkonCh00
1852,Josh Oliver,1.60,30,Sun,17,18,2025-01-05,27-290,MIN,@,DET,L 9-31,1.60,3.60,3.6,2.6,30,46.2,0,0.0,9,39.1,TE,OlivJo00
1853,Cade Otton,1.60,43,Mon,3,3,2023-09-25,24-163,TAM,,PHI,L 11-25,1.60,2.60,2.6,2.1,43,91.5,0,0.0,0,0.0,TE,OttoCa00
1854,Giovanni Ricci,1.60,18,Sun,2,2,2022-09-18,25-337,CAR,@,NYG,L 16-19,1.60,2.60,2.6,2.1,18,31.0,0,0.0,21,70.0,TE,RiccGi00
1855,Jeremy Ruckert,1.60,22,Sun,14,15,2023-12-17,23-128,NYJ,@,MIA,L 0-30,1.60,3.60,3.6,2.6,22,37.9,0,0.0,13,54.2,TE,RuckJe00
1856,Ja'Tavion Sanders,1.60,20,Sun,4,4,2024-09-29,21-186,CAR,,CIN,L 24-34,1.60,3.60,3.6,2.6,20,28.6,0,0.0,11,39.3,TE,SandJa01
1857,Eric Saubert,1.60,27,Sun,10,11,2022-11-20,28-203,DEN,,LVR,L 16-22 (OT),1.60,3.60,3.6,2.6,27,42.2,0,0.0,20,69.0,TE,SaubEr00
1858,Luke Schoonmaker,1.60,36,Sun,17,18,2025-01-05,26-099,DAL,,WAS,L 19-23,1.60,3.60,3.6,2.6,36,46.2,0,0.0,4,14.3,TE,SchoLu00
1859,Dalton Schultz,1.60,63,Sun,1,1,2024-09-08,28-059,HOU,@,IND,W 29-27,1.60,4.60,4.6,3.1,63,79.7,0,0.0,0,0.0,TE,SchuDa00
1860,Durham Smythe,1.60,56,Mon,13,14,2023-12-11,28-124,MIA,,TEN,L 27-28,1.60,3.60,3.6,2.6,56,77.8,0,0.0,7,22.6,TE,SmytDu00
1861,Stephen Sullivan,1.60,33,Sun,12,13,2023-12-03,27-005,CAR,@,TAM,L 18-21,1.60,2.60,2.6,2.1,33,45.8,0,0.0,20,69.0,TE,SullSt00
1862,Logan Thomas,1.60,46,Sun,17,18,2023-01-08,31-191,WAS,,DAL,W 26-6,1.60,3.60,3.6,2.6,46,69.7,0,0.0,0,0.0,TE,ThomLo00
1863,Eric Tomlinson,1.60,16,Mon,6,6,2022-10-17,30-178,DEN,@,LAC,L 16-19 (OT),1.60,2.60,2.6,2.1,16,27.6,0,0.0,4,13.3,TE,TomlEr01
1864,Adam Trautman,1.60,47,Sun,16,17,2023-01-01,25-330,NOR,@,PHI,W 20-10,1.60,2.60,2.6,2.1,47,68.1,0,0.0,4,15.4,TE,TrauAd00
1865,Tommy Tremble,1.60,27,Thu,9,10,2023-11-09,23-160,CAR,@,CHI,L 13-16,1.60,4.60,4.6,3.1,27,45.0,0,0.0,15,53.6,TE,TremTo00
1866,C.J. Uzomah,1.60,32,Sun,9,9,2022-11-06,29-296,NYJ,,BUF,W 20-17,1.60,4.60,4.6,3.1,32,53.3,0,0.0,12,52.2,TE,UzomC.00
1867,Josh Whyle,1.60,27,Sun,9,10,2023-11-12,24-065,TEN,@,TAM,L 6-20,1.60,3.60,3.6,2.6,27,42.9,0,0.0,9,39.1,TE,WhylJo01
1868,Josh Whyle,1.60,22,Sun,12,13,2023-12-03,24-086,TEN,,IND,L 28-31 (OT),1.60,2.60,2.6,2.1,22,25.9,0,0.0,13,35.1,TE,WhylJo01
1869,Brock Wright,1.60,37,Sun,5,5,2023-10-08,24-315,DET,,CAR,W 42-24,1.60,4.60,4.6,3.1,37,61.7,0,0.0,13,48.1,TE,WrigBr01
1870,Mo Alie-Cox,1.50,23,Sun,2,2,2023-09-17,29-363,IND,@,HOU,W 31-20,1.50,2.50,2.5,2.0,23,40.4,0,0.0,10,34.5,TE,AlieMo00
1871,Mo Alie-Cox,1.50,36,Sun,13,13,2024-12-01,31-073,IND,@,NWE,W 25-24,1.50,3.50,3.5,2.5,36,58.1,0,0.0,5,21.7,TE,AlieMo00
1872,Mo Alie-Cox,1.50,30,Sun,15,16,2024-12-22,31-094,IND,,TEN,W 38-30,1.50,2.50,2.5,2.0,30,48.4,0,0.0,8,26.7,TE,AlieMo00
1873,Mark Andrews,1.50,66,Sun,4,4,2022-10-02,27-026,BAL,,BUF,L 20-23,1.50,3.50,3.5,2.5,66,94.3,0,0.0,0,0.0,TE,AndrMa00
1874,AJ Barner,1.50,51,Sun,10,11,2024-11-17,22-198,SEA,@,SFO,W 20-17,1.50,3.50,3.5,2.5,51,85.0,0,0.0,4,19.0,TE,BarnAJ00
1875,John Bates,1.50,24,Sun,2,2,2022-09-18,24-316,WAS,@,DET,L 27-36,1.50,3.50,3.5,2.5,24,32.4,0,0.0,2,6.3,TE,BateJo00
1876,John Bates,1.50,47,Sun,11,11,2023-11-19,26-013,WAS,,NYG,L 19-31,1.50,3.50,3.5,2.5,47,58.0,0,0.0,12,41.4,TE,BateJo00
1877,Daniel Bellinger,1.50,50,Mon,13,14,2023-12-11,23-080,NYG,,GNB,W 24-22,1.50,3.50,3.5,2.5,50,89.3,0,0.0,9,33.3,TE,BellDa00
1878,Cameron Brate,1.50,35,Sun,11,12,2022-11-27,31-147,TAM,@,CLE,L 17-23 (OT),1.50,3.50,3.5,2.5,35,50.7,0,0.0,0,0.0,TE,BratCa00
1879,Pharaoh Brown,1.50,19,Sun,6,6,2023-10-15,29-164,NWE,@,LVR,L 17-21,1.50,2.50,2.5,2.0,19,31.7,0,0.0,14,56.0,TE,BrowPh01
1880,Harrison Bryant,1.50,34,Sun,7,7,2022-10-23,24-183,CLE,@,BAL,L 20-23,1.50,3.50,3.5,2.5,34,56.7,0,0.0,13,48.1,TE,BryaHa00
1881,Tyler Conklin,1.50,37,Sun,10,11,2022-11-20,27-113,NYJ,@,NWE,L 3-10,1.50,3.50,3.5,2.5,37,74.0,0,0.0,16,53.3,TE,ConkTy00
1882,Tanner Conner,1.50,2,Mon,4,4,2024-09-30,26-194,MIA,,TEN,L 12-31,1.50,3.50,3.5,2.5,2,3.3,0,0.0,18,58.1,TE,ConnTa00
1883,Noah Fant,1.50,35,Sun,14,15,2024-12-15,27-025,SEA,,GNB,L 13-30,1.50,4.50,4.5,3.0,35,59.3,0,0.0,0,0.0,TE,FantNo00
1884,Luke Farrell,1.50,15,Sun,9,9,2022-11-06,25-023,JAX,,LVR,W 27-20,1.50,2.50,2.5,2.0,15,21.7,0,0.0,8,29.6,TE,FarrLu00
1885,Jake Ferguson,1.50,36,Sun,10,11,2022-11-20,23-306,DAL,@,MIN,W 40-3,1.50,3.50,3.5,2.5,36,50.0,0,0.0,4,14.3,TE,FergJa00
1886,Jake Ferguson,1.50,55,Mon,6,6,2023-10-16,24-271,DAL,@,LAC,W 20-17,1.50,2.50,2.5,2.0,55,85.9,0,0.0,0,0.0,TE,FergJa00
1887,Jake Ferguson,1.50,39,Sun,1,1,2024-09-08,25-234,DAL,@,CLE,W 33-17,1.50,4.50,4.5,3.0,39,61.9,0,0.0,0,0.0,TE,FergJa00
1888,Kylen Granson,1.50,26,Sun,5,5,2023-10-08,25-195,IND,,TEN,W 23-16,1.50,3.50,3.5,2.5,26,39.4,0,0.0,9,40.9,TE,GranKy00
1889,Kylen Granson,1.50,24,Sun,10,10,2024-11-10,26-228,IND,,BUF,L 20-30,1.50,3.50,3.5,2.5,24,37.5,0,0.0,13,52.0,TE,GranKy00
1890,Noah Gray,1.50,39,Sun,10,11,2022-11-20,23-204,KAN,@,LAC,W 30-27,1.50,3.50,3.5,2.5,39,60.0,0,0.0,16,55.2,TE,GrayNo00
1891,Noah Gray,1.50,32,Sun,12,13,2022-12-04,23-218,KAN,@,CIN,L 24-27,1.50,2.50,2.5,2.0,32,58.2,0,0.0,12,52.2,TE,GrayNo00
1892,Noah Gray,1.50,39,Thu,6,6,2023-10-12,24-165,KAN,,DEN,W 19-8,1.50,3.50,3.5,2.5,39,54.9,0,0.0,13,61.9,TE,GrayNo00
1893,Peyton Hendershot,1.50,21,Sun,8,8,2022-10-30,23-190,DAL,,CHI,W 49-29,1.50,3.50,3.5,2.5,21,36.2,0,0.0,14,48.3,TE,HendPe01
1894,Hunter Henry,1.50,47,Sun,12,13,2023-12-03,28-361,NWE,,LAC,L 0-6,1.50,3.50,3.5,2.5,47,73.4,0,0.0,0,0.0,TE,HenrHu00
1895,Connor Heyward,1.50,11,Thu,13,14,2023-12-07,24-319,PIT,,NWE,L 18-21,1.50,3.50,3.5,2.5,11,15.7,0,0.0,17,60.7,TE,HeywCo00
1896,Tyler Higbee,1.50,40,Sun,7,8,2022-10-30,29-302,LAR,,SFO,L 14-31,1.50,3.50,3.5,2.5,40,69.0,0,0.0,0,0.0,TE,HigbTy00
1897,Austin Hooper,1.50,32,Sun,8,8,2024-10-27,29-364,NWE,,NYJ,W 25-22,1.50,4.50,4.5,3.0,32,47.8,0,0.0,3,11.5,TE,HoopAu00
1898,Hayden Hurst,1.50,28,Sun,3,3,2024-09-22,31-029,LAC,@,PIT,L 10-20,1.50,3.50,3.5,2.5,28,60.9,0,0.0,0,0.0,TE,HursHa00
1899,Dalton Kincaid,1.50,20,Sun,15,16,2024-12-22,25-065,BUF,,NWE,W 24-21,1.50,5.50,5.5,3.5,20,33.9,0,0.0,1,4.2,TE,KincDa00
1900,Cole Kmet,1.50,67,Thu,6,6,2022-10-13,23-217,CHI,,WAS,L 7-12,1.50,2.50,2.5,2.0,67,93.1,0,0.0,1,5.0,TE,KmetCo00
1901,Charlie Kolar,1.50,25,Sun,14,15,2023-12-17,24-310,BAL,@,JAX,W 23-7,1.50,2.50,2.5,2.0,25,35.7,0,0.0,10,45.5,TE,KolaCh00
1902,Tucker Kraft,1.50,60,Sun,6,6,2024-10-13,23-345,GNB,,ARI,W 34-13,1.50,3.50,3.5,2.5,60,82.2,0,0.0,7,25.9,TE,KrafTu00
1903,Chris Manhertz,1.50,26,Sun,5,5,2022-10-09,30-182,JAX,,HOU,L 6-13,1.50,3.50,3.5,2.5,26,34.7,0,0.0,6,28.6,TE,ManhCh00
1904,James Mitchell,1.50,20,Sun,16,17,2023-01-01,23-143,DET,,CHI,W 41-10,1.50,2.50,2.5,2.0,20,28.2,0,0.0,10,33.3,TE,MitcJa00
1905,Johnny Mundt,1.50,29,Sun,1,1,2024-09-08,29-290,MIN,@,NYG,W 28-6,1.50,3.50,3.5,2.5,29,52.7,0,0.0,0,0.0,TE,MundJo00
1906,Johnny Mundt,1.50,41,Sun,4,4,2024-09-29,29-311,MIN,@,GNB,W 31-29,1.50,3.50,3.5,2.5,41,60.3,0,0.0,6,20.7,TE,MundJo00
1907,Chigoziem Okonkwo,1.50,30,Sun,3,3,2024-09-22,25-014,TEN,,GNB,L 14-30,1.50,3.50,3.5,2.5,30,55.6,0,0.0,9,32.1,TE,OkonCh00
1908,Cade Otton,1.50,62,Thu,8,8,2022-10-27,23-195,TAM,,BAL,L 22-27,1.50,3.50,3.5,2.5,62,91.2,0,0.0,6,19.4,TE,OttoCa00
1909,Cade Otton,1.50,54,Sun,5,6,2023-10-15,24-183,TAM,,DET,L 6-20,1.50,2.50,2.5,2.0,54,96.4,0,0.0,2,8.0,TE,OttoCa00
1910,Kyle Pitts,1.50,57,Sun,2,2,2023-09-17,22-346,ATL,,GNB,W 25-24,1.50,3.50,3.5,2.5,57,69.5,0,0.0,0,0.0,TE,PittKy00
1911,Kyle Pitts,1.50,35,Sun,17,18,2025-01-05,24-091,ATL,,CAR,L 38-44 (OT),1.50,3.50,3.5,2.5,35,44.3,0,0.0,0,0.0,TE,PittKy00
1912,MyCole Pruitt,1.50,21,Sun,13,14,2023-12-10,31-261,ATL,,TAM,L 25-29,1.50,3.50,3.5,2.5,21,29.2,0,0.0,11,34.4,TE,PruiMy00
1913,Giovanni Ricci,1.50,31,Sun,3,3,2022-09-25,25-344,CAR,,NOR,W 22-14,1.50,2.50,2.5,2.0,31,50.8,0,0.0,22,75.9,TE,RiccGi00
1914,Jeremy Ruckert,1.50,33,Thu,3,3,2024-09-19,24-039,NYJ,,NWE,W 24-3,1.50,3.50,3.5,2.5,33,45.2,0,0.0,10,47.6,TE,RuckJe00
1915,Dalton Schultz,1.50,73,Sun,14,15,2022-12-18,26-160,DAL,@,JAX,L 34-40 (OT),1.50,3.50,3.5,2.5,73,97.3,0,0.0,0,0.0,TE,SchuDa00
1916,Stone Smartt,1.50,17,Thu,14,15,2023-12-14,25-071,LAC,@,LVR,L 21-63,1.50,4.50,4.5,3.0,17,26.2,0,0.0,16,43.2,TE,SmarSt00
1917,Durham Smythe,1.50,26,Sun,3,3,2023-09-24,28-046,MIA,,DEN,W 70-20,1.50,2.50,2.5,2.0,26,35.6,0,0.0,12,33.3,TE,SmytDu00
1918,Cade Stover,1.50,31,Sun,7,7,2024-10-20,24-130,HOU,@,GNB,L 22-24,1.50,2.50,2.5,2.0,31,48.4,0,0.0,17,58.6,TE,StovCa00
1919,Cade Stover,1.50,29,Mon,11,11,2024-11-18,24-159,HOU,@,DAL,W 34-10,1.50,3.50,3.5,2.5,29,45.3,0,0.0,16,59.3,TE,StovCa00
1920,Geoff Swaim,1.50,24,Sun,11,11,2023-11-19,30-064,ARI,@,HOU,L 16-21,1.50,3.50,3.5,2.5,24,39.3,0,0.0,8,44.4,TE,SwaiGe00
1921,Logan Thomas,1.50,50,Thu,12,12,2023-11-23,32-145,WAS,@,DAL,L 10-45,1.50,3.50,3.5,2.5,50,64.1,0,0.0,0,0.0,TE,ThomLo00
1922,Adam Trautman,1.50,48,Mon,9,10,2023-11-13,26-281,DEN,@,BUF,W 24-22,1.50,3.50,3.5,2.5,48,64.0,0,0.0,0,0.0,TE,TrauAd00
1923,Tommy Tremble,1.50,22,Sun,3,3,2023-09-24,23-114,CAR,@,SEA,L 27-37,1.50,2.50,2.5,2.0,22,27.8,0,0.0,28,80.0,TE,TremTo00
1924,Tommy Tremble,1.50,35,Sun,14,15,2024-12-15,24-196,CAR,,DAL,L 14-30,1.50,3.50,3.5,2.5,35,63.6,0,0.0,2,8.0,TE,TremTo00
1925,Nick Vannett,1.50,10,Sun,14,15,2022-12-18,29-287,NYG,@,WAS,W 20-12,1.50,2.50,2.5,2.0,10,15.9,0,0.0,4,16.0,TE,VannNi00
1926,Jordan Akins,1.40,13,Sun,13,14,2024-12-08,32-233,CLE,@,PIT,L 14-27,1.40,2.40,2.4,1.9,13,18.1,0,0.0,15,51.7,TE,AkinJo00
1927,Mo Alie-Cox,1.40,40,Sun,11,11,2022-11-20,29-062,IND,,PHI,L 16-17,1.40,2.40,2.4,1.9,40,61.5,0,0.0,5,20.0,TE,AlieMo00
1928,Mo Alie-Cox,1.40,22,Mon,12,12,2022-11-28,29-070,IND,,PIT,L 17-24,1.40,3.40,3.4,2.4,22,34.4,0,0.0,8,30.8,TE,AlieMo00
1929,Davis Allen,1.40,26,Sun,14,15,2023-12-17,22-317,LAR,,WAS,W 28-20,1.40,2.40,2.4,1.9,26,34.7,0,0.0,5,18.5,TE,AlleDa02
1930,Mark Andrews,1.40,59,Thu,1,1,2024-09-05,28-365,BAL,@,KAN,L 20-27,1.40,3.40,3.4,2.4,59,73.8,0,0.0,0,0.0,TE,AndrMa00
1931,John Bates,1.40,26,Sun,15,16,2023-12-24,26-048,WAS,@,NYJ,L 28-30,1.40,4.40,4.4,2.9,26,42.6,0,0.0,11,30.6,TE,BateJo00
1932,John Bates,1.40,43,Sun,16,17,2024-12-29,27-053,WAS,,ATL,W 30-24 (OT),1.40,2.40,2.4,1.9,43,51.8,0,0.0,13,48.1,TE,BateJo00
1933,Cameron Brate,1.40,34,Sun,6,6,2022-10-16,31-105,TAM,@,PIT,L 18-20,1.40,3.40,3.4,2.4,34,47.2,0,0.0,0,0.0,TE,BratCa00
1934,Harrison Bryant,1.40,36,Sun,12,13,2022-12-04,24-225,CLE,@,HOU,W 27-14,1.40,2.40,2.4,1.9,36,57.1,0,0.0,2,6.5,TE,BryaHa00
1935,Harrison Bryant,1.40,28,Thu,16,17,2023-12-28,25-249,CLE,,NYJ,W 37-20,1.40,3.40,3.4,2.4,28,46.7,0,0.0,13,43.3,TE,BryaHa00
1936,Evan Engram,1.40,56,Sun,10,10,2022-11-13,28-072,JAX,@,KAN,L 17-27,1.40,4.40,4.4,2.9,56,87.5,0,0.0,0,0.0,TE,EngrEv00
1937,Noah Fant,1.40,57,Sun,2,2,2024-09-15,26-300,SEA,@,NWE,W 23-20 (OT),1.40,2.40,2.4,1.9,57,81.4,0,0.0,0,0.0,TE,FantNo00
1938,Pat Freiermuth,1.40,45,Sun,10,11,2024-11-17,26-023,PIT,,BAL,W 18-16,1.40,3.40,3.4,2.4,45,57.7,0,0.0,6,20.7,TE,FreiPa00
1939,Mike Gesicki,1.40,19,Sun,15,16,2024-12-22,29-080,CIN,,CLE,W 24-6,1.40,3.40,3.4,2.4,19,33.9,0,0.0,0,0.0,TE,GesiMi00
1940,Kylen Granson,1.40,27,Sun,2,2,2022-09-18,24-175,IND,@,JAX,L 0-24,1.40,3.40,3.4,2.4,27,54.0,0,0.0,10,50.0,TE,GranKy00
1941,Noah Gray,1.40,34,Sat,17,18,2023-01-07,23-252,KAN,@,LVR,W 31-13,1.40,2.40,2.4,1.9,34,57.6,0,0.0,15,65.2,TE,GrayNo00
1942,Hunter Henry,1.40,57,Sun,10,10,2024-11-10,29-339,NWE,@,CHI,W 19-3,1.40,2.40,2.4,1.9,57,89.1,0,0.0,0,0.0,TE,HenrHu00
1943,Tyler Higbee,1.40,54,Sun,12,13,2022-12-04,29-337,LAR,,SEA,L 23-27,1.40,3.40,3.4,2.4,54,84.4,0,0.0,0,0.0,TE,HigbTy00
1944,Julian Hill,1.40,32,Sun,13,14,2024-12-08,24-152,MIA,,NYJ,W 32-26 (OT),1.40,2.40,2.4,1.9,32,44.4,0,0.0,19,61.3,TE,HillJu02
1945,Taysom Hill,1.40,6,Sun,2,2,2022-09-18,32-026,NOR,,TAM,L 10-20,1.40,1.40,1.4,1.4,6,8.8,0,0.0,12,46.2,TE/QB,HillTa00
1946,Austin Hooper,1.40,24,Sun,12,12,2023-11-26,29-028,LVR,,KAN,L 17-31,1.40,2.40,2.4,1.9,24,41.4,0,0.0,0,0.0,TE,HoopAu00
1947,O.J. Howard,1.40,26,Thu,8,9,2022-11-03,27-349,HOU,,PHI,L 17-29,1.40,2.40,2.4,1.9,26,43.3,0,0.0,3,13.0,TE,HowaO.00
1948,Tanner Hudson,1.40,20,Sun,9,9,2024-11-03,29-357,CIN,,LVR,W 41-24,1.40,3.40,3.4,2.4,20,27.0,0,0.0,26,81.3,TE,HudsTa00
1949,Hayden Hurst,1.40,33,Thu,9,10,2023-11-09,30-077,CAR,@,CHI,L 13-16,1.40,3.40,3.4,2.4,33,55.0,0,0.0,10,35.7,TE,HursHa00
1950,Hayden Hurst,1.40,48,Sun,16,18,2023-01-08,29-137,CIN,,BAL,W 27-16,1.40,5.40,5.4,3.4,48,72.7,0,0.0,5,16.7,TE,HursHa00
1951,Juwan Johnson,1.40,47,Sun,8,8,2022-10-30,26-047,NOR,,LVR,W 24-0,1.40,3.40,3.4,2.4,47,73.4,0,0.0,6,31.6,TE,JohnJu02
1952,Brevin Jordan,1.40,19,Sun,14,15,2023-12-17,23-154,HOU,@,TEN,W 19-16 (OT),1.40,2.40,2.4,1.9,19,24.7,0,0.0,5,16.1,TE,JordBr00
1953,Travis Kelce,1.40,46,Sun,9,9,2023-11-05,34-031,KAN,,MIA,W 21-14,1.40,4.40,4.4,2.9,46,76.7,0,0.0,0,0.0,TE,KelcTr00
1954,Cole Kmet,1.40,62,Mon,14,15,2024-12-16,25-281,CHI,@,MIN,L 12-30,1.40,2.40,2.4,1.9,62,92.5,0,0.0,3,11.1,TE,KmetCo00
1955,Charlie Kolar,1.40,21,Mon,7,7,2024-10-21,25-254,BAL,@,TAM,W 41-31,1.40,2.40,2.4,1.9,21,35.6,0,0.0,25,86.2,TE,KolaCh00
1956,Tyler Kroft,1.40,23,Sun,12,13,2022-12-04,30-050,SFO,,MIA,W 33-17,1.40,2.40,2.4,1.9,23,27.4,0,0.0,15,50.0,TE,KrofTy00
1957,Lucas Krull,1.40,23,Sun,16,17,2023-12-31,25-173,DEN,,LAC,W 16-9,1.40,3.40,3.4,2.4,23,33.3,0,0.0,4,14.3,TE,KrulLu00
1958,Marcedes Lewis,1.40,29,Mon,14,15,2022-12-19,38-214,GNB,,LAR,W 24-12,1.40,2.40,2.4,1.9,29,40.8,0,0.0,4,19.0,TE,LewiMa00
1959,Michael Mayer,1.40,51,Sun,13,14,2023-12-10,22-157,LVR,,MIN,L 0-3,1.40,2.40,2.4,1.9,51,94.4,0,0.0,0,0.0,TE,MayeMi00
1960,Michael Mayer,1.40,58,Sun,16,17,2024-12-29,23-176,LVR,@,NOR,W 25-10,1.40,2.40,2.4,1.9,58,75.3,0,0.0,6,21.4,TE,MayeMi00
1961,Trey McBride,1.40,54,Mon,11,11,2022-11-21,22-364,ARI,,SFO,L 10-38,1.40,5.40,5.4,3.4,54,76.1,0,0.0,6,23.1,TE,McBrTr01
1962,James Mitchell,1.40,5,Sun,7,8,2022-10-30,23-080,DET,,MIA,L 27-31,1.40,2.40,2.4,1.9,5,8.3,0,0.0,11,44.0,TE,MitcJa00
1963,Quintin Morris,1.40,24,Sun,12,13,2024-12-01,25-315,BUF,,SFO,W 35-10,1.40,2.40,2.4,1.9,24,41.4,0,0.0,15,60.0,TE,MorrQu00
1964,David Njoku,1.40,68,Sat,15,16,2022-12-24,26-167,CLE,,NOR,L 10-17,1.40,3.40,3.4,2.4,68,97.1,0,0.0,0,0.0,TE,NjokDa00
1965,David Njoku,1.40,26,Sun,5,5,2024-10-06,28-088,CLE,@,WAS,L 13-34,1.40,2.40,2.4,1.9,26,41.9,0,0.0,0,0.0,TE,NjokDa00
1966,Chigoziem Okonkwo,1.40,29,Sun,9,10,2024-11-10,25-063,TEN,@,LAC,L 17-27,1.40,2.40,2.4,1.9,29,53.7,0,0.0,10,38.5,TE,OkonCh00
1967,Josh Oliver,1.40,35,Sat,14,15,2023-12-16,26-270,MIN,@,CIN,L 24-27 (OT),1.40,3.40,3.4,2.4,35,51.5,0,0.0,9,33.3,TE,OlivJo00
1968,Kyle Pitts,1.40,58,Sun,13,14,2024-12-08,24-063,ATL,@,MIN,L 21-42,1.40,2.40,2.4,1.9,58,78.4,0,0.0,0,0.0,TE,PittKy00
1969,MyCole Pruitt,1.40,14,Sun,16,17,2023-12-31,31-282,ATL,@,CHI,L 17-37,1.40,2.40,2.4,1.9,14,23.7,0,0.0,8,25.0,TE,PruiMy00
1970,Tip Reiman,1.40,23,Sun,13,14,2024-12-08,23-082,ARI,,SEA,L 18-30,1.40,2.40,2.4,1.9,23,32.4,0,0.0,14,48.3,TE,ReimTi00
1971,Jeremy Ruckert,1.40,23,Sun,8,8,2024-10-27,24-077,NYJ,@,NWE,L 22-25,1.40,4.40,4.4,2.9,23,37.1,0,0.0,13,50.0,TE,RuckJe00
1972,Drew Sample,1.40,41,Sat,17,18,2025-01-04,28-263,CIN,@,PIT,W 19-17,1.40,5.40,5.4,3.4,41,55.4,0,0.0,12,46.2,TE,SampDr00
1973,Stone Smartt,1.40,32,Sun,17,18,2024-01-07,25-095,LAC,,KAN,L 12-13,1.40,3.40,3.4,2.4,32,38.6,0,0.0,9,33.3,TE,SmarSt00
1974,Irv Smith Jr.,1.40,32,Sun,17,18,2023-01-08,24-152,MIN,@,CHI,W 29-13,1.40,4.40,4.4,2.9,32,45.1,0,0.0,0,0.0,TE,SmitIr01
1975,Durham Smythe,1.40,38,Sun,1,1,2022-09-11,27-033,MIA,,NWE,W 20-7,1.40,2.40,2.4,1.9,38,63.3,0,0.0,14,73.7,TE,SmytDu00
1976,Jack Stoll,1.40,36,Sun,11,12,2023-11-26,25-302,PHI,,BUF,W 37-34 (OT),1.40,2.40,2.4,1.9,36,54.5,0,0.0,10,27.8,TE,StolJa00
1977,Brenton Strange,1.40,29,Sun,12,13,2024-12-01,23-340,JAX,,HOU,L 20-23,1.40,2.40,2.4,1.9,29,41.4,0,0.0,18,66.7,TE,StraBr00
1978,Stephen Sullivan,1.40,14,Sun,14,15,2023-12-17,27-019,CAR,,ATL,W 9-7,1.40,2.40,2.4,1.9,14,21.2,0,0.0,10,52.6,TE,SullSt00
1979,Robert Tonyan,1.40,31,Sun,15,16,2023-12-24,29-238,CHI,,ARI,W 27-16,1.40,2.40,2.4,1.9,31,44.3,0,0.0,15,51.7,TE,TonyRo00
1980,Darnell Washington,1.40,38,Thu,11,12,2024-11-21,23-096,PIT,@,CLE,L 19-24,1.40,4.40,4.4,2.9,38,55.1,0,0.0,4,20.0,TE,WashDa03
1981,Mitchell Wilcox,1.40,26,Sun,7,7,2022-10-23,25-350,CIN,,ATL,W 35-17,1.40,3.40,3.4,2.4,26,38.2,0,0.0,22,88.0,TE,WilcMi01
1982,Mo Alie-Cox,1.30,34,Sun,9,9,2022-11-06,29-048,IND,@,NWE,L 3-26,1.30,3.30,3.3,2.3,34,54.8,0,0.0,11,33.3,TE,AlieMo00
1983,AJ Barner,1.30,18,Sun,3,3,2024-09-22,22-142,SEA,,MIA,W 24-3,1.30,4.30,4.3,2.8,18,28.1,0,0.0,10,37.0,TE,BarnAJ00
1984,AJ Barner,1.30,15,Sun,5,5,2024-10-06,22-156,SEA,,NYG,L 20-29,1.30,2.30,2.3,1.8,15,25.9,0,0.0,12,40.0,TE,BarnAJ00
1985,AJ Barner,1.30,24,Thu,6,6,2024-10-10,22-160,SEA,,SFO,L 24-36,1.30,2.30,2.3,1.8,24,30.8,0,0.0,12,40.0,TE,BarnAJ00
1986,AJ Barner,1.30,24,Sun,13,14,2024-12-08,22-219,SEA,@,ARI,W 30-18,1.30,2.30,2.3,1.8,24,37.5,0,0.0,15,51.7,TE,BarnAJ00
1987,Daniel Bellinger,1.30,35,Sun,14,15,2023-12-17,23-086,NYG,@,NOR,L 6-24,1.30,3.30,3.3,2.3,35,56.5,0,0.0,8,34.8,TE,BellDa00
1988,Daniel Bellinger,1.30,26,Sun,7,7,2022-10-23,22-031,NYG,@,JAX,W 23-17,1.30,2.30,2.3,1.8,26,33.8,0,0.0,4,18.2,TE,BellDa00
1989,Pharaoh Brown,1.30,28,Sun,9,10,2022-11-13,28-193,CLE,@,MIA,L 17-39,1.30,3.30,3.3,2.3,28,41.8,0,0.0,0,0.0,TE,BrowPh01
1990,Tyler Conklin,1.30,54,Sun,17,18,2023-01-08,27-162,NYJ,@,MIA,L 6-11,1.30,3.30,3.3,2.3,54,96.4,0,0.0,8,36.4,TE,ConkTy00
1991,Will Dissly,1.30,25,Sun,1,1,2024-09-08,28-062,LAC,,LVR,W 22-10,1.30,2.30,2.3,1.8,25,43.9,0,0.0,0,0.0,TE,DissWi00
1992,Will Dissly,1.30,37,Thu,14,15,2022-12-15,26-160,SEA,,SFO,L 13-21,1.30,2.30,2.3,1.8,37,57.8,0,0.0,14,50.0,TE,DissWi00
1993,Payne Durham,1.30,12,Sun,10,11,2023-11-19,23-157,TAM,@,SFO,L 14-27,1.30,3.30,3.3,2.3,12,16.9,0,0.0,9,40.9,TE,DurhPa00
1994,Luke Farrell,1.30,28,Sun,2,2,2024-09-15,26-337,JAX,,CLE,L 13-18,1.30,3.30,3.3,2.3,28,46.7,0,0.0,9,33.3,TE,FarrLu00
1995,Jake Ferguson,1.30,53,Mon,3,3,2022-09-26,23-251,DAL,@,NYG,W 23-16,1.30,3.30,3.3,2.3,53,82.8,0,0.0,0,0.0,TE,FergJa00
1996,Kylen Granson,1.30,35,Sun,16,17,2023-12-31,25-279,IND,,LVR,W 23-20,1.30,2.30,2.3,1.8,35,62.5,0,0.0,10,33.3,TE,GranKy00
1997,Noah Gray,1.30,37,Sun,3,3,2024-09-22,25-145,KAN,@,ATL,W 22-17,1.30,2.30,2.3,1.8,37,50.0,0,0.0,14,58.3,TE,GrayNo00
1998,Noah Gray,1.30,28,Sun,6,6,2022-10-16,23-169,KAN,,BUF,L 20-24,1.30,4.30,4.3,2.8,28,41.8,0,0.0,15,65.2,TE,GrayNo00
1999,Hunter Henry,1.30,49,Sun,4,4,2022-10-02,27-299,NWE,@,GNB,L 24-27 (OT),1.30,3.30,3.3,2.3,49,84.5,0,0.0,3,9.4,TE,HenrHu00
2000,Hunter Henry,1.30,47,Thu,12,13,2022-12-01,27-359,NWE,,BUF,L 10-24,1.30,3.30,3.3,2.3,47,87.0,0,0.0,0,0.0,TE,HenrHu00
2001,Connor Heyward,1.30,11,Sun,13,14,2022-12-11,23-323,PIT,,BAL,L 14-16,1.30,2.30,2.3,1.8,11,20.0,0,0.0,12,57.1,TE,HeywCo00
2002,Elijah Higgins,1.30,19,Sun,8,8,2024-10-27,24-000,ARI,@,MIA,W 28-27,1.30,3.30,3.3,2.3,19,28.8,0,0.0,10,38.5,TE,HiggEl00
2003,Elijah Higgins,1.30,29,Sun,10,10,2024-11-10,24-014,ARI,,NYJ,W 31-6,1.30,3.30,3.3,2.3,29,49.2,0,0.0,4,22.2,TE,HiggEl00
2004,T.J. Hockenson,1.30,35,Sun,10,11,2024-11-17,27-137,MIN,@,TEN,W 23-13,1.30,3.30,3.3,2.3,35,47.9,0,0.0,0,0.0,TE,HockTJ00
2005,Austin Hooper,1.30,49,Mon,15,16,2023-12-25,29-057,LVR,@,KAN,W 20-14,1.30,3.30,3.3,2.3,49,89.1,0,0.0,0,0.0,TE,HoopAu00
2006,Tanner Hudson,1.30,9,Sun,11,11,2024-11-17,30-005,CIN,@,LAC,L 27-34,1.30,3.30,3.3,2.3,9,11.0,0,0.0,31,83.8,TE,HudsTa00
2007,Juwan Johnson,1.30,44,Sun,5,5,2022-10-09,26-026,NOR,,SEA,W 39-32,1.30,2.30,2.3,1.8,44,57.1,0,0.0,19,55.9,TE,JohnJu02
2008,Juwan Johnson,1.30,62,Mon,2,2,2023-09-18,27-005,NOR,@,CAR,W 20-17,1.30,3.30,3.3,2.3,62,80.5,0,0.0,1,3.7,TE,JohnJu02
2009,Juwan Johnson,1.30,50,Sun,4,4,2024-09-29,28-016,NOR,@,ATL,L 24-26,1.30,3.30,3.3,2.3,50,67.6,0,0.0,9,32.1,TE,JohnJu02
2010,Theo Johnson,1.30,58,Sun,3,3,2024-09-22,23-209,NYG,@,CLE,W 21-15,1.30,2.30,2.3,1.8,58,80.6,0,0.0,3,11.5,TE,JohnTh00
2011,Cole Kmet,1.30,56,Sun,9,10,2024-11-10,25-245,CHI,,NWE,L 3-19,1.30,3.30,3.3,2.3,56,93.3,0,0.0,1,3.7,TE,KmetCo00
2012,Charlie Kolar,1.30,12,Thu,11,11,2023-11-16,24-279,BAL,,CIN,W 34-20,1.30,2.30,2.3,1.8,12,18.2,0,0.0,20,62.5,TE,KolaCh00
2013,Sam LaPorta,1.30,75,Sun,2,2,2024-09-15,23-247,DET,,TAM,L 16-20,1.30,3.30,3.3,2.3,75,87.2,0,0.0,0,0.0,TE,LaPoSa01
2014,Michael Mayer,1.30,46,Sun,7,7,2023-10-22,22-108,LVR,@,CHI,L 12-30,1.30,3.30,3.3,2.3,46,70.8,0,0.0,7,30.4,TE,MayeMi00
2015,Foster Moreau,1.30,45,Sun,14,15,2023-12-17,26-225,NOR,,NYG,W 24-6,1.30,4.30,4.3,2.8,45,72.6,0,0.0,9,39.1,TE,MoreFo00
2016,Foster Moreau,1.30,24,Thu,15,16,2023-12-21,26-229,NOR,@,LAR,L 22-30,1.30,2.30,2.3,1.8,24,40.0,0,0.0,4,16.7,TE,MoreFo00
2017,Foster Moreau,1.30,38,Sun,16,17,2023-12-31,26-239,NOR,@,TAM,W 23-13,1.30,2.30,2.3,1.8,38,54.3,0,0.0,13,50.0,TE,MoreFo00
2018,Johnny Mundt,1.30,19,Sun,10,11,2024-11-17,29-360,MIN,@,TEN,W 23-13,1.30,2.30,2.3,1.8,19,26.0,0,0.0,8,30.8,TE,MundJo00
2019,Luke Musgrave,1.30,25,Sun,4,4,2024-09-29,24-027,GNB,,MIN,L 29-31,1.30,4.30,4.3,2.8,25,32.9,0,0.0,6,20.7,TE,MusgLu00
2020,Josh Oliver,1.30,26,Sat,14,15,2022-12-17,25-271,BAL,@,CLE,L 3-13,1.30,3.30,3.3,2.3,26,41.3,0,0.0,4,22.2,TE,OlivJo00
2021,Josh Oliver,1.30,20,Thu,2,2,2023-09-14,26-177,MIN,@,PHI,L 28-34,1.30,3.30,3.3,2.3,20,34.5,0,0.0,10,34.5,TE,OlivJo00
2022,Colby Parkinson,1.30,20,Sun,12,13,2024-12-01,25-328,LAR,@,NOR,W 21-14,1.30,2.30,2.3,1.8,20,35.7,0,0.0,7,33.3,TE,ParkCo02
2023,Armani Rogers,1.30,22,Sun,8,8,2022-10-30,24-330,WAS,@,IND,W 17-16,1.30,2.30,2.3,1.8,22,36.1,0,0.0,14,53.8,TE,RogeAr00
2024,Drew Sample,1.30,49,Mon,13,14,2024-12-09,28-237,CIN,@,DAL,W 27-20,1.30,3.30,3.3,2.3,49,69.0,0,0.0,13,48.1,TE,SampDr00
2025,Ja'Tavion Sanders,1.30,45,Sun,5,5,2024-10-06,21-193,CAR,@,CHI,L 10-36,1.30,4.30,4.3,2.8,45,75.0,0,0.0,9,34.6,TE,SandJa01
2026,Luke Schoonmaker,1.30,25,Sun,7,8,2023-10-29,25-031,DAL,,LAR,W 43-20,1.30,2.30,2.3,1.8,25,38.5,0,0.0,15,50.0,TE,SchoLu00
2027,Dalton Schultz,1.30,47,Sun,14,15,2024-12-15,28-157,HOU,,MIA,W 20-12,1.30,3.30,3.3,2.3,47,94.0,0,0.0,2,8.0,TE,SchuDa00
2028,Jonnu Smith,1.30,48,Sun,8,8,2023-10-29,28-068,ATL,@,TEN,L 23-28,1.30,2.30,2.3,1.8,48,70.6,0,0.0,0,0.0,TE,SmitJo01
2029,Jack Stoll,1.30,23,Thu,8,9,2022-11-03,24-279,PHI,@,HOU,W 29-17,1.30,2.30,2.3,1.8,23,35.4,0,0.0,11,47.8,TE,StolJa00
2030,Stephen Sullivan,1.30,4,Sun,2,2,2022-09-18,25-294,CAR,@,NYG,L 16-19,1.30,2.30,2.3,1.8,4,6.9,0,0.0,16,53.3,TE,SullSt00
2031,Stephen Sullivan,1.30,13,Sun,7,8,2023-10-29,26-335,CAR,,HOU,W 15-13,1.30,2.30,2.3,1.8,13,19.4,0,0.0,21,87.5,TE,SullSt00
2032,Stephen Sullivan,1.30,20,Sun,11,12,2023-11-26,26-363,CAR,@,TEN,L 10-17,1.30,2.30,2.3,1.8,20,27.0,0,0.0,17,70.8,TE,SullSt00
2033,Geoff Swaim,1.30,32,Sun,10,10,2023-11-12,30-057,ARI,,ATL,W 25-23,1.30,3.30,3.3,2.3,32,49.2,0,0.0,8,30.8,TE,SwaiGe00
2034,Ian Thomas,1.30,43,Sun,2,2,2022-09-18,26-104,CAR,@,NYG,L 16-19,1.30,2.30,2.3,1.8,43,74.1,0,0.0,10,33.3,TE,ThomIa00
2035,Ian Thomas,1.30,38,Sun,3,3,2022-09-25,26-111,CAR,,NOR,W 22-14,1.30,3.30,3.3,2.3,38,62.3,0,0.0,12,41.4,TE,ThomIa00
2036,Robert Tonyan,1.30,38,Sun,15,16,2022-12-25,28-239,GNB,@,MIA,W 26-20,1.30,2.30,2.3,1.8,38,57.6,0,0.0,0,0.0,TE,TonyRo00
2037,Adam Trautman,1.30,46,Sun,3,3,2024-09-22,27-230,DEN,@,TAM,W 26-7,1.30,2.30,2.3,1.8,46,67.6,0,0.0,2,9.1,TE,TrauAd00
2038,Tommy Tremble,1.30,37,Sun,8,8,2024-10-27,24-147,CAR,@,DEN,L 14-28,1.30,3.30,3.3,2.3,37,60.7,0,0.0,0,0.0,TE,TremTo00
2039,Josh Whyle,1.30,28,Sun,2,2,2024-09-15,25-007,TEN,,NYJ,L 17-24,1.30,3.30,3.3,2.3,28,42.4,0,0.0,5,19.2,TE,WhylJo01
2040,Mitchell Wilcox,1.30,52,Sun,12,13,2022-12-04,26-027,CIN,,KAN,W 27-24,1.30,2.30,2.3,1.8,52,72.2,0,0.0,11,47.8,TE,WilcMi01
2041,Charlie Woerner,1.30,35,Sun,8,8,2024-10-27,27-011,ATL,@,TAM,W 31-26,1.30,2.30,2.3,1.8,35,56.5,0,0.0,21,77.8,TE,WoerCh00
2042,Brock Wright,1.30,29,Mon,4,4,2024-09-30,25-308,DET,,SEA,W 42-29,1.30,3.30,3.3,2.3,29,54.7,0,0.0,6,20.7,TE,WrigBr01
2043,Brock Wright,1.30,30,Thu,12,13,2024-11-28,26-001,DET,,CHI,W 23-20,1.30,2.30,2.3,1.8,30,42.9,0,0.0,6,25.0,TE,WrigBr01
2044,Jordan Akins,1.20,23,Sun,1,1,2023-09-10,31-144,CLE,,CIN,W 24-3,1.20,2.20,2.2,1.7,23,31.1,0,0.0,0,0.0,TE,AkinJo00
2045,John Bates,1.20,31,Sun,3,3,2023-09-24,25-322,WAS,,BUF,L 3-37,1.20,3.20,3.2,2.2,31,57.4,0,0.0,1,4.5,TE,BateJo00
2046,Cameron Brate,1.20,28,Sun,13,14,2022-12-11,31-161,TAM,@,SFO,L 7-35,1.20,3.20,3.2,2.2,28,36.8,0,0.0,0,0.0,TE,BratCa00
2047,Will Dissly,1.20,44,Sun,6,6,2022-10-16,26-100,SEA,,ARI,W 19-9,1.20,2.20,2.2,1.7,44,64.7,0,0.0,8,30.8,TE,DissWi00
2048,Will Dissly,1.20,50,Sun,8,8,2022-10-30,26-114,SEA,,NYG,W 27-13,1.20,3.20,3.2,2.2,50,78.1,0,0.0,15,50.0,TE,DissWi00
2049,Greg Dulcich,1.20,46,Sun,1,1,2024-09-08,24-166,DEN,@,SEA,L 20-26,1.20,3.20,3.2,2.2,46,66.7,0,0.0,0,0.0,TE,DulcGr00
2050,Payne Durham,1.20,12,Sun,11,12,2023-11-26,23-164,TAM,@,IND,L 20-27,1.20,2.20,2.2,1.7,12,20.0,0,0.0,10,37.0,TE,DurhPa00
2051,Ross Dwelley,1.20,3,Mon,7,7,2023-10-23,28-270,SFO,@,MIN,L 17-22,1.20,2.20,2.2,1.7,3,5.7,0,0.0,12,54.5,TE,DwelRo00
2052,Evan Engram,1.20,49,Sun,9,10,2023-11-12,29-071,JAX,,SFO,L 3-34,1.20,5.20,5.2,3.2,49,86.0,0,0.0,0,0.0,TE,EngrEv00
2053,Zach Ertz,1.20,9,Sun,10,10,2022-11-13,32-003,ARI,@,LAR,W 27-17,1.20,2.20,2.2,1.7,9,13.2,0,0.0,0,0.0,TE,ErtzZa00
2054,Zach Ertz,1.20,48,Sun,15,16,2024-12-22,34-042,WAS,,PHI,W 36-33,1.20,2.20,2.2,1.7,48,70.6,0,0.0,0,0.0,TE,ErtzZa00
2055,Jake Ferguson,1.20,46,Sun,17,18,2025-01-05,25-353,DAL,,WAS,L 19-23,1.20,3.20,3.2,2.2,46,59.0,0,0.0,0,0.0,TE,FergJa00
2056,John FitzPatrick,1.20,10,Sun,17,18,2024-01-07,23-304,ATL,@,NOR,L 17-48,1.20,2.20,2.2,1.7,10,16.4,0,0.0,8,25.0,TE,FitzJo00
2057,Feleipe Franks,1.20,3,Sun,17,18,2025-01-05,27-014,CAR,@,ATL,W 44-38 (OT),1.20,2.20,2.2,1.7,3,4.5,0,0.0,18,58.1,TE,FranFe00
2058,Pat Freiermuth,1.20,37,Sun,5,5,2022-10-09,23-349,PIT,@,BUF,L 3-38,1.20,3.20,3.2,2.2,37,49.3,0,0.0,0,0.0,TE,FreiPa00
2059,Mike Gesicki,1.20,33,Sun,4,4,2023-10-01,27-363,NWE,@,DAL,L 3-38,1.20,2.20,2.2,1.7,33,60.0,0,0.0,0,0.0,TE,GesiMi00
2060,Cam Grandy,1.20,8,Sun,14,15,2024-12-15,24-026,CIN,@,TEN,W 37-27,1.20,3.20,3.2,2.2,8,11.6,0,0.0,4,18.2,TE,GranCa00
2061,Noah Gray,1.20,28,Thu,2,2,2022-09-15,23-138,KAN,,LAC,W 27-24,1.20,3.20,3.2,2.2,28,49.1,0,0.0,16,50.0,TE,GrayNo00
2062,Noah Gray,1.20,33,Sun,16,17,2023-01-01,23-246,KAN,,DEN,W 27-24,1.20,2.20,2.2,1.7,33,55.0,0,0.0,20,69.0,TE,GrayNo00
2063,Hunter Henry,1.20,44,Mon,7,7,2022-10-24,27-321,NWE,,CHI,L 14-33,1.20,2.20,2.2,1.7,44,84.6,0,0.0,0,0.0,TE,HenrHu00
2064,Hunter Henry,1.20,50,Sun,4,4,2024-09-29,29-297,NWE,@,SFO,L 13-30,1.20,3.20,3.2,2.2,50,78.1,0,0.0,0,0.0,TE,HenrHu00
2065,Connor Heyward,1.20,10,Sun,5,5,2022-10-09,23-260,PIT,@,BUF,L 3-38,1.20,3.20,3.2,2.2,10,13.3,0,0.0,15,60.0,TE,HeywCo00
2066,Tyler Higbee,1.20,74,Sun,2,2,2023-09-17,30-259,LAR,,SFO,L 23-30,1.20,4.20,4.2,2.7,74,92.5,0,0.0,0,0.0,TE,HigbTy00
2067,Elijah Higgins,1.20,25,Sun,1,1,2024-09-08,23-317,ARI,@,BUF,L 28-34,1.20,3.20,3.2,2.2,25,41.0,0,0.0,10,37.0,TE,HiggEl00
2068,Elijah Higgins,1.20,40,Sun,4,4,2024-09-29,23-338,ARI,,WAS,L 14-42,1.20,3.20,3.2,2.2,40,67.8,0,0.0,4,17.4,TE,HiggEl00
2069,Brycen Hopkins,1.20,22,Sun,11,12,2022-11-27,25-245,LAR,@,KAN,L 10-26,1.20,2.20,2.2,1.7,22,40.7,0,0.0,1,4.2,TE,HopkBr01
2070,Hayden Hurst,1.20,9,Sun,12,13,2022-12-04,29-102,CIN,,KAN,W 27-24,1.20,3.20,3.2,2.2,9,12.5,0,0.0,1,4.3,TE,HursHa00
2071,Juwan Johnson,1.20,43,Sun,3,3,2023-09-24,27-011,NOR,@,GNB,L 17-18,1.20,3.20,3.2,2.2,43,70.5,0,0.0,4,16.0,TE,JohnJu02
2072,Juwan Johnson,1.20,40,Sun,14,15,2024-12-15,28-093,NOR,,WAS,L 19-20,1.20,3.20,3.2,2.2,40,72.7,0,0.0,0,0.0,TE,JohnJu02
2073,Ko Kieft,1.20,15,Mon,12,13,2022-12-05,24-319,TAM,,NOR,W 17-16,1.20,2.20,2.2,1.7,15,18.8,0,0.0,14,51.9,TE,KiefKo00
2074,Dawson Knox,1.20,29,Sun,4,4,2023-10-01,26-321,BUF,,MIA,W 48-20,1.20,2.20,2.2,1.7,29,50.0,0,0.0,0,0.0,TE,KnoxDa00
2075,Chris Manhertz,1.20,25,Sun,16,17,2024-12-29,32-263,NYG,,IND,W 45-33,1.20,2.20,2.2,1.7,25,44.6,0,0.0,17,53.1,TE,ManhCh00
2076,James Mitchell,1.20,16,Sun,14,15,2022-12-18,23-129,DET,@,NYJ,W 20-17,1.20,3.20,3.2,2.2,16,23.5,0,0.0,8,28.6,TE,MitcJa00
2077,Johnny Mundt,1.20,24,Sun,12,13,2022-12-04,28-011,MIN,,NYJ,W 27-22,1.20,2.20,2.2,1.7,24,35.3,0,0.0,0,0.0,TE,MundJo00
2078,Johnny Mundt,1.20,38,Sun,2,2,2024-09-15,29-297,MIN,,SFO,W 23-17,1.20,3.20,3.2,2.2,38,70.4,0,0.0,1,4.3,TE,MundJo00
2079,Andrew Ogletree,1.20,14,Sun,2,2,2024-09-15,26-049,IND,@,GNB,L 10-16,1.20,2.20,2.2,1.7,14,25.0,0,0.0,12,54.5,TE,OgleAn00
2080,Albert Okwuegbunam,1.20,24,Sun,3,3,2022-09-25,24-153,DEN,,SFO,W 11-10,1.20,2.20,2.2,1.7,24,32.4,0,0.0,0,0.0,TE,OkwuAl00
2081,Cade Otton,1.20,68,Sun,15,16,2022-12-25,23-254,TAM,@,ARI,W 19-16 (OT),1.20,3.20,3.2,2.2,68,84.0,0,0.0,5,15.2,TE,OttoCa00
2082,Donald Parham,1.20,38,Sun,12,13,2023-12-03,26-109,LAC,@,NWE,W 6-0,1.20,3.20,3.2,2.2,38,62.3,0,0.0,0,0.0,TE,ParhDo00
2083,Colby Parkinson,1.20,42,Sun,2,2,2024-09-15,25-251,LAR,@,ARI,L 10-41,1.20,2.20,2.2,1.7,42,80.8,0,0.0,0,0.0,TE,ParkCo02
2084,Colby Parkinson,1.20,24,Sun,12,13,2022-12-04,23-330,SEA,@,LAR,W 27-23,1.20,2.20,2.2,1.7,24,35.8,0,0.0,11,40.7,TE,ParkCo02
2085,Jeremy Ruckert,1.20,28,Sun,12,13,2023-12-03,23-114,NYJ,,ATL,L 8-13,1.20,2.20,2.2,1.7,28,41.2,0,0.0,13,46.4,TE,RuckJe00
2086,Jeremy Ruckert,1.20,39,Sun,14,15,2024-12-15,24-126,NYJ,@,JAX,W 32-25,1.20,2.20,2.2,1.7,39,67.2,0,0.0,15,53.6,TE,RuckJe00
2087,Jeremy Ruckert,1.20,20,Sun,15,16,2024-12-22,24-133,NYJ,,LAR,L 9-19,1.20,3.20,3.2,2.2,20,29.0,0,0.0,8,50.0,TE,RuckJe00
2088,Kyle Rudolph,1.20,9,Sun,3,3,2022-09-25,32-320,TAM,,GNB,L 12-14,1.20,2.20,2.2,1.7,9,13.8,0,0.0,0,0.0,TE,RudoKy00
2089,Drew Sample,1.20,23,Sun,9,10,2023-11-12,27-210,CIN,,HOU,L 27-30,1.20,3.20,3.2,2.2,23,35.9,0,0.0,11,34.4,TE,SampDr00
2090,Drew Sample,1.20,49,Sun,15,16,2024-12-22,28-250,CIN,,CLE,W 24-6,1.20,2.20,2.2,1.7,49,87.5,0,0.0,12,57.1,TE,SampDr00
2091,Eric Saubert,1.20,15,Sun,9,10,2022-11-13,28-196,DEN,@,TEN,L 10-17,1.20,2.20,2.2,1.7,15,18.8,0,0.0,25,86.2,TE,SaubEr00
2092,Luke Schoonmaker,1.20,22,Thu,11,12,2023-11-23,25-056,DAL,,WAS,W 45-10,1.20,2.20,2.2,1.7,22,40.7,0,0.0,12,48.0,TE,SchoLu00
2093,Luke Schoonmaker,1.20,25,Thu,12,13,2023-11-30,25-063,DAL,,SEA,W 41-35,1.20,2.20,2.2,1.7,25,28.1,0,0.0,13,46.4,TE,SchoLu00
2094,Ben Sims,1.20,9,Mon,5,5,2023-10-09,23-146,GNB,@,LVR,L 13-17,1.20,2.20,2.2,1.7,9,15.5,0,0.0,4,16.7,TE,SimsBe00
2095,Ben Sinnott,1.20,24,Sun,9,9,2024-11-03,22-142,WAS,@,NYG,W 27-22,1.20,2.20,2.2,1.7,24,38.7,0,0.0,8,36.4,TE,SinnBe00
2096,Ian Thomas,1.20,43,Sat,15,16,2022-12-24,26-201,CAR,,DET,W 37-23,1.20,2.20,2.2,1.7,43,63.2,0,0.0,12,41.4,TE,ThomIa00
2097,Logan Thomas,1.20,61,Mon,10,10,2022-11-14,31-136,WAS,@,PHI,W 32-21,1.20,3.20,3.2,2.2,61,73.5,0,0.0,0,0.0,TE,ThomLo00
2098,Adam Trautman,1.20,40,Sun,11,11,2022-11-20,25-288,NOR,,LAR,W 27-20,1.20,4.20,4.2,2.7,40,70.2,0,0.0,12,38.7,TE,TrauAd00
2099,Tommy Tremble,1.20,32,Sun,8,9,2023-11-05,23-156,CAR,,IND,L 13-27,1.20,3.20,3.2,2.2,32,45.1,0,0.0,13,46.4,TE,TremTo00
2100,C.J. Uzomah,1.20,41,Sun,5,5,2022-10-09,29-268,NYJ,,MIA,W 40-17,1.20,3.20,3.2,2.2,41,69.5,0,0.0,15,51.7,TE,UzomC.00
2101,C.J. Uzomah,1.20,29,Sun,5,5,2023-10-08,30-267,NYJ,@,DEN,W 31-21,1.20,3.20,3.2,2.2,29,44.6,0,0.0,16,50.0,TE,UzomC.00
2102,Darnell Washington,1.20,30,Thu,13,14,2023-12-07,22-112,PIT,,NWE,L 18-21,1.20,2.20,2.2,1.7,30,42.9,0,0.0,6,21.4,TE,WashDa03
2103,Josh Whyle,1.20,12,Sun,8,9,2024-11-03,25-056,TEN,,NWE,W 20-17 (OT),1.20,2.20,2.2,1.7,12,15.6,0,0.0,5,19.2,TE,WhylJo01
2104,Mitchell Wilcox,1.20,12,Mon,12,13,2023-12-04,27-027,CIN,@,JAX,W 34-31 (OT),1.20,2.20,2.2,1.7,12,16.4,0,0.0,24,75.0,TE,WilcMi01
2105,Kenny Yeboah,1.20,4,Thu,9,9,2024-10-31,26-001,NYJ,,HOU,W 21-13,1.20,2.20,2.2,1.7,4,6.9,0,0.0,20,76.9,TE,YeboKe00
2106,Taysom Hill,1.12,17,Mon,9,9,2022-11-07,32-076,NOR,,BAL,L 13-27,1.12,1.12,1.1,1.1,17,33.3,0,0.0,9,34.6,TE/QB,HillTa00
2107,Nate Adkins,1.10,6,Sun,3,3,2023-09-24,24-077,DEN,@,MIA,L 20-70,1.10,2.10,2.1,1.6,6,9.7,0,0.0,12,33.3,TE,AdkiNa00
2108,Jordan Akins,1.10,19,Sun,8,9,2023-11-05,31-200,CLE,,ARI,W 27-0,1.10,2.10,2.1,1.6,19,26.0,0,0.0,7,25.0,TE,AkinJo00
2109,Mo Alie-Cox,1.10,23,Sun,8,8,2023-10-29,30-040,IND,,NOR,L 27-38,1.10,2.10,2.1,1.6,23,32.4,0,0.0,11,32.4,TE,AlieMo00
2110,Daniel Bellinger,1.10,7,Sun,7,7,2024-10-20,24-028,NYG,,PHI,L 3-28,1.10,2.10,2.1,1.6,7,12.1,0,0.0,14,43.8,TE,BellDa00
2111,Pharaoh Brown,1.10,40,Sun,12,13,2022-12-04,28-214,CLE,@,HOU,W 27-14,1.10,2.10,2.1,1.6,40,63.5,0,0.0,0,0.0,TE,BrowPh01
2112,Grant Calcaterra,1.10,36,Fri,1,1,2024-09-06,25-277,PHI,,GNB,W 34-29,1.10,2.10,2.1,1.6,36,47.4,0,0.0,8,25.8,TE,CalcGr00
2113,Greg Dulcich,1.10,71,Sun,9,10,2022-11-13,22-232,DEN,@,TEN,L 10-17,1.10,2.10,2.1,1.6,71,88.8,0,0.0,0,0.0,TE,DulcGr00
2114,Greg Dulcich,1.10,52,Sun,11,12,2022-11-27,22-246,DEN,@,CAR,L 10-23,1.10,3.10,3.1,2.1,52,86.7,0,0.0,0,0.0,TE,DulcGr00
2115,Greg Dulcich,1.10,47,Sun,14,15,2022-12-18,22-267,DEN,,ARI,W 24-15,1.10,2.10,2.1,1.6,47,68.1,0,0.0,0,0.0,TE,DulcGr00
2116,Ross Dwelley,1.10,19,Sun,1,1,2022-09-11,27-228,SFO,@,CHI,L 10-19,1.10,2.10,2.1,1.6,19,27.9,0,0.0,19,79.2,TE,DwelRo00
2117,Noah Fant,1.10,26,Sun,2,2,2022-09-18,24-302,SEA,@,SFO,L 7-27,1.10,3.10,3.1,2.1,26,53.1,0,0.0,0,0.0,TE,FantNo00
2118,Noah Fant,1.10,50,Sun,1,1,2024-09-08,26-293,SEA,,DEN,W 26-20,1.10,3.10,3.1,2.1,50,74.6,0,0.0,0,0.0,TE,FantNo00
2119,Luke Farrell,1.10,7,Sun,6,6,2022-10-16,25-002,JAX,@,IND,L 27-34,1.10,2.10,2.1,1.6,7,11.1,0,0.0,10,40.0,TE,FarrLu00
2120,Luke Farrell,1.10,3,Sat,17,18,2023-01-07,25-085,JAX,,TEN,W 20-16,1.10,2.10,2.1,1.6,3,6.1,0,0.0,8,33.3,TE,FarrLu00
2121,Jake Ferguson,1.10,42,Sun,1,1,2023-09-10,24-235,DAL,@,NYG,W 40-0,1.10,3.10,3.1,2.1,42,72.4,0,0.0,0,0.0,TE,FergJa00
2122,Jake Ferguson,1.10,46,Sun,6,6,2024-10-13,25-269,DAL,,DET,L 9-47,1.10,4.10,4.1,2.6,46,66.7,0,0.0,0,0.0,TE,FergJa00
2123,Jake Ferguson,1.10,7,Mon,10,11,2024-11-18,25-305,DAL,,HOU,L 10-34,1.10,2.10,2.1,1.6,7,8.4,0,0.0,0,0.0,TE,FergJa00
2124,Mike Gesicki,1.10,15,Sun,8,8,2023-10-29,28-026,NWE,@,MIA,L 17-31,1.10,3.10,3.1,2.1,15,28.3,0,0.0,0,0.0,TE,GesiMi00
2125,Kylen Granson,1.10,32,Sun,8,8,2022-10-30,24-217,IND,,WAS,L 16-17,1.10,4.10,4.1,2.6,32,55.2,0,0.0,14,53.8,TE,GranKy00
2126,Peyton Hendershot,1.10,6,Sun,10,11,2024-11-17,25-208,KAN,@,BUF,L 21-30,1.10,2.10,2.1,1.6,6,10.9,0,0.0,13,54.2,TE,HendPe01
2127,Connor Heyward,1.10,24,Sun,11,12,2023-11-26,24-308,PIT,@,CIN,W 16-10,1.10,3.10,3.1,2.1,24,33.8,0,0.0,13,54.2,TE,HeywCo00
2128,Tyler Higbee,1.10,61,Thu,13,14,2022-12-08,29-341,LAR,,LVR,W 17-16,1.10,3.10,3.1,2.1,61,95.3,0,0.0,0,0.0,TE,HigbTy00
2129,Tyler Higbee,1.10,44,Sun,16,17,2023-01-01,30-000,LAR,@,LAC,L 10-31,1.10,4.10,4.1,2.6,44,89.8,0,0.0,0,0.0,TE,HigbTy00
2130,Elijah Higgins,1.10,19,Sun,3,3,2024-09-22,23-331,ARI,,DET,L 13-20,1.10,2.10,2.1,1.6,19,32.2,0,0.0,13,56.5,TE,HiggEl00
2131,Julian Hill,1.10,21,Sun,7,8,2024-10-27,24-110,MIA,,ARI,L 27-28,1.10,4.10,4.1,2.6,21,32.3,0,0.0,4,15.4,TE,HillJu02
2132,Dallin Holker,1.10,14,Sun,17,18,2025-01-05,24-273,NOR,@,TAM,L 19-27,1.10,3.10,3.1,2.1,14,21.2,0,0.0,6,21.4,TE,HolkDa00
2133,Austin Hooper,1.10,37,Sun,4,4,2023-10-01,28-337,LVR,@,LAC,L 17-24,1.10,2.10,2.1,1.6,37,50.7,0,0.0,0,0.0,TE,HoopAu00
2134,Austin Hooper,1.10,36,Mon,5,5,2023-10-09,28-345,LVR,,GNB,W 17-13,1.10,3.10,3.1,2.1,36,56.3,0,0.0,0,0.0,TE,HoopAu00
2135,Brycen Hopkins,1.10,13,Sun,9,10,2022-11-13,25-231,LAR,,ARI,L 17-27,1.10,2.10,2.1,1.6,13,21.7,0,0.0,8,28.6,TE,HopkBr01
2136,Tanner Hudson,1.10,30,Sun,17,18,2024-01-07,29-056,CIN,,CLE,W 31-14,1.10,3.10,3.1,2.1,30,46.9,0,0.0,1,3.4,TE,HudsTa00
2137,Tanner Hudson,1.10,4,Sat,17,18,2025-01-04,30-053,CIN,@,PIT,W 19-17,1.10,2.10,2.1,1.6,4,5.4,0,0.0,23,88.5,TE,HudsTa00
2138,Hayden Hurst,1.10,48,Sun,3,3,2023-09-24,30-031,CAR,@,SEA,L 27-37,1.10,2.10,2.1,1.6,48,60.8,0,0.0,1,2.9,TE,HursHa00
2139,Brevin Jordan,1.10,12,Sun,6,6,2023-10-15,23-091,HOU,,NOR,W 20-13,1.10,2.10,2.1,1.6,12,19.0,0,0.0,6,23.1,TE,JordBr00
2140,Ko Kieft,1.10,5,Sun,13,14,2022-12-11,24-325,TAM,@,SFO,L 7-35,1.10,2.10,2.1,1.6,5,6.6,0,0.0,11,52.4,TE,KiefKo00
2141,Dalton Kincaid,1.10,52,Sun,1,1,2024-09-08,24-326,BUF,,ARI,W 34-28,1.10,2.10,2.1,1.6,52,83.9,0,0.0,0,0.0,TE,KincDa00
2142,Dawson Knox,1.10,41,Sun,3,3,2023-09-24,26-314,BUF,@,WAS,W 37-3,1.10,2.10,2.1,1.6,41,60.3,0,0.0,0,0.0,TE,KnoxDa00
2143,Lucas Krull,1.10,33,Sun,6,6,2024-10-13,26-094,DEN,,LAC,L 16-23,1.10,3.10,3.1,2.1,33,60.0,0,0.0,7,25.9,TE,KrulLu00
2144,Michael Mayer,1.10,53,Sun,9,9,2023-11-05,22-122,LVR,,NYG,W 30-6,1.10,3.10,3.1,2.1,53,88.3,0,0.0,6,25.0,TE,MayeMi00
2145,Michael Mayer,1.10,39,Sun,2,2,2024-09-15,23-071,LVR,@,BAL,W 26-23,1.10,2.10,2.1,1.6,39,61.9,0,0.0,0,0.0,TE,MayeMi00
2146,Michael Mayer,1.10,34,Sun,11,12,2024-11-24,23-141,LVR,,DEN,L 19-29,1.10,3.10,3.1,2.1,34,44.2,0,0.0,10,29.4,TE,MayeMi00
2147,Michael Mayer,1.10,47,Mon,14,15,2024-12-16,23-163,LVR,,ATL,L 9-15,1.10,2.10,2.1,1.6,47,70.1,0,0.0,2,8.0,TE,MayeMi00
2148,Quintin Morris,1.10,29,Sun,11,11,2023-11-19,24-302,BUF,,NYJ,W 32-6,1.10,2.10,2.1,1.6,29,38.2,0,0.0,27,100.0,TE,MorrQu00
2149,Johnny Mundt,1.10,10,Sun,5,5,2023-10-08,28-319,MIN,,KAN,L 20-27,1.10,2.10,2.1,1.6,10,13.9,0,0.0,11,45.8,TE,MundJo00
2150,Luke Musgrave,1.10,9,Sun,17,18,2024-01-07,23-127,GNB,,CHI,W 17-9,1.10,2.10,2.1,1.6,9,15.0,0,0.0,0,0.0,TE,MusgLu00
2151,Andrew Ogletree,1.10,28,Sun,3,3,2023-09-24,25-058,IND,@,BAL,W 22-19 (OT),1.10,2.10,2.1,1.6,28,33.3,0,0.0,18,50.0,TE,OgleAn00
2152,Donald Parham,1.10,15,Sun,13,14,2023-12-10,26-116,LAC,,DEN,L 7-24,1.10,2.10,2.1,1.6,15,22.1,0,0.0,0,0.0,TE,ParhDo00
2153,Colby Parkinson,1.10,37,Sun,13,14,2024-12-08,25-335,LAR,,BUF,W 44-42,1.10,2.10,2.1,1.6,37,48.1,0,0.0,9,27.3,TE,ParkCo02
2154,Colby Parkinson,1.10,24,Sun,6,6,2022-10-16,23-281,SEA,,ARI,W 19-9,1.10,3.10,3.1,2.1,24,35.3,0,0.0,10,38.5,TE,ParkCo02
2155,Kyle Pitts,1.10,31,Sun,9,9,2024-11-03,24-028,ATL,,DAL,W 27-21,1.10,2.10,2.1,1.6,31,54.4,0,0.0,1,3.8,TE,PittKy00
2156,Teagan Quitoriano,1.10,22,Sun,1,1,2023-09-10,23-179,HOU,@,BAL,L 9-25,1.10,2.10,2.1,1.6,22,28.6,0,0.0,5,20.0,TE,QuitTe00
2157,Drew Sample,1.10,42,Mon,12,13,2023-12-04,27-232,CIN,@,JAX,W 34-31 (OT),1.10,2.10,2.1,1.6,42,57.5,0,0.0,14,43.8,TE,SampDr00
2158,Dalton Schultz,1.10,64,Sun,3,3,2024-09-22,28-073,HOU,@,MIN,L 7-34,1.10,3.10,3.1,2.1,64,95.5,0,0.0,0,0.0,TE,SchuDa00
2159,Jack Stoll,1.10,11,Mon,9,10,2022-11-14,24-290,PHI,,WAS,L 21-32,1.10,2.10,2.1,1.6,11,22.0,0,0.0,13,50.0,TE,StolJa00
2160,Jack Stoll,1.10,38,Sun,17,18,2024-01-07,25-344,PHI,@,NYG,L 10-27,1.10,2.10,2.1,1.6,38,58.5,0,0.0,12,46.2,TE,StolJa00
2161,Brenton Strange,1.10,23,Sun,6,6,2024-10-13,23-291,JAX,@,CHI,L 16-35,1.10,2.10,2.1,1.6,23,37.1,0,0.0,8,33.3,TE,StraBr00
2162,Ian Thomas,1.10,46,Sun,13,14,2022-12-11,26-188,CAR,@,SEA,W 30-24,1.10,3.10,3.1,2.1,46,63.9,0,0.0,11,39.3,TE,ThomIa00
2163,Eric Tomlinson,1.10,23,Sun,13,14,2022-12-11,30-233,DEN,,KAN,L 28-34,1.10,3.10,3.1,2.1,23,31.9,0,0.0,11,34.4,TE,TomlEr01
2164,Robert Tonyan,1.10,16,Sun,6,6,2023-10-15,29-168,CHI,,MIN,L 13-19,1.10,2.10,2.1,1.6,16,24.2,0,0.0,12,46.2,TE,TonyRo00
2165,Robert Tonyan,1.10,15,Sun,9,9,2023-11-05,29-189,CHI,@,NOR,L 17-24,1.10,2.10,2.1,1.6,15,22.1,0,0.0,11,45.8,TE,TonyRo00
2166,Robert Tonyan,1.10,27,Sun,2,2,2022-09-18,28-141,GNB,,CHI,W 27-10,1.10,3.10,3.1,2.1,27,39.7,0,0.0,0,0.0,TE,TonyRo00
2167,Tommy Tremble,1.10,44,Sun,17,18,2024-01-07,23-219,CAR,,TAM,L 0-9,1.10,3.10,3.1,2.1,44,84.6,0,0.0,3,15.0,TE,TremTo00
2168,C.J. Uzomah,1.10,28,Mon,8,9,2023-11-06,30-296,NYJ,,LAC,L 6-27,1.10,3.10,3.1,2.1,28,34.6,0,0.0,14,46.7,TE,UzomC.00
2169,Nick Vannett,1.10,16,Sun,1,1,2024-09-08,31-186,TEN,@,CHI,L 17-24,1.10,3.10,3.1,2.1,16,25.0,0,0.0,9,31.0,TE,VannNi00
2170,Josh Whyle,1.10,2,Sun,6,6,2023-10-15,24-037,TEN,,BAL,L 16-24,1.10,2.10,2.1,1.6,2,3.6,0,0.0,1,3.2,TE,WhylJo01
2171,Josh Whyle,1.10,20,Sun,11,12,2023-11-26,24-079,TEN,,CAR,W 17-10,1.10,2.10,2.1,1.6,20,37.7,0,0.0,11,45.8,TE,WhylJo01
2172,Maxx Williams,1.10,13,Sun,14,15,2022-12-18,28-250,ARI,@,DEN,L 15-24,1.10,3.10,3.1,2.1,13,20.0,0,0.0,8,28.6,TE,WillMa04
2173,Charlie Woerner,1.10,35,Sun,13,14,2024-12-08,27-053,ATL,@,MIN,L 21-42,1.10,2.10,2.1,1.6,35,47.3,0,0.0,17,63.0,TE,WoerCh00
2174,Brock Wright,1.10,27,Sat,15,16,2022-12-24,24-027,DET,@,CAR,L 23-37,1.10,2.10,2.1,1.6,27,40.9,0,0.0,10,34.5,TE,WrigBr01
2175,Jordan Akins,1.00,35,Sun,2,2,2024-09-15,32-149,CLE,@,JAX,W 18-13,1.00,2.00,2.0,1.5,35,48.6,0,0.0,9,33.3,TE,AkinJo00
2176,Jordan Akins,1.00,28,Sun,4,4,2024-09-29,32-163,CLE,@,LVR,L 16-20,1.00,2.00,2.0,1.5,28,47.5,0,0.0,8,30.8,TE,AkinJo00
2177,Erick All,1.00,35,Sun,5,5,2024-10-06,24-023,CIN,,BAL,L 38-41 (OT),1.00,3.00,3.0,2.0,35,52.2,0,0.0,13,37.1,TE,AllxEr00
2178,Erick All,1.00,23,Sun,6,6,2024-10-13,24-030,CIN,@,NYG,W 17-7,1.00,3.00,3.0,2.0,23,43.4,0,0.0,5,22.7,TE,AllxEr00
2179,Andrew Beck,1.00,13,Sun,16,17,2023-01-01,26-231,DEN,@,KAN,L 24-27,1.00,3.00,3.0,2.0,13,18.6,0,0.0,15,51.7,TE,BeckAn01
2180,Grant Calcaterra,1.00,23,Sun,17,18,2025-01-05,26-032,PHI,,NYG,W 20-13,1.00,3.00,3.0,2.0,23,33.8,0,0.0,3,12.5,TE,CalcGr00
2181,Tyler Conklin,1.00,53,Sun,2,2,2024-09-15,29-047,NYJ,@,TEN,W 24-17,1.00,2.00,2.0,1.5,53,93.0,0,0.0,4,15.4,TE,ConkTy00
2182,Tyler Conklin,1.00,46,Mon,6,6,2024-10-14,29-076,NYJ,,BUF,L 20-23,1.00,3.00,3.0,2.0,46,73.0,0,0.0,0,0.0,TE,ConkTy00
2183,Zach Ertz,1.00,38,Sun,5,5,2024-10-06,33-331,WAS,,CLE,W 34-13,1.00,3.00,3.0,2.0,38,56.7,0,0.0,0,0.0,TE,ErtzZa00
2184,Luke Farrell,1.00,26,Sun,4,4,2023-10-01,25-352,JAX,,ATL,W 23-7,1.00,3.00,3.0,2.0,26,39.4,0,0.0,5,22.7,TE,FarrLu00
2185,Tucker Fisk,1.00,28,Thu,15,16,2024-12-19,25-335,LAC,,DEN,W 34-27,1.00,2.00,2.0,1.5,28,43.1,0,0.0,9,31.0,TE,FiskTu00
2186,Noah Gray,1.00,36,Sat,15,16,2024-12-21,25-235,KAN,,HOU,W 27-19,1.00,2.00,2.0,1.5,36,48.6,0,0.0,13,54.2,TE,GrayNo00
2187,Noah Gray,1.00,37,Sun,1,1,2022-09-11,23-134,KAN,@,ARI,W 44-21,1.00,2.00,2.0,1.5,37,52.9,0,0.0,16,59.3,TE,GrayNo00
2188,Noah Gray,1.00,37,Sun,7,7,2022-10-23,23-176,KAN,@,SFO,W 44-23,1.00,2.00,2.0,1.5,37,57.8,0,0.0,16,57.1,TE,GrayNo00
2189,Dallin Holker,1.00,6,Sun,13,14,2024-12-08,24-245,NOR,@,NYG,W 14-11,1.00,2.00,2.0,1.5,6,8.8,0,0.0,0,0.0,TE,HolkDa00
2190,Austin Hooper,1.00,29,Sun,9,9,2023-11-05,29-007,LVR,,NYG,W 30-6,1.00,2.00,2.0,1.5,29,48.3,0,0.0,0,0.0,TE,HoopAu00
2191,Tanner Hudson,1.00,14,Thu,11,12,2022-11-24,28-012,NYG,@,DAL,L 20-28,1.00,2.00,2.0,1.5,14,21.9,0,0.0,5,21.7,TE,HudsTa00
2192,Juwan Johnson,1.00,21,Sun,13,14,2023-12-10,27-088,NOR,,CAR,W 28-6,1.00,3.00,3.0,2.0,21,40.4,0,0.0,0,0.0,TE,JohnJu02
2193,Isaiah Likely,1.00,7,Sun,8,8,2023-10-29,23-194,BAL,@,ARI,W 31-24,1.00,2.00,2.0,1.5,7,10.8,0,0.0,10,35.7,TE,LikeIs00
2194,Will Mallory,1.00,12,Sun,10,10,2024-11-10,25-141,IND,,BUF,L 20-30,1.00,2.00,2.0,1.5,12,18.8,0,0.0,6,24.0,TE,MallWi00
2195,Chris Manhertz,1.00,21,Sun,4,4,2023-10-01,31-174,DEN,@,CHI,W 31-28,1.00,2.00,2.0,1.5,21,43.8,0,0.0,5,19.2,TE,ManhCh00
2196,Sean McKeon,1.00,9,Sun,6,6,2022-10-16,24-292,DAL,@,PHI,L 17-26,1.00,2.00,2.0,1.5,9,13.4,0,0.0,7,29.2,TE,McKeSe01
2197,Tre' McKitty,1.00,31,Mon,15,16,2022-12-26,23-348,LAC,@,IND,W 20-3,1.00,2.00,2.0,1.5,31,45.6,0,0.0,4,22.2,TE,McKiTr00
2198,Foster Moreau,1.00,28,Sat,17,18,2023-01-07,25-246,LVR,,KAN,L 13-31,1.00,2.00,2.0,1.5,28,40.0,0,0.0,10,43.5,TE,MoreFo00
2199,Johnny Mundt,1.00,31,Thu,7,8,2024-10-24,29-336,MIN,@,LAR,L 20-30,1.00,2.00,2.0,1.5,31,62.0,0,0.0,9,36.0,TE,MundJo00
2200,Chigoziem Okonkwo,1.00,28,Sat,15,16,2022-12-24,23-107,TEN,,HOU,L 14-19,1.00,2.00,2.0,1.5,28,45.9,0,0.0,7,29.2,TE,OkonCh00
2201,Cade Otton,1.00,62,Sun,9,10,2023-11-12,24-211,TAM,,TEN,W 20-6,1.00,3.00,3.0,2.0,62,95.4,0,0.0,0,0.0,TE,OttoCa00
2202,Cade Otton,1.00,53,Sun,16,17,2023-12-31,24-260,TAM,,NOR,L 13-23,1.00,3.00,3.0,2.0,53,94.6,0,0.0,1,3.8,TE,OttoCa00
2203,Colby Parkinson,1.00,19,Sun,11,12,2024-11-24,25-321,LAR,,PHI,L 20-37,1.00,2.00,2.0,1.5,19,29.7,0,0.0,8,28.6,TE,ParkCo02
2204,Colby Parkinson,1.00,17,Sun,13,14,2022-12-11,23-337,SEA,,CAR,L 24-30,1.00,2.00,2.0,1.5,17,31.5,0,0.0,11,39.3,TE,ParkCo02
2205,MyCole Pruitt,1.00,15,Mon,8,8,2024-10-28,32-218,PIT,,NYG,W 26-18,1.00,2.00,2.0,1.5,15,22.7,0,0.0,0,0.0,TE,PruiMy00
2206,MyCole Pruitt,1.00,18,Sun,3,3,2023-09-24,31-184,ATL,@,DET,L 6-20,1.00,2.00,2.0,1.5,18,26.9,0,0.0,8,29.6,TE,PruiMy00
2207,Jeremy Ruckert,1.00,24,Sun,4,4,2024-09-29,24-049,NYJ,,DEN,L 9-10,1.00,3.00,3.0,2.0,24,32.4,0,0.0,14,50.0,TE,RuckJe00
2208,Stone Smartt,1.00,10,Sun,5,6,2024-10-13,26-009,LAC,@,DEN,W 23-16,1.00,2.00,2.0,1.5,10,12.8,0,0.0,8,29.6,TE,SmarSt00
2209,Irv Smith Jr.,1.00,46,Sun,2,2,2023-09-17,25-039,CIN,,BAL,L 24-27,1.00,3.00,3.0,2.0,46,76.7,0,0.0,0,0.0,TE,SmitIr01
2210,Jonnu Smith,1.00,27,Sun,12,13,2023-12-03,28-103,ATL,@,NYJ,W 13-8,1.00,3.00,3.0,2.0,27,39.7,0,0.0,0,0.0,TE,SmitJo01
2211,Jonnu Smith,1.00,50,Sun,8,8,2022-10-30,27-069,NWE,@,NYJ,W 22-17,1.00,4.00,4.0,2.5,50,64.1,0,0.0,4,14.3,TE,SmitJo01
2212,Durham Smythe,1.00,54,Fri,11,12,2023-11-24,28-107,MIA,@,NYJ,W 34-13,1.00,2.00,2.0,1.5,54,77.1,0,0.0,0,0.0,TE,SmytDu00
2213,Geoff Swaim,1.00,34,Sun,13,13,2023-12-03,30-078,ARI,@,PIT,W 24-10,1.00,3.00,3.0,2.0,34,50.0,0,0.0,12,50.0,TE,SwaiGe00
2214,Robert Tonyan,1.00,21,Thu,5,5,2023-10-05,29-158,CHI,@,WAS,W 40-20,1.00,3.00,3.0,2.0,21,32.8,0,0.0,16,53.3,TE,TonyRo00
2215,Robert Tonyan,1.00,34,Sun,13,13,2022-12-04,28-218,GNB,@,CHI,W 28-19,1.00,2.00,2.0,1.5,34,51.5,0,0.0,0,0.0,TE,TonyRo00
2216,Darnell Washington,1.00,25,Sun,4,4,2023-10-01,22-045,PIT,@,HOU,L 6-30,1.00,2.00,2.0,1.5,25,42.4,0,0.0,8,32.0,TE,WashDa03
2217,Darnell Washington,1.00,37,Sun,11,12,2023-11-26,22-101,PIT,@,CIN,W 16-10,1.00,2.00,2.0,1.5,37,52.1,0,0.0,7,29.2,TE,WashDa03
2218,Darnell Washington,1.00,34,Sun,12,13,2024-12-01,23-106,PIT,@,CIN,W 44-38,1.00,2.00,2.0,1.5,34,49.3,0,0.0,10,30.3,TE,WashDa03
2219,Mitchell Wilcox,1.00,53,Sun,13,14,2022-12-11,26-034,CIN,,CLE,W 23-10,1.00,2.00,2.0,1.5,53,79.1,0,0.0,7,29.2,TE,WilcMi01
2220,Mitchell Wilcox,1.00,32,Mon,3,3,2023-09-25,26-322,CIN,,LAR,W 19-16,1.00,3.00,3.0,2.0,32,41.6,0,0.0,16,51.6,TE,WilcMi01
2221,Mo Alie-Cox,0.90,27,Sun,2,2,2022-09-18,28-364,IND,@,JAX,L 0-24,0.90,1.90,1.9,1.4,27,54.0,0,0.0,2,10.0,TE,AlieMo00
2222,Mo Alie-Cox,0.90,42,Sun,3,3,2022-09-25,29-006,IND,,KAN,W 20-17,0.90,1.90,1.9,1.4,42,59.2,0,0.0,5,21.7,TE,AlieMo00
2223,John Bates,0.90,40,Sun,4,4,2024-09-29,26-328,WAS,@,ARI,W 42-14,0.90,1.90,1.9,1.4,40,55.6,0,0.0,9,39.1,TE,BateJo00
2224,Daniel Bellinger,0.90,31,Sun,17,18,2025-01-05,24-105,NYG,@,PHI,L 13-20,0.90,2.90,2.9,1.9,31,58.5,0,0.0,12,50.0,TE,BellDa00
2225,Cameron Brate,0.90,38,Sun,2,2,2022-09-18,31-077,TAM,@,NOR,W 20-10,0.90,1.90,1.9,1.4,38,56.7,0,0.0,1,3.8,TE,BratCa00
2226,Pharaoh Brown,0.90,30,Sun,3,3,2024-09-22,30-141,SEA,,MIA,W 24-3,0.90,1.90,1.9,1.4,30,46.9,0,0.0,0,0.0,TE,BrowPh01
2227,Harrison Bryant,0.90,21,Sun,11,12,2022-11-27,24-218,CLE,,TAM,W 23-17 (OT),0.90,2.90,2.9,1.9,21,26.6,0,0.0,6,19.4,TE,BryaHa00
2228,Lawrence Cager,0.90,3,Sun,14,15,2023-12-17,26-119,NYG,@,NOR,L 6-24,0.90,1.90,1.9,1.4,3,4.8,0,0.0,13,56.5,TE,CageLa01
2229,Tyler Conklin,0.90,61,Sun,12,13,2022-12-04,27-127,NYJ,@,MIN,L 22-27,0.90,2.90,2.9,1.9,61,71.8,0,0.0,14,43.8,TE,ConkTy00
2230,Tyler Conklin,0.90,47,Sun,14,15,2022-12-18,27-141,NYJ,,DET,L 17-20,0.90,1.90,1.9,1.4,47,74.6,0,0.0,10,35.7,TE,ConkTy00
2231,Josiah Deguara,0.90,5,Sun,6,6,2022-10-16,25-244,GNB,,NYJ,L 10-27,0.90,1.90,1.9,1.4,5,6.8,0,0.0,18,62.1,TE,DeguJo00
2232,Josiah Deguara,0.90,30,Sun,8,8,2022-10-30,25-258,GNB,@,BUF,L 17-27,0.90,1.90,1.9,1.4,30,45.5,0,0.0,9,40.9,TE,DeguJo00
2233,Will Dissly,0.90,39,Sun,8,9,2024-11-03,28-118,LAC,@,CLE,W 27-10,0.90,2.90,2.9,1.9,39,68.4,0,0.0,4,13.8,TE,DissWi00
2234,Will Dissly,0.90,25,Sun,10,11,2023-11-19,27-134,SEA,@,LAR,L 16-17,0.90,1.90,1.9,1.4,25,38.5,0,0.0,9,34.6,TE,DissWi00
2235,Will Dissly,0.90,24,Mon,14,15,2023-12-18,27-163,SEA,,PHI,W 20-17,0.90,2.90,2.9,1.9,24,39.3,0,0.0,14,51.9,TE,DissWi00
2236,Gerald Everett,0.90,45,Sun,4,4,2023-10-01,29-098,LAC,,LVR,W 24-17,0.90,2.90,2.9,1.9,45,69.2,0,0.0,0,0.0,TE,EverGe00
2237,Noah Fant,0.90,31,Sun,5,6,2023-10-15,25-329,SEA,@,CIN,L 13-17,0.90,1.90,1.9,1.4,31,41.9,0,0.0,0,0.0,TE,FantNo00
2238,Luke Farrell,0.90,28,Mon,12,13,2023-12-04,26-051,JAX,,CIN,L 31-34 (OT),0.90,1.90,1.9,1.4,28,40.6,0,0.0,12,37.5,TE,FarrLu00
2239,Tucker Fisk,0.90,20,Sun,14,15,2023-12-17,24-332,ATL,@,CAR,L 7-9,0.90,1.90,1.9,1.4,20,38.5,0,0.0,3,15.8,TE,FiskTu00
2240,Cam Grandy,0.90,9,Sat,17,18,2025-01-04,24-046,CIN,@,PIT,W 19-17,0.90,1.90,1.9,1.4,9,12.2,0,0.0,4,15.4,TE,GranCa00
2241,Kylen Granson,0.90,44,Sun,3,3,2023-09-24,25-181,IND,@,BAL,W 22-19 (OT),0.90,2.90,2.9,1.9,44,52.4,0,0.0,12,33.3,TE,GranKy00
2242,Kylen Granson,0.90,33,Sun,2,2,2024-09-15,26-172,IND,@,GNB,L 10-16,0.90,1.90,1.9,1.4,33,58.9,0,0.0,9,40.9,TE,GranKy00
2243,Noah Gray,0.90,47,Sun,3,3,2023-09-24,24-147,KAN,,CHI,W 41-10,0.90,1.90,1.9,1.4,47,61.0,0,0.0,13,52.0,TE,GrayNo00
2244,Peyton Hendershot,0.90,14,Mon,8,9,2024-11-04,25-195,KAN,,TAM,W 30-24 (OT),0.90,1.90,1.9,1.4,14,16.5,0,0.0,15,53.6,TE,HendPe01
2245,Hunter Henry,0.90,52,Sun,14,15,2022-12-18,28-011,NWE,@,LVR,L 24-30,0.90,2.90,2.9,1.9,52,80.0,0,0.0,5,15.6,TE,HenrHu00
2246,Hunter Henry,0.90,33,Thu,3,3,2024-09-19,29-287,NWE,@,NYJ,L 3-24,0.90,2.90,2.9,1.9,33,63.5,0,0.0,0,0.0,TE,HenrHu00
2247,Parker Hesse,0.90,41,Sun,5,5,2022-10-09,27-136,ATL,@,TAM,L 15-21,0.90,1.90,1.9,1.4,41,62.1,0,0.0,12,54.5,TE,HessPa00
2248,Parker Hesse,0.90,29,Sun,8,8,2022-10-30,27-157,ATL,,CAR,W 37-34 (OT),0.90,1.90,1.9,1.4,29,43.3,0,0.0,19,54.3,TE,HessPa00
2249,Parker Hesse,0.90,35,Sun,12,12,2022-11-27,27-185,ATL,@,WAS,L 13-19,0.90,1.90,1.9,1.4,35,61.4,0,0.0,12,50.0,TE,HessPa00
2250,Connor Heyward,0.90,17,Sun,9,10,2022-11-13,23-295,PIT,,NOR,W 20-10,0.90,2.90,2.9,1.9,17,20.2,0,0.0,15,62.5,TE,HeywCo00
2251,Tyler Higbee,0.90,17,Sat,16,17,2024-12-28,31-362,LAR,,ARI,W 13-9,0.90,2.90,2.9,1.9,17,29.8,0,0.0,0,0.0,TE,HigbTy00
2252,Julian Hill,0.90,23,Sun,16,17,2023-12-31,23-175,MIA,@,BAL,L 19-56,0.90,1.90,1.9,1.4,23,33.3,0,0.0,12,40.0,TE,HillJu02
2253,T.J. Hockenson,0.90,51,Sun,17,18,2025-01-05,27-186,MIN,@,DET,L 9-31,0.90,2.90,2.9,1.9,51,78.5,0,0.0,0,0.0,TE,HockTJ00
2254,Austin Hooper,0.90,25,Sun,5,5,2024-10-06,29-343,NWE,,MIA,L 10-15,0.90,1.90,1.9,1.4,25,41.7,0,0.0,3,11.5,TE,HoopAu00
2255,O.J. Howard,0.90,14,Sun,10,11,2022-11-20,28-001,HOU,,WAS,L 10-23,0.90,1.90,1.9,1.4,14,25.0,0,0.0,2,7.4,TE,HowaO.00
2256,Tanner Hudson,0.90,5,Sun,14,15,2024-12-15,30-033,CIN,@,TEN,W 37-27,0.90,1.90,1.9,1.4,5,7.2,0,0.0,19,86.4,TE,HudsTa00
2257,Juwan Johnson,0.90,27,Sat,15,16,2022-12-24,26-102,NOR,@,CLE,W 17-10,0.90,1.90,1.9,1.4,27,50.0,0,0.0,5,22.7,TE,JohnJu02
2258,Brevin Jordan,0.90,5,Sun,14,15,2022-12-18,22-155,HOU,,KAN,L 24-30 (OT),0.90,1.90,1.9,1.4,5,7.9,0,0.0,0,0.0,TE,JordBr00
2259,Brevin Jordan,0.90,26,Sun,11,12,2023-11-26,23-133,HOU,,JAX,L 21-24,0.90,1.90,1.9,1.4,26,43.3,0,0.0,9,34.6,TE,JordBr00
2260,Ko Kieft,0.90,13,Thu,8,8,2022-10-27,24-280,TAM,,BAL,L 22-27,0.90,1.90,1.9,1.4,13,19.1,0,0.0,21,67.7,TE,KiefKo00
2261,George Kittle,0.90,53,Sun,4,4,2023-10-01,29-357,SFO,,ARI,W 35-16,0.90,1.90,1.9,1.4,53,96.4,0,0.0,0,0.0,TE,KittGe00
2262,Cole Kmet,0.90,63,Sun,6,6,2023-10-15,24-219,CHI,,MIN,L 13-19,0.90,2.90,2.9,1.9,63,95.5,0,0.0,3,11.5,TE,KmetCo00
2263,Charlie Kolar,0.90,10,Sun,8,8,2024-10-27,25-260,BAL,@,CLE,L 24-29,0.90,1.90,1.9,1.4,10,14.7,0,0.0,24,82.8,TE,KolaCh00
2264,Tyler Kroft,0.90,37,Sun,1,1,2022-09-11,29-331,SFO,@,CHI,L 10-19,0.90,1.90,1.9,1.4,37,54.4,0,0.0,2,8.3,TE,KrofTy00
2265,Luke Musgrave,0.90,49,Sun,7,8,2023-10-29,23-057,GNB,,MIN,L 10-24,0.90,2.90,2.9,1.9,49,72.1,0,0.0,0,0.0,TE,MusgLu00
2266,Donald Parham,0.90,25,Sun,6,7,2023-10-22,26-067,LAC,@,KAN,L 17-31,0.90,1.90,1.9,1.4,25,39.7,0,0.0,0,0.0,TE,ParhDo00
2267,Colby Parkinson,0.90,20,Thu,11,12,2023-11-23,24-319,SEA,,SFO,L 13-31,0.90,1.90,1.9,1.4,20,35.7,0,0.0,7,24.1,TE,ParkCo02
2268,Kyle Pitts,0.90,37,Sun,7,7,2022-10-23,22-017,ATL,@,CIN,L 17-35,0.90,3.90,3.9,2.4,37,78.7,0,0.0,0,0.0,TE,PittKy00
2269,Kyle Pitts,0.90,44,Sun,11,11,2024-11-17,24-042,ATL,@,DEN,L 6-38,0.90,1.90,1.9,1.4,44,74.6,0,0.0,0,0.0,TE,PittKy00
2270,MyCole Pruitt,0.90,32,Sun,6,6,2023-10-15,31-205,ATL,,WAS,L 16-24,0.90,1.90,1.9,1.4,32,38.6,0,0.0,7,29.2,TE,PruiMy00
2271,MyCole Pruitt,0.90,40,Sun,1,1,2024-09-08,32-168,PIT,@,ATL,W 18-10,0.90,1.90,1.9,1.4,40,58.8,0,0.0,7,28.0,TE,PruiMy00
2272,Tip Reiman,0.90,34,Sun,12,13,2024-12-01,23-075,ARI,@,MIN,L 22-23,0.90,1.90,1.9,1.4,34,41.5,0,0.0,13,46.4,TE,ReimTi00
2273,Dalton Schultz,0.90,38,Sun,3,3,2023-09-24,27-075,HOU,@,JAX,W 37-17,0.90,1.90,1.9,1.4,38,67.9,0,0.0,0,0.0,TE,SchuDa00
2274,Durham Smythe,0.90,42,Sun,16,17,2023-01-01,27-145,MIA,@,NWE,L 21-23,0.90,1.90,1.9,1.4,42,59.2,0,0.0,14,51.9,TE,SmytDu00
2275,Ian Thomas,0.90,36,Sun,16,17,2023-01-01,26-209,CAR,@,TAM,L 24-30,0.90,1.90,1.9,1.4,36,54.5,0,0.0,10,32.3,TE,ThomIa00
2276,Ian Thomas,0.90,25,Sun,11,12,2023-11-26,27-173,CAR,@,TEN,L 10-17,0.90,1.90,1.9,1.4,25,33.8,0,0.0,11,45.8,TE,ThomIa00
2277,Logan Thomas,0.90,26,Sun,17,18,2024-01-07,32-190,WAS,,DAL,L 10-38,0.90,1.90,1.9,1.4,26,53.1,0,0.0,0,0.0,TE,ThomLo00
2278,Adam Trautman,0.90,44,Sun,3,3,2022-09-25,25-232,NOR,@,CAR,L 14-22,0.90,1.90,1.9,1.4,44,63.8,0,0.0,8,27.6,TE,TrauAd00
2279,Adam Trautman,0.90,34,Sun,16,17,2023-12-31,26-329,DEN,,LAC,W 16-9,0.90,1.90,1.9,1.4,34,49.3,0,0.0,1,3.6,TE,TrauAd00
2280,Cole Turner,0.90,11,Thu,5,5,2023-10-05,23-203,WAS,,CHI,L 20-40,0.90,1.90,1.9,1.4,11,15.7,0,0.0,5,16.7,TE,TurnCo00
2281,C.J. Uzomah,0.90,28,Sun,3,3,2023-09-24,30-253,NYJ,,NWE,L 10-15,0.90,1.90,1.9,1.4,28,44.4,0,0.0,14,45.2,TE,UzomC.00
2282,Nick Vannett,0.90,28,Sun,13,14,2022-12-11,29-280,NYG,,PHI,L 22-48,0.90,1.90,1.9,1.4,28,43.8,0,0.0,10,32.3,TE,VannNi00
2283,Darnell Washington,0.90,49,Sun,6,6,2024-10-13,23-057,PIT,@,LVR,W 32-13,0.90,1.90,1.9,1.4,49,73.1,0,0.0,7,28.0,TE,WashDa03
2284,Mitchell Wilcox,0.90,39,Sun,3,3,2022-09-25,25-322,CIN,@,NYJ,W 27-12,0.90,1.90,1.9,1.4,39,57.4,0,0.0,13,50.0,TE,WilcMi01
2285,Charlie Woerner,0.90,18,Thu,11,12,2023-11-23,26-038,SFO,@,SEA,W 31-13,0.90,1.90,1.9,1.4,18,27.3,0,0.0,24,82.8,TE,WoerCh00
2286,Jelani Woods,0.90,38,Sun,17,18,2023-01-08,24-091,IND,,HOU,L 31-32,0.90,1.90,1.9,1.4,38,52.1,0,0.0,0,0.0,TE,WoodJe01
2287,Brock Wright,0.90,28,Thu,11,12,2023-11-23,24-361,DET,,GNB,L 22-29,0.90,1.90,1.9,1.4,28,33.3,0,0.0,10,43.5,TE,WrigBr01
2288,Nate Adkins,0.80,32,Sun,5,5,2024-10-06,25-089,DEN,,LVR,W 34-18,0.80,1.80,1.8,1.3,32,50.8,0,0.0,12,40.0,TE,AdkiNa00
2289,Nate Adkins,0.80,6,Sun,4,4,2023-10-01,24-084,DEN,@,CHI,W 31-28,0.80,2.80,2.8,1.8,6,12.5,0,0.0,5,19.2,TE,AdkiNa00
2290,Jordan Akins,0.80,5,Sun,9,10,2023-11-12,31-207,CLE,@,BAL,W 33-31,0.80,1.80,1.8,1.3,5,6.4,0,0.0,12,38.7,TE,AkinJo00
2291,Jordan Akins,0.80,11,Sun,14,15,2023-12-17,31-242,CLE,,CHI,W 20-17,0.80,1.80,1.8,1.3,11,15.9,0,0.0,17,48.6,TE,AkinJo00
2292,Jordan Akins,0.80,31,Sun,15,16,2024-12-22,32-247,CLE,@,CIN,L 6-24,0.80,1.80,1.8,1.3,31,47.0,0,0.0,1,4.8,TE,AkinJo00
2293,Jordan Akins,0.80,26,Sun,10,11,2022-11-20,30-215,HOU,,WAS,L 10-23,0.80,2.80,2.8,1.8,26,46.4,0,0.0,6,22.2,TE,AkinJo00
2294,Dan Arnold,0.80,16,Sun,2,2,2022-09-18,27-187,JAX,,IND,W 24-0,0.80,1.80,1.8,1.3,16,22.5,0,0.0,6,30.0,TE,ArnoDa00
2295,Dan Arnold,0.80,15,Sun,8,8,2022-10-30,27-229,JAX,,DEN,L 17-21,0.80,1.80,1.8,1.3,15,20.8,0,0.0,10,38.5,TE,ArnoDa00
2296,Dan Arnold,0.80,6,Sun,10,10,2022-11-13,27-243,JAX,@,KAN,L 17-27,0.80,1.80,1.8,1.3,6,9.4,0,0.0,11,42.3,TE,ArnoDa00
2297,Daniel Bellinger,0.80,47,Sun,12,12,2023-11-26,23-065,NYG,,NWE,W 10-7,0.80,1.80,1.8,1.3,47,90.4,0,0.0,10,43.5,TE,BellDa00
2298,Daniel Bellinger,0.80,30,Thu,3,3,2023-09-21,22-364,NYG,@,SFO,L 12-30,0.80,1.80,1.8,1.3,30,60.0,0,0.0,15,53.6,TE,BellDa00
2299,Cameron Brate,0.80,34,Sun,10,10,2022-11-13,31-133,TAM,,SEA,W 21-16,0.80,1.80,1.8,1.3,34,45.3,0,0.0,0,0.0,TE,BratCa00
2300,Harrison Bryant,0.80,8,Sun,13,14,2022-12-11,24-232,CLE,@,CIN,L 10-23,0.80,1.80,1.8,1.3,8,11.1,0,0.0,4,16.7,TE,BryaHa00
2301,Tyler Conklin,0.80,45,Sun,10,10,2024-11-10,29-103,NYJ,@,ARI,L 6-31,0.80,1.80,1.8,1.3,45,77.6,0,0.0,0,0.0,TE,ConkTy00
2302,Josiah Deguara,0.80,11,Mon,3,3,2024-09-23,27-222,JAX,@,BUF,L 10-47,0.80,1.80,1.8,1.3,11,15.5,0,0.0,14,56.0,TE,DeguJo00
2303,Payne Durham,0.80,6,Sun,5,6,2023-10-15,23-122,TAM,,DET,L 6-20,0.80,1.80,1.8,1.3,6,10.7,0,0.0,7,28.0,TE,DurhPa00
2304,Payne Durham,0.80,12,Sun,3,3,2024-09-22,24-099,TAM,,DEN,L 7-26,0.80,1.80,1.8,1.3,12,21.1,0,0.0,7,31.8,TE,DurhPa00
2305,Evan Engram,0.80,38,Sun,9,9,2022-11-06,28-065,JAX,,LVR,W 27-20,0.80,1.80,1.8,1.3,38,55.1,0,0.0,0,0.0,TE,EngrEv00
2306,Luke Farrell,0.80,32,Sun,15,16,2024-12-22,27-069,JAX,@,LVR,L 14-19,0.80,2.80,2.8,1.8,32,47.8,0,0.0,8,29.6,TE,FarrLu00
2307,Tucker Fisk,0.80,32,Sat,16,17,2024-12-28,25-344,LAC,@,NWE,W 40-7,0.80,1.80,1.8,1.3,32,40.5,0,0.0,2,7.7,TE,FiskTu00
2308,Jody Fortson,0.80,22,Sun,7,7,2022-10-23,26-320,KAN,@,SFO,W 44-23,0.80,1.80,1.8,1.3,22,34.4,0,0.0,8,28.6,TE,FortJo01
2309,Zach Gentry,0.80,30,Sun,10,11,2022-11-20,26-071,PIT,,CIN,L 30-37,0.80,2.80,2.8,1.8,30,41.1,0,0.0,6,16.7,TE,GentZa00
2310,Zach Gentry,0.80,48,Sun,12,13,2022-12-04,26-085,PIT,@,ATL,W 19-16,0.80,1.80,1.8,1.3,48,73.8,0,0.0,5,20.0,TE,GentZa00
2311,Noah Gray,0.80,27,Sat,15,16,2022-12-24,23-238,KAN,,SEA,W 24-10,0.80,1.80,1.8,1.3,27,50.9,0,0.0,17,70.8,TE,GrayNo00
2312,Noah Gray,0.80,35,Sun,7,7,2023-10-22,24-175,KAN,,LAC,W 31-17,0.80,1.80,1.8,1.3,35,51.5,0,0.0,11,42.3,TE,GrayNo00
2313,Hunter Henry,0.80,46,Sun,3,3,2022-09-25,27-292,NWE,,BAL,L 26-37,0.80,1.80,1.8,1.3,46,69.7,0,0.0,2,7.4,TE,HenrHu00
2314,Parker Hesse,0.80,44,Sat,15,16,2022-12-24,27-212,ATL,@,BAL,L 9-17,0.80,1.80,1.8,1.3,44,62.0,0,0.0,12,57.1,TE,HessPa00
2315,Connor Heyward,0.80,21,Wed,16,17,2024-12-25,25-338,PIT,,KAN,L 10-29,0.80,1.80,1.8,1.3,21,28.0,0,0.0,18,72.0,TE,HeywCo00
2316,Julian Hill,0.80,31,Sun,11,12,2024-11-24,24-138,MIA,,NWE,W 34-15,0.80,1.80,1.8,1.3,31,45.6,0,0.0,18,64.3,TE,HillJu02
2317,Austin Hooper,0.80,27,Sun,9,9,2024-11-03,30-005,NWE,@,TEN,L 17-20 (OT),0.80,1.80,1.8,1.3,27,39.1,0,0.0,8,30.8,TE,HoopAu00
2318,Brycen Hopkins,0.80,4,Thu,13,14,2022-12-08,25-256,LAR,,LVR,W 17-16,0.80,1.80,1.8,1.3,4,6.3,0,0.0,0,0.0,TE,HopkBr01
2319,Hayden Hurst,0.80,8,Thu,15,16,2024-12-19,31-117,LAC,,DEN,W 34-27,0.80,1.80,1.8,1.3,8,12.3,0,0.0,0,0.0,TE,HursHa00
2320,Travis Kelce,0.80,44,Sun,10,11,2024-11-17,35-043,KAN,@,BUF,L 21-30,0.80,2.80,2.8,1.8,44,80.0,0,0.0,0,0.0,TE,KelcTr00
2321,Lucas Krull,0.80,24,Sun,14,15,2024-12-15,26-157,DEN,,IND,W 31-13,0.80,2.80,2.8,1.8,24,38.1,0,0.0,16,53.3,TE,KrulLu00
2322,Marcedes Lewis,0.80,21,Sun,4,4,2023-10-01,39-135,CHI,,DEN,L 28-31,0.80,1.80,1.8,1.3,21,29.2,0,0.0,0,0.0,TE,LewiMa00
2323,Isaiah Likely,0.80,20,Sun,3,3,2022-09-25,22-160,BAL,@,NWE,W 37-26,0.80,1.80,1.8,1.3,20,33.3,0,0.0,0,0.0,TE,LikeIs00
2324,Isaiah Likely,0.80,25,Sun,2,2,2023-09-17,23-152,BAL,@,CIN,W 27-24,0.80,1.80,1.8,1.3,25,33.3,0,0.0,10,40.0,TE,LikeIs00
2325,Tre' McKitty,0.80,25,Sun,12,13,2022-12-04,23-326,LAC,@,LVR,L 20-27,0.80,1.80,1.8,1.3,25,33.3,0,0.0,0,0.0,TE,McKiTr00
2326,Foster Moreau,0.80,33,Sun,13,14,2023-12-10,26-218,NOR,,CAR,W 28-6,0.80,2.80,2.8,1.8,33,63.5,0,0.0,13,54.2,TE,MoreFo00
2327,Johnny Mundt,0.80,27,Sun,10,11,2022-11-20,27-362,MIN,,DAL,L 3-40,0.80,1.80,1.8,1.3,27,47.4,0,0.0,8,28.6,TE,MundJo00
2328,Johnny Mundt,0.80,4,Sun,8,8,2023-10-29,28-340,MIN,@,GNB,W 24-10,0.80,1.80,1.8,1.3,4,5.6,0,0.0,11,47.8,TE,MundJo00
2329,Johnny Mundt,0.80,16,Sun,10,10,2023-11-12,28-354,MIN,,NOR,W 27-19,0.80,2.80,2.8,1.8,16,21.9,0,0.0,16,55.2,TE,MundJo00
2330,Johnny Mundt,0.80,40,Sun,6,7,2024-10-20,29-332,MIN,,DET,L 29-31,0.80,4.80,4.8,2.8,40,66.7,0,0.0,11,35.5,TE,MundJo00
2331,Andrew Ogletree,0.80,25,Sun,11,11,2024-11-17,26-112,IND,@,NYJ,W 28-27,0.80,1.80,1.8,1.3,25,35.7,0,0.0,10,32.3,TE,OgleAn00
2332,Chigoziem Okonkwo,0.80,46,Sun,13,14,2024-12-08,25-091,TEN,,JAX,L 6-10,0.80,3.80,3.8,2.3,46,71.9,0,0.0,6,33.3,TE,OkonCh00
2333,Donald Parham,0.80,24,Mon,15,16,2022-12-26,25-132,LAC,@,IND,W 20-3,0.80,1.80,1.8,1.3,24,35.3,0,0.0,0,0.0,TE,ParhDo00
2334,Colby Parkinson,0.80,22,Sun,1,1,2023-09-10,24-245,SEA,,LAR,L 13-30,0.80,1.80,1.8,1.3,22,43.1,0,0.0,11,39.3,TE,ParkCo02
2335,Colby Parkinson,0.80,43,Sun,17,18,2024-01-07,24-364,SEA,@,ARI,W 21-20,0.80,3.80,3.8,2.3,43,78.2,0,0.0,5,19.2,TE,ParkCo02
2336,Tip Reiman,0.80,30,Sun,14,15,2024-12-15,23-089,ARI,,NWE,W 30-17,0.80,2.80,2.8,1.8,30,42.9,0,0.0,12,48.0,TE,ReimTi00
2337,Giovanni Ricci,0.80,13,Sun,9,9,2022-11-06,26-021,CAR,@,CIN,L 21-42,0.80,1.80,1.8,1.3,13,26.5,0,0.0,19,65.5,TE,RiccGi00
2338,Jeremy Ruckert,0.80,19,Sun,17,18,2023-01-08,22-150,NYJ,@,MIA,L 6-11,0.80,1.80,1.8,1.3,19,33.9,0,0.0,9,40.9,TE,RuckJe00
2339,Jeremy Ruckert,0.80,23,Sun,6,6,2023-10-15,23-065,NYJ,,PHI,W 20-14,0.80,1.80,1.8,1.3,23,35.4,0,0.0,12,54.5,TE,RuckJe00
2340,Kyle Rudolph,0.80,8,Sun,7,7,2022-10-23,32-348,TAM,@,CAR,L 3-21,0.80,1.80,1.8,1.3,8,11.9,0,0.0,0,0.0,TE,RudoKy00
2341,Drew Sample,0.80,39,Sun,12,13,2024-12-01,28-229,CIN,,PIT,L 38-44,0.80,2.80,2.8,1.8,39,62.9,0,0.0,16,48.5,TE,SampDr00
2342,Drew Sample,0.80,47,Sun,14,15,2024-12-15,28-243,CIN,@,TEN,W 37-27,0.80,1.80,1.8,1.3,47,68.1,0,0.0,11,50.0,TE,SampDr00
2343,Ja'Tavion Sanders,0.80,24,Sun,2,2,2024-09-15,21-172,CAR,,LAC,L 3-26,0.80,2.80,2.8,1.8,24,50.0,0,0.0,7,29.2,TE,SandJa01
2344,Luke Schoonmaker,0.80,20,Sun,5,5,2024-10-06,26-008,DAL,@,PIT,W 20-17,0.80,1.80,1.8,1.3,20,26.3,0,0.0,7,29.2,TE,SchoLu00
2345,Stone Smartt,0.80,4,Sun,13,14,2022-12-11,24-068,LAC,,MIA,W 23-17,0.80,1.80,1.8,1.3,4,5.0,0,0.0,0,0.0,TE,SmarSt00
2346,Irv Smith Jr.,0.80,16,Sun,11,12,2023-11-26,25-109,CIN,,PIT,L 10-16,0.80,2.80,2.8,1.8,16,37.2,0,0.0,0,0.0,TE,SmitIr01
2347,Durham Smythe,0.80,32,Sun,15,16,2022-12-25,27-138,MIA,,GNB,L 20-26,0.80,1.80,1.8,1.3,32,64.0,0,0.0,13,50.0,TE,SmytDu00
2348,Durham Smythe,0.80,33,Thu,2,2,2024-09-12,29-034,MIA,,BUF,L 10-31,0.80,1.80,1.8,1.3,33,43.4,0,0.0,6,28.6,TE,SmytDu00
2349,Durham Smythe,0.80,25,Sun,11,12,2024-11-24,29-107,MIA,,NWE,W 34-15,0.80,1.80,1.8,1.3,25,36.8,0,0.0,8,28.6,TE,SmytDu00
2350,Durham Smythe,0.80,14,Thu,12,13,2024-11-28,29-111,MIA,@,GNB,L 17-30,0.80,1.80,1.8,1.3,14,19.7,0,0.0,9,37.5,TE,SmytDu00
2351,Durham Smythe,0.80,16,Sun,14,15,2024-12-15,29-128,MIA,@,HOU,L 12-20,0.80,1.80,1.8,1.3,16,23.5,0,0.0,7,28.0,TE,SmytDu00
2352,Geoff Swaim,0.80,25,Sun,7,7,2023-10-22,30-036,ARI,@,SEA,L 10-20,0.80,1.80,1.8,1.3,25,37.9,0,0.0,13,54.2,TE,SwaiGe00
2353,Ian Thomas,0.80,27,Sun,5,5,2022-10-09,26-125,CAR,,SFO,L 15-37,0.80,2.80,2.8,1.8,27,39.1,0,0.0,11,39.3,TE,ThomIa00
2354,Ian Thomas,0.80,13,Sun,3,3,2023-09-24,27-110,CAR,@,SEA,L 27-37,0.80,1.80,1.8,1.3,13,16.5,0,0.0,10,28.6,TE,ThomIa00
2355,Robert Tonyan,0.80,15,Sun,8,8,2023-10-29,29-182,CHI,@,LAC,L 13-30,0.80,1.80,1.8,1.3,15,22.7,0,0.0,11,50.0,TE,TonyRo00
2356,Robert Tonyan,0.80,41,Sun,10,10,2022-11-13,28-197,GNB,,DAL,W 31-28 (OT),0.80,1.80,1.8,1.3,41,64.1,0,0.0,0,0.0,TE,TonyRo00
2357,Adam Trautman,0.80,16,Sun,6,6,2022-10-16,25-253,NOR,,CIN,L 26-30,0.80,1.80,1.8,1.3,16,22.2,0,0.0,2,6.9,TE,TrauAd00
2358,Adam Trautman,0.80,18,Mon,9,9,2022-11-07,25-275,NOR,,BAL,L 13-27,0.80,1.80,1.8,1.3,18,35.3,0,0.0,3,11.5,TE,TrauAd00
2359,Nick Vannett,0.80,37,Sun,8,8,2022-10-30,29-238,NOR,,LVR,W 24-0,0.80,1.80,1.8,1.3,37,57.8,0,0.0,0,0.0,TE,VannNi00
2360,Darnell Washington,0.80,27,Sun,10,11,2023-11-19,22-094,PIT,@,CLE,L 10-13,0.80,1.80,1.8,1.3,27,46.6,0,0.0,6,20.7,TE,WashDa03
2361,Darnell Washington,0.80,29,Sat,15,16,2023-12-23,22-128,PIT,,CIN,W 34-11,0.80,1.80,1.8,1.3,29,49.2,0,0.0,9,37.5,TE,WashDa03
2362,Darnell Washington,0.80,26,Wed,16,17,2024-12-25,23-130,PIT,,KAN,L 10-29,0.80,1.80,1.8,1.3,26,34.7,0,0.0,2,8.0,TE,WashDa03
2363,Blake Whiteheart,0.80,34,Sun,16,17,2024-12-29,24-282,CLE,,MIA,L 3-20,0.80,1.80,1.8,1.3,34,43.0,0,0.0,10,43.5,TE,WhitBl01
2364,Brock Wright,0.80,23,Sun,12,13,2023-12-03,25-006,DET,@,NOR,W 33-28,0.80,1.80,1.8,1.3,23,39.7,0,0.0,15,50.0,TE,WrigBr01
2365,Nate Adkins,0.70,22,Sat,16,17,2024-12-28,25-172,DEN,@,CIN,L 24-30 (OT),0.70,1.70,1.7,1.2,22,36.7,0,0.0,12,48.0,TE,AdkiNa00
2366,Mo Alie-Cox,0.70,35,Thu,5,5,2022-10-06,29-017,IND,@,DEN,W 12-9 (OT),0.70,1.70,1.7,1.2,35,44.3,0,0.0,6,19.4,TE,AlieMo00
2367,Stephen Anderson,0.70,14,Mon,13,14,2022-12-12,29-316,ARI,,NWE,L 13-27,0.70,2.70,2.7,1.7,14,18.7,0,0.0,15,57.7,TE,AndeSt01
2368,Andrew Beck,0.70,16,Mon,6,6,2022-10-17,26-155,DEN,@,LAC,L 16-19 (OT),0.70,1.70,1.7,1.2,16,27.6,0,0.0,24,80.0,TE,BeckAn01
2369,Daniel Bellinger,0.70,27,Sun,5,5,2023-10-08,23-016,NYG,@,MIA,L 16-31,0.70,1.70,1.7,1.2,27,37.5,0,0.0,4,15.4,TE,BellDa00
2370,Kendall Blanton,0.70,8,Mon,4,4,2022-10-03,26-327,LAR,@,SFO,L 9-24,0.70,1.70,1.7,1.2,8,10.8,0,0.0,0,0.0,TE,BlanKe01
2371,Cameron Brate,0.70,42,Sun,1,1,2022-09-11,31-070,TAM,@,DAL,W 19-3,0.70,1.70,1.7,1.2,42,67.7,0,0.0,0,0.0,TE,BratCa00
2372,Pharaoh Brown,0.70,8,Sun,5,5,2024-10-06,30-155,SEA,,NYG,L 20-29,0.70,1.70,1.7,1.2,8,13.8,0,0.0,9,30.0,TE,BrowPh01
2373,Harrison Bryant,0.70,27,Sat,14,15,2022-12-17,24-238,CLE,,BAL,W 13-3,0.70,2.70,2.7,1.7,27,40.9,0,0.0,2,11.1,TE,BryaHa00
2374,Tyler Conklin,0.70,43,Sun,9,9,2022-11-06,27-099,NYJ,,BUF,W 20-17,0.70,1.70,1.7,1.2,43,71.7,0,0.0,8,34.8,TE,ConkTy00
2375,Tyler Conklin,0.70,47,Sun,11,11,2024-11-17,29-110,NYJ,,IND,L 27-28,0.70,1.70,1.7,1.2,47,92.2,0,0.0,0,0.0,TE,ConkTy00
2376,Josiah Deguara,0.70,13,Sun,8,9,2023-11-05,26-264,GNB,,LAR,W 20-3,0.70,1.70,1.7,1.2,13,18.1,0,0.0,16,69.6,TE,DeguJo00
2377,Noah Fant,0.70,52,Sun,7,7,2022-10-23,24-337,SEA,@,LAC,W 37-23,0.70,1.70,1.7,1.2,52,73.2,0,0.0,1,3.4,TE,FantNo00
2378,Luke Farrell,0.70,31,Sun,16,17,2023-12-31,26-078,JAX,,CAR,W 26-0,0.70,1.70,1.7,1.2,31,49.2,0,0.0,4,17.4,TE,FarrLu00
2379,Jake Ferguson,0.70,17,Sun,4,4,2022-10-02,23-257,DAL,,WAS,W 25-10,0.70,1.70,1.7,1.2,17,27.9,0,0.0,9,30.0,TE,FergJa00
2380,Jake Ferguson,0.70,24,Sun,7,7,2022-10-23,23-278,DAL,,DET,W 24-6,0.70,1.70,1.7,1.2,24,38.1,0,0.0,8,36.4,TE,FergJa00
2381,Jake Ferguson,0.70,23,Thu,16,17,2022-12-29,23-345,DAL,@,TEN,W 27-13,0.70,1.70,1.7,1.2,23,28.8,0,0.0,6,24.0,TE,FergJa00
2382,Tucker Fisk,0.70,18,Mon,11,12,2024-11-25,25-311,LAC,,BAL,L 23-30,0.70,1.70,1.7,1.2,18,26.1,0,0.0,10,37.0,TE,FiskTu00
2383,Tucker Fisk,0.70,14,Sun,14,15,2024-12-15,25-331,LAC,,TAM,L 17-40,0.70,1.70,1.7,1.2,14,26.9,0,0.0,12,44.4,TE,FiskTu00
2384,Pat Freiermuth,0.70,30,Sun,4,4,2023-10-01,24-341,PIT,@,HOU,L 6-30,0.70,3.70,3.7,2.2,30,50.8,0,0.0,1,4.0,TE,FreiPa00
2385,Pat Freiermuth,0.70,31,Sun,10,11,2023-11-19,25-025,PIT,@,CLE,L 10-13,0.70,1.70,1.7,1.2,31,53.4,0,0.0,2,6.9,TE,FreiPa00
2386,Mike Gesicki,0.70,21,Sun,14,15,2023-12-17,28-075,NWE,,KAN,L 17-27,0.70,1.70,1.7,1.2,21,39.6,0,0.0,0,0.0,TE,GesiMi00
2387,Cam Grandy,0.70,16,Sat,16,17,2024-12-28,24-039,CIN,,DEN,W 30-24 (OT),0.70,1.70,1.7,1.2,16,17.8,0,0.0,12,48.0,TE,GranCa00
2388,Kylen Granson,0.70,30,Sun,3,3,2022-09-25,24-182,IND,,KAN,W 20-17,0.70,2.70,2.7,1.7,30,42.3,0,0.0,7,30.4,TE,GranKy00
2389,Kylen Granson,0.70,32,Sun,17,18,2025-01-05,26-284,IND,,JAX,W 26-23 (OT),0.70,1.70,1.7,1.2,32,41.0,0,0.0,21,60.0,TE,GranKy00
2390,Noah Gray,0.70,29,Mon,5,5,2022-10-10,23-163,KAN,,LVR,W 30-29,0.70,1.70,1.7,1.2,29,40.3,0,0.0,18,64.3,TE,GrayNo00
2391,Troy Hairston,0.70,13,Sun,7,8,2022-10-30,23-326,HOU,,TEN,L 10-17,0.70,2.70,2.7,1.7,13,24.1,0,0.0,12,44.4,TE,HairTr00
2392,Troy Hairston,0.70,8,Sun,16,17,2023-01-01,24-024,HOU,,JAX,L 3-31,0.70,1.70,1.7,1.2,8,11.4,0,0.0,12,48.0,TE,HairTr00
2393,Hunter Henry,0.70,37,Sun,6,6,2023-10-15,28-312,NWE,@,LVR,L 17-21,0.70,1.70,1.7,1.2,37,61.7,0,0.0,0,0.0,TE,HenrHu00
2394,Tyler Higbee,0.70,51,Sun,6,6,2022-10-16,29-288,LAR,,CAR,W 24-10,0.70,1.70,1.7,1.2,51,78.5,0,0.0,0,0.0,TE,HigbTy00
2395,Tyler Higbee,0.70,61,Sun,7,7,2023-10-22,30-294,LAR,,PIT,L 17-24,0.70,1.70,1.7,1.2,61,89.7,0,0.0,0,0.0,TE,HigbTy00
2396,Austin Hooper,0.70,27,Sun,10,10,2023-11-12,29-014,LVR,,NYJ,W 16-12,0.70,1.70,1.7,1.2,27,42.2,0,0.0,0,0.0,TE,HoopAu00
2397,Austin Hooper,0.70,34,Sun,5,5,2022-10-09,27-345,TEN,@,WAS,W 21-17,0.70,1.70,1.7,1.2,34,53.1,0,0.0,0,0.0,TE,HoopAu00
2398,O.J. Howard,0.70,18,Sun,2,2,2022-09-18,27-303,HOU,@,DEN,L 9-16,0.70,1.70,1.7,1.2,18,28.6,0,0.0,0,0.0,TE,HowaO.00
2399,Hayden Hurst,0.70,37,Sun,4,4,2023-10-01,30-038,CAR,,MIN,L 13-21,0.70,1.70,1.7,1.2,37,51.4,0,0.0,0,0.0,TE,HursHa00
2400,Hayden Hurst,0.70,26,Sun,3,3,2022-09-25,29-032,CIN,@,NYJ,W 27-12,0.70,1.70,1.7,1.2,26,38.2,0,0.0,6,23.1,TE,HursHa00
2401,Dalton Kincaid,0.70,23,Sat,15,16,2023-12-23,24-066,BUF,@,LAC,W 24-22,0.70,1.70,1.7,1.2,23,41.8,0,0.0,0,0.0,TE,KincDa00
2402,George Kittle,0.70,48,Sun,12,13,2024-12-01,31-053,SFO,@,BUF,L 10-35,0.70,1.70,1.7,1.2,48,100.0,0,0.0,0,0.0,TE,KittGe00
2403,Dawson Knox,0.70,33,Mon,3,3,2024-09-23,27-314,BUF,,JAX,W 47-10,0.70,1.70,1.7,1.2,33,51.6,0,0.0,0,0.0,TE,KnoxDa00
2404,Isaiah Likely,0.70,15,Sun,5,5,2022-10-09,22-174,BAL,,CIN,W 19-17,0.70,2.70,2.7,1.7,15,23.1,0,0.0,4,17.4,TE,LikeIs00
2405,Will Mallory,0.70,9,Sun,10,10,2023-11-12,24-143,IND,@,NWE,W 10-6,0.70,1.70,1.7,1.2,9,15.8,0,0.0,0,0.0,TE,MallWi00
2406,Will Mallory,0.70,16,Sun,5,5,2024-10-06,25-106,IND,@,JAX,L 34-37,0.70,1.70,1.7,1.2,16,22.9,0,0.0,0,0.0,TE,MallWi00
2407,Will Mallory,0.70,5,Sun,13,13,2024-12-01,25-162,IND,@,NWE,W 25-24,0.70,1.70,1.7,1.2,5,8.1,0,0.0,0,0.0,TE,MallWi00
2408,Chris Manhertz,0.70,37,Sun,9,9,2022-11-06,30-210,JAX,,LVR,W 27-20,0.70,1.70,1.7,1.2,37,53.6,0,0.0,11,40.7,TE,ManhCh00
2409,Michael Mayer,0.70,31,Sun,3,3,2024-09-22,23-078,LVR,,CAR,L 22-36,0.70,1.70,1.7,1.2,31,48.4,0,0.0,3,10.0,TE,MayeMi00
2410,Trey McBride,0.70,62,Sun,10,10,2022-11-13,22-356,ARI,@,LAR,W 27-17,0.70,1.70,1.7,1.2,62,91.2,0,0.0,9,32.1,TE,McBrTr01
2411,James Mitchell,0.70,11,Sun,17,18,2023-01-08,23-150,DET,@,GNB,W 20-16,0.70,1.70,1.7,1.2,11,17.7,0,0.0,11,44.0,TE,MitcJa00
2412,Johnny Mundt,0.70,16,Sat,14,15,2022-12-17,28-024,MIN,,IND,W 39-36 (OT),0.70,1.70,1.7,1.2,16,17.8,0,0.0,8,18.6,TE,MundJo00
2413,Johnny Mundt,0.70,33,Sun,11,12,2024-11-24,30-001,MIN,@,CHI,W 30-27 (OT),0.70,1.70,1.7,1.2,33,46.5,0,0.0,10,32.3,TE,MundJo00
2414,Johnny Mundt,0.70,8,Sun,16,17,2024-12-29,30-036,MIN,,GNB,W 27-25,0.70,1.70,1.7,1.2,8,11.1,0,0.0,13,48.1,TE,MundJo00
2415,David Njoku,0.70,71,Sun,1,1,2022-09-11,26-063,CLE,@,CAR,W 26-24,0.70,1.70,1.7,1.2,71,88.8,0,0.0,0,0.0,TE,NjokDa00
2416,Chigoziem Okonkwo,0.70,10,Sun,1,1,2022-09-11,23-003,TEN,,NYG,L 20-21,0.70,1.70,1.7,1.2,10,15.4,0,0.0,8,28.6,TE,OkonCh00
2417,Chigoziem Okonkwo,0.70,39,Sun,3,3,2023-09-24,24-016,TEN,@,CLE,L 3-27,0.70,3.70,3.7,2.2,39,81.3,0,0.0,8,33.3,TE,OkonCh00
2418,Cade Otton,0.70,72,Sun,15,16,2023-12-24,24-253,TAM,,JAX,W 30-12,0.70,1.70,1.7,1.2,72,97.3,0,0.0,1,5.0,TE,OttoCa00
2419,Donald Parham,0.70,34,Sun,2,2,2023-09-17,26-032,LAC,@,TEN,L 24-27 (OT),0.70,1.70,1.7,1.2,34,50.0,0,0.0,0,0.0,TE,ParhDo00
2420,Colby Parkinson,0.70,14,Sun,10,10,2022-11-13,23-309,SEA,@,TAM,L 16-21,0.70,1.70,1.7,1.2,14,26.9,0,0.0,8,38.1,TE,ParkCo02
2421,Kyle Pitts,0.70,30,Sun,15,16,2024-12-22,24-077,ATL,,NYG,W 34-7,0.70,1.70,1.7,1.2,30,44.8,0,0.0,0,0.0,TE,PittKy00
2422,Jeremy Ruckert,0.70,23,Mon,8,9,2023-11-06,23-087,NYJ,,LAC,L 6-27,0.70,1.70,1.7,1.2,23,28.4,0,0.0,13,43.3,TE,RuckJe00
2423,Jeremy Ruckert,0.70,30,Mon,6,6,2024-10-14,24-064,NYJ,,BUF,L 20-23,0.70,2.70,2.7,1.7,30,47.6,0,0.0,13,52.0,TE,RuckJe00
2424,Drew Sample,0.70,34,Mon,3,3,2023-09-25,27-162,CIN,,LAR,W 19-16,0.70,1.70,1.7,1.2,34,44.2,0,0.0,16,51.6,TE,SampDr00
2425,Drew Sample,0.70,47,Sun,17,18,2024-01-07,27-266,CIN,,CLE,W 31-14,0.70,2.70,2.7,1.7,47,73.4,0,0.0,9,31.0,TE,SampDr00
2426,Ja'Tavion Sanders,0.70,22,Sun,8,8,2024-10-27,21-214,CAR,@,DEN,L 14-28,0.70,1.70,1.7,1.2,22,36.1,0,0.0,6,25.0,TE,SandJa01
2427,Eric Saubert,0.70,61,Sun,10,11,2024-11-17,30-200,SFO,,SEA,L 17-20,0.70,1.70,1.7,1.2,61,96.8,0,0.0,10,47.6,TE,SaubEr00
2428,John Samuel Shenker,0.70,23,Sun,8,8,2024-10-27,26-055,LVR,,KAN,L 20-27,0.70,1.70,1.7,1.2,23,39.7,0,0.0,10,41.7,TE,ShenJo00
2429,Ben Sinnott,0.70,42,Sun,14,15,2024-12-15,22-184,WAS,@,NOR,W 20-19,0.70,1.70,1.7,1.2,42,53.8,0,0.0,7,28.0,TE,SinnBe00
2430,Jonnu Smith,0.70,20,Sun,1,1,2024-09-08,29-017,MIA,,JAX,W 20-17,0.70,1.70,1.7,1.2,20,28.2,0,0.0,0,0.0,TE,SmitJo01
2431,Jack Stoll,0.70,55,Sun,10,11,2022-11-20,24-296,PHI,@,IND,W 17-16,0.70,1.70,1.7,1.2,55,80.9,0,0.0,7,28.0,TE,StolJa00
2432,Brenton Strange,0.70,21,Sun,3,3,2023-09-24,22-271,JAX,,HOU,L 17-37,0.70,2.70,2.7,1.7,21,28.8,0,0.0,16,55.2,TE,StraBr00
2433,Geoff Swaim,0.70,22,Sun,8,8,2024-10-27,31-041,CLE,,BAL,W 29-24,0.70,1.70,1.7,1.2,22,31.9,0,0.0,13,44.8,TE,SwaiGe00
2434,Tommy Sweeney,0.70,8,Sun,6,6,2022-10-16,27-107,BUF,@,KAN,W 24-20,0.70,1.70,1.7,1.2,8,11.0,0,0.0,6,26.1,TE,SweeTo00
2435,Logan Thomas,0.70,44,Sun,12,12,2022-11-27,31-149,WAS,,ATL,W 19-13,0.70,1.70,1.7,1.2,44,71.0,0,0.0,0,0.0,TE,ThomLo00
2436,Logan Thomas,0.70,48,Sun,14,15,2023-12-17,32-169,WAS,@,LAR,L 20-28,0.70,1.70,1.7,1.2,48,80.0,0,0.0,0,0.0,TE,ThomLo00
2437,Eric Tomlinson,0.70,22,Mon,6,7,2024-10-21,32-182,LAC,@,ARI,L 15-17,0.70,1.70,1.7,1.2,22,33.3,0,0.0,10,45.5,TE,TomlEr01
2438,Tommy Tremble,0.70,24,Sun,3,3,2022-09-25,22-115,CAR,,NOR,W 22-14,0.70,1.70,1.7,1.2,24,39.3,0,0.0,17,58.6,TE,TremTo00
2439,Tommy Tremble,0.70,53,Sun,11,12,2023-11-26,23-177,CAR,@,TEN,L 10-17,0.70,1.70,1.7,1.2,53,71.6,0,0.0,10,41.7,TE,TremTo00
2440,Cole Turner,0.70,11,Sun,11,11,2023-11-19,23-248,WAS,,NYG,L 19-31,0.70,1.70,1.7,1.2,11,13.6,0,0.0,4,13.8,TE,TurnCo00
2441,C.J. Uzomah,0.70,34,Sun,13,14,2022-12-11,29-331,NYJ,@,BUF,L 12-20,0.70,1.70,1.7,1.2,34,45.9,0,0.0,13,43.3,TE,UzomC.00
2442,Nick Vannett,0.70,26,Sun,14,15,2024-12-15,31-284,TEN,,CIN,L 27-37,0.70,1.70,1.7,1.2,26,37.1,0,0.0,10,45.5,TE,VannNi00
2443,Darnell Washington,0.70,32,Thu,8,9,2023-11-02,22-077,PIT,,TEN,W 20-16,0.70,1.70,1.7,1.2,32,49.2,0,0.0,9,37.5,TE,WashDa03
2444,Josh Whyle,0.70,22,Sun,5,5,2023-10-08,24-030,TEN,@,IND,L 16-23,0.70,1.70,1.7,1.2,22,36.7,0,0.0,6,27.3,TE,WhylJo01
2445,Josh Whyle,0.70,17,Sun,10,11,2023-11-19,24-072,TEN,@,JAX,L 14-34,0.70,1.70,1.7,1.2,17,42.5,0,0.0,13,52.0,TE,WhylJo01
2446,Mitchell Wilcox,0.70,19,Sun,4,4,2023-10-01,26-328,CIN,@,TEN,L 3-27,0.70,1.70,1.7,1.2,19,35.8,0,0.0,16,76.2,TE,WilcMi01
2447,Jared Wiley,0.70,12,Sun,2,2,2024-09-15,23-318,KAN,,CIN,W 26-25,0.70,1.70,1.7,1.2,12,18.5,0,0.0,0,0.0,TE,WileJa00
2448,Maxx Williams,0.70,13,Mon,11,11,2022-11-21,28-223,ARI,,SFO,L 10-38,0.70,1.70,1.7,1.2,13,18.3,0,0.0,9,34.6,TE,WillMa04
2449,Charlie Woerner,0.70,40,Mon,14,15,2024-12-16,27-061,ATL,@,LVR,W 15-9,0.70,2.70,2.7,1.7,40,69.0,0,0.0,14,56.0,TE,WoerCh00
2450,Brock Wright,0.70,43,Sun,6,6,2023-10-15,24-322,DET,@,TAM,W 20-6,0.70,1.70,1.7,1.2,43,61.4,0,0.0,12,48.0,TE,WrigBr01
2451,Shane Zylstra,0.70,28,Sun,16,17,2023-01-01,26-046,DET,,CHI,W 41-10,0.70,1.70,1.7,1.2,28,39.4,0,0.0,10,33.3,TE,ZylsSh00
2452,Nate Adkins,0.60,25,Sun,3,3,2024-09-22,25-075,DEN,@,TAM,W 26-7,0.60,1.60,1.6,1.1,25,36.8,0,0.0,14,63.6,TE,AdkiNa00
2453,Jordan Akins,0.60,15,Sun,4,4,2023-10-01,31-165,CLE,,BAL,L 3-28,0.60,1.60,1.6,1.1,15,21.7,0,0.0,4,14.3,TE,AkinJo00
2454,Jordan Akins,0.60,9,Sun,7,8,2023-10-29,31-193,CLE,@,SEA,L 20-24,0.60,1.60,1.6,1.1,9,11.5,0,0.0,9,34.6,TE,AkinJo00
2455,Jordan Akins,0.60,12,Sun,12,13,2023-12-03,31-228,CLE,@,LAR,L 19-36,0.60,1.60,1.6,1.1,12,16.9,0,0.0,10,30.3,TE,AkinJo00
2456,Davis Allen,0.60,9,Sun,11,12,2023-11-26,22-296,LAR,@,ARI,W 37-14,0.60,1.60,1.6,1.1,9,13.4,0,0.0,4,14.3,TE,AlleDa02
2457,John Bates,0.60,20,Sun,8,8,2022-10-30,24-358,WAS,@,IND,W 17-16,0.60,1.60,1.6,1.1,20,32.8,0,0.0,3,11.5,TE,BateJo00
2458,John Bates,0.60,27,Sun,4,4,2023-10-01,25-329,WAS,@,PHI,L 31-34 (OT),0.60,1.60,1.6,1.1,27,34.6,0,0.0,12,38.7,TE,BateJo00
2459,John Bates,0.60,25,Sun,16,17,2023-12-31,26-055,WAS,,SFO,L 10-27,0.60,1.60,1.6,1.1,25,54.3,0,0.0,11,52.4,TE,BateJo00
2460,John Bates,0.60,42,Sun,14,15,2024-12-15,27-039,WAS,@,NOR,W 20-19,0.60,1.60,1.6,1.1,42,53.8,0,0.0,13,52.0,TE,BateJo00
2461,Daniel Bellinger,0.60,6,Mon,4,4,2023-10-02,23-010,NYG,,SEA,L 3-24,0.60,1.60,1.6,1.1,6,8.0,0,0.0,1,4.3,TE,BellDa00
2462,Pharaoh Brown,0.60,16,Sun,13,14,2024-12-08,30-218,SEA,@,ARI,W 30-18,0.60,1.60,1.6,1.1,16,25.0,0,0.0,17,58.6,TE,BrowPh01
2463,Harrison Bryant,0.60,22,Sun,15,16,2023-12-24,25-245,CLE,@,HOU,W 36-22,0.60,1.60,1.6,1.1,22,26.8,0,0.0,10,41.7,TE,BryaHa00
2464,Tyler Conklin,0.60,46,Mon,1,1,2024-09-09,29-041,NYJ,@,SFO,L 19-32,0.60,1.60,1.6,1.1,46,90.2,0,0.0,1,3.8,TE,ConkTy00
2465,Will Dissly,0.60,16,Sun,15,16,2023-12-24,27-169,SEA,@,TEN,W 20-17,0.60,1.60,1.6,1.1,16,25.8,0,0.0,11,50.0,TE,DissWi00
2466,Zach Ertz,0.60,36,Sun,3,3,2023-09-24,32-318,ARI,,DAL,W 28-16,0.60,2.60,2.6,1.6,36,59.0,0,0.0,0,0.0,TE,ErtzZa00
2467,Gerald Everett,0.60,6,Sun,15,16,2024-12-22,30-180,CHI,,DET,L 17-34,0.60,1.60,1.6,1.1,6,9.4,0,0.0,0,0.0,TE,EverGe00
2468,Noah Fant,0.60,48,Sun,9,10,2023-11-12,25-357,SEA,,WAS,W 29-26,0.60,2.60,2.6,1.6,48,59.3,0,0.0,0,0.0,TE,FantNo00
2469,Tucker Fisk,0.60,24,Sun,10,11,2024-11-17,25-303,LAC,,CIN,W 34-27,0.60,1.60,1.6,1.1,24,35.8,0,0.0,9,24.3,TE,FiskTu00
2470,Jody Fortson,0.60,10,Sun,12,13,2022-12-04,26-362,KAN,@,CIN,L 24-27,0.60,1.60,1.6,1.1,10,18.2,0,0.0,11,47.8,TE,FortJo01
2471,Cole Fotheringham,0.60,19,Mon,15,16,2023-12-25,26-075,LVR,@,KAN,W 20-14,0.60,1.60,1.6,1.1,19,34.5,0,0.0,8,32.0,TE,FothCo00
2472,Mike Gesicki,0.60,17,Sun,3,3,2022-09-25,26-357,MIA,,BUF,W 21-19,0.60,1.60,1.6,1.1,17,39.5,0,0.0,0,0.0,TE,GesiMi00
2473,Kylen Granson,0.60,21,Sun,7,7,2022-10-23,24-210,IND,@,TEN,L 10-19,0.60,1.60,1.6,1.1,21,32.8,0,0.0,14,58.3,TE,GranKy00
2474,Kylen Granson,0.60,20,Sat,14,15,2023-12-16,25-264,IND,,PIT,W 30-13,0.60,1.60,1.6,1.1,20,29.9,0,0.0,8,30.8,TE,GranKy00
2475,Noah Gray,0.60,28,Wed,16,17,2024-12-25,25-239,KAN,@,PIT,W 29-10,0.60,1.60,1.6,1.1,28,45.2,0,0.0,9,36.0,TE,GrayNo00
2476,Peyton Hendershot,0.60,6,Sun,9,10,2024-11-10,25-201,KAN,,DEN,W 16-14,0.60,1.60,1.6,1.1,6,8.8,0,0.0,13,52.0,TE,HendPe01
2477,Peyton Hendershot,0.60,18,Sat,16,17,2023-12-30,24-251,DAL,,DET,W 20-19,0.60,1.60,1.6,1.1,18,27.7,0,0.0,15,57.7,TE,HendPe01
2478,Parker Hesse,0.60,45,Sun,17,18,2023-01-08,27-227,ATL,,TAM,W 30-17,0.60,1.60,1.6,1.1,45,66.2,0,0.0,13,46.4,TE,HessPa00
2479,Connor Heyward,0.60,5,Sun,7,7,2022-10-23,23-274,PIT,@,MIA,L 10-16,0.60,1.60,1.6,1.1,5,6.7,0,0.0,18,69.2,TE,HeywCo00
2480,Julian Hill,0.60,42,Sun,1,1,2024-09-08,24-061,MIA,,JAX,W 20-17,0.60,1.60,1.6,1.1,42,59.2,0,0.0,17,68.0,TE,HillJu02
2481,T.J. Hockenson,0.60,56,Sun,5,5,2022-10-09,25-098,DET,@,NWE,L 0-29,0.60,1.60,1.6,1.1,56,84.8,0,0.0,0,0.0,TE,HockTJ00
2482,Austin Hooper,0.60,40,Sun,1,1,2022-09-11,27-317,TEN,,NYG,L 20-21,0.60,1.60,1.6,1.1,40,61.5,0,0.0,0,0.0,TE,HoopAu00
2483,Austin Hooper,0.60,32,Thu,16,17,2022-12-29,28-061,TEN,,DAL,L 13-27,0.60,1.60,1.6,1.1,32,49.2,0,0.0,6,24.0,TE,HoopAu00
2484,Hayden Hurst,0.60,35,Sun,4,4,2024-09-29,31-036,LAC,,KAN,L 10-17,0.60,1.60,1.6,1.1,35,62.5,0,0.0,0,0.0,TE,HursHa00
2485,Hayden Hurst,0.60,8,Sun,8,9,2024-11-03,31-071,LAC,@,CLE,W 27-10,0.60,1.60,1.6,1.1,8,14.0,0,0.0,0,0.0,TE,HursHa00
2486,Theo Johnson,0.60,49,Thu,4,4,2024-09-26,23-213,NYG,,DAL,L 15-20,0.60,1.60,1.6,1.1,49,71.0,0,0.0,5,20.0,TE,JohnTh00
2487,Travis Kelce,0.60,59,Sun,2,2,2024-09-15,34-346,KAN,,CIN,W 26-25,0.60,1.60,1.6,1.1,59,90.8,0,0.0,0,0.0,TE,KelcTr00
2488,Ko Kieft,0.60,17,Sun,9,9,2022-11-06,24-290,TAM,,LAR,W 16-13,0.60,1.60,1.6,1.1,17,20.2,0,0.0,25,75.8,TE,KiefKo00
2489,Charlie Kolar,0.60,32,Mon,12,12,2024-11-25,25-289,BAL,@,LAC,W 30-23,0.60,1.60,1.6,1.1,32,49.2,0,0.0,22,81.5,TE,KolaCh00
2490,Tucker Kraft,0.60,35,Sun,9,10,2023-11-12,23-009,GNB,@,PIT,L 19-23,0.60,1.60,1.6,1.1,35,51.5,0,0.0,16,55.2,TE,KrafTu00
2491,Tyler Kroft,0.60,18,Sun,8,8,2022-10-30,30-015,SFO,@,LAR,W 31-14,0.60,1.60,1.6,1.1,18,34.0,0,0.0,3,12.5,TE,KrofTy00
2492,Will Mallory,0.60,15,Sun,8,8,2023-10-29,24-129,IND,,NOR,L 27-38,0.60,1.60,1.6,1.1,15,21.1,0,0.0,0,0.0,TE,MallWi00
2493,Chris Manhertz,0.60,30,Mon,9,10,2023-11-13,31-217,DEN,@,BUF,W 24-22,0.60,1.60,1.6,1.1,30,40.0,0,0.0,5,18.5,TE,ManhCh00
2494,David Martin-Robinson,0.60,2,Sun,15,16,2024-12-22,24-362,TEN,@,IND,L 30-38,0.60,1.60,1.6,1.1,2,3.3,0,0.0,14,46.7,TE,MartDa01
2495,Foster Moreau,0.60,46,Sun,12,13,2024-12-01,27-209,NOR,,LAR,L 14-21,0.60,2.60,2.6,1.6,46,65.7,0,0.0,3,14.3,TE,MoreFo00
2496,Quintin Morris,0.60,28,Mon,2,2,2022-09-19,23-241,BUF,,TEN,W 41-7,0.60,1.60,1.6,1.1,28,41.2,0,0.0,19,70.4,TE,MorrQu00
2497,Johnny Mundt,0.60,35,Sun,5,5,2022-10-09,27-320,MIN,,CHI,W 29-22,0.60,2.60,2.6,1.6,35,44.3,0,0.0,5,21.7,TE,MundJo00
2498,Luke Musgrave,0.60,31,Sun,2,2,2024-09-15,24-013,GNB,,IND,W 16-10,0.60,1.60,1.6,1.1,31,44.3,0,0.0,1,4.5,TE,MusgLu00
2499,Chigoziem Okonkwo,0.60,16,Sun,10,11,2023-11-19,24-072,TEN,@,JAX,L 14-34,0.60,1.60,1.6,1.1,16,40.0,0,0.0,5,20.0,TE,OkonCh00
2500,Chigoziem Okonkwo,0.60,33,Sun,5,6,2024-10-13,25-035,TEN,,IND,L 17-20,0.60,3.60,3.6,2.1,33,56.9,0,0.0,10,38.5,TE,OkonCh00
2501,Josh Oliver,0.60,30,Mon,7,7,2023-10-23,26-216,MIN,,SFO,W 22-17,0.60,2.60,2.6,1.6,30,42.9,0,0.0,10,45.5,TE,OlivJo00
2502,Josh Oliver,0.60,42,Sat,15,16,2022-12-24,25-278,BAL,,ATL,W 17-9,0.60,1.60,1.6,1.1,42,80.8,0,0.0,10,47.6,TE,OlivJo00
2503,Colby Parkinson,0.60,26,Sun,17,18,2025-01-05,25-363,LAR,,SEA,L 25-30,0.60,1.60,1.6,1.1,26,39.4,0,0.0,9,33.3,TE,ParkCo02
2504,Colby Parkinson,0.60,29,Sun,9,9,2022-11-06,23-302,SEA,@,ARI,W 31-21,0.60,2.60,2.6,1.6,29,39.7,0,0.0,9,33.3,TE,ParkCo02
2505,Colby Parkinson,0.60,22,Sun,8,9,2023-11-05,24-301,SEA,@,BAL,L 3-37,0.60,1.60,1.6,1.1,22,44.9,0,0.0,10,37.0,TE,ParkCo02
2506,Colby Parkinson,0.60,21,Mon,14,15,2023-12-18,24-344,SEA,,PHI,W 20-17,0.60,1.60,1.6,1.1,21,34.4,0,0.0,4,14.8,TE,ParkCo02
2507,MyCole Pruitt,0.60,18,Sun,9,9,2022-11-06,30-227,ATL,,LAC,L 17-20,0.60,1.60,1.6,1.1,18,29.5,0,0.0,2,8.3,TE,PruiMy00
2508,MyCole Pruitt,0.60,12,Thu,10,10,2022-11-10,30-231,ATL,@,CAR,L 15-25,0.60,1.60,1.6,1.1,12,19.0,0,0.0,10,34.5,TE,PruiMy00
2509,Kevin Rader,0.60,12,Sun,16,17,2023-12-31,28-249,TEN,@,HOU,L 3-26,0.60,1.60,1.6,1.1,12,21.8,0,0.0,5,20.8,TE,RadeKe00
2510,Jeremy Ruckert,0.60,15,Sun,11,11,2024-11-17,24-098,NYJ,,IND,L 27-28,0.60,1.60,1.6,1.1,15,29.4,0,0.0,5,16.1,TE,RuckJe00
2511,Mason Schreck,0.60,24,Sun,5,5,2022-10-09,28-339,HOU,@,JAX,W 13-6,0.60,1.60,1.6,1.1,24,41.4,0,0.0,0,0.0,TE,SchrMa00
2512,Ben Sims,0.60,41,Sun,16,17,2023-12-31,23-229,GNB,@,MIN,W 33-10,0.60,1.60,1.6,1.1,41,55.4,0,0.0,3,12.5,TE,SimsBe00
2513,Stone Smartt,0.60,19,Sun,10,11,2022-11-20,24-047,LAC,,KAN,L 27-30,0.60,1.60,1.6,1.1,19,29.2,0,0.0,0,0.0,TE,SmarSt00
2514,Irv Smith Jr.,0.60,21,Sun,9,10,2023-11-12,25-095,CIN,,HOU,L 27-30,0.60,1.60,1.6,1.1,21,32.8,0,0.0,0,0.0,TE,SmitIr01
2515,Jonnu Smith,0.60,17,Thu,12,13,2022-12-01,27-101,NWE,,BUF,L 10-24,0.60,2.60,2.6,1.6,17,31.5,0,0.0,5,20.8,TE,SmitJo01
2516,Durham Smythe,0.60,25,Mon,9,10,2024-11-11,29-094,MIA,@,LAR,W 23-15,0.60,1.60,1.6,1.1,25,47.2,0,0.0,8,28.6,TE,SmytDu00
2517,Jack Stoll,0.60,58,Sun,14,15,2022-12-18,24-324,PHI,@,CHI,W 25-20,0.60,1.60,1.6,1.1,58,79.5,0,0.0,7,28.0,TE,StolJa00
2518,Jack Stoll,0.60,41,Mon,3,3,2023-09-25,25-240,PHI,@,TAM,W 25-11,0.60,1.60,1.6,1.1,41,51.3,0,0.0,9,45.0,TE,StolJa00
2519,Jack Stoll,0.60,35,Sun,7,8,2024-10-27,26-273,PHI,@,CIN,W 37-17,0.60,1.60,1.6,1.1,35,57.4,0,0.0,11,45.8,TE,StolJa00
2520,Cade Stover,0.60,24,Sun,5,5,2024-10-06,24-116,HOU,,BUF,W 23-20,0.60,2.60,2.6,1.6,24,35.3,0,0.0,19,61.3,TE,StovCa00
2521,Brenton Strange,0.60,24,Sun,11,11,2024-11-17,23-326,JAX,@,DET,L 6-52,0.60,1.60,1.6,1.1,24,50.0,0,0.0,18,69.2,TE,StraBr00
2522,Ian Thomas,0.60,15,Sun,4,4,2022-10-02,26-118,CAR,,ARI,L 16-26,0.60,1.60,1.6,1.1,15,28.8,0,0.0,13,56.5,TE,ThomIa00
2523,Ian Thomas,0.60,48,Sun,12,13,2023-12-03,27-180,CAR,@,TAM,L 18-21,0.60,1.60,1.6,1.1,48,66.7,0,0.0,12,41.4,TE,ThomIa00
2524,Logan Thomas,0.60,40,Sun,14,15,2022-12-18,31-170,WAS,,NYG,L 12-20,0.60,1.60,1.6,1.1,40,63.5,0,0.0,0,0.0,TE,ThomLo00
2525,Adam Trautman,0.60,38,Sun,12,13,2023-12-03,26-301,DEN,@,HOU,L 17-22,0.60,1.60,1.6,1.1,38,63.3,0,0.0,0,0.0,TE,TrauAd00
2526,Tommy Tremble,0.60,38,Sun,16,17,2023-12-31,23-212,CAR,@,JAX,L 0-26,0.60,1.60,1.6,1.1,38,70.4,0,0.0,13,56.5,TE,TremTo00
2527,C.J. Uzomah,0.60,23,Sun,9,10,2023-11-12,30-302,NYJ,@,LVR,L 12-16,0.60,1.60,1.6,1.1,23,34.8,0,0.0,13,48.1,TE,UzomC.00
2528,Nick Vannett,0.60,36,Sun,10,11,2024-11-17,31-256,TEN,,MIN,L 13-23,0.60,1.60,1.6,1.1,36,61.0,0,0.0,8,30.8,TE,VannNi00
2529,Nick Vannett,0.60,11,Sun,12,13,2024-12-01,31-270,TEN,@,WAS,L 19-42,0.60,1.60,1.6,1.1,11,20.0,0,0.0,10,35.7,TE,VannNi00
2530,Darnell Washington,0.60,33,Sun,9,10,2023-11-12,22-087,PIT,,GNB,W 23-19,0.60,1.60,1.6,1.1,33,50.8,0,0.0,10,34.5,TE,WashDa03
2531,Darnell Washington,0.60,50,Sun,9,10,2024-11-10,23-085,PIT,@,WAS,W 28-27,0.60,1.60,1.6,1.1,50,64.1,0,0.0,4,12.5,TE,WashDa03
2532,Josh Whyle,0.60,14,Sun,10,11,2024-11-17,25-070,TEN,,MIN,L 13-23,0.60,1.60,1.6,1.1,14,23.7,0,0.0,5,19.2,TE,WhylJo01
2533,Mitchell Wilcox,0.60,15,Sat,15,16,2023-12-23,27-046,CIN,@,PIT,L 11-34,0.60,1.60,1.6,1.1,15,23.4,0,0.0,16,66.7,TE,WilcMi01
2534,Charlie Woerner,0.60,34,Sun,16,17,2024-12-29,27-074,ATL,@,WAS,L 24-30 (OT),0.60,1.60,1.6,1.1,34,53.1,0,0.0,8,29.6,TE,WoerCh00
2535,Brock Wright,0.60,23,Sun,7,8,2022-10-30,23-337,DET,,MIA,L 27-31,0.60,1.60,1.6,1.1,23,38.3,0,0.0,11,44.0,TE,WrigBr01
2536,Brock Wright,0.60,48,Thu,11,12,2022-11-24,23-362,DET,,BUF,L 25-28,0.60,2.60,2.6,1.6,48,67.6,0,0.0,9,34.6,TE,WrigBr01
2537,Brock Wright,0.60,24,Sun,13,14,2023-12-10,25-013,DET,@,CHI,L 13-28,0.60,2.60,2.6,1.6,24,36.9,0,0.0,16,66.7,TE,WrigBr01
2538,Nate Adkins,0.50,15,Sun,6,6,2024-10-13,25-096,DEN,,LAC,L 16-23,0.50,1.50,1.5,1.0,15,27.3,0,0.0,17,63.0,TE,AdkiNa00
2539,Jordan Akins,0.50,14,Sun,7,8,2022-10-30,30-194,HOU,,TEN,L 10-17,0.50,1.50,1.5,1.0,14,25.9,0,0.0,4,14.8,TE,AkinJo00
2540,Jordan Akins,0.50,35,Sun,13,14,2022-12-11,30-236,HOU,@,DAL,L 23-27,0.50,1.50,1.5,1.0,35,53.0,0,0.0,0,0.0,TE,AkinJo00
2541,Davis Allen,0.50,42,Sun,8,9,2024-11-03,23-274,LAR,@,SEA,W 26-20 (OT),0.50,1.50,1.5,1.0,42,54.5,0,0.0,6,18.8,TE,AlleDa02
2542,Dan Arnold,0.50,15,Sun,13,14,2022-12-11,27-271,JAX,@,TEN,W 36-22,0.50,1.50,1.5,1.0,15,20.8,0,0.0,4,15.4,TE,ArnoDa00
2543,Devin Asiasi,0.50,32,Sat,15,16,2022-12-24,25-132,CIN,@,NWE,W 22-18,0.50,2.50,2.5,1.5,32,38.6,0,0.0,12,48.0,TE,AsiaDe00
2544,AJ Barner,0.50,24,Sun,7,7,2024-10-20,22-170,SEA,@,ATL,W 34-14,0.50,1.50,1.5,1.0,24,40.0,0,0.0,9,34.6,TE,BarnAJ00
2545,AJ Barner,0.50,17,Sun,14,15,2024-12-15,22-226,SEA,,GNB,L 13-30,0.50,1.50,1.5,1.0,17,28.8,0,0.0,15,51.7,TE,BarnAJ00
2546,John Bates,0.50,25,Sun,9,9,2022-11-06,25-000,WAS,,MIN,L 17-20,0.50,1.50,1.5,1.0,25,39.1,0,0.0,3,10.7,TE,BateJo00
2547,John Bates,0.50,25,Sun,2,2,2024-09-15,26-314,WAS,,NYG,W 21-18,0.50,1.50,1.5,1.0,25,34.7,0,0.0,11,52.4,TE,BateJo00
2548,Daniel Bellinger,0.50,39,Sun,15,16,2024-12-22,24-091,NYG,@,ATL,L 7-34,0.50,1.50,1.5,1.0,39,66.1,0,0.0,13,54.2,TE,BellDa00
2549,Harrison Bryant,0.50,24,Sun,9,10,2023-11-12,25-203,CLE,@,BAL,W 33-31,0.50,1.50,1.5,1.0,24,30.8,0,0.0,14,45.2,TE,BryaHa00
2550,Grant Calcaterra,0.50,47,Sun,6,7,2024-10-20,25-321,PHI,@,NYG,W 28-3,0.50,1.50,1.5,1.0,47,71.2,0,0.0,4,12.5,TE,CalcGr00
2551,Zach Davidson,0.50,11,Sun,11,11,2024-11-17,26-125,BUF,,KAN,W 30-21,0.50,1.50,1.5,1.0,11,15.1,0,0.0,4,16.7,TE,DaviZa00
2552,Josiah Deguara,0.50,19,Sun,2,2,2023-09-17,26-215,GNB,@,ATL,L 24-25,0.50,2.50,2.5,1.5,19,38.0,0,0.0,20,74.1,TE,DeguJo00
2553,Ross Dwelley,0.50,26,Sun,11,11,2024-11-17,29-296,ATL,@,DEN,L 6-38,0.50,1.50,1.5,1.0,26,44.1,0,0.0,14,53.8,TE,DwelRo00
2554,Evan Engram,0.50,36,Sun,1,1,2024-09-08,30-006,JAX,@,MIA,L 17-20,0.50,1.50,1.5,1.0,36,67.9,0,0.0,0,0.0,TE,EngrEv00
2555,Zach Ertz,0.50,30,Sun,9,9,2024-11-03,33-359,WAS,@,NYG,W 27-22,0.50,1.50,1.5,1.0,30,48.4,0,0.0,0,0.0,TE,ErtzZa00
2556,Gerald Everett,0.50,15,Sun,8,9,2024-11-03,30-131,CHI,@,ARI,L 9-29,0.50,1.50,1.5,1.0,15,20.3,0,0.0,0,0.0,TE,EverGe00
2557,Luke Farrell,0.50,33,Sun,8,8,2023-10-29,26-015,JAX,@,PIT,W 20-10,0.50,1.50,1.5,1.0,33,46.5,0,0.0,6,23.1,TE,FarrLu00
2558,Luke Farrell,0.50,14,Sun,9,9,2024-11-03,27-020,JAX,@,PHI,L 23-28,0.50,1.50,1.5,1.0,14,25.9,0,0.0,6,26.1,TE,FarrLu00
2559,Jody Fortson,0.50,11,Mon,5,5,2024-10-07,28-305,KAN,,NOR,W 26-13,0.50,1.50,1.5,1.0,11,13.1,0,0.0,3,12.5,TE,FortJo01
2560,Mike Gesicki,0.50,12,Sat,14,15,2022-12-17,27-075,MIA,@,BUF,L 29-32,0.50,1.50,1.5,1.0,12,20.3,0,0.0,0,0.0,TE,GesiMi00
2561,Mike Gesicki,0.50,41,Sun,17,18,2024-01-07,28-096,NWE,,NYJ,L 3-17,0.50,1.50,1.5,1.0,41,71.9,0,0.0,3,10.7,TE,GesiMi00
2562,Kylen Granson,0.50,32,Sun,10,10,2023-11-12,25-230,IND,@,NWE,W 10-6,0.50,1.50,1.5,1.0,32,56.1,0,0.0,8,38.1,TE,GranKy00
2563,Noah Gray,0.50,32,Mon,15,16,2023-12-25,24-239,KAN,,LVR,L 14-20,0.50,1.50,1.5,1.0,32,42.1,0,0.0,19,76.0,TE,GrayNo00
2564,Ryan Griffin,0.50,11,Mon,7,7,2022-10-24,32-286,CHI,@,NWE,W 33-14,0.50,1.50,1.5,1.0,11,15.5,0,0.0,9,36.0,TE,GrifRy00
2565,Troy Hairston,0.50,16,Sun,1,1,2022-09-11,23-277,HOU,,IND,T 20-20 (OT),0.50,1.50,1.5,1.0,16,22.9,0,0.0,13,40.6,TE,HairTr00
2566,Peyton Hendershot,0.50,7,Sun,14,15,2023-12-17,24-238,DAL,@,BUF,L 10-31,0.50,1.50,1.5,1.0,7,12.3,0,0.0,17,70.8,TE,HendPe01
2567,Parker Hesse,0.50,48,Sun,1,1,2022-09-11,27-108,ATL,,NOR,L 26-27,0.50,1.50,1.5,1.0,48,64.0,0,0.0,13,40.6,TE,HessPa00
2568,Parker Hesse,0.50,40,Sun,2,2,2022-09-18,27-115,ATL,@,LAR,L 27-31,0.50,1.50,1.5,1.0,40,65.6,0,0.0,11,47.8,TE,HessPa00
2569,Elijah Higgins,0.50,18,Sun,11,12,2024-11-24,24-028,ARI,@,SEA,L 6-16,0.50,1.50,1.5,1.0,18,31.0,0,0.0,13,54.2,TE,HiggEl00
2570,Elijah Higgins,0.50,24,Sun,14,15,2024-12-15,24-049,ARI,,NWE,W 30-17,0.50,1.50,1.5,1.0,24,34.3,0,0.0,8,32.0,TE,HiggEl00
2571,Julian Hill,0.50,24,Thu,12,13,2024-11-28,24-142,MIA,@,GNB,L 17-30,0.50,1.50,1.5,1.0,24,33.8,0,0.0,14,58.3,TE,HillJu02
2572,Taysom Hill,0.50,12,Sun,14,15,2023-12-17,33-116,NOR,,NYG,W 24-6,0.50,1.50,1.5,1.0,12,19.4,0,0.0,6,26.1,TE/QB,HillTa00
2573,Austin Hooper,0.50,37,Sun,2,2,2024-09-15,29-322,NWE,,SEA,L 20-23 (OT),0.50,1.50,1.5,1.0,37,54.4,0,0.0,5,16.1,TE,HoopAu00
2574,Austin Hooper,0.50,20,Sun,13,14,2023-12-10,29-042,LVR,,MIN,L 0-3,0.50,1.50,1.5,1.0,20,37.0,0,0.0,0,0.0,TE,HoopAu00
2575,Austin Hooper,0.50,27,Sun,7,8,2022-10-30,28-001,TEN,@,HOU,W 17-10,0.50,1.50,1.5,1.0,27,46.6,0,0.0,1,3.7,TE,HoopAu00
2576,Brycen Hopkins,0.50,8,Sun,4,4,2023-10-01,26-188,LAR,@,IND,W 29-23 (OT),0.50,1.50,1.5,1.0,8,9.8,0,0.0,0,0.0,TE,HopkBr01
2577,Brycen Hopkins,0.50,2,Sun,7,7,2023-10-22,26-209,LAR,,PIT,L 17-24,0.50,1.50,1.5,1.0,2,2.9,0,0.0,4,15.4,TE,HopkBr01
2578,Tanner Hudson,0.50,32,Sat,15,16,2023-12-23,29-041,CIN,@,PIT,L 11-34,0.50,1.50,1.5,1.0,32,50.0,0,0.0,6,25.0,TE,HudsTa00
2579,Hayden Hurst,0.50,38,Sun,2,2,2024-09-15,31-022,LAC,@,CAR,W 26-3,0.50,1.50,1.5,1.0,38,55.1,0,0.0,0,0.0,TE,HursHa00
2580,Juwan Johnson,0.50,40,Sun,8,8,2023-10-29,27-046,NOR,@,IND,W 38-27,0.50,1.50,1.5,1.0,40,60.6,0,0.0,1,2.9,TE,JohnJu02
2581,Brevin Jordan,0.50,42,Sun,1,1,2022-09-11,22-057,HOU,,IND,T 20-20 (OT),0.50,1.50,1.5,1.0,42,60.0,0,0.0,6,18.8,TE,JordBr00
2582,Brevin Jordan,0.50,38,Thu,8,9,2022-11-03,22-110,HOU,,PHI,L 17-29,0.50,1.50,1.5,1.0,38,63.3,0,0.0,1,4.3,TE,JordBr00
2583,Dawson Knox,0.50,51,Thu,1,1,2022-09-08,25-298,BUF,@,LAR,W 31-10,0.50,1.50,1.5,1.0,51,86.4,0,0.0,0,0.0,TE,KnoxDa00
2584,Dawson Knox,0.50,31,Sun,7,7,2024-10-20,27-341,BUF,,TEN,W 34-10,0.50,1.50,1.5,1.0,31,56.4,0,0.0,0,0.0,TE,KnoxDa00
2585,Dawson Knox,0.50,43,Sun,9,9,2024-11-03,27-355,BUF,,MIA,W 30-27,0.50,1.50,1.5,1.0,43,65.2,0,0.0,0,0.0,TE,KnoxDa00
2586,Dawson Knox,0.50,49,Sun,13,14,2024-12-08,28-024,BUF,@,LAR,L 42-44,0.50,1.50,1.5,1.0,49,81.7,0,0.0,1,3.0,TE,KnoxDa00
2587,Tucker Kraft,0.50,13,Thu,4,4,2023-09-28,22-329,GNB,,DET,L 20-34,0.50,2.50,2.5,1.5,13,22.8,0,0.0,16,53.3,TE,KrafTu00
2588,Lucas Krull,0.50,18,Sun,5,5,2024-10-06,26-087,DEN,,LVR,W 34-18,0.50,1.50,1.5,1.0,18,28.6,0,0.0,8,26.7,TE,KrulLu00
2589,Isaiah Likely,0.50,4,Sun,10,10,2023-11-12,23-208,BAL,,CLE,L 31-33,0.50,1.50,1.5,1.0,4,7.4,0,0.0,15,48.4,TE,LikeIs00
2590,Hunter Long,0.50,16,Sun,6,7,2024-10-20,26-062,LAR,,LVR,W 20-15,0.50,1.50,1.5,1.0,16,29.1,0,0.0,15,53.6,TE,LongHu00
2591,Will Mallory,0.50,3,Sun,7,7,2024-10-20,25-120,IND,,MIA,W 16-10,0.50,1.50,1.5,1.0,3,4.8,0,0.0,3,11.1,TE,MallWi00
2592,Michael Mayer,0.50,34,Sun,10,11,2024-11-17,23-134,LVR,@,MIA,L 19-34,0.50,1.50,1.5,1.0,34,52.3,0,0.0,3,13.0,TE,MayeMi00
2593,Michael Mayer,0.50,43,Fri,12,13,2024-11-29,23-146,LVR,@,KAN,L 17-19,0.50,1.50,1.5,1.0,43,63.2,0,0.0,10,32.3,TE,MayeMi00
2594,Trey McBride,0.50,19,Sun,4,4,2023-10-01,23-313,ARI,@,SFO,L 16-35,0.50,1.50,1.5,1.0,19,26.8,0,0.0,6,27.3,TE,McBrTr01
2595,Tre' McKitty,0.50,41,Sun,13,14,2022-12-11,23-333,LAC,,MIA,W 23-17,0.50,1.50,1.5,1.0,41,51.3,0,0.0,0,0.0,TE,McKiTr00
2596,Andrew Ogletree,0.50,26,Sun,5,5,2024-10-06,26-070,IND,@,JAX,L 34-37,0.50,1.50,1.5,1.0,26,37.1,0,0.0,18,52.9,TE,OgleAn00
2597,Chigoziem Okonkwo,0.50,33,Mon,4,4,2024-09-30,25-022,TEN,@,MIA,W 31-12,0.50,1.50,1.5,1.0,33,50.8,0,0.0,10,32.3,TE,OkonCh00
2598,Albert Okwuegbunam,0.50,15,Thu,5,5,2022-10-06,24-164,DEN,,IND,L 9-12 (OT),0.50,1.50,1.5,1.0,15,20.5,0,0.0,0,0.0,TE,OkwuAl00
2599,Josh Oliver,0.50,35,Sun,6,7,2024-10-20,27-213,MIN,,DET,L 29-31,0.50,1.50,1.5,1.0,35,58.3,0,0.0,6,19.4,TE,OlivJo00
2600,Cade Otton,0.50,19,Sun,17,18,2023-01-08,23-268,TAM,@,ATL,L 17-30,0.50,1.50,1.5,1.0,19,34.5,0,0.0,5,17.9,TE,OttoCa00
2601,Cade Otton,0.50,55,Sun,1,1,2024-09-08,25-146,TAM,,WAS,W 37-20,0.50,1.50,1.5,1.0,55,85.9,0,0.0,1,3.7,TE,OttoCa00
2602,Colby Parkinson,0.50,23,Sun,8,8,2022-10-30,23-295,SEA,,NYG,W 27-13,0.50,1.50,1.5,1.0,23,35.9,0,0.0,12,40.0,TE,ParkCo02
2603,Kyle Pitts,0.50,43,Sun,16,17,2023-12-31,23-086,ATL,@,CHI,L 17-37,0.50,1.50,1.5,1.0,43,72.9,0,0.0,0,0.0,TE,PittKy00
2604,Tip Reiman,0.50,26,Sun,5,5,2024-10-06,23-019,ARI,@,SFO,W 24-23,0.50,1.50,1.5,1.0,26,44.8,0,0.0,10,41.7,TE,ReimTi00
2605,Jeremy Ruckert,0.50,31,Sun,17,18,2025-01-05,24-147,NYJ,,MIA,W 32-20,0.50,1.50,1.5,1.0,31,48.4,0,0.0,13,50.0,TE,RuckJe00
2606,Drew Sample,0.50,49,Sun,11,11,2024-11-17,28-215,CIN,@,LAC,L 27-34,0.50,1.50,1.5,1.0,49,59.8,0,0.0,19,51.4,TE,SampDr00
2607,Ja'Tavion Sanders,0.50,26,Sun,16,17,2024-12-29,21-277,CAR,@,TAM,L 14-48,0.50,1.50,1.5,1.0,26,55.3,0,0.0,9,30.0,TE,SandJa01
2608,Eric Saubert,0.50,19,Sun,12,13,2023-12-03,29-216,HOU,,DEN,W 22-17,0.50,1.50,1.5,1.0,19,27.9,0,0.0,14,43.8,TE,SaubEr00
2609,Eric Saubert,0.50,13,Sat,17,18,2024-01-06,29-250,HOU,@,IND,W 23-19,0.50,1.50,1.5,1.0,13,23.2,0,0.0,22,73.3,TE,SaubEr00
2610,Eric Saubert,0.50,41,Sun,14,15,2022-12-18,28-231,DEN,,ARI,W 24-15,0.50,1.50,1.5,1.0,41,59.4,0,0.0,19,67.9,TE,SaubEr00
2611,Luke Schoonmaker,0.50,25,Sun,3,3,2024-09-22,25-360,DAL,,BAL,L 25-28,0.50,1.50,1.5,1.0,25,31.3,0,0.0,7,25.0,TE,SchoLu00
2612,Dalton Schultz,0.50,45,Sun,7,8,2023-10-29,27-110,HOU,@,CAR,L 13-15,0.50,2.50,2.5,1.5,45,77.6,0,0.0,0,0.0,TE,SchuDa00
2613,Stone Smartt,0.50,28,Sun,6,7,2023-10-22,25-018,LAC,@,KAN,L 17-31,0.50,1.50,1.5,1.0,28,44.4,0,0.0,9,34.6,TE,SmarSt00
2614,Irv Smith Jr.,0.50,33,Sun,6,6,2023-10-15,25-067,CIN,,SEA,W 17-13,0.50,1.50,1.5,1.0,33,61.1,0,0.0,0,0.0,TE,SmitIr01
2615,Irv Smith Jr.,0.50,37,Sun,7,8,2023-10-29,25-081,CIN,@,SFO,W 31-17,0.50,4.50,5.5,2.5,37,58.7,0,0.0,0,0.0,TE,SmitIr01
2616,Durham Smythe,0.50,35,Sun,2,2,2022-09-18,27-040,MIA,@,BAL,W 42-38,0.50,1.50,1.5,1.0,35,49.3,0,0.0,16,53.3,TE,SmytDu00
2617,Durham Smythe,0.50,24,Sun,15,16,2024-12-22,29-135,MIA,,SFO,W 29-17,0.50,1.50,1.5,1.0,24,35.8,0,0.0,6,21.4,TE,SmytDu00
2618,Geoff Swaim,0.50,42,Sun,5,5,2022-10-09,29-023,TEN,@,WAS,W 21-17,0.50,1.50,1.5,1.0,42,65.6,0,0.0,7,25.0,TE,SwaiGe00
2619,Geoff Swaim,0.50,41,Sat,17,18,2023-01-07,29-113,TEN,@,JAX,L 16-20,0.50,1.50,1.5,1.0,41,54.7,0,0.0,7,29.2,TE,SwaiGe00
2620,Ian Thomas,0.50,19,Sun,17,18,2024-01-07,27-215,CAR,,TAM,L 0-9,0.50,1.50,1.5,1.0,19,36.5,0,0.0,7,35.0,TE,ThomIa00
2621,Logan Thomas,0.50,50,Sun,3,3,2022-09-25,31-086,WAS,,PHI,L 8-24,0.50,2.50,2.5,1.5,50,64.9,0,0.0,0,0.0,TE,ThomLo00
2622,Adam Trautman,0.50,28,Thu,15,16,2024-12-19,27-318,DEN,@,LAC,L 27-34,0.50,1.50,1.5,1.0,28,43.8,0,0.0,7,24.1,TE,TrauAd00
2623,Adam Trautman,0.50,29,Sat,16,17,2024-12-28,27-327,DEN,@,CIN,L 24-30 (OT),0.50,1.50,1.5,1.0,29,48.3,0,0.0,5,20.0,TE,TrauAd00
2624,Adam Trautman,0.50,43,Sun,7,7,2023-10-22,26-259,DEN,,GNB,W 19-17,0.50,1.50,1.5,1.0,43,72.9,0,0.0,0,0.0,TE,TrauAd00
2625,Tommy Tremble,0.50,51,Sun,11,12,2024-11-24,24-175,CAR,,KAN,L 27-30,0.50,1.50,1.5,1.0,51,82.3,0,0.0,4,14.8,TE,TremTo00
2626,C.J. Uzomah,0.50,27,Sun,3,3,2022-09-25,29-254,NYJ,,CIN,L 12-27,0.50,1.50,1.5,1.0,27,34.6,0,0.0,13,50.0,TE,UzomC.00
2627,C.J. Uzomah,0.50,36,Sun,7,7,2022-10-23,29-282,NYJ,@,DEN,W 16-9,0.50,1.50,1.5,1.0,36,61.0,0,0.0,11,39.3,TE,UzomC.00
2628,Nick Vannett,0.50,5,Sun,3,3,2022-09-25,29-203,NOR,@,CAR,L 14-22,0.50,1.50,1.5,1.0,5,7.2,0,0.0,0,0.0,TE,VannNi00
2629,Darnell Washington,0.50,37,Sun,1,1,2024-09-08,23-022,PIT,@,ATL,W 18-10,0.50,1.50,1.5,1.0,37,54.4,0,0.0,6,24.0,TE,WashDa03
2630,Darnell Washington,0.50,30,Sun,5,5,2024-10-06,23-050,PIT,,DAL,L 17-20,0.50,1.50,1.5,1.0,30,51.7,0,0.0,3,12.5,TE,WashDa03
2631,Josh Whyle,0.50,35,Mon,4,4,2024-09-30,25-022,TEN,@,MIA,W 31-12,0.50,1.50,1.5,1.0,35,53.8,0,0.0,2,6.5,TE,WhylJo01
2632,Charlie Woerner,0.50,47,Sun,12,13,2024-12-01,27-046,ATL,,LAC,L 13-17,0.50,1.50,1.5,1.0,47,58.0,0,0.0,15,68.2,TE,WoerCh00
2633,Brock Wright,0.50,46,Mon,8,8,2023-10-30,24-337,DET,,LVR,W 26-14,0.50,1.50,1.5,1.0,46,53.5,0,0.0,11,44.0,TE,WrigBr01
2634,Mark Andrews,0.40,56,Sun,7,7,2022-10-23,27-047,BAL,,CLE,W 23-20,0.40,0.40,0.4,0.4,56,87.5,0,0.0,0,0.0,TE,AndrMa00
2635,Blake Bell,0.40,9,Mon,15,16,2023-12-25,32-140,KAN,,LVR,L 14-20,0.40,1.40,1.4,0.9,9,11.8,0,0.0,5,20.0,TE,BellBl00
2636,Daniel Bellinger,0.40,62,Sun,14,15,2022-12-18,22-087,NYG,@,WAS,W 20-12,0.40,1.40,1.4,0.9,62,98.4,0,0.0,0,0.0,TE,BellDa00
2637,Pharaoh Brown,0.40,28,Thu,13,14,2023-12-07,29-217,NWE,@,PIT,W 21-18,0.40,1.40,1.4,0.9,28,49.1,0,0.0,16,57.1,TE,BrowPh01
2638,Pharaoh Brown,0.40,31,Sun,14,15,2023-12-17,29-227,NWE,,KAN,L 17-27,0.40,1.40,1.4,0.9,31,58.5,0,0.0,16,53.3,TE,BrowPh01
2639,Harrison Bryant,0.40,25,Sun,3,3,2023-09-24,25-154,CLE,,TEN,W 27-3,0.40,0.40,0.4,0.4,25,35.2,0,0.0,5,20.8,TE,BryaHa00
2640,Harrison Bryant,0.40,12,Sun,4,4,2023-10-01,25-161,CLE,,BAL,L 3-28,0.40,1.40,1.4,0.9,12,17.4,0,0.0,14,50.0,TE,BryaHa00
2641,Josiah Deguara,0.40,19,Sun,15,16,2022-12-25,25-314,GNB,@,MIA,W 26-20,0.40,1.40,1.4,0.9,19,28.8,0,0.0,8,30.8,TE,DeguJo00
2642,Josiah Deguara,0.40,23,Sun,16,17,2023-01-01,25-321,GNB,,MIN,W 41-17,0.40,1.40,1.4,0.9,23,36.5,0,0.0,9,32.1,TE,DeguJo00
2643,Josiah Deguara,0.40,17,Sun,15,16,2024-12-22,27-312,JAX,@,LVR,L 14-19,0.40,1.40,1.4,0.9,17,25.4,0,0.0,20,74.1,TE,DeguJo00
2644,Will Dissly,0.40,32,Sun,5,6,2023-10-15,27-099,SEA,@,CIN,L 13-17,0.40,1.40,1.4,0.9,32,43.2,0,0.0,4,17.4,TE,DissWi00
2645,Evan Engram,0.40,51,Sun,11,12,2022-11-27,28-086,JAX,,BAL,W 28-27,0.40,1.40,1.4,0.9,51,81.0,0,0.0,0,0.0,TE,EngrEv00
2646,Gerald Everett,0.40,4,Sun,17,18,2024-01-07,29-196,LAC,,KAN,L 12-13,0.40,1.40,1.4,0.9,4,4.8,0,0.0,0,0.0,TE,EverGe00
2647,Noah Fant,0.40,40,Sun,10,11,2023-11-19,25-364,SEA,@,LAR,L 16-17,0.40,1.40,1.4,0.9,40,61.5,0,0.0,0,0.0,TE,FantNo00
2648,Luke Farrell,0.40,25,Sun,3,3,2023-09-24,25-345,JAX,,HOU,L 17-37,0.40,1.40,1.4,0.9,25,34.2,0,0.0,9,31.0,TE,FarrLu00
2649,Luke Farrell,0.40,31,Sun,17,18,2025-01-05,27-083,JAX,@,IND,L 23-26 (OT),0.40,1.40,1.4,0.9,31,44.9,0,0.0,7,20.0,TE,FarrLu00
2650,Jake Ferguson,0.40,14,Sun,17,18,2023-01-08,23-355,DAL,@,WAS,L 6-26,0.40,1.40,1.4,0.9,14,20.9,0,0.0,17,50.0,TE,FergJa00
2651,Jake Ferguson,0.40,45,Sun,9,10,2024-11-10,25-297,DAL,,PHI,L 6-34,0.40,4.40,5.4,2.4,45,75.0,0,0.0,0,0.0,TE,FergJa00
2652,Zach Gentry,0.40,42,Sun,6,6,2022-10-16,26-036,PIT,,TAM,W 20-18,0.40,1.40,1.4,0.9,42,65.6,0,0.0,4,14.3,TE,GentZa00
2653,Zach Gentry,0.40,42,Sun,14,15,2022-12-18,26-099,PIT,@,CAR,W 24-16,0.40,1.40,1.4,0.9,42,61.8,0,0.0,5,20.0,TE,GentZa00
2654,Dallas Goedert,0.40,23,Sun,17,18,2024-01-07,29-004,PHI,@,NYG,L 10-27,0.40,1.40,1.4,0.9,23,35.4,0,0.0,0,0.0,TE,GoedDa00
2655,Kylen Granson,0.40,20,Sun,8,8,2024-10-27,26-214,IND,@,HOU,L 20-23,0.40,1.40,1.4,0.9,20,31.3,0,0.0,18,54.5,TE,GranKy00
2656,Kylen Granson,0.40,32,Sun,11,11,2024-11-17,26-235,IND,@,NYJ,W 28-27,0.40,1.40,1.4,0.9,32,45.7,0,0.0,17,54.8,TE,GranKy00
2657,Connor Heyward,0.40,23,Sat,17,18,2024-01-06,24-349,PIT,@,BAL,W 17-10,0.40,2.40,2.4,1.4,23,37.1,0,0.0,18,66.7,TE,HeywCo00
2658,Connor Heyward,0.40,24,Sun,6,6,2024-10-13,25-265,PIT,@,LVR,W 32-13,0.40,1.40,1.4,0.9,24,35.8,0,0.0,17,68.0,TE,HeywCo00
2659,Julian Hill,0.40,34,Sun,8,8,2023-10-29,23-112,MIA,,NWE,W 31-17,0.40,1.40,1.4,0.9,34,44.2,0,0.0,6,23.1,TE,HillJu02
2660,Julian Hill,0.40,36,Sun,6,7,2024-10-20,24-103,MIA,@,IND,L 10-16,0.40,1.40,1.4,0.9,36,52.2,0,0.0,17,63.0,TE,HillJu02
2661,Taysom Hill,0.40,9,Sun,1,1,2023-09-10,33-018,NOR,,TEN,W 16-15,0.40,0.40,0.4,0.4,9,13.8,0,0.0,8,28.6,TE/QB,HillTa00
2662,Austin Hooper,0.40,20,Sun,4,4,2022-10-02,27-338,TEN,@,IND,W 24-17,0.40,1.40,1.4,0.9,20,37.0,0,0.0,0,0.0,TE,HoopAu00
2663,Jesper Horsted,0.40,5,Sun,7,7,2023-10-22,26-237,LVR,@,CHI,L 12-30,0.40,1.40,1.4,0.9,5,7.7,0,0.0,15,65.2,TE,HorsJe00
2664,Brevin Jordan,0.40,27,Sun,2,2,2024-09-15,24-061,HOU,,CHI,W 19-13,0.40,1.40,1.4,0.9,27,43.5,0,0.0,7,23.3,TE,JordBr00
2665,Cole Kmet,0.40,27,Sun,1,1,2024-09-08,25-182,CHI,,TEN,W 24-17,0.40,1.40,1.4,0.9,27,48.2,0,0.0,4,13.8,TE,KmetCo00
2666,Dawson Knox,0.40,34,Sun,16,17,2024-12-29,28-045,BUF,,NYJ,W 40-14,0.40,1.40,1.4,0.9,34,48.6,0,0.0,0,0.0,TE,KnoxDa00
2667,Charlie Kolar,0.40,14,Sun,2,2,2024-09-15,25-218,BAL,,LVR,L 23-26,0.40,1.40,1.4,0.9,14,21.5,0,0.0,26,78.8,TE,KolaCh00
2668,Charlie Kolar,0.40,27,Thu,10,10,2024-11-07,25-271,BAL,,CIN,W 35-34,0.40,1.40,1.4,0.9,27,42.9,0,0.0,24,85.7,TE,KolaCh00
2669,Marcedes Lewis,0.40,18,Sun,13,14,2023-12-10,39-205,CHI,,DET,W 28-13,0.40,1.40,1.4,0.9,18,25.4,0,0.0,0,0.0,TE,LewiMa00
2670,Isaiah Likely,0.40,13,Sat,15,16,2022-12-24,22-250,BAL,,ATL,W 17-9,0.40,1.40,1.4,0.9,13,25.0,0,0.0,2,9.5,TE,LikeIs00
2671,Isaiah Likely,0.40,46,Sun,1,1,2023-09-10,23-145,BAL,,HOU,W 25-9,0.40,1.40,1.4,0.9,46,71.9,0,0.0,8,32.0,TE,LikeIs00
2672,Isaiah Likely,0.40,39,Sun,3,3,2024-09-22,24-157,BAL,@,DAL,W 28-25,0.40,1.40,1.4,0.9,39,61.9,0,0.0,2,7.1,TE,LikeIs00
2673,Hunter Long,0.40,26,Sun,8,9,2024-11-03,26-076,LAR,@,SEA,W 26-20 (OT),0.40,1.40,1.4,0.9,26,33.8,0,0.0,20,62.5,TE,LongHu00
2674,Will Mallory,0.40,13,Sun,12,13,2023-12-03,24-164,IND,@,TEN,W 31-28 (OT),0.40,2.40,2.4,1.4,13,18.3,0,0.0,0,0.0,TE,MallWi00
2675,Tre' McKitty,0.40,37,Sun,4,4,2022-10-02,23-263,LAC,@,HOU,W 34-24,0.40,1.40,1.4,0.9,37,52.9,0,0.0,5,17.2,TE,McKiTr00
2676,James Mitchell,0.40,15,Sun,9,10,2022-11-13,23-094,DET,@,CHI,W 31-30,0.40,1.40,1.4,0.9,15,24.2,0,0.0,11,37.9,TE,MitcJa00
2677,James Mitchell,0.40,19,Sat,16,17,2023-12-30,24-141,DET,@,DAL,L 19-20,0.40,1.40,1.4,0.9,19,27.5,0,0.0,13,50.0,TE,MitcJa00
2678,Johnny Mundt,0.40,5,Sun,13,14,2023-12-10,29-017,MIN,@,LVR,W 3-0,0.40,1.40,1.4,0.9,5,6.9,0,0.0,12,54.5,TE,MundJo00
2679,Luke Musgrave,0.40,12,Sun,16,17,2024-12-29,24-118,GNB,@,MIN,L 25-27,0.40,1.40,1.4,0.9,12,19.0,0,0.0,5,18.5,TE,MusgLu00
2680,Josh Oliver,0.40,38,Thu,8,8,2022-10-27,25-220,BAL,@,TAM,W 27-22,0.40,1.40,1.4,0.9,38,50.0,0,0.0,11,35.5,TE,OlivJo00
2681,Cade Otton,0.40,33,Sun,2,2,2022-09-18,23-156,TAM,@,NOR,W 20-10,0.40,1.40,1.4,0.9,33,49.3,0,0.0,15,57.7,TE,OttoCa00
2682,Richard Rodgers,0.40,13,Sun,9,10,2022-11-13,30-295,LAC,@,SFO,L 16-22,0.40,1.40,1.4,0.9,13,22.4,0,0.0,8,28.6,TE,RodgRi00
2683,Jeremy Ruckert,0.40,21,Thu,9,9,2024-10-31,24-081,NYJ,,HOU,W 21-13,0.40,1.40,1.4,0.9,21,36.2,0,0.0,12,46.2,TE,RuckJe00
2684,Drew Sample,0.40,19,Sun,6,6,2023-10-15,27-182,CIN,,SEA,W 17-13,0.40,1.40,1.4,0.9,19,35.2,0,0.0,13,56.5,TE,SampDr00
2685,Drew Sample,0.40,40,Sun,13,14,2023-12-10,27-238,CIN,,IND,W 34-14,0.40,2.40,2.4,1.4,40,66.7,0,0.0,14,51.9,TE,SampDr00
2686,Ja'Tavion Sanders,0.40,43,Sun,1,1,2024-09-08,21-165,CAR,@,NOR,L 10-47,0.40,1.40,1.4,0.9,43,72.9,0,0.0,12,40.0,TE,SandJa01
2687,Eric Saubert,0.40,17,Sun,13,14,2024-12-08,30-221,SFO,,CHI,W 38-13,0.40,1.40,1.4,0.9,17,27.9,0,0.0,17,68.0,TE,SaubEr00
2688,Luke Schoonmaker,0.40,13,Sun,15,16,2023-12-24,25-087,DAL,@,MIA,L 20-22,0.40,1.40,1.4,0.9,13,19.7,0,0.0,13,50.0,TE,SchoLu00
2689,Dalton Schultz,0.40,62,Sun,1,1,2023-09-10,27-061,HOU,@,BAL,L 9-25,0.40,2.40,2.4,1.4,62,80.5,0,0.0,0,0.0,TE,SchuDa00
2690,Jonnu Smith,0.40,17,Mon,7,7,2022-10-24,27-063,NWE,,CHI,L 14-33,0.40,1.40,1.4,0.9,17,32.7,0,0.0,7,28.0,TE,SmitJo01
2691,Durham Smythe,0.40,26,Sun,8,9,2024-11-03,29-086,MIA,@,BUF,L 27-30,0.40,1.40,1.4,0.9,26,42.6,0,0.0,13,52.0,TE,SmytDu00
2692,Jack Stoll,0.40,37,Sun,3,3,2022-09-25,24-240,PHI,@,WAS,W 24-8,0.40,1.40,1.4,0.9,37,52.9,0,0.0,12,46.2,TE,StolJa00
2693,Jack Stoll,0.40,22,Sun,5,5,2023-10-08,25-253,PHI,@,LAR,W 23-14,0.40,1.40,1.4,0.9,22,27.8,0,0.0,9,45.0,TE,StolJa00
2694,Jack Stoll,0.40,22,Sun,4,4,2024-09-29,26-245,PHI,@,TAM,L 16-33,0.40,1.40,1.4,0.9,22,38.6,0,0.0,14,51.9,TE,StolJa00
2695,Cade Stover,0.40,37,Sun,13,13,2024-12-01,24-172,HOU,@,JAX,W 23-20,0.40,1.40,1.4,0.9,37,58.7,0,0.0,20,74.1,TE,StovCa00
2696,Geoff Swaim,0.40,20,Sun,12,13,2022-12-04,29-079,TEN,@,PHI,L 10-35,0.40,1.40,1.4,0.9,20,36.4,0,0.0,2,6.9,TE,SwaiGe00
2697,Geoff Swaim,0.40,29,Thu,16,17,2022-12-29,29-104,TEN,,DAL,L 13-27,0.40,1.40,1.4,0.9,29,44.6,0,0.0,3,12.0,TE,SwaiGe00
2698,Ian Thomas,0.40,21,Sun,7,7,2024-10-20,28-136,CAR,@,WAS,L 7-40,0.40,2.40,2.4,1.4,21,48.8,0,0.0,0,0.0,TE,ThomIa00
2699,Robert Tonyan,0.40,37,Mon,14,15,2022-12-19,28-233,GNB,,LAR,W 24-12,0.40,1.40,1.4,0.9,37,52.1,0,0.0,0,0.0,TE,TonyRo00
2700,Adam Trautman,0.40,44,Sun,9,9,2024-11-03,27-272,DEN,@,BAL,L 10-41,0.40,1.40,1.4,0.9,44,61.1,0,0.0,8,32.0,TE,TrauAd00
2701,Adam Trautman,0.40,36,Thu,6,6,2023-10-12,26-249,DEN,@,KAN,L 8-19,0.40,1.40,1.4,0.9,36,69.2,0,0.0,0,0.0,TE,TrauAd00
2702,Nick Vannett,0.40,28,Sun,13,14,2024-12-08,31-277,TEN,,JAX,L 6-10,0.40,1.40,1.4,0.9,28,43.8,0,0.0,5,27.8,TE,VannNi00
2703,Darren Waller,0.40,17,Sun,8,8,2023-10-29,31-046,NYG,,NYJ,L 10-13 (OT),0.40,1.40,1.4,0.9,17,22.7,0,0.0,0,0.0,TE,WallDa01
2704,Charlie Woerner,0.40,23,Sun,1,1,2024-09-08,26-328,ATL,,PIT,L 10-18,0.40,1.40,1.4,0.9,23,41.1,0,0.0,12,48.0,TE,WoerCh00
2705,Jelani Woods,0.40,19,Sun,7,7,2022-10-23,24-014,IND,@,TEN,L 10-19,0.40,1.40,1.4,0.9,19,29.7,0,0.0,6,25.0,TE,WoodJe01
2706,Kenny Yeboah,0.40,5,Sun,10,10,2024-11-10,26-011,NYJ,@,ARI,L 6-31,0.40,1.40,1.4,0.9,5,8.6,0,0.0,13,72.2,TE,YeboKe00
2707,Shane Zylstra,0.40,23,Sun,12,13,2022-12-04,26-018,DET,,JAX,W 40-14,0.40,1.40,1.4,0.9,23,30.3,0,0.0,5,19.2,TE,ZylsSh00
2708,Shane Zylstra,0.40,25,Sun,14,15,2022-12-18,26-032,DET,@,NYJ,W 20-17,0.40,1.40,1.4,0.9,25,36.8,0,0.0,3,10.7,TE,ZylsSh00
2709,Nate Adkins,0.30,6,Sun,7,7,2023-10-22,24-105,DEN,,GNB,W 19-17,0.30,1.30,1.3,0.8,6,10.2,0,0.0,5,20.0,TE,AdkiNa00
2710,Jordan Akins,0.30,17,Sun,13,14,2023-12-10,31-235,CLE,,JAX,W 31-27,0.30,1.30,1.3,0.8,17,22.4,0,0.0,9,26.5,TE,AkinJo00
2711,Blake Bell,0.30,18,Sat,17,18,2023-01-07,31-153,KAN,@,LVR,W 31-13,0.30,1.30,1.3,0.8,18,30.5,0,0.0,3,13.0,TE,BellBl00
2712,Blake Bell,0.30,41,Sun,17,18,2024-01-07,32-153,KAN,@,LAC,W 13-12,0.30,1.30,1.3,0.8,41,70.7,0,0.0,9,33.3,TE,BellBl00
2713,Daniel Bellinger,0.30,16,Sun,1,1,2024-09-08,23-352,NYG,,MIN,L 6-28,0.30,1.30,1.3,0.8,16,22.5,0,0.0,13,54.2,TE,BellDa00
2714,Pharaoh Brown,0.30,28,Mon,4,4,2024-09-30,30-149,SEA,@,DET,L 29-42,0.30,1.30,1.3,0.8,28,31.1,0,0.0,14,48.3,TE,BrowPh01
2715,Tyler Davis,0.30,15,Sun,1,1,2022-09-11,25-162,GNB,@,MIN,L 7-23,0.30,1.30,1.3,0.8,15,24.6,0,0.0,17,73.9,TE,DaviTy02
2716,Will Dissly,0.30,19,Sun,13,14,2023-12-10,27-155,SEA,@,SFO,L 16-28,0.30,1.30,1.3,0.8,19,32.2,0,0.0,13,48.1,TE,DissWi00
2717,Greg Dulcich,0.30,11,Thu,6,6,2023-10-12,23-200,DEN,@,KAN,L 8-19,0.30,1.30,1.3,0.8,11,21.2,0,0.0,0,0.0,TE,DulcGr00
2718,Gerald Everett,0.30,21,Sun,7,8,2024-10-27,30-124,CHI,@,WAS,L 15-18,0.30,1.30,1.3,0.8,21,33.3,0,0.0,0,0.0,TE,EverGe00
2719,Luke Farrell,0.30,6,Sun,12,13,2022-12-04,25-051,JAX,@,DET,L 14-40,0.30,1.30,1.3,0.8,6,10.7,0,0.0,12,46.2,TE,FarrLu00
2720,Luke Farrell,0.30,14,Sun,11,11,2024-11-17,27-034,JAX,@,DET,L 6-52,0.30,1.30,1.3,0.8,14,29.2,0,0.0,9,34.6,TE,FarrLu00
2721,Zach Gentry,0.30,29,Sun,8,8,2022-10-30,26-050,PIT,@,PHI,L 13-35,0.30,1.30,1.3,0.8,29,38.2,0,0.0,3,11.1,TE,GentZa00
2722,Mike Gesicki,0.30,28,Sun,9,9,2022-11-06,27-034,MIA,@,CHI,W 35-32,0.30,1.30,1.3,0.8,28,49.1,0,0.0,0,0.0,TE,GesiMi00
2723,Peyton Hendershot,0.30,37,Sun,3,3,2023-09-24,24-154,DAL,@,ARI,L 16-28,0.30,1.30,1.3,0.8,37,45.7,0,0.0,10,40.0,TE,HendPe01
2724,Connor Heyward,0.30,6,Sat,15,16,2024-12-21,25-334,PIT,@,BAL,L 17-34,0.30,1.30,1.3,0.8,6,10.0,0,0.0,18,66.7,TE,HeywCo00
2725,Brevin Jordan,0.30,23,Sun,2,2,2022-09-18,22-064,HOU,@,DEN,L 9-16,0.30,2.30,2.3,1.3,23,36.5,0,0.0,4,15.4,TE,JordBr00
2726,Brevin Jordan,0.30,40,Sun,1,1,2024-09-08,24-054,HOU,@,IND,W 29-27,0.30,1.30,1.3,0.8,40,50.6,0,0.0,13,52.0,TE,JordBr00
2727,Dalton Kincaid,0.30,35,Sun,3,3,2023-09-24,23-341,BUF,@,WAS,W 37-3,0.30,2.30,2.3,1.3,35,51.5,0,0.0,0,0.0,TE,KincDa00
2728,Cole Kmet,0.30,61,Sun,17,18,2025-01-05,25-301,CHI,@,GNB,W 24-22,0.30,2.30,2.3,1.3,61,98.4,0,0.0,4,14.8,TE,KmetCo00
2729,Lucas Krull,0.30,24,Sat,16,17,2024-12-28,26-170,DEN,@,CIN,L 24-30 (OT),0.30,1.30,1.3,0.8,24,40.0,0,0.0,9,36.0,TE,KrulLu00
2730,Michael Mayer,0.30,34,Sun,1,1,2024-09-08,23-064,LVR,@,LAC,L 10-22,0.30,2.30,2.3,1.3,34,56.7,0,0.0,0,0.0,TE,MayeMi00
2731,Foster Moreau,0.30,40,Sun,17,18,2024-01-07,26-246,NOR,,ATL,W 48-17,0.30,1.30,1.3,0.8,40,59.7,0,0.0,15,46.9,TE,MoreFo00
2732,Quintin Morris,0.30,18,Thu,11,12,2022-11-24,23-307,BUF,@,DET,W 28-25,0.30,1.30,1.3,0.8,18,23.4,0,0.0,22,84.6,TE,MorrQu00
2733,Johnny Mundt,0.30,7,Sat,14,15,2023-12-16,29-023,MIN,@,CIN,L 24-27 (OT),0.30,1.30,1.3,0.8,7,10.3,0,0.0,12,44.4,TE,MundJo00
2734,Luke Musgrave,0.30,35,Sun,3,3,2024-09-22,24-020,GNB,@,TEN,W 30-14,0.30,1.30,1.3,0.8,35,55.6,0,0.0,5,17.9,TE,MusgLu00
2735,Chigoziem Okonkwo,0.30,24,Sun,7,8,2022-10-30,23-052,TEN,@,HOU,W 17-10,0.30,1.30,1.3,0.8,24,41.4,0,0.0,19,70.4,TE,OkonCh00
2736,Colby Parkinson,0.30,33,Sun,9,10,2023-11-12,24-308,SEA,,WAS,W 29-26,0.30,1.30,1.3,0.8,33,40.7,0,0.0,7,20.0,TE,ParkCo02
2737,MyCole Pruitt,0.30,19,Sun,8,8,2023-10-29,31-219,ATL,@,TEN,L 23-28,0.30,1.30,1.3,0.8,19,27.9,0,0.0,5,14.3,TE,PruiMy00
2738,Jeremy Ruckert,0.30,17,Sun,12,13,2024-12-01,24-112,NYJ,,SEA,L 21-26,0.30,1.30,1.3,0.8,17,25.0,0,0.0,12,50.0,TE,RuckJe00
2739,Drew Sample,0.30,55,Sat,16,17,2024-12-28,28-256,CIN,,DEN,W 30-24 (OT),0.30,1.30,1.3,0.8,55,61.1,0,0.0,12,48.0,TE,SampDr00
2740,Luke Schoonmaker,0.30,20,Sun,15,16,2024-12-22,26-085,DAL,,TAM,W 26-24,0.30,1.30,1.3,0.8,20,33.3,0,0.0,5,16.7,TE,SchoLu00
2741,Ben Sinnott,0.30,24,Sun,13,13,2024-12-01,22-170,WAS,,TEN,W 42-19,0.30,1.30,1.3,0.8,24,28.9,0,0.0,5,17.9,TE,SinnBe00
2742,Stone Smartt,0.30,16,Sun,12,13,2022-12-04,24-061,LAC,@,LVR,L 20-27,0.30,2.30,2.3,1.3,16,21.3,0,0.0,0,0.0,TE,SmarSt00
2743,Stone Smartt,0.30,7,Sun,12,13,2024-12-01,26-058,LAC,@,ATL,W 17-13,0.30,1.30,1.3,0.8,7,15.2,0,0.0,9,40.9,TE,SmarSt00
2744,Durham Smythe,0.30,18,Sun,3,3,2024-09-22,29-044,MIA,@,SEA,L 3-24,0.30,1.30,1.3,0.8,18,29.5,0,0.0,5,18.5,TE,SmytDu00
2745,Durham Smythe,0.30,23,Sun,10,11,2024-11-17,29-100,MIA,,LVR,W 34-19,0.30,1.30,1.3,0.8,23,33.8,0,0.0,5,21.7,TE,SmytDu00
2746,Jack Stoll,0.30,31,Mon,10,11,2023-11-20,25-296,PHI,@,KAN,W 21-17,0.30,1.30,1.3,0.8,31,55.4,0,0.0,10,38.5,TE,StolJa00
2747,Geoff Swaim,0.30,47,Thu,10,11,2022-11-17,29-062,TEN,@,GNB,W 27-17,0.30,1.30,1.3,0.8,47,71.2,0,0.0,8,36.4,TE,SwaiGe00
2748,Ian Thomas,0.30,31,Sun,7,7,2022-10-23,26-139,CAR,,TAM,W 21-3,0.30,1.30,1.3,0.8,31,62.0,0,0.0,8,33.3,TE,ThomIa00
2749,Ian Thomas,0.30,13,Sun,10,10,2024-11-10,28-157,CAR,,NYG,W 20-17 (OT),0.30,1.30,1.3,0.8,13,21.7,0,0.0,0,0.0,TE,ThomIa00
2750,Adam Trautman,0.30,36,Sun,12,12,2024-11-24,27-293,DEN,@,LVR,W 29-19,0.30,1.30,1.3,0.8,36,52.9,0,0.0,5,14.7,TE,TrauAd00
2751,Nick Vannett,0.30,26,Sun,17,18,2024-01-07,30-307,LAC,,KAN,L 12-13,0.30,1.30,1.3,0.8,26,31.3,0,0.0,10,37.0,TE,VannNi00
2752,Trevon Wesco,0.30,13,Sun,12,12,2022-11-27,27-076,CHI,@,NYJ,L 10-31,0.30,1.30,1.3,0.8,13,22.8,0,0.0,11,44.0,TE,WescTr00
2753,Josh Whyle,0.30,12,Sun,12,13,2024-12-01,25-084,TEN,@,WAS,L 19-42,0.30,1.30,1.3,0.8,12,21.8,0,0.0,5,17.9,TE,WhylJo01
2754,Mitchell Wilcox,0.30,19,Sun,2,2,2022-09-18,25-315,CIN,@,DAL,L 17-20,0.30,1.30,1.3,0.8,19,27.1,0,0.0,19,73.1,TE,WilcMi01
2755,Mitchell Wilcox,0.30,15,Mon,8,8,2022-10-31,25-358,CIN,@,CLE,L 13-32,0.30,1.30,1.3,0.8,15,28.3,0,0.0,12,52.2,TE,WilcMi01
2756,Charlie Woerner,0.30,22,Sun,13,14,2023-12-10,26-055,SFO,,SEA,W 28-16,0.30,1.30,1.3,0.8,22,40.7,0,0.0,15,55.6,TE,WoerCh00
2757,Jordan Akins,0.20,9,Mon,2,2,2023-09-18,31-152,CLE,@,PIT,L 22-26,0.20,1.20,1.2,0.7,9,10.3,0,0.0,0,0.0,TE,AkinJo00
2758,Mo Alie-Cox,0.20,23,Mon,15,16,2022-12-26,29-098,IND,,LAC,L 3-20,0.20,1.20,1.2,0.7,23,44.2,0,0.0,1,5.6,TE,AlieMo00
2759,Stephen Anderson,0.20,19,Sun,2,2,2022-09-18,29-231,ARI,@,LVR,W 29-23 (OT),0.20,1.20,1.2,0.7,19,21.8,0,0.0,9,42.9,TE,AndeSt01
2760,Tyler Conklin,0.20,43,Mon,1,1,2023-09-11,28-043,NYJ,,BUF,W 22-16 (OT),0.20,1.20,1.2,0.7,43,79.6,0,0.0,1,3.8,TE,ConkTy00
2761,Josiah Deguara,0.20,10,Sun,5,5,2024-10-06,27-235,JAX,,IND,W 37-34,0.20,1.20,1.2,0.7,10,17.2,0,0.0,21,61.8,TE,DeguJo00
2762,Ben Ellefson,0.20,17,Sun,1,1,2022-09-11,26-010,MIN,,GNB,W 23-7,0.20,1.20,1.2,0.7,17,27.4,0,0.0,12,52.2,TE,ElleBe00
2763,Gerald Everett,0.20,46,Sun,5,5,2022-10-09,28-106,LAC,@,CLE,W 30-28,0.20,1.20,1.2,0.7,46,64.8,0,0.0,0,0.0,TE,EverGe00
2764,John FitzPatrick,0.20,14,Sun,11,12,2024-11-24,24-260,GNB,,SFO,W 38-10,0.20,1.20,1.2,0.7,14,19.4,0,0.0,4,16.0,TE,FitzJo00
2765,Pat Freiermuth,0.20,41,Mon,2,2,2023-09-18,24-328,PIT,,CLE,W 26-22,0.20,1.20,1.2,0.7,41,75.9,0,0.0,4,12.9,TE,FreiPa00
2766,Zach Gentry,0.20,39,Sun,4,4,2022-10-02,26-022,PIT,,NYJ,L 20-24,0.20,1.20,1.2,0.7,39,60.9,0,0.0,4,15.4,TE,GentZa00
2767,Mike Gesicki,0.20,17,Sun,7,7,2024-10-20,29-017,CIN,@,CLE,W 21-14,0.20,1.20,1.2,0.7,17,30.9,0,0.0,1,3.6,TE,GesiMi00
2768,Ryan Griffin,0.20,17,Sat,15,16,2022-12-24,32-347,CHI,,BUF,L 13-35,0.20,1.20,1.2,0.7,17,27.0,0,0.0,13,52.0,TE,GrifRy00
2769,Connor Heyward,0.20,11,Sun,3,3,2024-09-22,25-244,PIT,,LAC,W 20-10,0.20,1.20,1.2,0.7,11,16.2,0,0.0,19,73.1,TE,HeywCo00
2770,Elijah Higgins,0.20,9,Sun,11,11,2023-11-19,23-023,ARI,@,HOU,L 16-21,0.20,1.20,1.2,0.7,9,14.8,0,0.0,5,27.8,TE,HiggEl00
2771,Julian Hill,0.20,17,Sun,17,18,2024-01-07,23-182,MIA,,BUF,L 14-21,0.20,1.20,1.2,0.7,17,32.7,0,0.0,9,50.0,TE,HillJu02
2772,Taysom Hill,0.20,10,Thu,15,16,2023-12-21,33-120,NOR,@,LAR,L 22-30,0.20,0.20,0.2,0.2,10,16.7,0,0.0,5,20.8,TE/QB,HillTa00
2773,Juwan Johnson,0.20,51,Sun,10,10,2023-11-12,27-060,NOR,@,MIN,L 19-27,0.20,1.20,1.2,0.7,51,76.1,0,0.0,4,13.8,TE,JohnJu02
2774,Marcedes Lewis,0.20,13,Sun,6,6,2024-10-13,40-147,CHI,,JAX,W 35-16,0.20,1.20,1.2,0.7,13,19.7,0,0.0,6,25.0,TE,LewiMa00
2775,Michael Mayer,0.20,16,Sun,2,2,2023-09-17,22-073,LVR,@,BUF,L 10-38,0.20,1.20,1.2,0.7,16,40.0,0,0.0,5,22.7,TE,MayeMi00
2776,Trey McBride,0.20,30,Sun,3,3,2023-09-24,23-306,ARI,,DAL,W 28-16,0.20,1.20,1.2,0.7,30,49.2,0,0.0,8,32.0,TE,McBrTr01
2777,Foster Moreau,0.20,40,Sun,3,3,2024-09-22,27-139,NOR,,PHI,L 12-15,0.20,1.20,1.2,0.7,40,71.4,0,0.0,2,11.8,TE,MoreFo00
2778,Andrew Ogletree,0.20,22,Sun,10,10,2024-11-10,26-105,IND,,BUF,L 20-30,0.20,1.20,1.2,0.7,22,34.4,0,0.0,12,48.0,TE,OgleAn00
2779,Josh Oliver,0.20,23,Sun,10,11,2022-11-20,25-244,BAL,,CAR,W 13-3,0.20,1.20,1.2,0.7,23,33.3,0,0.0,9,39.1,TE,OlivJo00
2780,Giovanni Ricci,0.20,8,Thu,10,10,2022-11-10,26-025,CAR,,ATL,W 25-15,0.20,1.20,1.2,0.7,8,12.1,0,0.0,11,37.9,TE,RiccGi00
2781,Giovanni Ricci,0.20,8,Sun,1,1,2023-09-10,26-329,CAR,@,ATL,L 10-24,0.20,1.20,1.2,0.7,8,10.4,0,0.0,19,73.1,TE,RiccGi00
2782,Armani Rogers,0.20,11,Sun,17,18,2023-01-08,25-035,WAS,,DAL,W 26-6,0.20,0.20,0.2,0.2,11,16.7,0,0.0,33,97.1,TE,RogeAr00
2783,Jeremy Ruckert,0.20,19,Sun,5,5,2023-10-08,23-058,NYJ,@,DEN,W 31-21,0.20,1.20,1.2,0.7,19,29.2,0,0.0,16,50.0,TE,RuckJe00
2784,Drew Sample,0.20,29,Sun,1,1,2022-09-11,26-148,CIN,,PIT,L 20-23 (OT),0.20,1.20,1.2,0.7,29,29.0,0,0.0,9,28.1,TE,SampDr00
2785,Eric Saubert,0.20,19,Sun,13,14,2022-12-11,28-224,DEN,,KAN,L 28-34,0.20,1.20,1.2,0.7,19,26.4,0,0.0,23,71.9,TE,SaubEr00
2786,Eric Saubert,0.20,18,Sun,16,17,2023-12-31,29-244,HOU,,TEN,W 26-3,0.20,1.20,1.2,0.7,18,29.5,0,0.0,16,66.7,TE,SaubEr00
2787,Dalton Schultz,0.20,29,Sun,11,12,2023-11-26,27-138,HOU,,JAX,L 21-24,0.20,1.20,1.2,0.7,29,48.3,0,0.0,0,0.0,TE,SchuDa00
2788,Ben Sims,0.20,4,Sun,6,7,2023-10-22,23-159,GNB,@,DEN,L 17-19,0.20,1.20,1.2,0.7,4,6.3,0,0.0,6,24.0,TE,SimsBe00
2789,Ben Sims,0.20,16,Sun,7,7,2024-10-20,24-157,GNB,,HOU,W 24-22,0.20,1.20,1.2,0.7,16,27.6,0,0.0,6,20.7,TE,SimsBe00
2790,Ben Sims,0.20,18,Thu,13,14,2024-12-05,24-203,GNB,@,DET,L 31-34,0.20,1.20,1.2,0.7,18,36.0,0,0.0,6,21.4,TE,SimsBe00
2791,Brevyn Spann-Ford,0.20,22,Sun,14,15,2024-12-15,24-354,DAL,@,CAR,W 30-14,0.20,1.20,1.2,0.7,22,30.1,0,0.0,5,20.0,TE,SpanBr00
2792,Cade Stover,0.20,29,Sun,10,10,2024-11-10,24-151,HOU,,DET,L 23-26,0.20,1.20,1.2,0.7,29,42.6,0,0.0,21,70.0,TE,StovCa00
2793,Brenton Strange,0.20,34,Sun,15,16,2024-12-22,23-361,JAX,@,LVR,L 14-19,0.20,2.20,3.2,1.2,34,50.7,0,0.0,14,51.9,TE,StraBr00
2794,Ian Thomas,0.20,44,Sun,8,8,2022-10-30,26-146,CAR,@,ATL,L 34-37 (OT),0.20,1.20,1.2,0.7,44,55.0,0,0.0,13,37.1,TE,ThomIa00
2795,Logan Thomas,0.20,40,Sun,6,6,2023-10-15,32-106,WAS,@,ATL,W 24-16,0.20,1.20,1.2,0.7,40,78.4,0,0.0,0,0.0,TE,ThomLo00
2796,Eric Tomlinson,0.20,16,Sun,8,9,2024-11-03,32-195,LAC,@,CLE,W 27-10,0.20,1.20,1.2,0.7,16,28.1,0,0.0,17,58.6,TE,TomlEr01
2797,Tommy Tremble,0.20,49,Sun,12,12,2022-11-27,22-178,CAR,,DEN,W 23-10,0.20,1.20,1.2,0.7,49,74.2,0,0.0,14,46.7,TE,TremTo00
2798,Tommy Tremble,0.20,29,Sun,17,18,2023-01-08,22-220,CAR,@,NOR,W 10-7,0.20,1.20,1.2,0.7,29,49.2,0,0.0,10,50.0,TE,TremTo00
2799,Tommy Tremble,0.20,52,Sun,13,14,2023-12-10,23-191,CAR,@,NOR,L 6-28,0.20,1.20,1.2,0.7,52,65.0,0,0.0,11,45.8,TE,TremTo00
2800,Cole Turner,0.20,7,Sun,13,13,2023-12-03,23-262,WAS,,MIA,L 15-45,0.20,1.20,1.2,0.7,7,12.7,0,0.0,10,35.7,TE,TurnCo00
2801,Josh Whyle,0.20,23,Sun,5,6,2024-10-13,25-035,TEN,,IND,L 17-20,0.20,1.20,1.2,0.7,23,39.7,0,0.0,5,19.2,TE,WhylJo01
2802,Jelani Woods,0.20,18,Sun,9,9,2022-11-06,24-028,IND,@,NWE,L 3-26,0.20,1.20,1.2,0.7,18,29.0,0,0.0,0,0.0,TE,WoodJe01
2803,Brock Wright,0.20,30,Sun,1,1,2024-09-08,25-286,DET,,LAR,W 26-20 (OT),0.20,1.20,1.2,0.7,30,49.2,0,0.0,4,15.4,TE,WrigBr01
2804,Andrew Beck,0.10,21,Sun,14,15,2022-12-18,26-217,DEN,,ARI,W 24-15,0.10,0.10,0.1,0.1,21,30.4,0,0.0,19,67.9,TE,BeckAn01
2805,Daniel Bellinger,0.10,44,Sun,1,1,2023-09-10,22-353,NYG,,DAL,L 0-40,0.10,1.10,1.1,0.6,44,62.9,0,0.0,13,54.2,TE,BellDa00
2806,Jaheim Bell,0.10,3,Sun,9,9,2024-11-03,23-142,NWE,@,TEN,L 17-20 (OT),0.10,1.10,1.1,0.6,3,4.3,0,0.0,12,46.2,TE,BellJa00
2807,Tanner Conner,0.10,8,Sun,3,3,2024-09-22,26-186,MIA,@,SEA,L 3-24,0.10,1.10,1.1,0.6,8,13.1,0,0.0,20,74.1,TE,ConnTa00
2808,Gerald Everett,0.10,25,Sun,2,2,2024-09-15,30-082,CHI,@,HOU,L 13-19,0.10,2.10,2.1,1.1,25,35.7,0,0.0,0,0.0,TE,EverGe00
2809,Luke Farrell,0.10,27,Mon,3,3,2024-09-23,26-345,JAX,@,BUF,L 10-47,0.10,1.10,1.1,0.6,27,38.0,0,0.0,11,44.0,TE,FarrLu00
2810,Tucker Fisk,0.10,20,Sun,12,13,2024-12-01,25-317,LAC,@,ATL,W 17-13,0.10,1.10,1.1,0.6,20,43.5,0,0.0,9,40.9,TE,FiskTu00
2811,Zach Gentry,0.10,29,Sat,15,16,2022-12-24,26-105,PIT,,LVR,W 13-10,0.10,1.10,1.1,0.6,29,42.6,0,0.0,5,22.7,TE,GentZa00
2812,Mike Gesicki,0.10,25,Sun,1,1,2022-09-11,26-343,MIA,,NWE,W 20-7,0.10,1.10,1.1,0.6,25,41.7,0,0.0,0,0.0,TE,GesiMi00
2813,Ryan Griffin,0.10,13,Sun,5,5,2022-10-09,32-271,CHI,@,MIN,L 22-29,0.10,1.10,1.1,0.6,13,26.0,0,0.0,6,26.1,TE,GrifRy00
2814,Elijah Higgins,0.10,21,Mon,7,7,2024-10-21,23-360,ARI,,LAC,W 17-15,0.10,1.10,1.1,0.6,21,36.8,0,0.0,10,45.5,TE,HiggEl00
2815,Taysom Hill,0.10,19,Sun,10,10,2022-11-13,32-082,NOR,@,PIT,L 10-20,0.10,0.10,0.1,0.1,19,40.4,0,0.0,8,33.3,TE/QB,HillTa00
2816,George Kittle,0.10,61,Sun,6,6,2023-10-15,30-006,SFO,@,CLE,L 17-19,0.10,1.10,1.1,0.6,61,98.4,0,0.0,0,0.0,TE,KittGe00
2817,Isaiah Likely,0.10,22,Sun,10,11,2022-11-20,22-216,BAL,,CAR,W 13-3,0.10,1.10,1.1,0.6,22,31.9,0,0.0,4,17.4,TE,LikeIs00
2818,Trey McBride,0.10,52,Sun,12,12,2022-11-27,23-005,ARI,,LAC,L 24-25,0.10,1.10,1.1,0.6,52,78.8,0,0.0,5,18.5,TE,McBrTr01
2819,Sean McKeon,0.10,9,Sun,9,10,2022-11-13,24-320,DAL,@,GNB,L 28-31 (OT),0.10,1.10,1.1,0.6,9,10.8,0,0.0,5,16.7,TE,McKeSe01
2820,Johnny Mundt,0.10,29,Sun,6,6,2022-10-16,27-327,MIN,@,MIA,W 24-16,0.10,2.10,2.1,1.1,29,55.8,0,0.0,1,3.2,TE,MundJo00
2821,Johnny Mundt,0.10,15,Sun,8,9,2022-11-06,27-348,MIN,@,WAS,W 20-17,0.10,1.10,1.1,0.6,15,22.7,0,0.0,0,0.0,TE,MundJo00
2822,Luke Musgrave,0.10,14,Thu,4,4,2023-09-28,23-026,GNB,,DET,L 20-34,0.10,1.10,1.1,0.6,14,24.6,0,0.0,5,16.7,TE,MusgLu00
2823,Josh Oliver,0.10,24,Sun,9,9,2023-11-05,26-229,MIN,@,ATL,W 31-28,0.10,2.10,2.1,1.1,24,32.0,0,0.0,12,36.4,TE,OlivJo00
2824,Tip Reiman,0.10,30,Mon,7,7,2024-10-21,23-034,ARI,,LAC,W 17-15,0.10,1.10,1.1,0.6,30,52.6,0,0.0,8,36.4,TE,ReimTi00
2825,Jonnu Smith,0.10,31,Sun,10,10,2023-11-12,28-082,ATL,@,ARI,L 23-25,0.10,1.10,1.1,0.6,31,43.7,0,0.0,0,0.0,TE,SmitJo01
2826,Cade Stover,0.10,19,Wed,16,17,2024-12-25,24-196,HOU,,BAL,L 2-31,0.10,1.10,1.1,0.6,19,33.9,0,0.0,14,58.3,TE,StovCa00
2827,Brenton Strange,0.10,30,Sun,16,17,2023-12-31,23-004,JAX,,CAR,W 26-0,0.10,1.10,1.1,0.6,30,47.6,0,0.0,6,26.1,TE,StraBr00
2828,Tommy Tremble,0.10,18,Sun,1,1,2022-09-11,22-101,CAR,,CLE,L 24-26,0.10,1.10,1.1,0.6,18,34.0,0,0.0,20,62.5,TE,TremTo00
2829,Blake Whiteheart,0.10,21,Sat,17,18,2025-01-04,24-288,CLE,@,BAL,L 10-35,0.10,1.10,1.1,0.6,21,35.6,0,0.0,13,52.0,TE,WhitBl01
2830,Mitchell Wilcox,0.10,12,Sun,11,12,2023-11-26,27-019,CIN,,PIT,L 10-16,0.10,1.10,1.1,0.6,12,27.9,0,0.0,16,66.7,TE,WilcMi01
2831,Brock Wright,0.10,34,Sun,8,9,2024-11-03,25-342,DET,@,GNB,W 24-14,0.10,1.10,1.1,0.6,34,59.6,0,0.0,8,36.4,TE,WrigBr01
2832,Nate Adkins,0.00,14,Sun,1,1,2024-09-08,25-061,DEN,@,SEA,L 20-26,0.00,0.00,0.0,0.0,14,20.3,0,0.0,25,73.5,TE,AdkiNa00
2833,Nate Adkins,0.00,12,Sun,2,2,2024-09-15,25-068,DEN,,PIT,L 6-13,0.00,0.00,0.0,0.0,12,19.7,0,0.0,17,68.0,TE,AdkiNa00
2834,Nate Adkins,0.00,28,Sun,4,4,2024-09-29,25-082,DEN,@,NYJ,W 10-9,0.00,1.00,1.0,0.5,28,45.9,0,0.0,15,53.6,TE,AdkiNa00
2835,Nate Adkins,0.00,19,Thu,7,7,2024-10-17,25-100,DEN,@,NOR,W 33-10,0.00,0.00,0.0,0.0,19,29.2,0,0.0,18,62.1,TE,AdkiNa00
2836,Nate Adkins,0.00,27,Sun,9,9,2024-11-03,25-117,DEN,@,BAL,L 10-41,0.00,0.00,0.0,0.0,27,37.5,0,0.0,15,60.0,TE,AdkiNa00
2837,Nate Adkins,0.00,21,Sun,10,10,2024-11-10,25-124,DEN,@,KAN,L 14-16,0.00,0.00,0.0,0.0,21,36.2,0,0.0,15,60.0,TE,AdkiNa00
2838,Nate Adkins,0.00,20,Sun,12,12,2024-11-24,25-138,DEN,@,LVR,W 29-19,0.00,0.00,0.0,0.0,20,29.4,0,0.0,19,55.9,TE,AdkiNa00
2839,Nate Adkins,0.00,5,Sun,2,2,2023-09-17,24-070,DEN,,WAS,L 33-35,0.00,0.00,0.0,0.0,5,7.6,0,0.0,6,20.0,TE,AdkiNa00
2840,Nate Adkins,0.00,7,Sun,5,5,2023-10-08,24-091,DEN,,NYJ,L 21-31,0.00,0.00,0.0,0.0,7,11.1,0,0.0,8,25.0,TE,AdkiNa00
2841,Nate Adkins,0.00,4,Sun,8,8,2023-10-29,24-112,DEN,,KAN,W 24-9,0.00,0.00,0.0,0.0,4,5.6,0,0.0,13,59.1,TE,AdkiNa00
2842,Nate Adkins,0.00,8,Sun,10,11,2023-11-19,24-133,DEN,,MIN,W 21-20,0.00,0.00,0.0,0.0,8,14.5,0,0.0,10,37.0,TE,AdkiNa00
2843,Nate Adkins,0.00,7,Sun,11,12,2023-11-26,24-140,DEN,,CLE,W 29-12,0.00,0.00,0.0,0.0,7,10.4,0,0.0,12,46.2,TE,AdkiNa00
2844,Nate Adkins,0.00,3,Sun,16,17,2023-12-31,24-175,DEN,,LAC,W 16-9,0.00,0.00,0.0,0.0,3,4.3,0,0.0,17,60.7,TE,AdkiNa00
2845,Nate Adkins,0.00,8,Sun,17,18,2024-01-07,24-182,DEN,@,LVR,L 14-27,0.00,0.00,0.0,0.0,8,13.1,0,0.0,9,36.0,TE,AdkiNa00
2846,Jordan Akins,0.00,13,Sun,3,3,2023-09-24,31-158,CLE,,TEN,W 27-3,0.00,0.00,0.0,0.0,13,18.3,0,0.0,2,8.3,TE,AkinJo00
2847,Jordan Akins,0.00,7,Sun,5,6,2023-10-15,31-179,CLE,,SFO,W 19-17,0.00,0.00,0.0,0.0,7,9.2,0,0.0,9,29.0,TE,AkinJo00
2848,Jordan Akins,0.00,5,Sun,6,7,2023-10-22,31-186,CLE,@,IND,W 39-38,0.00,0.00,0.0,0.0,5,6.7,0,0.0,10,25.0,TE,AkinJo00
2849,Jordan Akins,0.00,15,Sun,10,11,2023-11-19,31-214,CLE,,PIT,W 13-10,0.00,0.00,0.0,0.0,15,20.0,0,0.0,12,41.4,TE,AkinJo00
2850,Jordan Akins,0.00,10,Sun,11,12,2023-11-26,31-221,CLE,@,DEN,L 12-29,0.00,0.00,0.0,0.0,10,13.7,0,0.0,8,30.8,TE,AkinJo00
2851,Jordan Akins,0.00,5,Sun,6,6,2024-10-13,32-177,CLE,@,PHI,L 16-20,0.00,0.00,0.0,0.0,5,8.8,0,0.0,10,37.0,TE,AkinJo00
2852,Jordan Akins,0.00,15,Sun,8,8,2024-10-27,32-191,CLE,,BAL,W 29-24,0.00,0.00,0.0,0.0,15,21.7,0,0.0,10,34.5,TE,AkinJo00
2853,Jordan Akins,0.00,20,Mon,12,13,2024-12-02,32-227,CLE,@,DEN,L 32-41,0.00,0.00,0.0,0.0,20,23.3,0,0.0,19,51.4,TE,AkinJo00
2854,Jordan Akins,0.00,16,Thu,8,9,2022-11-03,30-198,HOU,,PHI,L 17-29,0.00,0.00,0.0,0.0,16,26.7,0,0.0,4,17.4,TE,AkinJo00
2855,Mo Alie-Cox,0.00,28,Sun,6,6,2022-10-16,29-027,IND,,JAX,W 34-27,0.00,0.00,0.0,0.0,28,34.6,0,0.0,4,16.0,TE,AlieMo00
2856,Mo Alie-Cox,0.00,24,Sun,7,7,2022-10-23,29-034,IND,@,TEN,L 10-19,0.00,0.00,0.0,0.0,24,37.5,0,0.0,7,29.2,TE,AlieMo00
2857,Mo Alie-Cox,0.00,29,Sun,8,8,2022-10-30,29-041,IND,,WAS,L 16-17,0.00,0.00,0.0,0.0,29,50.0,0,0.0,9,34.6,TE,AlieMo00
2858,Mo Alie-Cox,0.00,40,Sun,10,10,2022-11-13,29-055,IND,@,LVR,W 25-20,0.00,0.00,0.0,0.0,40,61.5,0,0.0,4,17.4,TE,AlieMo00
2859,Mo Alie-Cox,0.00,40,Sat,14,15,2022-12-17,29-089,IND,@,MIN,L 36-39 (OT),0.00,0.00,0.0,0.0,40,50.6,0,0.0,8,18.6,TE,AlieMo00
2860,Mo Alie-Cox,0.00,31,Sun,16,17,2023-01-01,29-104,IND,@,NYG,L 10-38,0.00,0.00,0.0,0.0,31,53.4,0,0.0,3,12.5,TE,AlieMo00
2861,Mo Alie-Cox,0.00,30,Sun,1,1,2023-09-10,29-356,IND,,JAX,L 21-31,0.00,0.00,0.0,0.0,30,41.7,0,0.0,6,21.4,TE,AlieMo00
2862,Mo Alie-Cox,0.00,25,Sun,3,3,2023-09-24,30-005,IND,@,BAL,W 22-19 (OT),0.00,0.00,0.0,0.0,25,29.8,0,0.0,6,16.7,TE,AlieMo00
2863,Mo Alie-Cox,0.00,8,Sun,6,6,2023-10-15,30-026,IND,@,JAX,L 20-37,0.00,0.00,0.0,0.0,8,10.3,0,0.0,4,12.9,TE,AlieMo00
2864,Mo Alie-Cox,0.00,32,Sun,7,7,2023-10-22,30-033,IND,,CLE,L 38-39,0.00,1.00,0.4,-0.1,32,45.7,0,0.0,13,32.5,TE,AlieMo00
2865,Mo Alie-Cox,0.00,31,Sun,9,9,2023-11-05,30-047,IND,@,CAR,W 27-13,0.00,0.00,0.0,0.0,31,50.8,0,0.0,10,35.7,TE,AlieMo00
2866,Mo Alie-Cox,0.00,34,Sun,10,10,2023-11-12,30-054,IND,@,NWE,W 10-6,0.00,0.00,0.0,0.0,34,59.6,0,0.0,8,38.1,TE,AlieMo00
2867,Mo Alie-Cox,0.00,24,Sun,12,13,2023-12-03,30-075,IND,@,TEN,W 31-28 (OT),0.00,0.00,0.0,0.0,24,33.8,0,0.0,5,13.5,TE,AlieMo00
2868,Mo Alie-Cox,0.00,19,Sun,15,16,2023-12-24,30-096,IND,@,ATL,L 10-29,0.00,0.00,0.0,0.0,19,26.8,0,0.0,6,21.4,TE,AlieMo00
2869,Mo Alie-Cox,0.00,18,Sun,1,1,2024-09-08,30-355,IND,,HOU,L 27-29,0.00,0.00,0.0,0.0,18,40.0,0,0.0,3,12.0,TE,AlieMo00
2870,Mo Alie-Cox,0.00,31,Sun,3,3,2024-09-22,31-003,IND,,CHI,W 21-16,0.00,0.00,0.0,0.0,31,55.4,0,0.0,5,21.7,TE,AlieMo00
2871,Mo Alie-Cox,0.00,31,Sun,4,4,2024-09-29,31-010,IND,,PIT,W 27-24,0.00,0.00,0.0,0.0,31,47.0,0,0.0,9,33.3,TE,AlieMo00
2872,Mo Alie-Cox,0.00,33,Sun,7,7,2024-10-20,31-031,IND,,MIA,W 16-10,0.00,0.00,0.0,0.0,33,53.2,0,0.0,4,14.8,TE,AlieMo00
2873,Mo Alie-Cox,0.00,27,Sun,8,8,2024-10-27,31-038,IND,@,HOU,L 20-23,0.00,0.00,0.0,0.0,27,42.2,0,0.0,6,18.2,TE,AlieMo00
2874,Mo Alie-Cox,0.00,26,Sun,9,9,2024-11-03,31-045,IND,@,MIN,L 13-21,0.00,0.00,0.0,0.0,26,48.1,0,0.0,7,31.8,TE,AlieMo00
2875,Mo Alie-Cox,0.00,27,Sun,10,10,2024-11-10,31-052,IND,,BUF,L 20-30,0.00,0.00,0.0,0.0,27,42.2,0,0.0,5,20.0,TE,AlieMo00
2876,Mo Alie-Cox,0.00,23,Sun,12,12,2024-11-24,31-066,IND,,DET,L 6-24,0.00,0.00,0.0,0.0,23,41.8,0,0.0,8,33.3,TE,AlieMo00
2877,Mo Alie-Cox,0.00,23,Sun,14,15,2024-12-15,31-087,IND,@,DEN,L 13-31,0.00,0.00,0.0,0.0,23,30.3,0,0.0,6,20.0,TE,AlieMo00
2878,Mo Alie-Cox,0.00,31,Sun,16,17,2024-12-29,31-101,IND,@,NYG,L 33-45,0.00,0.00,0.0,0.0,31,40.3,0,0.0,6,18.8,TE,AlieMo00
2879,Mo Alie-Cox,0.00,30,Sun,17,18,2025-01-05,31-108,IND,,JAX,W 26-23 (OT),0.00,0.00,0.0,0.0,30,38.5,0,0.0,12,34.3,TE,AlieMo00
2880,Chase Allen,0.00,2,Sat,15,16,2022-12-24,25-168,CHI,,BUF,L 13-35,0.00,0.00,0.0,0.0,2,3.2,0,0.0,7,28.0,TE,AlleCh03
2881,Davis Allen,0.00,1,Sun,1,1,2023-09-10,22-219,LAR,@,SEA,W 30-13,0.00,0.00,0.0,0.0,1,1.2,0,0.0,1,3.6,TE,AlleDa02
2882,Davis Allen,0.00,1,Sun,4,4,2023-10-01,22-240,LAR,@,IND,W 29-23 (OT),0.00,0.00,0.0,0.0,1,1.2,0,0.0,3,11.1,TE,AlleDa02
2883,Davis Allen,0.00,1,Sun,5,5,2023-10-08,22-247,LAR,,PHI,L 14-23,0.00,0.00,0.0,0.0,1,1.8,0,0.0,9,45.0,TE,AlleDa02
2884,Davis Allen,0.00,4,Sun,6,6,2023-10-15,22-254,LAR,,ARI,W 26-9,0.00,0.00,0.0,0.0,4,7.0,0,0.0,8,29.6,TE,AlleDa02
2885,Davis Allen,0.00,13,Sun,7,7,2023-10-22,22-261,LAR,,PIT,L 17-24,0.00,0.00,0.0,0.0,13,19.1,0,0.0,9,34.6,TE,AlleDa02
2886,Davis Allen,0.00,3,Sun,8,8,2023-10-29,22-268,LAR,@,DAL,L 20-43,0.00,0.00,0.0,0.0,3,4.8,0,0.0,13,43.3,TE,AlleDa02
2887,Davis Allen,0.00,6,Sun,9,9,2023-11-05,22-275,LAR,@,GNB,L 3-20,0.00,0.00,0.0,0.0,6,10.3,0,0.0,10,43.5,TE,AlleDa02
2888,Davis Allen,0.00,1,Sun,10,11,2023-11-19,22-289,LAR,,SEA,W 17-16,0.00,0.00,0.0,0.0,1,1.5,0,0.0,10,38.5,TE,AlleDa02
2889,Davis Allen,0.00,1,Sun,12,13,2023-12-03,22-303,LAR,,CLE,W 36-19,0.00,0.00,0.0,0.0,1,1.6,0,0.0,10,30.3,TE,AlleDa02
2890,Davis Allen,0.00,17,Thu,15,16,2023-12-21,22-321,LAR,,NOR,W 30-22,0.00,0.00,0.0,0.0,17,24.3,0,0.0,4,16.7,TE,AlleDa02
2891,Davis Allen,0.00,4,Sun,16,17,2023-12-31,22-331,LAR,@,NYG,W 26-25,0.00,0.00,0.0,0.0,4,6.5,0,0.0,9,30.0,TE,AlleDa02
2892,Davis Allen,0.00,6,Sun,1,1,2024-09-08,23-218,LAR,@,DET,L 20-26 (OT),0.00,0.00,0.0,0.0,6,7.7,0,0.0,12,46.2,TE,AlleDa02
2893,Davis Allen,0.00,3,Sun,5,5,2024-10-06,23-246,LAR,,GNB,L 19-24,0.00,0.00,0.0,0.0,3,3.8,0,0.0,11,50.0,TE,AlleDa02
2894,Davis Allen,0.00,12,Sun,6,7,2024-10-20,23-260,LAR,,LVR,W 20-15,0.00,0.00,0.0,0.0,12,21.8,0,0.0,9,32.1,TE,AlleDa02
2895,Davis Allen,0.00,28,Thu,7,8,2024-10-24,23-264,LAR,,MIN,W 30-20,0.00,0.00,0.0,0.0,28,38.9,0,0.0,9,36.0,TE,AlleDa02
2896,Davis Allen,0.00,34,Sun,10,11,2024-11-17,23-288,LAR,@,NWE,W 28-22,0.00,0.00,0.0,0.0,34,65.4,0,0.0,6,22.2,TE,AlleDa02
2897,Davis Allen,0.00,31,Sun,11,12,2024-11-24,23-295,LAR,,PHI,L 20-37,0.00,0.00,0.0,0.0,31,48.4,0,0.0,8,28.6,TE,AlleDa02
2898,Davis Allen,0.00,18,Sun,12,13,2024-12-01,23-302,LAR,@,NOR,W 21-14,0.00,0.00,0.0,0.0,18,32.1,0,0.0,4,19.0,TE,AlleDa02
2899,Davis Allen,0.00,22,Sun,13,14,2024-12-08,23-309,LAR,,BUF,W 44-42,0.00,0.00,0.0,0.0,22,28.6,0,0.0,7,21.2,TE,AlleDa02
2900,Davis Allen,0.00,15,Thu,14,15,2024-12-12,23-313,LAR,@,SFO,W 12-6,0.00,0.00,0.0,0.0,15,23.1,0,0.0,3,11.1,TE,AlleDa02
2901,Davis Allen,0.00,12,Sun,15,16,2024-12-22,23-323,LAR,@,NYJ,W 19-9,0.00,0.00,0.0,0.0,12,23.1,0,0.0,4,25.0,TE,AlleDa02
2902,Davis Allen,0.00,10,Sat,16,17,2024-12-28,23-329,LAR,,ARI,W 13-9,0.00,0.00,0.0,0.0,10,17.5,0,0.0,9,40.9,TE,AlleDa02
2903,Davis Allen,0.00,20,Sun,17,18,2025-01-05,23-337,LAR,,SEA,L 25-30,0.00,0.00,0.0,0.0,20,30.3,0,0.0,12,44.4,TE,AlleDa02
2904,Erick All,0.00,12,Sun,1,1,2024-09-08,23-361,CIN,,NWE,L 10-16,0.00,0.00,0.0,0.0,12,23.5,0,0.0,4,19.0,TE,AllxEr00
2905,Erick All,0.00,28,Sun,7,7,2024-10-20,24-037,CIN,@,CLE,W 21-14,0.00,0.00,0.0,0.0,28,50.9,0,0.0,6,21.4,TE,AllxEr00
2906,Stephen Anderson,0.00,2,Sun,12,13,2023-12-03,30-307,LAC,@,NWE,W 6-0,0.00,0.00,0.0,0.0,2,3.3,0,0.0,15,71.4,TE,AndeSt01
2907,Stephen Anderson,0.00,2,Sun,13,14,2023-12-10,30-314,LAC,,DEN,L 7-24,0.00,0.00,0.0,0.0,2,2.9,0,0.0,18,75.0,TE,AndeSt01
2908,Stephen Anderson,0.00,9,Sun,1,1,2022-09-11,29-224,ARI,,KAN,L 21-44,0.00,0.00,0.0,0.0,9,13.8,0,0.0,13,48.1,TE,AndeSt01
2909,Stephen Anderson,0.00,6,Sun,3,3,2022-09-25,29-238,ARI,,LAR,L 12-20,0.00,0.00,0.0,0.0,6,7.2,0,0.0,12,48.0,TE,AndeSt01
2910,Stephen Anderson,0.00,3,Sun,4,4,2022-10-02,29-245,ARI,@,CAR,W 26-16,0.00,0.00,0.0,0.0,3,3.9,0,0.0,12,52.2,TE,AndeSt01
2911,Stephen Anderson,0.00,1,Sun,5,5,2022-10-09,29-252,ARI,,PHI,L 17-20,0.00,0.00,0.0,0.0,1,1.4,0,0.0,21,84.0,TE,AndeSt01
2912,Stephen Anderson,0.00,6,Thu,7,7,2022-10-20,29-263,ARI,,NOR,W 42-34,0.00,0.00,0.0,0.0,6,9.1,0,0.0,25,78.1,TE,AndeSt01
2913,Stephen Anderson,0.00,3,Sun,8,8,2022-10-30,29-273,ARI,@,MIN,L 26-34,0.00,0.00,0.0,0.0,3,3.8,0,0.0,15,50.0,TE,AndeSt01
2914,Stephen Anderson,0.00,3,Sun,9,9,2022-11-06,29-280,ARI,,SEA,L 21-31,0.00,0.00,0.0,0.0,3,4.8,0,0.0,21,77.8,TE,AndeSt01
2915,Stephen Anderson,0.00,25,Sun,10,10,2022-11-13,29-287,ARI,@,LAR,W 27-17,0.00,0.00,0.0,0.0,25,36.8,0,0.0,20,71.4,TE,AndeSt01
2916,Stephen Anderson,0.00,10,Mon,11,11,2022-11-21,29-295,ARI,,SFO,L 10-38,0.00,0.00,0.0,0.0,10,14.1,0,0.0,14,53.8,TE,AndeSt01
2917,Stephen Anderson,0.00,12,Sun,12,12,2022-11-27,29-301,ARI,,LAC,L 24-25,0.00,0.00,0.0,0.0,12,18.2,0,0.0,20,74.1,TE,AndeSt01
2918,Stephen Anderson,0.00,4,Sun,14,15,2022-12-18,29-322,ARI,@,DEN,L 15-24,0.00,0.00,0.0,0.0,4,6.2,0,0.0,15,53.6,TE,AndeSt01
2919,Stephen Anderson,0.00,9,Sun,15,16,2022-12-25,29-329,ARI,,TAM,L 16-19 (OT),0.00,0.00,0.0,0.0,9,11.8,0,0.0,24,72.7,TE,AndeSt01
2920,Stephen Anderson,0.00,8,Sun,17,18,2023-01-08,29-343,ARI,@,SFO,L 13-38,0.00,0.00,0.0,0.0,8,15.4,0,0.0,18,69.2,TE,AndeSt01
2921,Mark Andrews,0.00,21,Sun,3,3,2024-09-22,29-016,BAL,@,DAL,W 28-25,0.00,0.00,0.0,0.0,21,33.3,0,0.0,2,7.1,TE,AndrMa00
2922,Mark Andrews,0.00,26,Sun,4,4,2024-09-29,29-023,BAL,,BUF,W 35-10,0.00,0.00,0.0,0.0,26,45.6,0,0.0,0,0.0,TE,AndrMa00
2923,Dan Arnold,0.00,11,Sun,1,1,2022-09-11,27-180,JAX,@,WAS,L 22-28,0.00,0.00,0.0,0.0,11,15.7,0,0.0,8,33.3,TE,ArnoDa00
2924,Dan Arnold,0.00,8,Sun,3,3,2022-09-25,27-194,JAX,@,LAC,W 38-10,0.00,0.00,0.0,0.0,8,10.5,0,0.0,4,16.7,TE,ArnoDa00
2925,Dan Arnold,0.00,3,Sun,6,6,2022-10-16,27-215,JAX,@,IND,L 27-34,0.00,0.00,0.0,0.0,3,4.8,0,0.0,10,40.0,TE,ArnoDa00
2926,Dan Arnold,0.00,3,Sun,11,12,2022-11-27,27-257,JAX,,BAL,W 28-27,0.00,0.00,0.0,0.0,3,4.8,0,0.0,7,25.9,TE,ArnoDa00
2927,Dan Arnold,0.00,8,Sun,12,13,2022-12-04,27-264,JAX,@,DET,L 14-40,0.00,0.00,0.0,0.0,8,14.3,0,0.0,12,46.2,TE,ArnoDa00
2928,Dan Arnold,0.00,7,Sun,14,15,2022-12-18,27-278,JAX,,DAL,W 40-34 (OT),0.00,0.00,0.0,0.0,7,10.0,0,0.0,8,24.2,TE,ArnoDa00
2929,Dan Arnold,0.00,14,Sun,16,17,2023-01-01,27-292,JAX,@,HOU,W 31-3,0.00,0.00,0.0,0.0,14,22.2,0,0.0,2,8.0,TE,ArnoDa00
2930,Devin Asiasi,0.00,24,Sun,3,3,2022-09-25,25-042,CIN,@,NYJ,W 27-12,0.00,0.00,0.0,0.0,24,35.3,0,0.0,1,3.8,TE,AsiaDe00
2931,Devin Asiasi,0.00,16,Thu,4,4,2022-09-29,25-046,CIN,,MIA,W 27-15,0.00,0.00,0.0,0.0,16,25.0,0,0.0,0,0.0,TE,AsiaDe00
2932,Devin Asiasi,0.00,1,Sun,6,6,2022-10-16,25-063,CIN,@,NOR,W 30-26,0.00,0.00,0.0,0.0,1,1.8,0,0.0,8,27.6,TE,AsiaDe00
2933,Devin Asiasi,0.00,2,Sun,7,7,2022-10-23,25-070,CIN,,ATL,W 35-17,0.00,0.00,0.0,0.0,2,2.9,0,0.0,3,12.0,TE,AsiaDe00
2934,Devin Asiasi,0.00,1,Mon,8,8,2022-10-31,25-078,CIN,@,CLE,L 13-32,0.00,0.00,0.0,0.0,1,1.9,0,0.0,5,21.7,TE,AsiaDe00
2935,Devin Asiasi,0.00,23,Sun,9,9,2022-11-06,25-084,CIN,,CAR,W 42-21,0.00,0.00,0.0,0.0,23,31.1,0,0.0,2,6.9,TE,AsiaDe00
2936,Devin Asiasi,0.00,9,Sun,10,11,2022-11-20,25-098,CIN,@,PIT,W 37-30,0.00,0.00,0.0,0.0,9,13.6,0,0.0,5,13.9,TE,AsiaDe00
2937,Devin Asiasi,0.00,14,Sun,11,12,2022-11-27,25-105,CIN,@,TEN,W 20-16,0.00,0.00,0.0,0.0,14,20.0,0,0.0,5,16.7,TE,AsiaDe00
2938,Devin Asiasi,0.00,18,Sun,12,13,2022-12-04,25-112,CIN,,KAN,W 27-24,0.00,0.00,0.0,0.0,18,25.0,0,0.0,8,34.8,TE,AsiaDe00
2939,Devin Asiasi,0.00,26,Sun,13,14,2022-12-11,25-119,CIN,,CLE,W 23-10,0.00,0.00,0.0,0.0,26,38.8,0,0.0,13,54.2,TE,AsiaDe00
2940,Devin Asiasi,0.00,17,Sun,14,15,2022-12-18,25-126,CIN,@,TAM,W 34-23,0.00,0.00,0.0,0.0,17,25.8,0,0.0,13,52.0,TE,AsiaDe00
2941,AJ Barner,0.00,32,Sun,1,1,2024-09-08,22-128,SEA,,DEN,W 26-20,0.00,0.00,0.0,0.0,32,47.8,0,0.0,9,26.5,TE,BarnAJ00
2942,AJ Barner,0.00,25,Sun,2,2,2024-09-15,22-135,SEA,@,NWE,W 23-20 (OT),0.00,0.00,0.0,0.0,25,35.7,0,0.0,10,32.3,TE,BarnAJ00
2943,AJ Barner,0.00,14,Thu,16,17,2024-12-26,22-237,SEA,@,CHI,W 6-3,0.00,0.00,0.0,0.0,14,26.9,0,0.0,10,47.6,TE,BarnAJ00
2944,Brenden Bates,0.00,3,Sun,16,17,2024-12-29,25-073,CLE,,MIA,L 3-20,0.00,0.00,0.0,0.0,3,3.8,0,0.0,0,0.0,TE,BateBr00
2945,Brenden Bates,0.00,12,Sat,17,18,2025-01-04,25-079,CLE,@,BAL,L 10-35,0.00,0.00,0.0,0.0,12,20.3,0,0.0,0,0.0,TE,BateBr00
2946,Brenden Bates,0.00,4,Sun,2,2,2024-09-15,24-334,NYJ,@,TEN,W 24-17,0.00,0.00,0.0,0.0,4,7.0,0,0.0,3,11.5,TE,BateBr00
2947,Brenden Bates,0.00,11,Thu,3,3,2024-09-19,24-338,NYJ,,NWE,W 24-3,0.00,0.00,0.0,0.0,11,15.1,0,0.0,2,9.5,TE,BateBr00
2948,Brenden Bates,0.00,1,Sun,4,4,2024-09-29,24-348,NYJ,,DEN,L 9-10,0.00,0.00,0.0,0.0,1,1.4,0,0.0,3,10.7,TE,BateBr00
2949,Brenden Bates,0.00,10,Sun,5,5,2024-10-06,24-355,NYJ,@,MIN,L 17-23,0.00,0.00,0.0,0.0,10,13.9,0,0.0,7,24.1,TE,BateBr00
2950,John Bates,0.00,42,Sun,1,1,2022-09-11,24-309,WAS,,JAX,W 28-22,0.00,0.00,0.0,0.0,42,54.5,0,0.0,2,8.3,TE,BateJo00
2951,John Bates,0.00,20,Sun,3,3,2022-09-25,24-323,WAS,,PHI,L 8-24,0.00,0.00,0.0,0.0,20,26.0,0,0.0,2,7.7,TE,BateJo00
2952,John Bates,0.00,23,Sun,7,7,2022-10-23,24-351,WAS,,GNB,W 23-21,0.00,0.00,0.0,0.0,23,31.1,0,0.0,7,24.1,TE,BateJo00
2953,John Bates,0.00,41,Mon,10,10,2022-11-14,25-008,WAS,@,PHI,W 32-21,0.00,0.00,0.0,0.0,41,49.4,0,0.0,6,23.1,TE,BateJo00
2954,John Bates,0.00,35,Sun,11,11,2022-11-20,25-014,WAS,@,HOU,W 23-10,0.00,0.00,0.0,0.0,35,51.5,0,0.0,5,18.5,TE,BateJo00
2955,John Bates,0.00,45,Sun,13,13,2022-12-04,25-028,WAS,@,NYG,T 20-20 (OT),0.00,0.00,0.0,0.0,45,52.9,0,0.0,6,17.6,TE,BateJo00
2956,John Bates,0.00,36,Sun,14,15,2022-12-18,25-042,WAS,,NYG,L 12-20,0.00,0.00,0.0,0.0,36,57.1,0,0.0,3,12.0,TE,BateJo00
2957,John Bates,0.00,27,Sat,15,16,2022-12-24,25-048,WAS,@,SFO,L 20-37,0.00,0.00,0.0,0.0,27,37.0,0,0.0,2,7.4,TE,BateJo00
2958,John Bates,0.00,30,Sun,16,17,2023-01-01,25-056,WAS,,CLE,L 10-24,0.00,0.00,0.0,0.0,30,43.5,0,0.0,7,33.3,TE,BateJo00
2959,John Bates,0.00,39,Sun,17,18,2023-01-08,25-063,WAS,,DAL,W 26-6,0.00,0.00,0.0,0.0,39,59.1,0,0.0,8,23.5,TE,BateJo00
2960,John Bates,0.00,26,Sun,1,1,2023-09-10,25-308,WAS,,ARI,W 20-16,0.00,0.00,0.0,0.0,26,36.6,0,0.0,9,32.1,TE,BateJo00
2961,John Bates,0.00,20,Sun,6,6,2023-10-15,25-343,WAS,@,ATL,W 24-16,0.00,0.00,0.0,0.0,20,39.2,0,0.0,8,33.3,TE,BateJo00
2962,John Bates,0.00,41,Sun,7,7,2023-10-22,25-350,WAS,@,NYG,L 7-14,0.00,0.00,0.0,0.0,41,59.4,0,0.0,5,17.2,TE,BateJo00
2963,John Bates,0.00,37,Sun,9,9,2023-11-05,25-364,WAS,@,NWE,W 20-17,0.00,1.00,0.5,0.0,37,47.4,0,0.0,8,28.6,TE,BateJo00
2964,John Bates,0.00,30,Thu,12,12,2023-11-23,26-017,WAS,@,DAL,L 10-45,0.00,0.00,0.0,0.0,30,38.5,0,0.0,13,52.0,TE,BateJo00
2965,John Bates,0.00,25,Sun,13,13,2023-12-03,26-027,WAS,,MIA,L 15-45,0.00,0.00,0.0,0.0,25,45.5,0,0.0,15,53.6,TE,BateJo00
2966,John Bates,0.00,24,Sun,14,15,2023-12-17,26-041,WAS,@,LAR,L 20-28,0.00,0.00,0.0,0.0,24,40.0,0,0.0,9,33.3,TE,BateJo00
2967,John Bates,0.00,30,Sun,17,18,2024-01-07,26-062,WAS,,DAL,L 10-38,0.00,0.00,0.0,0.0,30,61.2,0,0.0,9,40.9,TE,BateJo00
2968,John Bates,0.00,28,Sun,1,1,2024-09-08,26-307,WAS,@,TAM,L 20-37,0.00,0.00,0.0,0.0,28,47.5,0,0.0,15,55.6,TE,BateJo00
2969,John Bates,0.00,33,Mon,3,3,2024-09-23,26-322,WAS,@,CIN,W 38-33,0.00,0.00,0.0,0.0,33,55.9,0,0.0,13,50.0,TE,BateJo00
2970,John Bates,0.00,34,Sun,5,5,2024-10-06,26-335,WAS,,CLE,W 34-13,0.00,0.00,0.0,0.0,34,50.7,0,0.0,10,32.3,TE,BateJo00
2971,John Bates,0.00,21,Sun,6,6,2024-10-13,26-342,WAS,@,BAL,L 23-30,0.00,0.00,0.0,0.0,21,35.6,0,0.0,16,55.2,TE,BateJo00
2972,John Bates,0.00,29,Sun,7,7,2024-10-20,26-349,WAS,,CAR,W 40-7,0.00,0.00,0.0,0.0,29,42.0,0,0.0,11,42.3,TE,BateJo00
2973,John Bates,0.00,32,Sun,9,9,2024-11-03,26-363,WAS,@,NYG,W 27-22,0.00,0.00,0.0,0.0,32,51.6,0,0.0,12,54.5,TE,BateJo00
2974,John Bates,0.00,23,Sun,10,10,2024-11-10,27-004,WAS,,PIT,L 27-28,0.00,0.00,0.0,0.0,23,35.9,0,0.0,16,50.0,TE,BateJo00
2975,John Bates,0.00,53,Sun,13,13,2024-12-01,27-025,WAS,,TEN,W 42-19,0.00,0.00,0.0,0.0,53,63.9,0,0.0,14,50.0,TE,BateJo00
2976,John Bates,0.00,24,Sun,15,16,2024-12-22,27-046,WAS,,PHI,W 36-33,0.00,0.00,0.0,0.0,24,35.3,0,0.0,14,43.8,TE,BateJo00
2977,John Bates,0.00,15,Sun,17,18,2025-01-05,27-060,WAS,@,DAL,W 23-19,0.00,0.00,0.0,0.0,15,25.9,0,0.0,14,50.0,TE,BateJo00
2978,Andrew Beck,0.00,21,Sun,2,2,2022-09-18,26-126,DEN,,HOU,W 16-9,0.00,0.00,-0.1,-0.1,21,29.2,0,0.0,18,69.2,TE,BeckAn01
2979,Andrew Beck,0.00,27,Sun,3,3,2022-09-25,26-133,DEN,,SFO,W 11-10,0.00,0.00,0.0,0.0,27,36.5,0,0.0,24,85.7,TE,BeckAn01
2980,Andrew Beck,0.00,12,Sun,4,4,2022-10-02,26-140,DEN,@,LVR,L 23-32,0.00,0.00,0.0,0.0,12,22.6,0,0.0,24,75.0,TE,BeckAn01
2981,Andrew Beck,0.00,19,Thu,5,5,2022-10-06,26-144,DEN,,IND,L 9-12 (OT),0.00,0.00,0.0,0.0,19,26.0,0,0.0,26,83.9,TE,BeckAn01
2982,Andrew Beck,0.00,20,Sun,7,7,2022-10-23,26-161,DEN,,NYJ,L 9-16,0.00,0.00,0.0,0.0,20,25.3,0,0.0,22,78.6,TE,BeckAn01
2983,Andrew Beck,0.00,9,Sun,8,8,2022-10-30,26-168,DEN,@,JAX,W 21-17,0.00,0.00,0.0,0.0,9,14.8,0,0.0,22,84.6,TE,BeckAn01
2984,Andrew Beck,0.00,4,Sun,11,12,2022-11-27,26-196,DEN,@,CAR,L 10-23,0.00,0.00,0.0,0.0,4,6.7,0,0.0,16,53.3,TE,BeckAn01
2985,Andrew Beck,0.00,3,Sun,15,16,2022-12-25,26-224,DEN,@,LAR,L 14-51,0.00,0.00,0.0,0.0,3,4.5,0,0.0,15,57.7,TE,BeckAn01
2986,Andrew Beck,0.00,23,Sun,17,18,2023-01-08,26-238,DEN,,LAC,W 31-28,0.00,0.00,0.0,0.0,23,35.4,0,0.0,14,45.2,TE,BeckAn01
2987,Blake Bell,0.00,6,Sat,15,16,2022-12-24,31-139,KAN,,SEA,W 24-10,0.00,0.00,0.0,0.0,6,11.3,0,0.0,1,4.2,TE,BellBl00
2988,Blake Bell,0.00,15,Sun,2,2,2023-09-17,32-041,KAN,@,JAX,W 17-9,0.00,0.00,0.0,0.0,15,22.4,0,0.0,3,13.6,TE,BellBl00
2989,Blake Bell,0.00,22,Sun,3,3,2023-09-24,32-048,KAN,,CHI,W 41-10,0.00,0.00,0.0,0.0,22,28.6,0,0.0,10,40.0,TE,BellBl00
2990,Blake Bell,0.00,16,Sun,4,4,2023-10-01,32-055,KAN,@,NYJ,W 23-20,0.00,0.00,0.0,0.0,16,22.9,0,0.0,5,19.2,TE,BellBl00
2991,Blake Bell,0.00,20,Sun,5,5,2023-10-08,32-062,KAN,@,MIN,W 27-20,0.00,0.00,0.0,0.0,20,30.3,0,0.0,6,25.0,TE,BellBl00
2992,Blake Bell,0.00,14,Thu,6,6,2023-10-12,32-066,KAN,,DEN,W 19-8,0.00,0.00,0.0,0.0,14,19.7,0,0.0,2,9.5,TE,BellBl00
2993,Blake Bell,0.00,3,Sun,8,8,2023-10-29,32-083,KAN,@,DEN,L 9-24,0.00,0.00,0.0,0.0,3,4.9,0,0.0,5,22.7,TE,BellBl00
2994,Blake Bell,0.00,16,Sun,9,9,2023-11-05,32-090,KAN,,MIA,W 21-14,0.00,0.00,0.0,0.0,16,26.7,0,0.0,3,12.0,TE,BellBl00
2995,Blake Bell,0.00,3,Mon,10,11,2023-11-20,32-105,KAN,,PHI,L 17-21,0.00,0.00,0.0,0.0,3,3.8,0,0.0,4,15.4,TE,BellBl00
2996,Blake Bell,0.00,13,Sun,11,12,2023-11-26,32-111,KAN,@,LVR,W 31-17,0.00,0.00,0.0,0.0,13,21.7,0,0.0,4,15.4,TE,BellBl00
2997,Blake Bell,0.00,9,Sun,12,13,2023-12-03,32-118,KAN,@,GNB,L 19-27,0.00,0.00,0.0,0.0,9,13.4,0,0.0,10,45.5,TE,BellBl00
2998,Blake Bell,0.00,6,Sun,13,14,2023-12-10,32-125,KAN,,BUF,L 17-20,0.00,0.00,0.0,0.0,6,9.1,0,0.0,5,20.8,TE,BellBl00
2999,Blake Bell,0.00,10,Sun,14,15,2023-12-17,32-132,KAN,@,NWE,W 27-17,0.00,0.00,0.0,0.0,10,15.4,0,0.0,4,13.3,TE,BellBl00
3000,Blake Bell,0.00,11,Sun,16,17,2023-12-31,32-146,KAN,,CIN,W 25-17,0.00,0.00,0.0,0.0,11,20.4,0,0.0,4,14.8,TE,BellBl00
3001,Daniel Bellinger,0.00,29,Sun,1,1,2022-09-11,21-354,NYG,@,TEN,W 21-20,0.00,0.00,0.0,0.0,29,48.3,0,0.0,0,0.0,TE,BellDa00
3002,Daniel Bellinger,0.00,28,Sun,2,2,2023-09-17,22-360,NYG,@,ARI,W 31-28,0.00,0.00,0.0,0.0,28,41.2,0,0.0,14,50.0,TE,BellDa00
3003,Daniel Bellinger,0.00,41,Sun,6,6,2023-10-15,23-023,NYG,@,BUF,L 9-14,0.00,0.00,0.0,0.0,41,53.2,0,0.0,10,47.6,TE,BellDa00
3004,Daniel Bellinger,0.00,36,Sun,7,7,2023-10-22,23-030,NYG,,WAS,W 14-7,0.00,0.00,0.0,0.0,36,52.9,0,0.0,18,62.1,TE,BellDa00
3005,Daniel Bellinger,0.00,67,Sun,8,8,2023-10-29,23-037,NYG,,NYJ,L 10-13 (OT),0.00,0.00,0.0,0.0,67,89.3,0,0.0,20,54.1,TE,BellDa00
3006,Daniel Bellinger,0.00,54,Sun,17,18,2024-01-07,23-107,NYG,,PHI,W 27-10,0.00,0.00,0.0,0.0,54,80.6,0,0.0,14,53.8,TE,BellDa00
3007,Daniel Bellinger,0.00,4,Sun,2,2,2024-09-15,23-359,NYG,@,WAS,L 18-21,0.00,0.00,0.0,0.0,4,7.1,0,0.0,10,47.6,TE,BellDa00
3008,Daniel Bellinger,0.00,13,Thu,4,4,2024-09-26,24-004,NYG,,DAL,L 15-20,0.00,0.00,0.0,0.0,13,18.8,0,0.0,11,44.0,TE,BellDa00
3009,Daniel Bellinger,0.00,14,Sun,5,5,2024-10-06,24-014,NYG,@,SEA,W 29-20,0.00,0.00,0.0,0.0,14,19.4,0,0.0,9,30.0,TE,BellDa00
3010,Daniel Bellinger,0.00,14,Sun,6,6,2024-10-13,24-021,NYG,,CIN,L 7-17,0.00,0.00,0.0,0.0,14,17.7,0,0.0,11,50.0,TE,BellDa00
3011,Daniel Bellinger,0.00,1,Mon,8,8,2024-10-28,24-036,NYG,@,PIT,L 18-26,0.00,0.00,0.0,0.0,1,1.4,0,0.0,11,36.7,TE,BellDa00
3012,Daniel Bellinger,0.00,14,Sun,9,9,2024-11-03,24-042,NYG,,WAS,L 22-27,0.00,0.00,0.0,0.0,14,21.5,0,0.0,3,13.6,TE,BellDa00
3013,Daniel Bellinger,0.00,8,Sun,10,10,2024-11-10,24-049,NYG,@,CAR,L 17-20 (OT),0.00,0.00,0.0,0.0,8,10.7,0,0.0,11,36.7,TE,BellDa00
3014,Daniel Bellinger,0.00,17,Sun,11,12,2024-11-24,24-063,NYG,,TAM,L 7-30,0.00,0.00,0.0,0.0,17,28.8,0,0.0,10,50.0,TE,BellDa00
3015,Daniel Bellinger,0.00,4,Thu,12,13,2024-11-28,24-067,NYG,@,DAL,L 20-27,0.00,0.00,0.0,0.0,4,6.3,0,0.0,12,38.7,TE,BellDa00
3016,Daniel Bellinger,0.00,50,Sun,16,17,2024-12-29,24-098,NYG,,IND,W 45-33,0.00,0.00,0.0,0.0,50,89.3,0,0.0,17,53.1,TE,BellDa00
3017,Jaheim Bell,0.00,1,Sun,2,2,2024-09-15,23-093,NWE,,SEA,L 20-23 (OT),0.00,0.00,0.0,0.0,1,1.5,0,0.0,5,16.1,TE,BellJa00
3018,Jaheim Bell,0.00,6,Sun,6,6,2024-10-13,23-121,NWE,,HOU,L 21-41,0.00,0.00,0.0,0.0,6,9.1,0,0.0,9,27.3,TE,BellJa00
3019,Jaheim Bell,0.00,1,Sun,7,7,2024-10-20,23-128,NWE,@,JAX,L 16-32,0.00,0.00,0.0,0.0,1,1.7,0,0.0,11,50.0,TE,BellJa00
3020,Jaheim Bell,0.00,8,Sun,8,8,2024-10-27,23-135,NWE,,NYJ,W 25-22,0.00,0.00,0.0,0.0,8,11.9,0,0.0,12,46.2,TE,BellJa00
3021,Jaheim Bell,0.00,2,Sun,10,10,2024-11-10,23-149,NWE,@,CHI,W 19-3,0.00,0.00,0.0,0.0,2,3.1,0,0.0,11,40.7,TE,BellJa00
3022,Jaheim Bell,0.00,4,Sun,11,11,2024-11-17,23-156,NWE,,LAR,L 22-28,0.00,0.00,0.0,0.0,4,5.3,0,0.0,14,51.9,TE,BellJa00
3023,Jaheim Bell,0.00,8,Sun,12,12,2024-11-24,23-163,NWE,@,MIA,L 15-34,0.00,0.00,0.0,0.0,8,11.6,0,0.0,19,67.9,TE,BellJa00
3024,Jaheim Bell,0.00,4,Sun,13,13,2024-12-01,23-170,NWE,,IND,L 24-25,0.00,0.00,0.0,0.0,4,5.6,0,0.0,14,60.9,TE,BellJa00
3025,Jaheim Bell,0.00,4,Sun,14,15,2024-12-15,23-184,NWE,@,ARI,L 17-30,0.00,0.00,0.0,0.0,4,7.8,0,0.0,14,56.0,TE,BellJa00
3026,Jaheim Bell,0.00,5,Sun,15,16,2024-12-22,23-191,NWE,@,BUF,L 21-24,0.00,0.00,0.0,0.0,5,6.8,0,0.0,16,66.7,TE,BellJa00
3027,Jaheim Bell,0.00,7,Sat,16,17,2024-12-28,23-197,NWE,,LAC,L 7-40,0.00,0.00,0.0,0.0,7,13.2,0,0.0,17,65.4,TE,BellJa00
3028,Kendall Blanton,0.00,2,Sun,5,5,2022-10-09,26-333,LAR,,DAL,L 10-22,0.00,0.00,0.0,0.0,2,3.1,0,0.0,0,0.0,TE,BlanKe01
3029,Kendall Blanton,0.00,10,Sun,6,6,2022-10-16,26-340,LAR,,CAR,W 24-10,0.00,0.00,0.0,0.0,10,15.4,0,0.0,0,0.0,TE,BlanKe01
3030,Nick Boyle,0.00,4,Sun,3,3,2022-09-25,29-220,BAL,@,NWE,W 37-26,0.00,0.00,0.0,0.0,4,6.7,0,0.0,9,33.3,TE,BoylNi00
3031,Nick Boyle,0.00,5,Sun,6,6,2022-10-16,29-241,BAL,@,NYG,L 20-24,0.00,0.00,0.0,0.0,5,8.5,0,0.0,5,19.2,TE,BoylNi00
3032,Nick Boyle,0.00,9,Sun,7,7,2022-10-23,29-248,BAL,,CLE,W 23-20,0.00,0.00,0.0,0.0,9,14.1,0,0.0,8,29.6,TE,BoylNi00
3033,Nick Boyle,0.00,7,Thu,8,8,2022-10-27,29-252,BAL,@,TAM,W 27-22,0.00,0.00,0.0,0.0,7,9.2,0,0.0,11,35.5,TE,BoylNi00
3034,Nick Boyle,0.00,16,Mon,9,9,2022-11-07,29-263,BAL,@,NOR,W 27-13,0.00,0.00,0.0,0.0,16,23.5,0,0.0,10,38.5,TE,BoylNi00
3035,Nick Boyle,0.00,3,Sun,10,11,2022-11-20,29-276,BAL,,CAR,W 13-3,0.00,0.00,0.0,0.0,3,4.3,0,0.0,10,43.5,TE,BoylNi00
3036,Nick Boyle,0.00,10,Sun,11,12,2022-11-27,29-283,BAL,@,JAX,L 27-28,0.00,0.00,0.0,0.0,10,13.9,0,0.0,8,29.6,TE,BoylNi00
3037,Nick Boyle,0.00,1,Sat,14,15,2022-12-17,29-303,BAL,@,CLE,L 3-13,0.00,0.00,0.0,0.0,1,1.6,0,0.0,4,22.2,TE,BoylNi00
3038,Nick Boyle,0.00,6,Sat,15,16,2022-12-24,29-310,BAL,,ATL,W 17-9,0.00,0.00,0.0,0.0,6,11.5,0,0.0,10,47.6,TE,BoylNi00
3039,Cameron Brate,0.00,8,Sun,15,16,2022-12-25,31-175,TAM,@,ARI,W 19-16 (OT),0.00,0.00,0.0,0.0,8,9.9,0,0.0,5,15.2,TE,BratCa00
3040,Cameron Brate,0.00,27,Sun,17,18,2023-01-08,31-189,TAM,@,ATL,L 17-30,0.00,0.00,0.0,0.0,27,49.1,0,0.0,7,25.0,TE,BratCa00
3041,Pharaoh Brown,0.00,6,Sun,1,1,2023-09-10,29-129,NWE,,PHI,L 20-25,0.00,0.00,0.0,0.0,6,7.5,0,0.0,0,0.0,TE,BrowPh01
3042,Pharaoh Brown,0.00,8,Sun,2,2,2023-09-17,29-136,NWE,,MIA,L 17-24,0.00,0.00,0.0,0.0,8,10.8,0,0.0,7,28.0,TE,BrowPh01
3043,Pharaoh Brown,0.00,22,Sun,4,4,2023-10-01,29-150,NWE,@,DAL,L 3-38,0.00,0.00,0.0,0.0,22,40.0,0,0.0,12,46.2,TE,BrowPh01
3044,Pharaoh Brown,0.00,11,Sun,5,5,2023-10-08,29-157,NWE,,NOR,L 0-34,0.00,0.00,0.0,0.0,11,20.4,0,0.0,18,58.1,TE,BrowPh01
3045,Pharaoh Brown,0.00,7,Sun,9,9,2023-11-05,29-185,NWE,,WAS,L 17-20,0.00,0.00,0.0,0.0,7,10.9,0,0.0,12,42.9,TE,BrowPh01
3046,Pharaoh Brown,0.00,33,Sun,10,10,2023-11-12,29-192,NWE,,IND,L 6-10,0.00,0.00,0.0,0.0,33,47.8,0,0.0,11,52.4,TE,BrowPh01
3047,Pharaoh Brown,0.00,37,Sun,11,12,2023-11-26,29-206,NWE,@,NYG,L 7-10,0.00,0.00,0.0,0.0,37,54.4,0,0.0,11,47.8,TE,BrowPh01
3048,Pharaoh Brown,0.00,32,Sun,12,13,2023-12-03,29-213,NWE,,LAC,L 0-6,0.00,0.00,0.0,0.0,32,50.0,0,0.0,10,47.6,TE,BrowPh01
3049,Pharaoh Brown,0.00,33,Sun,17,18,2024-01-07,29-248,NWE,,NYJ,L 3-17,0.00,1.00,1.0,0.5,33,57.9,0,0.0,10,35.7,TE,BrowPh01
3050,Pharaoh Brown,0.00,10,Thu,6,6,2024-10-10,30-159,SEA,,SFO,L 24-36,0.00,0.00,0.0,0.0,10,12.8,0,0.0,16,53.3,TE,BrowPh01
3051,Pharaoh Brown,0.00,18,Sun,7,7,2024-10-20,30-169,SEA,@,ATL,W 34-14,0.00,0.00,0.0,0.0,18,30.0,0,0.0,14,53.8,TE,BrowPh01
3052,Pharaoh Brown,0.00,15,Sun,8,8,2024-10-27,30-176,SEA,,BUF,L 10-31,0.00,0.00,0.0,0.0,15,29.4,0,0.0,13,56.5,TE,BrowPh01
3053,Pharaoh Brown,0.00,7,Sun,9,9,2024-11-03,30-183,SEA,,LAR,L 20-26 (OT),0.00,0.00,0.0,0.0,7,8.8,0,0.0,6,18.8,TE,BrowPh01
3054,Pharaoh Brown,0.00,22,Sun,10,11,2024-11-17,30-197,SEA,@,SFO,W 20-17,0.00,0.00,0.0,0.0,22,36.7,0,0.0,10,47.6,TE,BrowPh01
3055,Pharaoh Brown,0.00,26,Sun,12,13,2024-12-01,30-211,SEA,@,NYJ,W 26-21,0.00,0.00,0.0,0.0,26,40.6,0,0.0,15,62.5,TE,BrowPh01
3056,Pharaoh Brown,0.00,10,Sun,14,15,2024-12-15,30-225,SEA,,GNB,L 13-30,0.00,0.00,0.0,0.0,10,16.9,0,0.0,19,65.5,TE,BrowPh01
3057,Pharaoh Brown,0.00,6,Sun,17,18,2025-01-05,30-246,SEA,@,LAR,W 30-25,0.00,0.00,0.0,0.0,6,10.9,0,0.0,16,59.3,TE,BrowPh01
3058,Pharaoh Brown,0.00,2,Sun,5,5,2022-10-09,28-158,CLE,,LAC,L 28-30,0.00,0.00,0.0,0.0,2,3.0,0,0.0,0,0.0,TE,BrowPh01
3059,Pharaoh Brown,0.00,11,Sun,7,7,2022-10-23,28-172,CLE,@,BAL,L 20-23,0.00,0.00,0.0,0.0,11,18.3,0,0.0,2,7.4,TE,BrowPh01
3060,Pharaoh Brown,0.00,25,Mon,8,8,2022-10-31,28-180,CLE,,CIN,W 32-13,0.00,0.00,0.0,0.0,25,34.7,0,0.0,6,26.1,TE,BrowPh01
3061,Pharaoh Brown,0.00,11,Sun,10,11,2022-11-20,28-200,CLE,@,BUF,L 23-31,0.00,0.00,0.0,0.0,11,14.7,0,0.0,0,0.0,TE,BrowPh01
3062,Pharaoh Brown,0.00,13,Sun,11,12,2022-11-27,28-207,CLE,,TAM,W 23-17 (OT),0.00,0.00,0.0,0.0,13,16.5,0,0.0,0,0.0,TE,BrowPh01
3063,Pharaoh Brown,0.00,2,Sun,13,14,2022-12-11,28-221,CLE,@,CIN,L 10-23,0.00,0.00,0.0,0.0,2,2.8,0,0.0,0,0.0,TE,BrowPh01
3064,Pharaoh Brown,0.00,13,Sat,14,15,2022-12-17,28-227,CLE,,BAL,W 13-3,0.00,0.00,0.0,0.0,13,19.7,0,0.0,0,0.0,TE,BrowPh01
3065,Pharaoh Brown,0.00,9,Sat,15,16,2022-12-24,28-234,CLE,,NOR,L 10-17,0.00,0.00,0.0,0.0,9,12.9,0,0.0,0,0.0,TE,BrowPh01
3066,Pharaoh Brown,0.00,23,Sun,16,17,2023-01-01,28-242,CLE,@,WAS,W 24-10,0.00,0.00,0.0,0.0,23,40.4,0,0.0,0,0.0,TE,BrowPh01
3067,Pharaoh Brown,0.00,6,Sun,17,18,2023-01-08,28-249,CLE,@,PIT,L 14-28,0.00,0.00,0.0,0.0,6,9.4,0,0.0,0,0.0,TE,BrowPh01
3068,Harrison Bryant,0.00,34,Thu,3,3,2022-09-22,24-152,CLE,,PIT,W 29-17,0.00,0.00,0.0,0.0,34,47.2,0,0.0,3,10.7,TE,BryaHa00
3069,Harrison Bryant,0.00,38,Sun,5,5,2022-10-09,24-169,CLE,,LAC,L 28-30,0.00,0.00,0.0,0.0,38,56.7,0,0.0,8,29.6,TE,BryaHa00
3070,Harrison Bryant,0.00,53,Mon,8,8,2022-10-31,24-191,CLE,,CIN,W 32-13,0.00,0.00,0.0,0.0,53,73.6,0,0.0,2,8.7,TE,BryaHa00
3071,Harrison Bryant,0.00,14,Sat,15,16,2022-12-24,24-245,CLE,,NOR,L 10-17,0.00,0.00,0.0,0.0,14,20.0,0,0.0,3,13.6,TE,BryaHa00
3072,Harrison Bryant,0.00,26,Mon,2,2,2023-09-18,25-148,CLE,@,PIT,L 22-26,0.00,0.00,0.0,0.0,26,29.9,0,0.0,11,35.5,TE,BryaHa00
3073,Harrison Bryant,0.00,27,Sun,5,6,2023-10-15,25-175,CLE,,SFO,W 19-17,0.00,0.00,0.0,0.0,27,35.5,0,0.0,8,25.8,TE,BryaHa00
3074,Harrison Bryant,0.00,17,Sun,6,7,2023-10-22,25-182,CLE,@,IND,W 39-38,0.00,0.00,0.0,0.0,17,22.7,0,0.0,19,47.5,TE,BryaHa00
3075,Harrison Bryant,0.00,24,Sun,7,8,2023-10-29,25-189,CLE,@,SEA,L 20-24,0.00,0.00,0.0,0.0,24,30.8,0,0.0,16,61.5,TE,BryaHa00
3076,Harrison Bryant,0.00,24,Sun,8,9,2023-11-05,25-196,CLE,,ARI,W 27-0,0.00,0.00,0.0,0.0,24,32.9,0,0.0,16,57.1,TE,BryaHa00
3077,Harrison Bryant,0.00,24,Sun,10,11,2023-11-19,25-210,CLE,,PIT,W 13-10,0.00,0.00,0.0,0.0,24,32.0,0,0.0,14,48.3,TE,BryaHa00
3078,Harrison Bryant,0.00,27,Sun,13,14,2023-12-10,25-231,CLE,,JAX,W 31-27,0.00,0.00,0.0,0.0,27,35.5,0,0.0,18,52.9,TE,BryaHa00
3079,Harrison Bryant,0.00,19,Sun,14,15,2023-12-17,25-238,CLE,,CHI,W 20-17,0.00,0.00,0.0,0.0,19,27.5,0,0.0,17,48.6,TE,BryaHa00
3080,Harrison Bryant,0.00,35,Sun,17,18,2024-01-07,25-259,CLE,@,CIN,L 14-31,0.00,0.00,0.0,0.0,35,66.0,0,0.0,15,51.7,TE,BryaHa00
3081,Harrison Bryant,0.00,4,Sun,1,1,2024-09-08,26-138,LVR,@,LAC,L 10-22,0.00,0.00,0.0,0.0,4,6.7,0,0.0,11,39.3,TE,BryaHa00
3082,Harrison Bryant,0.00,7,Sun,2,2,2024-09-15,26-145,LVR,@,BAL,W 26-23,0.00,0.00,0.0,0.0,7,11.1,0,0.0,10,30.3,TE,BryaHa00
3083,Harrison Bryant,0.00,3,Sun,3,3,2024-09-22,26-152,LVR,,CAR,L 22-36,0.00,0.00,0.0,0.0,3,4.7,0,0.0,13,43.3,TE,BryaHa00
3084,Harrison Bryant,0.00,32,Sun,5,5,2024-10-06,26-166,LVR,@,DEN,L 18-34,0.00,0.00,0.0,0.0,32,45.7,0,0.0,5,16.7,TE,BryaHa00
3085,Harrison Bryant,0.00,14,Sun,13,14,2024-12-08,26-229,LVR,@,TAM,L 13-28,0.00,0.00,0.0,0.0,14,20.9,0,0.0,9,39.1,TE,BryaHa00
3086,Harrison Bryant,0.00,7,Mon,14,15,2024-12-16,26-237,LVR,,ATL,L 9-15,0.00,0.00,0.0,0.0,7,10.4,0,0.0,9,36.0,TE,BryaHa00
3087,Harrison Bryant,0.00,5,Sun,15,16,2024-12-22,26-243,LVR,,JAX,W 19-14,0.00,0.00,0.0,0.0,5,6.8,0,0.0,9,33.3,TE,BryaHa00
3088,Harrison Bryant,0.00,9,Sun,16,17,2024-12-29,26-250,LVR,@,NOR,W 25-10,0.00,0.00,0.0,0.0,9,11.7,0,0.0,6,21.4,TE,BryaHa00
3089,Harrison Bryant,0.00,11,Sun,17,18,2025-01-05,26-257,LVR,,LAC,L 20-34,0.00,0.00,0.0,0.0,11,21.6,0,0.0,3,10.3,TE,BryaHa00
3090,Matt Bushman,0.00,7,Thu,1,1,2023-09-07,27-308,KAN,,DET,L 20-21,0.00,0.00,0.0,0.0,7,10.8,0,0.0,0,0.0,TE,BushMa00
3091,Lawrence Cager,0.00,5,Mon,4,4,2023-10-02,26-043,NYG,,SEA,L 3-24,0.00,0.00,0.0,0.0,5,6.7,0,0.0,16,69.6,TE,CageLa01
3092,Lawrence Cager,0.00,5,Sun,6,6,2023-10-15,26-056,NYG,@,BUF,L 9-14,0.00,0.00,0.0,0.0,5,6.5,0,0.0,13,61.9,TE,CageLa01
3093,Lawrence Cager,0.00,26,Sun,9,9,2023-11-05,26-077,NYG,@,LVR,L 6-30,0.00,0.00,0.0,0.0,26,41.3,0,0.0,13,54.2,TE,CageLa01
3094,Lawrence Cager,0.00,7,Sun,11,11,2023-11-19,26-091,NYG,@,WAS,W 31-19,0.00,0.00,0.0,0.0,7,12.7,0,0.0,11,37.9,TE,CageLa01
3095,Lawrence Cager,0.00,13,Sun,12,12,2023-11-26,26-098,NYG,,NWE,W 10-7,0.00,0.00,0.0,0.0,13,25.0,0,0.0,11,47.8,TE,CageLa01
3096,Lawrence Cager,0.00,9,Mon,13,14,2023-12-11,26-113,NYG,,GNB,W 24-22,0.00,0.00,0.0,0.0,9,16.1,0,0.0,14,51.9,TE,CageLa01
3097,Grant Calcaterra,0.00,11,Sun,4,4,2022-10-02,23-302,PHI,,JAX,W 29-21,0.00,0.00,0.0,0.0,11,13.4,0,0.0,4,16.7,TE,CalcGr00
3098,Grant Calcaterra,0.00,10,Sun,5,5,2022-10-09,23-309,PHI,@,ARI,W 20-17,0.00,0.00,0.0,0.0,10,13.7,0,0.0,1,4.0,TE,CalcGr00
3099,Grant Calcaterra,0.00,7,Sun,6,6,2022-10-16,23-316,PHI,,DAL,W 26-17,0.00,0.00,0.0,0.0,7,9.9,0,0.0,0,0.0,TE,CalcGr00
3100,Grant Calcaterra,0.00,12,Sun,7,8,2022-10-30,23-330,PHI,,PIT,W 35-13,0.00,0.00,0.0,0.0,12,21.1,0,0.0,8,29.6,TE,CalcGr00
3101,Grant Calcaterra,0.00,7,Thu,8,9,2022-11-03,23-334,PHI,@,HOU,W 29-17,0.00,0.00,0.0,0.0,7,10.8,0,0.0,8,34.8,TE,CalcGr00
3102,Grant Calcaterra,0.00,7,Mon,9,10,2022-11-14,23-345,PHI,,WAS,L 21-32,0.00,0.00,0.0,0.0,7,14.0,0,0.0,3,11.5,TE,CalcGr00
3103,Grant Calcaterra,0.00,19,Sun,10,11,2022-11-20,23-351,PHI,@,IND,W 17-16,0.00,0.00,0.0,0.0,19,27.9,0,0.0,5,20.0,TE,CalcGr00
3104,Grant Calcaterra,0.00,23,Sun,11,12,2022-11-27,23-358,PHI,,GNB,W 40-33,0.00,1.00,0.8,0.3,23,28.8,0,0.0,13,41.9,TE,CalcGr00
3105,Grant Calcaterra,0.00,29,Sun,14,15,2022-12-18,24-014,PHI,@,CHI,W 25-20,0.00,0.00,0.0,0.0,29,39.7,0,0.0,8,32.0,TE,CalcGr00
3106,Grant Calcaterra,0.00,7,Sat,15,16,2022-12-24,24-020,PHI,@,DAL,L 34-40,0.00,0.00,0.0,0.0,7,9.9,0,0.0,4,12.9,TE,CalcGr00
3107,Grant Calcaterra,0.00,11,Sun,17,18,2023-01-08,24-035,PHI,,NYG,W 22-16,0.00,0.00,0.0,0.0,11,15.1,0,0.0,6,21.4,TE,CalcGr00
3108,Grant Calcaterra,0.00,4,Sun,1,1,2023-09-10,24-280,PHI,@,NWE,W 25-20,0.00,0.00,0.0,0.0,4,6.1,0,0.0,12,41.4,TE,CalcGr00
3109,Grant Calcaterra,0.00,10,Thu,2,2,2023-09-14,24-284,PHI,,MIN,W 34-28,0.00,0.00,0.0,0.0,10,13.0,0,0.0,13,44.8,TE,CalcGr00
3110,Grant Calcaterra,0.00,12,Mon,3,3,2023-09-25,24-295,PHI,@,TAM,W 25-11,0.00,0.00,0.0,0.0,12,15.0,0,0.0,7,35.0,TE,CalcGr00
3111,Grant Calcaterra,0.00,1,Sun,4,4,2023-10-01,24-301,PHI,,WAS,W 34-31 (OT),0.00,0.00,0.0,0.0,1,1.4,0,0.0,13,41.9,TE,CalcGr00
3112,Grant Calcaterra,0.00,6,Sun,5,5,2023-10-08,24-308,PHI,@,LAR,W 23-14,0.00,0.00,0.0,0.0,6,7.6,0,0.0,7,35.0,TE,CalcGr00
3113,Grant Calcaterra,0.00,5,Sun,6,6,2023-10-15,24-315,PHI,@,NYJ,L 14-20,0.00,0.00,0.0,0.0,5,7.1,0,0.0,8,36.4,TE,CalcGr00
3114,Grant Calcaterra,0.00,15,Sun,7,7,2023-10-22,24-322,PHI,,MIA,W 31-17,0.00,0.00,0.0,0.0,15,20.8,0,0.0,8,36.4,TE,CalcGr00
3115,Grant Calcaterra,0.00,12,Mon,10,11,2023-11-20,24-351,PHI,@,KAN,W 21-17,0.00,0.00,0.0,0.0,12,21.4,0,0.0,2,7.7,TE,CalcGr00
3116,Grant Calcaterra,0.00,13,Sun,12,13,2023-12-03,24-364,PHI,,SFO,L 19-42,0.00,0.00,0.0,0.0,13,18.1,0,0.0,13,50.0,TE,CalcGr00
3117,Grant Calcaterra,0.00,3,Sun,13,14,2023-12-10,25-006,PHI,@,DAL,L 13-33,0.00,0.00,0.0,0.0,3,5.5,0,0.0,15,60.0,TE,CalcGr00
3118,Grant Calcaterra,0.00,5,Sun,16,17,2023-12-31,25-027,PHI,,ARI,L 31-35,0.00,0.00,0.0,0.0,5,10.2,0,0.0,10,40.0,TE,CalcGr00
3119,Grant Calcaterra,0.00,27,Sun,3,3,2024-09-22,25-293,PHI,@,NOR,W 15-12,0.00,0.00,0.0,0.0,27,37.5,0,0.0,4,23.5,TE,CalcGr00
3120,Grant Calcaterra,0.00,42,Sun,9,10,2024-11-10,25-342,PHI,@,DAL,W 34-6,0.00,0.00,0.0,0.0,42,61.8,0,0.0,3,10.7,TE,CalcGr00
3121,Grant Calcaterra,0.00,37,Thu,10,11,2024-11-14,25-346,PHI,,WAS,W 26-18,0.00,0.00,0.0,0.0,37,52.1,0,0.0,11,40.7,TE,CalcGr00
3122,Grant Calcaterra,0.00,40,Sun,11,12,2024-11-24,25-356,PHI,@,LAR,W 37-20,0.00,0.00,0.0,0.0,40,54.8,0,0.0,10,35.7,TE,CalcGr00
3123,Grant Calcaterra,0.00,27,Sun,12,13,2024-12-01,25-363,PHI,@,BAL,W 24-19,0.00,0.00,0.0,0.0,27,48.2,0,0.0,14,42.4,TE,CalcGr00
3124,Grant Calcaterra,0.00,66,Sun,15,16,2024-12-22,26-018,PHI,@,WAS,L 33-36,0.00,0.00,0.0,0.0,66,89.2,0,0.0,0,0.0,TE,CalcGr00
3125,Cethan Carter,0.00,1,Sun,1,1,2022-09-11,27-006,MIA,,NWE,W 20-7,0.00,0.00,0.0,0.0,1,1.7,0,0.0,4,21.1,TE,CartCe00
3126,Roger Carter,0.00,1,Sun,11,12,2022-11-27,23-241,LAR,@,KAN,L 10-26,0.00,0.00,0.0,0.0,1,1.9,0,0.0,11,45.8,TE,CartRo03
3127,Tyler Conklin,0.00,40,Sun,5,5,2022-10-09,27-071,NYJ,,MIA,W 40-17,0.00,0.00,0.0,0.0,40,67.8,0,0.0,6,20.7,TE,ConkTy00
3128,Tyler Conklin,0.00,44,Sun,7,8,2023-10-29,28-091,NYJ,@,NYG,W 13-10 (OT),0.00,0.00,0.0,0.0,44,68.8,0,0.0,0,0.0,TE,ConkTy00
3129,Tyler Conklin,0.00,45,Thu,9,9,2024-10-31,29-093,NYJ,,HOU,W 21-13,0.00,1.00,0.7,0.2,45,77.6,0,0.0,1,3.8,TE,ConkTy00
3130,Tanner Conner,0.00,1,Sun,2,2,2022-09-18,24-182,MIA,@,BAL,W 42-38,0.00,0.00,0.0,0.0,1,1.4,0,0.0,15,50.0,TE,ConnTa00
3131,Tanner Conner,0.00,1,Sun,3,3,2022-09-25,24-189,MIA,,BUF,W 21-19,0.00,0.00,0.0,0.0,1,2.3,0,0.0,9,40.9,TE,ConnTa00
3132,Tanner Conner,0.00,2,Thu,4,4,2022-09-29,24-193,MIA,@,CIN,L 15-27,0.00,0.00,0.0,0.0,2,3.1,0,0.0,16,57.1,TE,ConnTa00
3133,Tanner Conner,0.00,7,Sun,5,5,2022-10-09,24-203,MIA,@,NYJ,L 17-40,0.00,0.00,0.0,0.0,7,10.4,0,0.0,14,48.3,TE,ConnTa00
3134,Tanner Conner,0.00,8,Sun,6,6,2022-10-16,24-210,MIA,,MIN,L 16-24,0.00,0.00,0.0,0.0,8,10.3,0,0.0,19,61.3,TE,ConnTa00
3135,Tanner Conner,0.00,2,Sun,7,7,2022-10-23,24-217,MIA,,PIT,W 16-10,0.00,0.00,0.0,0.0,2,3.2,0,0.0,12,46.2,TE,ConnTa00
3136,Tanner Conner,0.00,2,Sun,8,8,2022-10-30,24-224,MIA,@,DET,W 31-27,0.00,0.00,0.0,0.0,2,2.9,0,0.0,13,52.0,TE,ConnTa00
3137,Tanner Conner,0.00,2,Sun,12,13,2022-12-04,24-259,MIA,@,SFO,L 17-33,0.00,0.00,0.0,0.0,2,4.3,0,0.0,9,30.0,TE,ConnTa00
3138,Tanner Conner,0.00,10,Sun,6,6,2023-10-15,25-209,MIA,,CAR,W 42-21,0.00,0.00,0.0,0.0,10,14.9,0,0.0,13,43.3,TE,ConnTa00
3139,Tanner Conner,0.00,1,Sun,7,7,2023-10-22,25-216,MIA,@,PHI,L 17-31,0.00,0.00,0.0,0.0,1,2.0,0,0.0,10,45.5,TE,ConnTa00
3140,Tanner Conner,0.00,9,Sun,12,13,2023-12-03,25-258,MIA,@,WAS,W 45-15,0.00,0.00,0.0,0.0,9,14.8,0,0.0,12,42.9,TE,ConnTa00
3141,Tanner Conner,0.00,3,Sun,1,1,2024-09-08,26-172,MIA,,JAX,W 20-17,0.00,0.00,0.0,0.0,3,4.2,0,0.0,11,44.0,TE,ConnTa00
3142,Tanner Conner,0.00,3,Thu,2,2,2024-09-12,26-176,MIA,,BUF,L 10-31,0.00,0.00,0.0,0.0,3,3.9,0,0.0,10,47.6,TE,ConnTa00
3143,Tanner Conner,0.00,7,Sun,8,9,2024-11-03,26-228,MIA,@,BUF,L 27-30,0.00,0.00,0.0,0.0,7,11.5,0,0.0,15,60.0,TE,ConnTa00
3144,Tanner Conner,0.00,2,Mon,9,10,2024-11-11,26-236,MIA,@,LAR,W 23-15,0.00,0.00,0.0,0.0,2,3.8,0,0.0,5,17.9,TE,ConnTa00
3145,Devin Culp,0.00,1,Mon,7,7,2024-10-21,24-262,TAM,,BAL,L 31-41,0.00,0.00,0.0,0.0,1,1.2,0,0.0,10,34.5,TE,CulpDe00
3146,Devin Culp,0.00,1,Sun,8,8,2024-10-27,24-268,TAM,,ATL,L 26-31,0.00,0.00,0.0,0.0,1,1.4,0,0.0,7,25.9,TE,CulpDe00
3147,Devin Culp,0.00,3,Sun,15,16,2024-12-22,24-324,TAM,@,DAL,L 24-26,0.00,0.00,0.0,0.0,3,4.2,0,0.0,2,6.7,TE,CulpDe00
3148,Baylor Cupp,0.00,6,Sun,13,14,2024-12-08,24-212,KAN,,LAC,W 19-17,0.00,0.00,0.0,0.0,6,8.7,0,0.0,4,15.4,TE,CuppBa00
3149,Darrell Daniels,0.00,5,Thu,4,4,2023-09-28,28-310,DET,@,GNB,W 34-20,0.00,0.00,0.0,0.0,5,6.7,0,0.0,27,90.0,TE,DaniDa02
3150,Darrell Daniels,0.00,15,Sun,5,5,2023-10-08,28-320,DET,,CAR,W 42-24,0.00,0.00,0.0,0.0,15,25.0,0,0.0,21,77.8,TE,DaniDa02
3151,Darrell Daniels,0.00,2,Sun,6,6,2023-10-15,28-327,DET,@,TAM,W 20-6,0.00,0.00,0.0,0.0,2,2.9,0,0.0,22,88.0,TE,DaniDa02
3152,Tyler Davis,0.00,21,Sun,2,2,2022-09-18,25-169,GNB,,CHI,W 27-10,0.00,0.00,0.0,0.0,21,30.9,0,0.0,20,90.9,TE,DaviTy02
3153,Tyler Davis,0.00,21,Sun,4,4,2022-10-02,25-183,GNB,,NWE,W 27-24 (OT),0.00,0.00,0.0,0.0,21,28.8,0,0.0,26,81.3,TE,DaviTy02
3154,Tyler Davis,0.00,8,Sun,5,5,2022-10-09,25-190,GNB,,NYG,L 22-27,0.00,1.00,0.7,0.2,8,12.7,0,0.0,21,80.8,TE,DaviTy02
3155,Tyler Davis,0.00,5,Sun,6,6,2022-10-16,25-197,GNB,,NYJ,L 10-27,0.00,0.00,0.0,0.0,5,6.8,0,0.0,23,79.3,TE,DaviTy02
3156,Tyler Davis,0.00,11,Sun,7,7,2022-10-23,25-204,GNB,@,WAS,L 21-23,0.00,0.00,0.0,0.0,11,20.4,0,0.0,22,75.9,TE,DaviTy02
3157,Tyler Davis,0.00,3,Sun,8,8,2022-10-30,25-211,GNB,@,BUF,L 17-27,0.00,0.00,0.0,0.0,3,4.5,0,0.0,17,77.3,TE,DaviTy02
3158,Tyler Davis,0.00,5,Sun,9,9,2022-11-06,25-218,GNB,@,DET,L 9-15,0.00,0.00,0.0,0.0,5,6.8,0,0.0,10,76.9,TE,DaviTy02
3159,Tyler Davis,0.00,4,Sun,10,10,2022-11-13,25-225,GNB,,DAL,W 31-28 (OT),0.00,0.00,0.0,0.0,4,6.3,0,0.0,26,86.7,TE,DaviTy02
3160,Tyler Davis,0.00,3,Thu,11,11,2022-11-17,25-229,GNB,,TEN,L 17-27,0.00,0.00,0.0,0.0,3,4.9,0,0.0,18,81.8,TE,DaviTy02
3161,Tyler Davis,0.00,9,Sun,12,12,2022-11-27,25-239,GNB,@,PHI,L 33-40,0.00,0.00,0.0,0.0,9,18.4,0,0.0,24,77.4,TE,DaviTy02
3162,Tyler Davis,0.00,7,Sun,13,13,2022-12-04,25-246,GNB,@,CHI,W 28-19,0.00,0.00,0.0,0.0,7,10.6,0,0.0,19,79.2,TE,DaviTy02
3163,Tyler Davis,0.00,11,Mon,14,15,2022-12-19,25-261,GNB,,LAR,W 24-12,0.00,0.00,0.0,0.0,11,15.5,0,0.0,18,85.7,TE,DaviTy02
3164,Tyler Davis,0.00,14,Sun,15,16,2022-12-25,25-267,GNB,@,MIA,W 26-20,0.00,0.00,0.0,0.0,14,21.2,0,0.0,21,80.8,TE,DaviTy02
3165,Tyler Davis,0.00,10,Sun,16,17,2023-01-01,25-274,GNB,,MIN,W 41-17,0.00,0.00,0.0,0.0,10,15.9,0,0.0,23,82.1,TE,DaviTy02
3166,Tyler Davis,0.00,8,Sun,17,18,2023-01-08,25-281,GNB,,DET,L 16-20,0.00,0.00,0.0,0.0,8,13.3,0,0.0,18,72.0,TE,DaviTy02
3167,Zach Davidson,0.00,16,Sun,13,14,2024-12-08,26-146,BUF,@,LAR,L 42-44,0.00,0.00,0.0,0.0,16,26.7,0,0.0,16,48.5,TE,DaviZa00
3168,Josiah Deguara,0.00,15,Sun,2,2,2022-09-18,25-216,GNB,,CHI,W 27-10,0.00,0.00,0.0,0.0,15,22.1,0,0.0,12,54.5,TE,DeguJo00
3169,Josiah Deguara,0.00,9,Sun,3,3,2022-09-25,25-223,GNB,@,TAM,W 14-12,0.00,0.00,0.0,0.0,9,14.5,0,0.0,18,72.0,TE,DeguJo00
3170,Josiah Deguara,0.00,11,Sun,4,4,2022-10-02,25-230,GNB,,NWE,W 27-24 (OT),0.00,0.00,0.0,0.0,11,15.1,0,0.0,12,37.5,TE,DeguJo00
3171,Josiah Deguara,0.00,7,Sun,7,7,2022-10-23,25-251,GNB,@,WAS,L 21-23,0.00,0.00,0.0,0.0,7,13.0,0,0.0,15,51.7,TE,DeguJo00
3172,Josiah Deguara,0.00,13,Sun,10,10,2022-11-13,25-272,GNB,,DAL,W 31-28 (OT),0.00,0.00,0.0,0.0,13,20.3,0,0.0,20,66.7,TE,DeguJo00
3173,Josiah Deguara,0.00,16,Thu,11,11,2022-11-17,25-276,GNB,,TEN,L 17-27,0.00,0.00,0.0,0.0,16,26.2,0,0.0,12,54.5,TE,DeguJo00
3174,Josiah Deguara,0.00,14,Sun,12,12,2022-11-27,25-286,GNB,@,PHI,L 33-40,0.00,0.00,0.0,0.0,14,28.6,0,0.0,11,35.5,TE,DeguJo00
3175,Josiah Deguara,0.00,10,Sun,13,13,2022-12-04,25-293,GNB,@,CHI,W 28-19,0.00,0.00,0.0,0.0,10,15.2,0,0.0,12,50.0,TE,DeguJo00
3176,Josiah Deguara,0.00,20,Mon,14,15,2022-12-19,25-308,GNB,,LAR,W 24-12,0.00,0.00,0.0,0.0,20,28.2,0,0.0,9,42.9,TE,DeguJo00
3177,Josiah Deguara,0.00,14,Sun,17,18,2023-01-08,25-328,GNB,,DET,L 16-20,0.00,0.00,0.0,0.0,14,23.3,0,0.0,5,20.0,TE,DeguJo00
3178,Josiah Deguara,0.00,19,Sun,1,1,2023-09-10,26-208,GNB,@,CHI,W 38-20,0.00,0.00,0.0,0.0,19,31.7,0,0.0,14,50.0,TE,DeguJo00
3179,Josiah Deguara,0.00,17,Sun,3,3,2023-09-24,26-222,GNB,,NOR,W 18-17,0.00,0.00,0.0,0.0,17,21.5,0,0.0,20,80.0,TE,DeguJo00
3180,Josiah Deguara,0.00,17,Sun,6,7,2023-10-22,26-250,GNB,@,DEN,L 17-19,0.00,0.00,0.0,0.0,17,26.6,0,0.0,17,68.0,TE,DeguJo00
3181,Josiah Deguara,0.00,5,Sun,7,8,2023-10-29,26-257,GNB,,MIN,L 10-24,0.00,0.00,0.0,0.0,5,7.4,0,0.0,15,65.2,TE,DeguJo00
3182,Josiah Deguara,0.00,5,Sun,9,10,2023-11-12,26-271,GNB,@,PIT,L 19-23,0.00,0.00,0.0,0.0,5,7.4,0,0.0,17,58.6,TE,DeguJo00
3183,Josiah Deguara,0.00,1,Sun,10,11,2023-11-19,26-278,GNB,,LAC,W 23-20,0.00,0.00,0.0,0.0,1,1.4,0,0.0,5,19.2,TE,DeguJo00
3184,Josiah Deguara,0.00,7,Mon,13,14,2023-12-11,26-300,GNB,@,NYG,L 22-24,0.00,0.00,0.0,0.0,7,10.3,0,0.0,10,37.0,TE,DeguJo00
3185,Josiah Deguara,0.00,9,Sun,14,15,2023-12-17,26-306,GNB,,TAM,L 20-34,0.00,0.00,0.0,0.0,9,15.0,0,0.0,9,36.0,TE,DeguJo00
3186,Josiah Deguara,0.00,15,Sun,15,16,2023-12-24,26-313,GNB,@,CAR,W 33-30,0.00,0.00,0.0,0.0,15,22.7,0,0.0,18,60.0,TE,DeguJo00
3187,Josiah Deguara,0.00,11,Sun,16,17,2023-12-31,26-320,GNB,@,MIN,W 33-10,0.00,0.00,0.0,0.0,11,14.9,0,0.0,13,54.2,TE,DeguJo00
3188,Josiah Deguara,0.00,7,Sun,17,18,2024-01-07,26-327,GNB,,CHI,W 17-9,0.00,0.00,0.0,0.0,7,11.7,0,0.0,9,50.0,TE,DeguJo00
3189,Josiah Deguara,0.00,2,Sun,4,4,2024-09-29,27-228,JAX,@,HOU,L 20-24,0.00,0.00,0.0,0.0,2,3.4,0,0.0,15,51.7,TE,DeguJo00
3190,Josiah Deguara,0.00,3,Sun,6,6,2024-10-13,27-242,JAX,@,CHI,L 16-35,0.00,0.00,0.0,0.0,3,4.8,0,0.0,13,54.2,TE,DeguJo00
3191,Josiah Deguara,0.00,3,Sun,7,7,2024-10-20,27-249,JAX,,NWE,W 32-16,0.00,0.00,0.0,0.0,3,4.9,0,0.0,16,72.7,TE,DeguJo00
3192,Josiah Deguara,0.00,1,Sun,8,8,2024-10-27,27-256,JAX,,GNB,L 27-30,0.00,0.00,0.0,0.0,1,1.8,0,0.0,22,66.7,TE,DeguJo00
3193,Josiah Deguara,0.00,1,Sun,9,9,2024-11-03,27-263,JAX,@,PHI,L 23-28,0.00,0.00,0.0,0.0,1,1.9,0,0.0,15,65.2,TE,DeguJo00
3194,Josiah Deguara,0.00,3,Sun,13,14,2024-12-08,27-298,JAX,@,TEN,W 10-6,0.00,0.00,0.0,0.0,3,5.1,0,0.0,11,61.1,TE,DeguJo00
3195,Josiah Deguara,0.00,15,Sun,14,15,2024-12-15,27-305,JAX,,NYJ,L 25-32,0.00,0.00,0.0,0.0,15,17.9,0,0.0,14,50.0,TE,DeguJo00
3196,Josiah Deguara,0.00,11,Sun,16,17,2024-12-29,27-319,JAX,,TEN,W 20-13,0.00,0.00,0.0,0.0,11,19.0,0,0.0,15,71.4,TE,DeguJo00
3197,Josiah Deguara,0.00,10,Sun,17,18,2025-01-05,27-326,JAX,@,IND,L 23-26 (OT),0.00,0.00,0.0,0.0,10,14.5,0,0.0,23,65.7,TE,DeguJo00
3198,Will Dissly,0.00,29,Sun,12,13,2024-12-01,28-146,LAC,@,ATL,W 17-13,0.00,0.00,0.0,0.0,29,63.0,0,0.0,0,0.0,TE,DissWi00
3199,Will Dissly,0.00,23,Sun,2,2,2022-09-18,26-072,SEA,@,SFO,L 7-27,0.00,2.00,2.0,1.0,23,46.9,0,0.0,7,30.4,TE,DissWi00
3200,Will Dissly,0.00,29,Mon,4,4,2023-10-02,27-086,SEA,@,NYG,W 24-3,0.00,0.00,0.0,0.0,29,52.7,0,0.0,10,43.5,TE,DissWi00
3201,Will Dissly,0.00,34,Sun,6,7,2023-10-22,27-106,SEA,,ARI,W 20-10,0.00,0.00,0.0,0.0,34,56.7,0,0.0,9,37.5,TE,DissWi00
3202,Will Dissly,0.00,23,Sun,7,8,2023-10-29,27-113,SEA,,CLE,W 24-20,0.00,0.00,0.0,0.0,23,39.7,0,0.0,10,38.5,TE,DissWi00
3203,Will Dissly,0.00,11,Sun,8,9,2023-11-05,27-120,SEA,@,BAL,L 3-37,0.00,0.00,0.0,0.0,11,22.4,0,0.0,10,37.0,TE,DissWi00
3204,Will Dissly,0.00,25,Thu,12,13,2023-11-30,27-145,SEA,@,DAL,L 35-41,0.00,0.00,0.0,0.0,25,36.2,0,0.0,15,53.6,TE,DissWi00
3205,Will Dissly,0.00,21,Sun,16,17,2023-12-31,27-176,SEA,,PIT,L 23-30,0.00,0.00,0.0,0.0,21,42.9,0,0.0,12,42.9,TE,DissWi00
3206,Greg Dulcich,0.00,17,Sun,3,3,2024-09-22,24-180,DEN,@,TAM,W 26-7,0.00,0.00,0.0,0.0,17,25.0,0,0.0,0,0.0,TE,DulcGr00
3207,Greg Dulcich,0.00,24,Sun,4,4,2024-09-29,24-187,DEN,@,NYJ,W 10-9,0.00,0.00,0.0,0.0,24,39.3,0,0.0,0,0.0,TE,DulcGr00
3208,Greg Dulcich,0.00,1,Sun,13,14,2024-12-08,24-257,NYG,,NOR,L 11-14,0.00,0.00,0.0,0.0,1,1.3,0,0.0,0,0.0,TE,DulcGr00
3209,Greg Dulcich,0.00,7,Sun,14,15,2024-12-15,24-264,NYG,,BAL,L 14-35,0.00,0.00,0.0,0.0,7,10.3,0,0.0,1,4.8,TE,DulcGr00
3210,Greg Dulcich,0.00,8,Sun,15,16,2024-12-22,24-271,NYG,@,ATL,L 7-34,0.00,0.00,0.0,0.0,8,13.6,0,0.0,7,29.2,TE,DulcGr00
3211,Greg Dulcich,0.00,1,Sun,16,17,2024-12-29,24-278,NYG,,IND,W 45-33,0.00,0.00,0.0,0.0,1,1.8,0,0.0,7,21.9,TE,DulcGr00
3212,Greg Dulcich,0.00,10,Sun,17,18,2025-01-05,24-285,NYG,@,PHI,L 13-20,0.00,0.00,0.0,0.0,10,18.9,0,0.0,5,20.8,TE,DulcGr00
3213,Payne Durham,0.00,15,Sun,6,7,2023-10-22,23-129,TAM,,ATL,L 13-16,0.00,0.00,0.0,0.0,15,20.5,0,0.0,4,19.0,TE,DurhPa00
3214,Payne Durham,0.00,8,Thu,7,8,2023-10-26,23-133,TAM,@,BUF,L 18-24,0.00,0.00,0.0,0.0,8,11.8,0,0.0,11,42.3,TE,DurhPa00
3215,Payne Durham,0.00,10,Sun,8,9,2023-11-05,23-143,TAM,@,HOU,L 37-39,0.00,0.00,0.0,0.0,10,15.2,0,0.0,12,36.4,TE,DurhPa00
3216,Payne Durham,0.00,11,Sun,9,10,2023-11-12,23-150,TAM,,TEN,W 20-6,0.00,0.00,0.0,0.0,11,16.9,0,0.0,3,13.0,TE,DurhPa00
3217,Payne Durham,0.00,11,Sun,12,13,2023-12-03,23-171,TAM,,CAR,W 21-18,0.00,0.00,0.0,0.0,11,17.7,0,0.0,12,41.4,TE,DurhPa00
3218,Payne Durham,0.00,4,Sun,13,14,2023-12-10,23-178,TAM,@,ATL,W 29-25,0.00,0.00,0.0,0.0,4,5.9,0,0.0,6,18.8,TE,DurhPa00
3219,Payne Durham,0.00,13,Sun,14,15,2023-12-17,23-185,TAM,@,GNB,W 34-20,0.00,0.00,0.0,0.0,13,21.0,0,0.0,6,24.0,TE,DurhPa00
3220,Payne Durham,0.00,6,Sun,16,17,2023-12-31,23-199,TAM,,NOR,L 13-23,0.00,0.00,0.0,0.0,6,10.7,0,0.0,11,42.3,TE,DurhPa00
3221,Payne Durham,0.00,9,Sun,17,18,2024-01-07,23-206,TAM,@,CAR,W 9-0,0.00,0.00,0.0,0.0,9,13.8,0,0.0,7,35.0,TE,DurhPa00
3222,Payne Durham,0.00,17,Sun,1,1,2024-09-08,24-085,TAM,,WAS,W 37-20,0.00,0.00,0.0,0.0,17,26.6,0,0.0,5,18.5,TE,DurhPa00
3223,Payne Durham,0.00,16,Sun,2,2,2024-09-15,24-092,TAM,@,DET,W 20-16,0.00,0.00,0.0,0.0,16,33.3,0,0.0,5,19.2,TE,DurhPa00
3224,Payne Durham,0.00,15,Sun,4,4,2024-09-29,24-106,TAM,,PHI,W 33-16,0.00,0.00,0.0,0.0,15,19.5,0,0.0,6,22.2,TE,DurhPa00
3225,Payne Durham,0.00,12,Thu,5,5,2024-10-03,24-110,TAM,@,ATL,L 30-36 (OT),0.00,0.00,0.0,0.0,12,22.6,0,0.0,7,21.9,TE,DurhPa00
3226,Payne Durham,0.00,24,Sun,6,6,2024-10-13,24-120,TAM,@,NOR,W 51-27,0.00,0.00,0.0,0.0,24,31.2,0,0.0,6,16.2,TE,DurhPa00
3227,Payne Durham,0.00,11,Sun,8,8,2024-10-27,24-134,TAM,,ATL,L 26-31,0.00,0.00,0.0,0.0,11,15.1,0,0.0,1,3.7,TE,DurhPa00
3228,Payne Durham,0.00,16,Mon,9,9,2024-11-04,24-142,TAM,@,KAN,L 24-30 (OT),0.00,0.00,0.0,0.0,16,29.1,0,0.0,11,39.3,TE,DurhPa00
3229,Payne Durham,0.00,17,Sun,10,10,2024-11-10,24-148,TAM,,SFO,L 20-23,0.00,0.00,0.0,0.0,17,27.9,0,0.0,10,34.5,TE,DurhPa00
3230,Payne Durham,0.00,31,Sun,12,13,2024-12-01,24-169,TAM,@,CAR,W 26-23 (OT),0.00,0.00,0.0,0.0,31,38.8,0,0.0,17,47.2,TE,DurhPa00
3231,Payne Durham,0.00,25,Sun,13,14,2024-12-08,24-176,TAM,,LVR,W 28-13,0.00,0.00,0.0,0.0,25,40.3,0,0.0,12,52.2,TE,DurhPa00
3232,Payne Durham,0.00,30,Sun,14,15,2024-12-15,24-183,TAM,@,LAC,W 40-17,0.00,0.00,0.0,0.0,30,41.7,0,0.0,13,48.1,TE,DurhPa00
3233,Ross Dwelley,0.00,12,Sun,1,1,2023-09-10,28-227,SFO,@,PIT,W 30-7,0.00,0.00,0.0,0.0,12,17.6,0,0.0,24,92.3,TE,DwelRo00
3234,Ross Dwelley,0.00,1,Sun,2,2,2023-09-17,28-234,SFO,@,LAR,W 30-23,0.00,0.00,0.0,0.0,1,1.8,0,0.0,23,82.1,TE,DwelRo00
3235,Ross Dwelley,0.00,12,Thu,3,3,2023-09-21,28-238,SFO,,NYG,W 30-12,0.00,0.00,0.0,0.0,12,14.5,0,0.0,14,50.0,TE,DwelRo00
3236,Ross Dwelley,0.00,4,Sun,4,4,2023-10-01,28-248,SFO,,ARI,W 35-16,0.00,0.00,0.0,0.0,4,7.3,0,0.0,10,45.5,TE,DwelRo00
3237,Ross Dwelley,0.00,15,Sun,5,5,2023-10-08,28-255,SFO,,DAL,W 42-10,0.00,0.00,0.0,0.0,15,21.1,0,0.0,17,63.0,TE,DwelRo00
3238,Ross Dwelley,0.00,4,Sun,6,6,2023-10-15,28-262,SFO,@,CLE,L 17-19,0.00,0.00,0.0,0.0,4,6.5,0,0.0,22,71.0,TE,DwelRo00
3239,Ross Dwelley,0.00,4,Sun,8,8,2023-10-29,28-276,SFO,,CIN,L 17-31,0.00,0.00,0.0,0.0,4,6.8,0,0.0,15,60.0,TE,DwelRo00
3240,Ross Dwelley,0.00,15,Sun,9,10,2023-11-12,28-290,SFO,@,JAX,W 34-3,0.00,0.00,0.0,0.0,15,24.2,0,0.0,16,69.6,TE,DwelRo00
3241,Ross Dwelley,0.00,2,Sun,10,11,2023-11-19,28-297,SFO,,TAM,W 27-14,0.00,0.00,0.0,0.0,2,3.3,0,0.0,14,63.6,TE,DwelRo00
3242,Ross Dwelley,0.00,3,Thu,11,12,2023-11-23,28-301,SFO,@,SEA,W 31-13,0.00,0.00,0.0,0.0,3,4.5,0,0.0,20,69.0,TE,DwelRo00
3243,Ross Dwelley,0.00,1,Sun,12,13,2023-12-03,28-311,SFO,@,PHI,W 42-19,0.00,0.00,0.0,0.0,1,1.7,0,0.0,19,73.1,TE,DwelRo00
3244,Ross Dwelley,0.00,2,Sun,1,1,2024-09-08,29-226,ATL,,PIT,L 10-18,0.00,0.00,0.0,0.0,2,3.6,0,0.0,6,24.0,TE,DwelRo00
3245,Ross Dwelley,0.00,2,Mon,2,2,2024-09-16,29-234,ATL,@,PHI,W 22-21,0.00,0.00,0.0,0.0,2,3.3,0,0.0,5,22.7,TE,DwelRo00
3246,Ross Dwelley,0.00,3,Sun,3,3,2024-09-22,29-240,ATL,,KAN,L 17-22,0.00,0.00,0.0,0.0,3,4.9,0,0.0,8,33.3,TE,DwelRo00
3247,Ross Dwelley,0.00,1,Sun,4,4,2024-09-29,29-247,ATL,,NOR,W 26-24,0.00,0.00,0.0,0.0,1,1.8,0,0.0,7,25.0,TE,DwelRo00
3248,Ross Dwelley,0.00,9,Sun,6,6,2024-10-13,29-261,ATL,@,CAR,W 38-20,0.00,0.00,0.0,0.0,9,12.9,0,0.0,8,29.6,TE,DwelRo00
3249,Ross Dwelley,0.00,8,Sun,7,7,2024-10-20,29-268,ATL,,SEA,L 14-34,0.00,0.00,0.0,0.0,8,11.0,0,0.0,14,53.8,TE,DwelRo00
3250,Ross Dwelley,0.00,5,Sun,8,8,2024-10-27,29-275,ATL,@,TAM,W 31-26,0.00,0.00,0.0,0.0,5,8.1,0,0.0,10,37.0,TE,DwelRo00
3251,Ross Dwelley,0.00,3,Sun,9,9,2024-11-03,29-282,ATL,,DAL,W 27-21,0.00,0.00,0.0,0.0,3,5.3,0,0.0,10,38.5,TE,DwelRo00
3252,Ross Dwelley,0.00,1,Sun,12,13,2024-12-01,29-310,ATL,,LAC,L 13-17,0.00,0.00,0.0,0.0,1,1.2,0,0.0,7,31.8,TE,DwelRo00
3253,Ross Dwelley,0.00,9,Sun,13,14,2024-12-08,29-317,ATL,@,MIN,L 21-42,0.00,0.00,0.0,0.0,9,12.2,0,0.0,7,25.9,TE,DwelRo00
3254,Ross Dwelley,0.00,29,Mon,14,15,2024-12-16,29-325,ATL,@,LVR,W 15-9,0.00,0.00,0.0,0.0,29,50.0,0,0.0,4,16.0,TE,DwelRo00
3255,Ross Dwelley,0.00,6,Sun,15,16,2024-12-22,29-331,ATL,,NYG,W 34-7,0.00,0.00,0.0,0.0,6,9.0,0,0.0,21,87.5,TE,DwelRo00
3256,Ross Dwelley,0.00,1,Sun,17,18,2025-01-05,29-345,ATL,,CAR,L 38-44 (OT),0.00,0.00,0.0,0.0,1,1.3,0,0.0,14,45.2,TE,DwelRo00
3257,Ross Dwelley,0.00,4,Sun,3,3,2022-09-25,27-242,SFO,@,DEN,L 10-11,0.00,0.00,0.0,0.0,4,7.1,0,0.0,24,85.7,TE,DwelRo00
3258,Ross Dwelley,0.00,5,Mon,4,4,2022-10-03,27-250,SFO,,LAR,W 24-9,0.00,0.00,0.0,0.0,5,10.0,0,0.0,18,72.0,TE,DwelRo00
3259,Ross Dwelley,0.00,4,Sun,5,5,2022-10-09,27-256,SFO,@,CAR,W 37-15,0.00,0.00,0.0,0.0,4,6.0,0,0.0,23,82.1,TE,DwelRo00
3260,Ross Dwelley,0.00,11,Sun,7,7,2022-10-23,27-270,SFO,,KAN,L 23-44,0.00,0.00,0.0,0.0,11,13.9,0,0.0,13,46.4,TE,DwelRo00
3261,Ross Dwelley,0.00,4,Mon,10,11,2022-11-21,27-299,SFO,@,ARI,W 38-10,0.00,0.00,0.0,0.0,4,6.9,0,0.0,20,76.9,TE,DwelRo00
3262,Ross Dwelley,0.00,6,Sun,11,12,2022-11-27,27-305,SFO,,NOR,W 13-0,0.00,0.00,0.0,0.0,6,8.6,0,0.0,12,70.6,TE,DwelRo00
3263,Ross Dwelley,0.00,1,Thu,14,15,2022-12-15,27-323,SFO,@,SEA,W 21-13,0.00,0.00,0.0,0.0,1,1.6,0,0.0,21,75.0,TE,DwelRo00
3264,Ben Ellefson,0.00,3,Mon,2,2,2022-09-19,26-018,MIN,@,PHI,L 7-24,0.00,0.00,0.0,0.0,3,4.9,0,0.0,10,47.6,TE,ElleBe00
3265,Ben Ellefson,0.00,10,Sun,4,4,2022-10-02,26-031,MIN,@,NOR,W 28-25,0.00,0.00,0.0,0.0,10,13.9,0,0.0,16,51.6,TE,ElleBe00
3266,Gerald Everett,0.00,37,Mon,15,16,2022-12-26,28-184,LAC,@,IND,W 20-3,0.00,0.00,0.0,0.0,37,54.4,0,0.0,0,0.0,TE,EverGe00
3267,Gerald Everett,0.00,24,Sun,9,10,2023-11-12,29-140,LAC,,DET,L 38-41,0.00,0.00,0.0,0.0,24,33.3,0,0.0,0,0.0,TE,EverGe00
3268,Gerald Everett,0.00,34,Sun,1,1,2024-09-08,30-075,CHI,,TEN,W 24-17,0.00,1.00,0.9,0.4,34,60.7,0,0.0,0,0.0,TE,EverGe00
3269,Gerald Everett,0.00,30,Sun,3,3,2024-09-22,30-089,CHI,@,IND,L 16-21,0.00,0.00,0.0,0.0,30,33.3,0,0.0,0,0.0,TE,EverGe00
3270,Gerald Everett,0.00,20,Sun,4,4,2024-09-29,30-096,CHI,,LAR,W 24-18,0.00,0.00,0.0,0.0,20,33.3,0,0.0,0,0.0,TE,EverGe00
3271,Gerald Everett,0.00,18,Sun,6,6,2024-10-13,30-110,CHI,,JAX,W 35-16,0.00,0.00,0.0,0.0,18,27.3,0,0.0,6,25.0,TE,EverGe00
3272,Gerald Everett,0.00,14,Sun,9,10,2024-11-10,30-138,CHI,,NWE,L 3-19,0.00,0.00,0.0,0.0,14,23.3,0,0.0,0,0.0,TE,EverGe00
3273,Gerald Everett,0.00,8,Sun,10,11,2024-11-17,30-145,CHI,,GNB,L 19-20,0.00,0.00,0.0,0.0,8,11.1,0,0.0,0,0.0,TE,EverGe00
3274,Gerald Everett,0.00,3,Sun,11,12,2024-11-24,30-152,CHI,,MIN,L 27-30 (OT),0.00,0.00,0.0,0.0,3,3.9,0,0.0,0,0.0,TE,EverGe00
3275,Gerald Everett,0.00,2,Thu,12,13,2024-11-28,30-156,CHI,@,DET,L 20-23,0.00,0.00,0.0,0.0,2,3.0,0,0.0,0,0.0,TE,EverGe00
3276,Gerald Everett,0.00,8,Sun,13,14,2024-12-08,30-166,CHI,@,SFO,L 13-38,0.00,0.00,0.0,0.0,8,15.1,0,0.0,0,0.0,TE,EverGe00
3277,Gerald Everett,0.00,11,Mon,14,15,2024-12-16,30-174,CHI,@,MIN,L 12-30,0.00,0.00,0.0,0.0,11,16.4,0,0.0,0,0.0,TE,EverGe00
3278,Gerald Everett,0.00,5,Thu,16,17,2024-12-26,30-184,CHI,,SEA,L 3-6,0.00,0.00,0.0,0.0,5,8.2,0,0.0,0,0.0,TE,EverGe00
3279,Gerald Everett,0.00,4,Sun,17,18,2025-01-05,30-194,CHI,@,GNB,W 24-22,0.00,0.00,0.0,0.0,4,6.5,0,0.0,0,0.0,TE,EverGe00
3280,Noah Fant,0.00,30,Sun,13,14,2022-12-11,25-021,SEA,,CAR,L 24-30,0.00,0.00,0.0,0.0,30,55.6,0,0.0,0,0.0,TE,FantNo00
3281,Noah Fant,0.00,25,Sun,1,1,2023-09-10,25-294,SEA,,LAR,L 13-30,0.00,0.00,0.0,0.0,25,49.0,0,0.0,0,0.0,TE,FantNo00
3282,Noah Fant,0.00,26,Sun,8,9,2023-11-05,25-350,SEA,@,BAL,L 3-37,0.00,0.00,0.0,0.0,26,53.1,0,0.0,0,0.0,TE,FantNo00
3283,Noah Fant,0.00,47,Sun,15,16,2023-12-24,26-034,SEA,@,TEN,W 20-17,0.00,0.00,0.0,0.0,47,75.8,0,0.0,0,0.0,TE,FantNo00
3284,Noah Fant,0.00,8,Sun,17,18,2024-01-07,26-048,SEA,@,ARI,W 21-20,0.00,0.00,0.0,0.0,8,14.5,0,0.0,0,0.0,TE,FantNo00
3285,Princeton Fant,0.00,7,Mon,10,11,2024-11-18,25-252,DAL,,HOU,L 10-34,0.00,0.00,0.0,0.0,7,8.4,0,0.0,17,63.0,TE,FantPr00
3286,Princeton Fant,0.00,3,Thu,12,13,2024-11-28,25-262,DAL,,NYG,W 27-20,0.00,0.00,0.0,0.0,3,3.9,0,0.0,20,64.5,TE,FantPr00
3287,Princeton Fant,0.00,1,Sun,14,15,2024-12-15,25-279,DAL,@,CAR,W 30-14,0.00,0.00,0.0,0.0,1,1.4,0,0.0,16,64.0,TE,FantPr00
3288,Princeton Fant,0.00,3,Sun,15,16,2024-12-22,25-286,DAL,,TAM,W 26-24,0.00,0.00,0.0,0.0,3,5.0,0,0.0,18,60.0,TE,FantPr00
3289,Luke Farrell,0.00,2,Sun,1,1,2022-09-11,24-332,JAX,@,WAS,L 22-28,0.00,0.00,0.0,0.0,2,2.9,0,0.0,5,20.8,TE,FarrLu00
3290,Luke Farrell,0.00,3,Sun,2,2,2022-09-18,24-339,JAX,,IND,W 24-0,0.00,0.00,0.0,0.0,3,4.2,0,0.0,6,30.0,TE,FarrLu00
3291,Luke Farrell,0.00,2,Sun,3,3,2022-09-25,24-346,JAX,@,LAC,W 38-10,0.00,0.00,0.0,0.0,2,2.6,0,0.0,7,29.2,TE,FarrLu00
3292,Luke Farrell,0.00,8,Sun,5,5,2022-10-09,24-360,JAX,,HOU,L 6-13,0.00,0.00,0.0,0.0,8,10.7,0,0.0,7,33.3,TE,FarrLu00
3293,Luke Farrell,0.00,2,Sun,7,7,2022-10-23,25-009,JAX,,NYG,L 17-23,0.00,0.00,0.0,0.0,2,2.8,0,0.0,11,50.0,TE,FarrLu00
3294,Luke Farrell,0.00,9,Sun,8,8,2022-10-30,25-016,JAX,,DEN,L 17-21,0.00,0.00,0.0,0.0,9,12.5,0,0.0,13,50.0,TE,FarrLu00
3295,Luke Farrell,0.00,2,Sun,10,10,2022-11-13,25-030,JAX,@,KAN,L 17-27,0.00,0.00,0.0,0.0,2,3.1,0,0.0,11,42.3,TE,FarrLu00
3296,Luke Farrell,0.00,1,Sun,11,12,2022-11-27,25-044,JAX,,BAL,W 28-27,0.00,0.00,0.0,0.0,1,1.6,0,0.0,10,37.0,TE,FarrLu00
3297,Luke Farrell,0.00,11,Sun,13,14,2022-12-11,25-058,JAX,@,TEN,W 36-22,0.00,0.00,0.0,0.0,11,15.3,0,0.0,7,26.9,TE,FarrLu00
3298,Luke Farrell,0.00,3,Sun,14,15,2022-12-18,25-065,JAX,,DAL,W 40-34 (OT),0.00,0.00,0.0,0.0,3,4.3,0,0.0,11,33.3,TE,FarrLu00
3299,Luke Farrell,0.00,13,Thu,15,16,2022-12-22,25-069,JAX,@,NYJ,W 19-3,0.00,0.00,0.0,0.0,13,18.1,0,0.0,4,18.2,TE,FarrLu00
3300,Luke Farrell,0.00,10,Sun,16,17,2023-01-01,25-079,JAX,@,HOU,W 31-3,0.00,0.00,0.0,0.0,10,15.9,0,0.0,7,28.0,TE,FarrLu00
3301,Luke Farrell,0.00,33,Sun,1,1,2023-09-10,25-331,JAX,@,IND,W 31-21,0.00,0.00,0.0,0.0,33,47.1,0,0.0,9,32.1,TE,FarrLu00
3302,Luke Farrell,0.00,19,Sun,2,2,2023-09-17,25-338,JAX,,KAN,L 9-17,0.00,0.00,0.0,0.0,19,28.4,0,0.0,9,40.9,TE,FarrLu00
3303,Luke Farrell,0.00,29,Sun,6,6,2023-10-15,26-001,JAX,,IND,W 37-20,0.00,0.00,0.0,0.0,29,45.3,0,0.0,9,29.0,TE,FarrLu00
3304,Luke Farrell,0.00,20,Thu,7,7,2023-10-19,26-005,JAX,@,NOR,W 31-24,0.00,0.00,0.0,0.0,20,35.7,0,0.0,12,37.5,TE,FarrLu00
3305,Luke Farrell,0.00,9,Sun,9,10,2023-11-12,26-029,JAX,,SFO,L 3-34,0.00,0.00,0.0,0.0,9,15.8,0,0.0,11,47.8,TE,FarrLu00
3306,Luke Farrell,0.00,23,Sun,13,14,2023-12-10,26-057,JAX,@,CLE,L 27-31,0.00,0.00,0.0,0.0,23,30.3,0,0.0,13,38.2,TE,FarrLu00
3307,Luke Farrell,0.00,5,Sun,15,16,2023-12-24,26-071,JAX,@,TAM,L 12-30,0.00,0.00,0.0,0.0,5,7.6,0,0.0,8,40.0,TE,FarrLu00
3308,Luke Farrell,0.00,16,Sun,17,18,2024-01-07,26-085,JAX,@,TEN,L 20-28,0.00,0.00,0.0,0.0,16,22.5,0,0.0,6,27.3,TE,FarrLu00
3309,Luke Farrell,0.00,14,Sun,1,1,2024-09-08,26-330,JAX,@,MIA,L 17-20,0.00,0.00,0.0,0.0,14,26.4,0,0.0,10,40.0,TE,FarrLu00
3310,Luke Farrell,0.00,27,Sun,4,4,2024-09-29,26-351,JAX,@,HOU,L 20-24,0.00,0.00,0.0,0.0,27,46.6,0,0.0,5,17.2,TE,FarrLu00
3311,Luke Farrell,0.00,17,Sun,6,6,2024-10-13,26-365,JAX,@,CHI,L 16-35,0.00,0.00,0.0,0.0,17,27.4,0,0.0,6,25.0,TE,FarrLu00
3312,Luke Farrell,0.00,31,Sun,7,7,2024-10-20,27-006,JAX,,NWE,W 32-16,0.00,0.00,0.0,0.0,31,50.8,0,0.0,4,18.2,TE,FarrLu00
3313,Luke Farrell,0.00,13,Sun,8,8,2024-10-27,27-013,JAX,,GNB,L 27-30,0.00,0.00,0.0,0.0,13,22.8,0,0.0,6,18.2,TE,FarrLu00
3314,Luke Farrell,0.00,20,Sun,12,13,2024-12-01,27-048,JAX,,HOU,L 20-23,0.00,0.00,0.0,0.0,20,28.6,0,0.0,10,37.0,TE,FarrLu00
3315,Luke Farrell,0.00,23,Sun,13,14,2024-12-08,27-055,JAX,@,TEN,W 10-6,0.00,0.00,0.0,0.0,23,39.0,0,0.0,3,16.7,TE,FarrLu00
3316,Luke Farrell,0.00,27,Sun,14,15,2024-12-15,27-062,JAX,,NYJ,L 25-32,0.00,0.00,0.0,0.0,27,32.1,0,0.0,6,21.4,TE,FarrLu00
3317,Luke Farrell,0.00,29,Sun,16,17,2024-12-29,27-076,JAX,,TEN,W 20-13,0.00,0.00,0.0,0.0,29,50.0,0,0.0,5,23.8,TE,FarrLu00
3318,Jake Ferguson,0.00,11,Sun,1,1,2022-09-11,23-236,DAL,,TAM,L 3-19,0.00,0.00,0.0,0.0,11,15.9,0,0.0,11,45.8,TE,FergJa00
3319,Jake Ferguson,0.00,34,Sun,2,2,2022-09-18,23-243,DAL,,CIN,W 20-17,0.00,0.00,0.0,0.0,34,55.7,0,0.0,11,42.3,TE,FergJa00
3320,Jake Ferguson,0.00,35,Sun,5,5,2022-10-09,23-264,DAL,@,LAR,W 22-10,0.00,0.00,0.0,0.0,35,63.6,0,0.0,9,30.0,TE,FergJa00
3321,Jake Ferguson,0.00,26,Sun,9,10,2022-11-13,23-299,DAL,@,GNB,L 28-31 (OT),0.00,0.00,0.0,0.0,26,31.3,0,0.0,11,36.7,TE,FergJa00
3322,Jake Ferguson,0.00,32,Sun,12,13,2022-12-04,23-320,DAL,,IND,W 54-19,0.00,2.00,1.9,0.9,32,47.1,0,0.0,9,29.0,TE,FergJa00
3323,Jake Ferguson,0.00,8,Sun,13,14,2022-12-11,23-327,DAL,,HOU,W 27-23,0.00,0.00,0.0,0.0,8,11.3,0,0.0,6,21.4,TE,FergJa00
3324,Anthony Firkser,0.00,7,Fri,12,13,2024-11-29,29-284,KAN,,LVR,W 19-17,0.00,0.00,0.0,0.0,7,9.9,0,0.0,10,32.3,TE,FirkAn00
3325,Anthony Firkser,0.00,9,Sun,14,15,2024-12-15,29-300,KAN,@,CLE,W 21-7,0.00,0.00,0.0,0.0,9,12.0,0,0.0,2,7.7,TE,FirkAn00
3326,Anthony Firkser,0.00,8,Sat,15,16,2024-12-21,29-306,KAN,,HOU,W 27-19,0.00,0.00,0.0,0.0,8,10.8,0,0.0,15,62.5,TE,FirkAn00
3327,Anthony Firkser,0.00,1,Mon,1,1,2024-09-09,29-203,NYJ,@,SFO,L 19-32,0.00,0.00,0.0,0.0,1,2.0,0,0.0,9,34.6,TE,FirkAn00
3328,Anthony Firkser,0.00,6,Mon,6,6,2024-10-14,29-238,NYJ,,BUF,L 20-23,0.00,0.00,0.0,0.0,6,9.5,0,0.0,13,52.0,TE,FirkAn00
3329,Anthony Firkser,0.00,2,Sun,8,8,2024-10-27,29-251,NYJ,@,NWE,L 22-25,0.00,0.00,0.0,0.0,2,3.2,0,0.0,18,69.2,TE,FirkAn00
3330,Anthony Firkser,0.00,2,Sun,15,16,2023-12-24,28-308,DET,@,MIN,W 30-24,0.00,0.00,0.0,0.0,2,2.5,0,0.0,10,38.5,TE,FirkAn00
3331,Tucker Fisk,0.00,23,Sun,9,10,2024-11-10,25-296,LAC,,TEN,W 27-17,0.00,0.00,0.0,0.0,23,39.0,0,0.0,11,42.3,TE,FiskTu00
3332,Tucker Fisk,0.00,21,Sun,13,14,2024-12-08,25-324,LAC,@,KAN,L 17-19,0.00,1.00,1.0,0.5,21,35.0,0,0.0,4,15.4,TE,FiskTu00
3333,Tucker Fisk,0.00,26,Sun,17,18,2025-01-05,25-352,LAC,@,LVR,W 34-20,0.00,0.00,0.0,0.0,26,34.7,0,0.0,2,6.9,TE,FiskTu00
3334,Tucker Fisk,0.00,2,Sun,7,7,2023-10-22,24-276,ATL,@,TAM,W 16-13,0.00,0.00,0.0,0.0,2,3.1,0,0.0,7,33.3,TE,FiskTu00
3335,Tucker Fisk,0.00,18,Sun,9,9,2023-11-05,24-290,ATL,,MIN,L 28-31,0.00,0.00,0.0,0.0,18,26.1,0,0.0,16,48.5,TE,FiskTu00
3336,Tucker Fisk,0.00,14,Sun,15,16,2023-12-24,24-339,ATL,,IND,W 29-10,0.00,0.00,0.0,0.0,14,21.9,0,0.0,18,64.3,TE,FiskTu00
3337,Tucker Fisk,0.00,10,Sun,16,17,2023-12-31,24-346,ATL,@,CHI,L 17-37,0.00,0.00,0.0,0.0,10,16.9,0,0.0,19,59.4,TE,FiskTu00
3338,Tucker Fisk,0.00,8,Sun,17,18,2024-01-07,24-353,ATL,@,NOR,L 17-48,0.00,0.00,0.0,0.0,8,13.1,0,0.0,21,65.6,TE,FiskTu00
3339,John FitzPatrick,0.00,1,Sun,2,2,2023-09-17,23-192,ATL,,GNB,W 25-24,0.00,0.00,0.0,0.0,1,1.2,0,0.0,0,0.0,TE,FitzJo00
3340,John FitzPatrick,0.00,1,Sun,4,4,2023-10-01,23-206,ATL,@,JAX,L 7-23,0.00,0.00,0.0,0.0,1,1.7,0,0.0,6,27.3,TE,FitzJo00
3341,John FitzPatrick,0.00,1,Sun,5,5,2023-10-08,23-213,ATL,,HOU,W 21-19,0.00,0.00,0.0,0.0,1,1.3,0,0.0,11,37.9,TE,FitzJo00
3342,John FitzPatrick,0.00,5,Sun,10,10,2023-11-12,23-248,ATL,@,ARI,L 23-25,0.00,0.00,0.0,0.0,5,7.0,0,0.0,10,38.5,TE,FitzJo00
3343,John FitzPatrick,0.00,6,Sun,8,8,2024-10-27,24-232,GNB,@,JAX,W 30-27,0.00,0.00,0.0,0.0,6,8.6,0,0.0,6,18.2,TE,FitzJo00
3344,John FitzPatrick,0.00,1,Sun,9,9,2024-11-03,24-239,GNB,,DET,L 14-24,0.00,0.00,0.0,0.0,1,1.5,0,0.0,5,22.7,TE,FitzJo00
3345,John FitzPatrick,0.00,3,Sun,10,11,2024-11-17,24-253,GNB,@,CHI,W 20-19,0.00,0.00,0.0,0.0,3,6.5,0,0.0,5,27.8,TE,FitzJo00
3346,John FitzPatrick,0.00,6,Thu,13,14,2024-12-05,24-271,GNB,@,DET,L 31-34,0.00,0.00,0.0,0.0,6,12.0,0,0.0,5,17.9,TE,FitzJo00
3347,John FitzPatrick,0.00,9,Sun,14,15,2024-12-15,24-281,GNB,@,SEA,W 30-13,0.00,0.00,0.0,0.0,9,14.1,0,0.0,4,13.8,TE,FitzJo00
3348,John FitzPatrick,0.00,26,Mon,15,16,2024-12-23,24-289,GNB,,NOR,W 34-0,0.00,0.00,0.0,0.0,26,37.7,0,0.0,1,4.8,TE,FitzJo00
3349,John FitzPatrick,0.00,3,Sun,16,17,2024-12-29,24-295,GNB,@,MIN,L 25-27,0.00,0.00,0.0,0.0,3,4.8,0,0.0,8,29.6,TE,FitzJo00
3350,John FitzPatrick,0.00,5,Sun,17,18,2025-01-05,24-302,GNB,,CHI,L 22-24,0.00,0.00,0.0,0.0,5,7.7,0,0.0,12,44.4,TE,FitzJo00
3351,Miller Forristall,0.00,4,Thu,3,3,2022-09-22,24-195,CLE,,PIT,W 29-17,0.00,0.00,0.0,0.0,4,5.6,0,0.0,12,42.9,TE,ForrMi00
3352,Miller Forristall,0.00,9,Sun,4,4,2022-10-02,24-205,CLE,@,ATL,L 20-23,0.00,0.00,0.0,0.0,9,12.3,0,0.0,14,53.8,TE,ForrMi00
3353,Miller Forristall,0.00,2,Mon,8,8,2022-10-31,24-234,CLE,,CIN,W 32-13,0.00,0.00,0.0,0.0,2,2.8,0,0.0,8,34.8,TE,ForrMi00
3354,Miller Forristall,0.00,1,Sun,9,10,2022-11-13,24-247,CLE,@,MIA,L 17-39,0.00,0.00,0.0,0.0,1,1.5,0,0.0,9,39.1,TE,ForrMi00
3355,Jody Fortson,0.00,6,Thu,2,2,2022-09-15,26-282,KAN,,LAC,W 27-24,0.00,0.00,0.0,0.0,6,10.5,0,0.0,15,46.9,TE,FortJo01
3356,Jody Fortson,0.00,8,Sun,3,3,2022-09-25,26-292,KAN,@,IND,L 17-20,0.00,0.00,0.0,0.0,8,12.7,0,0.0,12,52.2,TE,FortJo01
3357,Jody Fortson,0.00,13,Mon,5,5,2022-10-10,26-307,KAN,,LVR,W 30-29,0.00,0.00,0.0,0.0,13,18.1,0,0.0,14,50.0,TE,FortJo01
3358,Jody Fortson,0.00,14,Sun,6,6,2022-10-16,26-313,KAN,,BUF,L 20-24,0.00,0.00,0.0,0.0,14,20.9,0,0.0,11,47.8,TE,FortJo01
3359,Jody Fortson,0.00,10,Sun,13,14,2022-12-11,27-004,KAN,@,DEN,W 34-28,0.00,0.00,0.0,0.0,10,14.7,0,0.0,19,59.4,TE,FortJo01
3360,Jody Fortson,0.00,12,Sun,14,15,2022-12-18,27-011,KAN,@,HOU,W 30-24 (OT),0.00,0.00,0.0,0.0,12,15.6,0,0.0,14,50.0,TE,FortJo01
3361,Jody Fortson,0.00,10,Sun,6,7,2024-10-20,28-318,KAN,@,SFO,W 28-18,0.00,0.00,0.0,0.0,10,14.3,0,0.0,1,4.2,TE,FortJo01
3362,Jody Fortson,0.00,19,Sun,7,8,2024-10-27,28-325,KAN,@,LVR,W 27-20,0.00,0.00,0.0,0.0,19,26.4,0,0.0,4,16.7,TE,FortJo01
3363,Cole Fotheringham,0.00,2,Sun,16,17,2023-12-31,26-081,LVR,@,IND,L 20-23,0.00,0.00,0.0,0.0,2,2.7,0,0.0,3,10.0,TE,FothCo00
3364,Feleipe Franks,0.00,4,Sun,1,1,2024-09-08,26-261,CAR,@,NOR,L 10-47,0.00,0.00,0.0,0.0,4,6.8,0,0.0,17,56.7,TE,FranFe00
3365,Feleipe Franks,0.00,2,Sun,3,3,2024-09-22,26-275,CAR,@,LVR,W 36-22,0.00,0.00,0.0,0.0,2,2.7,0,0.0,22,73.3,TE,FranFe00
3366,Feleipe Franks,0.00,1,Sun,4,4,2024-09-29,26-282,CAR,,CIN,L 24-34,0.00,0.00,0.0,0.0,1,1.4,0,0.0,18,64.3,TE,FranFe00
3367,Feleipe Franks,0.00,4,Sun,5,5,2024-10-06,26-289,CAR,@,CHI,L 10-36,0.00,0.00,0.0,0.0,4,6.7,0,0.0,19,73.1,TE,FranFe00
3368,Feleipe Franks,0.00,1,Sun,7,7,2024-10-20,26-303,CAR,@,WAS,L 7-40,0.00,0.00,0.0,0.0,1,2.3,0,0.0,17,65.4,TE,FranFe00
3369,Feleipe Franks,0.00,1,Sun,10,10,2024-11-10,26-324,CAR,,NYG,W 20-17 (OT),0.00,0.00,0.0,0.0,1,1.7,0,0.0,21,70.0,TE,FranFe00
3370,Feleipe Franks,0.00,14,Sun,11,12,2024-11-24,26-338,CAR,,KAN,L 27-30,0.00,0.00,0.0,0.0,14,22.6,0,0.0,19,70.4,TE,FranFe00
3371,Feleipe Franks,0.00,11,Sun,12,13,2024-12-01,26-345,CAR,,TAM,L 23-26 (OT),0.00,0.00,0.0,0.0,11,15.7,0,0.0,29,80.6,TE,FranFe00
3372,Feleipe Franks,0.00,1,Sun,13,14,2024-12-08,26-352,CAR,@,PHI,L 16-22,0.00,0.00,0.0,0.0,1,1.4,0,0.0,17,77.3,TE,FranFe00
3373,Feleipe Franks,0.00,1,Sun,14,15,2024-12-15,26-359,CAR,,DAL,L 14-30,0.00,0.00,0.0,0.0,1,1.8,0,0.0,18,72.0,TE,FranFe00
3374,Feleipe Franks,0.00,1,Sun,15,16,2024-12-22,27-000,CAR,,ARI,W 36-30 (OT),0.00,0.00,0.0,0.0,1,1.5,0,0.0,27,81.8,TE,FranFe00
3375,Feleipe Franks,0.00,1,Sun,16,17,2024-12-29,27-007,CAR,@,TAM,L 14-48,0.00,0.00,0.0,0.0,1,2.1,0,0.0,22,73.3,TE,FranFe00
3376,Pat Freiermuth,0.00,38,Sun,14,15,2022-12-18,24-054,PIT,@,CAR,W 24-16,0.00,0.00,0.0,0.0,38,55.9,0,0.0,0,0.0,TE,FreiPa00
3377,Pat Freiermuth,0.00,46,Sun,17,18,2023-01-08,24-075,PIT,,CLE,W 28-14,0.00,0.00,0.0,0.0,46,63.0,0,0.0,0,0.0,TE,FreiPa00
3378,Pat Freiermuth,0.00,37,Sat,15,16,2023-12-23,25-059,PIT,,CIN,W 34-11,0.00,0.00,0.0,0.0,37,62.7,0,0.0,6,25.0,TE,FreiPa00
3379,Zach Gentry,0.00,20,Sun,2,2,2022-09-18,26-008,PIT,,NWE,L 14-17,0.00,0.00,0.0,0.0,20,33.9,0,0.0,2,9.1,TE,GentZa00
3380,Zach Gentry,0.00,23,Thu,3,3,2022-09-22,26-012,PIT,@,CLE,L 17-29,0.00,0.00,0.0,0.0,23,39.0,0,0.0,5,17.9,TE,GentZa00
3381,Zach Gentry,0.00,34,Sun,7,7,2022-10-23,26-043,PIT,@,MIA,L 10-16,0.00,2.00,2.0,1.0,34,45.3,0,0.0,2,7.7,TE,GentZa00
3382,Zach Gentry,0.00,43,Sun,9,10,2022-11-13,26-064,PIT,,NOR,W 20-10,0.00,0.00,0.0,0.0,43,51.2,0,0.0,6,25.0,TE,GentZa00
3383,Zach Gentry,0.00,36,Mon,11,12,2022-11-28,26-079,PIT,@,IND,W 24-17,0.00,1.00,0.6,0.1,36,52.2,0,0.0,4,15.4,TE,GentZa00
3384,Zach Gentry,0.00,25,Sun,13,14,2022-12-11,26-092,PIT,,BAL,L 14-16,0.00,0.00,0.0,0.0,25,45.5,0,0.0,3,14.3,TE,GentZa00
3385,Zach Gentry,0.00,28,Sun,16,17,2023-01-01,26-113,PIT,@,BAL,W 16-13,0.00,0.00,0.0,0.0,28,40.0,0,0.0,5,21.7,TE,GentZa00
3386,Zach Gentry,0.00,18,Sun,17,18,2024-01-07,27-119,LVR,,DEN,W 27-14,0.00,0.00,0.0,0.0,18,27.3,0,0.0,0,0.0,TE,GentZa00
3387,Mike Gesicki,0.00,22,Sun,4,4,2024-09-29,28-362,CIN,@,CAR,W 34-24,0.00,1.00,0.1,-0.4,22,32.8,0,0.0,0,0.0,TE,GesiMi00
3388,Mike Gesicki,0.00,19,Sun,6,6,2024-10-13,29-010,CIN,@,NYG,W 17-7,0.00,0.00,0.0,0.0,19,35.8,0,0.0,0,0.0,TE,GesiMi00
3389,Mike Gesicki,0.00,51,Sun,11,11,2024-11-17,29-045,CIN,@,LAC,L 27-34,0.00,0.00,0.0,0.0,51,62.2,0,0.0,0,0.0,TE,GesiMi00
3390,Mike Gesicki,0.00,41,Sun,11,12,2022-11-27,27-055,MIA,,HOU,W 30-15,0.00,0.00,0.0,0.0,41,53.9,0,0.0,0,0.0,TE,GesiMi00
3391,Mike Gesicki,0.00,9,Sun,12,13,2022-12-04,27-062,MIA,@,SFO,L 17-33,0.00,0.00,0.0,0.0,9,19.6,0,0.0,0,0.0,TE,GesiMi00
3392,Mike Gesicki,0.00,20,Sun,13,14,2022-12-11,27-069,MIA,@,LAC,L 17-23,0.00,0.00,0.0,0.0,20,39.2,0,0.0,0,0.0,TE,GesiMi00
3393,Mike Gesicki,0.00,55,Sun,9,9,2023-11-05,28-033,NWE,,WAS,L 17-20,0.00,0.00,0.0,0.0,55,85.9,0,0.0,1,3.6,TE,GesiMi00
3394,Mike Gesicki,0.00,18,Sun,11,12,2023-11-26,28-054,NWE,@,NYG,L 7-10,0.00,0.00,0.0,0.0,18,26.5,0,0.0,0,0.0,TE,GesiMi00
3395,Mike Gesicki,0.00,6,Sun,12,13,2023-12-03,28-061,NWE,,LAC,L 0-6,0.00,0.00,0.0,0.0,6,9.4,0,0.0,0,0.0,TE,GesiMi00
3396,Mike Gesicki,0.00,19,Thu,13,14,2023-12-07,28-065,NWE,@,PIT,W 21-18,0.00,0.00,0.0,0.0,19,33.3,0,0.0,0,0.0,TE,GesiMi00
3397,Dallas Goedert,0.00,61,Sun,1,1,2023-09-10,28-250,PHI,@,NWE,W 25-20,0.00,0.00,0.0,0.0,61,92.4,0,0.0,1,3.4,TE,GoedDa00
3398,Dallas Goedert,0.00,3,Sun,5,6,2024-10-13,29-284,PHI,,CLE,W 20-16,0.00,0.00,0.0,0.0,3,4.8,0,0.0,0,0.0,TE,GoedDa00
3399,Jimmy Graham,0.00,9,Sun,1,1,2023-09-10,36-290,NOR,,TEN,W 16-15,0.00,0.00,0.0,0.0,9,13.8,0,0.0,0,0.0,TE,GrahJi00
3400,Jimmy Graham,0.00,10,Mon,2,2,2023-09-18,36-298,NOR,@,CAR,W 20-17,0.00,0.00,0.0,0.0,10,13.0,0,0.0,0,0.0,TE,GrahJi00
3401,Jimmy Graham,0.00,42,Sun,4,4,2023-10-01,36-311,NOR,,TAM,L 9-26,0.00,0.00,0.0,0.0,42,64.6,0,0.0,1,3.8,TE,GrahJi00
3402,Jimmy Graham,0.00,27,Sun,5,5,2023-10-08,36-318,NOR,@,NWE,W 34-0,0.00,0.00,0.0,0.0,27,37.5,0,0.0,0,0.0,TE,GrahJi00
3403,Jimmy Graham,0.00,14,Sun,6,6,2023-10-15,36-325,NOR,@,HOU,L 13-20,0.00,0.00,0.0,0.0,14,17.1,0,0.0,0,0.0,TE,GrahJi00
3404,Jimmy Graham,0.00,18,Thu,7,7,2023-10-19,36-329,NOR,,JAX,L 24-31,0.00,0.00,0.0,0.0,18,20.0,0,0.0,0,0.0,TE,GrahJi00
3405,Jimmy Graham,0.00,2,Thu,15,16,2023-12-21,37-027,NOR,@,LAR,L 22-30,0.00,0.00,0.0,0.0,2,3.3,0,0.0,0,0.0,TE,GrahJi00
3406,Jimmy Graham,0.00,5,Sun,16,17,2023-12-31,37-037,NOR,@,TAM,W 23-13,0.00,0.00,0.0,0.0,5,7.1,0,0.0,0,0.0,TE,GrahJi00
3407,Jimmy Graham,0.00,7,Sun,17,18,2024-01-07,37-044,NOR,,ATL,W 48-17,0.00,0.00,0.0,0.0,7,10.4,0,0.0,0,0.0,TE,GrahJi00
3408,Cam Grandy,0.00,4,Thu,10,10,2024-11-07,23-354,CIN,@,BAL,L 34-35,0.00,1.00,1.0,0.5,4,4.9,0,0.0,6,21.4,TE,GranCa00
3409,Cam Grandy,0.00,1,Sun,11,11,2024-11-17,23-364,CIN,@,LAC,L 27-34,0.00,0.00,0.0,0.0,1,1.2,0,0.0,6,16.2,TE,GranCa00
3410,Cam Grandy,0.00,9,Sun,12,13,2024-12-01,24-012,CIN,,PIT,L 38-44,0.00,0.00,0.0,0.0,9,14.5,0,0.0,8,24.2,TE,GranCa00
3411,Cam Grandy,0.00,17,Mon,13,14,2024-12-09,24-020,CIN,@,DAL,W 27-20,0.00,0.00,0.0,0.0,17,23.9,0,0.0,5,18.5,TE,GranCa00
3412,Cam Grandy,0.00,11,Sun,15,16,2024-12-22,24-033,CIN,,CLE,W 24-6,0.00,0.00,0.0,0.0,11,19.6,0,0.0,12,57.1,TE,GranCa00
3413,Kylen Granson,0.00,26,Sun,9,9,2022-11-06,24-224,IND,@,NWE,L 3-26,0.00,0.00,0.0,0.0,26,41.9,0,0.0,18,54.5,TE,GranKy00
3414,Kylen Granson,0.00,30,Sun,9,9,2023-11-05,25-223,IND,@,CAR,W 27-13,0.00,0.00,0.0,0.0,30,49.2,0,0.0,10,35.7,TE,GranKy00
3415,Kylen Granson,0.00,31,Sun,11,12,2023-11-26,25-244,IND,,TAM,W 27-20,0.00,0.00,0.0,0.0,31,42.5,0,0.0,7,25.9,TE,GranKy00
3416,Kylen Granson,0.00,25,Sun,1,1,2024-09-08,26-165,IND,,HOU,L 27-29,0.00,0.00,0.0,0.0,25,55.6,0,0.0,12,48.0,TE,GranKy00
3417,Kylen Granson,0.00,20,Sun,4,4,2024-09-29,26-186,IND,,PIT,W 27-24,0.00,0.00,0.0,0.0,20,30.3,0,0.0,14,51.9,TE,GranKy00
3418,Kylen Granson,0.00,18,Sun,5,5,2024-10-06,26-193,IND,@,JAX,L 34-37,0.00,0.00,0.0,0.0,18,25.7,0,0.0,19,55.9,TE,GranKy00
3419,Kylen Granson,0.00,17,Sun,6,6,2024-10-13,26-200,IND,@,TEN,W 20-17,0.00,0.00,0.0,0.0,17,24.3,0,0.0,14,53.8,TE,GranKy00
3420,Kylen Granson,0.00,14,Sun,7,7,2024-10-20,26-207,IND,,MIA,W 16-10,0.00,0.00,0.0,0.0,14,22.6,0,0.0,20,74.1,TE,GranKy00
3421,Kylen Granson,0.00,35,Sun,12,12,2024-11-24,26-242,IND,,DET,L 6-24,0.00,0.00,0.0,0.0,35,63.6,0,0.0,17,70.8,TE,GranKy00
3422,Kylen Granson,0.00,32,Sun,13,13,2024-12-01,26-249,IND,@,NWE,W 25-24,0.00,0.00,0.0,0.0,32,51.6,0,0.0,13,56.5,TE,GranKy00
3423,Kylen Granson,0.00,19,Sun,15,16,2024-12-22,26-270,IND,,TEN,W 38-30,0.00,0.00,0.0,0.0,19,30.6,0,0.0,15,50.0,TE,GranKy00
3424,Noah Gray,0.00,32,Mon,10,11,2023-11-20,24-204,KAN,,PHI,L 17-21,0.00,0.00,0.0,0.0,32,40.5,0,0.0,19,73.1,TE,GrayNo00
3425,Noah Gray,0.00,26,Sun,13,14,2023-12-10,24-224,KAN,,BUF,L 17-20,0.00,0.00,0.0,0.0,26,39.4,0,0.0,16,66.7,TE,GrayNo00
3426,Noah Gray,0.00,27,Sun,17,18,2024-01-07,24-252,KAN,@,LAC,W 13-12,0.00,0.00,0.0,0.0,27,46.6,0,0.0,10,37.0,TE,GrayNo00
3427,Noah Gray,0.00,37,Sun,2,2,2024-09-15,25-138,KAN,,CIN,W 26-25,0.00,0.00,0.0,0.0,37,56.9,0,0.0,15,57.7,TE,GrayNo00
3428,Noah Gray,0.00,59,Mon,8,9,2024-11-04,25-188,KAN,,TAM,W 30-24 (OT),0.00,0.00,0.0,0.0,59,69.4,0,0.0,10,35.7,TE,GrayNo00
3429,Noah Gray,0.00,4,Sun,17,18,2025-01-05,25-250,KAN,@,DEN,L 0-38,0.00,1.00,0.7,0.2,4,11.8,0,0.0,0,0.0,TE,GrayNo00
3430,Garrett Griffin,0.00,10,Sat,15,16,2022-12-24,28-295,DET,@,CAR,L 23-37,0.00,0.00,0.0,0.0,10,15.2,0,0.0,7,24.1,TE,GrifGa00
3431,Ryan Griffin,0.00,31,Sun,1,1,2022-09-11,32-243,CHI,,SFO,W 19-10,0.00,0.00,0.0,0.0,31,53.4,0,0.0,13,54.2,TE,GrifRy00
3432,Ryan Griffin,0.00,3,Thu,6,6,2022-10-13,32-275,CHI,,WAS,L 7-12,0.00,0.00,0.0,0.0,3,4.2,0,0.0,5,25.0,TE,GrifRy00
3433,Ryan Griffin,0.00,6,Sun,8,8,2022-10-30,32-292,CHI,@,DAL,L 29-49,0.00,0.00,0.0,0.0,6,7.6,0,0.0,7,24.1,TE,GrifRy00
3434,Ryan Griffin,0.00,2,Sun,9,9,2022-11-06,32-299,CHI,,MIA,L 32-35,0.00,0.00,0.0,0.0,2,2.7,0,0.0,13,50.0,TE,GrifRy00
3435,Ryan Griffin,0.00,13,Sun,10,10,2022-11-13,32-306,CHI,,DET,L 30-31,0.00,0.00,0.0,0.0,13,21.3,0,0.0,14,48.3,TE,GrifRy00
3436,Ryan Griffin,0.00,8,Sun,11,11,2022-11-20,32-313,CHI,@,ATL,L 24-27,0.00,0.00,0.0,0.0,8,11.6,0,0.0,14,51.9,TE,GrifRy00
3437,Ryan Griffin,0.00,2,Sun,12,12,2022-11-27,32-320,CHI,@,NYJ,L 10-31,0.00,0.00,0.0,0.0,2,3.5,0,0.0,13,52.0,TE,GrifRy00
3438,Ryan Griffin,0.00,16,Sun,13,13,2022-12-04,32-327,CHI,,GNB,L 19-28,0.00,0.00,0.0,0.0,16,30.8,0,0.0,12,50.0,TE,GrifRy00
3439,Ryan Griffin,0.00,15,Sun,14,15,2022-12-18,32-341,CHI,,PHI,L 20-25,0.00,0.00,0.0,0.0,15,25.4,0,0.0,16,64.0,TE,GrifRy00
3440,Ryan Griffin,0.00,8,Sun,16,17,2023-01-01,32-355,CHI,@,DET,L 10-41,0.00,0.00,0.0,0.0,8,15.4,0,0.0,19,63.3,TE,GrifRy00
3441,Ryan Griffin,0.00,3,Sun,17,18,2023-01-08,32-362,CHI,,MIN,L 13-29,0.00,0.00,0.0,0.0,3,5.9,0,0.0,12,52.2,TE,GrifRy00
3442,Troy Hairston,0.00,7,Sun,2,2,2022-09-18,23-284,HOU,@,DEN,L 9-16,0.00,0.00,0.0,0.0,7,11.1,0,0.0,16,61.5,TE,HairTr00
3443,Troy Hairston,0.00,17,Sun,3,3,2022-09-25,23-291,HOU,@,CHI,L 20-23,0.00,0.00,0.0,0.0,17,28.8,0,0.0,14,48.3,TE,HairTr00
3444,Troy Hairston,0.00,9,Sun,4,4,2022-10-02,23-298,HOU,,LAC,L 24-34,0.00,0.00,0.0,0.0,9,15.8,0,0.0,16,55.2,TE,HairTr00
3445,Troy Hairston,0.00,22,Sun,5,5,2022-10-09,23-305,HOU,@,JAX,W 13-6,0.00,0.00,0.0,0.0,22,37.9,0,0.0,15,71.4,TE,HairTr00
3446,Troy Hairston,0.00,11,Sun,6,7,2022-10-23,23-319,HOU,@,LVR,L 20-38,0.00,0.00,0.0,0.0,11,16.9,0,0.0,15,55.6,TE,HairTr00
3447,Troy Hairston,0.00,10,Thu,8,9,2022-11-03,23-330,HOU,,PHI,L 17-29,0.00,0.00,0.0,0.0,10,16.7,0,0.0,16,69.6,TE,HairTr00
3448,Troy Hairston,0.00,8,Sun,9,10,2022-11-13,23-340,HOU,@,NYG,L 16-24,0.00,0.00,0.0,0.0,8,12.5,0,0.0,22,73.3,TE,HairTr00
3449,Troy Hairston,0.00,7,Sun,10,11,2022-11-20,23-347,HOU,,WAS,L 10-23,0.00,0.00,0.0,0.0,7,12.5,0,0.0,19,70.4,TE,HairTr00
3450,Troy Hairston,0.00,8,Sun,11,12,2022-11-27,23-354,HOU,@,MIA,L 15-30,0.00,0.00,0.0,0.0,8,13.1,0,0.0,20,66.7,TE,HairTr00
3451,Troy Hairston,0.00,7,Sun,12,13,2022-12-04,23-361,HOU,,CLE,L 14-27,0.00,0.00,0.0,0.0,7,10.8,0,0.0,10,32.3,TE,HairTr00
3452,Troy Hairston,0.00,8,Sun,14,15,2022-12-18,24-010,HOU,,KAN,L 24-30 (OT),0.00,0.00,0.0,0.0,8,12.7,0,0.0,11,39.3,TE,HairTr00
3453,Troy Hairston,0.00,8,Sat,15,16,2022-12-24,24-016,HOU,@,TEN,W 19-14,0.00,1.00,1.0,0.5,8,11.9,0,0.0,13,54.2,TE,HairTr00
3454,Troy Hairston,0.00,9,Sun,17,18,2023-01-08,24-031,HOU,@,IND,W 32-31,0.00,0.00,0.0,0.0,9,13.8,0,0.0,14,51.9,TE,HairTr00
3455,Peyton Hendershot,0.00,10,Sun,11,12,2024-11-24,25-215,KAN,@,CAR,W 30-27,0.00,0.00,0.0,0.0,10,13.5,0,0.0,10,37.0,TE,HendPe01
3456,Peyton Hendershot,0.00,4,Wed,16,17,2024-12-25,25-246,KAN,@,PIT,W 29-10,0.00,0.00,0.0,0.0,4,6.5,0,0.0,13,52.0,TE,HendPe01
3457,Peyton Hendershot,0.00,2,Sun,1,1,2022-09-11,23-141,DAL,,TAM,L 3-19,0.00,0.00,0.0,0.0,2,2.9,0,0.0,17,70.8,TE,HendPe01
3458,Peyton Hendershot,0.00,7,Sun,2,2,2022-09-18,23-148,DAL,,CIN,W 20-17,0.00,0.00,0.0,0.0,7,11.5,0,0.0,17,65.4,TE,HendPe01
3459,Peyton Hendershot,0.00,4,Sun,4,4,2022-10-02,23-162,DAL,,WAS,W 25-10,0.00,0.00,0.0,0.0,4,6.6,0,0.0,17,56.7,TE,HendPe01
3460,Peyton Hendershot,0.00,37,Sun,5,5,2022-10-09,23-169,DAL,@,LAR,W 22-10,0.00,0.00,0.0,0.0,37,67.3,0,0.0,17,56.7,TE,HendPe01
3461,Peyton Hendershot,0.00,17,Sun,9,10,2022-11-13,23-204,DAL,@,GNB,L 28-31 (OT),0.00,0.00,0.0,0.0,17,20.5,0,0.0,20,66.7,TE,HendPe01
3462,Peyton Hendershot,0.00,25,Sun,10,11,2022-11-20,23-211,DAL,@,MIN,W 40-3,0.00,1.00,0.8,0.3,25,34.7,0,0.0,19,67.9,TE,HendPe01
3463,Peyton Hendershot,0.00,15,Sun,12,13,2022-12-04,23-225,DAL,,IND,W 54-19,0.00,0.00,0.0,0.0,15,22.1,0,0.0,21,67.7,TE,HendPe01
3464,Peyton Hendershot,0.00,10,Sun,13,14,2022-12-11,23-232,DAL,,HOU,W 27-23,0.00,0.00,0.0,0.0,10,14.1,0,0.0,17,60.7,TE,HendPe01
3465,Peyton Hendershot,0.00,8,Sat,15,16,2022-12-24,23-245,DAL,,PHI,W 40-34,0.00,0.00,0.0,0.0,8,11.0,0,0.0,17,54.8,TE,HendPe01
3466,Peyton Hendershot,0.00,14,Thu,16,17,2022-12-29,23-250,DAL,@,TEN,W 27-13,0.00,0.00,0.0,0.0,14,17.5,0,0.0,16,64.0,TE,HendPe01
3467,Peyton Hendershot,0.00,3,Sun,17,18,2023-01-08,23-260,DAL,@,WAS,L 6-26,0.00,0.00,0.0,0.0,3,4.5,0,0.0,26,76.5,TE,HendPe01
3468,Peyton Hendershot,0.00,28,Sun,1,1,2023-09-10,24-140,DAL,@,NYG,W 40-0,0.00,0.00,0.0,0.0,28,48.3,0,0.0,7,29.2,TE,HendPe01
3469,Peyton Hendershot,0.00,31,Sun,2,2,2023-09-17,24-147,DAL,,NYJ,W 30-10,0.00,0.00,0.0,0.0,31,35.6,0,0.0,11,39.3,TE,HendPe01
3470,Peyton Hendershot,0.00,15,Sun,13,14,2023-12-10,24-231,DAL,,PHI,W 33-13,0.00,0.00,0.0,0.0,15,18.3,0,0.0,15,60.0,TE,HendPe01
3471,Peyton Hendershot,0.00,16,Sun,15,16,2023-12-24,24-245,DAL,@,MIA,L 20-22,0.00,0.00,0.0,0.0,16,24.2,0,0.0,16,61.5,TE,HendPe01
3472,Hunter Henry,0.00,34,Sun,2,2,2022-09-18,27-285,NWE,@,PIT,W 17-14,0.00,0.00,0.0,0.0,34,50.0,0,0.0,3,13.6,TE,HenrHu00
3473,Hunter Henry,0.00,3,Sat,15,16,2022-12-24,28-017,NWE,,CIN,L 18-22,0.00,0.00,0.0,0.0,3,5.4,0,0.0,1,4.0,TE,HenrHu00
3474,Hunter Henry,0.00,42,Sun,5,5,2023-10-08,28-305,NWE,,NOR,L 0-34,0.00,0.00,0.0,0.0,42,77.8,0,0.0,0,0.0,TE,HenrHu00
3475,Hunter Henry,0.00,46,Sun,11,12,2023-11-26,28-354,NWE,@,NYG,L 7-10,0.00,0.00,0.0,0.0,46,67.6,0,0.0,0,0.0,TE,HenrHu00
3476,Hunter Henry,0.00,30,Sat,16,17,2024-12-28,30-021,NWE,,LAC,L 7-40,0.00,0.00,0.0,0.0,30,56.6,0,0.0,0,0.0,TE,HenrHu00
3477,Parker Hesse,0.00,9,Sun,1,1,2024-09-08,29-105,DET,,LAR,W 26-20 (OT),0.00,0.00,0.0,0.0,9,14.8,0,0.0,14,53.8,TE,HessPa00
3478,Parker Hesse,0.00,7,Sun,2,2,2024-09-15,29-112,DET,,TAM,L 16-20,0.00,0.00,0.0,0.0,7,8.1,0,0.0,12,46.2,TE,HessPa00
3479,Parker Hesse,0.00,13,Sun,3,3,2024-09-22,29-119,DET,@,ARI,W 20-13,0.00,0.00,0.0,0.0,13,19.1,0,0.0,11,47.8,TE,HessPa00
3480,Parker Hesse,0.00,7,Mon,4,4,2024-09-30,29-127,DET,,SEA,W 42-29,0.00,0.00,0.0,0.0,7,13.2,0,0.0,11,37.9,TE,HessPa00
3481,Parker Hesse,0.00,23,Sun,5,6,2024-10-13,29-140,DET,@,DAL,W 47-9,0.00,0.00,0.0,0.0,23,33.8,0,0.0,13,46.4,TE,HessPa00
3482,Parker Hesse,0.00,43,Sun,3,3,2022-09-25,27-122,ATL,@,SEA,W 27-23,0.00,0.00,0.0,0.0,43,75.4,0,0.0,12,48.0,TE,HessPa00
3483,Parker Hesse,0.00,41,Sun,6,6,2022-10-16,27-143,ATL,,SFO,W 28-14,0.00,0.00,0.0,0.0,41,70.7,0,0.0,12,54.5,TE,HessPa00
3484,Parker Hesse,0.00,32,Sun,7,7,2022-10-23,27-150,ATL,@,CIN,L 17-35,0.00,0.00,0.0,0.0,32,68.1,0,0.0,15,60.0,TE,HessPa00
3485,Parker Hesse,0.00,29,Sun,9,9,2022-11-06,27-164,ATL,,LAC,L 17-20,0.00,0.00,0.0,0.0,29,47.5,0,0.0,12,50.0,TE,HessPa00
3486,Parker Hesse,0.00,22,Thu,10,10,2022-11-10,27-168,ATL,@,CAR,L 15-25,0.00,0.00,0.0,0.0,22,34.9,0,0.0,15,51.7,TE,HessPa00
3487,Parker Hesse,0.00,37,Sun,11,11,2022-11-20,27-178,ATL,,CHI,W 27-24,0.00,0.00,0.0,0.0,37,67.3,0,0.0,13,48.1,TE,HessPa00
3488,Parker Hesse,0.00,42,Sun,14,15,2022-12-18,27-206,ATL,@,NOR,L 18-21,0.00,0.00,0.0,0.0,42,56.8,0,0.0,11,50.0,TE,HessPa00
3489,Parker Hesse,0.00,36,Sun,16,17,2023-01-01,27-220,ATL,,ARI,W 20-19,0.00,0.00,0.0,0.0,36,58.1,0,0.0,13,52.0,TE,HessPa00
3490,Parker Hesse,0.00,7,Sun,1,1,2023-09-10,28-107,ATL,,CAR,W 24-10,0.00,0.00,0.0,0.0,7,13.5,0,0.0,7,26.9,TE,HessPa00
3491,Parker Hesse,0.00,23,Sun,11,12,2023-11-26,28-184,ATL,,NOR,W 24-15,0.00,0.00,0.0,0.0,23,37.1,0,0.0,8,33.3,TE,HessPa00
3492,Parker Hesse,0.00,18,Sun,12,13,2023-12-03,28-191,ATL,@,NYJ,W 13-8,0.00,0.00,0.0,0.0,18,26.5,0,0.0,12,42.9,TE,HessPa00
3493,Connor Heyward,0.00,1,Sun,1,1,2022-09-11,23-232,PIT,@,CIN,W 23-20 (OT),0.00,0.00,0.0,0.0,1,1.6,0,0.0,22,68.8,TE,HeywCo00
3494,Connor Heyward,0.00,4,Sun,2,2,2022-09-18,23-239,PIT,,NWE,L 14-17,0.00,0.00,0.0,0.0,4,6.8,0,0.0,16,72.7,TE,HeywCo00
3495,Connor Heyward,0.00,6,Thu,3,3,2022-09-22,23-243,PIT,@,CLE,L 17-29,0.00,0.00,0.0,0.0,6,10.2,0,0.0,19,67.9,TE,HeywCo00
3496,Connor Heyward,0.00,1,Sun,4,4,2022-10-02,23-253,PIT,,NYJ,L 20-24,0.00,0.00,0.0,0.0,1,1.6,0,0.0,18,69.2,TE,HeywCo00
3497,Connor Heyward,0.00,7,Sun,8,8,2022-10-30,23-281,PIT,@,PHI,L 13-35,0.00,0.00,0.0,0.0,7,9.2,0,0.0,19,70.4,TE,HeywCo00
3498,Connor Heyward,0.00,4,Sun,10,11,2022-11-20,23-302,PIT,,CIN,L 30-37,0.00,0.00,0.0,0.0,4,5.5,0,0.0,23,63.9,TE,HeywCo00
3499,Connor Heyward,0.00,10,Mon,11,12,2022-11-28,23-310,PIT,@,IND,W 24-17,0.00,0.00,0.0,0.0,10,14.5,0,0.0,17,65.4,TE,HeywCo00
3500,Connor Heyward,0.00,4,Sun,14,15,2022-12-18,23-330,PIT,@,CAR,W 24-16,0.00,0.00,0.0,0.0,4,5.9,0,0.0,16,64.0,TE,HeywCo00
3501,Connor Heyward,0.00,12,Sun,16,17,2023-01-01,23-344,PIT,@,BAL,W 16-13,0.00,0.00,0.0,0.0,12,17.1,0,0.0,13,56.5,TE,HeywCo00
3502,Connor Heyward,0.00,10,Mon,2,2,2023-09-18,24-239,PIT,,CLE,W 26-22,0.00,0.00,0.0,0.0,10,18.5,0,0.0,23,74.2,TE,HeywCo00
3503,Connor Heyward,0.00,13,Sun,3,3,2023-09-24,24-245,PIT,@,LVR,W 23-18,0.00,0.00,0.0,0.0,13,21.0,0,0.0,21,72.4,TE,HeywCo00
3504,Connor Heyward,0.00,15,Sun,4,4,2023-10-01,24-252,PIT,@,HOU,L 6-30,0.00,0.00,0.0,0.0,15,25.4,0,0.0,17,68.0,TE,HeywCo00
3505,Connor Heyward,0.00,8,Sun,10,11,2023-11-19,24-301,PIT,@,CLE,L 10-13,0.00,0.00,0.0,0.0,8,13.8,0,0.0,20,69.0,TE,HeywCo00
3506,Connor Heyward,0.00,19,Sun,12,13,2023-12-03,24-315,PIT,,ARI,L 10-24,0.00,0.00,0.0,0.0,19,31.1,0,0.0,13,54.2,TE,HeywCo00
3507,Connor Heyward,0.00,16,Sat,14,15,2023-12-16,24-328,PIT,@,IND,L 13-30,0.00,0.00,0.0,0.0,16,27.6,0,0.0,12,46.2,TE,HeywCo00
3508,Connor Heyward,0.00,14,Sat,15,16,2023-12-23,24-335,PIT,,CIN,W 34-11,0.00,0.00,0.0,0.0,14,23.7,0,0.0,11,45.8,TE,HeywCo00
3509,Connor Heyward,0.00,22,Sun,16,17,2023-12-31,24-343,PIT,@,SEA,W 30-23,0.00,0.00,0.0,0.0,22,30.6,0,0.0,8,28.6,TE,HeywCo00
3510,Connor Heyward,0.00,5,Sun,1,1,2024-09-08,25-230,PIT,@,ATL,W 18-10,0.00,0.00,0.0,0.0,5,7.4,0,0.0,17,68.0,TE,HeywCo00
3511,Connor Heyward,0.00,14,Sun,2,2,2024-09-15,25-237,PIT,@,DEN,W 13-6,0.00,0.00,0.0,0.0,14,21.2,0,0.0,20,80.0,TE,HeywCo00
3512,Connor Heyward,0.00,18,Sun,4,4,2024-09-29,25-251,PIT,@,IND,L 24-27,0.00,0.00,0.0,0.0,18,25.7,0,0.0,17,63.0,TE,HeywCo00
3513,Connor Heyward,0.00,10,Sun,7,7,2024-10-20,25-272,PIT,,NYJ,W 37-15,0.00,0.00,0.0,0.0,10,14.7,0,0.0,17,58.6,TE,HeywCo00
3514,Connor Heyward,0.00,15,Mon,8,8,2024-10-28,25-280,PIT,,NYG,W 26-18,0.00,0.00,0.0,0.0,15,22.7,0,0.0,20,66.7,TE,HeywCo00
3515,Connor Heyward,0.00,9,Sun,9,10,2024-11-10,25-293,PIT,@,WAS,W 28-27,0.00,0.00,0.0,0.0,9,11.5,0,0.0,23,71.9,TE,HeywCo00
3516,Connor Heyward,0.00,20,Sun,10,11,2024-11-17,25-300,PIT,,BAL,W 18-16,0.00,0.00,0.0,0.0,20,25.6,0,0.0,19,65.5,TE,HeywCo00
3517,Connor Heyward,0.00,14,Thu,11,12,2024-11-21,25-304,PIT,@,CLE,L 19-24,0.00,0.00,0.0,0.0,14,20.3,0,0.0,12,60.0,TE,HeywCo00
3518,Connor Heyward,0.00,5,Sun,12,13,2024-12-01,25-314,PIT,@,CIN,W 44-38,0.00,0.00,0.0,0.0,5,7.2,0,0.0,18,54.5,TE,HeywCo00
3519,Connor Heyward,0.00,11,Sun,13,14,2024-12-08,25-321,PIT,,CLE,W 27-14,0.00,0.00,0.0,0.0,11,16.9,0,0.0,19,65.5,TE,HeywCo00
3520,Connor Heyward,0.00,6,Sun,14,15,2024-12-15,25-328,PIT,@,PHI,L 13-27,0.00,0.00,0.0,0.0,6,14.0,0,0.0,16,64.0,TE,HeywCo00
3521,Connor Heyward,0.00,5,Sat,17,18,2025-01-04,25-348,PIT,,CIN,L 17-19,0.00,0.00,0.0,0.0,5,8.2,0,0.0,18,69.2,TE,HeywCo00
3522,Tyler Higbee,0.00,45,Sun,8,9,2022-11-06,29-309,LAR,@,TAM,L 13-16,0.00,0.00,0.0,0.0,45,78.9,0,0.0,0,0.0,TE,HigbTy00
3523,Tyler Higbee,0.00,32,Sun,11,12,2022-11-27,29-330,LAR,@,KAN,L 10-26,0.00,0.00,0.0,0.0,32,59.3,0,0.0,1,4.2,TE,HigbTy00
3524,Tyler Higbee,0.00,53,Sun,9,9,2023-11-05,30-308,LAR,@,GNB,L 3-20,0.00,0.00,0.0,0.0,53,91.4,0,0.0,0,0.0,TE,HigbTy00
3525,Elijah Higgins,0.00,6,Sun,7,7,2023-10-22,22-360,ARI,@,SEA,L 10-20,0.00,1.00,1.0,0.5,6,9.1,0,0.0,7,29.2,TE,HiggEl00
3526,Elijah Higgins,0.00,12,Sun,8,8,2023-10-29,23-002,ARI,,BAL,L 24-31,0.00,0.00,0.0,0.0,12,15.6,0,0.0,15,53.6,TE,HiggEl00
3527,Elijah Higgins,0.00,15,Sun,9,9,2023-11-05,23-009,ARI,@,CLE,L 0-27,0.00,0.00,0.0,0.0,15,28.8,0,0.0,12,42.9,TE,HiggEl00
3528,Elijah Higgins,0.00,12,Sun,10,10,2023-11-12,23-016,ARI,,ATL,W 25-23,0.00,0.00,0.0,0.0,12,18.5,0,0.0,9,34.6,TE,HiggEl00
3529,Elijah Higgins,0.00,18,Sun,6,6,2024-10-13,23-352,ARI,@,GNB,L 13-34,0.00,0.00,0.0,0.0,18,31.0,0,0.0,14,51.9,TE,HiggEl00
3530,Elijah Higgins,0.00,16,Sun,13,14,2024-12-08,24-042,ARI,,SEA,L 18-30,0.00,0.00,0.0,0.0,16,22.5,0,0.0,15,51.7,TE,HiggEl00
3531,Elijah Higgins,0.00,19,Sun,15,16,2024-12-22,24-056,ARI,@,CAR,L 30-36 (OT),0.00,0.00,0.0,0.0,19,27.1,0,0.0,15,45.5,TE,HiggEl00
3532,Elijah Higgins,0.00,31,Sun,17,18,2025-01-05,24-070,ARI,,SFO,W 47-24,0.00,0.00,0.0,0.0,31,47.7,0,0.0,12,36.4,TE,HiggEl00
3533,Julian Hill,0.00,57,Sun,3,3,2023-09-24,23-077,MIA,,DEN,W 70-20,0.00,0.00,0.0,0.0,57,78.1,0,0.0,1,2.8,TE,HillJu02
3534,Julian Hill,0.00,10,Sun,4,4,2023-10-01,23-084,MIA,@,BUF,L 20-48,0.00,0.00,0.0,0.0,10,15.4,0,0.0,0,0.0,TE,HillJu02
3535,Julian Hill,0.00,14,Sun,5,5,2023-10-08,23-091,MIA,,NYG,W 31-16,0.00,0.00,0.0,0.0,14,25.9,0,0.0,0,0.0,TE,HillJu02
3536,Julian Hill,0.00,31,Sun,6,6,2023-10-15,23-098,MIA,,CAR,W 42-21,0.00,0.00,0.0,0.0,31,46.3,0,0.0,3,10.0,TE,HillJu02
3537,Julian Hill,0.00,14,Sun,7,7,2023-10-22,23-105,MIA,@,PHI,L 17-31,0.00,0.00,0.0,0.0,14,28.6,0,0.0,0,0.0,TE,HillJu02
3538,Julian Hill,0.00,7,Sun,9,9,2023-11-05,23-119,MIA,@,KAN,L 14-21,0.00,0.00,0.0,0.0,7,11.1,0,0.0,13,52.0,TE,HillJu02
3539,Julian Hill,0.00,21,Fri,11,12,2023-11-24,23-138,MIA,@,NYJ,W 34-13,0.00,0.00,0.0,0.0,21,30.0,0,0.0,7,29.2,TE,HillJu02
3540,Julian Hill,0.00,15,Mon,13,14,2023-12-11,23-155,MIA,,TEN,L 27-28,0.00,0.00,0.0,0.0,15,20.8,0,0.0,9,29.0,TE,HillJu02
3541,Julian Hill,0.00,22,Sun,14,15,2023-12-17,23-161,MIA,,NYJ,W 30-0,0.00,0.00,0.0,0.0,22,36.1,0,0.0,5,20.8,TE,HillJu02
3542,Julian Hill,0.00,11,Sun,15,16,2023-12-24,23-168,MIA,,DAL,W 22-20,0.00,0.00,0.0,0.0,11,16.9,0,0.0,9,34.6,TE,HillJu02
3543,Julian Hill,0.00,28,Thu,2,2,2024-09-12,24-065,MIA,,BUF,L 10-31,0.00,0.00,0.0,0.0,28,36.8,0,0.0,11,52.4,TE,HillJu02
3544,Julian Hill,0.00,30,Mon,4,4,2024-09-30,24-083,MIA,,TEN,L 12-31,0.00,0.00,0.0,0.0,30,50.0,0,0.0,18,58.1,TE,HillJu02
3545,Julian Hill,0.00,40,Sun,5,5,2024-10-06,24-089,MIA,@,NWE,W 15-10,0.00,0.00,0.0,0.0,40,51.3,0,0.0,14,53.8,TE,HillJu02
3546,Julian Hill,0.00,29,Mon,9,10,2024-11-11,24-125,MIA,@,LAR,W 23-15,0.00,0.00,0.0,0.0,29,54.7,0,0.0,10,35.7,TE,HillJu02
3547,Julian Hill,0.00,27,Sun,14,15,2024-12-15,24-159,MIA,@,HOU,L 12-20,0.00,0.00,0.0,0.0,27,39.7,0,0.0,15,60.0,TE,HillJu02
3548,Julian Hill,0.00,31,Sun,15,16,2024-12-22,24-166,MIA,,SFO,W 29-17,0.00,0.00,0.0,0.0,31,46.3,0,0.0,14,50.0,TE,HillJu02
3549,Julian Hill,0.00,37,Sun,16,17,2024-12-29,24-173,MIA,@,CLE,W 20-3,0.00,0.00,0.0,0.0,37,61.7,0,0.0,13,56.5,TE,HillJu02
3550,Julian Hill,0.00,43,Sun,17,18,2025-01-05,24-180,MIA,@,NYJ,L 20-32,0.00,0.00,0.0,0.0,43,61.4,0,0.0,14,53.8,TE,HillJu02
3551,Dallin Holker,0.00,5,Mon,5,5,2024-10-07,24-183,NOR,@,KAN,L 13-26,0.00,0.00,0.0,0.0,5,9.4,0,0.0,0,0.0,TE,HolkDa00
3552,Dallin Holker,0.00,5,Sun,6,6,2024-10-13,24-189,NOR,,TAM,L 27-51,0.00,0.00,0.0,0.0,5,7.1,0,0.0,0,0.0,TE,HolkDa00
3553,Dallin Holker,0.00,3,Thu,7,7,2024-10-17,24-193,NOR,,DEN,L 10-33,0.00,0.00,0.0,0.0,3,4.3,0,0.0,2,6.9,TE,HolkDa00
3554,Dallin Holker,0.00,12,Sun,9,9,2024-11-03,24-210,NOR,@,CAR,L 22-23,0.00,0.00,0.0,0.0,12,15.2,0,0.0,5,17.2,TE,HolkDa00
3555,Dallin Holker,0.00,6,Sun,10,10,2024-11-10,24-217,NOR,,ATL,W 20-17,0.00,0.00,0.0,0.0,6,11.3,0,0.0,0,0.0,TE,HolkDa00
3556,Dallin Holker,0.00,8,Sun,11,11,2024-11-17,24-224,NOR,,CLE,W 35-14,0.00,0.00,0.0,0.0,8,13.3,0,0.0,3,12.0,TE,HolkDa00
3557,Dallin Holker,0.00,4,Sun,12,13,2024-12-01,24-238,NOR,,LAR,L 14-21,0.00,0.00,0.0,0.0,4,5.7,0,0.0,0,0.0,TE,HolkDa00
3558,Dallin Holker,0.00,3,Sun,14,15,2024-12-15,24-252,NOR,,WAS,L 19-20,0.00,0.00,0.0,0.0,3,5.5,0,0.0,0,0.0,TE,HolkDa00
3559,Dallin Holker,0.00,2,Mon,15,16,2024-12-23,24-260,NOR,@,GNB,L 0-34,0.00,0.00,0.0,0.0,2,3.6,0,0.0,7,33.3,TE,HolkDa00
3560,Dallin Holker,0.00,5,Sun,16,17,2024-12-29,24-266,NOR,,LVR,L 10-25,0.00,0.00,0.0,0.0,5,8.3,0,0.0,8,28.6,TE,HolkDa00
3561,Jacob Hollister,0.00,1,Sun,7,8,2022-10-30,28-346,MIN,,ARI,W 34-26,0.00,0.00,0.0,0.0,1,1.4,0,0.0,6,20.0,TE,HollJa03
3562,Jacob Hollister,0.00,6,Sun,12,13,2022-12-04,29-016,LVR,,LAC,W 27-20,0.00,0.00,0.0,0.0,6,9.8,0,0.0,11,36.7,TE,HollJa03
3563,Jacob Hollister,0.00,2,Thu,13,14,2022-12-08,29-020,LVR,@,LAR,L 16-17,0.00,0.00,0.0,0.0,2,3.3,0,0.0,9,36.0,TE,HollJa03
3564,J.P. Holtz,0.00,11,Sun,4,4,2022-10-02,29-035,NOR,,MIN,L 25-28,0.00,0.00,0.0,0.0,11,18.3,0,0.0,7,22.6,TE,HoltJ.01
3565,J.P. Holtz,0.00,23,Sun,5,5,2022-10-09,29-042,NOR,,SEA,W 39-32,0.00,0.00,0.0,0.0,23,29.9,0,0.0,7,20.6,TE,HoltJ.01
3566,J.P. Holtz,0.00,23,Sun,6,6,2022-10-16,29-049,NOR,,CIN,L 26-30,0.00,0.00,0.0,0.0,23,31.9,0,0.0,6,20.7,TE,HoltJ.01
3567,J.P. Holtz,0.00,13,Thu,7,7,2022-10-20,29-053,NOR,@,ARI,L 34-42,0.00,0.00,0.0,0.0,13,18.1,0,0.0,8,25.0,TE,HoltJ.01
3568,J.P. Holtz,0.00,13,Sun,8,8,2022-10-30,29-063,NOR,,LVR,W 24-0,0.00,0.00,0.0,0.0,13,20.3,0,0.0,3,15.8,TE,HoltJ.01
3569,J.P. Holtz,0.00,2,Mon,9,9,2022-11-07,29-071,NOR,,BAL,L 13-27,0.00,0.00,0.0,0.0,2,3.9,0,0.0,11,42.3,TE,HoltJ.01
3570,J.P. Holtz,0.00,1,Sun,6,6,2023-10-15,30-048,NOR,@,HOU,L 13-20,0.00,0.00,0.0,0.0,1,1.2,0,0.0,8,30.8,TE,HoltJ.01
3571,Austin Hooper,0.00,55,Sun,3,3,2023-09-24,28-330,LVR,,PIT,L 18-23,0.00,0.00,0.0,0.0,55,76.4,0,0.0,0,0.0,TE,HoopAu00
3572,Austin Hooper,0.00,29,Sun,11,11,2023-11-19,29-021,LVR,@,MIA,L 13-20,0.00,0.00,0.0,0.0,29,47.5,0,0.0,0,0.0,TE,HoopAu00
3573,Austin Hooper,0.00,26,Thu,14,15,2023-12-14,29-046,LVR,,LAC,W 63-21,0.00,0.00,0.0,0.0,26,40.6,0,0.0,0,0.0,TE,HoopAu00
3574,Brycen Hopkins,0.00,4,Thu,1,1,2022-09-08,25-165,LAR,,BUF,L 10-31,0.00,0.00,0.0,0.0,4,6.0,0,0.0,6,31.6,TE,HopkBr01
3575,Brycen Hopkins,0.00,4,Sun,2,2,2022-09-18,25-175,LAR,,ATL,W 31-27,0.00,0.00,0.0,0.0,4,6.3,0,0.0,0,0.0,TE,HopkBr01
3576,Brycen Hopkins,0.00,9,Sun,6,6,2022-10-16,25-203,LAR,,CAR,W 24-10,0.00,0.00,0.0,0.0,9,13.8,0,0.0,3,11.5,TE,HopkBr01
3577,Brycen Hopkins,0.00,10,Sun,7,8,2022-10-30,25-217,LAR,,SFO,L 14-31,0.00,0.00,0.0,0.0,10,17.2,0,0.0,1,4.2,TE,HopkBr01
3578,Brycen Hopkins,0.00,14,Sun,8,9,2022-11-06,25-224,LAR,@,TAM,L 13-16,0.00,0.00,0.0,0.0,14,24.6,0,0.0,18,54.5,TE,HopkBr01
3579,Brycen Hopkins,0.00,6,Sun,10,11,2022-11-20,25-238,LAR,@,NOR,L 20-27,0.00,0.00,0.0,0.0,6,9.4,0,0.0,6,19.4,TE,HopkBr01
3580,Brycen Hopkins,0.00,10,Sun,12,13,2022-12-04,25-252,LAR,,SEA,L 23-27,0.00,0.00,0.0,0.0,10,15.6,0,0.0,0,0.0,TE,HopkBr01
3581,Brycen Hopkins,0.00,5,Mon,14,15,2022-12-19,25-267,LAR,@,GNB,L 12-24,0.00,0.00,0.0,0.0,5,11.1,0,0.0,0,0.0,TE,HopkBr01
3582,Brycen Hopkins,0.00,15,Sun,17,18,2023-01-08,25-287,LAR,@,SEA,L 16-19 (OT),0.00,0.00,0.0,0.0,15,24.6,0,0.0,6,18.2,TE,HopkBr01
3583,Brycen Hopkins,0.00,9,Sun,2,2,2023-09-17,26-174,LAR,,SFO,L 23-30,0.00,0.00,0.0,0.0,9,11.3,0,0.0,0,0.0,TE,HopkBr01
3584,Brycen Hopkins,0.00,2,Mon,3,3,2023-09-25,26-182,LAR,@,CIN,L 16-19,0.00,0.00,0.0,0.0,2,3.6,0,0.0,0,0.0,TE,HopkBr01
3585,Brycen Hopkins,0.00,5,Sun,5,5,2023-10-08,26-195,LAR,,PHI,L 14-23,0.00,0.00,0.0,0.0,5,8.9,0,0.0,0,0.0,TE,HopkBr01
3586,Brycen Hopkins,0.00,1,Sun,6,6,2023-10-15,26-202,LAR,,ARI,W 26-9,0.00,0.00,0.0,0.0,1,1.8,0,0.0,0,0.0,TE,HopkBr01
3587,Brycen Hopkins,0.00,5,Sun,8,8,2023-10-29,26-216,LAR,@,DAL,L 20-43,0.00,0.00,0.0,0.0,5,8.1,0,0.0,2,6.7,TE,HopkBr01
3588,Brycen Hopkins,0.00,11,Sun,9,9,2023-11-05,26-223,LAR,@,GNB,L 3-20,0.00,0.00,0.0,0.0,11,19.0,0,0.0,4,17.4,TE,HopkBr01
3589,Brycen Hopkins,0.00,3,Sun,10,11,2023-11-19,26-237,LAR,,SEA,W 17-16,0.00,0.00,0.0,0.0,3,4.5,0,0.0,0,0.0,TE,HopkBr01
3590,Brycen Hopkins,0.00,4,Sun,13,14,2023-12-10,26-258,LAR,@,BAL,L 31-37 (OT),0.00,0.00,0.0,0.0,4,5.2,0,0.0,8,21.6,TE,HopkBr01
3591,Brycen Hopkins,0.00,2,Sun,14,15,2023-12-17,26-265,LAR,,WAS,W 28-20,0.00,0.00,0.0,0.0,2,2.7,0,0.0,5,18.5,TE,HopkBr01
3592,Brycen Hopkins,0.00,2,Thu,15,16,2023-12-21,26-269,LAR,,NOR,W 30-22,0.00,0.00,0.0,0.0,2,2.9,0,0.0,1,4.2,TE,HopkBr01
3593,Brycen Hopkins,0.00,1,Sun,16,17,2023-12-31,26-279,LAR,@,NYG,W 26-25,0.00,0.00,0.0,0.0,1,1.6,0,0.0,4,13.3,TE,HopkBr01
3594,Jesper Horsted,0.00,1,Sun,9,9,2023-11-05,26-251,LVR,,NYG,W 30-6,0.00,0.00,0.0,0.0,1,1.7,0,0.0,18,75.0,TE,HorsJe00
3595,Jesper Horsted,0.00,2,Sun,11,11,2023-11-19,26-265,LVR,@,MIA,L 13-20,0.00,0.00,0.0,0.0,2,3.3,0,0.0,18,69.2,TE,HorsJe00
3596,O.J. Howard,0.00,18,Sun,3,3,2022-09-25,27-310,HOU,@,CHI,L 20-23,0.00,0.00,0.0,0.0,18,30.5,0,0.0,0,0.0,TE,HowaO.00
3597,O.J. Howard,0.00,46,Sun,5,5,2022-10-09,27-324,HOU,@,JAX,W 13-6,0.00,0.00,0.0,0.0,46,79.3,0,0.0,3,14.3,TE,HowaO.00
3598,O.J. Howard,0.00,29,Sun,6,7,2022-10-23,27-338,HOU,@,LVR,L 20-38,0.00,0.00,0.0,0.0,29,44.6,0,0.0,5,18.5,TE,HowaO.00
3599,O.J. Howard,0.00,33,Sun,9,10,2022-11-13,27-359,HOU,@,NYG,L 16-24,0.00,0.00,0.0,0.0,33,51.6,0,0.0,4,13.3,TE,HowaO.00
3600,O.J. Howard,0.00,12,Sun,11,12,2022-11-27,28-008,HOU,@,MIA,L 15-30,0.00,0.00,0.0,0.0,12,19.7,0,0.0,1,3.3,TE,HowaO.00
3601,O.J. Howard,0.00,16,Sun,13,14,2022-12-11,28-022,HOU,@,DAL,L 23-27,0.00,0.00,0.0,0.0,16,24.2,0,0.0,5,17.9,TE,HowaO.00
3602,Tanner Hudson,0.00,19,Sun,1,1,2022-09-11,27-303,NYG,@,TEN,W 21-20,0.00,0.00,0.0,0.0,19,31.7,0,0.0,5,17.9,TE,HudsTa00
3603,Tanner Hudson,0.00,27,Mon,3,3,2022-09-26,27-318,NYG,,DAL,L 16-23,0.00,0.00,0.0,0.0,27,37.5,0,0.0,6,20.7,TE,HudsTa00
3604,Tanner Hudson,0.00,27,Sun,5,5,2022-10-09,27-331,NYG,@,GNB,W 27-22,0.00,0.00,0.0,0.0,27,44.3,0,0.0,4,15.4,TE,HudsTa00
3605,Tanner Hudson,0.00,8,Sun,6,6,2022-10-16,27-338,NYG,,BAL,W 24-20,0.00,0.00,0.0,0.0,8,12.3,0,0.0,0,0.0,TE,HudsTa00
3606,Tanner Hudson,0.00,30,Sun,7,7,2022-10-23,27-345,NYG,@,JAX,W 23-17,0.00,0.00,0.0,0.0,30,39.0,0,0.0,4,18.2,TE,HudsTa00
3607,Tanner Hudson,0.00,12,Sun,10,11,2022-11-20,28-008,NYG,,DET,L 18-31,0.00,0.00,0.0,0.0,12,15.8,0,0.0,5,19.2,TE,HudsTa00
3608,Tanner Hudson,0.00,4,Sun,6,6,2024-10-13,29-336,CIN,@,NYG,W 17-7,0.00,0.00,0.0,0.0,4,7.5,0,0.0,16,72.7,TE,HudsTa00
3609,Tanner Hudson,0.00,5,Sun,7,7,2024-10-20,29-343,CIN,@,CLE,W 21-14,0.00,0.00,0.0,0.0,5,9.1,0,0.0,21,75.0,TE,HudsTa00
3610,Tanner Hudson,0.00,8,Sun,8,8,2024-10-27,29-350,CIN,,PHI,L 17-37,0.00,0.00,0.0,0.0,8,13.8,0,0.0,13,54.2,TE,HudsTa00
3611,Hayden Hurst,0.00,22,Sun,7,8,2023-10-29,30-066,CAR,,HOU,W 15-13,0.00,0.00,0.0,0.0,22,32.8,0,0.0,0,0.0,TE,HursHa00
3612,Hayden Hurst,0.00,7,Sun,5,6,2024-10-13,31-050,LAC,@,DEN,W 23-16,0.00,0.00,0.0,0.0,7,9.0,0,0.0,0,0.0,TE,HursHa00
3613,Hayden Hurst,0.00,9,Sun,9,10,2024-11-10,31-078,LAC,,TEN,W 27-17,0.00,0.00,0.0,0.0,9,15.3,0,0.0,0,0.0,TE,HursHa00
3614,Hayden Hurst,0.00,6,Sun,17,18,2025-01-05,31-134,LAC,@,LVR,W 34-20,0.00,0.00,0.0,0.0,6,8.0,0,0.0,0,0.0,TE,HursHa00
3615,Tyree Jackson,0.00,12,Sun,10,10,2023-11-12,26-005,NYG,@,DAL,L 17-49,0.00,0.00,0.0,0.0,12,21.1,0,0.0,0,0.0,TE,JackTy01
3616,Tyree Jackson,0.00,6,Sun,11,11,2023-11-19,26-012,NYG,@,WAS,W 31-19,0.00,0.00,0.0,0.0,6,10.9,0,0.0,0,0.0,TE,JackTy01
3617,Tyree Jackson,0.00,9,Sun,10,11,2022-11-20,25-013,PHI,@,IND,W 17-16,0.00,0.00,0.0,0.0,9,13.2,0,0.0,4,16.0,TE,JackTy01
3618,Tyree Jackson,0.00,5,Sun,11,12,2022-11-27,25-020,PHI,,GNB,W 40-33,0.00,0.00,0.0,0.0,5,6.3,0,0.0,12,38.7,TE,JackTy01
3619,Tyree Jackson,0.00,8,Sun,12,13,2022-12-04,25-027,PHI,,TEN,W 35-10,0.00,0.00,0.0,0.0,8,11.0,0,0.0,1,3.4,TE,JackTy01
3620,Tyree Jackson,0.00,9,Sun,13,14,2022-12-11,25-034,PHI,@,NYG,W 48-22,0.00,0.00,0.0,0.0,9,13.2,0,0.0,6,19.4,TE,JackTy01
3621,Tyree Jackson,0.00,3,Sun,14,15,2022-12-18,25-041,PHI,@,CHI,W 25-20,0.00,0.00,0.0,0.0,3,4.1,0,0.0,0,0.0,TE,JackTy01
3622,Jesse James,0.00,5,Sun,1,1,2022-09-11,28-099,CLE,@,CAR,W 26-24,0.00,0.00,0.0,0.0,5,6.3,0,0.0,5,15.6,TE,JameJe00
3623,Jesse James,0.00,13,Sun,2,2,2022-09-18,28-106,CLE,,NYJ,L 30-31,0.00,0.00,0.0,0.0,13,19.4,0,0.0,6,20.0,TE,JameJe00
3624,E.J. Jenkins,0.00,3,Fri,1,1,2024-09-06,25-308,PHI,,GNB,W 34-29,0.00,0.00,0.0,0.0,3,3.9,0,0.0,7,22.6,TE,JenkEJ00
3625,E.J. Jenkins,0.00,2,Mon,2,2,2024-09-16,25-318,PHI,,ATL,L 21-22,0.00,0.00,0.0,0.0,2,2.8,0,0.0,8,36.4,TE,JenkEJ00
3626,E.J. Jenkins,0.00,11,Sun,8,9,2024-11-03,26-000,PHI,,JAX,W 28-23,0.00,0.00,0.0,0.0,11,13.9,0,0.0,8,34.8,TE,JenkEJ00
3627,E.J. Jenkins,0.00,2,Sun,13,14,2024-12-08,26-035,PHI,,CAR,W 22-16,0.00,0.00,0.0,0.0,2,3.4,0,0.0,4,18.2,TE,JenkEJ00
3628,E.J. Jenkins,0.00,9,Sun,14,15,2024-12-15,26-042,PHI,,PIT,W 27-13,0.00,0.00,0.0,0.0,9,11.3,0,0.0,14,56.0,TE,JenkEJ00
3629,E.J. Jenkins,0.00,6,Sun,15,16,2024-12-22,26-049,PHI,@,WAS,L 33-36,0.00,0.00,0.0,0.0,6,8.1,0,0.0,20,62.5,TE,JenkEJ00
3630,E.J. Jenkins,0.00,11,Sun,16,17,2024-12-29,26-056,PHI,,DAL,W 41-7,0.00,0.00,0.0,0.0,11,16.9,0,0.0,15,57.7,TE,JenkEJ00
3631,Juwan Johnson,0.00,47,Sun,3,3,2022-09-25,26-012,NOR,@,CAR,L 14-22,0.00,0.00,0.0,0.0,47,68.1,0,0.0,13,44.8,TE,JohnJu02
3632,Juwan Johnson,0.00,27,Sun,12,12,2022-11-27,26-075,NOR,@,SFO,L 0-13,0.00,0.00,0.0,0.0,27,47.4,0,0.0,6,35.3,TE,JohnJu02
3633,Juwan Johnson,0.00,38,Sun,12,13,2023-12-03,27-081,NOR,,DET,L 28-33,0.00,0.00,0.0,0.0,38,56.7,0,0.0,6,20.0,TE,JohnJu02
3634,Juwan Johnson,0.00,24,Sun,2,2,2024-09-15,28-002,NOR,@,DAL,W 44-19,0.00,0.00,0.0,0.0,24,40.7,0,0.0,6,22.2,TE,JohnJu02
3635,Juwan Johnson,0.00,28,Sun,3,3,2024-09-22,28-009,NOR,,PHI,L 12-15,0.00,0.00,0.0,0.0,28,50.0,0,0.0,5,29.4,TE,JohnJu02
3636,Theo Johnson,0.00,44,Sun,2,2,2024-09-15,23-202,NYG,@,WAS,L 18-21,0.00,0.00,0.0,0.0,44,78.6,0,0.0,7,33.3,TE,JohnTh00
3637,Theo Johnson,0.00,52,Sun,7,7,2024-10-20,23-237,NYG,,PHI,L 3-28,0.00,0.00,0.0,0.0,52,89.7,0,0.0,6,18.8,TE,JohnTh00
3638,Brevin Jordan,0.00,30,Sun,6,7,2022-10-23,22-099,HOU,@,LVR,L 20-38,0.00,0.00,0.0,0.0,30,46.2,0,0.0,6,22.2,TE,JordBr00
3639,Brevin Jordan,0.00,13,Sun,13,14,2022-12-11,22-148,HOU,@,DAL,L 23-27,0.00,0.00,0.0,0.0,13,19.7,0,0.0,0,0.0,TE,JordBr00
3640,Brevin Jordan,0.00,6,Sun,17,18,2023-01-08,22-176,HOU,@,IND,W 32-31,0.00,0.00,0.0,0.0,6,9.2,0,0.0,0,0.0,TE,JordBr00
3641,Brevin Jordan,0.00,14,Sun,4,4,2023-10-01,23-077,HOU,,PIT,W 30-6,0.00,0.00,0.0,0.0,14,19.7,0,0.0,9,36.0,TE,JordBr00
3642,Brevin Jordan,0.00,2,Sun,5,5,2023-10-08,23-084,HOU,@,ATL,L 19-21,0.00,0.00,0.0,0.0,2,3.4,0,0.0,7,24.1,TE,JordBr00
3643,Brevin Jordan,0.00,15,Sun,10,11,2023-11-19,23-126,HOU,,ARI,W 21-16,0.00,0.00,0.0,0.0,15,22.4,0,0.0,12,66.7,TE,JordBr00
3644,Brevin Jordan,0.00,27,Sat,17,18,2024-01-06,23-174,HOU,@,IND,W 23-19,0.00,0.00,0.0,0.0,27,48.2,0,0.0,7,23.3,TE,JordBr00
3645,Nikola Kalinic,0.00,7,Sun,10,10,2022-11-13,25-296,IND,@,LVR,W 25-20,0.00,0.00,0.0,0.0,7,10.8,0,0.0,9,39.1,TE,KaliNi00
3646,Nikola Kalinic,0.00,17,Sun,11,11,2022-11-20,25-303,IND,,PHI,L 16-17,0.00,0.00,0.0,0.0,17,26.2,0,0.0,6,24.0,TE,KaliNi00
3647,Nikola Kalinic,0.00,6,Mon,12,12,2022-11-28,25-311,IND,,PIT,L 17-24,0.00,0.00,0.0,0.0,6,9.4,0,0.0,7,26.9,TE,KaliNi00
3648,Nikola Kalinic,0.00,9,Sat,14,15,2022-12-17,25-330,IND,@,MIN,L 36-39 (OT),0.00,0.00,0.0,0.0,9,11.4,0,0.0,9,20.9,TE,KaliNi00
3649,Nikola Kalinic,0.00,3,Mon,15,16,2022-12-26,25-339,IND,,LAC,L 3-20,0.00,0.00,0.0,0.0,3,5.8,0,0.0,4,22.2,TE,KaliNi00
3650,Nikola Kalinic,0.00,1,Sun,16,17,2023-01-01,25-345,IND,@,NYG,L 10-38,0.00,0.00,0.0,0.0,1,1.7,0,0.0,6,25.0,TE,KaliNi00
3651,Nikola Kalinic,0.00,4,Sun,17,18,2023-01-08,25-352,IND,,HOU,L 31-32,0.00,0.00,0.0,0.0,4,5.5,0,0.0,1,3.7,TE,KaliNi00
3652,Hunter Kampmoyer,0.00,1,Sun,11,12,2023-11-26,25-293,LAC,,BAL,L 10-20,0.00,0.00,0.0,0.0,1,1.5,0,0.0,8,38.1,TE,KampHu00
3653,Dalton Keene,0.00,8,Sun,9,10,2023-11-12,24-212,HOU,@,CIN,W 30-27,0.00,0.00,0.0,0.0,8,10.7,0,0.0,14,43.8,TE,KeenDa00
3654,Ko Kieft,0.00,16,Sun,1,1,2022-09-11,24-234,TAM,@,DAL,W 19-3,0.00,0.00,0.0,0.0,16,25.8,0,0.0,2,8.3,TE,KiefKo00
3655,Ko Kieft,0.00,24,Sun,2,2,2022-09-18,24-241,TAM,@,NOR,W 20-10,0.00,0.00,0.0,0.0,24,35.8,0,0.0,18,69.2,TE,KiefKo00
3656,Ko Kieft,0.00,11,Sun,3,3,2022-09-25,24-248,TAM,,GNB,L 12-14,0.00,0.00,0.0,0.0,11,16.9,0,0.0,14,56.0,TE,KiefKo00
3657,Ko Kieft,0.00,14,Sun,5,5,2022-10-09,24-262,TAM,,ATL,W 21-15,0.00,0.00,0.0,0.0,14,17.7,0,0.0,17,77.3,TE,KiefKo00
3658,Ko Kieft,0.00,18,Sun,6,6,2022-10-16,24-269,TAM,@,PIT,L 18-20,0.00,0.00,0.0,0.0,18,25.0,0,0.0,19,67.9,TE,KiefKo00
3659,Ko Kieft,0.00,23,Sun,10,10,2022-11-13,24-297,TAM,,SEA,W 21-16,0.00,0.00,0.0,0.0,23,30.7,0,0.0,10,47.6,TE,KiefKo00
3660,Ko Kieft,0.00,20,Sun,14,15,2022-12-18,24-332,TAM,,CIN,L 23-34,0.00,0.00,0.0,0.0,20,27.0,0,0.0,16,64.0,TE,KiefKo00
3661,Ko Kieft,0.00,14,Sun,15,16,2022-12-25,24-339,TAM,@,ARI,W 19-16 (OT),0.00,0.00,0.0,0.0,14,17.3,0,0.0,23,69.7,TE,KiefKo00
3662,Ko Kieft,0.00,23,Sun,16,17,2023-01-01,24-346,TAM,,CAR,W 30-24,0.00,0.00,0.0,0.0,23,29.5,0,0.0,19,61.3,TE,KiefKo00
3663,Ko Kieft,0.00,9,Sun,17,18,2023-01-08,24-353,TAM,@,ATL,L 17-30,0.00,0.00,0.0,0.0,9,16.4,0,0.0,16,57.1,TE,KiefKo00
3664,Ko Kieft,0.00,32,Sun,1,1,2023-09-10,25-233,TAM,@,MIN,W 20-17,0.00,0.00,0.0,0.0,32,47.1,0,0.0,20,71.4,TE,KiefKo00
3665,Ko Kieft,0.00,18,Sun,2,2,2023-09-17,25-240,TAM,,CHI,W 27-17,0.00,0.00,0.0,0.0,18,25.4,0,0.0,19,70.4,TE,KiefKo00
3666,Ko Kieft,0.00,10,Mon,3,3,2023-09-25,25-248,TAM,,PHI,L 11-25,0.00,0.00,0.0,0.0,10,21.3,0,0.0,14,70.0,TE,KiefKo00
3667,Ko Kieft,0.00,15,Sun,4,4,2023-10-01,25-254,TAM,@,NOR,W 26-9,0.00,0.00,0.0,0.0,15,21.1,0,0.0,19,73.1,TE,KiefKo00
3668,Ko Kieft,0.00,14,Sun,5,6,2023-10-15,25-268,TAM,,DET,L 6-20,0.00,0.00,0.0,0.0,14,25.0,0,0.0,16,64.0,TE,KiefKo00
3669,Ko Kieft,0.00,12,Sun,6,7,2023-10-22,25-275,TAM,,ATL,L 13-16,0.00,0.00,0.0,0.0,12,16.4,0,0.0,14,66.7,TE,KiefKo00
3670,Ko Kieft,0.00,6,Thu,7,8,2023-10-26,25-279,TAM,@,BUF,L 18-24,0.00,0.00,0.0,0.0,6,8.8,0,0.0,18,69.2,TE,KiefKo00
3671,Ko Kieft,0.00,10,Sun,8,9,2023-11-05,25-289,TAM,@,HOU,L 37-39,0.00,0.00,0.0,0.0,10,15.2,0,0.0,27,81.8,TE,KiefKo00
3672,Ko Kieft,0.00,7,Sun,9,10,2023-11-12,25-296,TAM,,TEN,W 20-6,0.00,0.00,0.0,0.0,7,10.8,0,0.0,17,73.9,TE,KiefKo00
3673,Ko Kieft,0.00,9,Sun,10,11,2023-11-19,25-303,TAM,@,SFO,L 14-27,0.00,0.00,0.0,0.0,9,12.7,0,0.0,14,63.6,TE,KiefKo00
3674,Ko Kieft,0.00,8,Sun,11,12,2023-11-26,25-310,TAM,@,IND,L 20-27,0.00,0.00,0.0,0.0,8,13.3,0,0.0,19,70.4,TE,KiefKo00
3675,Ko Kieft,0.00,10,Sun,12,13,2023-12-03,25-317,TAM,,CAR,W 21-18,0.00,0.00,0.0,0.0,10,16.1,0,0.0,19,65.5,TE,KiefKo00
3676,Ko Kieft,0.00,3,Sun,13,14,2023-12-10,25-324,TAM,@,ATL,W 29-25,0.00,0.00,0.0,0.0,3,4.4,0,0.0,23,71.9,TE,KiefKo00
3677,Ko Kieft,0.00,17,Sun,15,16,2023-12-24,25-338,TAM,,JAX,W 30-12,0.00,0.00,0.0,0.0,17,23.0,0,0.0,18,90.0,TE,KiefKo00
3678,Ko Kieft,0.00,23,Sun,17,18,2024-01-07,25-352,TAM,@,CAR,W 9-0,0.00,0.00,0.0,0.0,23,35.4,0,0.0,0,0.0,TE,KiefKo00
3679,Ko Kieft,0.00,2,Sun,1,1,2024-09-08,26-232,TAM,,WAS,W 37-20,0.00,0.00,0.0,0.0,2,3.1,0,0.0,16,59.3,TE,KiefKo00
3680,Ko Kieft,0.00,1,Sun,2,2,2024-09-15,26-239,TAM,@,DET,W 20-16,0.00,0.00,0.0,0.0,1,2.1,0,0.0,16,61.5,TE,KiefKo00
3681,Ko Kieft,0.00,1,Sun,3,3,2024-09-22,26-246,TAM,,DEN,L 7-26,0.00,0.00,0.0,0.0,1,1.8,0,0.0,15,68.2,TE,KiefKo00
3682,Ko Kieft,0.00,3,Sun,4,4,2024-09-29,26-253,TAM,,PHI,W 33-16,0.00,0.00,0.0,0.0,3,3.9,0,0.0,19,70.4,TE,KiefKo00
3683,Ko Kieft,0.00,2,Thu,5,5,2024-10-03,26-257,TAM,@,ATL,L 30-36 (OT),0.00,0.00,0.0,0.0,2,3.8,0,0.0,16,50.0,TE,KiefKo00
3684,Ko Kieft,0.00,1,Sun,6,6,2024-10-13,26-267,TAM,@,NOR,W 51-27,0.00,0.00,0.0,0.0,1,1.3,0,0.0,24,64.9,TE,KiefKo00
3685,Ko Kieft,0.00,6,Mon,7,7,2024-10-21,26-275,TAM,,BAL,L 31-41,0.00,0.00,0.0,0.0,6,7.3,0,0.0,18,62.1,TE,KiefKo00
3686,Ko Kieft,0.00,1,Sun,8,8,2024-10-27,26-281,TAM,,ATL,L 26-31,0.00,0.00,0.0,0.0,1,1.4,0,0.0,16,59.3,TE,KiefKo00
3687,Ko Kieft,0.00,2,Mon,9,9,2024-11-04,26-289,TAM,@,KAN,L 24-30 (OT),0.00,0.00,0.0,0.0,2,3.6,0,0.0,18,64.3,TE,KiefKo00
3688,Ko Kieft,0.00,3,Sun,10,10,2024-11-10,26-295,TAM,,SFO,L 20-23,0.00,0.00,0.0,0.0,3,4.9,0,0.0,16,55.2,TE,KiefKo00
3689,Ko Kieft,0.00,5,Sun,11,12,2024-11-24,26-309,TAM,@,NYG,W 30-7,0.00,0.00,0.0,0.0,5,7.7,0,0.0,18,90.0,TE,KiefKo00
3690,Ko Kieft,0.00,9,Sun,12,13,2024-12-01,26-316,TAM,@,CAR,W 26-23 (OT),0.00,0.00,0.0,0.0,9,11.3,0,0.0,27,75.0,TE,KiefKo00
3691,Ko Kieft,0.00,6,Sun,13,14,2024-12-08,26-323,TAM,,LVR,W 28-13,0.00,0.00,0.0,0.0,6,9.7,0,0.0,18,78.3,TE,KiefKo00
3692,Ko Kieft,0.00,19,Sun,14,15,2024-12-15,26-330,TAM,@,LAC,W 40-17,0.00,0.00,0.0,0.0,19,26.4,0,0.0,22,81.5,TE,KiefKo00
3693,Ko Kieft,0.00,12,Sun,15,16,2024-12-22,26-337,TAM,@,DAL,L 24-26,0.00,0.00,0.0,0.0,12,16.7,0,0.0,22,73.3,TE,KiefKo00
3694,Ko Kieft,0.00,20,Sun,16,17,2024-12-29,26-344,TAM,,CAR,W 48-14,0.00,0.00,0.0,0.0,20,26.0,0,0.0,26,86.7,TE,KiefKo00
3695,Ko Kieft,0.00,11,Sun,17,18,2025-01-05,26-351,TAM,,NOR,W 27-19,0.00,0.00,0.0,0.0,11,16.4,0,0.0,22,78.6,TE,KiefKo00
3696,Dalton Kincaid,0.00,33,Sun,14,15,2023-12-17,24-060,BUF,,DAL,W 31-10,0.00,0.00,0.0,0.0,33,48.5,0,0.0,0,0.0,TE,KincDa00
3697,Cole Kmet,0.00,48,Sun,1,1,2022-09-11,23-185,CHI,,SFO,W 19-10,0.00,0.00,0.0,0.0,48,82.8,0,0.0,4,16.7,TE,KmetCo00
3698,Cole Kmet,0.00,35,Sun,2,2,2022-09-18,23-192,CHI,@,GNB,L 10-27,0.00,0.00,0.0,0.0,35,85.4,0,0.0,2,9.1,TE,KmetCo00
3699,Cole Kmet,0.00,63,Sun,7,7,2023-10-22,24-226,CHI,,LVR,W 30-12,0.00,0.00,0.0,0.0,63,88.7,0,0.0,6,26.1,TE,KmetCo00
3700,Cole Kmet,0.00,13,Sun,16,17,2023-12-31,24-296,CHI,,ATL,W 37-17,0.00,0.00,0.0,0.0,13,17.6,0,0.0,0,0.0,TE,KmetCo00
3701,Cole Kmet,0.00,63,Sun,8,9,2024-11-03,25-238,CHI,@,ARI,L 9-29,0.00,0.00,0.0,0.0,63,85.1,0,0.0,3,10.7,TE,KmetCo00
3702,Cole Kmet,0.00,49,Sun,13,14,2024-12-08,25-273,CHI,@,SFO,L 13-38,0.00,0.00,0.0,0.0,49,92.5,0,0.0,1,4.0,TE,KmetCo00
3703,Cole Kmet,0.00,57,Thu,16,17,2024-12-26,25-291,CHI,,SEA,L 3-6,0.00,0.00,0.0,0.0,57,93.4,0,0.0,1,4.8,TE,KmetCo00
3704,Dawson Knox,0.00,63,Thu,12,13,2022-12-01,26-017,BUF,@,NWE,W 24-10,0.00,0.00,0.0,0.0,63,84.0,0,0.0,2,8.3,TE,KnoxDa00
3705,Dawson Knox,0.00,42,Sun,14,15,2023-12-17,27-033,BUF,,DAL,W 31-10,0.00,0.00,0.0,0.0,42,61.8,0,0.0,0,0.0,TE,KnoxDa00
3706,Dawson Knox,0.00,30,Sun,16,17,2023-12-31,27-047,BUF,,NWE,W 27-21,0.00,0.00,0.0,0.0,30,43.5,0,0.0,0,0.0,TE,KnoxDa00
3707,Dawson Knox,0.00,24,Thu,2,2,2024-09-12,27-303,BUF,@,MIA,W 31-10,0.00,0.00,0.0,0.0,24,53.3,0,0.0,0,0.0,TE,KnoxDa00
3708,Dawson Knox,0.00,27,Sun,4,4,2024-09-29,27-320,BUF,@,BAL,L 10-35,0.00,1.00,1.0,0.5,27,45.8,0,0.0,0,0.0,TE,KnoxDa00
3709,Dawson Knox,0.00,33,Sun,5,5,2024-10-06,27-327,BUF,@,HOU,L 20-23,0.00,0.00,0.0,0.0,33,54.1,0,0.0,0,0.0,TE,KnoxDa00
3710,Charlie Kolar,0.00,2,Sun,16,17,2023-01-01,23-325,BAL,,PIT,L 13-16,0.00,0.00,0.0,0.0,2,3.8,0,0.0,1,4.3,TE,KolaCh00
3711,Charlie Kolar,0.00,13,Sun,1,1,2023-09-10,24-212,BAL,,HOU,W 25-9,0.00,0.00,0.0,0.0,13,20.3,0,0.0,0,0.0,TE,KolaCh00
3712,Charlie Kolar,0.00,2,Sun,4,4,2023-10-01,24-233,BAL,@,CLE,W 28-3,0.00,0.00,0.0,0.0,2,3.4,0,0.0,22,78.6,TE,KolaCh00
3713,Charlie Kolar,0.00,6,Sun,6,6,2023-10-15,24-247,BAL,@,TEN,W 24-16,0.00,0.00,0.0,0.0,6,8.5,0,0.0,20,64.5,TE,KolaCh00
3714,Charlie Kolar,0.00,11,Sun,7,7,2023-10-22,24-254,BAL,,DET,W 38-6,0.00,0.00,0.0,0.0,11,18.3,0,0.0,13,61.9,TE,KolaCh00
3715,Charlie Kolar,0.00,14,Sun,8,8,2023-10-29,24-261,BAL,@,ARI,W 31-24,0.00,0.00,0.0,0.0,14,21.5,0,0.0,16,57.1,TE,KolaCh00
3716,Charlie Kolar,0.00,17,Sun,9,9,2023-11-05,24-268,BAL,,SEA,W 37-3,0.00,0.00,0.0,0.0,17,22.4,0,0.0,19,70.4,TE,KolaCh00
3717,Charlie Kolar,0.00,7,Sun,10,10,2023-11-12,24-275,BAL,,CLE,L 31-33,0.00,0.00,0.0,0.0,7,13.0,0,0.0,25,80.6,TE,KolaCh00
3718,Charlie Kolar,0.00,19,Sun,12,12,2023-11-26,24-289,BAL,@,LAC,W 20-10,0.00,0.00,0.0,0.0,19,26.8,0,0.0,17,81.0,TE,KolaCh00
3719,Charlie Kolar,0.00,16,Sun,13,14,2023-12-10,24-303,BAL,,LAR,W 37-31 (OT),0.00,0.00,0.0,0.0,16,22.2,0,0.0,30,81.1,TE,KolaCh00
3720,Charlie Kolar,0.00,8,Thu,1,1,2024-09-05,25-208,BAL,@,KAN,L 20-27,0.00,0.00,0.0,0.0,8,10.0,0,0.0,20,76.9,TE,KolaCh00
3721,Charlie Kolar,0.00,19,Sun,4,4,2024-09-29,25-232,BAL,,BUF,W 35-10,0.00,0.00,0.0,0.0,19,33.3,0,0.0,22,81.5,TE,KolaCh00
3722,Charlie Kolar,0.00,22,Sun,6,6,2024-10-13,25-246,BAL,,WAS,W 30-23,0.00,0.00,0.0,0.0,22,32.4,0,0.0,21,72.4,TE,KolaCh00
3723,Charlie Kolar,0.00,22,Sun,9,9,2024-11-03,25-267,BAL,,DEN,W 41-10,0.00,0.00,0.0,0.0,22,38.6,0,0.0,23,92.0,TE,KolaCh00
3724,Charlie Kolar,0.00,9,Sun,11,11,2024-11-17,25-281,BAL,@,PIT,L 16-18,0.00,0.00,0.0,0.0,9,14.8,0,0.0,20,69.0,TE,KolaCh00
3725,Charlie Kolar,0.00,20,Sat,17,18,2025-01-04,25-329,BAL,,CLE,W 35-10,0.00,0.00,0.0,0.0,20,28.6,0,0.0,10,40.0,TE,KolaCh00
3726,Tucker Kraft,0.00,13,Sun,1,1,2023-09-10,22-311,GNB,@,CHI,W 38-20,0.00,0.00,0.0,0.0,13,21.7,0,0.0,4,14.3,TE,KrafTu00
3727,Tucker Kraft,0.00,2,Sun,2,2,2023-09-17,22-318,GNB,@,ATL,L 24-25,0.00,0.00,0.0,0.0,2,4.0,0,0.0,7,25.9,TE,KrafTu00
3728,Tucker Kraft,0.00,10,Sun,3,3,2023-09-24,22-325,GNB,,NOR,W 18-17,0.00,0.00,0.0,0.0,10,12.7,0,0.0,10,40.0,TE,KrafTu00
3729,Tucker Kraft,0.00,23,Mon,5,5,2023-10-09,22-340,GNB,@,LVR,L 13-17,0.00,0.00,0.0,0.0,23,39.7,0,0.0,9,37.5,TE,KrafTu00
3730,Tucker Kraft,0.00,32,Sun,6,7,2023-10-22,22-353,GNB,@,DEN,L 17-19,0.00,0.00,0.0,0.0,32,50.0,0,0.0,11,44.0,TE,KrafTu00
3731,Tucker Kraft,0.00,19,Sun,7,8,2023-10-29,22-360,GNB,,MIN,L 10-24,0.00,0.00,0.0,0.0,19,27.9,0,0.0,11,47.8,TE,KrafTu00
3732,Tucker Kraft,0.00,28,Sun,8,9,2023-11-05,23-002,GNB,,LAR,W 20-3,0.00,0.00,0.0,0.0,28,38.9,0,0.0,10,43.5,TE,KrafTu00
3733,Tucker Kraft,0.00,43,Sun,10,11,2024-11-17,24-014,GNB,@,CHI,W 20-19,0.00,0.00,0.0,0.0,43,93.5,0,0.0,3,16.7,TE,KrafTu00
3734,Tyler Kroft,0.00,21,Sun,2,2,2022-09-18,29-338,SFO,,SEA,W 27-7,0.00,0.00,0.0,0.0,21,27.6,0,0.0,1,4.3,TE,KrofTy00
3735,Tyler Kroft,0.00,21,Sun,9,10,2022-11-13,30-029,SFO,,LAC,W 22-16,0.00,0.00,0.0,0.0,21,29.6,0,0.0,4,14.3,TE,KrofTy00
3736,Tyler Kroft,0.00,27,Mon,10,11,2022-11-21,30-037,SFO,@,ARI,W 38-10,0.00,0.00,0.0,0.0,27,46.6,0,0.0,0,0.0,TE,KrofTy00
3737,Tyler Kroft,0.00,16,Sun,13,14,2022-12-11,30-057,SFO,,TAM,W 35-7,0.00,0.00,0.0,0.0,16,25.4,0,0.0,10,47.6,TE,KrofTy00
3738,Tyler Kroft,0.00,20,Sat,15,16,2022-12-24,30-070,SFO,,WAS,W 37-20,0.00,0.00,0.0,0.0,20,38.5,0,0.0,13,48.1,TE,KrofTy00
3739,Tyler Kroft,0.00,18,Sun,16,17,2023-01-01,30-078,SFO,@,LVR,W 37-34 (OT),0.00,0.00,0.0,0.0,18,26.9,0,0.0,17,51.5,TE,KrofTy00
3740,Tyler Kroft,0.00,23,Sun,17,18,2023-01-08,30-085,SFO,,ARI,W 38-13,0.00,0.00,0.0,0.0,23,37.1,0,0.0,21,80.8,TE,KrofTy00
3741,Tyler Kroft,0.00,2,Sun,1,1,2023-09-10,30-330,MIA,@,LAC,W 36-34,0.00,0.00,0.0,0.0,2,3.0,0,0.0,0,0.0,TE,KrofTy00
3742,Tyler Kroft,0.00,3,Sun,2,2,2023-09-17,30-337,MIA,@,NWE,W 24-17,0.00,0.00,0.0,0.0,3,4.8,0,0.0,0,0.0,TE,KrofTy00
3743,Tyler Kroft,0.00,3,Sun,8,8,2023-10-29,31-014,MIA,,NWE,W 31-17,0.00,0.00,0.0,0.0,3,3.9,0,0.0,3,11.5,TE,KrofTy00
3744,Tyler Kroft,0.00,21,Sun,10,11,2023-11-19,31-035,MIA,,LVR,W 20-13,0.00,0.00,0.0,0.0,21,30.0,0,0.0,9,34.6,TE,KrofTy00
3745,Tyler Kroft,0.00,6,Fri,11,12,2023-11-24,31-040,MIA,@,NYJ,W 34-13,0.00,0.00,0.0,0.0,6,8.6,0,0.0,9,37.5,TE,KrofTy00
3746,Tyler Kroft,0.00,8,Sun,14,15,2023-12-17,31-063,MIA,,NYJ,W 30-0,0.00,0.00,0.0,0.0,8,13.1,0,0.0,6,25.0,TE,KrofTy00
3747,Lucas Krull,0.00,11,Mon,13,13,2022-12-05,24-147,NOR,@,TAM,L 16-17,0.00,0.00,0.0,0.0,11,18.6,0,0.0,0,0.0,TE,KrulLu00
3748,Lucas Krull,0.00,21,Sun,9,9,2024-11-03,26-115,DEN,@,BAL,L 10-41,0.00,0.00,0.0,0.0,21,29.2,0,0.0,12,48.0,TE,KrulLu00
3749,Lucas Krull,0.00,18,Sun,11,11,2024-11-17,26-129,DEN,,ATL,W 38-6,0.00,0.00,0.0,0.0,18,29.0,0,0.0,6,23.1,TE,KrulLu00
3750,Lucas Krull,0.00,21,Sun,12,12,2024-11-24,26-136,DEN,@,LVR,W 29-19,0.00,0.00,0.0,0.0,21,30.9,0,0.0,9,26.5,TE,KrulLu00
3751,Lucas Krull,0.00,22,Sun,17,18,2025-01-05,26-178,DEN,,KAN,W 38-0,0.00,0.00,0.0,0.0,22,29.7,0,0.0,4,17.4,TE,KrulLu00
3752,Lucas Krull,0.00,20,Mon,9,10,2023-11-13,25-125,DEN,@,BUF,W 24-22,0.00,0.00,0.0,0.0,20,26.7,0,0.0,6,22.2,TE,KrulLu00
3753,Lucas Krull,0.00,22,Sun,12,13,2023-12-03,25-145,DEN,@,HOU,L 17-22,0.00,0.00,0.0,0.0,22,36.7,0,0.0,0,0.0,TE,KrulLu00
3754,Lucas Krull,0.00,33,Sun,17,18,2024-01-07,25-180,DEN,@,LVR,L 14-27,0.00,0.00,0.0,0.0,33,54.1,0,0.0,8,32.0,TE,KrulLu00
3755,Zack Kuntz,0.00,2,Sun,17,18,2024-01-07,24-215,NYJ,@,NWE,W 17-3,0.00,0.00,0.0,0.0,2,3.1,0,0.0,4,14.3,TE,KuntZa00
3756,Zack Kuntz,0.00,1,Sun,14,15,2024-12-15,25-192,NYJ,@,JAX,W 32-25,0.00,0.00,0.0,0.0,1,1.7,0,0.0,6,21.4,TE,KuntZa00
3757,Marcedes Lewis,0.00,5,Sun,1,1,2023-09-10,39-114,CHI,,GNB,L 20-38,0.00,0.00,0.0,0.0,5,6.8,0,0.0,2,7.1,TE,LewiMa00
3758,Marcedes Lewis,0.00,8,Sun,2,2,2023-09-17,39-121,CHI,@,TAM,L 17-27,0.00,0.00,0.0,0.0,8,15.1,0,0.0,0,0.0,TE,LewiMa00
3759,Marcedes Lewis,0.00,9,Sun,3,3,2023-09-24,39-128,CHI,@,KAN,L 10-41,0.00,0.00,0.0,0.0,9,17.6,0,0.0,0,0.0,TE,LewiMa00
3760,Marcedes Lewis,0.00,22,Thu,5,5,2023-10-05,39-139,CHI,@,WAS,W 40-20,0.00,0.00,0.0,0.0,22,34.4,0,0.0,0,0.0,TE,LewiMa00
3761,Marcedes Lewis,0.00,16,Sun,6,6,2023-10-15,39-149,CHI,,MIN,L 13-19,0.00,0.00,0.0,0.0,16,24.2,0,0.0,0,0.0,TE,LewiMa00
3762,Marcedes Lewis,0.00,17,Sun,8,8,2023-10-29,39-163,CHI,@,LAC,L 13-30,0.00,0.00,0.0,0.0,17,25.8,0,0.0,0,0.0,TE,LewiMa00
3763,Marcedes Lewis,0.00,14,Sun,9,9,2023-11-05,39-170,CHI,@,NOR,L 17-24,0.00,0.00,0.0,0.0,14,20.6,0,0.0,0,0.0,TE,LewiMa00
3764,Marcedes Lewis,0.00,20,Thu,10,10,2023-11-09,39-174,CHI,,CAR,W 16-13,0.00,0.00,0.0,0.0,20,27.8,0,0.0,0,0.0,TE,LewiMa00
3765,Marcedes Lewis,0.00,30,Sun,11,11,2023-11-19,39-184,CHI,@,DET,L 26-31,0.00,0.00,0.0,0.0,30,40.0,0,0.0,1,3.8,TE,LewiMa00
3766,Marcedes Lewis,0.00,24,Mon,12,12,2023-11-27,39-192,CHI,@,MIN,W 12-10,0.00,0.00,0.0,0.0,24,34.3,0,0.0,0,0.0,TE,LewiMa00
3767,Marcedes Lewis,0.00,25,Sun,14,15,2023-12-17,39-212,CHI,@,CLE,L 17-20,0.00,0.00,0.0,0.0,25,34.2,0,0.0,1,2.9,TE,LewiMa00
3768,Marcedes Lewis,0.00,29,Sun,16,17,2023-12-31,39-226,CHI,,ATL,W 37-17,0.00,0.00,0.0,0.0,29,39.2,0,0.0,8,25.0,TE,LewiMa00
3769,Marcedes Lewis,0.00,16,Sun,17,18,2024-01-07,39-233,CHI,@,GNB,L 9-17,0.00,0.00,0.0,0.0,16,33.3,0,0.0,3,16.7,TE,LewiMa00
3770,Marcedes Lewis,0.00,9,Sun,1,1,2024-09-08,40-112,CHI,,TEN,W 24-17,0.00,0.00,0.0,0.0,9,16.1,0,0.0,4,13.8,TE,LewiMa00
3771,Marcedes Lewis,0.00,10,Sun,2,2,2024-09-15,40-119,CHI,@,HOU,L 13-19,0.00,0.00,0.0,0.0,10,14.3,0,0.0,3,10.0,TE,LewiMa00
3772,Marcedes Lewis,0.00,21,Sun,3,3,2024-09-22,40-126,CHI,@,IND,L 16-21,0.00,0.00,0.0,0.0,21,23.3,0,0.0,3,13.0,TE,LewiMa00
3773,Marcedes Lewis,0.00,19,Sun,4,4,2024-09-29,40-133,CHI,,LAR,W 24-18,0.00,0.00,0.0,0.0,19,31.7,0,0.0,4,15.4,TE,LewiMa00
3774,Marcedes Lewis,0.00,17,Sun,5,5,2024-10-06,40-140,CHI,,CAR,W 36-10,0.00,0.00,0.0,0.0,17,22.7,0,0.0,5,19.2,TE,LewiMa00
3775,Marcedes Lewis,0.00,10,Sun,7,8,2024-10-27,40-161,CHI,@,WAS,L 15-18,0.00,0.00,0.0,0.0,10,15.9,0,0.0,1,3.8,TE,LewiMa00
3776,Marcedes Lewis,0.00,10,Sun,8,9,2024-11-03,40-168,CHI,@,ARI,L 9-29,0.00,0.00,0.0,0.0,10,13.5,0,0.0,3,10.7,TE,LewiMa00
3777,Marcedes Lewis,0.00,14,Sun,9,10,2024-11-10,40-175,CHI,,NWE,L 3-19,0.00,0.00,0.0,0.0,14,23.3,0,0.0,1,3.7,TE,LewiMa00
3778,Marcedes Lewis,0.00,12,Sun,10,11,2024-11-17,40-182,CHI,,GNB,L 19-20,0.00,0.00,0.0,0.0,12,16.7,0,0.0,4,22.2,TE,LewiMa00
3779,Marcedes Lewis,0.00,16,Sun,11,12,2024-11-24,40-189,CHI,,MIN,L 27-30 (OT),0.00,0.00,0.0,0.0,16,21.1,0,0.0,4,12.9,TE,LewiMa00
3780,Marcedes Lewis,0.00,15,Thu,12,13,2024-11-28,40-193,CHI,@,DET,L 20-23,0.00,0.00,0.0,0.0,15,22.4,0,0.0,2,8.3,TE,LewiMa00
3781,Marcedes Lewis,0.00,6,Sun,13,14,2024-12-08,40-203,CHI,@,SFO,L 13-38,0.00,0.00,0.0,0.0,6,11.3,0,0.0,1,4.0,TE,LewiMa00
3782,Marcedes Lewis,0.00,17,Mon,14,15,2024-12-16,40-211,CHI,@,MIN,L 12-30,0.00,0.00,0.0,0.0,17,25.4,0,0.0,3,11.1,TE,LewiMa00
3783,Marcedes Lewis,0.00,12,Sun,15,16,2024-12-22,40-217,CHI,,DET,L 17-34,0.00,0.00,0.0,0.0,12,18.8,0,0.0,3,12.0,TE,LewiMa00
3784,Marcedes Lewis,0.00,7,Thu,16,17,2024-12-26,40-221,CHI,,SEA,L 3-6,0.00,0.00,0.0,0.0,7,11.5,0,0.0,1,4.8,TE,LewiMa00
3785,Marcedes Lewis,0.00,12,Sun,17,18,2025-01-05,40-231,CHI,@,GNB,W 24-22,0.00,0.00,0.0,0.0,12,19.4,0,0.0,4,14.8,TE,LewiMa00
3786,Marcedes Lewis,0.00,23,Sun,1,1,2022-09-11,38-115,GNB,@,MIN,L 7-23,0.00,0.00,0.0,0.0,23,37.7,0,0.0,1,4.3,TE,LewiMa00
3787,Marcedes Lewis,0.00,31,Sun,2,2,2022-09-18,38-122,GNB,,CHI,W 27-10,0.00,0.00,0.0,0.0,31,45.6,0,0.0,5,22.7,TE,LewiMa00
3788,Marcedes Lewis,0.00,22,Sun,3,3,2022-09-25,38-129,GNB,@,TAM,W 14-12,0.00,0.00,0.0,0.0,22,35.5,0,0.0,2,8.0,TE,LewiMa00
3789,Marcedes Lewis,0.00,31,Sun,4,4,2022-10-02,38-136,GNB,,NWE,W 27-24 (OT),0.00,0.00,0.0,0.0,31,42.5,0,0.0,5,15.6,TE,LewiMa00
3790,Marcedes Lewis,0.00,27,Sun,6,6,2022-10-16,38-150,GNB,,NYJ,L 10-27,0.00,0.00,0.0,0.0,27,37.0,0,0.0,3,10.3,TE,LewiMa00
3791,Marcedes Lewis,0.00,23,Sun,7,7,2022-10-23,38-157,GNB,@,WAS,L 21-23,0.00,0.00,0.0,0.0,23,42.6,0,0.0,3,10.3,TE,LewiMa00
3792,Marcedes Lewis,0.00,22,Sun,8,8,2022-10-30,38-164,GNB,@,BUF,L 17-27,0.00,0.00,0.0,0.0,22,33.3,0,0.0,4,18.2,TE,LewiMa00
3793,Marcedes Lewis,0.00,37,Sun,10,10,2022-11-13,38-178,GNB,,DAL,W 31-28 (OT),0.00,1.00,0.9,0.4,37,57.8,0,0.0,6,20.0,TE,LewiMa00
3794,Marcedes Lewis,0.00,16,Thu,11,11,2022-11-17,38-182,GNB,,TEN,L 17-27,0.00,0.00,0.0,0.0,16,26.2,0,0.0,2,9.1,TE,LewiMa00
3795,Marcedes Lewis,0.00,19,Sun,12,12,2022-11-27,38-192,GNB,@,PHI,L 33-40,0.00,0.00,0.0,0.0,19,38.8,0,0.0,6,19.4,TE,LewiMa00
3796,Marcedes Lewis,0.00,28,Sun,13,13,2022-12-04,38-199,GNB,@,CHI,W 28-19,0.00,0.00,2.0,2.0,28,42.4,0,0.0,4,16.7,TE,LewiMa00
3797,Marcedes Lewis,0.00,23,Sun,16,17,2023-01-01,38-227,GNB,,MIN,W 41-17,0.00,0.00,0.0,0.0,23,36.5,0,0.0,7,25.0,TE,LewiMa00
3798,Marcedes Lewis,0.00,27,Sun,17,18,2023-01-08,38-234,GNB,,DET,L 16-20,0.00,0.00,0.0,0.0,27,45.0,0,0.0,5,20.0,TE,LewiMa00
3799,Isaiah Likely,0.00,25,Sun,1,1,2022-09-11,22-146,BAL,@,NYJ,W 24-9,0.00,0.00,0.0,0.0,25,44.6,0,0.0,1,3.7,TE,LikeIs00
3800,Isaiah Likely,0.00,26,Sun,4,4,2022-10-02,22-167,BAL,,BUF,L 20-23,0.00,0.00,0.0,0.0,26,37.1,0,0.0,2,8.0,TE,LikeIs00
3801,Isaiah Likely,0.00,16,Sun,13,14,2022-12-11,22-237,BAL,@,PIT,W 16-14,0.00,0.00,0.0,0.0,16,26.2,0,0.0,6,28.6,TE,LikeIs00
3802,Isaiah Likely,0.00,15,Sun,4,4,2023-10-01,23-166,BAL,@,CLE,W 28-3,0.00,0.00,0.0,0.0,15,25.9,0,0.0,9,32.1,TE,LikeIs00
3803,Isaiah Likely,0.00,8,Sun,5,5,2023-10-08,23-173,BAL,@,PIT,L 10-17,0.00,0.00,0.0,0.0,8,11.4,0,0.0,13,52.0,TE,LikeIs00
3804,Isaiah Likely,0.00,17,Sun,6,6,2023-10-15,23-180,BAL,@,TEN,W 24-16,0.00,0.00,0.0,0.0,17,23.9,0,0.0,5,16.1,TE,LikeIs00
3805,Isaiah Likely,0.00,21,Sun,7,7,2023-10-22,23-187,BAL,,DET,W 38-6,0.00,0.00,0.0,0.0,21,35.0,0,0.0,10,47.6,TE,LikeIs00
3806,Isaiah Likely,0.00,50,Thu,11,11,2023-11-16,23-212,BAL,,CIN,W 34-20,0.00,0.00,0.0,0.0,50,75.8,0,0.0,5,15.6,TE,LikeIs00
3807,Isaiah Likely,0.00,17,Sun,9,9,2024-11-03,24-199,BAL,,DEN,W 41-10,0.00,0.00,0.0,0.0,17,29.8,0,0.0,3,12.0,TE,LikeIs00
3808,Isaiah Likely,0.00,35,Mon,12,12,2024-11-25,24-221,BAL,@,LAC,W 30-23,0.00,0.00,0.0,0.0,35,53.8,0,0.0,1,3.7,TE,LikeIs00
3809,Hunter Long,0.00,15,Sun,11,12,2023-11-26,25-099,LAR,@,ARI,W 37-14,0.00,0.00,0.0,0.0,15,22.4,0,0.0,6,21.4,TE,LongHu00
3810,Hunter Long,0.00,21,Sun,12,13,2023-12-03,25-106,LAR,,CLE,W 36-19,0.00,0.00,0.0,0.0,21,32.8,0,0.0,8,24.2,TE,LongHu00
3811,Hunter Long,0.00,19,Sun,13,14,2023-12-10,25-113,LAR,@,BAL,L 31-37 (OT),0.00,0.00,0.0,0.0,19,24.7,0,0.0,2,5.4,TE,LongHu00
3812,Hunter Long,0.00,3,Sun,1,1,2024-09-08,26-020,LAR,@,DET,L 20-26 (OT),0.00,0.00,0.0,0.0,3,3.8,0,0.0,5,19.2,TE,LongHu00
3813,Hunter Long,0.00,10,Sun,2,2,2024-09-15,26-027,LAR,@,ARI,L 10-41,0.00,0.00,0.0,0.0,10,19.2,0,0.0,14,56.0,TE,LongHu00
3814,Hunter Long,0.00,26,Sun,3,3,2024-09-22,26-034,LAR,,SFO,W 27-24,0.00,0.00,0.0,0.0,26,44.8,0,0.0,14,51.9,TE,LongHu00
3815,Hunter Long,0.00,13,Sun,4,4,2024-09-29,26-041,LAR,@,CHI,L 18-24,0.00,0.00,0.0,0.0,13,21.3,0,0.0,12,46.2,TE,LongHu00
3816,Hunter Long,0.00,9,Mon,9,10,2024-11-11,26-084,LAR,,MIA,L 15-23,0.00,0.00,0.0,0.0,9,12.9,0,0.0,19,67.9,TE,LongHu00
3817,Hunter Long,0.00,18,Sun,10,11,2024-11-17,26-090,LAR,@,NWE,W 28-22,0.00,0.00,0.0,0.0,18,34.6,0,0.0,16,59.3,TE,LongHu00
3818,Hunter Long,0.00,13,Sun,11,12,2024-11-24,26-097,LAR,,PHI,L 20-37,0.00,0.00,0.0,0.0,13,20.3,0,0.0,21,75.0,TE,LongHu00
3819,Hunter Long,0.00,19,Sun,12,13,2024-12-01,26-104,LAR,@,NOR,W 21-14,0.00,0.00,0.0,0.0,19,33.9,0,0.0,14,66.7,TE,LongHu00
3820,Hunter Long,0.00,18,Sun,13,14,2024-12-08,26-111,LAR,,BUF,W 44-42,0.00,0.00,0.0,0.0,18,23.4,0,0.0,26,78.8,TE,LongHu00
3821,Hunter Long,0.00,19,Sun,15,16,2024-12-22,26-125,LAR,@,NYJ,W 19-9,0.00,0.00,0.0,0.0,19,36.5,0,0.0,13,81.3,TE,LongHu00
3822,Hunter Long,0.00,13,Sat,16,17,2024-12-28,26-131,LAR,,ARI,W 13-9,0.00,0.00,0.0,0.0,13,22.8,0,0.0,18,81.8,TE,LongHu00
3823,Hunter Long,0.00,7,Sun,17,18,2025-01-05,26-139,LAR,,SEA,L 25-30,0.00,0.00,0.0,0.0,7,10.6,0,0.0,9,33.3,TE,LongHu00
3824,Hunter Long,0.00,12,Sun,1,1,2022-09-11,24-023,MIA,,NWE,W 20-7,0.00,0.00,0.0,0.0,12,20.0,0,0.0,0,0.0,TE,LongHu00
3825,Hunter Long,0.00,21,Sun,6,6,2022-10-16,24-058,MIA,,MIN,L 16-24,0.00,0.00,0.0,0.0,21,26.9,0,0.0,14,45.2,TE,LongHu00
3826,Hunter Long,0.00,4,Sun,7,7,2022-10-23,24-065,MIA,,PIT,W 16-10,0.00,0.00,0.0,0.0,4,6.5,0,0.0,13,50.0,TE,LongHu00
3827,Hunter Long,0.00,17,Sun,8,8,2022-10-30,24-072,MIA,@,DET,W 31-27,0.00,0.00,0.0,0.0,17,25.0,0,0.0,11,44.0,TE,LongHu00
3828,Hunter Long,0.00,6,Sun,9,9,2022-11-06,24-079,MIA,@,CHI,W 35-32,0.00,0.00,0.0,0.0,6,10.5,0,0.0,6,23.1,TE,LongHu00
3829,Hunter Long,0.00,6,Sat,14,15,2022-12-17,24-120,MIA,@,BUF,L 29-32,0.00,0.00,0.0,0.0,6,10.2,0,0.0,0,0.0,TE,LongHu00
3830,Hunter Long,0.00,4,Sun,15,16,2022-12-25,24-128,MIA,,GNB,L 20-26,0.00,0.00,0.0,0.0,4,8.0,0,0.0,2,7.7,TE,LongHu00
3831,Hunter Long,0.00,12,Sun,16,17,2023-01-01,24-135,MIA,@,NWE,L 21-23,0.00,0.00,0.0,0.0,12,16.9,0,0.0,5,18.5,TE,LongHu00
3832,Hunter Long,0.00,11,Sun,17,18,2023-01-08,24-142,MIA,,NYJ,W 11-6,0.00,0.00,0.0,0.0,11,16.9,0,0.0,4,18.2,TE,LongHu00
3833,Tyler Mabry,0.00,2,Sun,17,18,2023-01-08,26-048,SEA,,LAR,W 19-16 (OT),0.00,0.00,0.0,0.0,2,2.9,0,0.0,12,36.4,TE,MabrTy00
3834,Tyler Mabry,0.00,1,Sun,10,11,2024-11-17,27-362,SEA,@,SFO,W 20-17,0.00,0.00,0.0,0.0,1,1.7,0,0.0,4,19.0,TE,MabrTy00
3835,Tyler Mabry,0.00,3,Sun,11,12,2024-11-24,28-003,SEA,,ARI,W 16-6,0.00,0.00,0.0,0.0,3,4.7,0,0.0,2,8.3,TE,MabrTy00
3836,Will Mallory,0.00,9,Sun,6,6,2023-10-15,24-115,IND,@,JAX,L 20-37,0.00,0.00,0.0,0.0,9,11.5,0,0.0,0,0.0,TE,MallWi00
3837,Will Mallory,0.00,9,Sun,7,7,2023-10-22,24-122,IND,,CLE,L 38-39,0.00,0.00,0.0,0.0,9,12.9,0,0.0,0,0.0,TE,MallWi00
3838,Will Mallory,0.00,8,Sat,14,15,2023-12-16,24-177,IND,,PIT,W 30-13,0.00,0.00,0.0,0.0,8,11.9,0,0.0,0,0.0,TE,MallWi00
3839,Will Mallory,0.00,2,Sat,17,18,2024-01-06,24-198,IND,,HOU,L 19-23,0.00,0.00,0.0,0.0,2,3.0,0,0.0,0,0.0,TE,MallWi00
3840,Will Mallory,0.00,11,Sun,4,4,2024-09-29,25-099,IND,,PIT,W 27-24,0.00,0.00,0.0,0.0,11,16.7,0,0.0,0,0.0,TE,MallWi00
3841,Will Mallory,0.00,10,Sun,6,6,2024-10-13,25-113,IND,@,TEN,W 20-17,0.00,0.00,0.0,0.0,10,14.3,0,0.0,0,0.0,TE,MallWi00
3842,Will Mallory,0.00,12,Sun,8,8,2024-10-27,25-127,IND,@,HOU,L 20-23,0.00,0.00,0.0,0.0,12,18.8,0,0.0,0,0.0,TE,MallWi00
3843,Will Mallory,0.00,3,Sun,9,9,2024-11-03,25-134,IND,@,MIN,L 13-21,0.00,0.00,0.0,0.0,3,5.6,0,0.0,4,18.2,TE,MallWi00
3844,Will Mallory,0.00,18,Sun,14,15,2024-12-15,25-176,IND,@,DEN,L 13-31,0.00,0.00,0.0,0.0,18,23.7,0,0.0,0,0.0,TE,MallWi00
3845,Will Mallory,0.00,3,Sun,15,16,2024-12-22,25-183,IND,,TEN,W 38-30,0.00,0.00,0.0,0.0,3,4.8,0,0.0,2,6.7,TE,MallWi00
3846,Chris Manhertz,0.00,25,Sun,1,1,2023-09-10,31-153,DEN,,LVR,L 16-17,0.00,0.00,0.0,0.0,25,39.1,0,0.0,4,21.1,TE,ManhCh00
3847,Chris Manhertz,0.00,21,Sun,2,2,2023-09-17,31-160,DEN,,WAS,L 33-35,0.00,0.00,0.0,0.0,21,31.8,0,0.0,6,20.0,TE,ManhCh00
3848,Chris Manhertz,0.00,13,Sun,3,3,2023-09-24,31-167,DEN,@,MIA,L 20-70,0.00,0.00,0.0,0.0,13,21.0,0,0.0,14,38.9,TE,ManhCh00
3849,Chris Manhertz,0.00,15,Sun,5,5,2023-10-08,31-181,DEN,,NYJ,L 21-31,0.00,0.00,0.0,0.0,15,23.8,0,0.0,8,25.0,TE,ManhCh00
3850,Chris Manhertz,0.00,24,Thu,6,6,2023-10-12,31-185,DEN,@,KAN,L 8-19,0.00,0.00,0.0,0.0,24,46.2,0,0.0,5,23.8,TE,ManhCh00
3851,Chris Manhertz,0.00,18,Sun,7,7,2023-10-22,31-195,DEN,,GNB,W 19-17,0.00,0.00,0.0,0.0,18,30.5,0,0.0,4,16.0,TE,ManhCh00
3852,Chris Manhertz,0.00,39,Sun,8,8,2023-10-29,31-202,DEN,,KAN,W 24-9,0.00,0.00,0.0,0.0,39,54.9,0,0.0,3,13.6,TE,ManhCh00
3853,Chris Manhertz,0.00,18,Sun,10,11,2023-11-19,31-223,DEN,,MIN,W 21-20,0.00,0.00,0.0,0.0,18,32.7,0,0.0,5,18.5,TE,ManhCh00
3854,Chris Manhertz,0.00,27,Sun,11,12,2023-11-26,31-230,DEN,,CLE,W 29-12,0.00,0.00,0.0,0.0,27,40.3,0,0.0,4,15.4,TE,ManhCh00
3855,Chris Manhertz,0.00,25,Sun,12,13,2023-12-03,31-237,DEN,@,HOU,L 17-22,0.00,0.00,0.0,0.0,25,41.7,0,0.0,6,18.8,TE,ManhCh00
3856,Chris Manhertz,0.00,23,Sun,13,14,2023-12-10,31-244,DEN,@,LAC,W 24-7,0.00,0.00,0.0,0.0,23,34.3,0,0.0,2,8.3,TE,ManhCh00
3857,Chris Manhertz,0.00,16,Sat,14,15,2023-12-16,31-250,DEN,@,DET,L 17-42,0.00,0.00,0.0,0.0,16,25.0,0,0.0,9,31.0,TE,ManhCh00
3858,Chris Manhertz,0.00,24,Sun,15,16,2023-12-24,31-258,DEN,,NWE,L 23-26,0.00,0.00,0.0,0.0,24,34.8,0,0.0,3,9.1,TE,ManhCh00
3859,Chris Manhertz,0.00,28,Sun,16,17,2023-12-31,31-265,DEN,,LAC,W 16-9,0.00,0.00,0.0,0.0,28,40.6,0,0.0,3,10.7,TE,ManhCh00
3860,Chris Manhertz,0.00,20,Sun,1,1,2024-09-08,32-151,NYG,,MIN,L 6-28,0.00,0.00,0.0,0.0,20,28.2,0,0.0,13,54.2,TE,ManhCh00
3861,Chris Manhertz,0.00,26,Sun,2,2,2024-09-15,32-158,NYG,@,WAS,L 18-21,0.00,0.00,0.0,0.0,26,46.4,0,0.0,3,14.3,TE,ManhCh00
3862,Chris Manhertz,0.00,27,Sun,3,3,2024-09-22,32-165,NYG,@,CLE,W 21-15,0.00,0.00,0.0,0.0,27,37.5,0,0.0,14,53.8,TE,ManhCh00
3863,Chris Manhertz,0.00,29,Thu,4,4,2024-09-26,32-169,NYG,,DAL,L 15-20,0.00,0.00,0.0,0.0,29,42.0,0,0.0,10,40.0,TE,ManhCh00
3864,Chris Manhertz,0.00,19,Sun,5,5,2024-10-06,32-179,NYG,@,SEA,W 29-20,0.00,0.00,0.0,0.0,19,26.4,0,0.0,9,30.0,TE,ManhCh00
3865,Chris Manhertz,0.00,19,Sun,6,6,2024-10-13,32-186,NYG,,CIN,L 7-17,0.00,0.00,0.0,0.0,19,24.1,0,0.0,7,31.8,TE,ManhCh00
3866,Chris Manhertz,0.00,8,Sun,7,7,2024-10-20,32-193,NYG,,PHI,L 3-28,0.00,0.00,0.0,0.0,8,13.8,0,0.0,12,37.5,TE,ManhCh00
3867,Chris Manhertz,0.00,11,Mon,8,8,2024-10-28,32-201,NYG,@,PIT,L 18-26,0.00,0.00,0.0,0.0,11,15.3,0,0.0,8,26.7,TE,ManhCh00
3868,Chris Manhertz,0.00,25,Sun,10,10,2024-11-10,32-214,NYG,@,CAR,L 17-20 (OT),0.00,0.00,0.0,0.0,25,33.3,0,0.0,9,30.0,TE,ManhCh00
3869,Chris Manhertz,0.00,12,Sun,11,12,2024-11-24,32-228,NYG,,TAM,L 7-30,0.00,0.00,0.0,0.0,12,20.3,0,0.0,5,25.0,TE,ManhCh00
3870,Chris Manhertz,0.00,21,Thu,12,13,2024-11-28,32-232,NYG,@,DAL,L 20-27,0.00,0.00,0.0,0.0,21,33.3,0,0.0,10,32.3,TE,ManhCh00
3871,Chris Manhertz,0.00,15,Sun,13,14,2024-12-08,32-242,NYG,,NOR,L 11-14,0.00,0.00,0.0,0.0,15,19.2,0,0.0,11,37.9,TE,ManhCh00
3872,Chris Manhertz,0.00,27,Sun,14,15,2024-12-15,32-249,NYG,,BAL,L 14-35,0.00,0.00,0.0,0.0,27,39.7,0,0.0,8,38.1,TE,ManhCh00
3873,Chris Manhertz,0.00,16,Sun,15,16,2024-12-22,32-256,NYG,@,ATL,L 7-34,0.00,0.00,0.0,0.0,16,27.1,0,0.0,13,54.2,TE,ManhCh00
3874,Chris Manhertz,0.00,25,Sun,1,1,2022-09-11,30-154,JAX,@,WAS,L 22-28,0.00,0.00,0.0,0.0,25,35.7,0,0.0,10,41.7,TE,ManhCh00
3875,Chris Manhertz,0.00,33,Sun,2,2,2022-09-18,30-161,JAX,,IND,W 24-0,0.00,0.00,0.0,0.0,33,46.5,0,0.0,5,25.0,TE,ManhCh00
3876,Chris Manhertz,0.00,36,Sun,3,3,2022-09-25,30-168,JAX,@,LAC,W 38-10,0.00,0.00,0.0,0.0,36,47.4,0,0.0,9,37.5,TE,ManhCh00
3877,Chris Manhertz,0.00,14,Sun,4,4,2022-10-02,30-175,JAX,@,PHI,L 21-29,0.00,1.00,1.0,0.5,14,29.8,0,0.0,9,37.5,TE,ManhCh00
3878,Chris Manhertz,0.00,36,Sun,6,6,2022-10-16,30-189,JAX,@,IND,L 27-34,0.00,0.00,0.0,0.0,36,57.1,0,0.0,10,40.0,TE,ManhCh00
3879,Chris Manhertz,0.00,24,Sun,7,7,2022-10-23,30-196,JAX,,NYG,L 17-23,0.00,0.00,0.0,0.0,24,33.8,0,0.0,9,40.9,TE,ManhCh00
3880,Chris Manhertz,0.00,27,Sun,8,8,2022-10-30,30-203,JAX,,DEN,L 17-21,0.00,1.00,0.9,0.4,27,37.5,0,0.0,7,26.9,TE,ManhCh00
3881,Chris Manhertz,0.00,17,Sun,10,10,2022-11-13,30-217,JAX,@,KAN,L 17-27,0.00,0.00,0.0,0.0,17,26.6,0,0.0,10,38.5,TE,ManhCh00
3882,Chris Manhertz,0.00,22,Sun,11,12,2022-11-27,30-231,JAX,,BAL,W 28-27,0.00,0.00,0.0,0.0,22,34.9,0,0.0,11,40.7,TE,ManhCh00
3883,Chris Manhertz,0.00,15,Sun,12,13,2022-12-04,30-238,JAX,@,DET,L 14-40,0.00,0.00,0.0,0.0,15,26.8,0,0.0,11,42.3,TE,ManhCh00
3884,Chris Manhertz,0.00,16,Sun,14,15,2022-12-18,30-252,JAX,,DAL,W 40-34 (OT),0.00,0.00,0.0,0.0,16,22.9,0,0.0,14,42.4,TE,ManhCh00
3885,Chris Manhertz,0.00,31,Thu,15,16,2022-12-22,30-256,JAX,@,NYJ,W 19-3,0.00,0.00,0.0,0.0,31,43.1,0,0.0,8,36.4,TE,ManhCh00
3886,Chris Manhertz,0.00,19,Sun,16,17,2023-01-01,30-266,JAX,@,HOU,W 31-3,0.00,0.00,0.0,0.0,19,30.2,0,0.0,7,28.0,TE,ManhCh00
3887,Chris Manhertz,0.00,19,Sat,17,18,2023-01-07,30-272,JAX,,TEN,W 20-16,0.00,0.00,0.0,0.0,19,38.8,0,0.0,8,33.3,TE,ManhCh00
3888,David Martin-Robinson,0.00,5,Sun,13,14,2024-12-08,24-348,TEN,,JAX,L 6-10,0.00,0.00,0.0,0.0,5,7.8,0,0.0,8,44.4,TE,MartDa01
3889,David Martin-Robinson,0.00,3,Sun,14,15,2024-12-15,24-355,TEN,,CIN,L 27-37,0.00,0.00,0.0,0.0,3,4.3,0,0.0,12,54.5,TE,MartDa01
3890,David Martin-Robinson,0.00,5,Sun,16,17,2024-12-29,25-003,TEN,@,JAX,L 13-20,0.00,0.00,0.0,0.0,5,7.2,0,0.0,11,52.4,TE,MartDa01
3891,David Martin-Robinson,0.00,31,Sun,17,18,2025-01-05,25-010,TEN,,HOU,L 14-23,0.00,0.00,0.0,0.0,31,50.0,0,0.0,10,43.5,TE,MartDa01
3892,Jordan Matthews,0.00,20,Sun,1,1,2024-09-08,32-054,CAR,@,NOR,L 10-47,0.00,0.00,0.0,0.0,20,33.9,0,0.0,5,16.7,TE,MattJo00
3893,Jordan Matthews,0.00,4,Sun,2,2,2024-09-15,32-061,CAR,,LAC,L 3-26,0.00,0.00,0.0,0.0,4,8.3,0,0.0,13,54.2,TE,MattJo00
3894,Jordan Matthews,0.00,2,Sun,9,9,2024-11-03,32-110,CAR,,NOR,W 23-22,0.00,0.00,0.0,0.0,2,3.8,0,0.0,22,75.9,TE,MattJo00
3895,Michael Mayer,0.00,29,Sun,1,1,2023-09-10,22-066,LVR,@,DEN,W 17-16,0.00,0.00,0.0,0.0,29,49.2,0,0.0,3,15.8,TE,MayeMi00
3896,Michael Mayer,0.00,34,Sun,3,3,2023-09-24,22-080,LVR,,PIT,L 18-23,0.00,0.00,2.0,2.0,34,47.2,0,0.0,3,10.3,TE,MayeMi00
3897,Michael Mayer,0.00,37,Sun,4,4,2023-10-01,22-087,LVR,@,LAC,L 17-24,0.00,0.00,0.0,0.0,37,50.7,0,0.0,4,16.0,TE,MayeMi00
3898,Michael Mayer,0.00,45,Sun,15,16,2024-12-22,23-169,LVR,,JAX,W 19-14,0.00,0.00,0.0,0.0,45,60.8,0,0.0,4,14.8,TE,MayeMi00
3899,Trey McBride,0.00,1,Sun,2,2,2022-09-18,22-300,ARI,@,LVR,W 29-23 (OT),0.00,0.00,0.0,0.0,1,1.1,0,0.0,10,47.6,TE,McBrTr01
3900,Trey McBride,0.00,5,Sun,3,3,2022-09-25,22-307,ARI,,LAR,L 12-20,0.00,0.00,0.0,0.0,5,6.0,0,0.0,15,60.0,TE,McBrTr01
3901,Trey McBride,0.00,17,Sun,5,5,2022-10-09,22-321,ARI,,PHI,L 17-20,0.00,0.00,0.0,0.0,17,24.6,0,0.0,12,48.0,TE,McBrTr01
3902,Trey McBride,0.00,20,Sun,6,6,2022-10-16,22-328,ARI,@,SEA,L 9-19,0.00,0.00,0.0,0.0,20,28.2,0,0.0,10,38.5,TE,McBrTr01
3903,Trey McBride,0.00,34,Thu,7,7,2022-10-20,22-332,ARI,,NOR,W 42-34,0.00,0.00,0.0,0.0,34,51.5,0,0.0,24,75.0,TE,McBrTr01
3904,Trey McBride,0.00,20,Sun,8,8,2022-10-30,22-342,ARI,@,MIN,L 26-34,0.00,0.00,0.0,0.0,20,25.6,0,0.0,19,63.3,TE,McBrTr01
3905,Trey McBride,0.00,13,Sun,9,9,2022-11-06,22-349,ARI,,SEA,L 21-31,0.00,0.00,0.0,0.0,13,20.6,0,0.0,19,70.4,TE,McBrTr01
3906,Sean McKeon,0.00,11,Mon,3,3,2022-09-26,24-272,DAL,@,NYG,W 23-16,0.00,0.00,0.0,0.0,11,17.2,0,0.0,9,31.0,TE,McKeSe01
3907,Sean McKeon,0.00,2,Sun,7,7,2022-10-23,24-299,DAL,,DET,W 24-6,0.00,0.00,0.0,0.0,2,3.2,0,0.0,16,72.7,TE,McKeSe01
3908,Sean McKeon,0.00,14,Sun,8,8,2022-10-30,24-306,DAL,,CHI,W 49-29,0.00,0.00,0.0,0.0,14,24.1,0,0.0,10,34.5,TE,McKeSe01
3909,Sean McKeon,0.00,15,Sun,10,11,2022-11-20,24-327,DAL,@,MIN,W 40-3,0.00,0.00,0.0,0.0,15,20.8,0,0.0,9,32.1,TE,McKeSe01
3910,Sean McKeon,0.00,17,Thu,11,12,2022-11-24,24-331,DAL,,NYG,W 28-20,0.00,0.00,0.0,0.0,17,22.7,0,0.0,5,21.7,TE,McKeSe01
3911,Sean McKeon,0.00,10,Sun,12,13,2022-12-04,24-341,DAL,,IND,W 54-19,0.00,0.00,0.0,0.0,10,14.7,0,0.0,10,32.3,TE,McKeSe01
3912,Sean McKeon,0.00,11,Sun,13,14,2022-12-11,24-348,DAL,,HOU,W 27-23,0.00,0.00,0.0,0.0,11,15.5,0,0.0,14,50.0,TE,McKeSe01
3913,Sean McKeon,0.00,5,Sun,14,15,2022-12-18,24-355,DAL,@,JAX,L 34-40 (OT),0.00,0.00,0.0,0.0,5,6.7,0,0.0,21,63.6,TE,McKeSe01
3914,Sean McKeon,0.00,9,Sat,15,16,2022-12-24,24-361,DAL,,PHI,W 40-34,0.00,0.00,0.0,0.0,9,12.3,0,0.0,17,54.8,TE,McKeSe01
3915,Sean McKeon,0.00,11,Thu,16,17,2022-12-29,25-001,DAL,@,TEN,W 27-13,0.00,0.00,0.0,0.0,11,13.8,0,0.0,14,56.0,TE,McKeSe01
3916,Sean McKeon,0.00,5,Sun,17,18,2023-01-08,25-011,DAL,@,WAS,L 6-26,0.00,0.00,0.0,0.0,5,7.5,0,0.0,24,70.6,TE,McKeSe01
3917,Sean McKeon,0.00,18,Sun,4,4,2023-10-01,25-277,DAL,,NWE,W 38-3,0.00,0.00,0.0,0.0,18,25.7,0,0.0,13,50.0,TE,McKeSe01
3918,Sean McKeon,0.00,6,Sun,5,5,2023-10-08,25-284,DAL,@,SFO,L 10-42,0.00,0.00,0.0,0.0,6,12.2,0,0.0,17,63.0,TE,McKeSe01
3919,Sean McKeon,0.00,8,Mon,6,6,2023-10-16,25-292,DAL,@,LAC,W 20-17,0.00,0.00,0.0,0.0,8,12.5,0,0.0,15,60.0,TE,McKeSe01
3920,Sean McKeon,0.00,11,Sun,7,8,2023-10-29,25-305,DAL,,LAR,W 43-20,0.00,0.00,0.0,0.0,11,16.9,0,0.0,19,63.3,TE,McKeSe01
3921,Sean McKeon,0.00,9,Sun,8,9,2023-11-05,25-312,DAL,@,PHI,L 23-28,0.00,0.00,0.0,0.0,9,12.0,0,0.0,15,62.5,TE,McKeSe01
3922,Sean McKeon,0.00,13,Sun,9,10,2023-11-12,25-319,DAL,,NYG,W 49-17,0.00,0.00,0.0,0.0,13,16.7,0,0.0,15,48.4,TE,McKeSe01
3923,Sean McKeon,0.00,17,Sun,10,11,2023-11-19,25-326,DAL,@,CAR,W 33-10,0.00,0.00,0.0,0.0,17,23.6,0,0.0,18,66.7,TE,McKeSe01
3924,Sean McKeon,0.00,10,Thu,11,12,2023-11-23,25-330,DAL,,WAS,W 45-10,0.00,0.00,0.0,0.0,10,18.5,0,0.0,15,60.0,TE,McKeSe01
3925,Sean McKeon,0.00,8,Thu,12,13,2023-11-30,25-337,DAL,,SEA,W 41-35,0.00,0.00,0.0,0.0,8,9.0,0,0.0,15,53.6,TE,McKeSe01
3926,Tre' McKitty,0.00,39,Thu,2,2,2022-09-15,23-246,LAC,@,KAN,L 24-27,0.00,0.00,0.0,0.0,39,52.0,0,0.0,4,12.5,TE,McKiTr00
3927,Tre' McKitty,0.00,19,Sun,3,3,2022-09-25,23-256,LAC,,JAX,L 10-38,0.00,0.00,0.0,0.0,19,31.1,0,0.0,8,33.3,TE,McKiTr00
3928,Tre' McKitty,0.00,36,Sun,5,5,2022-10-09,23-270,LAC,@,CLE,W 30-28,0.00,0.00,0.0,0.0,36,50.7,0,0.0,0,0.0,TE,McKiTr00
3929,Tre' McKitty,0.00,39,Mon,6,6,2022-10-17,23-278,LAC,,DEN,W 19-16 (OT),0.00,0.00,0.0,0.0,39,41.9,0,0.0,0,0.0,TE,McKiTr00
3930,Tre' McKitty,0.00,24,Sun,7,7,2022-10-23,23-284,LAC,,SEA,L 23-37,0.00,0.00,0.0,0.0,24,33.8,0,0.0,0,0.0,TE,McKiTr00
3931,Tre' McKitty,0.00,24,Sun,8,9,2022-11-06,23-298,LAC,@,ATL,W 20-17,0.00,0.00,0.0,0.0,24,34.8,0,0.0,0,0.0,TE,McKiTr00
3932,Tre' McKitty,0.00,39,Sun,10,11,2022-11-20,23-312,LAC,,KAN,L 27-30,0.00,0.00,0.0,0.0,39,60.0,0,0.0,0,0.0,TE,McKiTr00
3933,Tre' McKitty,0.00,26,Sun,11,12,2022-11-27,23-319,LAC,@,ARI,W 25-24,0.00,0.00,0.0,0.0,26,39.4,0,0.0,0,0.0,TE,McKiTr00
3934,Tre' McKitty,0.00,23,Sun,14,15,2022-12-18,23-340,LAC,,TEN,W 17-14,0.00,0.00,0.0,0.0,23,32.4,0,0.0,1,3.7,TE,McKiTr00
3935,Tre' McKitty,0.00,30,Sun,16,17,2023-01-01,23-354,LAC,,LAR,W 31-10,0.00,0.00,0.0,0.0,30,46.9,0,0.0,5,20.0,TE,McKiTr00
3936,Tre' McKitty,0.00,23,Sun,17,18,2023-01-08,23-361,LAC,@,DEN,L 28-31,0.00,0.00,0.0,0.0,23,33.8,0,0.0,4,12.9,TE,McKiTr00
3937,Tre' McKitty,0.00,6,Sun,1,1,2023-09-10,24-241,LAC,,MIA,L 34-36,0.00,0.00,0.0,0.0,6,7.4,0,0.0,10,32.3,TE,McKiTr00
3938,Tre' McKitty,0.00,5,Sun,2,2,2023-09-17,24-248,LAC,@,TEN,L 24-27 (OT),0.00,0.00,0.0,0.0,5,7.4,0,0.0,11,36.7,TE,McKiTr00
3939,Tre' McKitty,0.00,10,Sun,3,3,2023-09-24,24-255,LAC,@,MIN,W 28-24,0.00,0.00,0.0,0.0,10,15.2,0,0.0,3,12.0,TE,McKiTr00
3940,Tre' McKitty,0.00,23,Sun,4,4,2023-10-01,24-262,LAC,,LVR,W 24-17,0.00,0.00,0.0,0.0,23,35.4,0,0.0,4,16.0,TE,McKiTr00
3941,Tre' McKitty,0.00,7,Mon,5,6,2023-10-16,24-277,LAC,,DAL,L 17-20,0.00,0.00,0.0,0.0,7,9.6,0,0.0,7,28.0,TE,McKiTr00
3942,Tre' McKitty,0.00,15,Sun,7,8,2023-10-29,24-290,LAC,,CHI,W 30-13,0.00,0.00,0.0,0.0,15,21.7,0,0.0,0,0.0,TE,McKiTr00
3943,Tanner McLachlan,0.00,3,Sun,15,16,2024-12-22,25-282,CIN,,CLE,W 24-6,0.00,0.00,0.0,0.0,3,5.4,0,0.0,6,28.6,TE,McLaTa00
3944,Tanner McLachlan,0.00,2,Sat,16,17,2024-12-28,25-288,CIN,,DEN,W 30-24 (OT),0.00,0.00,0.0,0.0,2,2.2,0,0.0,11,44.0,TE,McLaTa00
3945,James Mitchell,0.00,5,Sun,4,4,2022-10-02,23-052,DET,,SEA,L 45-48,0.00,0.00,0.0,0.0,5,6.8,0,0.0,14,42.4,TE,MitcJa00
3946,James Mitchell,0.00,5,Sun,5,5,2022-10-09,23-059,DET,@,NWE,L 0-29,0.00,0.00,0.0,0.0,5,7.6,0,0.0,7,36.8,TE,MitcJa00
3947,James Mitchell,0.00,6,Sun,6,7,2022-10-23,23-073,DET,@,DAL,L 6-24,0.00,0.00,0.0,0.0,6,10.2,0,0.0,7,31.8,TE,MitcJa00
3948,James Mitchell,0.00,15,Sun,10,11,2022-11-20,23-101,DET,@,NYG,W 31-18,0.00,0.00,0.0,0.0,15,22.4,0,0.0,9,34.6,TE,MitcJa00
3949,James Mitchell,0.00,22,Sun,12,13,2022-12-04,23-115,DET,,JAX,W 40-14,0.00,0.00,0.0,0.0,22,28.9,0,0.0,12,46.2,TE,MitcJa00
3950,James Mitchell,0.00,14,Sun,13,14,2022-12-11,23-122,DET,,MIN,W 34-23,0.00,0.00,0.0,0.0,14,20.0,0,0.0,12,41.4,TE,MitcJa00
3951,James Mitchell,0.00,6,Thu,1,1,2023-09-07,24-027,DET,@,KAN,W 21-20,0.00,0.00,0.0,0.0,6,8.6,0,0.0,8,29.6,TE,MitcJa00
3952,James Mitchell,0.00,2,Sun,2,2,2023-09-17,24-037,DET,,SEA,L 31-37 (OT),0.00,0.00,0.0,0.0,2,3.0,0,0.0,11,39.3,TE,MitcJa00
3953,James Mitchell,0.00,2,Sun,3,3,2023-09-24,24-044,DET,,ATL,W 20-6,0.00,0.00,0.0,0.0,2,2.9,0,0.0,7,25.9,TE,MitcJa00
3954,James Mitchell,0.00,10,Thu,4,4,2023-09-28,24-048,DET,@,GNB,W 34-20,0.00,0.00,0.0,0.0,10,13.3,0,0.0,5,16.7,TE,MitcJa00
3955,James Mitchell,0.00,6,Mon,8,8,2023-10-30,24-080,DET,,LVR,W 26-14,0.00,0.00,0.0,0.0,6,7.0,0,0.0,10,40.0,TE,MitcJa00
3956,James Mitchell,0.00,7,Sun,9,10,2023-11-12,24-093,DET,@,LAC,W 41-38,0.00,0.00,0.0,0.0,7,10.6,0,0.0,14,46.7,TE,MitcJa00
3957,James Mitchell,0.00,6,Sun,10,11,2023-11-19,24-100,DET,,CHI,W 31-26,0.00,0.00,0.0,0.0,6,9.7,0,0.0,10,38.5,TE,MitcJa00
3958,James Mitchell,0.00,4,Thu,11,12,2023-11-23,24-104,DET,,GNB,L 22-29,0.00,0.00,0.0,0.0,4,4.8,0,0.0,7,30.4,TE,MitcJa00
3959,James Mitchell,0.00,3,Sun,12,13,2023-12-03,24-114,DET,@,NOR,W 33-28,0.00,0.00,0.0,0.0,3,5.2,0,0.0,10,33.3,TE,MitcJa00
3960,James Mitchell,0.00,11,Sun,13,14,2023-12-10,24-121,DET,@,CHI,L 13-28,0.00,0.00,0.0,0.0,11,16.9,0,0.0,9,37.5,TE,MitcJa00
3961,James Mitchell,0.00,6,Sat,14,15,2023-12-16,24-127,DET,,DEN,W 42-17,0.00,0.00,0.0,0.0,6,9.1,0,0.0,16,55.2,TE,MitcJa00
3962,James Mitchell,0.00,29,Sun,15,16,2023-12-24,24-135,DET,@,MIN,W 30-24,0.00,0.00,0.0,0.0,29,36.7,0,0.0,9,34.6,TE,MitcJa00
3963,James Mitchell,0.00,25,Sun,10,11,2024-11-17,25-098,DET,,JAX,W 52-6,0.00,0.00,0.0,0.0,25,31.6,0,0.0,0,0.0,TE,MitcJa00
3964,Foster Moreau,0.00,32,Sun,1,1,2023-09-10,26-127,NOR,,TEN,W 16-15,0.00,0.00,0.0,0.0,32,49.2,0,0.0,9,32.1,TE,MoreFo00
3965,Foster Moreau,0.00,46,Sun,8,8,2023-10-29,26-176,NOR,@,IND,W 38-27,0.00,0.00,0.0,0.0,46,69.7,0,0.0,10,29.4,TE,MoreFo00
3966,Foster Moreau,0.00,21,Sun,10,10,2023-11-12,26-190,NOR,@,MIN,L 19-27,0.00,0.00,0.0,0.0,21,31.3,0,0.0,7,24.1,TE,MoreFo00
3967,Foster Moreau,0.00,31,Sun,11,12,2023-11-26,26-204,NOR,@,ATL,L 15-24,0.00,0.00,0.0,0.0,31,43.1,0,0.0,7,29.2,TE,MoreFo00
3968,Foster Moreau,0.00,47,Sun,2,2,2024-09-15,27-132,NOR,@,DAL,W 44-19,0.00,0.00,0.0,0.0,47,79.7,0,0.0,7,25.9,TE,MoreFo00
3969,Foster Moreau,0.00,42,Sun,4,4,2024-09-29,27-146,NOR,@,ATL,L 24-26,0.00,0.00,0.0,0.0,42,56.8,0,0.0,4,14.3,TE,MoreFo00
3970,Foster Moreau,0.00,57,Sun,8,8,2024-10-27,27-174,NOR,@,LAC,L 8-26,0.00,0.00,0.0,0.0,57,78.1,0,0.0,3,8.8,TE,MoreFo00
3971,Foster Moreau,0.00,44,Sun,10,10,2024-11-10,27-188,NOR,,ATL,W 20-17,0.00,0.00,0.0,0.0,44,83.0,0,0.0,9,33.3,TE,MoreFo00
3972,Foster Moreau,0.00,18,Sun,1,1,2022-09-11,25-128,LVR,@,LAC,L 19-24,0.00,0.00,0.0,0.0,18,31.0,0,0.0,5,20.8,TE,MoreFo00
3973,Foster Moreau,0.00,60,Thu,13,14,2022-12-08,25-216,LVR,@,LAR,L 16-17,0.00,0.00,0.0,0.0,60,100.0,0,0.0,5,20.0,TE,MoreFo00
3974,Quintin Morris,0.00,16,Sun,4,4,2022-10-02,23-254,BUF,@,BAL,W 23-20,0.00,0.00,0.0,0.0,16,25.0,0,0.0,17,68.0,TE,MorrQu00
3975,Quintin Morris,0.00,12,Sun,6,6,2022-10-16,23-268,BUF,@,KAN,W 24-20,0.00,0.00,0.0,0.0,12,16.4,0,0.0,17,73.9,TE,MorrQu00
3976,Quintin Morris,0.00,11,Sun,7,8,2022-10-30,23-282,BUF,,GNB,W 27-17,0.00,0.00,0.0,0.0,11,18.6,0,0.0,13,59.1,TE,MorrQu00
3977,Quintin Morris,0.00,13,Sun,8,9,2022-11-06,23-289,BUF,@,NYJ,L 17-20,0.00,0.00,0.0,0.0,13,21.0,0,0.0,18,78.3,TE,MorrQu00
3978,Quintin Morris,0.00,14,Sun,9,10,2022-11-13,23-296,BUF,,MIN,L 30-33 (OT),0.00,0.00,0.0,0.0,14,18.7,0,0.0,22,66.7,TE,MorrQu00
3979,Quintin Morris,0.00,27,Sun,10,11,2022-11-20,23-303,BUF,,CLE,W 31-23,0.00,0.00,0.0,0.0,27,41.5,0,0.0,24,80.0,TE,MorrQu00
3980,Quintin Morris,0.00,16,Sun,13,14,2022-12-11,23-324,BUF,,NYJ,W 20-12,0.00,0.00,0.0,0.0,16,27.1,0,0.0,27,90.0,TE,MorrQu00
3981,Quintin Morris,0.00,22,Sat,15,16,2022-12-24,23-337,BUF,@,CHI,W 35-13,0.00,0.00,0.0,0.0,22,34.4,0,0.0,22,88.0,TE,MorrQu00
3982,Quintin Morris,0.00,24,Sun,16,18,2023-01-08,23-352,BUF,,NWE,W 35-23,0.00,0.00,0.0,0.0,24,40.7,0,0.0,23,88.5,TE,MorrQu00
3983,Quintin Morris,0.00,6,Mon,1,1,2023-09-11,24-233,BUF,@,NYJ,L 16-22 (OT),0.00,0.00,0.0,0.0,6,8.7,0,0.0,22,84.6,TE,MorrQu00
3984,Quintin Morris,0.00,15,Sun,2,2,2023-09-17,24-239,BUF,,LVR,W 38-10,0.00,0.00,0.0,0.0,15,19.2,0,0.0,20,90.9,TE,MorrQu00
3985,Quintin Morris,0.00,19,Sun,3,3,2023-09-24,24-246,BUF,@,WAS,W 37-3,0.00,0.00,0.0,0.0,19,27.9,0,0.0,21,95.5,TE,MorrQu00
3986,Quintin Morris,0.00,15,Sun,4,4,2023-10-01,24-253,BUF,,MIA,W 48-20,0.00,0.00,0.0,0.0,15,25.9,0,0.0,26,92.9,TE,MorrQu00
3987,Quintin Morris,0.00,6,Sun,5,5,2023-10-08,24-260,BUF,,JAX,L 20-25,0.00,0.00,0.0,0.0,6,10.0,0,0.0,20,80.0,TE,MorrQu00
3988,Quintin Morris,0.00,2,Sun,9,9,2023-11-05,24-288,BUF,@,CIN,L 18-24,0.00,0.00,0.0,0.0,2,3.4,0,0.0,15,71.4,TE,MorrQu00
3989,Quintin Morris,0.00,14,Mon,10,10,2023-11-13,24-296,BUF,,DEN,L 22-24,0.00,0.00,0.0,0.0,14,25.9,0,0.0,20,74.1,TE,MorrQu00
3990,Quintin Morris,0.00,25,Sun,12,12,2023-11-26,24-309,BUF,@,PHI,L 34-37 (OT),0.00,0.00,0.0,0.0,25,26.3,0,0.0,24,66.7,TE,MorrQu00
3991,Quintin Morris,0.00,7,Sun,13,14,2023-12-10,24-323,BUF,@,KAN,W 20-17,0.00,0.00,0.0,0.0,7,9.1,0,0.0,20,83.3,TE,MorrQu00
3992,Quintin Morris,0.00,18,Sun,14,15,2023-12-17,24-330,BUF,,DAL,W 31-10,0.00,0.00,0.0,0.0,18,26.5,0,0.0,22,91.7,TE,MorrQu00
3993,Quintin Morris,0.00,2,Sat,15,16,2023-12-23,24-336,BUF,@,LAC,W 24-22,0.00,0.00,0.0,0.0,2,3.6,0,0.0,24,80.0,TE,MorrQu00
3994,Quintin Morris,0.00,7,Sun,16,17,2023-12-31,24-344,BUF,,NWE,W 27-21,0.00,0.00,0.0,0.0,7,10.1,0,0.0,24,82.8,TE,MorrQu00
3995,Quintin Morris,0.00,2,Sun,17,18,2024-01-07,24-351,BUF,@,MIA,W 21-14,0.00,0.00,0.0,0.0,2,2.6,0,0.0,15,83.3,TE,MorrQu00
3996,Quintin Morris,0.00,6,Sun,1,1,2024-09-08,25-231,BUF,,ARI,W 34-28,0.00,0.00,0.0,0.0,6,9.7,0,0.0,23,85.2,TE,MorrQu00
3997,Quintin Morris,0.00,6,Thu,2,2,2024-09-12,25-235,BUF,@,MIA,W 31-10,0.00,0.00,0.0,0.0,6,13.3,0,0.0,19,90.5,TE,MorrQu00
3998,Quintin Morris,0.00,9,Mon,3,3,2024-09-23,25-246,BUF,,JAX,W 47-10,0.00,0.00,0.0,0.0,9,14.1,0,0.0,23,92.0,TE,MorrQu00
3999,Quintin Morris,0.00,8,Sun,4,4,2024-09-29,25-252,BUF,@,BAL,L 10-35,0.00,0.00,0.0,0.0,8,13.6,0,0.0,22,81.5,TE,MorrQu00
4000,Quintin Morris,0.00,4,Sun,5,5,2024-10-06,25-259,BUF,@,HOU,L 20-23,0.00,0.00,0.0,0.0,4,6.6,0,0.0,25,80.6,TE,MorrQu00
4001,Quintin Morris,0.00,4,Mon,6,6,2024-10-14,25-267,BUF,@,NYJ,W 23-20,0.00,0.00,0.0,0.0,4,5.8,0,0.0,19,76.0,TE,MorrQu00
4002,Quintin Morris,0.00,3,Sun,7,7,2024-10-20,25-273,BUF,,TEN,W 34-10,0.00,0.00,0.0,0.0,3,5.5,0,0.0,26,92.9,TE,MorrQu00
4003,Quintin Morris,0.00,10,Sun,8,8,2024-10-27,25-280,BUF,@,SEA,W 31-10,0.00,0.00,0.0,0.0,10,13.2,0,0.0,21,91.3,TE,MorrQu00
4004,Quintin Morris,0.00,26,Sun,10,10,2024-11-10,25-294,BUF,@,IND,W 30-20,0.00,0.00,0.0,0.0,26,35.1,0,0.0,20,80.0,TE,MorrQu00
4005,Quintin Morris,0.00,28,Sun,11,11,2024-11-17,25-301,BUF,,KAN,W 30-21,0.00,0.00,0.0,0.0,28,38.4,0,0.0,8,33.3,TE,MorrQu00
4006,Quintin Morris,0.00,2,Sun,14,15,2024-12-15,25-329,BUF,@,DET,W 48-42,0.00,0.00,0.0,0.0,2,2.9,0,0.0,29,80.6,TE,MorrQu00
4007,Quintin Morris,0.00,14,Sun,16,17,2024-12-29,25-343,BUF,,NYJ,W 40-14,0.00,0.00,0.0,0.0,14,20.0,0,0.0,21,95.5,TE,MorrQu00
4008,Johnny Mundt,0.00,20,Sun,4,4,2022-10-02,27-313,MIN,@,NOR,W 28-25,0.00,0.00,0.0,0.0,20,27.8,0,0.0,5,16.1,TE,MundJo00
4009,Johnny Mundt,0.00,22,Sun,9,10,2022-11-13,27-355,MIN,@,BUF,W 33-30 (OT),0.00,0.00,0.0,0.0,22,26.5,0,0.0,8,24.2,TE,MundJo00
4010,Johnny Mundt,0.00,13,Sun,13,14,2022-12-11,28-018,MIN,@,DET,L 23-34,0.00,0.00,0.0,0.0,13,20.0,0,0.0,7,24.1,TE,MundJo00
4011,Johnny Mundt,0.00,18,Sun,16,17,2023-01-01,28-039,MIN,@,GNB,L 17-41,0.00,0.00,0.0,0.0,18,31.0,0,0.0,11,39.3,TE,MundJo00
4012,Johnny Mundt,0.00,26,Sun,17,18,2023-01-08,28-046,MIN,@,CHI,W 29-13,0.00,0.00,0.0,0.0,26,36.6,0,0.0,10,43.5,TE,MundJo00
4013,Johnny Mundt,0.00,5,Sun,1,1,2023-09-10,28-291,MIN,,TAM,L 17-20,0.00,0.00,0.0,0.0,5,7.8,0,0.0,13,46.4,TE,MundJo00
4014,Johnny Mundt,0.00,1,Thu,2,2,2023-09-14,28-295,MIN,@,PHI,L 28-34,0.00,0.00,0.0,0.0,1,1.7,0,0.0,13,44.8,TE,MundJo00
4015,Johnny Mundt,0.00,7,Sun,3,3,2023-09-24,28-305,MIN,,LAC,L 24-28,0.00,0.00,0.0,0.0,7,8.5,0,0.0,12,48.0,TE,MundJo00
4016,Johnny Mundt,0.00,8,Sun,4,4,2023-10-01,28-312,MIN,@,CAR,W 21-13,0.00,0.00,0.0,0.0,8,16.7,0,0.0,13,59.1,TE,MundJo00
4017,Johnny Mundt,0.00,7,Sun,6,6,2023-10-15,28-326,MIN,@,CHI,W 19-13,0.00,0.00,0.0,0.0,7,12.3,0,0.0,14,53.8,TE,MundJo00
4018,Johnny Mundt,0.00,8,Mon,7,7,2023-10-23,28-334,MIN,,SFO,W 22-17,0.00,0.00,0.0,0.0,8,11.4,0,0.0,12,54.5,TE,MundJo00
4019,Johnny Mundt,0.00,13,Sun,11,11,2023-11-19,28-361,MIN,@,DEN,L 20-21,0.00,0.00,0.0,0.0,13,17.6,0,0.0,13,48.1,TE,MundJo00
4020,Johnny Mundt,0.00,7,Mon,12,12,2023-11-27,29-004,MIN,,CHI,L 10-12,0.00,0.00,0.0,0.0,7,12.7,0,0.0,10,50.0,TE,MundJo00
4021,Johnny Mundt,0.00,19,Sun,8,9,2024-11-03,29-346,MIN,,IND,W 21-13,0.00,0.00,0.0,0.0,19,26.0,0,0.0,9,40.9,TE,MundJo00
4022,Johnny Mundt,0.00,18,Sun,9,10,2024-11-10,29-353,MIN,@,JAX,W 12-7,0.00,0.00,0.0,0.0,18,21.4,0,0.0,6,31.6,TE,MundJo00
4023,Johnny Mundt,0.00,10,Sun,13,14,2024-12-08,30-015,MIN,,ATL,W 42-21,0.00,0.00,0.0,0.0,10,16.7,0,0.0,13,48.1,TE,MundJo00
4024,Johnny Mundt,0.00,20,Mon,14,15,2024-12-16,30-023,MIN,,CHI,W 30-12,0.00,0.00,0.0,0.0,20,26.0,0,0.0,10,37.0,TE,MundJo00
4025,Johnny Mundt,0.00,10,Sun,15,16,2024-12-22,30-029,MIN,@,SEA,W 27-24,0.00,0.00,0.0,0.0,10,15.2,0,0.0,10,30.3,TE,MundJo00
4026,Johnny Mundt,0.00,6,Sun,17,18,2025-01-05,30-043,MIN,@,DET,L 9-31,0.00,0.00,0.0,0.0,6,9.2,0,0.0,9,39.1,TE,MundJo00
4027,Nick Muse,0.00,3,Sun,1,1,2024-09-08,25-288,MIN,@,NYG,W 28-6,0.00,0.00,0.0,0.0,3,5.5,0,0.0,7,29.2,TE,MuseNi00
4028,Nick Muse,0.00,6,Sun,11,12,2024-11-24,25-365,MIN,@,CHI,W 30-27 (OT),0.00,0.00,0.0,0.0,6,8.5,0,0.0,16,51.6,TE,MuseNi00
4029,Nick Muse,0.00,8,Sun,12,13,2024-12-01,26-006,MIN,,ARI,W 23-22,0.00,0.00,0.0,0.0,8,15.1,0,0.0,12,42.9,TE,MuseNi00
4030,Luke Musgrave,0.00,17,Fri,1,1,2024-09-06,24-004,GNB,@,PHI,L 29-34,0.00,0.00,0.0,0.0,17,25.4,0,0.0,0,0.0,TE,MusgLu00
4031,Luke Musgrave,0.00,8,Mon,15,16,2024-12-23,24-112,GNB,,NOR,W 34-0,0.00,0.00,0.0,0.0,8,11.6,0,0.0,0,0.0,TE,MusgLu00
4032,Andrew Ogletree,0.00,28,Sun,6,6,2023-10-15,25-079,IND,@,JAX,L 20-37,0.00,0.00,0.0,0.0,28,35.9,0,0.0,15,48.4,TE,OgleAn00
4033,Andrew Ogletree,0.00,42,Sun,7,7,2023-10-22,25-086,IND,,CLE,L 38-39,0.00,0.00,0.0,0.0,42,60.0,0,0.0,13,32.5,TE,OgleAn00
4034,Andrew Ogletree,0.00,28,Sun,12,13,2023-12-03,25-128,IND,@,TEN,W 31-28 (OT),0.00,0.00,0.0,0.0,28,39.4,0,0.0,10,27.0,TE,OgleAn00
4035,Andrew Ogletree,0.00,17,Sun,13,14,2023-12-10,25-135,IND,@,CIN,L 14-34,0.00,0.00,0.0,0.0,17,26.6,0,0.0,6,22.2,TE,OgleAn00
4036,Andrew Ogletree,0.00,38,Sat,14,15,2023-12-16,25-141,IND,,PIT,W 30-13,0.00,0.00,0.0,0.0,38,56.7,0,0.0,10,38.5,TE,OgleAn00
4037,Andrew Ogletree,0.00,11,Sun,15,16,2023-12-24,25-149,IND,@,ATL,L 10-29,0.00,0.00,0.0,0.0,11,15.5,0,0.0,6,21.4,TE,OgleAn00
4038,Andrew Ogletree,0.00,12,Sun,1,1,2024-09-08,26-042,IND,,HOU,L 27-29,0.00,0.00,0.0,0.0,12,26.7,0,0.0,13,52.0,TE,OgleAn00
4039,Andrew Ogletree,0.00,20,Sun,3,3,2024-09-22,26-056,IND,,CHI,W 21-16,0.00,0.00,0.0,0.0,20,35.7,0,0.0,12,52.2,TE,OgleAn00
4040,Andrew Ogletree,0.00,25,Sun,7,7,2024-10-20,26-084,IND,,MIA,W 16-10,0.00,0.00,0.0,0.0,25,40.3,0,0.0,14,51.9,TE,OgleAn00
4041,Andrew Ogletree,0.00,18,Sun,8,8,2024-10-27,26-091,IND,@,HOU,L 20-23,0.00,0.00,0.0,0.0,18,28.1,0,0.0,17,51.5,TE,OgleAn00
4042,Andrew Ogletree,0.00,32,Sun,9,9,2024-11-03,26-098,IND,@,MIN,L 13-21,0.00,0.00,0.0,0.0,32,59.3,0,0.0,12,54.5,TE,OgleAn00
4043,Andrew Ogletree,0.00,30,Sun,12,12,2024-11-24,26-119,IND,,DET,L 6-24,0.00,0.00,0.0,0.0,30,54.5,0,0.0,11,45.8,TE,OgleAn00
4044,Andrew Ogletree,0.00,30,Sun,14,15,2024-12-15,26-140,IND,@,DEN,L 13-31,0.00,0.00,0.0,0.0,30,39.5,0,0.0,11,36.7,TE,OgleAn00
4045,Andrew Ogletree,0.00,35,Sun,15,16,2024-12-22,26-147,IND,,TEN,W 38-30,0.00,0.00,0.0,0.0,35,56.5,0,0.0,9,30.0,TE,OgleAn00
4046,Andrew Ogletree,0.00,41,Sun,16,17,2024-12-29,26-154,IND,@,NYG,L 33-45,0.00,0.00,0.0,0.0,41,53.2,0,0.0,15,46.9,TE,OgleAn00
4047,Chigoziem Okonkwo,0.00,16,Mon,2,2,2022-09-19,23-011,TEN,@,BUF,L 7-41,0.00,0.00,0.0,0.0,16,28.6,0,0.0,13,48.1,TE,OkonCh00
4048,Chigoziem Okonkwo,0.00,10,Sun,3,3,2022-09-25,23-017,TEN,,LVR,W 24-22,0.00,0.00,0.0,0.0,10,17.2,0,0.0,8,33.3,TE,OkonCh00
4049,Chigoziem Okonkwo,0.00,13,Sun,5,5,2022-10-09,23-031,TEN,@,WAS,W 21-17,0.00,0.00,0.0,0.0,13,20.3,0,0.0,18,64.3,TE,OkonCh00
4050,Chigoziem Okonkwo,0.00,27,Sun,6,7,2022-10-23,23-045,TEN,,IND,W 19-10,0.00,0.00,0.0,0.0,27,45.8,0,0.0,15,62.5,TE,OkonCh00
4051,Chigoziem Okonkwo,0.00,52,Sun,1,1,2023-09-10,24-002,TEN,@,NOR,L 15-16,0.00,0.00,0.0,0.0,52,82.5,0,0.0,3,10.7,TE,OkonCh00
4052,Chigoziem Okonkwo,0.00,3,Sun,17,18,2025-01-05,25-119,TEN,,HOU,L 14-23,0.00,0.00,0.0,0.0,3,4.8,0,0.0,2,8.7,TE,OkonCh00
4053,Albert Okwuegbunam,0.00,6,Sun,9,9,2023-11-05,25-194,PHI,,DAL,W 28-23,0.00,0.00,0.0,0.0,6,9.7,0,0.0,5,20.8,TE,OkwuAl00
4054,Albert Okwuegbunam,0.00,10,Mon,10,11,2023-11-20,25-209,PHI,@,KAN,W 21-17,0.00,0.00,0.0,0.0,10,17.9,0,0.0,0,0.0,TE,OkwuAl00
4055,Albert Okwuegbunam,0.00,9,Sun,11,12,2023-11-26,25-215,PHI,,BUF,W 37-34 (OT),0.00,0.00,0.0,0.0,9,13.6,0,0.0,0,0.0,TE,OkwuAl00
4056,Albert Okwuegbunam,0.00,32,Sun,12,13,2023-12-03,25-222,PHI,,SFO,L 19-42,0.00,0.00,0.0,0.0,32,44.4,0,0.0,0,0.0,TE,OkwuAl00
4057,Albert Okwuegbunam,0.00,38,Sun,2,2,2022-09-18,24-146,DEN,,HOU,W 16-9,0.00,0.00,0.0,0.0,38,52.8,0,0.0,0,0.0,TE,OkwuAl00
4058,Albert Okwuegbunam,0.00,1,Sun,4,4,2022-10-02,24-160,DEN,@,LVR,L 23-32,0.00,0.00,0.0,0.0,1,1.9,0,0.0,0,0.0,TE,OkwuAl00
4059,Albert Okwuegbunam,0.00,2,Sun,13,14,2022-12-11,24-230,DEN,,KAN,L 28-34,0.00,0.00,0.0,0.0,2,2.8,0,0.0,0,0.0,TE,OkwuAl00
4060,Albert Okwuegbunam,0.00,29,Sun,17,18,2023-01-08,24-258,DEN,,LAC,W 31-28,0.00,0.00,0.0,0.0,29,44.6,0,0.0,0,0.0,TE,OkwuAl00
4061,Josh Oliver,0.00,22,Sun,4,4,2023-10-01,26-194,MIN,@,CAR,W 21-13,0.00,0.00,0.0,0.0,22,45.8,0,0.0,6,27.3,TE,OlivJo00
4062,Josh Oliver,0.00,22,Sun,6,6,2023-10-15,26-208,MIN,@,CHI,W 19-13,0.00,0.00,0.0,0.0,22,38.6,0,0.0,9,34.6,TE,OlivJo00
4063,Josh Oliver,0.00,33,Sun,8,8,2023-10-29,26-222,MIN,@,GNB,W 24-10,0.00,0.00,0.0,0.0,33,45.8,0,0.0,8,34.8,TE,OlivJo00
4064,Josh Oliver,0.00,32,Sun,10,10,2023-11-12,26-236,MIN,,NOR,W 27-19,0.00,0.00,0.0,0.0,32,43.8,0,0.0,10,34.5,TE,OlivJo00
4065,Josh Oliver,0.00,21,Mon,12,12,2023-11-27,26-251,MIN,,CHI,L 10-12,0.00,0.00,0.0,0.0,21,38.2,0,0.0,7,35.0,TE,OlivJo00
4066,Josh Oliver,0.00,28,Sun,13,14,2023-12-10,26-264,MIN,@,LVR,W 3-0,0.00,0.00,0.0,0.0,28,38.9,0,0.0,4,18.2,TE,OlivJo00
4067,Josh Oliver,0.00,29,Sun,2,2,2024-09-15,27-178,MIN,,SFO,W 23-17,0.00,0.00,0.0,0.0,29,53.7,0,0.0,9,39.1,TE,OlivJo00
4068,Josh Oliver,0.00,31,Sun,3,3,2024-09-22,27-185,MIN,,HOU,W 34-7,0.00,0.00,0.0,0.0,31,49.2,0,0.0,8,30.8,TE,OlivJo00
4069,Josh Oliver,0.00,45,Sun,5,5,2024-10-06,27-199,MIN,,NYJ,W 23-17,0.00,0.00,0.0,0.0,45,61.6,0,0.0,4,13.8,TE,OlivJo00
4070,Josh Oliver,0.00,36,Mon,14,15,2024-12-16,27-270,MIN,,CHI,W 30-12,0.00,0.00,0.0,0.0,36,46.8,0,0.0,10,37.0,TE,OlivJo00
4071,Josh Oliver,0.00,31,Sun,15,16,2024-12-22,27-276,MIN,@,SEA,W 27-24,0.00,0.00,0.0,0.0,31,47.0,0,0.0,10,30.3,TE,OlivJo00
4072,Josh Oliver,0.00,39,Sun,16,17,2024-12-29,27-283,MIN,,GNB,W 27-25,0.00,0.00,0.0,0.0,39,54.2,0,0.0,13,48.1,TE,OlivJo00
4073,Josh Oliver,0.00,19,Sun,1,1,2022-09-11,25-174,BAL,@,NYJ,W 24-9,0.00,0.00,0.0,0.0,19,33.9,0,0.0,0,0.0,TE,OlivJo00
4074,Josh Oliver,0.00,28,Sun,2,2,2022-09-18,25-181,BAL,,MIA,L 38-42,0.00,0.00,0.0,0.0,28,47.5,0,0.0,6,20.0,TE,OlivJo00
4075,Josh Oliver,0.00,21,Sun,4,4,2022-10-02,25-195,BAL,,BUF,L 20-23,0.00,0.00,0.0,0.0,21,30.0,0,0.0,5,20.0,TE,OlivJo00
4076,Josh Oliver,0.00,23,Sun,5,5,2022-10-09,25-202,BAL,,CIN,W 19-17,0.00,0.00,0.0,0.0,23,35.4,0,0.0,7,30.4,TE,OlivJo00
4077,Josh Oliver,0.00,31,Sun,7,7,2022-10-23,25-216,BAL,,CLE,W 23-20,0.00,0.00,0.0,0.0,31,48.4,0,0.0,0,0.0,TE,OlivJo00
4078,Josh Oliver,0.00,24,Sun,12,13,2022-12-04,25-258,BAL,,DEN,W 10-9,0.00,0.00,0.0,0.0,24,33.3,0,0.0,13,50.0,TE,OlivJo00
4079,Josh Oliver,0.00,42,Sun,13,14,2022-12-11,25-265,BAL,@,PIT,W 16-14,0.00,0.00,0.0,0.0,42,68.9,0,0.0,6,28.6,TE,OlivJo00
4080,Josh Oliver,0.00,30,Sun,16,17,2023-01-01,25-286,BAL,,PIT,L 13-16,0.00,0.00,0.0,0.0,30,57.7,0,0.0,14,60.9,TE,OlivJo00
4081,Josh Oliver,0.00,34,Sun,17,18,2023-01-08,25-293,BAL,@,CIN,L 16-27,0.00,0.00,0.0,0.0,34,43.6,0,0.0,19,63.3,TE,OlivJo00
4082,Cade Otton,0.00,30,Sun,1,1,2022-09-11,23-149,TAM,@,DAL,W 19-3,0.00,0.00,0.0,0.0,30,48.4,0,0.0,12,50.0,TE,OttoCa00
4083,Cade Otton,0.00,36,Sun,11,12,2022-11-27,23-226,TAM,@,CLE,L 17-23 (OT),0.00,0.00,0.0,0.0,36,52.2,0,0.0,9,29.0,TE,OttoCa00
4084,Cade Otton,0.00,61,Sun,12,13,2023-12-03,24-232,TAM,,CAR,W 21-18,0.00,0.00,0.0,0.0,61,98.4,0,0.0,0,0.0,TE,OttoCa00
4085,Cade Otton,0.00,48,Sun,2,2,2024-09-15,25-153,TAM,@,DET,W 20-16,0.00,0.00,-0.4,-0.4,48,100.0,0,0.0,0,0.0,TE,OttoCa00
4086,Donald Parham,0.00,18,Sun,5,5,2022-10-09,25-054,LAC,@,CLE,W 30-28,0.00,0.00,0.0,0.0,18,25.4,0,0.0,0,0.0,TE,ParhDo00
4087,Donald Parham,0.00,15,Sun,4,4,2023-10-01,26-046,LAC,,LVR,W 24-17,0.00,0.00,0.0,0.0,15,23.1,0,0.0,0,0.0,TE,ParhDo00
4088,Donald Parham,0.00,32,Mon,8,9,2023-11-06,26-082,LAC,@,NYJ,W 27-6,0.00,0.00,0.0,0.0,32,55.2,0,0.0,0,0.0,TE,ParhDo00
4089,Donald Parham,0.00,28,Sun,11,12,2023-11-26,26-102,LAC,,BAL,L 10-20,0.00,0.00,0.0,0.0,28,42.4,0,0.0,0,0.0,TE,ParhDo00
4090,Colby Parkinson,0.00,32,Sun,8,9,2024-11-03,25-300,LAR,@,SEA,W 26-20 (OT),0.00,0.00,0.0,0.0,32,41.6,0,0.0,0,0.0,TE,ParkCo02
4091,Colby Parkinson,0.00,11,Mon,9,10,2024-11-11,25-308,LAR,,MIA,L 15-23,0.00,0.00,0.0,0.0,11,15.7,0,0.0,7,25.0,TE,ParkCo02
4092,Colby Parkinson,0.00,17,Sun,15,16,2024-12-22,25-349,LAR,@,NYJ,W 19-9,0.00,0.00,0.0,0.0,17,32.7,0,0.0,4,25.0,TE,ParkCo02
4093,Colby Parkinson,0.00,23,Sat,16,17,2024-12-28,25-355,LAR,,ARI,W 13-9,0.00,0.00,0.0,0.0,23,40.4,0,0.0,9,40.9,TE,ParkCo02
4094,Colby Parkinson,0.00,14,Sun,2,2,2022-09-18,23-253,SEA,@,SFO,L 7-27,0.00,0.00,0.0,0.0,14,28.6,0,0.0,8,34.8,TE,ParkCo02
4095,Colby Parkinson,0.00,15,Sun,5,5,2022-10-09,23-274,SEA,@,NOR,L 32-39,0.00,0.00,0.0,0.0,15,28.8,0,0.0,15,44.1,TE,ParkCo02
4096,Colby Parkinson,0.00,16,Sun,11,12,2022-11-27,23-323,SEA,,LVR,L 34-40 (OT),0.00,0.00,0.0,0.0,16,24.6,0,0.0,16,47.1,TE,ParkCo02
4097,Colby Parkinson,0.00,25,Thu,14,15,2022-12-15,23-341,SEA,,SFO,L 13-21,0.00,0.00,0.0,0.0,25,39.1,0,0.0,9,32.1,TE,ParkCo02
4098,Colby Parkinson,0.00,32,Mon,4,4,2023-10-02,24-267,SEA,@,NYG,W 24-3,0.00,0.00,0.0,0.0,32,58.2,0,0.0,7,30.4,TE,ParkCo02
4099,Colby Parkinson,0.00,20,Sun,7,8,2023-10-29,24-294,SEA,,CLE,W 24-20,0.00,0.00,0.0,0.0,20,34.5,0,0.0,10,38.5,TE,ParkCo02
4100,Colby Parkinson,0.00,23,Sun,10,11,2023-11-19,24-315,SEA,@,LAR,L 16-17,0.00,0.00,0.0,0.0,23,35.4,0,0.0,4,15.4,TE,ParkCo02
4101,Colby Parkinson,0.00,29,Thu,12,13,2023-11-30,24-326,SEA,@,DAL,L 35-41,0.00,0.00,0.0,0.0,29,42.0,0,0.0,8,28.6,TE,ParkCo02
4102,Josh Pederson,0.00,7,Sun,13,14,2023-12-10,26-092,JAX,@,CLE,L 27-31,0.00,0.00,0.0,0.0,7,9.2,0,0.0,6,17.6,TE,PedeJo00
4103,Josh Pederson,0.00,1,Sun,14,15,2023-12-17,26-099,JAX,,BAL,L 7-23,0.00,0.00,0.0,0.0,1,1.6,0,0.0,0,0.0,TE,PedeJo00
4104,Jared Pinkney,0.00,1,Sun,16,17,2023-01-01,25-133,LAR,@,LAC,L 10-31,0.00,0.00,0.0,0.0,1,2.0,0,0.0,9,36.0,TE,PinkJa02
4105,Jared Pinkney,0.00,2,Sun,17,18,2023-01-08,25-140,LAR,@,SEA,L 16-19 (OT),0.00,0.00,0.0,0.0,2,3.3,0,0.0,1,3.0,TE,PinkJa02
4106,Kyle Pitts,0.00,38,Sun,4,4,2024-09-29,23-359,ATL,,NOR,W 26-24,0.00,0.00,0.0,0.0,38,67.9,0,0.0,0,0.0,TE,PittKy00
4107,Kyle Pitts,0.00,33,Sun,12,13,2024-12-01,24-056,ATL,,LAC,L 13-17,0.00,0.00,0.0,0.0,33,40.7,0,0.0,0,0.0,TE,PittKy00
4108,MyCole Pruitt,0.00,12,Sun,5,5,2022-10-09,30-199,ATL,@,TAM,L 15-21,0.00,0.00,0.0,0.0,12,18.2,0,0.0,0,0.0,TE,PruiMy00
4109,MyCole Pruitt,0.00,12,Sun,7,7,2022-10-23,30-213,ATL,@,CIN,L 17-35,0.00,0.00,0.0,0.0,12,25.5,0,0.0,0,0.0,TE,PruiMy00
4110,MyCole Pruitt,0.00,13,Sun,8,8,2022-10-30,30-220,ATL,,CAR,W 37-34 (OT),0.00,0.00,0.0,0.0,13,19.4,0,0.0,0,0.0,TE,PruiMy00
4111,MyCole Pruitt,0.00,36,Sat,15,16,2022-12-24,30-275,ATL,@,BAL,L 9-17,0.00,0.00,0.0,0.0,36,50.7,0,0.0,8,38.1,TE,PruiMy00
4112,MyCole Pruitt,0.00,25,Sun,1,1,2023-09-10,31-170,ATL,,CAR,W 24-10,0.00,0.00,0.0,0.0,25,48.1,0,0.0,7,26.9,TE,PruiMy00
4113,MyCole Pruitt,0.00,38,Sun,2,2,2023-09-17,31-177,ATL,,GNB,W 25-24,0.00,0.00,0.0,0.0,38,46.3,0,0.0,11,40.7,TE,PruiMy00
4114,MyCole Pruitt,0.00,19,Sun,4,4,2023-10-01,31-191,ATL,@,JAX,L 7-23,0.00,0.00,0.0,0.0,19,32.8,0,0.0,7,31.8,TE,PruiMy00
4115,MyCole Pruitt,0.00,25,Sun,7,7,2023-10-22,31-212,ATL,@,TAM,W 16-13,0.00,0.00,0.0,0.0,25,38.5,0,0.0,1,4.8,TE,PruiMy00
4116,MyCole Pruitt,0.00,29,Sun,9,9,2023-11-05,31-226,ATL,,MIN,L 28-31,0.00,0.00,0.0,0.0,29,42.0,0,0.0,12,36.4,TE,PruiMy00
4117,MyCole Pruitt,0.00,30,Sun,10,10,2023-11-12,31-233,ATL,@,ARI,L 23-25,0.00,0.00,0.0,0.0,30,42.3,0,0.0,6,23.1,TE,PruiMy00
4118,MyCole Pruitt,0.00,16,Sun,11,12,2023-11-26,31-247,ATL,,NOR,W 24-15,0.00,0.00,0.0,0.0,16,25.8,0,0.0,6,25.0,TE,PruiMy00
4119,MyCole Pruitt,0.00,23,Sun,14,15,2023-12-17,31-268,ATL,@,CAR,L 7-9,0.00,0.00,0.0,0.0,23,44.2,0,0.0,4,21.1,TE,PruiMy00
4120,MyCole Pruitt,0.00,24,Sun,15,16,2023-12-24,31-275,ATL,,IND,W 29-10,0.00,0.00,0.0,0.0,24,37.5,0,0.0,11,39.3,TE,PruiMy00
4121,MyCole Pruitt,0.00,28,Sun,2,2,2024-09-15,32-175,PIT,@,DEN,W 13-6,0.00,0.00,0.0,0.0,28,42.4,0,0.0,8,32.0,TE,PruiMy00
4122,MyCole Pruitt,0.00,30,Sun,7,7,2024-10-20,32-210,PIT,,NYJ,W 37-15,0.00,0.00,0.0,0.0,30,44.1,0,0.0,0,0.0,TE,PruiMy00
4123,MyCole Pruitt,0.00,34,Sun,9,10,2024-11-10,32-231,PIT,@,WAS,W 28-27,0.00,0.00,0.0,0.0,34,43.6,0,0.0,0,0.0,TE,PruiMy00
4124,MyCole Pruitt,0.00,32,Thu,11,12,2024-11-21,32-242,PIT,@,CLE,L 19-24,0.00,0.00,0.0,0.0,32,46.4,0,0.0,0,0.0,TE,PruiMy00
4125,MyCole Pruitt,0.00,20,Sun,13,14,2024-12-08,32-259,PIT,,CLE,W 27-14,0.00,1.00,0.9,0.4,20,30.8,0,0.0,0,0.0,TE,PruiMy00
4126,MyCole Pruitt,0.00,12,Sun,14,15,2024-12-15,32-266,PIT,@,PHI,L 13-27,0.00,0.00,0.0,0.0,12,27.9,0,0.0,0,0.0,TE,PruiMy00
4127,MyCole Pruitt,0.00,10,Wed,16,17,2024-12-25,32-276,PIT,,KAN,L 10-29,0.00,0.00,0.0,0.0,10,13.3,0,0.0,0,0.0,TE,PruiMy00
4128,MyCole Pruitt,0.00,11,Sat,17,18,2025-01-04,32-286,PIT,,CIN,L 17-19,0.00,0.00,0.0,0.0,11,18.0,0,0.0,0,0.0,TE,PruiMy00
4129,Teagan Quitoriano,0.00,27,Sun,9,10,2022-11-13,22-243,HOU,@,NYG,L 16-24,0.00,0.00,0.0,0.0,27,42.2,0,0.0,0,0.0,TE,QuitTe00
4130,Teagan Quitoriano,0.00,37,Sun,10,11,2022-11-20,22-250,HOU,,WAS,L 10-23,0.00,0.00,0.0,0.0,37,66.1,0,0.0,0,0.0,TE,QuitTe00
4131,Teagan Quitoriano,0.00,46,Sun,12,13,2022-12-04,22-264,HOU,,CLE,L 14-27,0.00,0.00,0.0,0.0,46,70.8,0,0.0,6,19.4,TE,QuitTe00
4132,Teagan Quitoriano,0.00,47,Sun,13,14,2022-12-11,22-271,HOU,@,DAL,L 23-27,0.00,0.00,0.0,0.0,47,71.2,0,0.0,3,10.7,TE,QuitTe00
4133,Teagan Quitoriano,0.00,18,Sat,15,16,2022-12-24,22-284,HOU,@,TEN,W 19-14,0.00,0.00,0.0,0.0,18,26.9,0,0.0,0,0.0,TE,QuitTe00
4134,Teagan Quitoriano,0.00,22,Sun,2,2,2023-09-17,23-186,HOU,,IND,L 20-31,0.00,0.00,0.0,0.0,22,26.2,0,0.0,5,17.2,TE,QuitTe00
4135,Teagan Quitoriano,0.00,19,Sun,3,3,2023-09-24,23-193,HOU,@,JAX,W 37-17,0.00,0.00,0.0,0.0,19,33.9,0,0.0,7,24.1,TE,QuitTe00
4136,Teagan Quitoriano,0.00,30,Sun,4,4,2023-10-01,23-200,HOU,,PIT,W 30-6,0.00,0.00,0.0,0.0,30,42.3,0,0.0,9,36.0,TE,QuitTe00
4137,Teagan Quitoriano,0.00,22,Sun,6,6,2023-10-15,23-214,HOU,,NOR,W 20-13,0.00,0.00,0.0,0.0,22,34.9,0,0.0,11,42.3,TE,QuitTe00
4138,Teagan Quitoriano,0.00,20,Sun,7,8,2023-10-29,23-228,HOU,@,CAR,L 13-15,0.00,0.00,0.0,0.0,20,34.5,0,0.0,5,20.8,TE,QuitTe00
4139,Teagan Quitoriano,0.00,9,Sun,6,6,2024-10-13,24-212,HOU,@,NWE,W 41-21,0.00,0.00,0.0,0.0,9,13.6,0,0.0,4,12.1,TE,QuitTe00
4140,Teagan Quitoriano,0.00,13,Sun,7,7,2024-10-20,24-219,HOU,@,GNB,L 22-24,0.00,0.00,0.0,0.0,13,20.3,0,0.0,10,34.5,TE,QuitTe00
4141,Teagan Quitoriano,0.00,24,Sun,8,8,2024-10-27,24-226,HOU,,IND,W 23-20,0.00,0.00,0.0,0.0,24,33.8,0,0.0,5,15.2,TE,QuitTe00
4142,Teagan Quitoriano,0.00,14,Thu,9,9,2024-10-31,24-230,HOU,@,NYJ,L 13-21,0.00,0.00,0.0,0.0,14,17.7,0,0.0,4,15.4,TE,QuitTe00
4143,Teagan Quitoriano,0.00,17,Sun,10,10,2024-11-10,24-240,HOU,,DET,L 23-26,0.00,0.00,0.0,0.0,17,25.0,0,0.0,9,30.0,TE,QuitTe00
4144,Teagan Quitoriano,0.00,19,Mon,11,11,2024-11-18,24-248,HOU,@,DAL,W 34-10,0.00,0.00,0.0,0.0,19,29.7,0,0.0,6,22.2,TE,QuitTe00
4145,Teagan Quitoriano,0.00,6,Sun,12,12,2024-11-24,24-254,HOU,,TEN,L 27-32,0.00,0.00,0.0,0.0,6,10.7,0,0.0,11,31.4,TE,QuitTe00
4146,Kevin Rader,0.00,15,Sun,3,3,2022-09-25,27-152,TEN,,LVR,W 24-22,0.00,0.00,0.0,0.0,15,25.9,0,0.0,8,33.3,TE,RadeKe00
4147,Kevin Rader,0.00,7,Sun,4,4,2022-10-02,27-159,TEN,@,IND,W 24-17,0.00,0.00,0.0,0.0,7,13.0,0,0.0,13,56.5,TE,RadeKe00
4148,Kevin Rader,0.00,5,Sun,5,5,2022-10-09,27-166,TEN,@,WAS,W 21-17,0.00,0.00,0.0,0.0,5,7.8,0,0.0,14,50.0,TE,RadeKe00
4149,Kevin Rader,0.00,14,Sun,6,7,2022-10-23,27-180,TEN,,IND,W 19-10,0.00,0.00,0.0,0.0,14,23.7,0,0.0,15,62.5,TE,RadeKe00
4150,Kevin Rader,0.00,11,Sun,7,8,2022-10-30,27-187,TEN,@,HOU,W 17-10,0.00,0.00,0.0,0.0,11,19.0,0,0.0,11,40.7,TE,RadeKe00
4151,Kevin Rader,0.00,12,Sun,8,9,2022-11-06,27-194,TEN,@,KAN,L 17-20 (OT),0.00,0.00,0.0,0.0,12,23.5,0,0.0,23,74.2,TE,RadeKe00
4152,Kevin Rader,0.00,13,Sun,9,10,2022-11-13,27-201,TEN,,DEN,W 17-10,0.00,0.00,0.0,0.0,13,21.0,0,0.0,16,55.2,TE,RadeKe00
4153,Kevin Rader,0.00,5,Sun,11,12,2022-11-27,27-215,TEN,,CIN,L 16-20,0.00,0.00,0.0,0.0,5,8.8,0,0.0,15,50.0,TE,RadeKe00
4154,Kevin Rader,0.00,10,Sun,12,13,2022-12-04,27-222,TEN,@,PHI,L 10-35,0.00,0.00,0.0,0.0,10,18.2,0,0.0,18,62.1,TE,RadeKe00
4155,Kevin Rader,0.00,2,Sun,13,14,2022-12-11,27-229,TEN,,JAX,L 22-36,0.00,0.00,0.0,0.0,2,3.0,0,0.0,15,57.7,TE,RadeKe00
4156,Kevin Rader,0.00,8,Sun,14,15,2022-12-18,27-236,TEN,@,LAC,L 14-17,0.00,0.00,0.0,0.0,8,12.9,0,0.0,11,40.7,TE,RadeKe00
4157,Kevin Rader,0.00,4,Sat,15,16,2022-12-24,27-242,TEN,,HOU,L 14-19,0.00,0.00,0.0,0.0,4,6.6,0,0.0,11,45.8,TE,RadeKe00
4158,Kevin Rader,0.00,13,Thu,16,17,2022-12-29,27-247,TEN,,DAL,L 13-27,0.00,0.00,0.0,0.0,13,20.0,0,0.0,15,60.0,TE,RadeKe00
4159,Kevin Rader,0.00,3,Sat,17,18,2023-01-07,27-256,TEN,@,JAX,L 16-20,0.00,0.00,0.0,0.0,3,4.0,0,0.0,9,37.5,TE,RadeKe00
4160,Kevin Rader,0.00,9,Sun,4,4,2023-10-01,28-158,TEN,,CIN,W 27-3,0.00,0.00,0.0,0.0,9,13.6,0,0.0,13,61.9,TE,RadeKe00
4161,Kevin Rader,0.00,5,Sun,5,5,2023-10-08,28-165,TEN,@,IND,L 16-23,0.00,0.00,0.0,0.0,5,8.3,0,0.0,13,59.1,TE,RadeKe00
4162,Kevin Rader,0.00,13,Sun,6,6,2023-10-15,28-172,TEN,,BAL,L 16-24,0.00,0.00,0.0,0.0,13,23.6,0,0.0,19,61.3,TE,RadeKe00
4163,Kevin Rader,0.00,16,Sun,7,8,2023-10-29,28-186,TEN,,ATL,W 28-23,0.00,0.00,0.0,0.0,16,23.5,0,0.0,24,68.6,TE,RadeKe00
4164,Kevin Rader,0.00,6,Thu,8,9,2023-11-02,28-190,TEN,@,PIT,L 16-20,0.00,0.00,0.0,0.0,6,8.1,0,0.0,17,70.8,TE,RadeKe00
4165,Kevin Rader,0.00,4,Sun,9,10,2023-11-12,28-200,TEN,@,TAM,L 6-20,0.00,0.00,0.0,0.0,4,6.3,0,0.0,18,78.3,TE,RadeKe00
4166,Kevin Rader,0.00,3,Sun,10,11,2023-11-19,28-207,TEN,@,JAX,L 14-34,0.00,0.00,0.0,0.0,3,7.5,0,0.0,11,44.0,TE,RadeKe00
4167,Kevin Rader,0.00,5,Sun,11,12,2023-11-26,28-214,TEN,,CAR,W 17-10,0.00,0.00,0.0,0.0,5,9.4,0,0.0,16,66.7,TE,RadeKe00
4168,Kevin Rader,0.00,9,Sun,12,13,2023-12-03,28-221,TEN,,IND,L 28-31 (OT),0.00,0.00,0.0,0.0,9,10.6,0,0.0,20,54.1,TE,RadeKe00
4169,Kevin Rader,0.00,10,Mon,13,14,2023-12-11,28-229,TEN,@,MIA,W 28-27,0.00,0.00,0.0,0.0,10,14.1,0,0.0,24,77.4,TE,RadeKe00
4170,Kevin Rader,0.00,10,Sun,14,15,2023-12-17,28-235,TEN,,HOU,L 16-19 (OT),0.00,0.00,0.0,0.0,10,15.9,0,0.0,20,64.5,TE,RadeKe00
4171,Kevin Rader,0.00,27,Sun,15,16,2023-12-24,28-242,TEN,,SEA,L 17-20,0.00,0.00,0.0,0.0,27,40.9,0,0.0,11,50.0,TE,RadeKe00
4172,Kevin Rader,0.00,17,Sun,17,18,2024-01-07,28-256,TEN,,JAX,W 28-20,0.00,0.00,0.0,0.0,17,30.9,0,0.0,8,36.4,TE,RadeKe00
4173,Tip Reiman,0.00,20,Sun,1,1,2024-09-08,22-357,ARI,@,BUF,L 28-34,0.00,0.00,0.0,0.0,20,32.8,0,0.0,11,40.7,TE,ReimTi00
4174,Tip Reiman,0.00,38,Sun,2,2,2024-09-15,22-364,ARI,,LAR,W 41-10,0.00,0.00,0.0,0.0,38,57.6,0,0.0,10,40.0,TE,ReimTi00
4175,Tip Reiman,0.00,20,Sun,3,3,2024-09-22,23-005,ARI,,DET,L 13-20,0.00,0.00,0.0,0.0,20,33.9,0,0.0,12,52.2,TE,ReimTi00
4176,Tip Reiman,0.00,25,Sun,4,4,2024-09-29,23-012,ARI,,WAS,L 14-42,0.00,0.00,0.0,0.0,25,42.4,0,0.0,9,39.1,TE,ReimTi00
4177,Tip Reiman,0.00,12,Sun,6,6,2024-10-13,23-026,ARI,@,GNB,L 13-34,0.00,0.00,0.0,0.0,12,20.7,0,0.0,10,37.0,TE,ReimTi00
4178,Tip Reiman,0.00,29,Sun,8,8,2024-10-27,23-040,ARI,@,MIA,W 28-27,0.00,0.00,0.0,0.0,29,43.9,0,0.0,11,42.3,TE,ReimTi00
4179,Tip Reiman,0.00,29,Sun,9,9,2024-11-03,23-047,ARI,,CHI,W 29-9,0.00,0.00,0.0,0.0,29,50.0,0,0.0,11,39.3,TE,ReimTi00
4180,Tip Reiman,0.00,35,Sun,10,10,2024-11-10,23-054,ARI,,NYJ,W 31-6,0.00,0.00,0.0,0.0,35,59.3,0,0.0,8,44.4,TE,ReimTi00
4181,Tip Reiman,0.00,20,Sun,11,12,2024-11-24,23-068,ARI,@,SEA,L 6-16,0.00,0.00,0.0,0.0,20,34.5,0,0.0,7,29.2,TE,ReimTi00
4182,Tip Reiman,0.00,26,Sun,15,16,2024-12-22,23-096,ARI,@,CAR,L 30-36 (OT),0.00,0.00,0.0,0.0,26,37.1,0,0.0,14,42.4,TE,ReimTi00
4183,Tip Reiman,0.00,24,Sat,16,17,2024-12-28,23-102,ARI,@,LAR,L 9-13,0.00,0.00,0.0,0.0,24,30.4,0,0.0,11,50.0,TE,ReimTi00
4184,Tip Reiman,0.00,29,Sun,17,18,2025-01-05,23-110,ARI,,SFO,W 47-24,0.00,0.00,0.0,0.0,29,44.6,0,0.0,18,54.5,TE,ReimTi00
4185,Giovanni Ricci,0.00,12,Sun,1,1,2022-09-11,25-330,CAR,,CLE,L 24-26,0.00,0.00,0.0,0.0,12,22.6,0,0.0,21,65.6,TE,RiccGi00
4186,Giovanni Ricci,0.00,24,Sun,4,4,2022-10-02,25-351,CAR,,ARI,L 16-26,0.00,0.00,0.0,0.0,24,46.2,0,0.0,17,73.9,TE,RiccGi00
4187,Giovanni Ricci,0.00,6,Sun,6,6,2022-10-16,26-000,CAR,@,LAR,L 10-24,0.00,0.00,0.0,0.0,6,13.6,0,0.0,20,76.9,TE,RiccGi00
4188,Giovanni Ricci,0.00,10,Sun,7,7,2022-10-23,26-007,CAR,,TAM,W 21-3,0.00,0.00,0.0,0.0,10,20.0,0,0.0,20,83.3,TE,RiccGi00
4189,Giovanni Ricci,0.00,7,Sun,8,8,2022-10-30,26-014,CAR,@,ATL,L 34-37 (OT),0.00,0.00,0.0,0.0,7,8.8,0,0.0,22,62.9,TE,RiccGi00
4190,Giovanni Ricci,0.00,1,Sun,13,14,2022-12-11,26-056,CAR,@,SEA,W 30-24,0.00,0.00,0.0,0.0,1,1.4,0,0.0,6,21.4,TE,RiccGi00
4191,Giovanni Ricci,0.00,2,Sun,14,15,2022-12-18,26-063,CAR,,PIT,L 16-24,0.00,0.00,0.0,0.0,2,4.3,0,0.0,10,40.0,TE,RiccGi00
4192,Giovanni Ricci,0.00,4,Sat,15,16,2022-12-24,26-069,CAR,,DET,W 37-23,0.00,0.00,0.0,0.0,4,5.9,0,0.0,16,55.2,TE,RiccGi00
4193,Giovanni Ricci,0.00,3,Sun,17,18,2023-01-08,26-084,CAR,@,NOR,W 10-7,0.00,0.00,0.0,0.0,3,5.1,0,0.0,15,75.0,TE,RiccGi00
4194,Giovanni Ricci,0.00,1,Mon,2,2,2023-09-18,26-337,CAR,,NOR,L 17-20,0.00,0.00,0.0,0.0,1,1.7,0,0.0,18,66.7,TE,RiccGi00
4195,Giovanni Ricci,0.00,3,Sun,4,4,2023-10-01,26-350,CAR,,MIN,L 13-21,0.00,0.00,0.0,0.0,3,4.2,0,0.0,15,68.2,TE,RiccGi00
4196,Richard Rodgers,0.00,2,Sun,1,1,2022-09-11,30-232,LAC,,LVR,W 24-19,0.00,0.00,0.0,0.0,2,3.0,0,0.0,0,0.0,TE,RodgRi00
4197,Richard Rodgers,0.00,7,Thu,2,2,2022-09-15,30-236,LAC,@,KAN,L 24-27,0.00,0.00,0.0,0.0,7,9.3,0,0.0,0,0.0,TE,RodgRi00
4198,Richard Rodgers,0.00,3,Sun,3,3,2022-09-25,30-246,LAC,,JAX,L 10-38,0.00,0.00,0.0,0.0,3,4.9,0,0.0,2,8.3,TE,RodgRi00
4199,Richard Rodgers,0.00,10,Sun,4,4,2022-10-02,30-253,LAC,@,HOU,W 34-24,0.00,0.00,0.0,0.0,10,14.3,0,0.0,6,20.7,TE,RodgRi00
4200,Richard Rodgers,0.00,12,Sun,7,7,2022-10-23,30-274,LAC,,SEA,L 23-37,0.00,0.00,0.0,0.0,12,16.9,0,0.0,3,10.3,TE,RodgRi00
4201,Richard Rodgers,0.00,15,Sun,8,9,2022-11-06,30-288,LAC,@,ATL,W 20-17,0.00,0.00,0.0,0.0,15,21.7,0,0.0,4,16.7,TE,RodgRi00
4202,Richard Rodgers,0.00,21,Sun,10,11,2022-11-20,30-302,LAC,,KAN,L 27-30,0.00,0.00,0.0,0.0,21,32.3,0,0.0,11,37.9,TE,RodgRi00
4203,Richard Rodgers,0.00,7,Sun,11,12,2022-11-27,30-309,LAC,@,ARI,W 25-24,0.00,0.00,0.0,0.0,7,10.6,0,0.0,7,25.9,TE,RodgRi00
4204,Richard Rodgers,0.00,6,Sun,12,13,2022-12-04,30-316,LAC,@,LVR,L 20-27,0.00,0.00,0.0,0.0,6,8.0,0,0.0,7,23.3,TE,RodgRi00
4205,Armani Rogers,0.00,1,Sun,2,2,2022-09-18,24-288,WAS,@,DET,L 27-36,0.00,0.00,0.0,0.0,1,1.4,0,0.0,21,65.6,TE,RogeAr00
4206,Armani Rogers,0.00,14,Sun,3,3,2022-09-25,24-295,WAS,,PHI,L 8-24,0.00,0.00,0.0,0.0,14,18.2,0,0.0,20,76.9,TE,RogeAr00
4207,Armani Rogers,0.00,11,Sun,4,4,2022-10-02,24-302,WAS,@,DAL,L 10-25,0.00,0.00,0.0,0.0,11,14.9,0,0.0,24,80.0,TE,RogeAr00
4208,Armani Rogers,0.00,5,Sun,5,5,2022-10-09,24-309,WAS,,TEN,L 17-21,0.00,0.00,0.0,0.0,5,7.9,0,0.0,25,89.3,TE,RogeAr00
4209,Armani Rogers,0.00,18,Thu,6,6,2022-10-13,24-313,WAS,@,CHI,W 12-7,0.00,0.00,0.0,0.0,18,31.6,0,0.0,15,75.0,TE,RogeAr00
4210,Armani Rogers,0.00,21,Mon,10,10,2022-11-14,24-345,WAS,@,PHI,W 32-21,0.00,0.00,0.0,0.0,21,25.3,0,0.0,17,65.4,TE,RogeAr00
4211,Jeremy Ruckert,0.00,18,Sun,2,2,2022-09-18,22-038,NYJ,@,CLE,W 31-30,0.00,0.00,0.0,0.0,18,25.7,0,0.0,11,36.7,TE,RuckJe00
4212,Jeremy Ruckert,0.00,1,Sun,4,4,2022-10-02,22-052,NYJ,@,PIT,W 24-20,0.00,0.00,0.0,0.0,1,1.4,0,0.0,9,34.6,TE,RuckJe00
4213,Jeremy Ruckert,0.00,6,Sun,5,5,2022-10-09,22-059,NYJ,,MIA,W 40-17,0.00,0.00,0.0,0.0,6,10.2,0,0.0,9,31.0,TE,RuckJe00
4214,Jeremy Ruckert,0.00,2,Sun,11,12,2022-11-27,22-108,NYJ,,CHI,W 31-10,0.00,0.00,0.0,0.0,2,3.2,0,0.0,12,48.0,TE,RuckJe00
4215,Jeremy Ruckert,0.00,18,Mon,1,1,2023-09-11,23-031,NYJ,,BUF,W 22-16 (OT),0.00,0.00,0.0,0.0,18,33.3,0,0.0,13,50.0,TE,RuckJe00
4216,Jeremy Ruckert,0.00,5,Sun,2,2,2023-09-17,23-037,NYJ,@,DAL,L 10-30,0.00,0.00,0.0,0.0,5,10.6,0,0.0,16,57.1,TE,RuckJe00
4217,Jeremy Ruckert,0.00,1,Sun,3,3,2023-09-24,23-044,NYJ,,NWE,L 10-15,0.00,0.00,0.0,0.0,1,1.6,0,0.0,14,45.2,TE,RuckJe00
4218,Jeremy Ruckert,0.00,27,Sun,7,8,2023-10-29,23-079,NYJ,@,NYG,W 13-10 (OT),0.00,0.00,0.0,0.0,27,42.2,0,0.0,17,45.9,TE,RuckJe00
4219,Jeremy Ruckert,0.00,15,Sun,9,10,2023-11-12,23-093,NYJ,@,LVR,L 12-16,0.00,0.00,0.0,0.0,15,22.7,0,0.0,13,48.1,TE,RuckJe00
4220,Jeremy Ruckert,0.00,21,Sun,15,16,2023-12-24,23-135,NYJ,,WAS,W 30-28,0.00,0.00,0.0,0.0,21,23.3,0,0.0,7,19.4,TE,RuckJe00
4221,Jeremy Ruckert,0.00,17,Mon,1,1,2024-09-09,24-029,NYJ,@,SFO,L 19-32,0.00,0.00,0.0,0.0,17,33.3,0,0.0,13,50.0,TE,RuckJe00
4222,Jeremy Ruckert,0.00,21,Sun,2,2,2024-09-15,24-035,NYJ,@,TEN,W 24-17,0.00,0.00,0.0,0.0,21,36.8,0,0.0,13,50.0,TE,RuckJe00
4223,Jeremy Ruckert,0.00,24,Sun,5,5,2024-10-06,24-056,NYJ,@,MIN,L 17-23,0.00,0.00,0.0,0.0,24,33.3,0,0.0,16,55.2,TE,RuckJe00
4224,Jeremy Ruckert,0.00,17,Sun,7,7,2024-10-20,24-070,NYJ,@,PIT,L 15-37,0.00,0.00,0.0,0.0,17,29.8,0,0.0,15,51.7,TE,RuckJe00
4225,Jeremy Ruckert,0.00,20,Sun,13,14,2024-12-08,24-119,NYJ,@,MIA,L 26-32 (OT),0.00,0.00,0.0,0.0,20,29.4,0,0.0,16,51.6,TE,RuckJe00
4226,Jeremy Ruckert,0.00,21,Sun,16,17,2024-12-29,24-140,NYJ,@,BUF,L 14-40,0.00,0.00,0.0,0.0,21,33.3,0,0.0,5,22.7,TE,RuckJe00
4227,Kyle Rudolph,0.00,9,Sun,5,5,2022-10-09,32-334,TAM,,ATL,W 21-15,0.00,0.00,0.0,0.0,9,11.4,0,0.0,0,0.0,TE,RudoKy00
4228,Kyle Rudolph,0.00,6,Thu,8,8,2022-10-27,32-352,TAM,,BAL,L 22-27,0.00,0.00,0.0,0.0,6,8.8,0,0.0,0,0.0,TE,RudoKy00
4229,Kyle Rudolph,0.00,5,Sun,9,9,2022-11-06,32-362,TAM,,LAR,W 16-13,0.00,0.00,0.0,0.0,5,6.0,0,0.0,0,0.0,TE,RudoKy00
4230,Kyle Rudolph,0.00,9,Mon,12,13,2022-12-05,33-026,TAM,,NOR,W 17-16,0.00,0.00,0.0,0.0,9,11.3,0,0.0,0,0.0,TE,RudoKy00
4231,Kyle Rudolph,0.00,11,Sun,15,16,2022-12-25,33-046,TAM,@,ARI,W 19-16 (OT),0.00,0.00,0.0,0.0,11,13.6,0,0.0,0,0.0,TE,RudoKy00
4232,Kyle Rudolph,0.00,11,Sun,16,17,2023-01-01,33-053,TAM,,CAR,W 30-24,0.00,0.00,0.0,0.0,11,14.1,0,0.0,1,3.2,TE,RudoKy00
4233,Brady Russell,0.00,5,Sun,3,3,2023-09-24,25-024,SEA,,CAR,W 37-27,0.00,0.00,0.0,0.0,5,6.7,0,0.0,21,60.0,TE,RussBr00
4234,Brady Russell,0.00,2,Sun,6,7,2023-10-22,25-052,SEA,,ARI,W 20-10,0.00,0.00,0.0,0.0,2,3.3,0,0.0,17,70.8,TE,RussBr00
4235,Brady Russell,0.00,1,Sun,7,8,2023-10-29,25-059,SEA,,CLE,W 24-20,0.00,0.00,0.0,0.0,1,1.7,0,0.0,18,69.2,TE,RussBr00
4236,Brady Russell,0.00,2,Sun,10,11,2023-11-19,25-080,SEA,@,LAR,L 16-17,0.00,0.00,0.0,0.0,2,3.1,0,0.0,23,88.5,TE,RussBr00
4237,Brady Russell,0.00,1,Mon,14,15,2023-12-18,25-109,SEA,,PHI,W 20-17,0.00,0.00,0.0,0.0,1,1.6,0,0.0,24,88.9,TE,RussBr00
4238,Brady Russell,0.00,5,Sun,17,18,2024-01-07,25-129,SEA,@,ARI,W 21-20,0.00,0.00,0.0,0.0,5,9.1,0,0.0,20,76.9,TE,RussBr00
4239,Brady Russell,0.00,4,Sun,1,1,2024-09-08,26-008,SEA,,DEN,W 26-20,0.00,0.00,0.0,0.0,4,6.0,0,0.0,30,88.2,TE,RussBr00
4240,Brady Russell,0.00,6,Sun,2,2,2024-09-15,26-015,SEA,@,NWE,W 23-20 (OT),0.00,0.00,0.0,0.0,6,8.6,0,0.0,20,64.5,TE,RussBr00
4241,Brady Russell,0.00,3,Sun,3,3,2024-09-22,26-022,SEA,,MIA,W 24-3,0.00,0.00,0.0,0.0,3,4.7,0,0.0,20,74.1,TE,RussBr00
4242,Brady Russell,0.00,3,Mon,4,4,2024-09-30,26-030,SEA,@,DET,L 29-42,0.00,0.00,0.0,0.0,3,3.3,0,0.0,19,65.5,TE,RussBr00
4243,Brady Russell,0.00,2,Sun,5,5,2024-10-06,26-036,SEA,,NYG,L 20-29,0.00,0.00,0.0,0.0,2,3.4,0,0.0,20,66.7,TE,RussBr00
4244,Brady Russell,0.00,1,Thu,6,6,2024-10-10,26-040,SEA,,SFO,L 24-36,0.00,0.00,0.0,0.0,1,1.3,0,0.0,20,66.7,TE,RussBr00
4245,Brady Russell,0.00,4,Sun,8,8,2024-10-27,26-057,SEA,,BUF,L 10-31,0.00,0.00,0.0,0.0,4,7.8,0,0.0,18,78.3,TE,RussBr00
4246,Brady Russell,0.00,9,Sun,9,9,2024-11-03,26-064,SEA,,LAR,L 20-26 (OT),0.00,0.00,0.0,0.0,9,11.3,0,0.0,28,87.5,TE,RussBr00
4247,Brady Russell,0.00,1,Sun,13,14,2024-12-08,26-099,SEA,@,ARI,W 30-18,0.00,0.00,0.0,0.0,1,1.6,0,0.0,20,69.0,TE,RussBr00
4248,Drew Sample,0.00,10,Sun,2,2,2022-09-18,26-155,CIN,@,DAL,L 17-20,0.00,1.00,0.6,0.1,10,14.3,0,0.0,3,11.5,TE,SampDr00
4249,Drew Sample,0.00,18,Sun,1,1,2023-09-10,27-147,CIN,@,CLE,L 3-24,0.00,0.00,0.0,0.0,18,32.1,0,0.0,8,25.8,TE,SampDr00
4250,Drew Sample,0.00,14,Sun,2,2,2023-09-17,27-154,CIN,,BAL,L 24-27,0.00,0.00,0.0,0.0,14,23.3,0,0.0,12,48.0,TE,SampDr00
4251,Drew Sample,0.00,17,Sun,4,4,2023-10-01,27-168,CIN,@,TEN,L 3-27,0.00,1.00,0.9,0.4,17,32.1,0,0.0,12,57.1,TE,SampDr00
4252,Drew Sample,0.00,28,Sun,5,5,2023-10-08,27-175,CIN,@,ARI,W 34-20,0.00,0.00,0.0,0.0,28,34.1,0,0.0,11,40.7,TE,SampDr00
4253,Drew Sample,0.00,24,Sun,7,8,2023-10-29,27-196,CIN,@,SFO,W 31-17,0.00,0.00,0.0,0.0,24,38.1,0,0.0,10,40.0,TE,SampDr00
4254,Drew Sample,0.00,40,Sat,14,15,2023-12-16,27-244,CIN,,MIN,W 27-24 (OT),0.00,0.00,0.0,0.0,40,57.1,0,0.0,15,55.6,TE,SampDr00
4255,Drew Sample,0.00,27,Sun,1,1,2024-09-08,28-145,CIN,,NWE,L 10-16,0.00,0.00,0.0,0.0,27,52.9,0,0.0,9,42.9,TE,SampDr00
4256,Drew Sample,0.00,25,Mon,3,3,2024-09-23,28-160,CIN,,WAS,L 33-38,0.00,0.00,0.0,0.0,25,40.3,0,0.0,13,50.0,TE,SampDr00
4257,Drew Sample,0.00,38,Sun,4,4,2024-09-29,28-166,CIN,@,CAR,W 34-24,0.00,1.00,1.0,0.5,38,56.7,0,0.0,14,50.0,TE,SampDr00
4258,Drew Sample,0.00,29,Sun,5,5,2024-10-06,28-173,CIN,,BAL,L 38-41 (OT),0.00,0.00,0.0,0.0,29,43.3,0,0.0,18,51.4,TE,SampDr00
4259,Drew Sample,0.00,26,Sun,6,6,2024-10-13,28-180,CIN,@,NYG,W 17-7,0.00,0.00,0.0,0.0,26,49.1,0,0.0,11,50.0,TE,SampDr00
4260,Drew Sample,0.00,28,Sun,7,7,2024-10-20,28-187,CIN,@,CLE,W 21-14,0.00,0.00,0.0,0.0,28,50.9,0,0.0,15,53.6,TE,SampDr00
4261,Drew Sample,0.00,18,Sun,8,8,2024-10-27,28-194,CIN,,PHI,L 17-37,0.00,0.00,0.0,0.0,18,31.0,0,0.0,12,50.0,TE,SampDr00
4262,Drew Sample,0.00,46,Thu,10,10,2024-11-07,28-205,CIN,@,BAL,L 34-35,0.00,0.00,0.0,0.0,46,56.1,0,0.0,13,46.4,TE,SampDr00
4263,Ja'Tavion Sanders,0.00,26,Sun,3,3,2024-09-22,21-179,CAR,@,LVR,W 36-22,0.00,0.00,0.0,0.0,26,35.1,0,0.0,10,33.3,TE,SandJa01
4264,Ja'Tavion Sanders,0.00,35,Sun,13,14,2024-12-08,21-256,CAR,@,PHI,L 16-22,0.00,0.00,0.0,0.0,35,49.3,0,0.0,0,0.0,TE,SandJa01
4265,Ja'Tavion Sanders,0.00,27,Sun,14,15,2024-12-15,21-263,CAR,,DAL,L 14-30,0.00,0.00,0.0,0.0,27,49.1,0,0.0,7,28.0,TE,SandJa01
4266,Ja'Tavion Sanders,0.00,39,Sun,15,16,2024-12-22,21-270,CAR,,ARI,W 36-30 (OT),0.00,0.00,0.0,0.0,39,57.4,0,0.0,7,21.2,TE,SandJa01
4267,Eric Saubert,0.00,12,Sun,8,9,2023-11-05,29-188,HOU,,TAM,W 39-37,0.00,0.00,0.0,0.0,12,16.7,0,0.0,8,24.2,TE,SaubEr00
4268,Eric Saubert,0.00,24,Sun,9,10,2023-11-12,29-195,HOU,@,CIN,W 30-27,0.00,0.00,0.0,0.0,24,32.0,0,0.0,11,34.4,TE,SaubEr00
4269,Eric Saubert,0.00,11,Sun,11,12,2023-11-26,29-209,HOU,,JAX,L 21-24,0.00,0.00,0.0,0.0,11,18.3,0,0.0,15,57.7,TE,SaubEr00
4270,Eric Saubert,0.00,17,Sun,13,14,2023-12-10,29-223,HOU,@,NYJ,L 6-30,0.00,0.00,0.0,0.0,17,30.4,0,0.0,20,69.0,TE,SaubEr00
4271,Eric Saubert,0.00,3,Sun,15,16,2023-12-24,29-237,HOU,,CLE,L 22-36,0.00,0.00,0.0,0.0,3,4.0,0,0.0,18,75.0,TE,SaubEr00
4272,Eric Saubert,0.00,18,Mon,1,1,2022-09-12,28-134,DEN,@,SEA,L 16-17,0.00,0.00,0.0,0.0,18,27.3,0,0.0,14,73.7,TE,SaubEr00
4273,Eric Saubert,0.00,35,Sun,3,3,2022-09-25,28-147,DEN,,SFO,W 11-10,0.00,0.00,0.0,0.0,35,47.3,0,0.0,24,85.7,TE,SaubEr00
4274,Eric Saubert,0.00,1,Mon,6,6,2022-10-17,28-169,DEN,@,LAC,L 16-19 (OT),0.00,0.00,0.0,0.0,1,1.7,0,0.0,15,50.0,TE,SaubEr00
4275,Eric Saubert,0.00,15,Sun,7,7,2022-10-23,28-175,DEN,,NYJ,L 9-16,0.00,0.00,0.0,0.0,15,19.0,0,0.0,22,78.6,TE,SaubEr00
4276,Eric Saubert,0.00,10,Sun,8,8,2022-10-30,28-182,DEN,@,JAX,W 21-17,0.00,0.00,0.0,0.0,10,16.4,0,0.0,23,88.5,TE,SaubEr00
4277,Eric Saubert,0.00,12,Sun,11,12,2022-11-27,28-210,DEN,@,CAR,L 10-23,0.00,0.00,0.0,0.0,12,20.0,0,0.0,19,63.3,TE,SaubEr00
4278,Eric Saubert,0.00,26,Sun,12,13,2022-12-04,28-217,DEN,@,BAL,L 9-10,0.00,0.00,0.0,0.0,26,49.1,0,0.0,18,69.2,TE,SaubEr00
4279,Eric Saubert,0.00,22,Sun,15,16,2022-12-25,28-238,DEN,@,LAR,L 14-51,0.00,0.00,0.0,0.0,22,32.8,0,0.0,14,53.8,TE,SaubEr00
4280,Eric Saubert,0.00,22,Sun,17,18,2023-01-08,28-252,DEN,,LAC,W 31-28,0.00,0.00,0.0,0.0,22,33.8,0,0.0,10,32.3,TE,SaubEr00
4281,Eric Saubert,0.00,19,Mon,1,1,2024-09-09,30-131,SFO,,NYJ,W 32-19,0.00,0.00,0.0,0.0,19,26.4,0,0.0,25,96.2,TE,SaubEr00
4282,Eric Saubert,0.00,18,Sun,4,4,2024-09-29,30-151,SFO,,NWE,W 30-13,0.00,0.00,0.0,0.0,18,28.6,0,0.0,20,76.9,TE,SaubEr00
4283,Eric Saubert,0.00,13,Sun,5,5,2024-10-06,30-158,SFO,,ARI,L 23-24,0.00,0.00,0.0,0.0,13,20.3,0,0.0,19,79.2,TE,SaubEr00
4284,Eric Saubert,0.00,18,Thu,6,6,2024-10-10,30-162,SFO,@,SEA,W 36-24,0.00,0.00,0.0,0.0,18,27.7,0,0.0,17,56.7,TE,SaubEr00
4285,Eric Saubert,0.00,14,Sun,7,7,2024-10-20,30-172,SFO,,KAN,L 18-28,0.00,0.00,0.0,0.0,14,22.2,0,0.0,12,50.0,TE,SaubEr00
4286,Eric Saubert,0.00,14,Sun,8,8,2024-10-27,30-179,SFO,,DAL,W 30-24,0.00,0.00,0.0,0.0,14,20.6,0,0.0,24,80.0,TE,SaubEr00
4287,Eric Saubert,0.00,12,Sun,9,10,2024-11-10,30-193,SFO,@,TAM,W 23-20,0.00,0.00,0.0,0.0,12,18.8,0,0.0,25,86.2,TE,SaubEr00
4288,Eric Saubert,0.00,13,Sun,11,12,2024-11-24,30-207,SFO,@,GNB,L 10-38,0.00,0.00,0.0,0.0,13,26.5,0,0.0,16,64.0,TE,SaubEr00
4289,Eric Saubert,0.00,2,Sun,12,13,2024-12-01,30-214,SFO,@,BUF,L 10-35,0.00,0.00,0.0,0.0,2,4.2,0,0.0,16,64.0,TE,SaubEr00
4290,Eric Saubert,0.00,17,Thu,14,15,2024-12-12,30-225,SFO,,LAR,L 6-12,0.00,0.00,0.0,0.0,17,31.5,0,0.0,22,81.5,TE,SaubEr00
4291,Eric Saubert,0.00,13,Mon,16,17,2024-12-30,30-243,SFO,,DET,L 34-40,0.00,0.00,0.0,0.0,13,20.3,0,0.0,21,77.8,TE,SaubEr00
4292,Luke Schoonmaker,0.00,16,Sun,1,1,2023-09-10,24-347,DAL,@,NYG,W 40-0,0.00,0.00,0.0,0.0,16,27.6,0,0.0,17,70.8,TE,SchoLu00
4293,Luke Schoonmaker,0.00,19,Sun,3,3,2023-09-24,24-361,DAL,@,ARI,L 16-28,0.00,0.00,0.0,0.0,19,23.5,0,0.0,12,48.0,TE,SchoLu00
4294,Luke Schoonmaker,0.00,39,Sun,4,4,2023-10-01,25-003,DAL,,NWE,W 38-3,0.00,0.00,0.0,0.0,39,55.7,0,0.0,14,53.8,TE,SchoLu00
4295,Luke Schoonmaker,0.00,20,Sun,5,5,2023-10-08,25-010,DAL,@,SFO,L 10-42,0.00,0.00,0.0,0.0,20,40.8,0,0.0,15,55.6,TE,SchoLu00
4296,Luke Schoonmaker,0.00,17,Mon,6,6,2023-10-16,25-018,DAL,@,LAC,W 20-17,0.00,0.00,0.0,0.0,17,26.6,0,0.0,13,52.0,TE,SchoLu00
4297,Luke Schoonmaker,0.00,12,Sun,8,9,2023-11-05,25-038,DAL,@,PHI,L 23-28,0.00,1.00,1.0,0.5,12,16.0,0,0.0,10,41.7,TE,SchoLu00
4298,Luke Schoonmaker,0.00,28,Sun,9,10,2023-11-12,25-045,DAL,,NYG,W 49-17,0.00,0.00,0.0,0.0,28,35.9,0,0.0,13,41.9,TE,SchoLu00
4299,Luke Schoonmaker,0.00,19,Sun,13,14,2023-12-10,25-073,DAL,,PHI,W 33-13,0.00,0.00,0.0,0.0,19,23.2,0,0.0,12,48.0,TE,SchoLu00
4300,Luke Schoonmaker,0.00,12,Sun,14,15,2023-12-17,25-080,DAL,@,BUF,L 10-31,0.00,0.00,0.0,0.0,12,21.1,0,0.0,13,54.2,TE,SchoLu00
4301,Luke Schoonmaker,0.00,17,Sat,16,17,2023-12-30,25-093,DAL,,DET,W 20-19,0.00,0.00,0.0,0.0,17,26.2,0,0.0,13,50.0,TE,SchoLu00
4302,Luke Schoonmaker,0.00,28,Sun,17,18,2024-01-07,25-101,DAL,@,WAS,W 38-10,0.00,0.00,0.0,0.0,28,38.9,0,0.0,11,50.0,TE,SchoLu00
4303,Luke Schoonmaker,0.00,19,Sun,1,1,2024-09-08,25-346,DAL,@,CLE,W 33-17,0.00,0.00,0.0,0.0,19,30.2,0,0.0,13,36.1,TE,SchoLu00
4304,Luke Schoonmaker,0.00,19,Thu,4,4,2024-09-26,25-364,DAL,@,NYG,W 20-15,0.00,0.00,0.0,0.0,19,33.9,0,0.0,9,36.0,TE,SchoLu00
4305,Luke Schoonmaker,0.00,21,Sun,6,6,2024-10-13,26-015,DAL,,DET,L 9-47,0.00,0.00,0.0,0.0,21,30.4,0,0.0,5,17.9,TE,SchoLu00
4306,Luke Schoonmaker,0.00,2,Sun,7,8,2024-10-27,26-029,DAL,@,SFO,L 24-30,0.00,0.00,0.0,0.0,2,3.2,0,0.0,15,50.0,TE,SchoLu00
4307,Luke Schoonmaker,0.00,1,Sun,8,9,2024-11-03,26-036,DAL,@,ATL,L 21-27,0.00,0.00,0.0,0.0,1,1.3,0,0.0,12,46.2,TE,SchoLu00
4308,Luke Schoonmaker,0.00,11,Sun,9,10,2024-11-10,26-043,DAL,,PHI,L 6-34,0.00,0.00,0.0,0.0,11,18.3,0,0.0,15,53.6,TE,SchoLu00
4309,Luke Schoonmaker,0.00,28,Sun,14,15,2024-12-15,26-078,DAL,@,CAR,W 30-14,0.00,0.00,0.0,0.0,28,38.4,0,0.0,2,8.0,TE,SchoLu00
4310,Luke Schoonmaker,0.00,21,Sun,16,17,2024-12-29,26-092,DAL,@,PHI,L 7-41,0.00,0.00,0.0,0.0,21,33.9,0,0.0,4,15.4,TE,SchoLu00
4311,Mason Schreck,0.00,19,Sun,4,4,2022-10-02,28-332,HOU,,LAC,L 24-34,0.00,1.00,1.0,0.5,19,33.3,0,0.0,0,0.0,TE,SchrMa00
4312,Mason Schreck,0.00,10,Sun,14,15,2022-12-18,29-044,HOU,,KAN,L 24-30 (OT),0.00,0.00,0.0,0.0,10,15.9,0,0.0,0,0.0,TE,SchrMa00
4313,Dalton Schultz,0.00,55,Sun,4,4,2022-10-02,26-083,DAL,,WAS,W 25-10,0.00,0.00,0.0,0.0,55,90.2,0,0.0,0,0.0,TE,SchuDa00
4314,Dalton Schultz,0.00,10,Sun,5,5,2022-10-09,26-090,DAL,@,LAR,W 22-10,0.00,0.00,0.0,0.0,10,18.2,0,0.0,0,0.0,TE,SchuDa00
4315,John Samuel Shenker,0.00,5,Sun,4,4,2024-09-29,26-027,LVR,,CLE,W 20-16,0.00,0.00,0.0,0.0,5,8.5,0,0.0,12,46.2,TE,ShenJo00
4316,John Samuel Shenker,0.00,10,Sun,5,5,2024-10-06,26-034,LVR,@,DEN,L 18-34,0.00,0.00,0.0,0.0,10,14.3,0,0.0,15,50.0,TE,ShenJo00
4317,John Samuel Shenker,0.00,8,Sun,6,6,2024-10-13,26-041,LVR,,PIT,L 13-32,0.00,0.00,0.0,0.0,8,12.7,0,0.0,15,60.0,TE,ShenJo00
4318,John Samuel Shenker,0.00,14,Sun,7,7,2024-10-20,26-048,LVR,@,LAR,L 15-20,0.00,0.00,0.0,0.0,14,17.7,0,0.0,11,39.3,TE,ShenJo00
4319,John Samuel Shenker,0.00,1,Sun,15,16,2024-12-22,26-111,LVR,,JAX,W 19-14,0.00,0.00,0.0,0.0,1,1.4,0,0.0,15,55.6,TE,ShenJo00
4320,John Samuel Shenker,0.00,4,Sun,16,17,2024-12-29,26-118,LVR,@,NOR,W 25-10,0.00,0.00,0.0,0.0,4,5.2,0,0.0,20,71.4,TE,ShenJo00
4321,Justin Shorter,0.00,3,Sun,7,7,2024-10-20,24-186,LVR,@,LAR,L 15-20,0.00,0.00,0.0,0.0,3,3.8,0,0.0,12,42.9,TE,ShorJu00
4322,Justin Shorter,0.00,2,Sun,8,8,2024-10-27,24-193,LVR,,KAN,L 20-27,0.00,0.00,0.0,0.0,2,3.4,0,0.0,12,50.0,TE,ShorJu00
4323,Justin Shorter,0.00,4,Sun,9,9,2024-11-03,24-200,LVR,@,CIN,L 24-41,0.00,0.00,0.0,0.0,4,6.6,0,0.0,16,50.0,TE,ShorJu00
4324,Justin Shorter,0.00,9,Sun,10,11,2024-11-17,24-214,LVR,@,MIA,L 19-34,0.00,0.00,0.0,0.0,9,13.8,0,0.0,12,52.2,TE,ShorJu00
4325,Justin Shorter,0.00,4,Sun,11,12,2024-11-24,24-221,LVR,,DEN,L 19-29,0.00,0.00,0.0,0.0,4,5.2,0,0.0,15,44.1,TE,ShorJu00
4326,Justin Shorter,0.00,1,Fri,12,13,2024-11-29,24-226,LVR,@,KAN,L 17-19,0.00,0.00,0.0,0.0,1,1.5,0,0.0,13,41.9,TE,ShorJu00
4327,Justin Shorter,0.00,2,Sun,16,17,2024-12-29,24-256,LVR,@,NOR,W 25-10,0.00,0.00,0.0,0.0,2,2.6,0,0.0,9,32.1,TE,ShorJu00
4328,Ben Sims,0.00,9,Sun,1,1,2023-09-10,23-117,GNB,@,CHI,W 38-20,0.00,0.00,0.0,0.0,9,15.0,0,0.0,0,0.0,TE,SimsBe00
4329,Ben Sims,0.00,5,Sun,2,2,2023-09-17,23-124,GNB,@,ATL,L 24-25,0.00,0.00,0.0,0.0,5,10.0,0,0.0,0,0.0,TE,SimsBe00
4330,Ben Sims,0.00,3,Sun,3,3,2023-09-24,23-131,GNB,,NOR,W 18-17,0.00,0.00,0.0,0.0,3,3.8,0,0.0,3,12.0,TE,SimsBe00
4331,Ben Sims,0.00,6,Thu,4,4,2023-09-28,23-135,GNB,,DET,L 20-34,0.00,0.00,0.0,0.0,6,10.5,0,0.0,7,23.3,TE,SimsBe00
4332,Ben Sims,0.00,5,Sun,7,8,2023-10-29,23-166,GNB,,MIN,L 10-24,0.00,0.00,0.0,0.0,5,7.4,0,0.0,9,39.1,TE,SimsBe00
4333,Ben Sims,0.00,5,Sun,8,9,2023-11-05,23-173,GNB,,LAR,W 20-3,0.00,0.00,0.0,0.0,5,6.9,0,0.0,5,21.7,TE,SimsBe00
4334,Ben Sims,0.00,16,Sun,10,11,2023-11-19,23-187,GNB,,LAC,W 23-20,0.00,0.00,0.0,0.0,16,22.2,0,0.0,10,38.5,TE,SimsBe00
4335,Ben Sims,0.00,14,Thu,11,12,2023-11-23,23-191,GNB,@,DET,W 29-22,0.00,0.00,0.0,0.0,14,25.0,0,0.0,9,39.1,TE,SimsBe00
4336,Ben Sims,0.00,10,Mon,13,14,2023-12-11,23-209,GNB,@,NYG,L 22-24,0.00,0.00,0.0,0.0,10,14.7,0,0.0,4,14.8,TE,SimsBe00
4337,Ben Sims,0.00,10,Sun,14,15,2023-12-17,23-215,GNB,,TAM,L 20-34,0.00,0.00,0.0,0.0,10,16.7,0,0.0,8,32.0,TE,SimsBe00
4338,Ben Sims,0.00,20,Sun,15,16,2023-12-24,23-222,GNB,@,CAR,W 33-30,0.00,0.00,0.0,0.0,20,30.3,0,0.0,10,33.3,TE,SimsBe00
4339,Ben Sims,0.00,12,Sun,17,18,2024-01-07,23-236,GNB,,CHI,W 17-9,0.00,0.00,0.0,0.0,12,20.0,0,0.0,4,22.2,TE,SimsBe00
4340,Ben Sims,0.00,1,Fri,1,1,2024-09-06,24-113,GNB,@,PHI,L 29-34,0.00,0.00,0.0,0.0,1,1.5,0,0.0,8,25.8,TE,SimsBe00
4341,Ben Sims,0.00,6,Sun,2,2,2024-09-15,24-122,GNB,,IND,W 16-10,0.00,0.00,0.0,0.0,6,8.6,0,0.0,2,9.1,TE,SimsBe00
4342,Ben Sims,0.00,2,Sun,3,3,2024-09-22,24-129,GNB,@,TEN,W 30-14,0.00,0.00,0.0,0.0,2,3.2,0,0.0,3,10.7,TE,SimsBe00
4343,Ben Sims,0.00,2,Sun,4,4,2024-09-29,24-136,GNB,,MIN,L 29-31,0.00,0.00,0.0,0.0,2,2.6,0,0.0,6,20.7,TE,SimsBe00
4344,Ben Sims,0.00,19,Sun,5,5,2024-10-06,24-143,GNB,@,LAR,W 24-19,0.00,0.00,0.0,0.0,19,32.2,0,0.0,4,18.2,TE,SimsBe00
4345,Ben Sims,0.00,25,Sun,8,8,2024-10-27,24-164,GNB,@,JAX,W 30-27,0.00,0.00,0.0,0.0,25,35.7,0,0.0,6,18.2,TE,SimsBe00
4346,Ben Sims,0.00,12,Sun,9,9,2024-11-03,24-171,GNB,,DET,L 14-24,0.00,0.00,0.0,0.0,12,18.5,0,0.0,5,22.7,TE,SimsBe00
4347,Ben Sims,0.00,17,Sun,10,11,2024-11-17,24-185,GNB,@,CHI,W 20-19,0.00,0.00,0.0,0.0,17,37.0,0,0.0,5,27.8,TE,SimsBe00
4348,Ben Sims,0.00,24,Sun,11,12,2024-11-24,24-192,GNB,,SFO,W 38-10,0.00,0.00,0.0,0.0,24,33.3,0,0.0,3,12.0,TE,SimsBe00
4349,Ben Sims,0.00,15,Thu,12,13,2024-11-28,24-196,GNB,,MIA,W 30-17,0.00,0.00,0.0,0.0,15,27.8,0,0.0,3,12.5,TE,SimsBe00
4350,Ben Sims,0.00,16,Sun,14,15,2024-12-15,24-213,GNB,@,SEA,W 30-13,0.00,0.00,0.0,0.0,16,25.0,0,0.0,5,17.2,TE,SimsBe00
4351,Ben Sims,0.00,13,Mon,15,16,2024-12-23,24-221,GNB,,NOR,W 34-0,0.00,0.00,0.0,0.0,13,18.8,0,0.0,1,4.8,TE,SimsBe00
4352,Ben Sims,0.00,3,Sun,16,17,2024-12-29,24-227,GNB,@,MIN,L 25-27,0.00,0.00,0.0,0.0,3,4.8,0,0.0,5,18.5,TE,SimsBe00
4353,Ben Sims,0.00,7,Sun,17,18,2025-01-05,24-234,GNB,,CHI,L 22-24,0.00,0.00,0.0,0.0,7,10.8,0,0.0,4,14.8,TE,SimsBe00
4354,Ben Sinnott,0.00,13,Sun,1,1,2024-09-08,22-086,WAS,@,TAM,L 20-37,0.00,0.00,0.0,0.0,13,22.0,0,0.0,8,29.6,TE,SinnBe00
4355,Ben Sinnott,0.00,13,Sun,2,2,2024-09-15,22-093,WAS,,NYG,W 21-18,0.00,0.00,0.0,0.0,13,18.1,0,0.0,4,19.0,TE,SinnBe00
4356,Ben Sinnott,0.00,26,Mon,3,3,2024-09-23,22-101,WAS,@,CIN,W 38-33,0.00,0.00,0.0,0.0,26,44.1,0,0.0,6,23.1,TE,SinnBe00
4357,Ben Sinnott,0.00,30,Sun,4,4,2024-09-29,22-107,WAS,@,ARI,W 42-14,0.00,0.00,0.0,0.0,30,41.7,0,0.0,4,17.4,TE,SinnBe00
4358,Ben Sinnott,0.00,24,Sun,5,5,2024-10-06,22-114,WAS,,CLE,W 34-13,0.00,0.00,0.0,0.0,24,35.8,0,0.0,8,25.8,TE,SinnBe00
4359,Ben Sinnott,0.00,11,Sun,6,6,2024-10-13,22-121,WAS,@,BAL,L 23-30,0.00,0.00,0.0,0.0,11,18.6,0,0.0,9,31.0,TE,SinnBe00
4360,Ben Sinnott,0.00,16,Sun,8,8,2024-10-27,22-135,WAS,,CHI,W 18-15,0.00,0.00,0.0,0.0,16,21.6,0,0.0,14,53.8,TE,SinnBe00
4361,Ben Sinnott,0.00,13,Sun,10,10,2024-11-10,22-149,WAS,,PIT,L 27-28,0.00,0.00,0.0,0.0,13,20.3,0,0.0,11,34.4,TE,SinnBe00
4362,Ben Sinnott,0.00,6,Thu,11,11,2024-11-14,22-153,WAS,@,PHI,L 18-26,0.00,0.00,0.0,0.0,6,9.1,0,0.0,13,48.1,TE,SinnBe00
4363,Ben Sinnott,0.00,21,Sun,12,12,2024-11-24,22-163,WAS,,DAL,L 26-34,0.00,0.00,0.0,0.0,21,30.0,0,0.0,15,39.5,TE,SinnBe00
4364,Ben Sinnott,0.00,5,Sun,15,16,2024-12-22,22-191,WAS,,PHI,W 36-33,0.00,0.00,0.0,0.0,5,7.4,0,0.0,11,34.4,TE,SinnBe00
4365,Ben Sinnott,0.00,8,Sun,16,17,2024-12-29,22-198,WAS,,ATL,W 30-24 (OT),0.00,0.00,0.0,0.0,8,9.6,0,0.0,14,51.9,TE,SinnBe00
4366,Ben Sinnott,0.00,4,Sun,17,18,2025-01-05,22-205,WAS,@,DAL,W 23-19,0.00,0.00,0.0,0.0,4,6.9,0,0.0,15,53.6,TE,SinnBe00
4367,Stone Smartt,0.00,7,Sun,11,12,2022-11-27,24-054,LAC,@,ARI,W 25-24,0.00,0.00,0.0,0.0,7,10.6,0,0.0,0,0.0,TE,SmarSt00
4368,Stone Smartt,0.00,7,Mon,15,16,2022-12-26,24-083,LAC,@,IND,W 20-3,0.00,0.00,0.0,0.0,7,10.3,0,0.0,0,0.0,TE,SmarSt00
4369,Stone Smartt,0.00,10,Sun,16,17,2023-01-01,24-089,LAC,,LAR,W 31-10,0.00,0.00,0.0,0.0,10,15.6,0,0.0,7,28.0,TE,SmarSt00
4370,Stone Smartt,0.00,11,Sun,17,18,2023-01-08,24-096,LAC,@,DEN,L 28-31,0.00,0.00,0.0,0.0,11,16.2,0,0.0,11,35.5,TE,SmarSt00
4371,Stone Smartt,0.00,6,Sun,1,1,2023-09-10,24-341,LAC,,MIA,L 34-36,0.00,0.00,0.0,0.0,6,7.4,0,0.0,11,35.5,TE,SmarSt00
4372,Stone Smartt,0.00,17,Sun,3,3,2023-09-24,24-355,LAC,@,MIN,W 28-24,0.00,0.00,0.0,0.0,17,25.8,0,0.0,6,24.0,TE,SmarSt00
4373,Stone Smartt,0.00,26,Sun,4,4,2023-10-01,24-362,LAC,,LVR,W 24-17,0.00,0.00,0.0,0.0,26,40.0,0,0.0,11,44.0,TE,SmarSt00
4374,Stone Smartt,0.00,11,Mon,5,6,2023-10-16,25-012,LAC,,DAL,L 17-20,0.00,0.00,0.0,0.0,11,15.1,0,0.0,8,32.0,TE,SmarSt00
4375,Stone Smartt,0.00,39,Sun,7,8,2023-10-29,25-025,LAC,,CHI,W 30-13,0.00,0.00,0.0,0.0,39,56.5,0,0.0,6,27.3,TE,SmarSt00
4376,Stone Smartt,0.00,9,Mon,8,9,2023-11-06,25-033,LAC,@,NYJ,W 27-6,0.00,0.00,0.0,0.0,9,15.5,0,0.0,9,30.0,TE,SmarSt00
4377,Stone Smartt,0.00,22,Sun,9,10,2023-11-12,25-039,LAC,,DET,L 38-41,0.00,0.00,0.0,0.0,22,30.6,0,0.0,13,43.3,TE,SmarSt00
4378,Stone Smartt,0.00,8,Sun,11,12,2023-11-26,25-053,LAC,,BAL,L 10-20,0.00,0.00,0.0,0.0,8,12.1,0,0.0,6,28.6,TE,SmarSt00
4379,Stone Smartt,0.00,8,Sun,12,13,2023-12-03,25-060,LAC,@,NWE,W 6-0,0.00,0.00,0.0,0.0,8,13.1,0,0.0,5,23.8,TE,SmarSt00
4380,Stone Smartt,0.00,5,Sun,1,1,2024-09-08,25-340,LAC,,LVR,W 22-10,0.00,0.00,0.0,0.0,5,8.8,0,0.0,6,21.4,TE,SmarSt00
4381,Stone Smartt,0.00,4,Sun,2,2,2024-09-15,25-347,LAC,@,CAR,W 26-3,0.00,0.00,0.0,0.0,4,5.8,0,0.0,8,33.3,TE,SmarSt00
4382,Stone Smartt,0.00,1,Sun,4,4,2024-09-29,25-361,LAC,,KAN,L 10-17,0.00,0.00,0.0,0.0,1,1.8,0,0.0,8,33.3,TE,SmarSt00
4383,Stone Smartt,0.00,1,Sun,7,8,2024-10-27,26-023,LAC,,NOR,W 26-8,0.00,0.00,0.0,0.0,1,1.5,0,0.0,16,47.1,TE,SmarSt00
4384,Stone Smartt,0.00,7,Sun,10,11,2024-11-17,26-044,LAC,,CIN,W 34-27,0.00,0.00,0.0,0.0,7,10.4,0,0.0,14,37.8,TE,SmarSt00
4385,Stone Smartt,0.00,3,Mon,11,12,2024-11-25,26-052,LAC,,BAL,L 23-30,0.00,0.00,0.0,0.0,3,4.3,0,0.0,10,37.0,TE,SmarSt00
4386,Stone Smartt,0.00,14,Sun,17,18,2025-01-05,26-093,LAC,@,LVR,W 34-20,0.00,0.00,0.0,0.0,14,18.7,0,0.0,10,34.5,TE,SmarSt00
4387,Irv Smith Jr.,0.00,50,Sun,5,5,2023-10-08,25-060,CIN,@,ARI,W 34-20,0.00,0.00,0.0,0.0,50,61.0,0,0.0,0,0.0,TE,SmitIr01
4388,Irv Smith Jr.,0.00,24,Thu,10,11,2023-11-16,25-099,CIN,@,BAL,L 20-34,0.00,0.00,0.0,0.0,24,39.3,0,0.0,0,0.0,TE,SmitIr01
4389,Irv Smith Jr.,0.00,23,Mon,12,13,2023-12-04,25-117,CIN,@,JAX,W 34-31 (OT),0.00,0.00,0.0,0.0,23,31.5,0,0.0,0,0.0,TE,SmitIr01
4390,Irv Smith Jr.,0.00,8,Sun,13,14,2023-12-10,25-123,CIN,,IND,W 34-14,0.00,0.00,0.0,0.0,8,13.3,0,0.0,0,0.0,TE,SmitIr01
4391,Irv Smith Jr.,0.00,17,Sun,13,13,2024-12-01,26-114,HOU,@,JAX,W 23-20,0.00,0.00,0.0,0.0,17,27.0,0,0.0,5,18.5,TE,SmitIr01
4392,Irv Smith Jr.,0.00,23,Sun,14,15,2024-12-15,26-128,HOU,,MIA,W 20-12,0.00,0.00,0.0,0.0,23,46.0,0,0.0,4,16.0,TE,SmitIr01
4393,Irv Smith Jr.,0.00,18,Sat,15,16,2024-12-21,26-134,HOU,@,KAN,L 19-27,0.00,0.00,0.0,0.0,18,30.5,0,0.0,0,0.0,TE,SmitIr01
4394,Irv Smith Jr.,0.00,9,Wed,16,17,2024-12-25,26-138,HOU,,BAL,L 2-31,0.00,0.00,0.0,0.0,9,16.1,0,0.0,0,0.0,TE,SmitIr01
4395,Irv Smith Jr.,0.00,18,Sun,17,18,2025-01-05,26-149,HOU,@,TEN,W 23-14,0.00,0.00,0.0,0.0,18,30.0,0,0.0,6,26.1,TE,SmitIr01
4396,Irv Smith Jr.,0.00,19,Sun,1,1,2022-09-11,24-033,MIN,,GNB,W 23-7,0.00,0.00,0.0,0.0,19,30.6,0,0.0,0,0.0,TE,SmitIr01
4397,Jonnu Smith,0.00,25,Mon,4,4,2024-09-30,29-039,MIA,,TEN,L 12-31,0.00,0.00,0.0,0.0,25,41.7,0,0.0,0,0.0,TE,SmitJo01
4398,Jonnu Smith,0.00,39,Sun,2,2,2022-09-18,27-027,NWE,@,PIT,W 17-14,0.00,0.00,0.0,0.0,39,57.4,0,0.0,4,18.2,TE,SmitJo01
4399,Jonnu Smith,0.00,17,Sun,4,4,2022-10-02,27-041,NWE,@,GNB,L 24-27 (OT),0.00,0.00,0.0,0.0,17,29.3,0,0.0,2,6.3,TE,SmitJo01
4400,Jonnu Smith,0.00,16,Thu,11,12,2022-11-24,27-094,NWE,@,MIN,L 26-33,0.00,0.00,0.0,0.0,16,29.1,0,0.0,7,21.2,TE,SmitJo01
4401,Jonnu Smith,0.00,28,Mon,13,14,2022-12-12,27-112,NWE,@,ARI,W 27-13,0.00,0.00,0.0,0.0,28,47.5,0,0.0,4,15.4,TE,SmitJo01
4402,Jonnu Smith,0.00,26,Sun,1,1,2023-09-10,28-019,ATL,,CAR,W 24-10,0.00,0.00,0.0,0.0,26,50.0,0,0.0,0,0.0,TE,SmitJo01
4403,Jonnu Smith,0.00,22,Sun,11,12,2023-11-26,28-096,ATL,,NOR,W 24-15,0.00,0.00,0.0,0.0,22,35.5,0,0.0,0,0.0,TE,SmitJo01
4404,Jonnu Smith,0.00,46,Sun,16,17,2023-12-31,28-131,ATL,@,CHI,L 17-37,0.00,0.00,0.0,0.0,46,78.0,0,0.0,0,0.0,TE,SmitJo01
4405,Durham Smythe,0.00,40,Thu,4,4,2022-09-29,27-051,MIA,@,CIN,L 15-27,0.00,0.00,0.0,0.0,40,62.5,0,0.0,14,50.0,TE,SmytDu00
4406,Durham Smythe,0.00,26,Sun,7,7,2022-10-23,27-075,MIA,,PIT,W 16-10,0.00,0.00,0.0,0.0,26,41.9,0,0.0,0,0.0,TE,SmytDu00
4407,Durham Smythe,0.00,31,Sun,8,8,2022-10-30,27-082,MIA,@,DET,W 31-27,0.00,0.00,0.0,0.0,31,45.6,0,0.0,0,0.0,TE,SmytDu00
4408,Durham Smythe,0.00,33,Sun,9,9,2022-11-06,27-089,MIA,@,CHI,W 35-32,0.00,0.00,0.0,0.0,33,57.9,0,0.0,7,26.9,TE,SmytDu00
4409,Durham Smythe,0.00,37,Sun,10,10,2022-11-13,27-096,MIA,,CLE,W 39-17,0.00,0.00,0.0,0.0,37,53.6,0,0.0,7,30.4,TE,SmytDu00
4410,Durham Smythe,0.00,30,Sun,13,14,2022-12-11,27-124,MIA,@,LAC,L 17-23,0.00,0.00,0.0,0.0,30,58.8,0,0.0,16,55.2,TE,SmytDu00
4411,Durham Smythe,0.00,38,Sat,14,15,2022-12-17,27-130,MIA,@,BUF,L 29-32,0.00,1.00,0.8,0.3,38,64.4,0,0.0,14,46.7,TE,SmytDu00
4412,Durham Smythe,0.00,44,Sun,5,5,2023-10-08,28-060,MIA,,NYG,W 31-16,0.00,0.00,0.0,0.0,44,81.5,0,0.0,12,46.2,TE,SmytDu00
4413,Durham Smythe,0.00,44,Sun,6,6,2023-10-15,28-067,MIA,,CAR,W 42-21,0.00,0.00,0.0,0.0,44,65.7,0,0.0,14,46.7,TE,SmytDu00
4414,Durham Smythe,0.00,45,Sun,7,7,2023-10-22,28-074,MIA,@,PHI,L 17-31,0.00,0.00,0.0,0.0,45,91.8,0,0.0,12,54.5,TE,SmytDu00
4415,Durham Smythe,0.00,41,Sun,12,13,2023-12-03,28-116,MIA,@,WAS,W 45-15,0.00,0.00,0.0,0.0,41,67.2,0,0.0,7,25.0,TE,SmytDu00
4416,Durham Smythe,0.00,30,Sun,1,1,2024-09-08,29-030,MIA,,JAX,W 20-17,0.00,0.00,0.0,0.0,30,42.3,0,0.0,3,12.0,TE,SmytDu00
4417,Durham Smythe,0.00,18,Mon,4,4,2024-09-30,29-052,MIA,,TEN,L 12-31,0.00,0.00,0.0,0.0,18,30.0,0,0.0,10,32.3,TE,SmytDu00
4418,Durham Smythe,0.00,27,Sun,5,5,2024-10-06,29-058,MIA,@,NWE,W 15-10,0.00,0.00,0.0,0.0,27,34.6,0,0.0,9,34.6,TE,SmytDu00
4419,Durham Smythe,0.00,17,Sun,6,7,2024-10-20,29-072,MIA,@,IND,L 10-16,0.00,0.00,0.0,0.0,17,24.6,0,0.0,14,51.9,TE,SmytDu00
4420,Durham Smythe,0.00,19,Sun,7,8,2024-10-27,29-079,MIA,,ARI,L 27-28,0.00,0.00,0.0,0.0,19,29.2,0,0.0,12,46.2,TE,SmytDu00
4421,Durham Smythe,0.00,14,Sun,13,14,2024-12-08,29-121,MIA,,NYJ,W 32-26 (OT),0.00,0.00,0.0,0.0,14,19.4,0,0.0,11,35.5,TE,SmytDu00
4422,Durham Smythe,0.00,17,Sun,16,17,2024-12-29,29-142,MIA,@,CLE,W 20-3,0.00,0.00,0.0,0.0,17,28.3,0,0.0,2,8.7,TE,SmytDu00
4423,Durham Smythe,0.00,18,Sun,17,18,2025-01-05,29-149,MIA,@,NYJ,L 20-32,0.00,0.00,0.0,0.0,18,25.7,0,0.0,6,23.1,TE,SmytDu00
4424,Matt Sokol,0.00,8,Sun,5,5,2022-10-09,26-334,NWE,,DET,W 29-0,0.00,0.00,0.0,0.0,8,13.3,0,0.0,1,5.3,TE,SokoMa00
4425,Matt Sokol,0.00,10,Sun,16,17,2023-01-01,27-053,NWE,,MIA,W 23-21,0.00,0.00,0.0,0.0,10,16.7,0,0.0,3,11.1,TE,SokoMa00
4426,Matt Sokol,0.00,6,Sun,17,18,2023-01-08,27-060,NWE,@,BUF,L 23-35,0.00,0.00,0.0,0.0,6,8.8,0,0.0,6,23.1,TE,SokoMa00
4427,Matt Sokol,0.00,10,Sun,15,16,2023-12-24,28-045,NWE,@,DEN,W 26-23,0.00,0.00,0.0,0.0,10,17.2,0,0.0,7,21.2,TE,SokoMa00
4428,Matt Sokol,0.00,1,Sun,16,17,2023-12-31,28-052,NWE,@,BUF,L 21-27,0.00,0.00,0.0,0.0,1,1.9,0,0.0,0,0.0,TE,SokoMa00
4429,Matt Sokol,0.00,3,Sun,17,18,2024-01-07,28-059,NWE,,NYJ,L 3-17,0.00,0.00,0.0,0.0,3,5.3,0,0.0,0,0.0,TE,SokoMa00
4430,Brevyn Spann-Ford,0.00,19,Sun,1,1,2024-09-08,24-256,DAL,@,CLE,W 33-17,0.00,0.00,0.0,0.0,19,30.2,0,0.0,4,11.1,TE,SpanBr00
4431,Brevyn Spann-Ford,0.00,22,Sun,2,2,2024-09-15,24-263,DAL,,NOR,L 19-44,0.00,0.00,0.0,0.0,22,31.4,0,0.0,1,3.7,TE,SpanBr00
4432,Brevyn Spann-Ford,0.00,9,Sun,3,3,2024-09-22,24-270,DAL,,BAL,L 25-28,0.00,0.00,0.0,0.0,9,11.3,0,0.0,9,32.1,TE,SpanBr00
4433,Brevyn Spann-Ford,0.00,5,Thu,4,4,2024-09-26,24-274,DAL,@,NYG,W 20-15,0.00,0.00,0.0,0.0,5,8.9,0,0.0,9,36.0,TE,SpanBr00
4434,Brevyn Spann-Ford,0.00,13,Sun,6,6,2024-10-13,24-291,DAL,,DET,L 9-47,0.00,0.00,0.0,0.0,13,18.8,0,0.0,10,35.7,TE,SpanBr00
4435,Brevyn Spann-Ford,0.00,19,Sun,7,8,2024-10-27,24-305,DAL,@,SFO,L 24-30,0.00,0.00,0.0,0.0,19,30.6,0,0.0,7,23.3,TE,SpanBr00
4436,Brevyn Spann-Ford,0.00,16,Sun,8,9,2024-11-03,24-312,DAL,@,ATL,L 21-27,0.00,0.00,0.0,0.0,16,20.8,0,0.0,5,19.2,TE,SpanBr00
4437,Brevyn Spann-Ford,0.00,6,Sun,9,10,2024-11-10,24-319,DAL,,PHI,L 6-34,0.00,0.00,0.0,0.0,6,10.0,0,0.0,7,25.0,TE,SpanBr00
4438,Brevyn Spann-Ford,0.00,32,Thu,12,13,2024-11-28,24-337,DAL,,NYG,W 27-20,0.00,0.00,0.0,0.0,32,42.1,0,0.0,8,25.8,TE,SpanBr00
4439,Brevyn Spann-Ford,0.00,11,Mon,13,14,2024-12-09,24-348,DAL,,CIN,L 20-27,0.00,0.00,0.0,0.0,11,18.3,0,0.0,10,37.0,TE,SpanBr00
4440,Brevyn Spann-Ford,0.00,13,Sun,15,16,2024-12-22,24-361,DAL,,TAM,W 26-24,0.00,0.00,0.0,0.0,13,21.7,0,0.0,11,36.7,TE,SpanBr00
4441,Brevyn Spann-Ford,0.00,9,Sun,16,17,2024-12-29,25-002,DAL,@,PHI,L 7-41,0.00,0.00,0.0,0.0,9,14.5,0,0.0,7,26.9,TE,SpanBr00
4442,Brevyn Spann-Ford,0.00,20,Sun,17,18,2025-01-05,25-009,DAL,,WAS,L 19-23,0.00,0.00,0.0,0.0,20,25.6,0,0.0,5,17.9,TE,SpanBr00
4443,Jack Stoll,0.00,28,Sun,1,1,2022-09-11,24-226,PHI,@,DET,W 38-35,0.00,0.00,0.0,0.0,28,36.4,0,0.0,15,48.4,TE,StolJa00
4444,Jack Stoll,0.00,20,Mon,2,2,2022-09-19,24-234,PHI,,MIN,W 24-7,0.00,0.00,0.0,0.0,20,27.4,0,0.0,11,52.4,TE,StolJa00
4445,Jack Stoll,0.00,33,Sun,4,4,2022-10-02,24-247,PHI,,JAX,W 29-21,0.00,0.00,0.0,0.0,33,40.2,0,0.0,12,50.0,TE,StolJa00
4446,Jack Stoll,0.00,30,Sun,5,5,2022-10-09,24-254,PHI,@,ARI,W 20-17,0.00,0.00,0.0,0.0,30,41.1,0,0.0,11,44.0,TE,StolJa00
4447,Jack Stoll,0.00,30,Sun,7,8,2022-10-30,24-275,PHI,,PIT,W 35-13,0.00,0.00,0.0,0.0,30,52.6,0,0.0,13,48.1,TE,StolJa00
4448,Jack Stoll,0.00,64,Sun,11,12,2022-11-27,24-303,PHI,,GNB,W 40-33,0.00,0.00,0.0,0.0,64,80.0,0,0.0,11,35.5,TE,StolJa00
4449,Jack Stoll,0.00,16,Sat,15,16,2022-12-24,24-330,PHI,@,DAL,L 34-40,0.00,0.00,0.0,0.0,16,22.5,0,0.0,15,48.4,TE,StolJa00
4450,Jack Stoll,0.00,10,Sun,16,17,2023-01-01,24-338,PHI,,NOR,L 10-20,0.00,0.00,0.0,0.0,10,18.2,0,0.0,13,50.0,TE,StolJa00
4451,Jack Stoll,0.00,26,Sun,17,18,2023-01-08,24-345,PHI,,NYG,W 22-16,0.00,0.00,0.0,0.0,26,35.6,0,0.0,12,42.9,TE,StolJa00
4452,Jack Stoll,0.00,13,Sun,1,1,2023-09-10,25-225,PHI,@,NWE,W 25-20,0.00,0.00,0.0,0.0,13,19.7,0,0.0,18,62.1,TE,StolJa00
4453,Jack Stoll,0.00,27,Thu,2,2,2023-09-14,25-229,PHI,,MIN,W 34-28,0.00,0.00,0.0,0.0,27,35.1,0,0.0,17,58.6,TE,StolJa00
4454,Jack Stoll,0.00,6,Sun,4,4,2023-10-01,25-246,PHI,,WAS,W 34-31 (OT),0.00,0.00,0.0,0.0,6,8.5,0,0.0,14,45.2,TE,StolJa00
4455,Jack Stoll,0.00,22,Sun,6,6,2023-10-15,25-260,PHI,@,NYJ,L 14-20,0.00,0.00,0.0,0.0,22,31.4,0,0.0,11,50.0,TE,StolJa00
4456,Jack Stoll,0.00,24,Sun,7,7,2023-10-22,25-267,PHI,,MIA,W 31-17,0.00,0.00,0.0,0.0,24,33.3,0,0.0,6,27.3,TE,StolJa00
4457,Jack Stoll,0.00,23,Sun,8,8,2023-10-29,25-274,PHI,@,WAS,W 38-31,0.00,0.00,0.0,0.0,23,36.5,0,0.0,13,46.4,TE,StolJa00
4458,Jack Stoll,0.00,27,Sun,9,9,2023-11-05,25-281,PHI,,DAL,W 28-23,0.00,0.00,0.0,0.0,27,43.5,0,0.0,9,37.5,TE,StolJa00
4459,Jack Stoll,0.00,26,Sun,12,13,2023-12-03,25-309,PHI,,SFO,L 19-42,0.00,0.00,0.0,0.0,26,36.1,0,0.0,6,23.1,TE,StolJa00
4460,Jack Stoll,0.00,11,Sun,13,14,2023-12-10,25-316,PHI,@,DAL,L 13-33,0.00,0.00,0.0,0.0,11,20.0,0,0.0,14,56.0,TE,StolJa00
4461,Jack Stoll,0.00,22,Mon,14,15,2023-12-18,25-324,PHI,@,SEA,L 17-20,0.00,0.00,0.0,0.0,22,31.9,0,0.0,13,48.1,TE,StolJa00
4462,Jack Stoll,0.00,39,Mon,15,16,2023-12-25,25-331,PHI,,NYG,W 33-25,0.00,0.00,0.0,0.0,39,52.0,0,0.0,14,48.3,TE,StolJa00
4463,Jack Stoll,0.00,30,Sun,16,17,2023-12-31,25-337,PHI,,ARI,L 31-35,0.00,0.00,0.0,0.0,30,61.2,0,0.0,14,56.0,TE,StolJa00
4464,Jack Stoll,0.00,13,Sun,3,3,2024-09-22,26-238,PHI,@,NOR,W 15-12,0.00,0.00,0.0,0.0,13,18.1,0,0.0,6,35.3,TE,StolJa00
4465,Jack Stoll,0.00,39,Sun,5,6,2024-10-13,26-259,PHI,,CLE,W 20-16,0.00,0.00,0.0,0.0,39,62.9,0,0.0,13,48.1,TE,StolJa00
4466,Jack Stoll,0.00,44,Sun,6,7,2024-10-20,26-266,PHI,@,NYG,W 28-3,0.00,0.00,0.0,0.0,44,66.7,0,0.0,15,46.9,TE,StolJa00
4467,Jack Stoll,0.00,31,Sun,8,9,2024-11-03,26-280,PHI,,JAX,W 28-23,0.00,0.00,0.0,0.0,31,39.2,0,0.0,11,47.8,TE,StolJa00
4468,Jack Stoll,0.00,17,Sun,9,10,2024-11-10,26-287,PHI,@,DAL,W 34-6,0.00,0.00,0.0,0.0,17,25.0,0,0.0,18,64.3,TE,StolJa00
4469,Jack Stoll,0.00,1,Sun,15,16,2024-12-22,26-329,MIA,,SFO,W 29-17,0.00,0.00,0.0,0.0,1,1.5,0,0.0,2,7.1,TE,StolJa00
4470,Jack Stoll,0.00,1,Sun,16,17,2024-12-29,26-336,MIA,@,CLE,W 20-3,0.00,0.00,0.0,0.0,1,1.7,0,0.0,11,47.8,TE,StolJa00
4471,Cade Stover,0.00,15,Sun,1,1,2024-09-08,24-088,HOU,@,IND,W 29-27,0.00,0.00,0.0,0.0,15,19.0,0,0.0,10,40.0,TE,StovCa00
4472,Cade Stover,0.00,19,Sun,3,3,2024-09-22,24-102,HOU,@,MIN,L 7-34,0.00,0.00,0.0,0.0,19,28.4,0,0.0,2,7.7,TE,StovCa00
4473,Cade Stover,0.00,34,Sun,6,6,2024-10-13,24-123,HOU,@,NWE,W 41-21,0.00,0.00,0.0,0.0,34,51.5,0,0.0,25,75.8,TE,StovCa00
4474,Cade Stover,0.00,35,Thu,9,9,2024-10-31,24-141,HOU,@,NYJ,L 13-21,0.00,0.00,0.0,0.0,35,44.3,0,0.0,17,65.4,TE,StovCa00
4475,Cade Stover,0.00,36,Sun,17,18,2025-01-05,24-207,HOU,@,TEN,W 23-14,0.00,0.00,0.0,0.0,36,60.0,0,0.0,19,82.6,TE,StovCa00
4476,Brenton Strange,0.00,27,Sun,1,1,2023-09-10,22-257,JAX,@,IND,W 31-21,0.00,0.00,0.0,0.0,27,38.6,0,0.0,13,46.4,TE,StraBr00
4477,Brenton Strange,0.00,17,Sun,2,2,2023-09-17,22-264,JAX,,KAN,L 9-17,0.00,0.00,0.0,0.0,17,25.4,0,0.0,9,40.9,TE,StraBr00
4478,Brenton Strange,0.00,24,Sun,4,4,2023-10-01,22-278,JAX,,ATL,W 23-7,0.00,0.00,0.0,0.0,24,36.4,0,0.0,16,72.7,TE,StraBr00
4479,Brenton Strange,0.00,24,Sun,5,5,2023-10-08,22-285,JAX,@,BUF,W 25-20,0.00,0.00,0.0,0.0,24,27.3,0,0.0,14,56.0,TE,StraBr00
4480,Brenton Strange,0.00,13,Thu,7,7,2023-10-19,22-296,JAX,@,NOR,W 31-24,0.00,0.00,0.0,0.0,13,23.2,0,0.0,14,43.8,TE,StraBr00
4481,Brenton Strange,0.00,29,Sun,8,8,2023-10-29,22-306,JAX,@,PIT,W 20-10,0.00,0.00,0.0,0.0,29,40.8,0,0.0,12,46.2,TE,StraBr00
4482,Brenton Strange,0.00,14,Sun,9,10,2023-11-12,22-320,JAX,,SFO,L 3-34,0.00,0.00,0.0,0.0,14,24.6,0,0.0,8,34.8,TE,StraBr00
4483,Brenton Strange,0.00,27,Sun,10,11,2023-11-19,22-327,JAX,,TEN,W 34-14,0.00,0.00,0.0,0.0,27,38.0,0,0.0,10,40.0,TE,StraBr00
4484,Brenton Strange,0.00,24,Sun,11,12,2023-11-26,22-334,JAX,@,HOU,W 24-21,0.00,0.00,0.0,0.0,24,31.6,0,0.0,13,50.0,TE,StraBr00
4485,Brenton Strange,0.00,11,Sun,15,16,2023-12-24,22-362,JAX,@,TAM,L 12-30,0.00,0.00,0.0,0.0,11,16.7,0,0.0,7,35.0,TE,StraBr00
4486,Brenton Strange,0.00,12,Sun,17,18,2024-01-07,23-011,JAX,@,TEN,L 20-28,0.00,0.00,0.0,0.0,12,16.9,0,0.0,9,40.9,TE,StraBr00
4487,Brenton Strange,0.00,19,Sun,1,1,2024-09-08,23-256,JAX,@,MIA,L 17-20,0.00,0.00,0.0,0.0,19,35.8,0,0.0,16,64.0,TE,StraBr00
4488,Brenton Strange,0.00,28,Sun,7,7,2024-10-20,23-298,JAX,,NWE,W 32-16,0.00,0.00,0.0,0.0,28,45.9,0,0.0,12,54.5,TE,StraBr00
4489,Brenton Strange,0.00,9,Sun,9,9,2024-11-03,23-312,JAX,@,PHI,L 23-28,0.00,0.00,0.0,0.0,9,16.7,0,0.0,16,69.6,TE,StraBr00
4490,Brenton Strange,0.00,42,Sun,16,17,2024-12-29,24-002,JAX,,TEN,W 20-13,0.00,0.00,0.0,0.0,42,72.4,0,0.0,10,47.6,TE,StraBr00
4491,Stephen Sullivan,0.00,2,Sun,3,3,2022-09-25,25-301,CAR,,NOR,W 22-14,0.00,0.00,0.0,0.0,2,3.3,0,0.0,13,44.8,TE,SullSt00
4492,Stephen Sullivan,0.00,1,Sun,4,4,2022-10-02,25-308,CAR,,ARI,L 16-26,0.00,0.00,0.0,0.0,1,1.9,0,0.0,11,47.8,TE,SullSt00
4493,Stephen Sullivan,0.00,4,Sun,6,6,2022-10-16,25-322,CAR,@,LAR,L 10-24,0.00,0.00,0.0,0.0,4,9.1,0,0.0,13,50.0,TE,SullSt00
4494,Stephen Sullivan,0.00,2,Sun,7,7,2022-10-23,25-329,CAR,,TAM,W 21-3,0.00,0.00,0.0,0.0,2,4.0,0,0.0,12,50.0,TE,SullSt00
4495,Stephen Sullivan,0.00,6,Thu,10,10,2022-11-10,25-347,CAR,,ATL,W 25-15,0.00,0.00,0.0,0.0,6,9.1,0,0.0,12,41.4,TE,SullSt00
4496,Stephen Sullivan,0.00,15,Sun,11,11,2022-11-20,25-357,CAR,@,BAL,L 3-13,0.00,0.00,0.0,0.0,15,26.3,0,0.0,9,39.1,TE,SullSt00
4497,Stephen Sullivan,0.00,15,Sun,12,12,2022-11-27,25-364,CAR,,DEN,W 23-10,0.00,0.00,0.0,0.0,15,22.7,0,0.0,14,46.7,TE,SullSt00
4498,Stephen Sullivan,0.00,18,Sun,13,14,2022-12-11,26-013,CAR,@,SEA,W 30-24,0.00,0.00,0.0,0.0,18,25.0,0,0.0,15,53.6,TE,SullSt00
4499,Stephen Sullivan,0.00,13,Sun,14,15,2022-12-18,26-020,CAR,,PIT,L 16-24,0.00,0.00,0.0,0.0,13,28.3,0,0.0,11,44.0,TE,SullSt00
4500,Stephen Sullivan,0.00,15,Sat,15,16,2022-12-24,26-026,CAR,,DET,W 37-23,0.00,0.00,0.0,0.0,15,22.1,0,0.0,13,44.8,TE,SullSt00
4501,Stephen Sullivan,0.00,12,Sun,16,17,2023-01-01,26-034,CAR,@,TAM,L 24-30,0.00,0.00,0.0,0.0,12,18.2,0,0.0,11,35.5,TE,SullSt00
4502,Stephen Sullivan,0.00,9,Sun,17,18,2023-01-08,26-041,CAR,@,NOR,W 10-7,0.00,0.00,0.0,0.0,9,15.3,0,0.0,7,35.0,TE,SullSt00
4503,Stephen Sullivan,0.00,6,Sun,6,6,2023-10-15,26-321,CAR,@,MIA,L 21-42,0.00,0.00,0.0,0.0,6,8.7,0,0.0,17,56.7,TE,SullSt00
4504,Stephen Sullivan,0.00,27,Sun,13,14,2023-12-10,27-012,CAR,@,NOR,L 6-28,0.00,0.00,0.0,0.0,27,33.8,0,0.0,16,66.7,TE,SullSt00
4505,Stephen Sullivan,0.00,12,Sun,16,17,2023-12-31,27-033,CAR,@,JAX,L 0-26,0.00,0.00,0.0,0.0,12,22.2,0,0.0,16,69.6,TE,SullSt00
4506,Stephen Sullivan,0.00,5,Sun,17,18,2024-01-07,27-040,CAR,,TAM,L 0-9,0.00,0.00,0.0,0.0,5,9.6,0,0.0,16,80.0,TE,SullSt00
4507,Stephen Sullivan,0.00,8,Sun,12,13,2024-12-01,28-003,CAR,,TAM,L 23-26 (OT),0.00,0.00,0.0,0.0,8,11.4,0,0.0,9,25.0,TE,SullSt00
4508,Geoff Swaim,0.00,11,Sun,3,3,2024-09-22,31-006,CLE,,NYG,L 15-21,0.00,0.00,0.0,0.0,11,16.4,0,0.0,8,30.8,TE,SwaiGe00
4509,Geoff Swaim,0.00,24,Sun,4,4,2024-09-29,31-013,CLE,@,LVR,L 16-20,0.00,0.00,0.0,0.0,24,40.7,0,0.0,6,23.1,TE,SwaiGe00
4510,Geoff Swaim,0.00,21,Sun,5,5,2024-10-06,31-020,CLE,@,WAS,L 13-34,0.00,0.00,0.0,0.0,21,33.9,0,0.0,16,51.6,TE,SwaiGe00
4511,Geoff Swaim,0.00,19,Sun,6,6,2024-10-13,31-027,CLE,@,PHI,L 16-20,0.00,0.00,0.0,0.0,19,33.3,0,0.0,14,51.9,TE,SwaiGe00
4512,Geoff Swaim,0.00,21,Sun,7,7,2024-10-20,31-034,CLE,,CIN,L 14-21,0.00,0.00,0.0,0.0,21,25.0,0,0.0,14,50.0,TE,SwaiGe00
4513,Geoff Swaim,0.00,12,Sun,9,9,2024-11-03,31-048,CLE,,LAC,L 10-27,0.00,0.00,0.0,0.0,12,15.2,0,0.0,14,48.3,TE,SwaiGe00
4514,Geoff Swaim,0.00,10,Sun,10,11,2024-11-17,31-062,CLE,@,NOR,L 14-35,0.00,0.00,0.0,0.0,10,13.7,0,0.0,14,56.0,TE,SwaiGe00
4515,Geoff Swaim,0.00,18,Sun,1,1,2023-09-10,29-359,ARI,@,WAS,L 16-20,0.00,0.00,0.0,0.0,18,29.0,0,0.0,8,28.6,TE,SwaiGe00
4516,Geoff Swaim,0.00,28,Sun,2,2,2023-09-17,30-001,ARI,,NYG,L 28-31,0.00,0.00,0.0,0.0,28,43.1,0,0.0,11,39.3,TE,SwaiGe00
4517,Geoff Swaim,0.00,32,Sun,3,3,2023-09-24,30-008,ARI,,DAL,W 28-16,0.00,0.00,0.0,0.0,32,52.5,0,0.0,13,52.0,TE,SwaiGe00
4518,Geoff Swaim,0.00,20,Sun,4,4,2023-10-01,30-015,ARI,@,SFO,L 16-35,0.00,0.00,0.0,0.0,20,28.2,0,0.0,9,40.9,TE,SwaiGe00
4519,Geoff Swaim,0.00,15,Sun,6,6,2023-10-15,30-029,ARI,@,LAR,L 9-26,0.00,0.00,0.0,0.0,15,19.7,0,0.0,9,33.3,TE,SwaiGe00
4520,Geoff Swaim,0.00,27,Sun,8,8,2023-10-29,30-043,ARI,,BAL,L 24-31,0.00,0.00,0.0,0.0,27,35.1,0,0.0,12,42.9,TE,SwaiGe00
4521,Geoff Swaim,0.00,25,Sun,9,9,2023-11-05,30-050,ARI,@,CLE,L 0-27,0.00,0.00,0.0,0.0,25,48.1,0,0.0,14,50.0,TE,SwaiGe00
4522,Geoff Swaim,0.00,20,Sun,12,12,2023-11-26,30-071,ARI,,LAR,L 14-37,0.00,0.00,0.0,0.0,20,28.2,0,0.0,16,57.1,TE,SwaiGe00
4523,Geoff Swaim,0.00,27,Mon,2,2,2022-09-19,29-003,TEN,@,BUF,L 7-41,0.00,0.00,0.0,0.0,27,48.2,0,0.0,15,55.6,TE,SwaiGe00
4524,Geoff Swaim,0.00,40,Sun,4,4,2022-10-02,29-016,TEN,@,IND,W 24-17,0.00,0.00,0.0,0.0,40,74.1,0,0.0,11,47.8,TE,SwaiGe00
4525,Geoff Swaim,0.00,37,Sun,6,7,2022-10-23,29-037,TEN,,IND,W 19-10,0.00,0.00,0.0,0.0,37,62.7,0,0.0,11,45.8,TE,SwaiGe00
4526,Geoff Swaim,0.00,39,Sun,7,8,2022-10-30,29-044,TEN,@,HOU,W 17-10,0.00,0.00,0.0,0.0,39,67.2,0,0.0,8,29.6,TE,SwaiGe00
4527,Geoff Swaim,0.00,33,Sun,8,9,2022-11-06,29-051,TEN,@,KAN,L 17-20 (OT),0.00,0.00,0.0,0.0,33,64.7,0,0.0,3,9.7,TE,SwaiGe00
4528,Geoff Swaim,0.00,33,Sun,9,10,2022-11-13,29-058,TEN,,DEN,W 17-10,0.00,0.00,0.0,0.0,33,53.2,0,0.0,3,10.3,TE,SwaiGe00
4529,Geoff Swaim,0.00,31,Sun,11,12,2022-11-27,29-072,TEN,,CIN,L 16-20,0.00,0.00,0.0,0.0,31,54.4,0,0.0,5,16.7,TE,SwaiGe00
4530,Geoff Swaim,0.00,17,Sun,13,14,2022-12-11,29-086,TEN,,JAX,L 22-36,0.00,0.00,0.0,0.0,17,25.4,0,0.0,10,38.5,TE,SwaiGe00
4531,Geoff Swaim,0.00,32,Sun,14,15,2022-12-18,29-093,TEN,@,LAC,L 14-17,0.00,0.00,0.0,0.0,32,51.6,0,0.0,7,25.9,TE,SwaiGe00
4532,Geoff Swaim,0.00,24,Sat,15,16,2022-12-24,29-099,TEN,,HOU,L 14-19,0.00,1.00,0.9,0.4,24,39.3,0,0.0,2,8.3,TE,SwaiGe00
4533,Tommy Sweeney,0.00,10,Thu,1,1,2022-09-08,27-069,BUF,@,LAR,W 31-10,0.00,0.00,0.0,0.0,10,16.9,0,0.0,7,36.8,TE,SweeTo00
4534,Tommy Sweeney,0.00,23,Sun,5,5,2022-10-09,27-100,BUF,,PIT,W 38-3,0.00,0.00,0.0,0.0,23,41.1,0,0.0,2,8.0,TE,SweeTo00
4535,Tommy Sweeney,0.00,22,Thu,12,13,2022-12-01,27-153,BUF,@,NWE,W 24-10,0.00,0.00,0.0,0.0,22,29.3,0,0.0,15,62.5,TE,SweeTo00
4536,Tommy Sweeney,0.00,5,Sun,13,14,2022-12-11,27-163,BUF,,NYJ,W 20-12,0.00,0.00,0.0,0.0,5,8.5,0,0.0,21,70.0,TE,SweeTo00
4537,Ian Thomas,0.00,18,Sun,9,9,2022-11-06,26-153,CAR,@,CIN,L 21-42,0.00,0.00,0.0,0.0,18,36.7,0,0.0,10,34.5,TE,ThomIa00
4538,Ian Thomas,0.00,33,Thu,10,10,2022-11-10,26-157,CAR,,ATL,W 25-15,0.00,0.00,0.0,0.0,33,50.0,0,0.0,9,31.0,TE,ThomIa00
4539,Ian Thomas,0.00,21,Sun,14,15,2022-12-18,26-195,CAR,,PIT,L 16-24,0.00,0.00,0.0,0.0,21,45.7,0,0.0,9,36.0,TE,ThomIa00
4540,Ian Thomas,0.00,34,Sun,17,18,2023-01-08,26-216,CAR,@,NOR,W 10-7,0.00,0.00,0.0,0.0,34,57.6,0,0.0,4,20.0,TE,ThomIa00
4541,Ian Thomas,0.00,15,Sun,1,1,2023-09-10,27-096,CAR,@,ATL,L 10-24,0.00,0.00,0.0,0.0,15,19.5,0,0.0,7,26.9,TE,ThomIa00
4542,Ian Thomas,0.00,19,Mon,2,2,2023-09-18,27-104,CAR,,NOR,L 17-20,0.00,0.00,0.0,0.0,19,31.7,0,0.0,8,29.6,TE,ThomIa00
4543,Ian Thomas,0.00,25,Sun,4,4,2023-10-01,27-117,CAR,,MIN,L 13-21,0.00,0.00,0.0,0.0,25,34.7,0,0.0,4,18.2,TE,ThomIa00
4544,Ian Thomas,0.00,16,Sun,10,11,2023-11-19,27-166,CAR,,DAL,L 10-33,0.00,0.00,0.0,0.0,16,27.1,0,0.0,15,55.6,TE,ThomIa00
4545,Ian Thomas,0.00,3,Sun,13,14,2023-12-10,27-187,CAR,@,NOR,L 6-28,0.00,0.00,0.0,0.0,3,3.8,0,0.0,7,29.2,TE,ThomIa00
4546,Ian Thomas,0.00,12,Sun,15,16,2023-12-24,27-201,CAR,,GNB,L 30-33,0.00,0.00,0.0,0.0,12,18.2,0,0.0,6,20.0,TE,ThomIa00
4547,Ian Thomas,0.00,6,Sun,16,17,2023-12-31,27-208,CAR,@,JAX,L 0-26,0.00,0.00,0.0,0.0,6,11.1,0,0.0,7,30.4,TE,ThomIa00
4548,Ian Thomas,0.00,22,Sun,6,6,2024-10-13,28-129,CAR,,ATL,L 20-38,0.00,0.00,0.0,0.0,22,33.3,0,0.0,0,0.0,TE,ThomIa00
4549,Ian Thomas,0.00,17,Sun,8,8,2024-10-27,28-143,CAR,@,DEN,L 14-28,0.00,0.00,0.0,0.0,17,27.9,0,0.0,7,29.2,TE,ThomIa00
4550,Ian Thomas,0.00,21,Sun,9,9,2024-11-03,28-150,CAR,,NOR,W 23-22,0.00,0.00,0.0,0.0,21,39.6,0,0.0,2,6.9,TE,ThomIa00
4551,Logan Thomas,0.00,34,Sun,8,8,2022-10-30,31-121,WAS,@,IND,W 17-16,0.00,0.00,0.0,0.0,34,55.7,0,0.0,0,0.0,TE,ThomLo00
4552,Logan Thomas,0.00,46,Sun,9,9,2022-11-06,31-128,WAS,,MIN,L 17-20,0.00,0.00,0.0,0.0,46,71.9,0,0.0,0,0.0,TE,ThomLo00
4553,Logan Thomas,0.00,34,Sun,13,13,2023-12-03,32-155,WAS,,MIA,L 15-45,0.00,0.00,2.0,2.0,34,61.8,0,0.0,0,0.0,TE,ThomLo00
4554,Noah Togiai,0.00,11,Sun,1,1,2022-09-11,25-067,PHI,@,DET,W 38-35,0.00,0.00,0.0,0.0,11,14.3,0,0.0,6,19.4,TE,TogiNo00
4555,Noah Togiai,0.00,1,Mon,2,2,2022-09-19,25-075,PHI,,MIN,W 24-7,0.00,0.00,0.0,0.0,1,1.4,0,0.0,5,23.8,TE,TogiNo00
4556,Noah Togiai,0.00,7,Sun,11,12,2023-11-26,26-143,PHI,,BUF,W 37-34 (OT),0.00,0.00,0.0,0.0,7,10.6,0,0.0,12,33.3,TE,TogiNo00
4557,Eric Tomlinson,0.00,7,Sun,1,1,2024-09-08,32-139,LAC,,LVR,W 22-10,0.00,0.00,0.0,0.0,7,12.3,0,0.0,4,14.3,TE,TomlEr01
4558,Eric Tomlinson,0.00,15,Sun,2,2,2024-09-15,32-146,LAC,@,CAR,W 26-3,0.00,0.00,0.0,0.0,15,21.7,0,0.0,5,20.8,TE,TomlEr01
4559,Eric Tomlinson,0.00,4,Sun,3,3,2024-09-22,32-153,LAC,@,PIT,L 10-20,0.00,0.00,0.0,0.0,4,8.7,0,0.0,7,26.9,TE,TomlEr01
4560,Eric Tomlinson,0.00,7,Sun,4,4,2024-09-29,32-160,LAC,,KAN,L 10-17,0.00,0.00,0.0,0.0,7,12.5,0,0.0,13,54.2,TE,TomlEr01
4561,Eric Tomlinson,0.00,28,Sun,5,6,2024-10-13,32-174,LAC,@,DEN,W 23-16,0.00,0.00,0.0,0.0,28,35.9,0,0.0,14,51.9,TE,TomlEr01
4562,Eric Tomlinson,0.00,25,Sun,7,8,2024-10-27,32-188,LAC,,NOR,W 26-8,0.00,0.00,0.0,0.0,25,37.9,0,0.0,15,44.1,TE,TomlEr01
4563,Eric Tomlinson,0.00,9,Sun,14,15,2024-12-15,32-237,LAC,,TAM,L 17-40,0.00,0.00,0.0,0.0,9,17.3,0,0.0,0,0.0,TE,TomlEr01
4564,Eric Tomlinson,0.00,20,Mon,1,1,2022-09-12,30-143,DEN,@,SEA,L 16-17,0.00,0.00,0.0,0.0,20,30.3,0,0.0,0,0.0,TE,TomlEr01
4565,Eric Tomlinson,0.00,24,Sun,2,2,2022-09-18,30-149,DEN,,HOU,W 16-9,0.00,0.00,0.0,0.0,24,33.3,0,0.0,0,0.0,TE,TomlEr01
4566,Eric Tomlinson,0.00,35,Sun,3,3,2022-09-25,30-156,DEN,,SFO,W 11-10,0.00,0.00,0.0,0.0,35,47.3,0,0.0,0,0.0,TE,TomlEr01
4567,Eric Tomlinson,0.00,24,Sun,4,4,2022-10-02,30-163,DEN,@,LVR,L 23-32,0.00,0.00,0.0,0.0,24,45.3,0,0.0,0,0.0,TE,TomlEr01
4568,Eric Tomlinson,0.00,35,Thu,5,5,2022-10-06,30-167,DEN,,IND,L 9-12 (OT),0.00,0.00,0.0,0.0,35,47.9,0,0.0,0,0.0,TE,TomlEr01
4569,Eric Tomlinson,0.00,18,Sun,8,8,2022-10-30,30-191,DEN,@,JAX,W 21-17,0.00,0.00,0.0,0.0,18,29.5,0,0.0,1,3.8,TE,TomlEr01
4570,Eric Tomlinson,0.00,21,Sun,9,10,2022-11-13,30-205,DEN,@,TEN,L 10-17,0.00,0.00,0.0,0.0,21,26.3,0,0.0,6,20.7,TE,TomlEr01
4571,Eric Tomlinson,0.00,26,Sun,10,11,2022-11-20,30-212,DEN,,LVR,L 16-22 (OT),0.00,0.00,0.0,0.0,26,40.6,0,0.0,10,34.5,TE,TomlEr01
4572,Eric Tomlinson,0.00,9,Sun,11,12,2022-11-27,30-219,DEN,@,CAR,L 10-23,0.00,0.00,0.0,0.0,9,15.0,0,0.0,2,6.7,TE,TomlEr01
4573,Eric Tomlinson,0.00,27,Sun,12,13,2022-12-04,30-226,DEN,@,BAL,L 9-10,0.00,0.00,0.0,0.0,27,50.9,0,0.0,11,42.3,TE,TomlEr01
4574,Eric Tomlinson,0.00,11,Sun,15,16,2022-12-25,30-247,DEN,@,LAR,L 14-51,0.00,0.00,0.0,0.0,11,16.4,0,0.0,3,11.5,TE,TomlEr01
4575,Eric Tomlinson,0.00,23,Sun,16,17,2023-01-01,30-254,DEN,@,KAN,L 24-27,0.00,0.00,0.0,0.0,23,32.9,0,0.0,9,31.0,TE,TomlEr01
4576,Jake Tonges,0.00,1,Mon,1,1,2024-09-09,25-063,SFO,,NYJ,W 32-19,0.00,0.00,0.0,0.0,1,1.4,0,0.0,16,61.5,TE,TongJa00
4577,Jake Tonges,0.00,1,Sun,2,2,2024-09-15,25-069,SFO,@,MIN,L 17-23,0.00,0.00,0.0,0.0,1,1.4,0,0.0,13,56.5,TE,TongJa00
4578,Jake Tonges,0.00,16,Sun,3,3,2024-09-22,25-076,SFO,@,LAR,L 24-27,0.00,0.00,0.0,0.0,16,22.5,0,0.0,13,48.1,TE,TongJa00
4579,Jake Tonges,0.00,5,Sun,4,4,2024-09-29,25-083,SFO,,NWE,W 30-13,0.00,0.00,0.0,0.0,5,7.9,0,0.0,12,46.2,TE,TongJa00
4580,Jake Tonges,0.00,1,Thu,6,6,2024-10-10,25-094,SFO,@,SEA,W 36-24,0.00,0.00,0.0,0.0,1,1.5,0,0.0,17,56.7,TE,TongJa00
4581,Jake Tonges,0.00,1,Sun,7,7,2024-10-20,25-104,SFO,,KAN,L 18-28,0.00,0.00,0.0,0.0,1,1.6,0,0.0,12,50.0,TE,TongJa00
4582,Jake Tonges,0.00,2,Sun,8,8,2024-10-27,25-111,SFO,,DAL,W 30-24,0.00,0.00,0.0,0.0,2,2.9,0,0.0,15,50.0,TE,TongJa00
4583,Jake Tonges,0.00,2,Sun,9,10,2024-11-10,25-125,SFO,@,TAM,W 23-20,0.00,0.00,0.0,0.0,2,3.1,0,0.0,14,48.3,TE,TongJa00
4584,Jake Tonges,0.00,1,Sun,11,12,2024-11-24,25-139,SFO,@,GNB,L 10-38,0.00,0.00,0.0,0.0,1,2.0,0,0.0,9,36.0,TE,TongJa00
4585,Jake Tonges,0.00,3,Sun,13,14,2024-12-08,25-153,SFO,,CHI,W 38-13,0.00,0.00,0.0,0.0,3,4.9,0,0.0,24,96.0,TE,TongJa00
4586,Jake Tonges,0.00,1,Sun,17,18,2025-01-05,25-181,SFO,@,ARI,L 24-47,0.00,0.00,0.0,0.0,1,1.3,0,0.0,22,66.7,TE,TongJa00
4587,Jake Tonges,0.00,9,Sun,1,1,2022-09-11,23-065,CHI,,SFO,W 19-10,0.00,0.00,0.0,0.0,9,15.5,0,0.0,0,0.0,TE,TongJa00
4588,Jake Tonges,0.00,6,Sun,3,3,2022-09-25,23-079,CHI,,HOU,W 23-20,0.00,0.00,0.0,0.0,6,9.5,0,0.0,4,13.8,TE,TongJa00
4589,Jake Tonges,0.00,1,Sun,4,4,2022-10-02,23-086,CHI,@,NYG,L 12-20,0.00,0.00,0.0,0.0,1,1.6,0,0.0,0,0.0,TE,TongJa00
4590,Robert Tonyan,0.00,4,Sun,1,1,2023-09-10,29-133,CHI,,GNB,L 20-38,0.00,0.00,0.0,0.0,4,5.4,0,0.0,4,14.3,TE,TonyRo00
4591,Robert Tonyan,0.00,18,Sun,2,2,2023-09-17,29-140,CHI,@,TAM,L 17-27,0.00,0.00,0.0,0.0,18,34.0,0,0.0,13,48.1,TE,TonyRo00
4592,Robert Tonyan,0.00,8,Sun,3,3,2023-09-24,29-147,CHI,@,KAN,L 10-41,0.00,0.00,0.0,0.0,8,15.7,0,0.0,13,52.0,TE,TonyRo00
4593,Robert Tonyan,0.00,22,Sun,7,7,2023-10-22,29-175,CHI,,LVR,W 30-12,0.00,0.00,0.0,0.0,22,31.0,0,0.0,12,52.2,TE,TonyRo00
4594,Robert Tonyan,0.00,23,Thu,10,10,2023-11-09,29-193,CHI,,CAR,W 16-13,0.00,0.00,0.0,0.0,23,31.9,0,0.0,14,50.0,TE,TonyRo00
4595,Robert Tonyan,0.00,13,Sun,11,11,2023-11-19,29-203,CHI,@,DET,L 26-31,0.00,0.00,0.0,0.0,13,17.3,0,0.0,13,50.0,TE,TonyRo00
4596,Robert Tonyan,0.00,19,Mon,12,12,2023-11-27,29-211,CHI,@,MIN,W 12-10,0.00,0.00,0.0,0.0,19,27.1,0,0.0,10,50.0,TE,TonyRo00
4597,Robert Tonyan,0.00,17,Sun,13,14,2023-12-10,29-224,CHI,,DET,W 28-13,0.00,0.00,0.0,0.0,17,23.9,0,0.0,11,45.8,TE,TonyRo00
4598,Robert Tonyan,0.00,17,Sun,14,15,2023-12-17,29-231,CHI,@,CLE,L 17-20,0.00,0.00,0.0,0.0,17,23.3,0,0.0,18,51.4,TE,TonyRo00
4599,Robert Tonyan,0.00,16,Sun,17,18,2024-01-07,29-252,CHI,@,GNB,L 9-17,0.00,0.00,0.0,0.0,16,33.3,0,0.0,6,33.3,TE,TonyRo00
4600,Robert Tonyan,0.00,3,Sun,3,3,2024-09-22,30-145,MIN,,HOU,W 34-7,0.00,0.00,0.0,0.0,3,4.8,0,0.0,13,50.0,TE,TonyRo00
4601,Robert Tonyan,0.00,7,Sun,4,4,2024-09-29,30-152,MIN,@,GNB,W 31-29,0.00,0.00,0.0,0.0,7,10.3,0,0.0,10,34.5,TE,TonyRo00
4602,Robert Tonyan,0.00,1,Sun,5,5,2024-10-06,30-159,MIN,,NYJ,W 23-17,0.00,0.00,0.0,0.0,1,1.4,0,0.0,5,17.2,TE,TonyRo00
4603,Robert Tonyan,0.00,2,Sun,6,7,2024-10-20,30-173,MIN,,DET,L 29-31,0.00,0.00,0.0,0.0,2,3.3,0,0.0,5,16.1,TE,TonyRo00
4604,Robert Tonyan,0.00,2,Thu,7,8,2024-10-24,30-177,MIN,@,LAR,L 20-30,0.00,0.00,0.0,0.0,2,4.0,0,0.0,4,16.0,TE,TonyRo00
4605,Adam Trautman,0.00,25,Sun,1,1,2022-09-11,25-218,NOR,@,ATL,W 27-26,0.00,0.00,0.0,0.0,25,41.0,0,0.0,4,12.5,TE,TrauAd00
4606,Adam Trautman,0.00,33,Sun,2,2,2022-09-18,25-225,NOR,,TAM,L 10-20,0.00,0.00,0.0,0.0,33,48.5,0,0.0,2,7.7,TE,TrauAd00
4607,Adam Trautman,0.00,36,Sun,14,15,2022-12-18,25-316,NOR,,ATL,W 21-18,0.00,0.00,0.0,0.0,36,65.5,0,0.0,4,18.2,TE,TrauAd00
4608,Adam Trautman,0.00,40,Sat,15,16,2022-12-24,25-322,NOR,@,CLE,W 17-10,0.00,0.00,0.0,0.0,40,74.1,0,0.0,2,9.1,TE,TrauAd00
4609,Adam Trautman,0.00,54,Sun,2,2,2023-09-17,26-224,DEN,,WAS,L 33-35,0.00,0.00,0.0,0.0,54,81.8,0,0.0,0,0.0,TE,TrauAd00
4610,Adam Trautman,0.00,54,Sun,3,3,2023-09-24,26-231,DEN,@,MIA,L 20-70,0.00,0.00,0.0,0.0,54,87.1,0,0.0,0,0.0,TE,TrauAd00
4611,Adam Trautman,0.00,42,Sun,4,4,2023-10-01,26-238,DEN,@,CHI,W 31-28,0.00,0.00,0.0,0.0,42,87.5,0,0.0,0,0.0,TE,TrauAd00
4612,Adam Trautman,0.00,58,Sun,8,8,2023-10-29,26-266,DEN,,KAN,W 24-9,0.00,0.00,0.0,0.0,58,81.7,0,0.0,0,0.0,TE,TrauAd00
4613,Adam Trautman,0.00,34,Sun,15,16,2023-12-24,26-322,DEN,,NWE,L 23-26,0.00,0.00,0.0,0.0,34,49.3,0,0.0,0,0.0,TE,TrauAd00
4614,Adam Trautman,0.00,24,Sun,1,1,2024-09-08,27-216,DEN,@,SEA,L 20-26,0.00,0.00,0.0,0.0,24,34.8,0,0.0,8,23.5,TE,TrauAd00
4615,Adam Trautman,0.00,25,Sun,2,2,2024-09-15,27-223,DEN,,PIT,L 6-13,0.00,0.00,0.0,0.0,25,41.0,0,0.0,3,12.0,TE,TrauAd00
4616,Adam Trautman,0.00,28,Sun,4,4,2024-09-29,27-237,DEN,@,NYJ,W 10-9,0.00,0.00,0.0,0.0,28,45.9,0,0.0,3,10.7,TE,TrauAd00
4617,Adam Trautman,0.00,17,Sun,6,6,2024-10-13,27-251,DEN,,LAC,L 16-23,0.00,0.00,0.0,0.0,17,30.9,0,0.0,6,22.2,TE,TrauAd00
4618,Adam Trautman,0.00,40,Thu,7,7,2024-10-17,27-255,DEN,@,NOR,W 33-10,0.00,0.00,0.0,0.0,40,61.5,0,0.0,3,10.3,TE,TrauAd00
4619,Adam Trautman,0.00,37,Sun,11,11,2024-11-17,27-286,DEN,,ATL,W 38-6,0.00,0.00,0.0,0.0,37,59.7,0,0.0,3,11.5,TE,TrauAd00
4620,Adam Trautman,0.00,37,Mon,13,13,2024-12-02,27-301,DEN,,CLE,W 41-32,0.00,0.00,0.0,0.0,37,56.1,0,0.0,6,16.2,TE,TrauAd00
4621,Adam Trautman,0.00,47,Sun,17,18,2025-01-05,27-335,DEN,,KAN,W 38-0,0.00,0.00,0.0,0.0,47,63.5,0,0.0,1,4.3,TE,TrauAd00
4622,Tommy Tremble,0.00,10,Sun,2,2,2022-09-18,22-108,CAR,@,NYG,L 16-19,0.00,0.00,0.0,0.0,10,17.2,0,0.0,15,50.0,TE,TremTo00
4623,Tommy Tremble,0.00,39,Sun,5,5,2022-10-09,22-129,CAR,,SFO,L 15-37,0.00,0.00,0.0,0.0,39,56.5,0,0.0,21,75.0,TE,TremTo00
4624,Tommy Tremble,0.00,24,Sun,6,6,2022-10-16,22-136,CAR,@,LAR,L 10-24,0.00,0.00,0.0,0.0,24,54.5,0,0.0,14,53.8,TE,TremTo00
4625,Tommy Tremble,0.00,39,Thu,10,10,2022-11-10,22-161,CAR,,ATL,W 25-15,0.00,0.00,0.0,0.0,39,59.1,0,0.0,15,51.7,TE,TremTo00
4626,Tommy Tremble,0.00,21,Sun,11,11,2022-11-20,22-171,CAR,@,BAL,L 3-13,0.00,0.00,0.0,0.0,21,36.8,0,0.0,11,47.8,TE,TremTo00
4627,Tommy Tremble,0.00,29,Sun,13,14,2022-12-11,22-192,CAR,@,SEA,W 30-24,0.00,0.00,0.0,0.0,29,40.3,0,0.0,13,46.4,TE,TremTo00
4628,Tommy Tremble,0.00,18,Sun,1,1,2023-09-10,23-100,CAR,@,ATL,L 10-24,0.00,0.00,0.0,0.0,18,23.4,0,0.0,16,61.5,TE,TremTo00
4629,Tommy Tremble,0.00,8,Mon,2,2,2023-09-18,23-108,CAR,,NOR,L 17-20,0.00,0.00,0.0,0.0,8,13.3,0,0.0,22,81.5,TE,TremTo00
4630,Tommy Tremble,0.00,31,Sun,4,4,2023-10-01,23-121,CAR,,MIN,L 13-21,0.00,0.00,0.0,0.0,31,43.1,0,0.0,10,45.5,TE,TremTo00
4631,Tommy Tremble,0.00,61,Sun,4,4,2024-09-29,24-119,CAR,,CIN,L 24-34,0.00,0.00,0.0,0.0,61,87.1,0,0.0,0,0.0,TE,TremTo00
4632,Tommy Tremble,0.00,25,Sun,16,17,2024-12-29,24-210,CAR,@,TAM,L 14-48,0.00,0.00,0.0,0.0,25,53.2,0,0.0,7,23.3,TE,TremTo00
4633,Cole Turner,0.00,32,Sun,5,5,2022-10-09,22-207,WAS,,TEN,L 17-21,0.00,0.00,0.0,0.0,32,50.8,0,0.0,1,3.6,TE,TurnCo00
4634,Cole Turner,0.00,27,Sun,7,7,2022-10-23,22-221,WAS,,GNB,W 23-21,0.00,0.00,0.0,0.0,27,36.5,0,0.0,0,0.0,TE,TurnCo00
4635,Cole Turner,0.00,26,Sun,11,11,2022-11-20,22-249,WAS,@,HOU,W 23-10,0.00,0.00,0.0,0.0,26,38.2,0,0.0,8,29.6,TE,TurnCo00
4636,Cole Turner,0.00,20,Sun,12,12,2022-11-27,22-256,WAS,,ATL,W 19-13,0.00,0.00,0.0,0.0,20,32.3,0,0.0,8,33.3,TE,TurnCo00
4637,Cole Turner,0.00,24,Sun,13,13,2022-12-04,22-263,WAS,@,NYG,T 20-20 (OT),0.00,0.00,0.0,0.0,24,28.2,0,0.0,10,29.4,TE,TurnCo00
4638,Cole Turner,0.00,17,Sun,14,15,2022-12-18,22-277,WAS,,NYG,L 12-20,0.00,0.00,0.0,0.0,17,27.0,0,0.0,8,32.0,TE,TurnCo00
4639,Cole Turner,0.00,21,Sat,15,16,2022-12-24,22-283,WAS,@,SFO,L 20-37,0.00,0.00,0.0,0.0,21,28.8,0,0.0,10,37.0,TE,TurnCo00
4640,Cole Turner,0.00,14,Sun,16,17,2023-01-01,22-291,WAS,,CLE,L 10-24,0.00,0.00,0.0,0.0,14,20.3,0,0.0,8,38.1,TE,TurnCo00
4641,Cole Turner,0.00,11,Sun,17,18,2023-01-08,22-298,WAS,,DAL,W 26-6,0.00,0.00,0.0,0.0,11,16.7,0,0.0,3,8.8,TE,TurnCo00
4642,Cole Turner,0.00,6,Sun,4,4,2023-10-01,23-199,WAS,@,PHI,L 31-34 (OT),0.00,0.00,0.0,0.0,6,7.7,0,0.0,10,32.3,TE,TurnCo00
4643,Cole Turner,0.00,9,Sun,6,6,2023-10-15,23-213,WAS,@,ATL,W 24-16,0.00,0.00,0.0,0.0,9,17.6,0,0.0,4,16.7,TE,TurnCo00
4644,Cole Turner,0.00,14,Sun,7,7,2023-10-22,23-220,WAS,@,NYG,L 7-14,0.00,0.00,0.0,0.0,14,20.3,0,0.0,2,6.9,TE,TurnCo00
4645,Cole Turner,0.00,4,Sun,9,9,2023-11-05,23-234,WAS,@,NWE,W 20-17,0.00,0.00,0.0,0.0,4,5.1,0,0.0,5,17.9,TE,TurnCo00
4646,Cole Turner,0.00,4,Sun,15,16,2023-12-24,23-283,WAS,@,NYJ,L 28-30,0.00,0.00,0.0,0.0,4,6.6,0,0.0,10,27.8,TE,TurnCo00
4647,C.J. Uzomah,0.00,23,Sun,1,1,2022-09-11,29-240,NYJ,,BAL,L 9-24,0.00,0.00,0.0,0.0,23,27.4,0,0.0,14,51.9,TE,UzomC.00
4648,C.J. Uzomah,0.00,31,Sun,4,4,2022-10-02,29-261,NYJ,@,PIT,W 24-20,0.00,0.00,0.0,0.0,31,44.3,0,0.0,13,50.0,TE,UzomC.00
4649,C.J. Uzomah,0.00,33,Sun,10,11,2022-11-20,29-310,NYJ,@,NWE,L 3-10,0.00,0.00,0.0,0.0,33,66.0,0,0.0,17,56.7,TE,UzomC.00
4650,C.J. Uzomah,0.00,30,Mon,1,1,2023-09-11,30-240,NYJ,,BUF,W 22-16 (OT),0.00,0.00,0.0,0.0,30,55.6,0,0.0,9,34.6,TE,UzomC.00
4651,C.J. Uzomah,0.00,15,Sun,2,2,2023-09-17,30-246,NYJ,@,DAL,L 10-30,0.00,0.00,0.0,0.0,15,31.9,0,0.0,10,35.7,TE,UzomC.00
4652,C.J. Uzomah,0.00,24,Sun,6,6,2023-10-15,30-274,NYJ,,PHI,W 20-14,0.00,0.00,0.0,0.0,24,36.9,0,0.0,11,50.0,TE,UzomC.00
4653,C.J. Uzomah,0.00,6,Sun,10,11,2023-11-19,30-309,NYJ,@,BUF,L 6-32,0.00,0.00,0.0,0.0,6,10.5,0,0.0,15,55.6,TE,UzomC.00
4654,C.J. Uzomah,0.00,3,Fri,11,12,2023-11-24,30-314,NYJ,,MIA,L 13-34,0.00,0.00,0.0,0.0,3,5.2,0,0.0,14,58.3,TE,UzomC.00
4655,C.J. Uzomah,0.00,2,Sun,12,13,2023-12-03,30-323,NYJ,,ATL,L 8-13,0.00,0.00,0.0,0.0,2,2.9,0,0.0,0,0.0,TE,UzomC.00
4656,C.J. Uzomah,0.00,3,Thu,10,11,2024-11-14,31-305,PHI,,WAS,W 26-18,0.00,0.00,0.0,0.0,3,4.2,0,0.0,0,0.0,TE,UzomC.00
4657,C.J. Uzomah,0.00,16,Sun,11,12,2024-11-24,31-315,PHI,@,LAR,W 37-20,0.00,0.00,0.0,0.0,16,21.9,0,0.0,0,0.0,TE,UzomC.00
4658,C.J. Uzomah,0.00,20,Sun,12,13,2024-12-01,31-322,PHI,@,BAL,W 24-19,0.00,0.00,0.0,0.0,20,35.7,0,0.0,13,39.4,TE,UzomC.00
4659,C.J. Uzomah,0.00,14,Sun,13,14,2024-12-08,31-329,PHI,,CAR,W 22-16,0.00,0.00,0.0,0.0,14,24.1,0,0.0,8,36.4,TE,UzomC.00
4660,C.J. Uzomah,0.00,26,Sun,14,15,2024-12-15,31-336,PHI,,PIT,W 27-13,0.00,0.00,0.0,0.0,26,32.5,0,0.0,5,20.0,TE,UzomC.00
4661,C.J. Uzomah,0.00,30,Sun,15,16,2024-12-22,31-343,PHI,@,WAS,L 33-36,0.00,0.00,0.0,0.0,30,40.5,0,0.0,0,0.0,TE,UzomC.00
4662,C.J. Uzomah,0.00,23,Sun,16,17,2024-12-29,31-350,PHI,,DAL,W 41-7,0.00,0.00,0.0,0.0,23,35.4,0,0.0,2,7.7,TE,UzomC.00
4663,Nick Vannett,0.00,20,Sun,2,2,2024-09-15,31-193,TEN,,NYJ,L 17-24,0.00,0.00,0.0,0.0,20,30.3,0,0.0,8,30.8,TE,VannNi00
4664,Nick Vannett,0.00,32,Mon,4,4,2024-09-30,31-208,TEN,@,MIA,W 31-12,0.00,0.00,0.0,0.0,32,49.2,0,0.0,17,54.8,TE,VannNi00
4665,Nick Vannett,0.00,19,Sun,5,6,2024-10-13,31-221,TEN,,IND,L 17-20,0.00,0.00,0.0,0.0,19,32.8,0,0.0,8,30.8,TE,VannNi00
4666,Nick Vannett,0.00,31,Sun,7,8,2024-10-27,31-235,TEN,@,DET,L 14-52,0.00,0.00,0.0,0.0,31,40.8,0,0.0,17,51.5,TE,VannNi00
4667,Nick Vannett,0.00,14,Sun,9,10,2024-11-10,31-249,TEN,@,LAC,L 17-27,0.00,0.00,0.0,0.0,14,25.9,0,0.0,10,38.5,TE,VannNi00
4668,Nick Vannett,0.00,31,Sun,11,12,2024-11-24,31-263,TEN,@,HOU,W 32-27,0.00,0.00,0.0,0.0,31,46.3,0,0.0,13,37.1,TE,VannNi00
4669,Nick Vannett,0.00,16,Sun,15,16,2024-12-22,31-291,TEN,@,IND,L 30-38,0.00,0.00,0.0,0.0,16,26.2,0,0.0,10,33.3,TE,VannNi00
4670,Nick Vannett,0.00,22,Thu,7,7,2022-10-20,29-228,NOR,@,ARI,L 34-42,0.00,0.00,0.0,0.0,22,30.6,0,0.0,0,0.0,TE,VannNi00
4671,Nick Vannett,0.00,30,Sun,12,13,2022-12-04,29-273,NYG,,WAS,T 20-20 (OT),0.00,0.00,0.0,0.0,30,45.5,0,0.0,11,32.4,TE,VannNi00
4672,Nick Vannett,0.00,5,Sat,15,16,2022-12-24,29-293,NYG,@,MIN,L 24-27,0.00,0.00,0.0,0.0,5,7.2,0,0.0,4,13.8,TE,VannNi00
4673,Nick Vannett,0.00,15,Sun,16,17,2023-01-01,29-301,NYG,,IND,W 38-10,0.00,0.00,0.0,0.0,15,23.8,0,0.0,10,41.7,TE,VannNi00
4674,Nick Vannett,0.00,12,Mon,8,9,2023-11-06,30-245,LAC,@,NYJ,W 27-6,0.00,0.00,0.0,0.0,12,20.7,0,0.0,3,10.0,TE,VannNi00
4675,Nick Vannett,0.00,11,Sun,9,10,2023-11-12,30-251,LAC,,DET,L 38-41,0.00,0.00,0.0,0.0,11,15.3,0,0.0,9,30.0,TE,VannNi00
4676,Nick Vannett,0.00,11,Sun,10,11,2023-11-19,30-258,LAC,@,GNB,L 20-23,0.00,0.00,0.0,0.0,11,16.9,0,0.0,13,50.0,TE,VannNi00
4677,Nick Vannett,0.00,15,Sun,13,14,2023-12-10,30-279,LAC,,DEN,L 7-24,0.00,0.00,0.0,0.0,15,22.1,0,0.0,5,20.8,TE,VannNi00
4678,Nick Vannett,0.00,23,Thu,14,15,2023-12-14,30-283,LAC,@,LVR,L 21-63,0.00,0.00,0.0,0.0,23,35.4,0,0.0,18,48.6,TE,VannNi00
4679,Nick Vannett,0.00,16,Sat,15,16,2023-12-23,30-292,LAC,,BUF,L 22-24,0.00,0.00,0.0,0.0,16,22.9,0,0.0,1,3.3,TE,VannNi00
4680,Nick Vannett,0.00,11,Sun,16,17,2023-12-31,30-300,LAC,@,DEN,L 9-16,0.00,0.00,0.0,0.0,11,16.9,0,0.0,9,32.1,TE,VannNi00
4681,Travis Vokolek,0.00,19,Sun,16,17,2023-12-31,25-210,ARI,@,PHI,W 35-31,0.00,0.00,0.0,0.0,19,25.0,0,0.0,4,16.0,TE,VokoTr00
4682,Travis Vokolek,0.00,21,Sun,17,18,2024-01-07,25-217,ARI,,SEA,L 20-21,0.00,0.00,0.0,0.0,21,30.0,0,0.0,0,0.0,TE,VokoTr00
4683,Travis Vokolek,0.00,12,Sun,4,4,2024-09-29,26-117,ARI,,WAS,L 14-42,0.00,0.00,0.0,0.0,12,20.3,0,0.0,2,8.7,TE,VokoTr00
4684,Darren Waller,0.00,8,Mon,5,5,2022-10-10,30-027,LVR,@,KAN,L 29-30,0.00,0.00,0.0,0.0,8,12.5,0,0.0,0,0.0,TE,WallDa01
4685,Darnell Washington,0.00,24,Sun,1,1,2023-09-10,22-024,PIT,,SFO,L 7-30,0.00,0.00,0.0,0.0,24,38.1,0,0.0,8,30.8,TE,WashDa03
4686,Darnell Washington,0.00,26,Mon,2,2,2023-09-18,22-032,PIT,,CLE,W 26-22,0.00,0.00,0.0,0.0,26,48.1,0,0.0,9,29.0,TE,WashDa03
4687,Darnell Washington,0.00,29,Sun,3,3,2023-09-24,22-038,PIT,@,LVR,W 23-18,0.00,0.00,0.0,0.0,29,46.8,0,0.0,9,31.0,TE,WashDa03
4688,Darnell Washington,0.00,46,Sun,5,5,2023-10-08,22-052,PIT,,BAL,W 17-10,0.00,0.00,0.0,0.0,46,69.7,0,0.0,7,28.0,TE,WashDa03
4689,Darnell Washington,0.00,31,Sun,6,7,2023-10-22,22-066,PIT,@,LAR,W 24-17,0.00,0.00,0.0,0.0,31,52.5,0,0.0,8,30.8,TE,WashDa03
4690,Darnell Washington,0.00,10,Sun,7,8,2023-10-29,22-073,PIT,,JAX,L 10-20,0.00,0.00,0.0,0.0,10,14.9,0,0.0,10,38.5,TE,WashDa03
4691,Darnell Washington,0.00,34,Sun,12,13,2023-12-03,22-108,PIT,,ARI,L 10-24,0.00,0.00,0.0,0.0,34,55.7,0,0.0,8,33.3,TE,WashDa03
4692,Darnell Washington,0.00,14,Sat,14,15,2023-12-16,22-121,PIT,@,IND,L 13-30,0.00,0.00,0.0,0.0,14,24.1,0,0.0,9,34.6,TE,WashDa03
4693,Darnell Washington,0.00,45,Sun,16,17,2023-12-31,22-136,PIT,@,SEA,W 30-23,0.00,0.00,0.0,0.0,45,62.5,0,0.0,12,42.9,TE,WashDa03
4694,Darnell Washington,0.00,39,Sat,17,18,2024-01-06,22-142,PIT,@,BAL,W 17-10,0.00,0.00,0.0,0.0,39,62.9,0,0.0,6,22.2,TE,WashDa03
4695,Darnell Washington,0.00,35,Sun,3,3,2024-09-22,23-036,PIT,,LAC,W 20-10,0.00,0.00,0.0,0.0,35,51.5,0,0.0,5,19.2,TE,WashDa03
4696,Darnell Washington,0.00,38,Sun,13,14,2024-12-08,23-113,PIT,,CLE,W 27-14,0.00,0.00,0.0,0.0,38,58.5,0,0.0,6,20.7,TE,WashDa03
4697,Darnell Washington,0.00,19,Sun,14,15,2024-12-15,23-120,PIT,@,PHI,L 13-27,0.00,0.00,0.0,0.0,19,44.2,0,0.0,3,12.0,TE,WashDa03
4698,Darnell Washington,0.00,26,Sat,15,16,2024-12-21,23-126,PIT,@,BAL,L 17-34,0.00,0.00,0.0,0.0,26,43.3,0,0.0,3,11.1,TE,WashDa03
4699,Darnell Washington,0.00,22,Sat,17,18,2025-01-04,23-140,PIT,,CIN,L 17-19,0.00,0.00,0.0,0.0,22,36.1,0,0.0,3,11.5,TE,WashDa03
4700,David Wells,0.00,8,Sun,1,1,2023-09-10,28-131,TAM,@,MIN,W 20-17,0.00,0.00,0.0,0.0,8,11.8,0,0.0,4,14.3,TE,WellDa00
4701,David Wells,0.00,18,Sun,2,2,2023-09-17,28-138,TAM,,CHI,W 27-17,0.00,2.00,1.0,0.0,18,25.4,0,0.0,8,29.6,TE,WellDa00
4702,David Wells,0.00,5,Mon,3,3,2023-09-25,28-146,TAM,,PHI,L 11-25,0.00,0.00,0.0,0.0,5,10.6,0,0.0,6,30.0,TE,WellDa00
4703,David Wells,0.00,8,Sun,4,4,2023-10-01,28-152,TAM,@,NOR,W 26-9,0.00,0.00,0.0,0.0,8,11.3,0,0.0,4,15.4,TE,WellDa00
4704,David Wells,0.00,4,Sun,16,17,2023-12-31,28-243,TAM,,NOR,L 13-23,0.00,0.00,0.0,0.0,4,7.1,0,0.0,0,0.0,TE,WellDa00
4705,Trevon Wesco,0.00,25,Sun,1,1,2023-09-10,27-363,TEN,@,NOR,L 15-16,0.00,0.00,0.0,0.0,25,39.7,0,0.0,10,35.7,TE,WescTr00
4706,Trevon Wesco,0.00,40,Sun,2,2,2023-09-17,28-005,TEN,,LAC,W 27-24 (OT),0.00,0.00,0.0,0.0,40,61.5,0,0.0,10,33.3,TE,WescTr00
4707,Trevon Wesco,0.00,20,Sun,3,3,2023-09-24,28-012,TEN,@,CLE,L 3-27,0.00,0.00,0.0,0.0,20,41.7,0,0.0,6,25.0,TE,WescTr00
4708,Trevon Wesco,0.00,26,Sun,4,4,2023-10-01,28-019,TEN,,CIN,W 27-3,0.00,0.00,0.0,0.0,26,39.4,0,0.0,7,33.3,TE,WescTr00
4709,Trevon Wesco,0.00,24,Sun,6,6,2023-10-15,28-033,TEN,,BAL,L 16-24,0.00,0.00,0.0,0.0,24,43.6,0,0.0,12,38.7,TE,WescTr00
4710,Trevon Wesco,0.00,40,Sun,7,8,2023-10-29,28-047,TEN,,ATL,W 28-23,0.00,0.00,0.0,0.0,40,58.8,0,0.0,10,28.6,TE,WescTr00
4711,Trevon Wesco,0.00,39,Thu,8,9,2023-11-02,28-051,TEN,@,PIT,L 16-20,0.00,0.00,0.0,0.0,39,52.7,0,0.0,9,37.5,TE,WescTr00
4712,Trevon Wesco,0.00,22,Sun,9,10,2023-11-12,28-061,TEN,@,TAM,L 6-20,0.00,0.00,0.0,0.0,22,34.9,0,0.0,7,30.4,TE,WescTr00
4713,Trevon Wesco,0.00,16,Sun,10,11,2023-11-19,28-068,TEN,@,JAX,L 14-34,0.00,0.00,0.0,0.0,16,40.0,0,0.0,9,36.0,TE,WescTr00
4714,Trevon Wesco,0.00,34,Sun,11,12,2023-11-26,28-075,TEN,,CAR,W 17-10,0.00,0.00,0.0,0.0,34,64.2,0,0.0,5,20.8,TE,WescTr00
4715,Trevon Wesco,0.00,46,Sun,12,13,2023-12-03,28-082,TEN,,IND,L 28-31 (OT),0.00,0.00,0.0,0.0,46,54.1,0,0.0,13,35.1,TE,WescTr00
4716,Trevon Wesco,0.00,25,Mon,13,14,2023-12-11,28-090,TEN,@,MIA,W 28-27,0.00,0.00,0.0,0.0,25,35.2,0,0.0,5,16.1,TE,WescTr00
4717,Trevon Wesco,0.00,28,Sun,14,15,2023-12-17,28-096,TEN,,HOU,L 16-19 (OT),0.00,0.00,0.0,0.0,28,44.4,0,0.0,2,6.5,TE,WescTr00
4718,Trevon Wesco,0.00,11,Sun,17,18,2024-01-07,28-117,TEN,,JAX,W 28-20,0.00,0.00,0.0,0.0,11,20.0,0,0.0,0,0.0,TE,WescTr00
4719,Trevon Wesco,0.00,2,Sun,2,2,2022-09-18,27-006,CHI,@,GNB,L 10-27,0.00,0.00,0.0,0.0,2,4.9,0,0.0,0,0.0,TE,WescTr00
4720,Trevon Wesco,0.00,15,Sun,3,3,2022-09-25,27-013,CHI,,HOU,W 23-20,0.00,0.00,0.0,0.0,15,23.8,0,0.0,5,17.2,TE,WescTr00
4721,Trevon Wesco,0.00,2,Sun,5,5,2022-10-09,27-027,CHI,@,MIN,L 22-29,0.00,0.00,0.0,0.0,2,4.0,0,0.0,5,21.7,TE,WescTr00
4722,Trevon Wesco,0.00,16,Thu,6,6,2022-10-13,27-031,CHI,,WAS,L 7-12,0.00,0.00,0.0,0.0,16,22.2,0,0.0,4,20.0,TE,WescTr00
4723,Trevon Wesco,0.00,20,Mon,7,7,2022-10-24,27-042,CHI,@,NWE,W 33-14,0.00,0.00,0.0,0.0,20,28.2,0,0.0,3,12.0,TE,WescTr00
4724,Trevon Wesco,0.00,25,Sun,8,8,2022-10-30,27-048,CHI,@,DAL,L 29-49,0.00,0.00,0.0,0.0,25,31.6,0,0.0,8,27.6,TE,WescTr00
4725,Trevon Wesco,0.00,18,Sun,9,9,2022-11-06,27-055,CHI,,MIA,L 32-35,0.00,0.00,2.0,2.0,18,24.3,0,0.0,6,23.1,TE,WescTr00
4726,Trevon Wesco,0.00,15,Sun,10,10,2022-11-13,27-062,CHI,,DET,L 30-31,0.00,0.00,0.0,0.0,15,24.6,0,0.0,6,20.7,TE,WescTr00
4727,Trevon Wesco,0.00,16,Sun,11,11,2022-11-20,27-069,CHI,@,ATL,L 24-27,0.00,0.00,0.0,0.0,16,23.2,0,0.0,5,18.5,TE,WescTr00
4728,Trevon Wesco,0.00,2,Sun,13,13,2022-12-04,27-083,CHI,,GNB,L 19-28,0.00,0.00,0.0,0.0,2,3.8,0,0.0,1,4.2,TE,WescTr00
4729,Trevon Wesco,0.00,9,Sun,16,17,2023-01-01,27-111,CHI,@,DET,L 10-41,0.00,0.00,0.0,0.0,9,17.3,0,0.0,15,50.0,TE,WescTr00
4730,Trevon Wesco,0.00,12,Sun,17,18,2023-01-08,27-118,CHI,,MIN,L 13-29,0.00,0.00,0.0,0.0,12,23.5,0,0.0,10,43.5,TE,WescTr00
4731,Jack Westover,0.00,1,Sun,12,12,2024-11-24,25-168,NWE,@,MIA,L 15-34,0.00,0.00,0.0,0.0,1,1.4,0,0.0,13,46.4,TE,WestJa01
4732,Jack Westover,0.00,8,Sun,17,18,2025-01-05,25-210,NWE,,BUF,W 23-16,0.00,0.00,0.0,0.0,8,12.5,0,0.0,5,20.0,TE,WestJa01
4733,Blake Whiteheart,0.00,24,Sun,2,2,2024-09-15,24-177,CLE,@,JAX,W 18-13,0.00,0.00,0.0,0.0,24,33.3,0,0.0,8,29.6,TE,WhitBl01
4734,Blake Whiteheart,0.00,18,Sun,3,3,2024-09-22,24-184,CLE,,NYG,L 15-21,0.00,0.00,0.0,0.0,18,26.9,0,0.0,6,23.1,TE,WhitBl01
4735,Blake Whiteheart,0.00,15,Sun,5,5,2024-10-06,24-198,CLE,@,WAS,L 13-34,0.00,0.00,0.0,0.0,15,24.2,0,0.0,10,32.3,TE,WhitBl01
4736,Blake Whiteheart,0.00,16,Mon,12,13,2024-12-02,24-255,CLE,@,DEN,L 32-41,0.00,0.00,0.0,0.0,16,18.6,0,0.0,13,35.1,TE,WhitBl01
4737,Blake Whiteheart,0.00,13,Sun,13,14,2024-12-08,24-261,CLE,@,PIT,L 14-27,0.00,0.00,0.0,0.0,13,18.1,0,0.0,15,51.7,TE,WhitBl01
4738,Blake Whiteheart,0.00,23,Sun,14,15,2024-12-15,24-268,CLE,,KAN,L 7-21,0.00,0.00,0.0,0.0,23,37.1,0,0.0,11,42.3,TE,WhitBl01
4739,Blake Whiteheart,0.00,12,Sun,15,16,2024-12-22,24-275,CLE,@,CIN,L 6-24,0.00,0.00,0.0,0.0,12,18.2,0,0.0,11,52.4,TE,WhitBl01
4740,Blake Whiteheart,0.00,2,Sun,15,16,2023-12-24,23-277,ARI,@,CHI,L 16-27,0.00,0.00,0.0,0.0,2,3.3,0,0.0,4,13.8,TE,WhitBl01
4741,Josh Whyle,0.00,2,Sun,1,1,2023-09-10,24-002,TEN,@,NOR,L 15-16,0.00,0.00,0.0,0.0,2,3.2,0,0.0,5,17.9,TE,WhylJo01
4742,Josh Whyle,0.00,14,Sun,2,2,2023-09-17,24-009,TEN,,LAC,W 27-24 (OT),0.00,0.00,0.0,0.0,14,21.5,0,0.0,9,30.0,TE,WhylJo01
4743,Josh Whyle,0.00,6,Sun,3,3,2023-09-24,24-016,TEN,@,CLE,L 3-27,0.00,0.00,0.0,0.0,6,12.5,0,0.0,14,58.3,TE,WhylJo01
4744,Josh Whyle,0.00,5,Thu,8,9,2023-11-02,24-055,TEN,@,PIT,L 16-20,0.00,0.00,0.0,0.0,5,6.8,0,0.0,0,0.0,TE,WhylJo01
4745,Josh Whyle,0.00,18,Sun,1,1,2024-09-08,25-000,TEN,@,CHI,L 17-24,0.00,0.00,0.0,0.0,18,28.1,0,0.0,6,20.7,TE,WhylJo01
4746,Josh Whyle,0.00,22,Sun,9,10,2024-11-10,25-063,TEN,@,LAC,L 17-27,0.00,0.00,0.0,0.0,22,40.7,0,0.0,4,15.4,TE,WhylJo01
4747,Josh Whyle,0.00,22,Sun,11,12,2024-11-24,25-077,TEN,@,HOU,W 32-27,0.00,0.00,0.0,0.0,22,32.8,0,0.0,6,17.1,TE,WhylJo01
4748,Josh Whyle,0.00,9,Sun,15,16,2024-12-22,25-105,TEN,@,IND,L 30-38,0.00,0.00,0.0,0.0,9,14.8,0,0.0,11,36.7,TE,WhylJo01
4749,Josh Whyle,0.00,8,Sun,16,17,2024-12-29,25-112,TEN,@,JAX,L 13-20,0.00,0.00,0.0,0.0,8,11.6,0,0.0,8,38.1,TE,WhylJo01
4750,Mitchell Wilcox,0.00,1,Sun,10,10,2024-11-10,28-003,NWE,@,CHI,W 19-3,0.00,0.00,0.0,0.0,1,1.6,0,0.0,11,40.7,TE,WilcMi01
4751,Mitchell Wilcox,0.00,2,Sun,1,1,2022-09-11,25-308,CIN,,PIT,L 20-23 (OT),0.00,0.00,0.0,0.0,2,2.0,0,0.0,3,9.4,TE,WilcMi01
4752,Mitchell Wilcox,0.00,12,Sun,5,5,2022-10-09,25-336,CIN,@,BAL,L 17-19,0.00,0.00,0.0,0.0,12,19.0,0,0.0,16,69.6,TE,WilcMi01
4753,Mitchell Wilcox,0.00,17,Sun,6,6,2022-10-16,25-343,CIN,@,NOR,W 30-26,0.00,0.00,0.0,0.0,17,29.8,0,0.0,23,79.3,TE,WilcMi01
4754,Mitchell Wilcox,0.00,40,Sun,9,9,2022-11-06,25-364,CIN,,CAR,W 42-21,0.00,0.00,0.0,0.0,40,54.1,0,0.0,21,72.4,TE,WilcMi01
4755,Mitchell Wilcox,0.00,24,Sun,10,11,2022-11-20,26-013,CIN,@,PIT,W 37-30,0.00,0.00,0.0,0.0,24,36.4,0,0.0,22,61.1,TE,WilcMi01
4756,Mitchell Wilcox,0.00,25,Sun,11,12,2022-11-27,26-020,CIN,@,TEN,W 20-16,0.00,0.00,0.0,0.0,25,35.7,0,0.0,15,50.0,TE,WilcMi01
4757,Mitchell Wilcox,0.00,28,Sun,16,18,2023-01-08,26-062,CIN,,BAL,W 27-16,0.00,0.00,0.0,0.0,28,42.4,0,0.0,17,56.7,TE,WilcMi01
4758,Mitchell Wilcox,0.00,7,Sun,1,1,2023-09-10,26-307,CIN,@,CLE,L 3-24,0.00,0.00,0.0,0.0,7,12.5,0,0.0,18,58.1,TE,WilcMi01
4759,Mitchell Wilcox,0.00,2,Sun,2,2,2023-09-17,26-314,CIN,,BAL,L 24-27,0.00,0.00,0.0,0.0,2,3.3,0,0.0,17,68.0,TE,WilcMi01
4760,Mitchell Wilcox,0.00,21,Sun,5,5,2023-10-08,26-335,CIN,@,ARI,W 34-20,0.00,0.00,0.0,0.0,21,25.6,0,0.0,20,74.1,TE,WilcMi01
4761,Mitchell Wilcox,0.00,6,Sun,6,6,2023-10-15,26-342,CIN,,SEA,W 17-13,0.00,0.00,0.0,0.0,6,11.1,0,0.0,19,82.6,TE,WilcMi01
4762,Mitchell Wilcox,0.00,9,Sun,7,8,2023-10-29,26-356,CIN,@,SFO,W 31-17,0.00,0.00,0.0,0.0,9,14.3,0,0.0,13,52.0,TE,WilcMi01
4763,Mitchell Wilcox,0.00,10,Sun,8,9,2023-11-05,26-363,CIN,,BUF,W 24-18,0.00,0.00,0.0,0.0,10,14.3,0,0.0,16,76.2,TE,WilcMi01
4764,Mitchell Wilcox,0.00,5,Sun,9,10,2023-11-12,27-005,CIN,,HOU,L 27-30,0.00,0.00,0.0,0.0,5,7.8,0,0.0,25,78.1,TE,WilcMi01
4765,Mitchell Wilcox,0.00,4,Thu,10,11,2023-11-16,27-009,CIN,@,BAL,L 20-34,0.00,0.00,0.0,0.0,4,6.6,0,0.0,24,75.0,TE,WilcMi01
4766,Mitchell Wilcox,0.00,22,Sun,13,14,2023-12-10,27-033,CIN,,IND,W 34-14,0.00,1.00,1.0,0.5,22,36.7,0,0.0,24,88.9,TE,WilcMi01
4767,Mitchell Wilcox,0.00,19,Sun,16,17,2023-12-31,27-054,CIN,@,KAN,L 17-25,0.00,0.00,0.0,0.0,19,25.7,0,0.0,15,55.6,TE,WilcMi01
4768,Mitchell Wilcox,0.00,18,Sun,17,18,2024-01-07,27-061,CIN,,CLE,W 31-14,0.00,0.00,0.0,0.0,18,28.1,0,0.0,14,48.3,TE,WilcMi01
4769,Jared Wiley,0.00,11,Thu,1,1,2024-09-05,23-308,KAN,,BAL,W 27-20,0.00,0.00,0.0,0.0,11,20.4,0,0.0,0,0.0,TE,WileJa00
4770,Jared Wiley,0.00,16,Sun,3,3,2024-09-22,23-325,KAN,@,ATL,W 22-17,0.00,0.00,0.0,0.0,16,21.6,0,0.0,0,0.0,TE,WileJa00
4771,Jared Wiley,0.00,10,Sun,4,4,2024-09-29,23-332,KAN,@,LAC,W 17-10,0.00,0.00,0.0,0.0,10,16.1,0,0.0,0,0.0,TE,WileJa00
4772,Jared Wiley,0.00,18,Mon,5,5,2024-10-07,23-340,KAN,,NOR,W 26-13,0.00,0.00,0.0,0.0,18,21.4,0,0.0,0,0.0,TE,WileJa00
4773,Jared Wiley,0.00,10,Sun,6,7,2024-10-20,23-353,KAN,@,SFO,W 28-18,0.00,0.00,0.0,0.0,10,14.3,0,0.0,2,8.3,TE,WileJa00
4774,Jared Wiley,0.00,17,Sun,7,8,2024-10-27,23-360,KAN,@,LVR,W 27-20,0.00,0.00,0.0,0.0,17,23.6,0,0.0,7,29.2,TE,WileJa00
4775,Brayden Willis,0.00,5,Thu,3,3,2023-09-21,23-314,SFO,,NYG,W 30-12,0.00,0.00,0.0,0.0,5,6.0,0,0.0,0,0.0,TE,WillBr06
4776,Brayden Willis,0.00,1,Sun,4,4,2023-10-01,23-324,SFO,,ARI,W 35-16,0.00,0.00,0.0,0.0,1,1.8,0,0.0,3,13.6,TE,WillBr06
4777,Brayden Willis,0.00,4,Sun,13,14,2023-12-10,24-029,SFO,,SEA,W 28-16,0.00,0.00,0.0,0.0,4,7.4,0,0.0,18,66.7,TE,WillBr06
4778,Brayden Willis,0.00,6,Sun,14,15,2023-12-17,24-036,SFO,@,ARI,W 45-29,0.00,0.00,0.0,0.0,6,10.7,0,0.0,25,80.6,TE,WillBr06
4779,Brayden Willis,0.00,1,Mon,15,16,2023-12-25,24-044,SFO,,BAL,L 19-33,0.00,0.00,0.0,0.0,1,1.4,0,0.0,19,70.4,TE,WillBr06
4780,Brayden Willis,0.00,6,Sun,16,17,2023-12-31,24-050,SFO,@,WAS,W 27-10,0.00,0.00,0.0,0.0,6,8.6,0,0.0,19,90.5,TE,WillBr06
4781,Brayden Willis,0.00,25,Sun,17,18,2024-01-07,24-057,SFO,,LAR,L 20-21,0.00,0.00,0.0,0.0,25,41.0,0,0.0,17,89.5,TE,WillBr06
4782,Brayden Willis,0.00,4,Sun,3,3,2024-09-22,24-316,SFO,@,LAR,L 24-27,0.00,0.00,0.0,0.0,4,5.6,0,0.0,16,59.3,TE,WillBr06
4783,Brayden Willis,0.00,1,Sun,8,8,2024-10-27,24-351,SFO,,DAL,W 30-24,0.00,0.00,0.0,0.0,1,1.5,0,0.0,8,26.7,TE,WillBr06
4784,Brayden Willis,0.00,1,Sun,11,12,2024-11-24,25-013,SFO,@,GNB,L 10-38,0.00,0.00,0.0,0.0,1,2.0,0,0.0,15,60.0,TE,WillBr06
4785,Brayden Willis,0.00,4,Sun,13,14,2024-12-08,25-027,SFO,,CHI,W 38-13,0.00,0.00,0.0,0.0,4,6.6,0,0.0,18,72.0,TE,WillBr06
4786,Brayden Willis,0.00,1,Sun,15,16,2024-12-22,25-041,SFO,@,MIA,L 17-29,0.00,0.00,0.0,0.0,1,1.6,0,0.0,21,75.0,TE,WillBr06
4787,Brayden Willis,0.00,1,Mon,16,17,2024-12-30,25-049,SFO,,DET,L 34-40,0.00,0.00,0.0,0.0,1,1.6,0,0.0,14,51.9,TE,WillBr06
4788,Brayden Willis,0.00,13,Sun,17,18,2025-01-05,25-055,SFO,@,ARI,L 24-47,0.00,0.00,0.0,0.0,13,17.1,0,0.0,17,51.5,TE,WillBr06
4789,Maxx Williams,0.00,10,Sun,1,1,2022-09-11,28-152,ARI,,KAN,L 21-44,0.00,0.00,0.0,0.0,10,15.4,0,0.0,1,3.7,TE,WillMa04
4790,Maxx Williams,0.00,12,Sun,2,2,2022-09-18,28-159,ARI,@,LVR,W 29-23 (OT),0.00,0.00,0.0,0.0,12,13.8,0,0.0,7,33.3,TE,WillMa04
4791,Maxx Williams,0.00,9,Sun,3,3,2022-09-25,28-166,ARI,,LAR,L 12-20,0.00,0.00,0.0,0.0,9,10.8,0,0.0,9,36.0,TE,WillMa04
4792,Maxx Williams,0.00,23,Sun,4,4,2022-10-02,28-173,ARI,@,CAR,W 26-16,0.00,0.00,0.0,0.0,23,30.3,0,0.0,7,30.4,TE,WillMa04
4793,Maxx Williams,0.00,17,Sun,12,12,2022-11-27,28-229,ARI,,LAC,L 24-25,0.00,0.00,0.0,0.0,17,25.8,0,0.0,9,33.3,TE,WillMa04
4794,Maxx Williams,0.00,15,Mon,13,14,2022-12-12,28-244,ARI,,NWE,L 13-27,0.00,0.00,0.0,0.0,15,20.0,0,0.0,9,34.6,TE,WillMa04
4795,Maxx Williams,0.00,21,Sun,15,16,2022-12-25,28-257,ARI,,TAM,L 16-19 (OT),0.00,0.00,0.0,0.0,21,27.6,0,0.0,10,30.3,TE,WillMa04
4796,Maxx Williams,0.00,25,Sun,16,17,2023-01-01,28-264,ARI,@,ATL,L 19-20,0.00,0.00,0.0,0.0,25,33.8,0,0.0,10,40.0,TE,WillMa04
4797,Maxx Williams,0.00,11,Sun,17,18,2023-01-08,28-271,ARI,@,SFO,L 13-38,0.00,0.00,0.0,0.0,11,21.2,0,0.0,9,34.6,TE,WillMa04
4798,Rodney Williams,0.00,4,Sun,5,5,2023-10-08,25-183,PIT,,BAL,W 17-10,0.00,0.00,0.0,0.0,4,6.1,0,0.0,7,28.0,TE,WillRo08
4799,Rodney Williams,0.00,11,Sun,6,7,2023-10-22,25-197,PIT,@,LAR,W 24-17,0.00,0.00,0.0,0.0,11,18.6,0,0.0,12,46.2,TE,WillRo08
4800,Rodney Williams,0.00,12,Sun,7,8,2023-10-29,25-204,PIT,,JAX,L 10-20,0.00,0.00,0.0,0.0,12,17.9,0,0.0,13,50.0,TE,WillRo08
4801,Rodney Williams,0.00,3,Thu,8,9,2023-11-02,25-208,PIT,,TEN,W 20-16,0.00,0.00,0.0,0.0,3,4.6,0,0.0,13,54.2,TE,WillRo08
4802,Rodney Williams,0.00,3,Sun,9,10,2023-11-12,25-218,PIT,,GNB,W 23-19,0.00,0.00,0.0,0.0,3,4.6,0,0.0,21,72.4,TE,WillRo08
4803,Rodney Williams,0.00,4,Sun,11,12,2023-11-26,25-232,PIT,@,CIN,W 16-10,0.00,0.00,0.0,0.0,4,5.6,0,0.0,12,50.0,TE,WillRo08
4804,Rodney Williams,0.00,5,Sun,12,13,2023-12-03,25-239,PIT,,ARI,L 10-24,0.00,0.00,0.0,0.0,5,8.2,0,0.0,12,50.0,TE,WillRo08
4805,Rodney Williams,0.00,4,Thu,13,14,2023-12-07,25-243,PIT,,NWE,L 18-21,0.00,0.00,0.0,0.0,4,5.7,0,0.0,14,50.0,TE,WillRo08
4806,Rodney Williams,0.00,2,Sat,14,15,2023-12-16,25-252,PIT,@,IND,L 13-30,0.00,0.00,0.0,0.0,2,3.4,0,0.0,15,57.7,TE,WillRo08
4807,Rodney Williams,0.00,2,Sat,15,16,2023-12-23,25-259,PIT,,CIN,W 34-11,0.00,0.00,0.0,0.0,2,3.4,0,0.0,17,70.8,TE,WillRo08
4808,Rodney Williams,0.00,4,Sun,16,17,2023-12-31,25-267,PIT,@,SEA,W 30-23,0.00,0.00,0.0,0.0,4,5.6,0,0.0,15,53.6,TE,WillRo08
4809,Rodney Williams,0.00,1,Sat,17,18,2024-01-06,25-273,PIT,@,BAL,W 17-10,0.00,0.00,0.0,0.0,1,1.6,0,0.0,22,81.5,TE,WillRo08
4810,Rodney Williams,0.00,2,Sun,3,3,2024-09-22,26-167,PIT,,LAC,W 20-10,0.00,0.00,0.0,0.0,2,2.9,0,0.0,19,73.1,TE,WillRo08
4811,Rodney Williams,0.00,2,Sun,6,6,2024-10-13,26-188,PIT,@,LVR,W 32-13,0.00,0.00,0.0,0.0,2,3.0,0,0.0,17,68.0,TE,WillRo08
4812,Rodney Williams,0.00,1,Mon,8,8,2024-10-28,26-203,PIT,,NYG,W 26-18,0.00,0.00,0.0,0.0,1,1.5,0,0.0,20,66.7,TE,WillRo08
4813,Charlie Woerner,0.00,1,Sat,15,16,2022-12-24,25-069,SFO,,WAS,W 37-20,0.00,0.00,0.0,0.0,1,1.9,0,0.0,25,92.6,TE,WoerCh00
4814,Charlie Woerner,0.00,2,Sun,16,17,2023-01-01,25-077,SFO,@,LVR,W 37-34 (OT),0.00,0.00,0.0,0.0,2,3.0,0,0.0,26,78.8,TE,WoerCh00
4815,Charlie Woerner,0.00,12,Sun,17,18,2023-01-08,25-084,SFO,,ARI,W 38-13,0.00,0.00,0.0,0.0,12,19.4,0,0.0,24,92.3,TE,WoerCh00
4816,Charlie Woerner,0.00,21,Sun,1,1,2023-09-10,25-329,SFO,@,PIT,W 30-7,0.00,0.00,0.0,0.0,21,30.9,0,0.0,24,92.3,TE,WoerCh00
4817,Charlie Woerner,0.00,9,Sun,2,2,2023-09-17,25-336,SFO,@,LAR,W 30-23,0.00,0.00,0.0,0.0,9,15.8,0,0.0,23,82.1,TE,WoerCh00
4818,Charlie Woerner,0.00,27,Thu,3,3,2023-09-21,25-340,SFO,,NYG,W 30-12,0.00,0.00,0.0,0.0,27,32.5,0,0.0,26,92.9,TE,WoerCh00
4819,Charlie Woerner,0.00,7,Sun,4,4,2023-10-01,25-350,SFO,,ARI,W 35-16,0.00,0.00,0.0,0.0,7,12.7,0,0.0,19,86.4,TE,WoerCh00
4820,Charlie Woerner,0.00,22,Sun,5,5,2023-10-08,25-357,SFO,,DAL,W 42-10,0.00,0.00,0.0,0.0,22,31.0,0,0.0,24,88.9,TE,WoerCh00
4821,Charlie Woerner,0.00,5,Sun,6,6,2023-10-15,25-364,SFO,@,CLE,L 17-19,0.00,0.00,0.0,0.0,5,8.1,0,0.0,25,80.6,TE,WoerCh00
4822,Charlie Woerner,0.00,21,Mon,7,7,2023-10-23,26-007,SFO,@,MIN,L 17-22,0.00,0.00,0.0,0.0,21,39.6,0,0.0,15,68.2,TE,WoerCh00
4823,Charlie Woerner,0.00,11,Sun,8,8,2023-10-29,26-013,SFO,,CIN,L 17-31,0.00,0.00,0.0,0.0,11,18.6,0,0.0,19,76.0,TE,WoerCh00
4824,Charlie Woerner,0.00,24,Sun,9,10,2023-11-12,26-027,SFO,@,JAX,W 34-3,0.00,0.00,0.0,0.0,24,38.7,0,0.0,22,95.7,TE,WoerCh00
4825,Charlie Woerner,0.00,22,Sun,10,11,2023-11-19,26-034,SFO,,TAM,W 27-14,0.00,0.00,0.0,0.0,22,36.7,0,0.0,20,90.9,TE,WoerCh00
4826,Charlie Woerner,0.00,12,Sun,12,13,2023-12-03,26-048,SFO,@,PHI,W 42-19,0.00,0.00,0.0,0.0,12,20.3,0,0.0,23,88.5,TE,WoerCh00
4827,Charlie Woerner,0.00,11,Sun,14,15,2023-12-17,26-062,SFO,@,ARI,W 45-29,0.00,0.00,0.0,0.0,11,19.6,0,0.0,24,77.4,TE,WoerCh00
4828,Charlie Woerner,0.00,16,Mon,15,16,2023-12-25,26-070,SFO,,BAL,L 19-33,0.00,0.00,0.0,0.0,16,22.9,0,0.0,17,63.0,TE,WoerCh00
4829,Charlie Woerner,0.00,17,Sun,16,17,2023-12-31,26-076,SFO,@,WAS,W 27-10,0.00,0.00,0.0,0.0,17,24.3,0,0.0,16,76.2,TE,WoerCh00
4830,Charlie Woerner,0.00,16,Mon,2,2,2024-09-16,26-336,ATL,@,PHI,W 22-21,0.00,0.00,0.0,0.0,16,26.2,0,0.0,11,50.0,TE,WoerCh00
4831,Charlie Woerner,0.00,19,Sun,3,3,2024-09-22,26-342,ATL,,KAN,L 17-22,0.00,0.00,0.0,0.0,19,31.1,0,0.0,10,41.7,TE,WoerCh00
4832,Charlie Woerner,0.00,17,Sun,4,4,2024-09-29,26-349,ATL,,NOR,W 26-24,0.00,0.00,0.0,0.0,17,30.4,0,0.0,12,42.9,TE,WoerCh00
4833,Charlie Woerner,0.00,13,Thu,5,5,2024-10-03,26-353,ATL,,TAM,W 36-30 (OT),0.00,0.00,0.0,0.0,13,14.9,0,0.0,18,56.3,TE,WoerCh00
4834,Charlie Woerner,0.00,25,Sun,6,6,2024-10-13,26-363,ATL,@,CAR,W 38-20,0.00,0.00,0.0,0.0,25,35.7,0,0.0,20,74.1,TE,WoerCh00
4835,Charlie Woerner,0.00,11,Sun,7,7,2024-10-20,27-004,ATL,,SEA,L 14-34,0.00,0.00,0.0,0.0,11,15.1,0,0.0,15,57.7,TE,WoerCh00
4836,Charlie Woerner,0.00,26,Sun,9,9,2024-11-03,27-018,ATL,,DAL,W 27-21,0.00,0.00,0.0,0.0,26,45.6,0,0.0,23,88.5,TE,WoerCh00
4837,Charlie Woerner,0.00,38,Sun,10,10,2024-11-10,27-025,ATL,@,NOR,L 17-20,0.00,0.00,0.0,0.0,38,48.7,0,0.0,18,66.7,TE,WoerCh00
4838,Charlie Woerner,0.00,34,Sun,15,16,2024-12-22,27-067,ATL,,NYG,W 34-7,0.00,0.00,0.0,0.0,34,50.7,0,0.0,11,45.8,TE,WoerCh00
4839,Charlie Woerner,0.00,44,Sun,17,18,2025-01-05,27-081,ATL,,CAR,L 38-44 (OT),0.00,0.00,0.0,0.0,44,55.7,0,0.0,15,48.4,TE,WoerCh00
4840,Charlie Woerner,0.00,19,Sun,1,1,2022-09-11,24-330,SFO,@,CHI,L 10-19,0.00,0.00,0.0,0.0,19,27.9,0,0.0,16,66.7,TE,WoerCh00
4841,Charlie Woerner,0.00,36,Sun,2,2,2022-09-18,24-337,SFO,,SEA,W 27-7,0.00,0.00,0.0,0.0,36,47.4,0,0.0,20,87.0,TE,WoerCh00
4842,Charlie Woerner,0.00,8,Sun,3,3,2022-09-25,24-344,SFO,@,DEN,L 10-11,0.00,0.00,0.0,0.0,8,14.3,0,0.0,25,89.3,TE,WoerCh00
4843,Charlie Woerner,0.00,19,Mon,4,4,2022-10-03,24-352,SFO,,LAR,W 24-9,0.00,0.00,0.0,0.0,19,38.0,0,0.0,22,88.0,TE,WoerCh00
4844,Charlie Woerner,0.00,24,Sun,5,5,2022-10-09,24-358,SFO,@,CAR,W 37-15,0.00,0.00,0.0,0.0,24,35.8,0,0.0,22,78.6,TE,WoerCh00
4845,Charlie Woerner,0.00,16,Sun,6,6,2022-10-16,25-000,SFO,@,ATL,L 14-28,0.00,0.00,0.0,0.0,16,26.7,0,0.0,18,81.8,TE,WoerCh00
4846,Charlie Woerner,0.00,12,Sun,7,7,2022-10-23,25-007,SFO,,KAN,L 23-44,0.00,0.00,0.0,0.0,12,15.2,0,0.0,21,75.0,TE,WoerCh00
4847,Charlie Woerner,0.00,4,Sun,8,8,2022-10-30,25-014,SFO,@,LAR,W 31-14,0.00,0.00,0.0,0.0,4,7.5,0,0.0,21,87.5,TE,WoerCh00
4848,Charlie Woerner,0.00,4,Sun,9,10,2022-11-13,25-028,SFO,,LAC,W 22-16,0.00,0.00,0.0,0.0,4,5.6,0,0.0,24,85.7,TE,WoerCh00
4849,Charlie Woerner,0.00,11,Mon,10,11,2022-11-21,25-036,SFO,@,ARI,W 38-10,0.00,0.00,0.0,0.0,11,19.0,0,0.0,23,88.5,TE,WoerCh00
4850,Charlie Woerner,0.00,17,Sun,11,12,2022-11-27,25-042,SFO,,NOR,W 13-0,0.00,0.00,0.0,0.0,17,24.3,0,0.0,14,82.4,TE,WoerCh00
4851,Charlie Woerner,0.00,4,Sun,12,13,2022-12-04,25-049,SFO,,MIA,W 33-17,0.00,0.00,0.0,0.0,4,4.8,0,0.0,27,90.0,TE,WoerCh00
4852,Charlie Woerner,0.00,6,Sun,13,14,2022-12-11,25-056,SFO,,TAM,W 35-7,0.00,0.00,0.0,0.0,6,9.5,0,0.0,19,90.5,TE,WoerCh00
4853,Charlie Woerner,0.00,6,Thu,14,15,2022-12-15,25-060,SFO,@,SEA,W 21-13,0.00,0.00,0.0,0.0,6,9.4,0,0.0,24,85.7,TE,WoerCh00
4854,Jelani Woods,0.00,8,Sun,1,1,2022-09-11,23-337,IND,@,HOU,T 20-20 (OT),0.00,0.00,0.0,0.0,8,8.7,0,0.0,0,0.0,TE,WoodJe01
4855,Jelani Woods,0.00,8,Sun,2,2,2022-09-18,23-344,IND,@,JAX,L 0-24,0.00,0.00,0.0,0.0,8,16.0,0,0.0,0,0.0,TE,WoodJe01
4856,Jelani Woods,0.00,23,Thu,5,5,2022-10-06,23-362,IND,@,DEN,W 12-9 (OT),0.00,0.00,0.0,0.0,23,29.1,0,0.0,5,16.1,TE,WoodJe01
4857,Jelani Woods,0.00,15,Sun,8,8,2022-10-30,24-021,IND,,WAS,L 16-17,0.00,0.00,0.0,0.0,15,25.9,0,0.0,3,11.5,TE,WoodJe01
4858,Brock Wright,0.00,23,Sun,1,1,2022-09-11,23-288,DET,,PHI,L 35-38,0.00,0.00,0.0,0.0,23,33.3,0,0.0,12,38.7,TE,WrigBr01
4859,Brock Wright,0.00,30,Sun,3,3,2022-09-25,23-302,DET,@,MIN,L 24-28,0.00,0.00,0.0,0.0,30,38.5,0,0.0,11,39.3,TE,WrigBr01
4860,Brock Wright,0.00,24,Sun,4,4,2022-10-02,23-309,DET,,SEA,L 45-48,0.00,0.00,0.0,0.0,24,32.4,0,0.0,14,42.4,TE,WrigBr01
4861,Brock Wright,0.00,28,Sun,5,5,2022-10-09,23-316,DET,@,NWE,L 0-29,0.00,0.00,0.0,0.0,28,42.4,0,0.0,7,36.8,TE,WrigBr01
4862,Brock Wright,0.00,50,Sun,8,9,2022-11-06,23-344,DET,,GNB,W 15-9,0.00,0.00,0.0,0.0,50,80.6,0,0.0,5,38.5,TE,WrigBr01
4863,Brock Wright,0.00,40,Sun,13,14,2022-12-11,24-014,DET,,MIN,W 34-23,0.00,0.00,0.0,0.0,40,57.1,0,0.0,12,41.4,TE,WrigBr01
4864,Brock Wright,0.00,36,Sun,17,18,2023-01-08,24-042,DET,@,GNB,W 20-16,0.00,0.00,0.0,0.0,36,58.1,0,0.0,11,44.0,TE,WrigBr01
4865,Brock Wright,0.00,26,Sun,2,2,2023-09-17,24-294,DET,,SEA,L 31-37 (OT),0.00,0.00,0.0,0.0,26,39.4,0,0.0,12,42.9,TE,WrigBr01
4866,Brock Wright,0.00,29,Sun,3,3,2023-09-24,24-301,DET,,ATL,W 20-6,0.00,0.00,0.0,0.0,29,41.4,0,0.0,13,48.1,TE,WrigBr01
4867,Brock Wright,0.00,44,Thu,4,4,2023-09-28,24-305,DET,@,GNB,W 34-20,0.00,0.00,0.0,0.0,44,58.7,0,0.0,16,53.3,TE,WrigBr01
4868,Brock Wright,0.00,26,Sun,7,7,2023-10-22,24-329,DET,@,BAL,L 6-38,0.00,0.00,0.0,0.0,26,34.7,0,0.0,11,52.4,TE,WrigBr01
4869,Brock Wright,0.00,24,Sun,10,11,2023-11-19,24-357,DET,,CHI,W 31-26,0.00,0.00,0.0,0.0,24,38.7,0,0.0,13,50.0,TE,WrigBr01
4870,Brock Wright,0.00,12,Sat,14,15,2023-12-16,25-019,DET,,DEN,W 42-17,0.00,0.00,0.0,0.0,12,18.2,0,0.0,8,27.6,TE,WrigBr01
4871,Brock Wright,0.00,29,Sun,2,2,2024-09-15,25-293,DET,,TAM,L 16-20,0.00,0.00,0.0,0.0,29,33.7,0,0.0,9,34.6,TE,WrigBr01
4872,Brock Wright,0.00,34,Sun,5,6,2024-10-13,25-321,DET,@,DAL,W 47-9,0.00,0.00,0.0,0.0,34,50.0,0,0.0,13,46.4,TE,WrigBr01
4873,Brock Wright,0.00,28,Sun,6,7,2024-10-20,25-328,DET,@,MIN,W 31-29,0.00,0.00,0.0,0.0,28,49.1,0,0.0,12,38.7,TE,WrigBr01
4874,Brock Wright,0.00,37,Sun,9,10,2024-11-10,25-349,DET,@,HOU,W 26-23,0.00,0.00,0.0,0.0,37,56.9,0,0.0,4,13.3,TE,WrigBr01
4875,Brock Wright,0.00,49,Thu,13,14,2024-12-05,26-008,DET,,GNB,W 34-31,0.00,0.00,0.0,0.0,49,61.3,0,0.0,12,42.9,TE,WrigBr01
4876,Brock Wright,0.00,18,Sun,14,15,2024-12-15,26-018,DET,,BUF,L 42-48,0.00,0.00,0.0,0.0,18,22.8,0,0.0,19,52.8,TE,WrigBr01
4877,Brock Wright,0.00,34,Sun,15,16,2024-12-22,26-025,DET,@,CHI,W 34-17,0.00,0.00,0.0,0.0,34,52.3,0,0.0,11,44.0,TE,WrigBr01
4878,Brock Wright,0.00,37,Mon,16,17,2024-12-30,26-033,DET,@,SFO,W 40-34,0.00,0.00,0.0,0.0,37,52.1,0,0.0,6,22.2,TE,WrigBr01
4879,Brock Wright,0.00,28,Sun,17,18,2025-01-05,26-039,DET,,MIN,W 31-9,0.00,0.00,0.0,0.0,28,41.2,0,0.0,6,26.1,TE,WrigBr01
4880,Colson Yankoff,0.00,1,Sun,5,5,2024-10-06,24-219,WAS,,CLE,W 34-13,0.00,0.00,0.0,0.0,1,1.5,0,0.0,21,67.7,TE,YankCo00
4881,Colson Yankoff,0.00,5,Sun,7,7,2024-10-20,24-233,WAS,,CAR,W 40-7,0.00,0.00,0.0,0.0,5,7.2,0,0.0,21,80.8,TE,YankCo00
4882,Kenny Yeboah,0.00,2,Sun,2,2,2022-09-18,23-323,NYJ,@,CLE,W 31-30,0.00,0.00,0.0,0.0,2,2.9,0,0.0,23,76.7,TE,YeboKe00
4883,Kenny Yeboah,0.00,4,Sun,6,6,2022-10-16,23-351,NYJ,@,GNB,W 27-10,0.00,0.00,0.0,0.0,4,7.3,0,0.0,26,89.7,TE,YeboKe00
4884,Kenny Yeboah,0.00,2,Sun,7,7,2022-10-23,23-358,NYJ,@,DEN,W 16-9,0.00,0.00,0.0,0.0,2,3.4,0,0.0,21,75.0,TE,YeboKe00
4885,Kenny Yeboah,0.00,3,Sun,9,9,2022-11-06,24-007,NYJ,,BUF,W 20-17,0.00,0.00,0.0,0.0,3,5.0,0,0.0,19,82.6,TE,YeboKe00
4886,Kenny Yeboah,0.00,1,Thu,15,16,2022-12-22,24-053,NYJ,,JAX,L 3-19,0.00,0.00,0.0,0.0,1,1.7,0,0.0,15,68.2,TE,YeboKe00
4887,Kenny Yeboah,0.00,2,Sun,16,17,2023-01-01,24-063,NYJ,@,SEA,L 6-23,0.00,0.00,0.0,0.0,2,2.9,0,0.0,17,68.0,TE,YeboKe00
4888,Kenny Yeboah,0.00,12,Sun,17,18,2023-01-08,24-070,NYJ,@,MIA,L 6-11,0.00,0.00,0.0,0.0,12,21.4,0,0.0,18,81.8,TE,YeboKe00
4889,Kenny Yeboah,0.00,23,Sun,13,14,2023-12-10,25-041,NYJ,,HOU,W 30-6,0.00,0.00,0.0,0.0,23,33.8,0,0.0,28,96.6,TE,YeboKe00
4890,Kenny Yeboah,0.00,9,Sun,14,15,2023-12-17,25-048,NYJ,@,MIA,L 0-30,0.00,0.00,0.0,0.0,9,15.5,0,0.0,16,66.7,TE,YeboKe00
4891,Kenny Yeboah,0.00,23,Sun,15,16,2023-12-24,25-055,NYJ,,WAS,W 30-28,0.00,0.00,0.0,0.0,23,25.6,0,0.0,29,80.6,TE,YeboKe00
4892,Kenny Yeboah,0.00,43,Sun,17,18,2024-01-07,25-069,NYJ,@,NWE,W 17-3,0.00,0.00,0.0,0.0,43,66.2,0,0.0,21,75.0,TE,YeboKe00
4893,Kenny Yeboah,0.00,2,Sun,12,13,2024-12-01,26-032,NYJ,,SEA,L 21-26,0.00,0.00,0.0,0.0,2,2.9,0,0.0,16,66.7,TE,YeboKe00
4894,Kenny Yeboah,0.00,12,Sun,13,14,2024-12-08,26-039,NYJ,@,MIA,L 26-32 (OT),0.00,0.00,0.0,0.0,12,17.6,0,0.0,24,77.4,TE,YeboKe00
4895,Kenny Yeboah,0.00,29,Sun,14,15,2024-12-15,26-046,NYJ,@,JAX,W 32-25,0.00,0.00,0.0,0.0,29,50.0,0,0.0,21,75.0,TE,YeboKe00
4896,Kenny Yeboah,0.00,12,Sun,15,16,2024-12-22,26-053,NYJ,,LAR,L 9-19,0.00,0.00,0.0,0.0,12,17.4,0,0.0,11,68.8,TE,YeboKe00
4897,Kenny Yeboah,0.00,14,Sun,16,17,2024-12-29,26-060,NYJ,@,BUF,L 14-40,0.00,0.00,0.0,0.0,14,22.2,0,0.0,16,72.7,TE,YeboKe00
4898,Shane Zylstra,0.00,3,Sun,1,1,2022-09-11,25-299,DET,,PHI,L 35-38,0.00,0.00,0.0,0.0,3,4.3,0,0.0,12,38.7,TE,ZylsSh00
4899,Shane Zylstra,0.00,10,Sun,2,2,2022-09-18,25-306,DET,,WAS,W 36-27,0.00,0.00,0.0,0.0,10,16.4,0,0.0,13,40.6,TE,ZylsSh00
4900,Shane Zylstra,0.00,3,Sun,3,3,2022-09-25,25-313,DET,@,MIN,L 24-28,0.00,0.00,0.0,0.0,3,3.8,0,0.0,11,39.3,TE,ZylsSh00
4901,Shane Zylstra,0.00,16,Sun,9,10,2022-11-13,25-362,DET,@,CHI,W 31-30,0.00,0.00,0.0,0.0,16,25.8,0,0.0,10,34.5,TE,ZylsSh00
4902,Shane Zylstra,0.00,12,Sun,10,11,2022-11-20,26-004,DET,@,NYG,W 31-18,0.00,0.00,0.0,0.0,12,17.9,0,0.0,4,15.4,TE,ZylsSh00
4903,Shane Zylstra,0.00,17,Thu,11,12,2022-11-24,26-008,DET,,BUF,L 25-28,0.00,0.00,0.0,0.0,17,23.9,0,0.0,4,15.4,TE,ZylsSh00
4904,Shane Zylstra,0.00,22,Sun,17,18,2023-01-08,26-053,DET,@,GNB,W 20-16,0.00,0.00,0.0,0.0,22,35.5,0,0.0,6,24.0,TE,ZylsSh00
4905,Shane Zylstra,0.00,3,Sun,6,7,2024-10-20,27-339,DET,@,MIN,W 31-29,0.00,0.00,0.0,0.0,3,5.3,0,0.0,15,48.4,TE,ZylsSh00
4906,Shane Zylstra,0.00,13,Sun,7,8,2024-10-27,27-346,DET,,TEN,W 52-14,0.00,0.00,0.0,0.0,13,27.1,0,0.0,20,60.6,TE,ZylsSh00
4907,Shane Zylstra,0.00,9,Sun,8,9,2024-11-03,27-353,DET,@,GNB,W 24-14,0.00,0.00,0.0,0.0,9,15.8,0,0.0,13,59.1,TE,ZylsSh00
4908,Shane Zylstra,0.00,19,Sun,9,10,2024-11-10,27-360,DET,@,HOU,W 26-23,0.00,0.00,0.0,0.0,19,29.2,0,0.0,19,63.3,TE,ZylsSh00
4909,Shane Zylstra,0.00,6,Sun,11,12,2024-11-24,28-008,DET,@,IND,W 24-6,0.00,0.00,0.0,0.0,6,8.3,0,0.0,17,70.8,TE,ZylsSh00
4910,Shane Zylstra,0.00,5,Thu,12,13,2024-11-28,28-012,DET,,CHI,W 23-20,0.00,0.00,0.0,0.0,5,7.1,0,0.0,16,66.7,TE,ZylsSh00
4911,Shane Zylstra,0.00,16,Thu,13,14,2024-12-05,28-019,DET,,GNB,W 34-31,0.00,0.00,0.0,0.0,16,20.0,0,0.0,16,57.1,TE,ZylsSh00
4912,Shane Zylstra,0.00,1,Sun,14,15,2024-12-15,28-029,DET,,BUF,L 42-48,0.00,0.00,0.0,0.0,1,1.3,0,0.0,22,61.1,TE,ZylsSh00
4913,Shane Zylstra,0.00,1,Sun,15,16,2024-12-22,28-036,DET,@,CHI,W 34-17,0.00,0.00,0.0,0.0,1,1.5,0,0.0,12,48.0,TE,ZylsSh00
4914,Shane Zylstra,0.00,8,Mon,16,17,2024-12-30,28-044,DET,@,SFO,W 40-34,0.00,0.00,0.0,0.0,8,11.3,0,0.0,11,40.7,TE,ZylsSh00
4915,Shane Zylstra,0.00,9,Sun,17,18,2025-01-05,28-050,DET,,MIN,W 31-9,0.00,0.00,0.0,0.0,9,13.2,0,0.0,19,82.6,TE,ZylsSh00
4916,Jake Ferguson,-0.20,42,Sun,16,17,2024-12-29,25-346,DAL,@,PHI,L 7-41,-0.20,2.80,3.8,1.3,42,67.7,0,0.0,0,0.0,TE,FergJa00
4917,Tanner Hudson,-0.20,9,Sun,1,1,2024-09-08,29-301,CIN,,NWE,L 10-16,-0.20,1.80,2.8,0.8,9,17.6,0,0.0,12,57.1,TE,HudsTa00
4918,Dalton Schultz,-0.20,55,Sun,2,2,2022-09-18,26-069,DAL,,CIN,W 20-17,-0.20,1.80,2.8,0.8,55,90.2,0,0.0,0,0.0,TE,SchuDa00
4919,Josh Oliver,-0.50,25,Sun,5,5,2023-10-08,26-201,MIN,,KAN,L 20-27,-0.50,0.50,1.5,0.0,25,34.7,0,0.0,10,41.7,TE,OlivJo00
4920,Chigoziem Okonkwo,-0.60,47,Sun,7,8,2024-10-27,25-049,TEN,@,DET,L 14-52,-0.60,1.40,2.4,0.4,47,61.8,0,0.0,15,45.5,TE,OkonCh00
4921,John Bates,-0.70,29,Sun,12,12,2024-11-24,27-018,WAS,,DAL,L 26-34,-0.70,0.30,1.3,-0.2,29,41.4,0,0.0,18,47.4,TE,BateJo00
4922,Julian Hill,-1.00,47,Sun,10,11,2023-11-19,23-133,MIA,,LVR,W 20-13,-1.00,0.00,1.0,-0.5,47,67.1,0,0.0,10,38.5,TE,HillJu02
4923,Blake Bell,-1.30,17,Sun,7,7,2023-10-22,32-076,KAN,,LAC,W 31-17,-1.30,-0.30,0.7,-0.8,17,25.0,0,0.0,4,15.4,TE,BellBl00
4924,Tommy Tremble,-1.30,17,Sun,5,5,2024-10-06,24-126,CAR,@,CHI,L 10-36,-1.30,-0.30,0.7,-0.8,17,28.3,0,0.0,0,0.0,TE,TremTo00
4925,Mo Alie-Cox,-1.40,31,Sun,13,13,2022-12-04,29-076,IND,@,DAL,L 19-54,-1.40,-0.40,0.6,-0.9,31,43.1,0,0.0,3,9.7,TE,AlieMo00
4926,Jody Fortson,-1.40,7,Sun,9,10,2022-11-13,26-341,KAN,,JAX,W 27-17,-1.40,-0.40,0.6,-0.9,7,11.1,0,0.0,13,50.0,TE,FortJo01
4927,Pharaoh Brown,-1.50,36,Sun,16,17,2023-12-31,29-241,NWE,@,BUF,L 21-27,-1.50,-0.50,0.5,-1.0,36,67.9,0,0.0,14,48.3,TE,BrowPh01
4928,Austin Hooper,-1.50,37,Sun,6,6,2024-10-13,29-350,NWE,,HOU,L 21-41,-1.50,-0.50,0.5,-1.0,37,56.1,0,0.0,6,18.2,TE,HoopAu00
4929,Pharaoh Brown,-1.60,18,Thu,16,17,2024-12-26,30-236,SEA,@,CHI,W 6-3,-1.60,-0.60,0.4,-1.1,18,34.6,0,0.0,13,61.9,TE,BrowPh01
