Rk,Player,FantPt,OffSnp,Day,G#,Week,Date,Age,Team,,Opp,Result,FantPt,PPR,DKPt,FDPt,OffSnp,Off%,DefSnp,Def%,STSnp,ST %,Pos.,-9999
1,Ja'Marr Chase,44.40,77,Thu,10,10,2024-11-07,24-251,CIN,@,BAL,L 34-35,44.40,55.40,58.4,49.9,77,93.9,0,0.0,0,0.0,WR,ChasJa00
2,D.J. Moore,41.00,56,Thu,5,5,2023-10-05,26-174,CHI,@,WAS,W 40-20,41.00,49.00,52.0,45.0,56,87.5,0,0.0,0,0.0,WR,MoorD.00
3,Amari Cooper,40.50,65,Sun,15,16,2023-12-24,29-190,CLE,@,HOU,W 36-22,40.50,51.50,54.5,46.0,65,79.3,0,0.0,0,0.0,WR,CoopAm00
4,Mike Evans,38.70,65,Sun,16,17,2023-01-01,29-133,TAM,,CAR,W 30-24,38.70,48.70,51.7,43.7,65,83.3,0,0.0,1,3.2,WR,EvanMi00
5,Ja'Marr Chase,37.20,76,Sun,5,5,2023-10-08,23-221,CIN,@,ARI,W 34-20,37.20,52.20,55.2,44.7,76,92.7,0,0.0,0,0.0,WR,ChasJa00
6,Jauan Jennings,35.50,60,Sun,3,3,2024-09-22,27-074,SFO,@,LAR,L 24-27,35.50,46.50,49.5,41.0,60,84.5,0,0.0,0,0.0,WR,JennJa00
7,Davante Adams,33.80,54,Sun,14,15,2024-12-15,31-357,NYJ,@,JAX,W 32-25,33.80,42.80,45.8,38.3,54,93.1,0,0.0,0,0.0,WR,AdamDa01
8,A.J. Brown,33.60,39,Sun,7,8,2022-10-30,25-122,PHI,,PIT,W 35-13,33.60,39.60,42.6,36.6,39,68.4,0,0.0,0,0.0,WR,BrowAJ00
9,Tyreek Hill,33.50,44,Sun,1,1,2023-09-10,29-193,MIA,@,LAC,W 36-34,33.50,44.50,47.5,39.0,44,65.7,0,0.0,0,0.0,WR,HillTy00
10,Stefon Diggs,32.80,45,Mon,2,2,2022-09-19,28-294,BUF,,TEN,W 41-7,32.80,44.80,47.8,38.8,45,66.2,0,0.0,0,0.0,WR,DiggSt00
11,Deebo Samuel,31.80,49,Sun,12,13,2023-12-03,27-322,SFO,@,PHI,W 42-19,31.80,35.80,38.8,33.8,49,83.1,0,0.0,5,19.2,WR,SamuDe00
12,Jerry Jeudy,31.50,78,Mon,12,13,2024-12-02,25-222,CLE,@,DEN,L 32-41,31.50,40.50,43.5,36.0,78,90.7,0,0.0,0,0.0,WR,JeudJe00
13,George Pickens,31.50,46,Sat,15,16,2023-12-23,22-294,PIT,,CIN,W 34-11,31.50,35.50,38.5,33.5,46,78.0,0,0.0,0,0.0,WR,PickGe00
14,D.K. Metcalf,31.40,62,Thu,12,13,2023-11-30,25-351,SEA,@,DAL,L 35-41,31.40,37.40,40.4,34.4,62,89.9,0,0.0,0,0.0,WR,MetcDK00
15,Jordan Addison,31.30,45,Sun,13,14,2024-12-08,22-316,MIN,,ATL,W 42-21,31.30,39.30,42.3,35.3,45,75.0,0,0.0,0,0.0,WR,AddiJo00
16,Ja'Marr Chase,31.30,59,Sun,5,5,2024-10-06,24-219,CIN,,BAL,L 38-41 (OT),31.30,41.30,44.3,36.3,59,88.1,0,0.0,0,0.0,WR,ChasJa00
17,Ja'Marr Chase,31.10,66,Mon,13,14,2024-12-09,24-283,CIN,@,DAL,W 27-20,31.10,45.10,48.1,38.1,66,93.0,0,0.0,0,0.0,WR,ChasJa00
18,Tyreek Hill,31.00,54,Sun,2,2,2022-09-18,28-201,MIA,@,BAL,W 42-38,31.00,42.00,45.0,36.5,54,76.1,0,0.0,0,0.0,WR,HillTy00
19,DeAndre Hopkins,30.80,43,Sun,7,8,2023-10-29,31-145,TEN,,ATL,W 28-23,30.80,34.80,37.8,32.8,43,63.2,0,0.0,1,2.9,WR,HopkDe00
20,Drake London,30.70,78,Sun,17,18,2025-01-05,23-165,ATL,,CAR,L 38-44 (OT),30.70,40.70,43.7,35.7,78,98.7,0,0.0,0,0.0,WR,LondDr00
21,Justin Jefferson,30.40,57,Sun,1,1,2022-09-11,23-087,MIN,,GNB,W 23-7,30.40,39.40,42.4,34.9,57,91.9,0,0.0,0,0.0,WR,JeffJu00
22,Amon-Ra St. Brown,30.40,52,Sun,2,2,2022-09-18,22-329,DET,,WAS,W 36-27,30.40,39.40,42.4,34.9,52,85.2,0,0.0,1,3.1,WR,StxxAm00
23,Stefon Diggs,30.00,44,Sun,4,4,2023-10-01,29-306,BUF,,MIA,W 48-20,30.00,36.00,39.0,33.0,44,75.9,0,0.0,0,0.0,WR,DiggSt00
24,Jaxon Smith-Njigba,30.00,71,Sun,9,9,2024-11-03,22-263,SEA,,LAR,L 20-26 (OT),30.00,37.00,40.0,33.5,71,88.8,0,0.0,0,0.0,WR,SmitJa06
25,Puka Nacua,29.80,59,Sun,13,14,2024-12-08,23-193,LAR,,BUF,W 44-42,29.80,41.80,44.8,35.8,59,76.6,0,0.0,1,3.0,WR,NacuPu00
26,Davante Adams,29.70,59,Sun,12,13,2022-12-04,29-345,LVR,,LAC,W 27-20,29.70,37.70,40.7,33.7,59,96.7,0,0.0,0,0.0,WR,AdamDa01
27,Keenan Allen,29.50,54,Sun,9,10,2023-11-12,31-199,LAC,,DET,L 38-41,29.50,40.50,43.5,35.0,54,75.0,0,0.0,0,0.0,WR,AlleKe00
28,A.J. Brown,29.50,68,Sun,4,4,2023-10-01,26-093,PHI,,WAS,W 34-31 (OT),29.50,38.50,41.5,34.0,68,95.8,0,0.0,0,0.0,WR,BrowAJ00
29,Davante Adams,29.20,70,Sun,3,3,2023-09-24,30-274,LVR,,PIT,L 18-23,29.20,42.20,45.2,35.7,70,97.2,0,0.0,0,0.0,WR,AdamDa01
30,Gabriel Davis,29.10,47,Sun,5,5,2022-10-09,23-191,BUF,,PIT,W 38-3,29.10,32.10,35.1,30.6,47,83.9,0,0.0,0,0.0,WR,DaviGa01
31,Tee Higgins,29.10,62,Sat,16,17,2024-12-28,25-345,CIN,,DEN,W 30-24 (OT),29.10,40.10,44.1,34.6,62,68.9,0,0.0,0,0.0,WR,HiggTe00
32,Malik Nabers,29.10,47,Sun,16,17,2024-12-29,21-154,NYG,,IND,W 45-33,29.10,36.10,39.1,32.6,47,83.9,0,0.0,0,0.0,WR,NabeMa00
33,Jayden Reed,29.10,48,Fri,1,1,2024-09-06,24-131,GNB,@,PHI,L 29-34,29.10,33.10,36.1,31.1,48,71.6,0,0.0,2,6.5,WR,ReedJa03
34,Jaylen Waddle,29.10,57,Sun,2,2,2022-09-18,23-297,MIA,@,BAL,W 42-38,29.10,40.10,43.1,34.6,57,80.3,0,0.0,0,0.0,WR,WaddJa00
35,CeeDee Lamb,29.00,53,Sun,7,8,2023-10-29,24-204,DAL,,LAR,W 43-20,29.00,41.00,44.0,35.0,53,81.5,0,0.0,0,0.0,WR,LambCe00
36,Zay Jones,28.90,67,Sun,14,15,2022-12-18,27-263,JAX,,DAL,W 40-34 (OT),28.90,34.90,37.9,31.9,67,95.7,0,0.0,0,0.0,WR,JoneZa00
37,Nico Collins,28.80,54,Sun,4,4,2023-10-01,24-196,HOU,,PIT,W 30-6,28.80,35.80,38.8,32.3,54,76.1,0,0.0,0,0.0,WR,CollNi00
38,Christian Watson,28.70,54,Sun,10,10,2022-11-13,23-185,GNB,,DAL,W 31-28 (OT),28.70,32.70,35.7,30.7,54,84.4,0,0.0,0,0.0,WR,WatsCh00
39,CeeDee Lamb,28.50,60,Sun,9,10,2023-11-12,24-218,DAL,,NYG,W 49-17,28.50,39.50,42.5,34.0,60,76.9,0,0.0,0,0.0,WR,LambCe00
40,Mike Evans,27.90,47,Sun,14,15,2024-12-15,31-116,TAM,@,LAC,W 40-17,27.90,36.90,39.9,32.4,47,65.3,0,0.0,0,0.0,WR,EvanMi00
41,Amon-Ra St. Brown,27.70,63,Sun,10,11,2024-11-17,25-024,DET,,JAX,W 52-6,27.70,38.70,41.7,33.2,63,79.7,0,0.0,0,0.0,WR,StxxAm00
42,Keenan Allen,27.46,59,Sun,3,3,2023-09-24,31-150,LAC,@,MIN,W 28-24,27.46,45.46,48.5,36.5,59,89.4,0,0.0,0,0.0,WR,AlleKe00
43,Davante Adams,27.30,62,Sun,16,17,2023-01-01,30-008,LVR,,SFO,L 34-37 (OT),27.30,34.30,37.3,30.8,62,88.6,0,0.0,0,0.0,WR,AdamDa01
44,Tyreek Hill,27.30,31,Sun,12,13,2023-12-03,29-277,MIA,@,WAS,W 45-15,27.30,32.30,35.3,29.8,31,50.8,0,0.0,0,0.0,WR,HillTy00
45,CeeDee Lamb,27.20,62,Sat,16,17,2023-12-30,24-266,DAL,,DET,W 20-19,27.20,40.20,44.2,33.7,62,95.4,0,0.0,1,3.8,WR,LambCe00
46,CeeDee Lamb,27.00,75,Sun,9,10,2022-11-13,23-219,DAL,@,GNB,L 28-31 (OT),27.00,38.00,41.0,32.5,75,90.4,0,0.0,0,0.0,WR,LambCe00
47,Deebo Samuel,27.00,42,Sun,13,14,2023-12-10,27-329,SFO,,SEA,W 28-16,27.00,34.00,37.0,30.5,42,77.8,0,0.0,4,14.8,WR,SamuDe00
48,Davante Adams,26.60,56,Sun,8,9,2022-11-06,29-317,LVR,@,JAX,L 20-27,26.60,36.60,39.6,31.6,56,94.9,0,0.0,0,0.0,WR,AdamDa01
49,CeeDee Lamb,26.60,55,Sun,7,8,2024-10-27,25-202,DAL,@,SFO,L 24-30,26.60,39.60,42.6,33.1,55,88.7,0,0.0,0,0.0,WR,LambCe00
50,Justin Jefferson,26.40,64,Sun,15,16,2024-12-22,25-189,MIN,@,SEA,W 27-24,26.40,36.40,39.4,31.4,64,97.0,0,0.0,0,0.0,WR,JeffJu00
51,Davante Adams,26.10,65,Sun,10,11,2022-11-20,29-331,LVR,@,DEN,W 22-16 (OT),26.10,33.10,36.1,29.6,65,98.5,0,0.0,0,0.0,WR,AdamDa01
52,Nico Collins,25.50,47,Sat,17,18,2024-01-06,24-293,HOU,@,IND,W 23-19,25.50,34.50,37.5,30.0,47,83.9,0,0.0,0,0.0,WR,CollNi00
53,Justin Jefferson,25.30,83,Sun,9,10,2022-11-13,23-150,MIN,@,BUF,W 33-30 (OT),25.30,35.30,38.3,30.3,83,100.0,0,0.0,0,0.0,WR,JeffJu00
54,Jerry Jeudy,25.30,60,Sun,13,14,2022-12-11,23-231,DEN,,KAN,L 28-34,25.30,33.30,33.3,29.3,60,83.3,0,0.0,0,0.0,WR,JeudJe00
55,Ja'Marr Chase,25.20,56,Sun,6,6,2022-10-16,22-229,CIN,@,NOR,W 30-26,25.20,32.20,35.2,28.7,56,98.2,0,0.0,0,0.0,WR,ChasJa00
56,Justin Jefferson,25.20,57,Sun,13,14,2024-12-08,25-175,MIN,,ATL,W 42-21,25.20,32.20,35.2,28.7,57,95.0,0,0.0,0,0.0,WR,JeffJu00
57,Nico Collins,25.10,55,Sun,12,13,2023-12-03,24-259,HOU,,DEN,W 22-17,25.10,34.10,37.1,29.6,55,80.9,0,0.0,0,0.0,WR,CollNi00
58,A.J. Brown,25.00,62,Sun,8,8,2023-10-29,26-121,PHI,@,WAS,W 38-31,25.00,33.00,36.0,29.0,62,98.4,0,0.0,0,0.0,WR,BrowAJ00
59,Ja'Marr Chase,25.00,63,Sun,7,7,2022-10-23,22-236,CIN,,ATL,W 35-17,25.00,33.00,36.0,29.0,63,92.6,0,0.0,0,0.0,WR,ChasJa00
60,Marvin Harrison Jr.,25.00,46,Sun,2,2,2024-09-15,22-035,ARI,,LAR,W 41-10,25.00,29.00,32.0,27.0,46,69.7,0,0.0,0,0.0,WR,HarrMa09
61,Brandon Aiyuk,24.90,58,Sun,1,1,2023-09-10,25-177,SFO,@,PIT,W 30-7,24.90,32.90,35.9,28.9,58,85.3,0,0.0,0,0.0,WR,AiyuBr00
62,Zay Flowers,24.70,30,Sun,9,9,2024-11-03,24-053,BAL,,DEN,W 41-10,24.70,29.70,32.7,27.2,30,52.6,0,0.0,0,0.0,WR,FlowZa00
63,Davante Adams,24.60,73,Sun,16,17,2023-12-31,31-007,LVR,@,IND,L 20-23,24.60,37.60,40.6,31.1,73,97.3,0,0.0,0,0.0,WR,AdamDa01
64,Chris Godwin,24.50,72,Sun,6,6,2024-10-13,28-229,TAM,@,NOR,W 51-27,24.50,35.50,38.5,30.0,72,93.5,0,0.0,0,0.0,WR,GodwCh00
65,Davante Adams,24.40,64,Mon,5,5,2022-10-10,29-290,LVR,@,KAN,L 29-30,24.40,27.40,30.4,25.9,64,100.0,0,0.0,0,0.0,WR,AdamDa01
66,Jordan Addison,24.30,52,Mon,7,7,2023-10-23,21-269,MIN,,SFO,W 22-17,24.30,31.30,34.3,27.8,52,74.3,0,0.0,0,0.0,WR,AddiJo00
67,Tyreek Hill,24.10,25,Sun,5,5,2023-10-08,29-221,MIA,,NYG,W 31-16,24.10,32.10,35.1,28.1,25,46.3,0,0.0,0,0.0,WR,HillTy00
68,Calvin Ridley,24.10,57,Sun,10,11,2023-11-19,28-334,JAX,,TEN,W 34-14,24.10,31.10,34.1,27.6,57,80.3,0,0.0,1,4.0,WR,RidlCa00
69,Mecole Hardman,24.00,40,Sun,7,7,2022-10-23,24-225,KAN,@,SFO,W 44-23,24.00,28.00,28.0,26.0,40,62.5,0,0.0,1,3.6,WR,HardMe00
70,Justin Jefferson,24.00,68,Sun,17,18,2024-01-07,24-205,MIN,@,DET,L 20-30,24.00,36.00,39.0,30.0,68,93.2,0,0.0,0,0.0,WR,JeffJu00
71,CeeDee Lamb,24.00,62,Sat,15,16,2022-12-24,23-260,DAL,,PHI,W 40-34,24.00,34.00,37.0,29.0,62,84.9,0,0.0,0,0.0,WR,LambCe00
72,Puka Nacua,24.00,69,Thu,15,16,2023-12-21,22-206,LAR,,NOR,W 30-22,24.00,33.00,36.0,28.5,69,98.6,0,0.0,2,8.3,WR,NacuPu00
73,DeVonta Smith,24.00,52,Sun,16,17,2024-12-29,26-045,PHI,,DAL,W 41-7,24.00,30.00,33.0,27.0,52,80.0,0,0.0,0,0.0,WR,SmitDe07
74,A.J. Brown,23.90,60,Sun,12,13,2022-12-04,25-157,PHI,,TEN,W 35-10,23.90,31.90,34.9,27.9,60,82.2,0,0.0,0,0.0,WR,BrowAJ00
75,Nick Westbrook-Ikhine,23.90,48,Sun,9,10,2022-11-13,25-237,TEN,,DEN,W 17-10,23.90,28.90,31.9,26.4,48,77.4,0,0.0,0,0.0,WR,WestNi00
76,Ja'Marr Chase,23.80,61,Mon,3,3,2024-09-23,24-206,CIN,,WAS,L 33-38,23.80,29.80,32.8,26.8,61,98.4,0,0.0,0,0.0,WR,ChasJa00
77,Tank Dell,23.60,61,Sun,8,9,2023-11-05,24-007,HOU,,TAM,W 39-37,23.60,29.60,32.6,26.6,61,84.7,0,0.0,9,27.3,WR,DellNa00
78,Amon-Ra St. Brown,23.60,66,Sun,12,13,2022-12-04,23-041,DET,,JAX,W 40-14,23.60,34.60,37.6,29.1,66,86.8,0,0.0,0,0.0,WR,StxxAm00
79,Brandin Cooks,23.30,41,Sun,9,10,2023-11-12,30-048,DAL,,NYG,W 49-17,23.30,32.30,35.3,27.8,41,52.6,0,0.0,0,0.0,WR,CookBr00
80,Amari Cooper,23.30,63,Sun,10,11,2022-11-20,28-156,CLE,@,BUF,L 23-31,23.30,31.30,34.3,27.3,63,84.0,0,0.0,0,0.0,WR,CoopAm00
81,DeVonta Smith,23.30,66,Sat,15,16,2022-12-24,24-040,PHI,@,DAL,L 34-40,23.30,31.30,34.3,27.3,66,93.0,0,0.0,0,0.0,WR,SmitDe07
82,Amon-Ra St. Brown,23.30,72,Sun,14,15,2024-12-15,25-052,DET,,BUF,L 42-48,23.30,37.30,41.3,30.3,72,91.1,0,0.0,0,0.0,WR,StxxAm00
83,Jordan Addison,23.10,62,Sat,14,15,2023-12-16,21-323,MIN,@,CIN,L 24-27 (OT),23.10,29.10,32.1,26.1,62,91.2,0,0.0,0,0.0,WR,AddiJo00
84,Keenan Allen,23.10,64,Sun,2,2,2023-09-17,31-143,LAC,@,TEN,L 24-27 (OT),23.10,31.10,34.1,27.1,64,94.1,0,0.0,0,0.0,WR,AlleKe00
85,Mike Evans,23.10,43,Sun,2,2,2023-09-17,30-027,TAM,,CHI,W 27-17,23.10,29.10,32.1,26.1,43,60.6,0,0.0,0,0.0,WR,EvanMi00
86,Ladd McConkey,23.10,41,Sun,7,8,2024-10-27,22-351,LAC,,NOR,W 26-8,23.10,29.10,32.1,26.1,41,62.1,0,0.0,9,26.5,WR,McCoLa00
87,Adam Thielen,23.00,40,Sun,16,17,2024-12-29,34-129,CAR,@,TAM,L 14-48,23.00,28.00,31.0,25.5,40,85.1,0,0.0,0,0.0,WR,ThieAd00
88,DeVonta Smith,22.90,62,Sun,3,3,2022-09-25,23-315,PHI,@,WAS,W 24-8,22.90,30.90,33.9,26.9,62,88.6,0,0.0,2,7.7,WR,SmitDe07
89,Marquez Valdes-Scantling,22.90,29,Sun,10,10,2024-11-10,30-031,NOR,,ATL,W 20-17,22.90,25.90,28.9,24.4,29,54.7,0,0.0,0,0.0,WR,ValdMa00
90,Cooper Kupp,22.60,37,Sun,10,11,2024-11-17,31-155,LAR,@,NWE,W 28-22,22.60,28.60,31.6,25.6,37,71.2,0,0.0,0,0.0,WR,KuppCo00
91,Josh Palmer,22.60,60,Sun,10,11,2022-11-20,23-059,LAC,,KAN,L 27-30,22.60,30.60,33.6,26.6,60,92.3,0,0.0,0,0.0,WR,PalmJo00
92,Jaylen Waddle,22.60,52,Sun,8,8,2022-10-30,23-339,MIA,@,DET,W 31-27,22.60,30.60,33.6,26.6,52,76.5,0,0.0,0,0.0,WR,WaddJa00
93,Dyami Brown,22.50,20,Sun,5,5,2022-10-09,22-342,WAS,,TEN,L 17-21,22.50,24.50,27.5,23.5,20,31.7,0,0.0,9,32.1,WR,BrowDy00
94,Amari Cooper,22.50,35,Sun,16,17,2023-01-01,28-198,CLE,@,WAS,W 24-10,22.50,25.50,28.5,24.0,35,61.4,0,0.0,0,0.0,WR,CoopAm00
95,Christian Kirk,22.50,59,Sun,10,10,2022-11-13,25-360,JAX,@,KAN,L 17-27,22.50,31.50,34.5,27.0,59,92.2,0,0.0,0,0.0,WR,KirkCh01
96,CeeDee Lamb,22.50,61,Sun,17,18,2024-01-07,24-274,DAL,@,WAS,W 38-10,22.50,35.50,35.5,29.0,61,84.7,0,0.0,0,0.0,WR,LambCe00
97,Darnell Mooney,22.50,85,Thu,5,5,2024-10-03,26-340,ATL,,TAM,W 36-30 (OT),22.50,31.50,34.5,27.0,85,97.7,0,0.0,0,0.0,WR,MoonDa00
98,D.J. Moore,22.50,66,Sun,5,5,2024-10-06,27-175,CHI,,CAR,W 36-10,22.50,27.50,30.5,25.0,66,88.0,0,0.0,0,0.0,WR,MoorD.00
99,Amon-Ra St. Brown,22.50,61,Sun,9,10,2023-11-12,24-019,DET,@,LAC,W 41-38,22.50,30.50,33.5,26.5,61,92.4,0,0.0,0,0.0,WR,StxxAm00
100,Brian Thomas,22.50,74,Sun,14,15,2024-12-15,22-068,JAX,,NYJ,L 25-32,22.50,32.50,35.5,27.5,74,88.1,0,0.0,0,0.0,WR,ThomBr06
101,Tyler Lockett,22.40,50,Sun,5,5,2022-10-09,30-011,SEA,@,NOR,L 32-39,22.40,27.40,30.4,24.9,50,96.2,0,0.0,4,11.8,WR,LockTy00
102,Mike Evans,22.30,58,Sun,4,4,2022-10-02,29-042,TAM,,KAN,L 31-41,22.30,30.30,33.3,26.3,58,90.6,0,0.0,0,0.0,WR,EvanMi00
103,Tyreek Hill,22.30,38,Sun,6,6,2023-10-15,29-228,MIA,,CAR,W 42-21,22.30,28.30,31.3,25.3,38,56.7,0,0.0,1,3.3,WR,HillTy00
104,Justin Jefferson,22.30,61,Sun,13,14,2022-12-11,23-178,MIN,@,DET,L 23-34,22.30,33.30,36.3,27.8,61,93.8,0,0.0,0,0.0,WR,JeffJu00
105,Puka Nacua,22.30,78,Sun,4,4,2023-10-01,22-125,LAR,@,IND,W 29-23 (OT),22.30,31.30,34.3,26.8,78,95.1,0,0.0,0,0.0,WR,NacuPu00
106,Jordan Addison,22.20,67,Sun,11,12,2024-11-24,22-302,MIN,@,CHI,W 30-27 (OT),22.20,30.20,33.2,26.2,67,94.4,0,0.0,0,0.0,WR,AddiJo00
107,Keenan Allen,22.20,52,Sun,17,18,2023-01-08,30-256,LAC,@,DEN,L 28-31,22.20,30.20,33.2,26.2,52,76.5,0,0.0,0,0.0,WR,AlleKe00
108,Mike Evans,22.20,51,Sun,12,13,2023-12-03,30-104,TAM,,CAR,W 21-18,22.20,29.20,32.2,25.7,51,82.3,0,0.0,0,0.0,WR,EvanMi00
109,Marvin Mims,22.20,28,Sat,16,17,2024-12-28,22-284,DEN,@,CIN,L 24-30 (OT),22.20,30.20,33.2,26.2,28,46.7,0,0.0,6,24.0,WR,MimsMa00
110,Garrett Wilson,22.00,43,Sun,2,2,2022-09-18,22-058,NYJ,@,CLE,W 31-30,22.00,30.00,33.0,26.0,43,61.4,0,0.0,0,0.0,WR,WilsGa00
111,Mack Hollins,21.96,68,Sun,3,3,2022-09-25,29-009,LVR,@,TEN,L 22-24,21.96,29.96,33.0,26.0,68,97.1,0,0.0,4,16.7,WR,HollMa00
112,DeAndre Hopkins,21.90,78,Sun,8,8,2022-10-30,30-146,ARI,@,MIN,L 26-34,21.90,33.90,36.9,27.9,78,100.0,0,0.0,0,0.0,WR,HopkDe00
113,D.J. Moore,21.90,60,Sun,16,17,2023-12-31,26-261,CHI,,ATL,W 37-17,21.90,30.90,33.9,26.4,60,81.1,0,0.0,0,0.0,WR,MoorD.00
114,Cedric Tillman,21.90,62,Sun,8,8,2024-10-27,24-191,CLE,,BAL,W 29-24,21.90,28.90,28.9,25.4,62,89.9,0,0.0,0,0.0,WR,TillCe01
115,DJ Chark,21.80,48,Sun,15,16,2023-12-24,27-092,CAR,,GNB,L 30-33,21.80,27.80,27.8,24.8,48,72.7,0,0.0,0,0.0,WR,CharDJ00
116,Mike Evans,21.70,48,Sun,16,17,2024-12-29,31-130,TAM,,CAR,W 48-14,21.70,29.70,29.7,25.7,48,62.3,0,0.0,0,0.0,WR,EvanMi00
117,Tyreek Hill,21.70,39,Sun,3,3,2023-09-24,29-207,MIA,,DEN,W 70-20,21.70,30.70,33.7,26.2,39,53.4,0,0.0,0,0.0,WR,HillTy00
118,K.J. Osborn,21.70,73,Sat,14,15,2022-12-17,25-190,MIN,,IND,W 39-36 (OT),21.70,31.70,34.7,26.7,73,81.1,0,0.0,0,0.0,WR,OsboKJ00
119,Courtland Sutton,21.70,58,Sun,12,12,2024-11-24,29-045,DEN,@,LVR,W 29-19,21.70,29.70,29.7,25.7,58,85.3,0,0.0,0,0.0,WR,SuttCo00
120,Brandon Aiyuk,21.60,53,Sun,10,11,2023-11-19,25-247,SFO,,TAM,W 27-14,21.60,26.60,29.6,24.1,53,88.3,0,0.0,0,0.0,WR,AiyuBr00
121,Tyler Boyd,21.50,51,Sun,7,7,2022-10-23,27-342,CIN,,ATL,W 35-17,21.50,29.50,32.5,25.5,51,75.0,0,0.0,0,0.0,WR,BoydTy00
122,D.J. Moore,21.50,77,Sun,8,8,2022-10-30,25-199,CAR,@,ATL,L 34-37 (OT),21.50,27.50,30.5,24.5,77,96.3,0,0.0,0,0.0,WR,MoorD.00
123,Drake London,21.40,73,Thu,5,5,2024-10-03,23-071,ATL,,TAM,W 36-30 (OT),21.40,33.40,36.4,27.4,73,83.9,0,0.0,0,0.0,WR,LondDr00
124,Ladd McConkey,21.40,61,Sat,16,17,2024-12-28,23-047,LAC,@,NWE,W 40-7,21.40,29.40,29.4,25.4,61,77.2,0,0.0,0,0.0,WR,McCoLa00
125,Demarcus Robinson,21.40,54,Sun,8,9,2024-11-03,30-043,LAR,@,SEA,W 26-20 (OT),21.40,27.40,27.4,24.4,54,70.1,0,0.0,0,0.0,WR,RobiDe01
126,Christian Watson,21.40,61,Sun,13,13,2022-12-04,23-206,GNB,@,CHI,W 28-19,21.40,24.40,24.4,22.9,61,92.4,0,0.0,0,0.0,WR,WatsCh00
127,Garrett Wilson,21.40,52,Sun,11,12,2022-11-27,22-128,NYJ,,CHI,W 31-10,21.40,26.40,26.4,23.9,52,82.5,0,0.0,0,0.0,WR,WilsGa00
128,Noah Brown,21.30,52,Sun,8,9,2023-11-05,27-303,HOU,,TAM,W 39-37,21.30,27.30,30.3,24.3,52,72.2,0,0.0,9,27.3,WR,BrowNo00
129,Rashid Shaheed,21.30,18,Sun,8,8,2023-10-29,25-059,NOR,@,IND,W 38-27,21.30,24.30,27.3,22.8,18,27.3,0,0.0,11,32.4,WR,ShahRa00
130,Nico Collins,21.10,63,Sun,4,4,2024-09-29,25-194,HOU,,JAX,W 24-20,21.10,33.10,36.1,27.1,63,84.0,0,0.0,0,0.0,WR,CollNi00
131,Justin Jefferson,21.00,68,Sun,4,4,2022-10-02,23-108,MIN,@,NOR,W 28-25,21.00,31.00,34.0,26.0,68,94.4,0,0.0,0,0.0,WR,JeffJu00
132,Jauan Jennings,21.00,45,Sun,13,14,2024-12-08,27-151,SFO,,CHI,W 38-13,21.00,28.00,28.0,24.5,45,73.8,0,0.0,0,0.0,WR,JennJa00
133,Jameson Williams,21.00,54,Sun,15,16,2024-12-22,23-271,DET,@,CHI,W 34-17,21.00,26.00,29.0,23.5,54,83.1,0,0.0,0,0.0,WR,WillJa11
134,Garrett Wilson,21.00,57,Thu,9,9,2024-10-31,24-101,NYJ,,HOU,W 21-13,21.00,30.00,30.0,25.5,57,98.3,0,0.0,1,3.8,WR,WilsGa00
135,Tank Dell,20.90,51,Sun,10,11,2023-11-19,24-021,HOU,,ARI,W 21-16,20.90,28.90,31.9,24.9,51,76.1,0,0.0,0,0.0,WR,DellNa00
136,Tee Higgins,20.90,53,Sun,2,2,2023-09-17,24-242,CIN,,BAL,L 24-27,20.90,28.90,28.9,24.9,53,88.3,0,0.0,0,0.0,WR,HiggTe00
137,Justin Jefferson,20.90,78,Sun,3,3,2023-09-24,24-100,MIN,,LAC,L 24-28,20.90,27.90,30.9,24.4,78,95.1,0,0.0,0,0.0,WR,JeffJu00
138,Allen Lazard,20.90,51,Mon,1,1,2024-09-09,28-273,NYJ,@,SFO,L 19-32,20.90,26.90,26.9,23.9,51,100.0,0,0.0,0,0.0,WR,LazaAl00
139,Jayden Reed,20.90,23,Sun,16,17,2023-12-31,23-247,GNB,@,MIN,W 33-10,20.90,26.90,26.9,23.9,23,31.1,0,0.0,3,12.5,WR,ReedJa03
140,Stefon Diggs,20.80,64,Sun,6,6,2022-10-16,28-321,BUF,@,KAN,W 24-20,20.80,30.80,33.8,25.8,64,87.7,0,0.0,0,0.0,WR,DiggSt00
141,Tee Higgins,20.80,69,Sun,11,11,2024-11-17,25-304,CIN,@,LAC,L 27-34,20.80,29.80,32.8,25.3,69,84.1,0,0.0,0,0.0,WR,HiggTe00
142,Cooper Kupp,20.80,57,Sun,6,6,2023-10-15,30-122,LAR,,ARI,W 26-9,20.80,27.80,30.8,24.3,57,100.0,0,0.0,0,0.0,WR,KuppCo00
143,Cooper Kupp,20.80,62,Sun,2,2,2022-09-18,29-095,LAR,,ATL,W 31-27,20.80,31.80,35.8,26.3,62,98.4,0,0.0,2,8.7,WR,KuppCo00
144,D.J. Moore,20.80,65,Sun,13,14,2023-12-10,26-240,CHI,,DET,W 28-13,20.80,26.80,26.8,23.8,65,91.5,0,0.0,0,0.0,WR,MoorD.00
145,Ricky Pearsall,20.70,45,Mon,16,17,2024-12-30,24-112,SFO,,DET,L 34-40,20.70,28.70,31.7,24.7,45,70.3,0,0.0,0,0.0,WR,PearRi00
146,Calvin Ridley,20.70,54,Sun,2,2,2024-09-15,29-270,TEN,,NYJ,L 17-24,20.70,24.70,24.7,22.7,54,81.8,0,0.0,0,0.0,WR,RidlCa00
147,Ja'Marr Chase,20.62,70,Mon,12,13,2023-12-04,23-278,CIN,@,JAX,W 34-31 (OT),20.62,31.62,34.6,26.1,70,95.9,0,0.0,0,0.0,WR,ChasJa00
148,Nico Collins,20.60,52,Sun,2,2,2023-09-17,24-182,HOU,,IND,L 20-31,20.60,27.60,30.6,24.1,52,61.9,0,0.0,0,0.0,WR,CollNi00
149,Amari Cooper,20.60,60,Sun,3,3,2024-09-22,30-097,CLE,,NYG,L 15-21,20.60,27.60,27.6,24.1,60,89.6,0,0.0,0,0.0,WR,CoopAm00
150,Mike Evans,20.60,57,Sun,15,16,2023-12-24,30-125,TAM,,JAX,W 30-12,20.60,27.60,27.6,24.1,57,77.0,0,0.0,1,5.0,WR,EvanMi00
151,Tyreek Hill,20.60,41,Sun,10,11,2023-11-19,29-263,MIA,,LVR,W 20-13,20.60,30.60,33.6,25.6,41,58.6,0,0.0,0,0.0,WR,HillTy00
152,Tyreek Hill,20.60,39,Sun,12,13,2022-12-04,28-278,MIA,@,SFO,L 17-33,20.60,29.60,32.6,25.1,39,84.8,0,0.0,0,0.0,WR,HillTy00
153,DeAndre Hopkins,20.60,51,Mon,8,9,2024-11-04,32-151,KAN,,TAM,W 30-24 (OT),20.60,28.60,28.6,24.6,51,60.0,0,0.0,0,0.0,WR,HopkDe00
154,CeeDee Lamb,20.60,82,Thu,12,13,2023-11-30,24-236,DAL,,SEA,W 41-35,20.60,32.60,35.6,26.6,82,92.1,0,0.0,0,0.0,WR,LambCe00
155,George Pickens,20.60,58,Sun,5,5,2023-10-08,22-218,PIT,,BAL,W 17-10,20.60,26.60,29.6,23.6,58,87.9,0,0.0,0,0.0,WR,PickGe00
156,Christian Watson,20.60,47,Sun,12,13,2023-12-03,24-205,GNB,,KAN,W 27-19,20.60,27.60,27.6,24.1,47,73.4,0,0.0,0,0.0,WR,WatsCh00
157,Tank Dell,20.50,34,Sun,3,3,2023-09-24,23-330,HOU,@,JAX,W 37-17,20.50,25.50,28.5,23.0,34,60.7,0,0.0,0,0.0,WR,DellNa00
158,Justin Jefferson,20.50,47,Sun,4,4,2023-10-01,24-107,MIN,@,CAR,W 21-13,20.50,26.50,26.5,23.5,47,97.9,0,0.0,0,0.0,WR,JeffJu00
159,Adam Thielen,20.50,73,Sun,3,3,2023-09-24,33-033,CAR,@,SEA,L 27-37,20.50,31.50,34.5,26.0,73,92.4,0,0.0,0,0.0,WR,ThieAd00
160,Calvin Ridley,20.40,50,Sun,9,10,2024-11-10,29-326,TEN,@,LAC,L 17-27,20.40,25.40,25.4,22.9,50,92.6,0,0.0,0,0.0,WR,RidlCa00
161,Amon-Ra St. Brown,20.40,41,Sun,17,18,2024-01-07,24-075,DET,,MIN,W 30-20,20.40,27.40,30.4,23.9,41,71.9,0,0.0,0,0.0,WR,StxxAm00
162,Jaylen Waddle,20.40,52,Sun,11,12,2024-11-24,25-365,MIA,,NWE,W 34-15,20.40,28.40,31.4,24.4,52,76.5,0,0.0,0,0.0,WR,WaddJa00
163,Justin Jefferson,20.34,67,Thu,11,12,2022-11-24,23-161,MIN,,NWE,W 33-26,20.34,29.34,32.3,24.8,67,97.1,0,0.0,0,0.0,WR,JeffJu00
164,Brandon Aiyuk,20.30,55,Sun,6,6,2022-10-16,24-213,SFO,@,ATL,L 14-28,20.30,28.30,28.3,24.3,55,91.7,0,0.0,0,0.0,WR,AiyuBr00
165,Mike Evans,20.30,47,Sun,9,10,2023-11-12,30-083,TAM,,TEN,W 20-6,20.30,26.30,29.3,23.3,47,72.3,0,0.0,0,0.0,WR,EvanMi00
166,Tee Higgins,20.30,48,Sun,5,5,2024-10-06,25-262,CIN,,BAL,L 38-41 (OT),20.30,29.30,29.3,24.8,48,71.6,0,0.0,0,0.0,WR,HiggTe00
167,Tyreek Hill,20.30,45,Sun,9,9,2022-11-06,28-250,MIA,@,CHI,W 35-32,20.30,27.30,30.3,23.8,45,78.9,0,0.0,0,0.0,WR,HillTy00
168,Jaylen Waddle,20.30,37,Sun,15,16,2022-12-25,24-030,MIA,,GNB,L 20-26,20.30,25.30,28.3,22.8,37,74.0,0,0.0,0,0.0,WR,WaddJa00
169,Jerry Jeudy,20.20,62,Sun,10,11,2024-11-17,25-207,CLE,@,NOR,L 14-35,20.20,26.20,29.2,23.2,62,84.9,0,0.0,0,0.0,WR,JeudJe00
170,Malik Nabers,20.20,61,Sun,3,3,2024-09-22,21-056,NYG,@,CLE,W 21-15,20.20,28.20,28.2,24.2,61,84.7,0,0.0,0,0.0,WR,NabeMa00
171,Jaylen Waddle,20.20,41,Sun,14,15,2023-12-17,25-022,MIA,,NYJ,W 30-0,20.20,28.20,31.2,24.2,41,67.2,0,0.0,0,0.0,WR,WaddJa00
172,Davante Adams,20.10,55,Sun,1,1,2022-09-11,29-261,LVR,@,LAC,L 19-24,20.10,30.10,33.1,25.1,55,94.8,0,0.0,0,0.0,WR,AdamDa01
173,Keenan Allen,20.10,59,Sun,15,16,2024-12-22,32-239,CHI,,DET,L 17-34,20.10,29.10,32.1,24.6,59,92.2,0,0.0,0,0.0,WR,AlleKe00
174,Tyreek Hill,20.10,34,Sun,13,14,2022-12-11,28-285,MIA,@,LAC,L 17-23,20.10,24.10,24.1,22.1,34,66.7,0,0.0,0,0.0,WR,HillTy00
175,Justin Jefferson,20.10,54,Sun,15,16,2023-12-24,24-191,MIN,,DET,L 24-30,20.10,26.10,29.1,23.1,54,98.2,0,0.0,0,0.0,WR,JeffJu00
176,Terry McLaurin,20.10,51,Sun,14,15,2023-12-17,28-093,WAS,@,LAR,L 20-28,20.10,26.10,29.1,23.1,51,85.0,0,0.0,0,0.0,WR,McLaTe00
177,Jakobi Meyers,20.10,47,Sun,1,1,2023-09-10,26-305,LVR,@,DEN,W 17-16,20.10,29.10,29.1,24.6,47,79.7,0,0.0,0,0.0,WR,MeyeJa01
178,Jayden Reed,20.10,59,Sun,4,4,2024-09-29,24-154,GNB,,MIN,L 29-31,20.10,27.10,30.1,23.6,59,77.6,0,0.0,4,13.8,WR,ReedJa03
179,Rashod Bateman,20.00,45,Sun,14,15,2024-12-15,25-016,BAL,@,NYG,W 35-14,20.00,23.00,23.0,21.5,45,76.3,0,0.0,0,0.0,WR,BateRa00
180,Tee Higgins,20.00,52,Sat,15,16,2023-12-23,24-339,CIN,@,PIT,L 11-34,20.00,25.00,28.0,22.5,52,81.3,0,0.0,0,0.0,WR,HiggTe00
181,Jordan Addison,19.90,45,Sun,4,4,2024-09-29,22-246,MIN,@,GNB,W 31-29,19.90,22.90,22.9,21.4,45,66.2,0,0.0,1,3.4,WR,AddiJo00
182,Amari Cooper,19.90,58,Sun,8,9,2023-11-05,29-141,CLE,,ARI,W 27-0,19.90,24.90,27.9,22.4,58,79.5,0,0.0,0,0.0,WR,CoopAm00
183,D.J. Moore,19.90,75,Sun,11,12,2024-11-24,27-224,CHI,,MIN,L 27-30 (OT),19.90,26.90,29.9,23.4,75,98.7,0,0.0,0,0.0,WR,MoorD.00
184,Puka Nacua,19.90,40,Sun,12,13,2023-12-03,22-188,LAR,,CLE,W 36-19,19.90,23.90,26.9,21.9,40,62.5,0,0.0,1,3.0,WR,NacuPu00
185,DeVante Parker,19.90,56,Sun,17,18,2023-01-08,29-353,NWE,@,BUF,L 23-35,19.90,25.90,25.9,22.9,56,82.4,0,0.0,0,0.0,WR,ParkDe01
186,Christian Kirk,19.80,64,Sun,2,2,2022-09-18,25-304,JAX,,IND,W 24-0,19.80,25.80,25.8,22.8,64,90.1,0,0.0,0,0.0,WR,KirkCh01
187,Calvin Ridley,19.80,61,Sun,15,16,2023-12-24,29-004,JAX,@,TAM,L 12-30,19.80,25.80,25.8,22.8,61,92.4,0,0.0,0,0.0,WR,RidlCa00
188,Dontayvion Wicks,19.80,58,Sun,4,4,2024-09-29,23-105,GNB,,MIN,L 29-31,19.80,24.80,24.8,22.3,58,76.3,0,0.0,0,0.0,WR,WickDo00
189,A.J. Brown,19.70,59,Sun,7,7,2023-10-22,26-114,PHI,,MIA,W 31-17,19.70,29.70,32.7,24.7,59,81.9,0,0.0,0,0.0,WR,BrowAJ00
190,Michael Wilson,19.60,50,Sun,4,4,2023-10-01,23-220,ARI,@,SFO,L 16-35,19.60,26.60,26.6,23.1,50,70.4,0,0.0,1,4.5,WR,WilsMi02
191,Ja'Marr Chase,19.50,81,Sun,11,11,2024-11-17,24-261,CIN,@,LAC,L 27-34,19.50,26.50,26.5,23.0,81,98.8,0,0.0,0,0.0,WR,ChasJa00
192,Nico Collins,19.50,52,Sun,2,2,2024-09-15,25-180,HOU,,CHI,W 19-13,19.50,27.50,30.5,23.5,52,83.9,0,0.0,0,0.0,WR,CollNi00
193,Tyreek Hill,19.50,49,Sun,8,8,2022-10-30,28-243,MIA,@,DET,W 31-27,19.50,31.50,34.5,25.5,49,72.1,0,0.0,0,0.0,WR,HillTy00
194,Jameson Williams,19.50,56,Mon,16,17,2024-12-30,23-279,DET,@,SFO,W 40-34,19.50,24.50,24.5,22.0,56,78.9,0,0.0,0,0.0,WR,WillJa11
195,Alec Pierce,19.40,52,Sun,5,5,2024-10-06,24-157,IND,@,JAX,L 34-37,19.40,22.40,25.4,20.9,52,74.3,0,0.0,0,0.0,WR,PierAl00
196,Jameson Williams,19.40,52,Sun,1,1,2024-09-08,23-166,DET,,LAR,W 26-20 (OT),19.40,24.40,27.4,21.9,52,85.2,0,0.0,0,0.0,WR,WillJa11
197,Keenan Allen,19.30,64,Thu,12,13,2024-11-28,32-215,CHI,@,DET,L 20-23,19.30,24.30,24.3,21.8,64,95.5,0,0.0,0,0.0,WR,AlleKe00
198,Justin Jefferson,19.30,38,Sun,2,2,2024-09-15,25-091,MIN,,SFO,W 23-17,19.30,23.30,26.3,21.3,38,70.4,0,0.0,0,0.0,WR,JeffJu00
199,Justin Jefferson,19.30,72,Sat,15,16,2022-12-24,23-191,MIN,,NYG,W 27-24,19.30,31.30,34.3,25.3,72,100.0,0,0.0,0,0.0,WR,JeffJu00
200,Jerry Jeudy,19.30,63,Sun,17,18,2023-01-08,23-259,DEN,,LAC,W 31-28,19.30,24.30,27.3,21.8,63,96.9,0,0.0,0,0.0,WR,JeudJe00
201,Terry McLaurin,19.30,66,Sun,13,13,2024-12-01,29-077,WAS,,TEN,W 42-19,19.30,27.30,27.3,23.3,66,79.5,0,0.0,0,0.0,WR,McLaTe00
202,Terry McLaurin,19.30,70,Sun,14,15,2024-12-15,29-091,WAS,@,NOR,W 20-19,19.30,26.30,26.3,22.8,70,89.7,0,0.0,0,0.0,WR,McLaTe00
203,CeeDee Lamb,19.20,58,Sun,15,16,2023-12-24,24-260,DAL,@,MIA,L 20-22,19.20,25.20,28.2,22.2,58,87.9,0,0.0,0,0.0,WR,LambCe00
204,Drake London,19.20,55,Sun,13,14,2023-12-10,22-139,ATL,,TAM,L 25-29,19.20,29.20,32.2,24.2,55,76.4,0,0.0,0,0.0,WR,LondDr00
205,Brian Thomas,19.20,60,Sun,15,16,2024-12-22,22-075,JAX,@,LVR,L 14-19,19.20,28.20,31.2,23.7,60,89.6,0,0.0,0,0.0,WR,ThomBr06
206,D.J. Moore,19.10,67,Sun,4,4,2023-10-01,26-170,CHI,,DEN,L 28-31,19.10,27.10,30.1,23.1,67,93.1,0,0.0,0,0.0,WR,MoorD.00
207,Deebo Samuel,19.10,68,Thu,3,3,2023-09-21,27-249,SFO,,NYG,W 30-12,19.10,25.10,28.1,22.1,68,81.9,0,0.0,0,0.0,WR,SamuDe00
208,DeVonta Smith,19.10,77,Thu,2,2,2023-09-14,24-304,PHI,,MIN,W 34-28,19.10,23.10,26.1,21.1,77,100.0,0,0.0,1,3.4,WR,SmitDe07
209,Gabriel Davis,19.00,47,Sat,15,16,2023-12-23,24-266,BUF,@,LAC,W 24-22,19.00,23.00,26.0,21.0,47,85.5,0,0.0,0,0.0,WR,DaviGa01
210,Mike Evans,19.00,55,Sun,11,12,2023-11-26,30-097,TAM,@,IND,L 20-27,19.00,25.00,25.0,22.0,55,91.7,0,0.0,0,0.0,WR,EvanMi00
211,Tyreek Hill,19.00,50,Sun,1,1,2024-09-08,30-191,MIA,,JAX,W 20-17,19.00,26.00,29.0,22.5,50,70.4,0,0.0,1,4.0,WR,HillTy00
212,Olamide Zaccheaus,19.00,47,Sun,15,16,2024-12-22,27-152,WAS,,PHI,W 36-33,19.00,24.00,24.0,21.5,47,69.1,0,0.0,0,0.0,WR,ZaccOl01
213,Kendrick Bourne,18.90,32,Sat,15,16,2022-12-24,27-142,NWE,,CIN,L 18-22,18.90,24.90,27.9,21.9,32,57.1,0,0.0,1,4.0,WR,BourKe00
214,Ja'Marr Chase,18.90,100,Sun,1,1,2022-09-11,22-194,CIN,,PIT,L 20-23 (OT),18.90,28.90,31.9,23.9,100,100.0,0,0.0,0,0.0,WR,ChasJa00
215,Cooper Kupp,18.90,64,Sun,5,5,2022-10-09,29-116,LAR,,DAL,L 10-22,18.90,25.90,28.9,22.4,64,98.5,0,0.0,0,0.0,WR,KuppCo00
216,D.K. Metcalf,18.90,61,Sun,2,2,2024-09-15,26-276,SEA,@,NWE,W 23-20 (OT),18.90,28.90,31.9,23.9,61,87.1,0,0.0,0,0.0,WR,MetcDK00
217,Amon-Ra St. Brown,18.90,62,Thu,11,12,2022-11-24,23-031,DET,,BUF,L 25-28,18.90,27.90,30.9,23.4,62,87.3,0,0.0,0,0.0,WR,StxxAm00
218,David Bell,18.80,52,Sun,17,18,2024-01-07,23-024,CLE,@,CIN,L 14-31,18.80,22.80,22.8,20.8,52,98.1,0,0.0,0,0.0,WR,BellDa02
219,Tee Higgins,18.80,73,Sat,15,16,2022-12-24,23-340,CIN,@,NWE,W 22-18,18.80,26.80,29.8,22.8,73,88.0,0,0.0,0,0.0,WR,HiggTe00
220,Cooper Kupp,18.80,67,Thu,1,1,2022-09-08,29-085,LAR,,BUF,L 10-31,18.80,31.80,34.8,25.3,67,100.0,0,0.0,0,0.0,WR,KuppCo00
221,Cooper Kupp,18.80,57,Sun,8,9,2022-11-06,29-144,LAR,@,TAM,L 13-16,18.80,26.80,29.8,22.8,57,100.0,0,0.0,0,0.0,WR,KuppCo00
222,Tyler Lockett,18.80,59,Sun,12,13,2022-12-04,30-067,SEA,@,LAR,W 27-23,18.80,27.80,30.8,23.3,59,88.1,0,0.0,2,7.4,WR,LockTy00
223,Xavier Worthy,18.80,34,Thu,1,1,2024-09-05,21-131,KAN,,BAL,W 27-20,18.80,20.80,20.8,19.8,34,63.0,0,0.0,0,0.0,WR,WortXa00
224,Marquise Goodwin,18.70,38,Sun,7,7,2022-10-23,31-338,SEA,@,LAC,W 37-23,18.70,22.70,22.7,20.7,38,53.5,0,0.0,1,3.4,WR,GoodMa00
225,D.K. Metcalf,18.70,58,Sun,12,13,2022-12-04,24-355,SEA,@,LAR,W 27-23,18.70,26.70,29.7,22.7,58,86.6,0,0.0,0,0.0,WR,MetcDK00
226,Malik Nabers,18.70,50,Sun,2,2,2024-09-15,21-049,NYG,@,WAS,L 18-21,18.70,28.70,31.7,23.7,50,89.3,0,0.0,0,0.0,WR,NabeMa00
227,George Pickens,18.70,46,Mon,2,2,2023-09-18,22-198,PIT,,CLE,W 26-22,18.70,22.70,25.7,20.7,46,85.2,0,0.0,0,0.0,WR,PickGe00
228,Davante Adams,18.60,65,Sun,9,10,2022-11-13,29-324,LVR,,IND,L 20-25,18.60,27.60,30.6,23.1,65,92.9,0,0.0,0,0.0,WR,AdamDa01
229,Brandon Johnson,18.60,30,Sun,2,2,2023-09-17,25-053,DEN,,WAS,L 33-35,18.60,20.60,20.6,19.6,30,45.5,0,0.0,0,0.0,WR,JohnBr23
230,Quentin Johnston,18.60,55,Sun,17,18,2025-01-05,23-121,LAC,@,LVR,W 34-20,18.60,31.60,34.6,25.1,55,73.3,0,0.0,0,0.0,WR,JohnQu02
231,Jakobi Meyers,18.60,58,Sun,17,18,2024-01-07,27-059,LVR,,DEN,W 27-14,18.60,21.60,21.6,20.1,58,87.9,0,0.0,0,0.0,WR,MeyeJa01
232,Josh Reynolds,18.60,53,Sun,2,2,2023-09-17,28-213,DET,,SEA,L 31-37 (OT),18.60,23.60,23.6,21.1,53,80.3,0,0.0,0,0.0,WR,ReynJo00
233,Jameson Williams,18.60,51,Sun,10,11,2024-11-17,23-236,DET,,JAX,W 52-6,18.60,22.60,25.6,20.6,51,64.6,0,0.0,0,0.0,WR,WillJa11
234,Ja'Marr Chase,18.50,63,Sun,13,14,2022-12-11,22-285,CIN,,CLE,W 23-10,18.50,28.50,31.5,23.5,63,94.0,0,0.0,0,0.0,WR,ChasJa00
235,Josh Downs,18.50,50,Sun,7,7,2023-10-22,22-071,IND,,CLE,L 38-39,18.50,23.50,26.5,21.0,50,71.4,0,0.0,0,0.0,WR,DownJo00
236,Justin Jefferson,18.50,66,Sun,8,9,2022-11-06,23-143,MIN,@,WAS,W 20-17,18.50,25.50,28.5,22.0,66,100.0,0,0.0,0,0.0,WR,JeffJu00
237,Alec Pierce,18.50,38,Sun,1,1,2024-09-08,24-129,IND,,HOU,L 27-29,18.50,21.50,24.5,20.0,38,84.4,0,0.0,0,0.0,WR,PierAl00
238,Kendrick Bourne,18.40,73,Sun,1,1,2023-09-10,28-037,NWE,,PHI,L 20-25,18.40,24.40,24.4,21.4,73,91.3,0,0.0,0,0.0,WR,BourKe00
239,Ja'Marr Chase,18.40,54,Sun,9,10,2023-11-12,23-256,CIN,,HOU,L 27-30,18.40,23.40,26.4,20.9,54,84.4,0,0.0,0,0.0,WR,ChasJa00
240,Tee Higgins,18.40,49,Thu,4,4,2022-09-29,23-254,CIN,,MIA,W 27-15,18.40,25.40,28.4,21.9,49,76.6,0,0.0,0,0.0,WR,HiggTe00
241,DeAndre Hopkins,18.40,45,Mon,13,14,2023-12-11,31-188,TEN,@,MIA,W 28-27,18.40,25.40,28.4,21.9,45,63.4,0,0.0,0,0.0,WR,HopkDe00
242,JuJu Smith-Schuster,18.40,35,Sun,7,7,2022-10-23,25-335,KAN,@,SFO,W 44-23,18.40,25.40,28.4,21.9,35,54.7,0,0.0,0,0.0,WR,SmitJu00
243,Amon-Ra St. Brown,18.40,64,Sun,6,6,2023-10-15,23-356,DET,@,TAM,W 20-6,18.40,30.40,33.4,24.4,64,91.4,0,0.0,0,0.0,WR,StxxAm00
244,Justin Jefferson,18.32,79,Sun,5,5,2022-10-09,23-115,MIN,,CHI,W 29-22,18.32,30.32,33.3,24.3,79,100.0,0,0.0,0,0.0,WR,JeffJu00
245,Justin Jefferson,18.30,83,Sat,14,15,2022-12-17,23-184,MIN,,IND,W 39-36 (OT),18.30,30.30,33.3,24.3,83,92.2,0,0.0,0,0.0,WR,JeffJu00
246,Jakobi Meyers,18.30,48,Sun,17,18,2025-01-05,28-057,LVR,,LAC,L 20-34,18.30,27.30,30.3,22.8,48,94.1,0,0.0,0,0.0,WR,MeyeJa01
247,Marvin Mims,18.30,16,Sun,2,2,2023-09-17,21-182,DEN,,WAS,L 33-35,18.30,20.30,23.3,19.3,16,24.2,0,0.0,9,30.0,WR,MimsMa00
248,Puka Nacua,18.30,39,Sun,10,11,2024-11-17,23-172,LAR,@,NWE,W 28-22,18.30,25.30,28.3,21.8,39,75.0,0,0.0,0,0.0,WR,NacuPu00
249,Parker Washington,18.30,56,Sun,12,13,2024-12-01,22-255,JAX,,HOU,L 20-23,18.30,24.30,27.3,21.3,56,80.0,0,0.0,0,0.0,WR,WashPa01
250,Stefon Diggs,18.20,38,Thu,1,1,2022-09-08,28-283,BUF,@,LAR,W 31-10,18.20,26.20,29.2,22.2,38,64.4,0,0.0,0,0.0,WR,DiggSt00
251,Josh Downs,18.20,45,Sun,8,8,2024-10-27,23-076,IND,@,HOU,L 20-23,18.20,22.20,25.2,20.2,45,70.3,0,0.0,6,18.2,WR,DownJo00
252,Mike Evans,18.20,46,Thu,5,5,2024-10-03,31-043,TAM,@,ATL,L 30-36 (OT),18.20,23.20,23.2,20.7,46,86.8,0,0.0,0,0.0,WR,EvanMi00
253,Zay Flowers,18.20,67,Sun,12,12,2023-11-26,23-076,BAL,@,LAC,W 20-10,18.20,23.20,23.2,20.7,67,94.4,0,0.0,0,0.0,WR,FlowZa00
254,Diontae Johnson,18.20,58,Sun,3,3,2024-09-22,28-079,CAR,@,LVR,W 36-22,18.20,26.20,29.2,22.2,58,78.4,0,0.0,0,0.0,WR,JohnDi01
255,Alec Pierce,18.20,73,Sun,16,17,2024-12-29,24-241,IND,@,NYG,L 33-45,18.20,24.20,27.2,21.2,73,94.8,0,0.0,0,0.0,WR,PierAl00
256,Darius Slayton,18.20,65,Sun,5,5,2024-10-06,27-268,NYG,@,SEA,W 29-20,18.20,26.20,29.2,22.2,65,90.3,0,0.0,0,0.0,WR,SlayDa01
257,Brian Thomas,18.20,37,Sun,5,5,2024-10-06,21-364,JAX,,IND,W 37-34,18.20,23.20,26.2,20.7,37,63.8,0,0.0,0,0.0,WR,ThomBr06
258,Rashod Bateman,18.10,45,Mon,7,7,2024-10-21,24-327,BAL,@,TAM,W 41-31,18.10,22.10,25.1,20.1,45,76.3,0,0.0,0,0.0,WR,BateRa00
259,A.J. Brown,18.10,65,Sun,14,15,2022-12-18,25-171,PHI,@,CHI,W 25-20,18.10,27.10,30.1,22.6,65,89.0,0,0.0,1,4.0,WR,BrowAJ00
260,Mike Evans,18.10,45,Sun,1,1,2024-09-08,31-018,TAM,,WAS,W 37-20,18.10,23.10,23.1,20.6,45,70.3,0,0.0,1,3.7,WR,EvanMi00
261,Tee Higgins,18.10,61,Sat,14,15,2023-12-16,24-332,CIN,,MIN,W 27-24 (OT),18.10,22.10,22.1,20.1,61,87.1,0,0.0,0,0.0,WR,HiggTe00
262,Tyreek Hill,18.10,70,Sun,13,14,2024-12-08,30-282,MIA,,NYJ,W 32-26 (OT),18.10,28.10,31.1,23.1,70,97.2,0,0.0,0,0.0,WR,HillTy00
263,Michael Pittman Jr.,18.10,90,Sun,1,1,2022-09-11,24-341,IND,@,HOU,T 20-20 (OT),18.10,27.10,30.1,22.6,90,97.8,0,0.0,0,0.0,WR,PittMi01
264,Deebo Samuel,18.10,53,Sun,15,16,2024-12-22,28-342,SFO,@,MIA,L 17-29,18.10,25.10,25.1,21.6,53,82.8,0,0.0,8,28.6,WR,SamuDe00
265,Jaylen Waddle,18.10,58,Sun,8,8,2023-10-29,24-338,MIA,,NWE,W 31-17,18.10,25.10,28.1,21.6,58,75.3,0,0.0,0,0.0,WR,WaddJa00
266,Nick Westbrook-Ikhine,18.10,55,Sun,12,13,2024-12-01,27-255,TEN,@,WAS,L 19-42,18.10,21.10,21.1,19.6,55,100.0,0,0.0,0,0.0,WR,WestNi00
267,Dontayvion Wicks,18.10,43,Sun,17,18,2024-01-07,22-205,GNB,,CHI,W 17-9,18.10,24.10,24.1,21.1,43,71.7,0,0.0,0,0.0,WR,WickDo00
268,Mike Williams,18.10,44,Sun,3,3,2023-09-24,28-355,LAC,@,MIN,W 28-24,18.10,25.10,28.1,21.6,44,66.7,0,0.0,0,0.0,WR,WillMi07
269,Quentin Johnston,18.00,39,Sun,8,9,2024-11-03,23-058,LAC,@,CLE,W 27-10,18.00,22.00,25.0,20.0,39,68.4,0,0.0,0,0.0,WR,JohnQu02
270,Cooper Kupp,18.00,78,Sun,1,1,2024-09-08,31-085,LAR,@,DET,L 20-26 (OT),18.00,32.00,35.0,25.0,78,100.0,0,0.0,0,0.0,WR,KuppCo00
271,Jalen McMillan,18.00,53,Sun,16,17,2024-12-29,23-022,TAM,,CAR,W 48-14,18.00,23.00,23.0,20.5,53,68.8,0,0.0,0,0.0,WR,McMiJa01
272,A.J. Brown,17.90,72,Fri,1,1,2024-09-06,27-068,PHI,,GNB,W 34-29,17.90,22.90,25.9,20.4,72,94.7,0,0.0,0,0.0,WR,BrowAJ00
273,Russell Gage,17.90,46,Sun,14,15,2022-12-18,26-330,TAM,,CIN,L 23-34,17.90,25.90,25.9,21.9,46,62.2,0,0.0,0,0.0,WR,GageRu00
274,Tyler Lockett,17.90,62,Sun,2,2,2023-09-17,30-354,SEA,@,DET,W 37-31 (OT),17.90,25.90,25.9,21.9,62,86.1,0,0.0,1,3.6,WR,LockTy00
275,Jalen McMillan,17.90,49,Sun,13,14,2024-12-08,23-001,TAM,,LVR,W 28-13,17.90,21.90,21.9,19.9,49,79.0,0,0.0,0,0.0,WR,McMiJa01
276,Deebo Samuel,17.90,48,Sun,14,15,2023-12-17,27-336,SFO,@,ARI,W 45-29,17.90,21.90,21.9,19.9,48,85.7,0,0.0,6,19.4,WR,SamuDe00
277,Mike Evans,17.80,67,Sun,12,13,2024-12-01,31-102,TAM,@,CAR,W 26-23 (OT),17.80,25.80,28.8,21.8,67,83.8,0,0.0,0,0.0,WR,EvanMi00
278,Brandon Aiyuk,17.70,64,Sun,16,17,2023-01-01,24-290,SFO,@,LVR,W 37-34 (OT),17.70,26.70,29.7,22.2,64,95.5,0,0.0,0,0.0,WR,AiyuBr00
279,Kayshon Boutte,17.70,45,Sun,17,18,2025-01-05,22-243,NWE,,BUF,W 23-16,17.70,24.70,27.7,21.2,45,70.3,0,0.0,0,0.0,WR,BoutKa00
280,Chris Godwin,17.70,38,Sun,2,2,2024-09-15,28-201,TAM,@,DET,W 20-16,17.70,24.70,27.7,21.2,38,79.2,0,0.0,0,0.0,WR,GodwCh00
281,Tyreek Hill,17.70,60,Sun,6,6,2022-10-16,28-229,MIA,,MIN,L 16-24,17.70,29.70,32.7,23.7,60,76.9,0,0.0,3,9.7,WR,HillTy00
282,D.J. Moore,17.70,65,Sun,16,17,2023-01-01,25-262,CAR,@,TAM,L 24-30,17.70,23.70,26.7,20.7,65,98.5,0,0.0,1,3.2,WR,MoorD.00
283,Deebo Samuel,17.70,40,Mon,4,4,2022-10-03,26-261,SFO,,LAR,W 24-9,17.70,23.70,26.7,20.7,40,80.0,0,0.0,0,0.0,WR,SamuDe00
284,Deebo Samuel,17.70,53,Thu,6,6,2024-10-10,28-269,SFO,@,SEA,W 36-24,17.70,20.70,23.7,19.2,53,81.5,0,0.0,4,13.3,WR,SamuDe00
285,Michael Thomas,17.70,37,Sun,1,1,2022-09-11,29-192,NOR,@,ATL,W 27-26,17.70,22.70,22.7,20.2,37,60.7,0,0.0,0,0.0,WR,ThomMi05
286,Tre Tucker,17.70,29,Thu,14,15,2023-12-14,22-281,LVR,,LAC,W 63-21,17.70,20.70,20.7,19.2,29,45.3,0,0.0,0,0.0,WR,TuckTr00
287,Nick Westbrook-Ikhine,17.70,50,Sun,10,11,2024-11-17,27-241,TEN,,MIN,L 13-23,17.70,19.70,22.7,18.7,50,84.7,0,0.0,1,3.8,WR,WestNi00
288,Keenan Allen,17.60,61,Sun,10,11,2023-11-19,31-206,LAC,@,GNB,L 20-23,17.60,27.60,30.6,22.6,61,93.8,0,0.0,0,0.0,WR,AlleKe00
289,A.J. Brown,17.60,57,Sun,5,6,2024-10-13,27-105,PHI,,CLE,W 20-16,17.60,23.60,26.6,20.6,57,91.9,0,0.0,0,0.0,WR,BrowAJ00
290,Amari Cooper,17.60,57,Sun,3,3,2023-09-24,29-099,CLE,,TEN,W 27-3,17.60,24.60,27.6,21.1,57,80.3,0,0.0,0,0.0,WR,CoopAm00
291,CeeDee Lamb,17.60,51,Sun,14,15,2024-12-15,25-251,DAL,@,CAR,W 30-14,17.60,26.60,29.6,22.1,51,69.9,0,0.0,0,0.0,WR,LambCe00
292,Mike Williams,17.60,52,Sun,13,14,2022-12-11,28-068,LAC,,MIA,W 23-17,17.60,23.60,26.6,20.6,52,65.0,0,0.0,0,0.0,WR,WillMi07
293,Cooper Kupp,17.50,75,Sun,13,14,2023-12-10,30-178,LAR,@,BAL,L 31-37 (OT),17.50,25.50,28.5,21.5,75,97.4,0,0.0,0,0.0,WR,KuppCo00
294,Khalil Shakir,17.50,56,Sun,11,11,2023-11-19,23-289,BUF,,NYJ,W 32-6,17.50,20.50,23.5,19.0,56,73.7,0,0.0,10,37.0,WR,ShakKh00
295,Adam Thielen,17.50,56,Sun,6,6,2023-10-15,33-054,CAR,@,MIA,L 21-42,17.50,28.50,31.5,23.0,56,81.2,0,0.0,0,0.0,WR,ThieAd00
296,Tylan Wallace,17.50,12,Thu,10,10,2024-11-07,25-178,BAL,,CIN,W 35-34,17.50,20.50,23.5,19.0,12,19.0,0,0.0,19,67.9,WR,WallTy00
297,Brandon Aiyuk,17.40,61,Sun,16,17,2023-12-31,25-289,SFO,@,WAS,W 27-10,17.40,24.40,27.4,20.9,61,87.1,0,0.0,0,0.0,WR,AiyuBr00
298,Calvin Austin III,17.40,38,Mon,8,8,2024-10-28,25-218,PIT,,NYG,W 26-18,17.40,20.40,20.4,18.9,38,57.6,0,0.0,4,13.3,WR,AustCa00
299,Greg Dortch,17.40,29,Sun,17,18,2025-01-05,26-221,ARI,,SFO,W 47-24,17.40,21.40,21.4,19.4,29,44.6,0,0.0,7,21.2,WR,DortGr01
300,Devin Duvernay,17.40,29,Sun,1,1,2022-09-11,24-364,BAL,@,NYJ,W 24-9,17.40,21.40,21.4,19.4,29,51.8,0,0.0,9,33.3,WR,DuveDe00
301,Tee Higgins,17.40,58,Sun,11,12,2022-11-27,23-313,CIN,@,TEN,W 20-16,17.40,24.40,27.4,20.9,58,82.9,0,0.0,0,0.0,WR,HiggTe00
302,Allen Lazard,17.40,59,Mon,6,6,2024-10-14,28-308,NYJ,,BUF,L 20-23,17.40,23.40,26.4,20.4,59,93.7,0,0.0,0,0.0,WR,LazaAl00
303,Rome Odunze,17.40,89,Sun,3,3,2024-09-22,22-111,CHI,@,IND,L 16-21,17.40,23.40,26.4,20.4,89,98.9,0,0.0,0,0.0,WR,OdunRo00
304,Jaylen Waddle,17.40,41,Sat,14,15,2022-12-17,24-022,MIA,@,BUF,L 29-32,17.40,20.40,23.4,18.9,41,69.5,0,0.0,0,0.0,WR,WaddJa00
305,Terry McLaurin,17.30,47,Sun,6,6,2024-10-13,29-028,WAS,@,BAL,L 23-30,17.30,23.30,23.3,20.3,47,79.7,0,0.0,0,0.0,WR,McLaTe00
306,Josh Palmer,17.30,47,Thu,14,15,2023-12-14,24-083,LAC,@,LVR,L 21-63,17.30,21.30,24.3,19.3,47,72.3,0,0.0,0,0.0,WR,PalmJo00
307,A.T. Perry,17.30,43,Sun,17,18,2024-01-07,24-073,NOR,,ATL,W 48-17,17.30,20.30,20.3,18.8,43,64.2,0,0.0,0,0.0,WR,PerrAT00
308,JuJu Smith-Schuster,17.30,59,Sun,6,6,2022-10-16,25-328,KAN,,BUF,L 20-24,17.30,22.30,25.3,19.8,59,88.1,0,0.0,0,0.0,WR,SmitJu00
309,Tyquan Thornton,17.30,40,Sun,6,6,2022-10-16,22-039,NWE,@,CLE,W 38-15,17.30,21.30,21.3,19.3,40,57.1,0,0.0,0,0.0,WR,ThorTy00
310,Mike Williams,17.30,66,Thu,2,2,2022-09-15,27-346,LAC,@,KAN,L 24-27,17.30,25.30,28.3,21.3,66,88.0,0,0.0,0,0.0,WR,WillMi07
311,Noah Brown,17.20,56,Sun,9,10,2023-11-12,27-310,HOU,@,CIN,W 30-27,17.20,24.20,27.2,20.7,56,74.7,0,0.0,5,15.6,WR,BrowNo00
312,Tyreek Hill,17.20,58,Sun,8,8,2023-10-29,29-242,MIA,,NWE,W 31-17,17.20,25.20,28.2,21.2,58,75.3,0,0.0,0,0.0,WR,HillTy00
313,Amon-Ra St. Brown,17.20,61,Sat,14,15,2023-12-16,24-053,DET,,DEN,W 42-17,17.20,24.20,27.2,20.7,61,92.4,0,0.0,2,6.9,WR,StxxAm00
314,Amon-Ra St. Brown,17.20,54,Sun,6,7,2024-10-20,24-362,DET,@,MIN,W 31-29,17.20,25.20,28.2,21.2,54,94.7,0,0.0,0,0.0,WR,StxxAm00
315,Amari Cooper,17.10,57,Mon,8,8,2022-10-31,28-136,CLE,,CIN,W 32-13,17.10,22.10,26.1,20.6,57,79.2,0,0.0,2,8.7,WR,CoopAm00
316,Marvin Harrison Jr.,17.10,60,Sun,8,8,2024-10-27,22-077,ARI,@,MIA,W 28-27,17.10,23.10,26.1,20.1,60,90.9,0,0.0,0,0.0,WR,HarrMa09
317,Quentin Johnston,17.10,48,Sun,2,2,2024-09-15,23-009,LAC,@,CAR,W 26-3,17.10,22.10,22.1,19.6,48,69.6,0,0.0,0,0.0,WR,JohnQu02
318,Cooper Kupp,17.10,75,Sun,14,15,2023-12-17,30-185,LAR,,WAS,W 28-20,17.10,25.10,28.1,21.1,75,100.0,0,0.0,2,7.4,WR,KuppCo00
319,CeeDee Lamb,17.10,70,Sun,8,9,2023-11-05,24-211,DAL,@,PHI,L 23-28,17.10,28.10,32.1,22.6,70,93.3,0,0.0,0,0.0,WR,LambCe00
320,Jakobi Meyers,17.10,48,Sun,5,5,2022-10-09,25-334,NWE,,DET,W 29-0,17.10,24.10,27.1,20.6,48,80.0,0,0.0,0,0.0,WR,MeyeJa01
321,Marvin Mims,17.10,23,Sun,17,18,2025-01-05,22-292,DEN,,KAN,W 38-0,17.10,22.10,22.1,19.6,23,31.1,0,0.0,6,26.1,WR,MimsMa00
322,George Pickens,17.10,54,Sun,7,7,2024-10-20,23-230,PIT,,NYJ,W 37-15,17.10,22.10,25.1,19.6,54,79.4,0,0.0,0,0.0,WR,PickGe00
323,Rashee Rice,17.10,55,Sun,3,3,2024-09-22,24-153,KAN,@,ATL,W 22-17,17.10,29.10,32.1,23.1,55,74.3,0,0.0,0,0.0,WR,RiceRa01
324,Brian Thomas,17.10,40,Sun,7,7,2024-10-20,22-012,JAX,,NWE,W 32-16,17.10,22.10,22.1,19.6,40,65.6,0,0.0,0,0.0,WR,ThomBr06
325,Christian Watson,17.10,49,Thu,11,11,2022-11-17,23-189,GNB,,TEN,L 17-27,17.10,21.10,21.1,19.1,49,80.3,0,0.0,0,0.0,WR,WatsCh00
326,Davante Adams,17.00,59,Sun,2,2,2024-09-15,31-266,LVR,@,BAL,W 26-23,17.00,26.00,29.0,21.5,59,93.7,0,0.0,0,0.0,WR,AdamDa01
327,Nelson Agholor,17.00,34,Sun,2,2,2022-09-18,29-117,NWE,@,PIT,W 17-14,17.00,23.00,26.0,20.0,34,50.0,0,0.0,0,0.0,WR,AghoNe00
328,Jamal Agnew,17.00,18,Sun,4,4,2022-10-02,27-182,JAX,@,PHI,L 21-29,17.00,21.00,21.0,19.0,18,38.3,0,0.0,9,37.5,WR,AgneJa00
329,A.J. Brown,17.00,73,Sun,14,15,2024-12-15,27-168,PHI,,PIT,W 27-13,17.00,25.00,28.0,21.0,73,91.3,0,0.0,0,0.0,WR,BrowAJ00
330,Jalen Coker,17.00,48,Sun,14,15,2024-12-15,23-046,CAR,,DAL,L 14-30,17.00,21.00,24.0,19.0,48,87.3,0,0.0,0,0.0,WR,CokeJa01
331,Chris Godwin,17.00,66,Sun,11,12,2022-11-27,26-273,TAM,@,CLE,L 17-23 (OT),17.00,29.00,32.0,23.0,66,95.7,0,0.0,0,0.0,WR,GodwCh00
332,DeVonta Smith,17.00,74,Sun,14,15,2024-12-15,26-031,PHI,,PIT,W 27-13,17.00,28.00,31.0,22.5,74,92.5,0,0.0,0,0.0,WR,SmitDe07
333,Christian Watson,17.00,45,Sun,12,12,2022-11-27,23-199,GNB,@,PHI,L 33-40,17.00,21.00,24.0,19.0,45,91.8,0,0.0,0,0.0,WR,WatsCh00
334,Davante Adams,16.90,58,Sun,13,14,2024-12-08,31-350,NYJ,@,MIA,L 26-32 (OT),16.90,25.90,28.9,21.4,58,85.3,0,0.0,0,0.0,WR,AdamDa01
335,A.J. Brown,16.90,65,Sun,11,12,2024-11-24,27-147,PHI,@,LAR,W 37-20,16.90,22.90,25.9,19.9,65,89.0,0,0.0,2,7.1,WR,BrowAJ00
336,Noah Brown,16.90,56,Sun,14,15,2022-12-18,26-346,DAL,@,JAX,L 34-40 (OT),16.90,22.90,22.9,19.9,56,74.7,0,0.0,5,15.2,WR,BrowNo00
337,Amari Cooper,16.90,65,Sun,14,15,2023-12-17,29-183,CLE,,CHI,W 20-17,16.90,20.90,23.9,18.9,65,94.2,0,0.0,0,0.0,WR,CoopAm00
338,Romeo Doubs,16.90,54,Sun,6,6,2024-10-13,24-183,GNB,,ARI,W 34-13,16.90,19.90,19.9,18.4,54,74.0,0,0.0,0,0.0,WR,DoubRo00
339,Marvin Mims,16.90,23,Mon,13,13,2024-12-02,22-258,DEN,,CLE,W 41-32,16.90,19.90,22.9,18.4,23,34.8,0,0.0,12,32.4,WR,MimsMa00
340,Michael Pittman Jr.,16.90,72,Sun,16,17,2024-12-29,27-085,IND,@,NYG,L 33-45,16.90,25.90,28.9,21.4,72,93.5,0,0.0,0,0.0,WR,PittMi01
341,Calvin Ridley,16.90,71,Sun,11,12,2023-11-26,28-341,JAX,@,HOU,W 24-21,16.90,21.90,21.9,19.4,71,93.4,0,0.0,0,0.0,WR,RidlCa00
342,Rashid Shaheed,16.90,39,Sun,2,2,2024-09-15,26-015,NOR,@,DAL,W 44-19,16.90,20.90,20.9,18.9,39,66.1,0,0.0,6,22.2,WR,ShahRa00
343,Brian Thomas,16.90,49,Sun,16,17,2024-12-29,22-082,JAX,,TEN,W 20-13,16.90,23.90,23.9,20.4,49,84.5,0,0.0,0,0.0,WR,ThomBr06
344,Rashod Bateman,16.80,36,Sun,2,2,2022-09-18,22-293,BAL,,MIA,L 38-42,16.80,20.80,23.8,18.8,36,61.0,0,0.0,0,0.0,WR,BateRa00
345,Stefon Diggs,16.80,47,Sun,7,8,2022-10-30,28-335,BUF,,GNB,W 27-17,16.80,22.80,25.8,19.8,47,79.7,0,0.0,0,0.0,WR,DiggSt00
346,Jahan Dotson,16.80,61,Sun,8,8,2023-10-29,23-221,WAS,,PHI,L 31-38,16.80,24.80,27.8,20.8,61,84.7,0,0.0,0,0.0,WR,DotsJa00
347,Jayden Reed,16.70,36,Thu,12,13,2024-11-28,24-214,GNB,,MIA,W 30-17,16.70,19.70,19.7,18.2,36,66.7,0,0.0,4,16.7,WR,ReedJa03
348,Rashee Rice,16.70,40,Sun,11,12,2023-11-26,23-218,KAN,@,LVR,W 31-17,16.70,24.70,27.7,20.7,40,66.7,0,0.0,0,0.0,WR,RiceRa01
349,Adam Thielen,16.70,69,Sun,5,5,2023-10-08,33-047,CAR,@,DET,L 24-42,16.70,27.70,30.7,22.2,69,97.2,0,0.0,0,0.0,WR,ThieAd00
350,Garrett Wilson,16.70,61,Mon,6,6,2024-10-14,24-084,NYJ,,BUF,L 20-23,16.70,24.70,27.7,20.7,61,96.8,0,0.0,0,0.0,WR,WilsGa00
351,Brandin Cooks,16.60,59,Sun,17,18,2023-01-08,29-105,HOU,@,IND,W 32-31,16.60,21.60,24.6,19.1,59,90.8,0,0.0,0,0.0,WR,CookBr00
352,Stefon Diggs,16.60,55,Sun,9,9,2023-11-05,29-341,BUF,@,CIN,L 18-24,16.60,22.60,22.6,19.6,55,94.8,0,0.0,0,0.0,WR,DiggSt00
353,Zay Flowers,16.60,32,Sun,16,17,2023-12-31,23-111,BAL,,MIA,W 56-19,16.60,19.60,22.6,18.1,32,56.1,0,0.0,0,0.0,WR,FlowZa00
354,CeeDee Lamb,16.60,47,Thu,4,4,2024-09-26,25-171,DAL,@,NYG,W 20-15,16.60,23.60,23.6,20.1,47,83.9,0,0.0,0,0.0,WR,LambCe00
355,Drake London,16.60,50,Sun,2,2,2022-09-18,21-056,ATL,@,LAR,L 27-31,16.60,24.60,24.6,20.6,50,82.0,0,0.0,0,0.0,WR,LondDr00
356,Calvin Ridley,16.60,60,Sun,17,18,2024-01-07,29-018,JAX,@,TEN,L 20-28,16.60,22.60,25.6,19.6,60,84.5,0,0.0,0,0.0,WR,RidlCa00
357,Khalil Shakir,16.60,47,Sun,13,14,2024-12-08,24-309,BUF,@,LAR,L 42-44,16.60,21.60,24.6,19.1,47,78.3,0,0.0,1,3.0,WR,ShakKh00
358,Darius Slayton,16.60,64,Sun,16,17,2023-12-31,26-353,NYG,,LAR,L 25-26,16.60,20.60,23.6,18.6,64,86.5,0,0.0,0,0.0,WR,SlayDa01
359,DeVonta Smith,16.60,65,Sun,11,12,2023-11-26,25-012,PHI,,BUF,W 37-34 (OT),16.60,23.60,26.6,20.1,65,98.5,0,0.0,0,0.0,WR,SmitDe07
360,Amon-Ra St. Brown,16.60,78,Sun,15,16,2023-12-24,24-061,DET,@,MIN,W 30-24,16.60,28.60,31.6,22.6,78,98.7,0,0.0,1,3.8,WR,StxxAm00
361,Tyler Boyd,16.50,46,Sun,3,3,2022-09-25,27-314,CIN,@,NYJ,W 27-12,16.50,20.50,23.5,18.5,46,67.6,0,0.0,0,0.0,WR,BoydTy00
362,Gabriel Davis,16.50,43,Sun,6,6,2024-10-13,25-195,JAX,@,CHI,L 16-35,16.50,21.50,21.5,19.0,43,69.4,0,0.0,0,0.0,WR,DaviGa01
363,Gabriel Davis,16.50,91,Sun,12,12,2023-11-26,24-239,BUF,@,PHI,L 34-37 (OT),16.50,22.50,25.5,19.5,91,95.8,0,0.0,0,0.0,WR,DaviGa01
364,Jahan Dotson,16.50,50,Sun,14,15,2022-12-18,22-271,WAS,,NYG,L 12-20,16.50,20.50,23.5,18.5,50,79.4,0,0.0,0,0.0,WR,DotsJa00
365,Trenton Irwin,16.50,37,Sat,15,16,2022-12-24,27-014,CIN,@,NWE,W 22-18,16.50,19.50,19.5,18.0,37,44.6,0,0.0,0,0.0,WR,IrwiTr00
366,Zay Jones,16.50,57,Sun,11,12,2022-11-27,27-242,JAX,,BAL,W 28-27,16.50,27.50,30.5,22.0,57,90.5,0,0.0,0,0.0,WR,JoneZa00
367,Terry McLaurin,16.50,77,Sun,13,13,2022-12-04,27-080,WAS,@,NYG,T 20-20 (OT),16.50,24.50,27.5,20.5,77,90.6,0,0.0,0,0.0,WR,McLaTe00
368,Bo Melton,16.50,49,Sun,16,17,2023-12-31,24-227,GNB,@,MIN,W 33-10,16.50,22.50,25.5,19.5,49,66.2,0,0.0,1,4.2,WR,MeltBo00
369,Michael Pittman Jr.,16.50,68,Sun,12,13,2023-12-03,26-059,IND,@,TEN,W 31-28 (OT),16.50,27.50,30.5,22.0,68,95.8,0,0.0,0,0.0,WR,PittMi01
370,Ja'Marr Chase,16.40,50,Sun,15,16,2024-12-22,24-296,CIN,,CLE,W 24-6,16.40,22.40,22.4,19.4,50,89.3,0,0.0,0,0.0,WR,ChasJa00
371,Chase Claypool,16.40,55,Sun,6,6,2022-10-16,24-101,PIT,,TAM,W 20-18,16.40,23.40,23.4,19.9,55,85.9,0,0.0,0,0.0,WR,ClayCh01
372,Nico Collins,16.40,46,Sun,11,12,2023-11-26,24-252,HOU,,JAX,L 21-24,16.40,23.40,26.4,19.9,46,76.7,0,0.0,0,0.0,WR,CollNi00
373,Stefon Diggs,16.40,45,Sun,16,18,2023-01-08,29-040,BUF,,NWE,W 35-23,16.40,23.40,26.4,19.9,45,76.3,0,0.0,0,0.0,WR,DiggSt00
374,Tyreek Hill,16.40,44,Fri,11,12,2023-11-24,29-268,MIA,@,NYJ,W 34-13,16.40,25.40,28.4,20.9,44,62.9,0,0.0,1,4.2,WR,HillTy00
375,D.K. Metcalf,16.40,53,Sun,3,3,2024-09-22,26-283,SEA,,MIA,W 24-3,16.40,20.40,23.4,18.4,53,82.8,0,0.0,0,0.0,WR,MetcDK00
376,Rondale Moore,16.40,77,Sun,8,8,2022-10-30,22-143,ARI,@,MIN,L 26-34,16.40,23.40,23.4,19.9,77,98.7,0,0.0,0,0.0,WR,MoorRo02
377,Isaiah McKenzie,16.30,56,Thu,11,12,2022-11-24,27-229,BUF,@,DET,W 28-25,16.30,22.30,22.3,19.3,56,72.7,0,0.0,1,3.8,WR,McKeIs00
378,D.J. Moore,16.30,64,Sun,12,12,2022-11-27,25-227,CAR,,DEN,W 23-10,16.30,20.30,23.3,18.3,64,97.0,0,0.0,1,3.3,WR,MoorD.00
379,Tim Patrick,16.30,53,Thu,13,14,2024-12-05,31-012,DET,,GNB,W 34-31,16.30,22.30,22.3,19.3,53,66.3,0,0.0,0,0.0,WR,PatrTi00
380,Rashid Shaheed,16.30,62,Sun,6,6,2023-10-15,25-045,NOR,@,HOU,L 13-20,16.30,18.30,18.3,17.3,62,75.6,0,0.0,10,38.5,WR,ShahRa00
381,Courtland Sutton,16.28,61,Sun,9,9,2024-11-03,29-024,DEN,@,BAL,L 10-41,16.28,23.28,26.3,19.8,61,84.7,0,0.0,0,0.0,WR,SuttCo00
382,Robbie Chosen,16.20,53,Sun,1,1,2022-09-11,29-125,CAR,,CLE,L 24-26,16.20,21.20,24.2,18.7,53,100.0,0,0.0,0,0.0,WR,AndeRo04
383,Stefon Diggs,16.20,43,Sun,5,5,2022-10-09,28-314,BUF,,PIT,W 38-3,16.20,24.20,27.2,20.2,43,76.8,0,0.0,0,0.0,WR,DiggSt00
384,Stefon Diggs,16.20,58,Mon,1,1,2023-09-11,29-286,BUF,@,NYJ,L 16-22 (OT),16.20,26.20,29.2,21.2,58,84.1,0,0.0,0,0.0,WR,DiggSt00
385,Jerry Jeudy,16.20,59,Mon,1,1,2022-09-12,23-141,DEN,@,SEA,L 16-17,16.20,20.20,23.2,18.2,59,89.4,0,0.0,0,0.0,WR,JeudJe00
386,Terry McLaurin,16.20,57,Sun,12,12,2024-11-24,29-070,WAS,,DAL,L 26-34,16.20,21.20,24.2,18.7,57,81.4,0,0.0,0,0.0,WR,McLaTe00
387,Rome Odunze,16.20,49,Sun,13,14,2024-12-08,22-188,CHI,@,SFO,L 13-38,16.20,20.20,20.2,18.2,49,92.5,0,0.0,0,0.0,WR,OdunRo00
388,Chris Olave,16.20,28,Sun,11,11,2022-11-20,22-146,NOR,,LAR,W 27-20,16.20,21.20,24.2,18.7,28,49.1,0,0.0,0,0.0,WR,OlavCh00
389,DeVonta Smith,16.20,63,Sun,12,13,2022-12-04,24-020,PHI,,TEN,W 35-10,16.20,21.20,24.2,18.7,63,86.3,0,0.0,0,0.0,WR,SmitDe07
390,Garrett Wilson,16.20,78,Sun,12,13,2022-12-04,22-135,NYJ,@,MIN,L 22-27,16.20,24.20,27.2,20.2,78,91.8,0,0.0,0,0.0,WR,WilsGa00
391,Davante Adams,16.10,52,Thu,14,15,2023-12-14,30-355,LVR,,LAC,W 63-21,16.10,24.10,27.1,20.1,52,81.3,0,0.0,0,0.0,WR,AdamDa01
392,Keenan Allen,16.10,53,Sun,6,6,2024-10-13,32-169,CHI,,JAX,W 35-16,16.10,21.10,21.1,18.6,53,80.3,0,0.0,0,0.0,WR,AlleKe00
393,Amari Cooper,16.10,54,Sun,2,2,2022-09-18,28-093,CLE,,NYJ,L 30-31,16.10,25.10,28.1,20.6,54,80.6,0,0.0,1,3.3,WR,CoopAm00
394,Amari Cooper,16.10,59,Thu,3,3,2022-09-22,28-097,CLE,,PIT,W 29-17,16.10,23.10,26.1,19.6,59,81.9,0,0.0,1,3.6,WR,CoopAm00
395,Stefon Diggs,16.10,52,Sun,5,5,2023-10-08,29-313,BUF,,JAX,L 20-25,16.10,24.10,28.1,20.1,52,86.7,0,0.0,0,0.0,WR,DiggSt00
396,Calvin Ridley,16.10,57,Sun,1,1,2023-09-10,28-264,JAX,@,IND,W 31-21,16.10,24.10,27.1,20.1,57,81.4,0,0.0,0,0.0,WR,RidlCa00
397,Curtis Samuel,16.10,43,Sun,14,15,2023-12-17,27-128,WAS,@,LAR,L 20-28,16.10,21.10,21.1,18.6,43,71.7,0,0.0,0,0.0,WR,SamuCu00
398,Deebo Samuel,16.10,51,Sun,2,2,2023-09-17,27-245,SFO,@,LAR,W 30-23,16.10,22.10,22.1,19.1,51,89.5,0,0.0,0,0.0,WR,SamuDe00
399,Amon-Ra St. Brown,16.10,69,Sat,16,17,2023-12-30,24-067,DET,@,DAL,L 19-20,16.10,22.10,22.1,19.1,69,100.0,0,0.0,0,0.0,WR,StxxAm00
400,Garrett Wilson,16.10,69,Sun,5,5,2024-10-06,24-076,NYJ,@,MIN,L 17-23,16.10,29.10,32.1,22.6,69,95.8,0,0.0,0,0.0,WR,WilsGa00
401,Gabriel Davis,16.00,54,Sun,5,5,2023-10-08,24-190,BUF,,JAX,L 20-25,16.00,22.00,25.0,19.0,54,90.0,0,0.0,1,4.0,WR,DaviGa01
402,Romeo Doubs,16.00,48,Sun,14,15,2024-12-15,24-246,GNB,@,SEA,W 30-13,16.00,19.00,19.0,17.5,48,75.0,0,0.0,0,0.0,WR,DoubRo00
403,Terry McLaurin,16.00,50,Mon,3,3,2024-09-23,29-008,WAS,@,CIN,W 38-33,16.00,20.00,23.0,18.0,50,84.7,0,0.0,1,3.8,WR,McLaTe00
404,Alec Pierce,16.00,70,Sun,12,13,2023-12-03,23-215,IND,@,TEN,W 31-28 (OT),16.00,19.00,22.0,17.5,70,98.6,0,0.0,0,0.0,WR,PierAl00
405,Jaxon Smith-Njigba,16.00,56,Sun,15,16,2024-12-22,22-312,SEA,,MIN,L 24-27,16.00,24.00,24.0,20.0,56,87.5,0,0.0,0,0.0,WR,SmitJa06
406,Stefon Diggs,15.90,61,Sun,1,1,2024-09-08,30-284,HOU,@,IND,W 29-27,15.90,21.90,21.9,18.9,61,77.2,0,0.0,0,0.0,WR,DiggSt00
407,Tyreek Hill,15.90,60,Thu,4,4,2022-09-29,28-212,MIA,@,CIN,L 15-27,15.90,25.90,28.9,20.9,60,93.8,0,0.0,2,7.1,WR,HillTy00
408,Christian Kirk,15.90,47,Sat,17,18,2023-01-07,26-050,JAX,,TEN,W 20-16,15.90,21.90,21.9,18.9,47,95.9,0,0.0,0,0.0,WR,KirkCh01
409,D.K. Metcalf,15.90,47,Sun,7,7,2024-10-20,26-311,SEA,@,ATL,W 34-14,15.90,19.90,19.9,17.9,47,78.3,0,0.0,0,0.0,WR,MetcDK00
410,Curtis Samuel,15.90,66,Sun,2,2,2022-09-18,26-038,WAS,@,DET,L 27-36,15.90,22.90,22.9,19.4,66,89.2,0,0.0,0,0.0,WR,SamuCu00
411,DeVonta Smith,15.90,61,Sun,8,8,2023-10-29,24-349,PHI,@,WAS,W 38-31,15.90,22.90,22.9,19.4,61,96.8,0,0.0,1,3.6,WR,SmitDe07
412,Adam Thielen,15.90,51,Sun,12,13,2024-12-01,34-101,CAR,,TAM,L 23-26 (OT),15.90,23.90,23.9,19.9,51,72.9,0,0.0,0,0.0,WR,ThieAd00
413,Brian Thomas,15.90,44,Sun,4,4,2024-09-29,21-357,JAX,@,HOU,L 20-24,15.90,21.90,21.9,18.9,44,75.9,0,0.0,0,0.0,WR,ThomBr06
414,Tank Dell,15.80,30,Sat,15,16,2024-12-21,25-053,HOU,@,KAN,L 19-27,15.80,21.80,21.8,18.8,30,50.8,0,0.0,1,4.2,WR,DellNa00
415,Courtland Sutton,15.80,48,Sun,17,18,2025-01-05,29-087,DEN,,KAN,W 38-0,15.80,20.80,20.8,18.3,48,64.9,0,0.0,0,0.0,WR,SuttCo00
416,Odell Beckham Jr.,15.70,38,Sun,13,14,2023-12-10,31-035,BAL,,LAR,W 37-31 (OT),15.70,19.70,19.7,17.7,38,52.8,0,0.0,0,0.0,WR,BeckOd00
417,A.J. Brown,15.70,55,Sun,16,17,2023-01-01,25-185,PHI,,NOR,L 10-20,15.70,19.70,19.7,17.7,55,100.0,0,0.0,0,0.0,WR,BrowAJ00
418,A.J. Brown,15.70,74,Sun,15,16,2024-12-22,27-175,PHI,@,WAS,L 33-36,15.70,23.70,23.7,19.7,74,100.0,0,0.0,0,0.0,WR,BrowAJ00
419,CeeDee Lamb,15.70,58,Sun,4,4,2022-10-02,23-177,DAL,,WAS,W 25-10,15.70,21.70,21.7,18.7,58,95.1,0,0.0,0,0.0,WR,LambCe00
420,D.J. Moore,15.70,65,Thu,12,13,2024-11-28,27-228,CHI,@,DET,L 20-23,15.70,23.70,23.7,19.7,65,97.0,0,0.0,0,0.0,WR,MoorD.00
421,Michael Pittman Jr.,15.70,70,Sun,1,1,2023-09-10,25-340,IND,,JAX,L 21-31,15.70,23.70,23.7,19.7,70,97.2,0,0.0,0,0.0,WR,PittMi01
422,Jayden Reed,15.70,28,Sun,2,2,2023-09-17,23-142,GNB,@,ATL,L 24-25,15.70,19.70,19.7,17.7,28,56.0,0,0.0,1,3.7,WR,ReedJa03
423,Ja'Marr Chase,15.60,73,Sat,17,18,2025-01-04,24-309,CIN,@,PIT,W 19-17,15.60,25.60,25.6,20.6,73,98.6,0,0.0,0,0.0,WR,ChasJa00
424,Andrei Iosivas,15.60,59,Sun,17,18,2024-01-07,24-084,CIN,,CLE,W 31-14,15.60,20.60,20.6,18.1,59,92.2,0,0.0,1,3.4,WR,IosiAn00
425,D.J. Moore,15.60,73,Sun,11,11,2023-11-19,26-219,CHI,@,DET,L 26-31,15.60,22.60,22.6,19.1,73,97.3,0,0.0,1,3.8,WR,MoorD.00
426,DeVante Parker,15.60,64,Sun,3,3,2022-09-25,29-248,NWE,,BAL,L 26-37,15.60,20.60,23.6,18.1,64,97.0,0,0.0,0,0.0,WR,ParkDe01
427,DeVonta Smith,15.60,72,Sun,12,13,2023-12-03,25-019,PHI,,SFO,L 19-42,15.60,24.60,24.6,20.1,72,100.0,0,0.0,0,0.0,WR,SmitDe07
428,Tre Tucker,15.60,52,Sun,3,3,2024-09-22,23-198,LVR,,CAR,L 22-36,15.60,22.60,22.6,19.1,52,81.3,0,0.0,4,13.3,WR,TuckTr00
429,Calvin Austin III,15.50,37,Sun,3,3,2024-09-22,25-182,PIT,,LAC,W 20-10,15.50,19.50,19.5,17.5,37,54.4,0,0.0,8,30.8,WR,AustCa00
430,Kayshon Boutte,15.50,64,Sun,15,16,2024-12-22,22-229,NWE,@,BUF,L 21-24,15.50,20.50,20.5,18.0,64,87.7,0,0.0,0,0.0,WR,BoutKa00
431,A.J. Brown,15.50,67,Sun,1,1,2022-09-11,25-073,PHI,@,DET,W 38-35,15.50,25.50,28.5,20.5,67,87.0,0,0.0,2,6.5,WR,BrowAJ00
432,Jamison Crowder,15.50,23,Sun,8,8,2023-10-29,30-134,WAS,,PHI,L 31-38,15.50,22.50,22.5,19.0,23,31.9,0,0.0,2,7.1,WR,CrowJa00
433,Chris Godwin,15.50,50,Sun,14,15,2023-12-17,27-293,TAM,@,GNB,W 34-20,15.50,25.50,28.5,20.5,50,80.6,0,0.0,0,0.0,WR,GodwCh00
434,K.J. Osborn,15.50,47,Sun,15,16,2023-12-24,26-197,MIN,,DET,L 24-30,15.50,20.50,20.5,18.0,47,85.5,0,0.0,0,0.0,WR,OsboKJ00
435,George Pickens,15.50,63,Sun,9,10,2024-11-10,23-251,PIT,@,WAS,W 28-27,15.50,20.50,20.5,18.0,63,80.8,0,0.0,0,0.0,WR,PickGe00
436,Demarcus Robinson,15.50,61,Thu,7,8,2024-10-24,30-033,LAR,,MIN,W 30-20,15.50,17.50,17.5,16.5,61,84.7,0,0.0,0,0.0,WR,RobiDe01
437,Rashid Shaheed,15.50,39,Sun,14,15,2022-12-18,24-109,NOR,,ATL,W 21-18,15.50,18.50,18.5,17.0,39,70.9,0,0.0,9,40.9,WR,ShahRa00
438,Darius Slayton,15.50,55,Sun,9,10,2022-11-13,25-305,NYG,,HOU,W 24-16,15.50,18.50,18.5,17.0,55,79.7,0,0.0,0,0.0,WR,SlayDa01
439,DJ Chark,15.40,60,Sun,13,14,2022-12-11,26-079,DET,,MIN,W 34-23,15.40,21.40,21.4,18.4,60,85.7,0,0.0,0,0.0,WR,CharDJ00
440,Mike Evans,15.40,59,Sun,4,4,2024-09-29,31-039,TAM,,PHI,W 33-16,15.40,23.40,23.4,19.4,59,76.6,0,0.0,0,0.0,WR,EvanMi00
441,Julio Jones,15.40,20,Sun,16,17,2023-12-31,34-331,PHI,,ARI,L 31-35,15.40,17.40,17.4,16.4,20,40.8,0,0.0,0,0.0,WR,JoneJu02
442,CeeDee Lamb,15.40,49,Sun,12,13,2022-12-04,23-240,DAL,,IND,W 54-19,15.40,20.40,20.4,17.9,49,72.1,0,0.0,0,0.0,WR,LambCe00
443,CeeDee Lamb,15.40,58,Mon,13,14,2024-12-09,25-245,DAL,,CIN,L 20-27,15.40,21.40,21.4,18.4,58,96.7,0,0.0,0,0.0,WR,LambCe00
444,D.K. Metcalf,15.40,46,Sun,10,11,2023-11-19,25-340,SEA,@,LAR,L 16-17,15.40,20.40,20.4,17.9,46,70.8,0,0.0,0,0.0,WR,MetcDK00
445,Puka Nacua,15.40,63,Sun,7,7,2023-10-22,22-146,LAR,,PIT,L 17-24,15.40,23.40,26.4,19.4,63,92.6,0,0.0,0,0.0,WR,NacuPu00
446,Chris Olave,15.40,54,Sun,10,10,2023-11-12,23-138,NOR,@,MIN,L 19-27,15.40,21.40,21.4,18.4,54,80.6,0,0.0,0,0.0,WR,OlavCh00
447,Deebo Samuel,15.40,34,Mon,10,11,2022-11-21,26-310,SFO,@,ARI,W 38-10,15.40,22.40,22.4,18.9,34,58.6,0,0.0,0,0.0,WR,SamuDe00
448,Deebo Samuel,15.40,50,Thu,11,12,2023-11-23,27-312,SFO,@,SEA,W 31-13,15.40,22.40,22.4,18.9,50,75.8,0,0.0,0,0.0,WR,SamuDe00
449,Christian Watson,15.40,49,Thu,11,12,2023-11-23,24-195,GNB,@,DET,W 29-22,15.40,20.40,20.4,17.9,49,87.5,0,0.0,0,0.0,WR,WatsCh00
450,Gabriel Davis,15.30,70,Sun,9,10,2022-11-13,23-226,BUF,,MIN,L 30-33 (OT),15.30,21.30,21.3,18.3,70,93.3,0,0.0,0,0.0,WR,DaviGa01
451,Marquise Goodwin,15.30,41,Sun,13,14,2022-12-11,32-022,SEA,,CAR,L 24-30,15.30,20.30,20.3,17.8,41,75.9,0,0.0,0,0.0,WR,GoodMa00
452,Quez Watkins,15.30,64,Sun,17,18,2024-01-07,25-212,PHI,@,NYG,L 10-27,15.30,23.30,23.3,19.3,64,98.5,0,0.0,0,0.0,WR,WatkQu00
453,Olamide Zaccheaus,15.30,63,Sun,16,17,2024-12-29,27-159,WAS,,ATL,W 30-24 (OT),15.30,23.30,23.3,19.3,63,75.9,0,0.0,0,0.0,WR,ZaccOl01
454,Ja'Marr Chase,15.20,56,Sun,7,8,2023-10-29,23-242,CIN,@,SFO,W 31-17,15.20,25.20,28.2,20.2,56,88.9,0,0.0,0,0.0,WR,ChasJa00
455,Nico Collins,15.20,44,Sun,12,12,2024-11-24,25-250,HOU,,TEN,L 27-32,15.20,20.20,20.2,17.7,44,78.6,0,0.0,0,0.0,WR,CollNi00
456,Gabriel Davis,15.20,58,Sun,2,2,2023-09-17,24-169,BUF,,LVR,W 38-10,15.20,21.20,21.2,18.2,58,74.4,0,0.0,0,0.0,WR,DaviGa01
457,Stefon Diggs,15.20,55,Thu,12,13,2022-12-01,29-002,BUF,@,NWE,W 24-10,15.20,22.20,22.2,18.7,55,73.3,0,0.0,1,4.2,WR,DiggSt00
458,Demario Douglas,15.20,41,Sun,6,6,2024-10-13,23-310,NWE,,HOU,L 21-41,15.20,21.20,21.2,18.2,41,62.1,0,0.0,0,0.0,WR,DougDe00
459,Cooper Kupp,15.20,64,Sun,13,14,2024-12-08,31-176,LAR,,BUF,W 44-42,15.20,20.20,20.2,17.7,64,83.1,0,0.0,1,3.0,WR,KuppCo00
460,Tyler Lockett,15.20,64,Sun,9,10,2023-11-12,31-045,SEA,,WAS,W 29-26,15.20,23.20,23.2,19.2,64,79.0,0,0.0,0,0.0,WR,LockTy00
461,Jayden Reed,15.20,50,Sun,10,11,2023-11-19,23-205,GNB,,LAC,W 23-20,15.20,19.20,19.2,17.2,50,69.4,0,0.0,3,11.5,WR,ReedJa03
462,Davante Adams,15.10,45,Thu,9,9,2024-10-31,31-312,NYJ,,HOU,W 21-13,15.10,22.10,22.1,18.6,45,77.6,0,0.0,1,3.8,WR,AdamDa01
463,Noah Brown,15.10,52,Sun,2,2,2022-09-18,26-255,DAL,,CIN,W 20-17,15.10,20.10,20.1,17.6,52,85.2,0,0.0,5,19.2,WR,BrowNo00
464,Zay Flowers,15.10,58,Sun,2,2,2024-09-15,24-004,BAL,,LVR,L 23-26,15.10,22.10,22.1,18.6,58,89.2,0,0.0,0,0.0,WR,FlowZa00
465,A.J. Green,15.10,33,Sun,17,18,2023-01-08,34-161,ARI,@,SFO,L 13-38,15.10,18.10,18.1,16.6,33,63.5,0,0.0,0,0.0,WR,GreeA.00
466,Jauan Jennings,15.10,60,Sun,10,11,2024-11-17,27-130,SFO,,SEA,L 17-20,15.10,25.10,25.1,20.1,60,95.2,0,0.0,0,0.0,WR,JennJa00
467,Tyler Lockett,15.10,43,Sun,17,18,2024-01-07,31-101,SEA,@,ARI,W 21-20,15.10,17.10,17.1,16.1,43,78.2,0,0.0,0,0.0,WR,LockTy00
468,D.J. Moore,15.10,65,Sat,15,16,2022-12-24,25-254,CAR,,DET,W 37-23,15.10,20.10,20.1,17.6,65,95.6,0,0.0,2,6.9,WR,MoorD.00
469,Puka Nacua,15.10,69,Sun,2,2,2023-09-17,22-111,LAR,,SFO,L 23-30,15.10,30.10,33.1,22.6,69,86.3,0,0.0,0,0.0,WR,NacuPu00
470,Rashee Rice,15.10,60,Sun,14,15,2023-12-17,23-239,KAN,@,NWE,W 27-17,15.10,24.10,24.1,19.6,60,92.3,0,0.0,0,0.0,WR,RiceRa01
471,Jahan Dotson,15.00,68,Sun,1,1,2022-09-11,22-173,WAS,,JAX,W 28-22,15.00,18.00,18.0,16.5,68,88.3,0,0.0,0,0.0,WR,DotsJa00
472,Justin Jefferson,15.00,63,Sun,1,1,2023-09-10,24-086,MIN,,TAM,L 17-20,15.00,24.00,27.0,19.5,63,98.4,0,0.0,0,0.0,WR,JeffJu00
473,Diontae Johnson,15.00,57,Thu,8,9,2023-11-02,27-120,PIT,,TEN,W 20-16,15.00,22.00,22.0,18.5,57,87.7,0,0.0,0,0.0,WR,JohnDi01
474,CeeDee Lamb,15.00,58,Sun,2,2,2024-09-15,25-160,DAL,,NOR,L 19-44,15.00,19.00,19.0,17.0,58,82.9,0,0.0,0,0.0,WR,LambCe00
475,Laviska Shenault Jr.,15.00,11,Sun,3,3,2022-09-25,23-355,CAR,,NOR,W 22-14,15.00,17.00,17.0,16.0,11,18.0,0,0.0,3,10.3,WR,ShenLa00
476,Darius Slayton,15.00,59,Mon,15,16,2023-12-25,26-347,NYG,@,PHI,L 25-33,15.00,18.00,18.0,16.5,59,93.7,0,0.0,0,0.0,WR,SlayDa01
477,Kadarius Toney,15.00,28,Sun,9,10,2022-11-13,23-290,KAN,,JAX,W 27-17,15.00,19.00,19.0,17.0,28,44.4,0,0.0,6,23.1,WR,ToneKa00
478,Christian Watson,15.00,31,Sun,10,11,2024-11-17,25-189,GNB,@,CHI,W 20-19,15.00,19.00,22.0,17.0,31,67.4,0,0.0,0,0.0,WR,WatsCh00
479,A.J. Brown,14.90,51,Sun,6,7,2024-10-20,27-112,PHI,@,NYG,W 28-3,14.90,19.90,19.9,17.4,51,77.3,0,0.0,0,0.0,WR,BrowAJ00
480,Isaiah Hodgins,14.90,67,Sat,15,16,2022-12-24,24-064,NYG,@,MIN,L 24-27,14.90,22.90,22.9,18.9,67,97.1,0,0.0,0,0.0,WR,HodgIs00
481,Diontae Johnson,14.90,30,Sat,17,18,2024-01-06,27-185,PIT,@,BAL,W 17-10,14.90,18.90,18.9,16.9,30,48.4,0,0.0,1,3.7,WR,JohnDi01
482,Cooper Kupp,14.90,55,Sun,7,8,2022-10-30,29-137,LAR,,SFO,L 14-31,14.90,22.90,22.9,18.9,55,94.8,0,0.0,0,0.0,WR,KuppCo00
483,D.K. Metcalf,14.90,53,Sun,4,4,2022-10-02,24-292,SEA,@,DET,W 48-45,14.90,21.90,24.9,18.4,53,75.7,0,0.0,1,3.0,WR,MetcDK00
484,Jalen Nailor,14.90,9,Sun,16,17,2023-01-01,23-305,MIN,@,GNB,L 17-41,14.90,17.90,17.9,16.4,9,15.5,0,0.0,12,42.9,WR,NailJa00
485,Xavier Worthy,14.90,53,Wed,16,17,2024-12-25,21-242,KAN,@,PIT,W 29-10,14.90,22.90,22.9,18.9,53,85.5,0,0.0,0,0.0,WR,WortXa00
486,Davante Adams,14.80,59,Sun,17,18,2025-01-05,32-012,NYJ,,MIA,W 32-20,14.80,20.80,20.8,17.8,59,92.2,0,0.0,0,0.0,WR,AdamDa01
487,Brandon Aiyuk,14.80,42,Sun,4,4,2023-10-01,25-198,SFO,,ARI,W 35-16,14.80,20.80,23.8,17.8,42,76.4,0,0.0,0,0.0,WR,AiyuBr00
488,Keenan Allen,14.80,72,Sun,12,13,2022-12-04,30-221,LAC,@,LVR,L 20-27,14.80,20.80,20.8,17.8,72,96.0,0,0.0,0,0.0,WR,AlleKe00
489,Marquise Brown,14.80,71,Sun,4,4,2022-10-02,25-120,ARI,@,CAR,W 26-16,14.80,20.80,20.8,17.8,71,93.4,0,0.0,0,0.0,WR,BrowMa04
490,Gabriel Davis,14.80,58,Thu,1,1,2022-09-08,23-160,BUF,@,LAR,W 31-10,14.80,18.80,18.8,16.8,58,98.3,0,0.0,0,0.0,WR,DaviGa01
491,Tee Higgins,14.80,52,Sun,10,11,2022-11-20,23-306,CIN,@,PIT,W 37-30,14.80,23.80,26.8,19.3,52,78.8,0,0.0,1,2.8,WR,HiggTe00
492,Tee Higgins,14.80,60,Sun,14,15,2024-12-15,25-332,CIN,@,TEN,W 37-27,14.80,19.80,19.8,17.3,60,87.0,0,0.0,0,0.0,WR,HiggTe00
493,Tyreek Hill,14.80,38,Sun,7,7,2023-10-22,29-235,MIA,@,PHI,L 17-31,14.80,25.80,25.8,20.3,38,77.6,0,0.0,0,0.0,WR,HillTy00
494,Darnell Mooney,14.80,61,Mon,2,2,2024-09-16,26-323,ATL,@,PHI,W 22-21,14.80,17.80,17.8,16.3,61,100.0,0,0.0,0,0.0,WR,MoonDa00
495,Darnell Mooney,14.80,57,Sun,9,9,2024-11-03,27-005,ATL,,DAL,W 27-21,14.80,19.80,19.8,17.3,57,100.0,0,0.0,1,3.8,WR,MoonDa00
496,Amon-Ra St. Brown,14.78,47,Mon,4,4,2024-09-30,24-342,DET,,SEA,W 42-29,14.78,20.78,20.8,17.8,47,88.7,0,0.0,0,0.0,WR,StxxAm00
497,Brandon Aiyuk,14.70,59,Sun,5,5,2024-10-06,26-203,SFO,,ARI,L 23-24,14.70,22.70,25.7,18.7,59,92.2,0,0.0,0,0.0,WR,AiyuBr00
498,Gabriel Davis,14.70,68,Thu,8,8,2023-10-26,24-208,BUF,,TAM,W 24-18,14.70,23.70,23.7,19.2,68,98.6,0,0.0,0,0.0,WR,DaviGa01
499,DeAndre Hopkins,14.70,49,Sun,12,12,2022-11-27,30-174,ARI,,LAC,L 24-25,14.70,18.70,18.7,16.7,49,74.2,0,0.0,0,0.0,WR,HopkDe00
500,CeeDee Lamb,14.70,61,Mon,3,3,2022-09-26,23-171,DAL,@,NYG,W 23-16,14.70,22.70,22.7,18.7,61,95.3,0,0.0,0,0.0,WR,LambCe00
501,Allen Lazard,14.70,65,Sun,9,9,2022-11-06,26-330,GNB,@,DET,L 9-15,14.70,18.70,18.7,16.7,65,87.8,0,0.0,0,0.0,WR,LazaAl00
502,Chris Olave,14.70,53,Sun,3,3,2022-09-25,22-090,NOR,@,CAR,L 14-22,14.70,23.70,26.7,19.2,53,76.8,0,0.0,0,0.0,WR,OlavCh00
503,DeVonta Smith,14.70,76,Sun,8,9,2024-11-03,25-355,PHI,,JAX,W 28-23,14.70,18.70,18.7,16.7,76,96.2,0,0.0,0,0.0,WR,SmitDe07
504,Brian Thomas,14.70,61,Sun,12,13,2024-12-01,22-054,JAX,,HOU,L 20-23,14.70,18.70,18.7,16.7,61,87.1,0,0.0,0,0.0,WR,ThomBr06
505,Jalen Tolbert,14.70,68,Sun,5,5,2024-10-06,25-222,DAL,@,PIT,W 20-17,14.70,21.70,21.7,18.2,68,89.5,0,0.0,0,0.0,WR,TolbJa00
506,Marquez Valdes-Scantling,14.70,39,Sun,11,11,2024-11-17,30-038,NOR,,CLE,W 35-14,14.70,16.70,16.7,15.7,39,65.0,0,0.0,0,0.0,WR,ValdMa00
507,Jameson Williams,14.70,51,Sun,5,6,2024-10-13,23-201,DET,@,DAL,W 47-9,14.70,17.70,17.7,16.2,51,75.0,0,0.0,0,0.0,WR,WillJa11
508,Keenan Allen,14.60,68,Sun,11,12,2024-11-24,32-211,CHI,,MIN,L 27-30 (OT),14.60,23.60,23.6,19.1,68,89.5,0,0.0,0,0.0,WR,AlleKe00
509,DJ Chark,14.60,74,Sun,3,3,2023-09-24,27-001,CAR,@,SEA,L 27-37,14.60,18.60,18.6,16.6,74,93.7,0,0.0,0,0.0,WR,CharDJ00
510,Ja'Marr Chase,14.60,62,Sun,16,18,2023-01-08,22-313,CIN,,BAL,W 27-16,14.60,22.60,22.6,18.6,62,93.9,0,0.0,0,0.0,WR,ChasJa00
511,Ja'Marr Chase,14.60,60,Sun,12,13,2024-12-01,24-275,CIN,,PIT,L 38-44,14.60,20.60,20.6,17.6,60,96.8,0,0.0,0,0.0,WR,ChasJa00
512,Romeo Doubs,14.60,29,Sun,1,1,2023-09-10,23-150,GNB,@,CHI,W 38-20,14.60,18.60,18.6,16.6,29,48.3,0,0.0,0,0.0,WR,DoubRo00
513,Terry McLaurin,14.60,63,Sun,4,4,2023-10-01,28-016,WAS,@,PHI,L 31-34 (OT),14.60,22.60,22.6,18.6,63,80.8,0,0.0,0,0.0,WR,McLaTe00
514,Darnell Mooney,14.60,58,Sun,8,8,2024-10-27,26-364,ATL,@,TAM,W 31-26,14.60,18.60,18.6,16.6,58,93.5,0,0.0,0,0.0,WR,MoonDa00
515,Chris Olave,14.60,45,Sun,3,3,2024-09-22,24-087,NOR,,PHI,L 12-15,14.60,20.60,20.6,17.6,45,80.4,0,0.0,0,0.0,WR,OlavCh00
516,Alec Pierce,14.60,51,Sun,13,13,2022-12-04,22-216,IND,@,DAL,L 19-54,14.60,18.60,18.6,16.6,51,70.8,0,0.0,0,0.0,WR,PierAl00
517,Rashid Shaheed,14.60,46,Mon,5,5,2024-10-07,26-037,NOR,@,KAN,L 13-26,14.60,18.60,18.6,16.6,46,86.8,0,0.0,8,33.3,WR,ShahRa00
518,Jaxon Smith-Njigba,14.60,62,Sun,13,14,2024-12-08,22-298,SEA,@,ARI,W 30-18,14.60,19.60,19.6,17.1,62,96.9,0,0.0,0,0.0,WR,SmitJa06
519,KaVontae Turpin,14.60,23,Mon,10,11,2024-11-18,28-108,DAL,,HOU,L 10-34,14.60,17.60,17.6,16.1,23,27.7,0,0.0,11,40.7,WR,TurpKa00
520,Mike Williams,14.60,54,Sun,7,7,2022-10-23,28-019,LAC,,SEA,L 23-37,14.60,21.60,21.6,18.1,54,76.1,0,0.0,0,0.0,WR,WillMi07
521,Justin Jefferson,14.58,72,Sun,8,9,2024-11-03,25-140,MIN,,IND,W 21-13,14.58,21.58,24.6,18.1,72,98.6,0,0.0,1,4.5,WR,JeffJu00
522,Keenan Allen,14.50,70,Mon,5,6,2023-10-16,31-172,LAC,,DAL,L 17-20,14.50,21.50,21.5,18.0,70,95.9,0,0.0,0,0.0,WR,AlleKe00
523,A.J. Brown,14.50,56,Sun,3,3,2022-09-25,25-087,PHI,@,WAS,W 24-8,14.50,19.50,19.5,17.0,56,80.0,0,0.0,1,3.8,WR,BrowAJ00
524,Ja'Marr Chase,14.50,53,Sun,4,4,2024-09-29,24-212,CIN,@,CAR,W 34-24,14.50,17.50,17.5,16.0,53,79.1,0,0.0,0,0.0,WR,ChasJa00
525,Justin Jefferson,14.50,61,Sun,4,4,2024-09-29,25-105,MIN,@,GNB,W 31-29,14.50,20.50,20.5,17.5,61,89.7,0,0.0,1,3.4,WR,JeffJu00
526,Zay Jones,14.50,58,Sun,3,3,2022-09-25,27-179,JAX,@,LAC,W 38-10,14.50,24.50,24.5,19.5,58,76.3,0,0.0,0,0.0,WR,JoneZa00
527,DeVonta Smith,14.50,57,Sun,7,8,2024-10-27,25-348,PHI,@,CIN,W 37-17,14.50,20.50,20.5,17.5,57,93.4,0,0.0,0,0.0,WR,SmitDe07
528,Jaylen Waddle,14.50,41,Sun,9,9,2022-11-06,23-346,MIA,@,CHI,W 35-32,14.50,19.50,19.5,17.0,41,71.9,0,0.0,0,0.0,WR,WaddJa00
529,Davante Adams,14.40,37,Sun,2,2,2023-09-17,30-267,LVR,@,BUF,L 10-38,14.40,20.40,20.4,17.4,37,92.5,0,0.0,0,0.0,WR,AdamDa01
530,Jordan Addison,14.40,68,Sun,8,8,2023-10-29,21-275,MIN,@,GNB,W 24-10,14.40,21.40,21.4,17.9,68,94.4,0,0.0,0,0.0,WR,AddiJo00
531,Josh Downs,14.40,48,Sun,11,11,2024-11-17,23-097,IND,@,NYJ,W 28-27,14.40,19.40,19.4,16.9,48,68.6,0,0.0,5,16.1,WR,DownJo00
532,Justin Jefferson,14.40,58,Sun,6,7,2024-10-20,25-126,MIN,,DET,L 29-31,14.40,21.40,21.4,17.9,58,96.7,0,0.0,0,0.0,WR,JeffJu00
533,Dante Pettis,14.40,44,Thu,6,6,2022-10-13,26-355,CHI,,WAS,L 7-12,14.40,18.40,18.4,16.4,44,61.1,0,0.0,0,0.0,WR,PettDa00
534,Jayden Reed,14.40,35,Sun,9,10,2023-11-12,23-198,GNB,@,PIT,L 19-23,14.40,19.40,19.4,16.9,35,51.5,0,0.0,2,6.9,WR,ReedJa03
535,Marquez Valdes-Scantling,14.40,47,Sun,7,7,2023-10-22,29-012,KAN,,LAC,W 31-17,14.40,17.40,17.4,15.9,47,69.1,0,0.0,0,0.0,WR,ValdMa00
536,Corey Davis,14.30,55,Sun,2,2,2022-09-18,27-250,NYJ,@,CLE,W 31-30,14.30,16.30,16.3,15.3,55,78.6,0,0.0,0,0.0,WR,DaviCo03
537,Michael Gallup,14.30,45,Sun,12,13,2022-12-04,26-275,DAL,,IND,W 54-19,14.30,18.30,18.3,16.3,45,66.2,0,0.0,0,0.0,WR,GallMi00
538,Chris Godwin,14.30,66,Sun,14,15,2022-12-18,26-294,TAM,,CIN,L 23-34,14.30,22.30,22.3,18.3,66,89.2,0,0.0,0,0.0,WR,GodwCh00
539,Chris Godwin,14.30,50,Sun,1,1,2024-09-08,28-194,TAM,,WAS,W 37-20,14.30,22.30,22.3,18.3,50,78.1,0,0.0,1,3.7,WR,GodwCh00
540,Tyreek Hill,14.30,57,Thu,12,13,2024-11-28,30-272,MIA,@,GNB,L 17-30,14.30,20.30,20.3,17.3,57,80.3,0,0.0,0,0.0,WR,HillTy00
541,Diontae Johnson,14.30,58,Sun,4,4,2024-09-29,28-086,CAR,,CIN,L 24-34,14.30,21.30,21.3,17.8,58,82.9,0,0.0,0,0.0,WR,JohnDi01
542,CeeDee Lamb,14.30,63,Sun,2,2,2023-09-17,24-162,DAL,,NYJ,W 30-10,14.30,25.30,28.3,19.8,63,72.4,0,0.0,0,0.0,WR,LambCe00
543,Jakobi Meyers,14.30,56,Sat,15,16,2022-12-24,26-045,NWE,,CIN,L 18-22,14.30,20.30,20.3,17.3,56,100.0,0,0.0,0,0.0,WR,MeyeJa01
544,Chris Olave,14.30,45,Thu,15,16,2023-12-21,23-177,NOR,@,LAR,L 22-30,14.30,23.30,26.3,18.8,45,75.0,0,0.0,0,0.0,WR,OlavCh00
545,George Pickens,14.30,63,Sun,10,11,2022-11-20,21-261,PIT,,CIN,L 30-37,14.30,18.30,18.3,16.3,63,86.3,0,0.0,1,2.8,WR,PickGe00
546,Michael Pittman Jr.,14.30,68,Sun,7,7,2023-10-22,26-017,IND,,CLE,L 38-39,14.30,16.30,16.3,15.3,68,97.1,0,0.0,0,0.0,WR,PittMi01
547,Garrett Wilson,14.30,43,Sun,2,2,2023-09-17,23-057,NYJ,@,DAL,L 10-30,14.30,16.30,16.3,15.3,43,91.5,0,0.0,0,0.0,WR,WilsGa00
548,Davante Adams,14.20,60,Sun,11,11,2023-11-19,30-330,LVR,@,MIA,L 13-20,14.20,21.20,21.2,17.7,60,98.4,0,0.0,0,0.0,WR,AdamDa01
549,Keenan Allen,14.20,55,Mon,14,15,2024-12-16,32-233,CHI,@,MIN,L 12-30,14.20,20.20,20.2,17.2,55,82.1,0,0.0,0,0.0,WR,AlleKe00
550,Noah Brown,14.20,66,Sun,14,15,2023-12-17,27-345,HOU,@,TEN,W 19-16 (OT),14.20,22.20,22.2,18.2,66,85.7,0,0.0,0,0.0,WR,BrowNo00
551,Josh Downs,14.20,41,Sun,4,4,2024-09-29,23-048,IND,,PIT,W 27-24,14.20,22.20,22.2,18.2,41,62.1,0,0.0,3,11.1,WR,DownJo00
552,Mike Evans,14.20,57,Sun,6,7,2023-10-22,30-062,TAM,,ATL,L 13-16,14.20,20.20,20.2,17.2,57,78.1,0,0.0,0,0.0,WR,EvanMi00
553,Tee Higgins,14.20,45,Sun,7,7,2024-10-20,25-276,CIN,@,CLE,W 21-14,14.20,18.20,18.2,16.2,45,81.8,0,0.0,1,3.6,WR,HiggTe00
554,Tyreek Hill,14.20,40,Sun,17,18,2024-01-07,29-312,MIA,,BUF,L 14-21,14.20,21.20,21.2,17.7,40,76.9,0,0.0,0,0.0,WR,HillTy00
555,Isaiah McKenzie,14.20,47,Sun,3,3,2022-09-25,27-169,BUF,@,MIA,L 19-21,14.20,21.20,21.2,17.7,47,51.1,0,0.0,5,22.7,WR,McKeIs00
556,Jakobi Meyers,14.20,59,Sun,3,3,2024-09-22,27-318,LVR,,CAR,L 22-36,14.20,21.20,21.2,17.7,59,92.2,0,0.0,0,0.0,WR,MeyeJa01
557,Darnell Mooney,14.20,70,Sun,13,14,2024-12-08,27-040,ATL,@,MIN,L 21-42,14.20,20.20,23.2,17.2,70,94.6,0,0.0,0,0.0,WR,MoonDa00
558,Malik Nabers,14.20,64,Sun,14,15,2024-12-15,21-140,NYG,,BAL,L 14-35,14.20,24.20,24.2,19.2,64,94.1,0,0.0,0,0.0,WR,NabeMa00
559,Demarcus Robinson,14.20,65,Thu,15,16,2023-12-21,29-091,LAR,,NOR,W 30-22,14.20,20.20,20.2,17.2,65,92.9,0,0.0,0,0.0,WR,RobiDe01
560,Darius Slayton,14.20,28,Sun,11,11,2023-11-19,26-311,NYG,@,WAS,W 31-19,14.20,18.20,18.2,16.2,28,50.9,0,0.0,0,0.0,WR,SlayDa01
561,Brandon Aiyuk,14.10,52,Sun,8,8,2022-10-30,24-227,SFO,@,LAR,W 31-14,14.10,20.10,20.1,17.1,52,98.1,0,0.0,0,0.0,WR,AiyuBr00
562,Ja'Marr Chase,14.10,74,Mon,3,3,2023-09-25,23-208,CIN,,LAR,W 19-16,14.10,26.10,29.1,20.1,74,96.1,0,0.0,0,0.0,WR,ChasJa00
563,Chris Godwin,14.10,48,Sun,16,17,2023-12-31,27-307,TAM,,NOR,L 13-23,14.10,17.10,17.1,15.6,48,85.7,0,0.0,0,0.0,WR,GodwCh00
564,Justin Jefferson,14.10,57,Sun,3,3,2024-09-22,25-098,MIN,,HOU,W 34-7,14.10,20.10,20.1,17.1,57,90.5,0,0.0,0,0.0,WR,JeffJu00
565,Tyler Lockett,14.10,49,Sun,7,8,2023-10-29,31-031,SEA,,CLE,W 24-20,14.10,22.10,22.1,18.1,49,84.5,0,0.0,0,0.0,WR,LockTy00
566,Jakobi Meyers,14.10,53,Sun,12,12,2023-11-26,27-017,LVR,,KAN,L 17-31,14.10,20.10,20.1,17.1,53,91.4,0,0.0,0,0.0,WR,MeyeJa01
567,David Moore,14.10,58,Sun,11,12,2024-11-24,29-314,CAR,,KAN,L 27-30,14.10,20.10,20.1,17.1,58,93.5,0,0.0,0,0.0,WR,MoorDa03
568,Jalen Nailor,14.10,38,Sun,16,17,2024-12-29,25-302,MIN,,GNB,W 27-25,14.10,19.10,19.1,16.6,38,52.8,0,0.0,0,0.0,WR,NailJa00
569,Alec Pierce,14.10,55,Sun,10,10,2024-11-10,24-192,IND,,BUF,L 20-30,14.10,18.10,18.1,16.1,55,85.9,0,0.0,0,0.0,WR,PierAl00
570,Josh Reynolds,14.10,62,Sun,4,4,2022-10-02,27-228,DET,,SEA,L 45-48,14.10,21.10,21.1,17.6,62,83.8,0,0.0,0,0.0,WR,ReynJo00
571,Curtis Samuel,14.10,48,Sun,9,9,2022-11-06,26-087,WAS,,MIN,L 17-20,14.10,17.10,17.1,15.6,48,75.0,0,0.0,0,0.0,WR,SamuCu00
572,Brandon Aiyuk,14.00,46,Mon,10,11,2022-11-21,24-249,SFO,@,ARI,W 38-10,14.00,16.00,16.0,15.0,46,79.3,0,0.0,0,0.0,WR,AiyuBr00
573,Marquise Brown,14.00,79,Sun,3,3,2022-09-25,25-113,ARI,,LAR,L 12-20,14.00,28.00,31.0,21.0,79,95.2,0,0.0,0,0.0,WR,BrowMa04
574,Zay Flowers,14.00,70,Sun,13,14,2023-12-10,23-090,BAL,,LAR,W 37-31 (OT),14.00,20.00,20.0,17.0,70,97.2,0,0.0,0,0.0,WR,FlowZa00
575,DeAndre Hopkins,14.00,50,Sun,5,5,2023-10-08,31-124,TEN,@,IND,L 16-23,14.00,22.00,25.0,18.0,50,83.3,0,0.0,0,0.0,WR,HopkDe00
576,Jalen McMillan,14.00,59,Sun,17,18,2025-01-05,23-029,TAM,,NOR,W 27-19,14.00,19.00,19.0,16.5,59,88.1,0,0.0,0,0.0,WR,McMiJa01
577,Rashid Shaheed,14.00,35,Sun,1,1,2023-09-10,25-010,NOR,,TEN,W 16-15,14.00,19.00,20.0,16.5,35,53.8,0,0.0,9,32.1,WR,ShahRa00
578,Jameson Williams,14.00,51,Mon,4,4,2024-09-30,23-188,DET,,SEA,W 42-29,14.00,16.00,16.0,15.0,51,96.2,0,0.0,0,0.0,WR,WillJa11
579,Jahan Dotson,13.90,73,Sun,2,2,2022-09-18,22-180,WAS,@,DET,L 27-36,13.90,17.90,17.9,15.9,73,98.6,0,0.0,0,0.0,WR,DotsJa00
580,Romeo Doubs,13.90,58,Sun,15,16,2023-12-24,23-255,GNB,@,CAR,W 33-30,13.90,17.90,17.9,15.9,58,87.9,0,0.0,0,0.0,WR,DoubRo00
581,Mecole Hardman,13.90,54,Sun,8,9,2022-11-06,24-239,KAN,,TEN,W 20-17 (OT),13.90,19.90,19.9,16.9,54,54.0,0,0.0,7,22.6,WR,HardMe00
582,DeAndre Hopkins,13.90,65,Sun,12,13,2023-12-03,31-180,TEN,,IND,L 28-31 (OT),13.90,18.90,18.9,16.4,65,76.5,0,0.0,0,0.0,WR,HopkDe00
583,Justin Jefferson,13.90,58,Thu,2,2,2023-09-14,24-090,MIN,@,PHI,L 28-34,13.90,24.90,28.9,19.4,58,100.0,0,0.0,1,3.4,WR,JeffJu00
584,Jerry Jeudy,13.90,38,Sun,17,18,2024-01-07,24-258,DEN,@,LVR,L 14-27,13.90,16.90,16.9,15.4,38,62.3,0,0.0,0,0.0,WR,JeudJe00
585,Terry McLaurin,13.90,46,Sun,9,9,2024-11-03,29-049,WAS,@,NYG,W 27-22,13.90,15.90,15.9,14.9,46,74.2,0,0.0,0,0.0,WR,McLaTe00
586,Wan'Dale Robinson,13.90,61,Sun,16,17,2023-12-31,22-360,NYG,,LAR,L 25-26,13.90,19.90,19.9,16.9,61,82.4,0,0.0,0,0.0,WR,RobiWa01
587,DeVonta Smith,13.90,70,Mon,15,16,2023-12-25,25-041,PHI,,NYG,W 33-25,13.90,17.90,17.9,15.9,70,93.3,0,0.0,0,0.0,WR,SmitDe07
588,Calvin Austin III,13.80,40,Thu,11,12,2024-11-21,25-242,PIT,@,CLE,L 19-24,13.80,16.80,16.8,15.3,40,58.0,0,0.0,3,15.0,WR,AustCa00
589,Marquise Brown,13.80,67,Sun,5,5,2022-10-09,25-127,ARI,,PHI,L 17-20,13.80,21.80,21.8,17.8,67,97.1,0,0.0,0,0.0,WR,BrowMa04
590,Jalen Coker,13.80,42,Sun,8,8,2024-10-27,22-363,CAR,@,DEN,L 14-28,13.80,17.80,17.8,15.8,42,68.9,0,0.0,0,0.0,WR,CokeJa01
591,Nico Collins,13.80,9,Sun,5,5,2024-10-06,25-201,HOU,,BUF,W 23-20,13.80,15.80,15.8,14.8,9,13.2,0,0.0,0,0.0,WR,CollNi00
592,Diontae Johnson,13.80,59,Sun,6,6,2024-10-13,28-100,CAR,,ATL,L 20-38,13.80,19.80,19.8,16.8,59,89.4,0,0.0,0,0.0,WR,JohnDi01
593,CeeDee Lamb,13.80,49,Sun,8,8,2022-10-30,23-205,DAL,,CHI,W 49-29,13.80,18.80,18.8,16.3,49,84.5,0,0.0,0,0.0,WR,LambCe00
594,Calvin Ridley,13.80,54,Sun,15,16,2024-12-22,30-002,TEN,@,IND,L 30-38,13.80,16.80,16.8,15.3,54,88.5,0,0.0,0,0.0,WR,RidlCa00
595,Nico Collins,13.70,41,Sun,14,15,2024-12-15,25-271,HOU,,MIA,W 20-12,13.70,17.70,17.7,15.7,41,82.0,0,0.0,0,0.0,WR,CollNi00
596,Stefon Diggs,13.70,52,Sun,6,6,2024-10-13,30-319,HOU,@,NWE,W 41-21,13.70,19.70,19.7,16.7,52,78.8,0,0.0,0,0.0,WR,DiggSt00
597,Stefon Diggs,13.70,60,Thu,11,12,2022-11-24,28-360,BUF,@,DET,W 28-25,13.70,21.70,21.7,17.7,60,77.9,0,0.0,0,0.0,WR,DiggSt00
598,Zay Jones,13.70,56,Sun,13,14,2022-12-11,27-256,JAX,@,TEN,W 36-22,13.70,21.70,21.7,17.7,56,77.8,0,0.0,1,3.8,WR,JoneZa00
599,Terry McLaurin,13.70,68,Sat,15,16,2022-12-24,27-100,WAS,@,SFO,L 20-37,13.70,17.70,17.7,15.7,68,93.2,0,0.0,0,0.0,WR,McLaTe00
600,Puka Nacua,13.70,59,Sun,10,11,2023-11-19,22-174,LAR,,SEA,W 17-16,13.70,18.70,18.7,16.2,59,88.1,0,0.0,0,0.0,WR,NacuPu00
601,Puka Nacua,13.70,61,Sun,16,17,2023-12-31,22-216,LAR,@,NYG,W 26-25,13.70,18.70,21.7,16.2,61,98.4,0,0.0,1,3.3,WR,NacuPu00
602,Deebo Samuel,13.70,53,Mon,1,1,2024-09-09,28-238,SFO,,NYJ,W 32-19,13.70,18.70,18.7,16.2,53,73.6,0,0.0,3,11.5,WR,SamuDe00
603,Jaxon Smith-Njigba,13.70,42,Sun,11,12,2024-11-24,22-284,SEA,,ARI,W 16-6,13.70,19.70,19.7,16.7,42,65.6,0,0.0,0,0.0,WR,SmitJa06
604,Amon-Ra St. Brown,13.70,57,Sun,10,11,2023-11-19,24-026,DET,,CHI,W 31-26,13.70,21.70,21.7,17.7,57,91.9,0,0.0,1,3.8,WR,StxxAm00
605,Courtland Sutton,13.70,51,Sun,12,13,2023-12-03,28-054,DEN,@,HOU,L 17-22,13.70,15.70,15.7,14.7,51,85.0,0,0.0,0,0.0,WR,SuttCo00
606,Jaylen Waddle,13.70,40,Sun,1,1,2022-09-11,23-290,MIA,,NWE,W 20-7,13.70,17.70,17.7,15.7,40,66.7,0,0.0,0,0.0,WR,WaddJa00
607,Jakobi Meyers,13.68,56,Thu,14,15,2023-12-14,27-035,LVR,,LAC,W 63-21,13.68,15.68,15.7,14.7,56,87.5,0,0.0,0,0.0,WR,MeyeJa01
608,Rashod Bateman,13.60,50,Sat,17,18,2025-01-04,25-036,BAL,,CLE,W 35-10,13.60,18.60,18.6,16.1,50,71.4,0,0.0,0,0.0,WR,BateRa00
609,Parris Campbell,13.60,52,Sun,10,10,2022-11-13,25-120,IND,@,LVR,W 25-20,13.60,20.60,20.6,17.1,52,80.0,0,0.0,0,0.0,WR,CampPa00
610,Amari Cooper,13.60,60,Sun,5,5,2022-10-09,28-114,CLE,,LAC,L 28-30,13.60,20.60,20.6,17.1,60,89.6,0,0.0,0,0.0,WR,CoopAm00
611,Jahan Dotson,13.60,63,Sat,15,16,2022-12-24,22-277,WAS,@,SFO,L 20-37,13.60,19.60,19.6,16.6,63,86.3,0,0.0,0,0.0,WR,DotsJa00
612,Richie James,13.60,50,Sun,16,17,2023-01-01,27-118,NYG,,IND,W 38-10,13.60,20.60,20.6,17.1,50,79.4,0,0.0,4,16.7,WR,JameRi00
613,Christian Kirk,13.60,52,Sun,9,9,2022-11-06,25-353,JAX,,LVR,W 27-20,13.60,21.60,21.6,17.6,52,75.4,0,0.0,0,0.0,WR,KirkCh01
614,Allen Lazard,13.60,71,Sun,6,6,2022-10-16,26-309,GNB,,NYJ,L 10-27,13.60,17.60,17.6,15.6,71,97.3,0,0.0,0,0.0,WR,LazaAl00
615,Xavier Legette,13.60,61,Sun,4,4,2024-09-29,23-244,CAR,,CIN,L 24-34,13.60,19.60,19.6,16.6,61,87.1,0,0.0,7,25.0,WR,LegeXa00
616,Marvin Mims,13.60,15,Sun,3,3,2023-09-24,21-189,DEN,@,MIA,L 20-70,13.60,16.60,16.6,15.1,15,24.2,0,0.0,12,33.3,WR,MimsMa00
617,Josh Reynolds,13.60,28,Sun,5,5,2023-10-08,28-234,DET,,CAR,W 42-24,13.60,17.60,17.6,15.6,28,46.7,0,0.0,0,0.0,WR,ReynJo00
618,Calvin Ridley,13.60,75,Sun,5,5,2023-10-08,28-292,JAX,@,BUF,W 25-20,13.60,20.60,23.6,17.1,75,85.2,0,0.0,2,8.0,WR,RidlCa00
619,DeVonta Smith,13.60,71,Mon,2,2,2024-09-16,25-307,PHI,,ATL,L 21-22,13.60,20.60,20.6,17.1,71,100.0,0,0.0,0,0.0,WR,SmitDe07
620,Courtland Sutton,13.60,51,Sun,7,7,2023-10-22,28-012,DEN,,GNB,W 19-17,13.60,19.60,19.6,16.6,51,86.4,0,0.0,0,0.0,WR,SuttCo00
621,Xavier Worthy,13.60,61,Sun,14,15,2024-12-15,21-232,KAN,@,CLE,W 21-7,13.60,19.60,19.6,16.6,61,81.3,0,0.0,0,0.0,WR,WortXa00
622,Damiere Byrd,13.50,16,Sun,7,7,2022-10-23,29-269,ATL,@,CIN,L 17-35,13.50,14.50,14.5,14.0,16,34.0,0,0.0,0,0.0,WR,ByrdDa00
623,Jamison Crowder,13.50,31,Sun,15,16,2024-12-22,31-188,WAS,,PHI,W 36-33,13.50,15.50,15.5,14.5,31,45.6,0,0.0,4,12.5,WR,CrowJa00
624,Stefon Diggs,13.50,62,Sun,4,4,2024-09-29,30-305,HOU,,JAX,W 24-20,13.50,18.50,18.5,16.0,62,82.7,0,0.0,0,0.0,WR,DiggSt00
625,Jalen McMillan,13.50,46,Sun,14,15,2024-12-15,23-008,TAM,@,LAC,W 40-17,13.50,18.50,18.5,16.0,46,63.9,0,0.0,0,0.0,WR,McMiJa01
626,Jakobi Meyers,13.50,61,Mon,5,5,2023-10-09,26-334,LVR,,GNB,W 17-13,13.50,20.50,20.5,17.0,61,95.3,0,0.0,0,0.0,WR,MeyeJa01
627,Rashee Rice,13.50,54,Sun,2,2,2024-09-15,24-146,KAN,,CIN,W 26-25,13.50,18.50,18.5,16.0,54,83.1,0,0.0,0,0.0,WR,RiceRa01
628,Khalil Shakir,13.50,39,Sun,5,5,2022-10-09,22-248,BUF,,PIT,W 38-3,13.50,16.50,16.5,15.0,39,69.6,0,0.0,5,20.0,WR,ShakKh00
629,Trent Sherfield,13.50,30,Sun,12,13,2022-12-04,26-282,MIA,@,SFO,L 17-33,13.50,14.50,14.5,14.0,30,65.2,0,0.0,3,10.0,WR,SherTr00
630,Amon-Ra St. Brown,13.50,65,Sun,3,3,2024-09-22,24-334,DET,@,ARI,W 20-13,13.50,20.50,20.5,17.0,65,95.6,0,0.0,0,0.0,WR,StxxAm00
631,Cedric Tillman,13.50,76,Sun,9,9,2024-11-03,24-198,CLE,,LAC,L 10-27,13.50,19.50,19.5,16.5,76,96.2,0,0.0,0,0.0,WR,TillCe01
632,Xavier Worthy,13.50,59,Sat,15,16,2024-12-21,21-238,KAN,,HOU,W 27-19,13.50,20.50,20.5,17.0,59,79.7,0,0.0,0,0.0,WR,WortXa00
633,Corey Davis,13.40,52,Sun,4,4,2022-10-02,27-264,NYJ,@,PIT,W 24-20,13.40,18.40,18.4,15.9,52,74.3,0,0.0,0,0.0,WR,DaviCo03
634,Gabriel Davis,13.40,68,Sun,6,6,2022-10-16,23-198,BUF,@,KAN,W 24-20,13.40,16.40,16.4,14.9,68,93.2,0,0.0,0,0.0,WR,DaviGa01
635,Stefon Diggs,13.40,87,Sun,12,12,2023-11-26,29-362,BUF,@,PHI,L 34-37 (OT),13.40,19.40,19.4,16.4,87,91.6,0,0.0,0,0.0,WR,DiggSt00
636,Zay Flowers,13.40,49,Sun,6,6,2024-10-13,24-032,BAL,,WAS,W 30-23,13.40,22.40,25.4,17.9,49,72.1,0,0.0,0,0.0,WR,FlowZa00
637,Drake London,13.40,67,Sun,6,6,2024-10-13,23-081,ATL,@,CAR,W 38-20,13.40,19.40,19.4,16.4,67,95.7,0,0.0,0,0.0,WR,LondDr00
638,Terry McLaurin,13.40,50,Sun,17,18,2023-01-08,27-115,WAS,,DAL,W 26-6,13.40,16.40,16.4,14.9,50,75.8,0,0.0,0,0.0,WR,McLaTe00
639,John Metchie,13.40,44,Sun,10,10,2024-11-10,24-115,HOU,,DET,L 23-26,13.40,18.40,18.4,15.9,44,64.7,0,0.0,0,0.0,WR,MetcJo00
640,George Pickens,13.40,63,Sun,12,13,2024-12-01,23-272,PIT,@,CIN,W 44-38,13.40,16.40,16.4,14.9,63,91.3,0,0.0,1,3.0,WR,PickGe00
641,Michael Pittman Jr.,13.40,80,Sun,6,6,2022-10-16,25-011,IND,,JAX,W 34-27,13.40,26.40,29.4,19.9,80,98.8,0,0.0,0,0.0,WR,PittMi01
642,Kalif Raymond,13.40,15,Sun,7,8,2024-10-27,30-080,DET,,TEN,W 52-14,13.40,15.40,15.4,14.4,15,31.3,0,0.0,6,18.2,WR,RaymKa00
643,Rashid Shaheed,13.40,49,Thu,15,16,2023-12-21,25-112,NOR,@,LAR,L 22-30,13.40,18.40,18.4,15.9,49,81.7,0,0.0,9,37.5,WR,ShahRa00
644,JuJu Smith-Schuster,13.40,55,Sun,13,14,2022-12-11,26-019,KAN,@,DEN,W 34-28,13.40,22.40,22.4,17.9,55,80.9,0,0.0,0,0.0,WR,SmitJu00
645,Adam Thielen,13.40,52,Mon,2,2,2023-09-18,33-027,CAR,,NOR,L 17-20,13.40,20.40,20.4,16.9,52,86.7,0,0.0,0,0.0,WR,ThieAd00
646,Mike Williams,13.40,60,Sun,5,5,2022-10-09,28-005,LAC,@,CLE,W 30-28,13.40,23.40,26.4,18.4,60,84.5,0,0.0,0,0.0,WR,WillMi07
647,Noah Brown,13.30,60,Sun,8,8,2024-10-27,28-295,WAS,,CHI,W 18-15,13.30,16.30,16.3,14.8,60,81.1,0,0.0,0,0.0,WR,BrowNo00
648,DeAndre Carter,13.30,53,Sun,11,12,2022-11-27,29-231,LAC,@,ARI,W 25-24,13.30,20.30,20.3,16.8,53,80.3,0,0.0,8,29.6,WR,CartDe02
649,Romeo Doubs,13.30,55,Sun,3,3,2022-09-25,22-165,GNB,@,TAM,W 14-12,13.30,21.30,21.3,17.3,55,88.7,0,0.0,1,4.0,WR,DoubRo00
650,Romeo Doubs,13.30,68,Sun,3,3,2023-09-24,23-164,GNB,,NOR,W 18-17,13.30,18.30,18.3,15.8,68,86.1,0,0.0,0,0.0,WR,DoubRo00
651,DeAndre Hopkins,13.30,25,Sun,3,3,2024-09-22,32-108,TEN,,GNB,L 14-30,13.30,19.30,19.3,16.3,25,46.3,0,0.0,0,0.0,WR,HopkDe00
652,Justin Jefferson,13.30,68,Mon,14,15,2024-12-16,25-183,MIN,,CHI,W 30-12,13.30,20.30,20.3,16.8,68,88.3,0,0.0,1,3.7,WR,JeffJu00
653,CeeDee Lamb,13.30,50,Thu,11,12,2023-11-23,24-229,DAL,,WAS,W 45-10,13.30,17.30,17.3,15.3,50,92.6,0,0.0,0,0.0,WR,LambCe00
654,Terry McLaurin,13.30,70,Sun,7,7,2022-10-23,27-038,WAS,,GNB,W 23-21,13.30,18.30,18.3,15.8,70,94.6,0,0.0,0,0.0,WR,McLaTe00
655,D.J. Moore,13.30,44,Sun,14,15,2022-12-18,25-248,CAR,,PIT,L 16-24,13.30,18.30,18.3,15.8,44,95.7,0,0.0,1,4.0,WR,MoorD.00
656,K.J. Osborn,13.30,54,Sun,3,3,2022-09-25,25-107,MIN,,DET,W 28-24,13.30,18.30,18.3,15.8,54,75.0,0,0.0,0,0.0,WR,OsboKJ00
657,Josh Palmer,13.30,62,Sun,6,7,2023-10-22,24-030,LAC,@,KAN,L 17-31,13.30,18.30,21.3,15.8,62,98.4,0,0.0,0,0.0,WR,PalmJo00
658,Ricky Pearsall,13.30,41,Sun,9,10,2024-11-10,24-062,SFO,@,TAM,W 23-20,13.30,17.30,17.3,15.3,41,64.1,0,0.0,0,0.0,WR,PearRi00
659,Rashid Shaheed,13.30,45,Sun,1,1,2024-09-08,26-008,NOR,,CAR,W 47-10,13.30,16.30,16.3,14.8,45,68.2,0,0.0,5,16.7,WR,ShahRa00
660,Xavier Worthy,13.30,45,Sun,4,4,2024-09-29,21-155,KAN,@,LAC,W 17-10,13.30,16.30,16.3,14.8,45,72.6,0,0.0,0,0.0,WR,WortXa00
661,Jordan Addison,13.20,40,Thu,2,2,2023-09-14,21-230,MIN,@,PHI,L 28-34,13.20,16.20,16.2,14.7,40,69.0,0,0.0,0,0.0,WR,AddiJo00
662,Tutu Atwell,13.20,48,Mon,3,3,2023-09-25,23-353,LAR,@,CIN,L 16-19,13.20,17.20,17.2,15.2,48,87.3,0,0.0,0,0.0,WR,AtweTu00
663,Calvin Austin III,13.20,45,Sun,3,3,2023-09-24,24-184,PIT,@,LVR,W 23-18,13.20,15.20,15.2,14.2,45,72.6,0,0.0,6,20.7,WR,AustCa00
664,Brandin Cooks,13.20,43,Thu,11,12,2023-11-23,30-059,DAL,,WAS,W 45-10,13.20,17.20,17.2,15.2,43,79.6,0,0.0,0,0.0,WR,CookBr00
665,Tank Dell,13.20,66,Sun,2,2,2023-09-17,23-323,HOU,,IND,L 20-31,13.20,20.20,20.2,16.7,66,78.6,0,0.0,4,13.8,WR,DellNa00
666,Zay Flowers,13.20,53,Mon,15,16,2023-12-25,23-105,BAL,@,SFO,W 33-19,13.20,22.20,22.2,17.7,53,77.9,0,0.0,1,3.7,WR,FlowZa00
667,Christian Kirk,13.20,70,Sun,3,3,2022-09-25,25-311,JAX,@,LAC,W 38-10,13.20,19.20,19.2,16.2,70,92.1,0,0.0,0,0.0,WR,KirkCh01
668,George Pickens,13.20,46,Sun,17,18,2023-01-08,21-310,PIT,,CLE,W 28-14,13.20,16.20,16.2,14.7,46,63.0,0,0.0,0,0.0,WR,PickGe00
669,Deebo Samuel,13.20,59,Sun,16,17,2023-12-31,27-350,SFO,@,WAS,W 27-10,13.20,18.20,18.2,15.7,59,84.3,0,0.0,0,0.0,WR,SamuDe00
670,Khalil Shakir,13.20,35,Mon,3,3,2024-09-23,24-233,BUF,,JAX,W 47-10,13.20,19.20,19.2,16.2,35,54.7,0,0.0,0,0.0,WR,ShakKh00
671,A.J. Brown,13.10,66,Mon,3,3,2023-09-25,26-087,PHI,@,TAM,W 25-11,13.10,22.10,25.1,17.6,66,82.5,0,0.0,0,0.0,WR,BrowAJ00
672,A.J. Brown,13.10,67,Sun,6,6,2023-10-15,26-107,PHI,@,NYJ,L 14-20,13.10,20.10,23.1,16.6,67,95.7,0,0.0,0,0.0,WR,BrowAJ00
673,Mike Evans,13.10,45,Sun,1,1,2022-09-11,29-021,TAM,@,DAL,W 19-3,13.10,18.10,18.1,15.6,45,72.6,0,0.0,0,0.0,WR,EvanMi00
674,Chris Godwin,13.10,67,Sun,10,10,2022-11-13,26-259,TAM,,SEA,W 21-16,13.10,19.10,19.1,16.1,67,89.3,0,0.0,1,4.8,WR,GodwCh00
675,Tee Higgins,13.10,62,Sun,2,2,2022-09-18,23-243,CIN,@,DAL,L 17-20,13.10,19.10,19.1,16.1,62,88.6,0,0.0,0,0.0,WR,HiggTe00
676,CeeDee Lamb,13.10,73,Sun,13,14,2023-12-10,24-246,DAL,,PHI,W 33-13,13.10,19.10,19.1,16.1,73,89.0,0,0.0,0,0.0,WR,LambCe00
677,Allen Lazard,13.10,57,Sun,17,18,2025-01-05,29-025,NYJ,,MIA,W 32-20,13.10,16.10,16.1,14.6,57,89.1,0,0.0,0,0.0,WR,LazaAl00
678,Ray-Ray McCloud,13.10,19,Sat,15,16,2022-12-24,26-070,SFO,,WAS,W 37-20,13.10,13.10,13.1,13.1,19,36.5,0,0.0,8,29.6,WR,McClRa00
679,D.K. Metcalf,13.10,49,Sun,13,14,2022-12-11,24-362,SEA,,CAR,L 24-30,13.10,18.10,18.1,15.6,49,90.7,0,0.0,0,0.0,WR,MetcDK00
680,D.J. Moore,13.10,61,Sun,17,18,2025-01-05,27-266,CHI,@,GNB,W 24-22,13.10,22.10,23.1,17.6,61,98.4,0,0.0,1,3.7,WR,MoorD.00
681,Puka Nacua,13.10,56,Sun,5,5,2023-10-08,22-132,LAR,,PHI,L 14-23,13.10,20.10,20.1,16.6,56,100.0,0,0.0,0,0.0,WR,NacuPu00
682,George Pickens,13.10,56,Sun,16,17,2023-12-31,22-302,PIT,@,SEA,W 30-23,13.10,20.10,23.1,16.6,56,77.8,0,0.0,1,3.6,WR,PickGe00
683,Wan'Dale Robinson,13.10,36,Sun,16,17,2024-12-29,23-359,NYG,,IND,W 45-33,13.10,18.10,18.1,15.6,36,64.3,0,0.0,0,0.0,WR,RobiWa01
684,Sterling Shepard,13.10,43,Sun,1,1,2022-09-11,29-213,NYG,@,TEN,W 21-20,13.10,15.10,15.1,14.1,43,71.7,0,0.0,0,0.0,WR,ShepSt00
685,Amon-Ra St. Brown,13.10,66,Thu,1,1,2023-09-07,23-318,DET,@,KAN,W 21-20,13.10,19.10,19.1,16.1,66,94.3,0,0.0,0,0.0,WR,StxxAm00
686,Jamal Agnew,13.00,10,Sun,14,15,2023-12-17,28-258,JAX,,BAL,L 7-23,13.00,15.00,15.0,14.0,10,16.1,0,0.0,9,40.9,WR,AgneJa00
687,Kendrick Bourne,13.00,36,Sun,11,11,2024-11-17,29-105,NWE,,LAR,L 22-28,13.00,18.00,18.0,15.5,36,47.4,0,0.0,0,0.0,WR,BourKe00
688,A.J. Brown,13.00,58,Sun,13,14,2022-12-11,25-164,PHI,@,NYG,W 48-22,13.00,17.00,17.0,15.0,58,85.3,0,0.0,1,3.2,WR,BrowAJ00
689,Treylon Burks,13.00,38,Sun,11,12,2022-11-27,22-249,TEN,,CIN,L 16-20,13.00,17.00,17.0,15.0,38,66.7,0,0.0,0,0.0,WR,BurkTr00
690,Parris Campbell,13.00,63,Sun,7,7,2022-10-23,25-099,IND,@,TEN,L 10-19,13.00,23.00,23.0,18.0,63,98.4,0,0.0,0,0.0,WR,CampPa00
691,Keon Coleman,13.00,63,Sun,8,8,2024-10-27,21-163,BUF,@,SEA,W 31-10,13.00,18.00,18.0,15.5,63,82.9,0,0.0,0,0.0,WR,ColeKe02
692,Michael Gallup,13.00,37,Sun,9,10,2023-11-12,27-253,DAL,,NYG,W 49-17,13.00,15.00,15.0,14.0,37,47.4,0,0.0,0,0.0,WR,GallMi00
693,Velus Jones Jr.,13.00,10,Sun,17,18,2023-01-08,25-242,CHI,,MIN,L 13-29,13.00,14.00,14.0,13.5,10,19.6,0,0.0,11,47.8,WR,JoneVe00
694,Christian Kirk,13.00,45,Thu,7,7,2023-10-19,26-335,JAX,@,NOR,W 31-24,13.00,19.00,20.0,16.0,45,80.4,0,0.0,0,0.0,WR,KirkCh01
695,Skyy Moore,13.00,39,Sun,2,2,2023-09-17,23-007,KAN,@,JAX,W 17-9,13.00,16.00,16.0,14.5,39,58.2,0,0.0,0,0.0,WR,MoorSk01
696,JuJu Smith-Schuster,13.00,56,Mon,5,5,2024-10-07,27-320,KAN,,NOR,W 26-13,13.00,20.00,23.0,16.5,56,66.7,0,0.0,0,0.0,WR,SmitJu00
697,Shi Smith,13.00,31,Sun,16,17,2023-01-01,24-067,CAR,@,TAM,L 24-30,13.00,17.00,17.0,15.0,31,47.0,0,0.0,0,0.0,WR,SmitSh03
698,Amon-Ra St. Brown,13.00,55,Sun,15,16,2024-12-22,25-059,DET,@,CHI,W 34-17,13.00,19.00,19.0,16.0,55,84.6,0,0.0,0,0.0,WR,StxxAm00
699,Courtland Sutton,13.00,54,Sun,10,10,2024-11-10,29-031,DEN,@,KAN,L 14-16,13.00,19.00,19.0,16.0,54,93.1,0,0.0,0,0.0,WR,SuttCo00
700,Jordan Addison,12.90,65,Sun,16,17,2024-12-29,22-337,MIN,,GNB,W 27-25,12.90,18.90,18.9,15.9,65,90.3,0,0.0,0,0.0,WR,AddiJo00
701,Tank Dell,12.90,72,Sun,9,10,2023-11-12,24-014,HOU,@,CIN,W 30-27,12.90,18.90,18.9,15.9,72,96.0,0,0.0,10,31.3,WR,DellNa00
702,Jahan Dotson,12.90,59,Sun,9,9,2023-11-05,23-228,WAS,@,NWE,W 20-17,12.90,16.90,16.9,14.9,59,75.6,0,0.0,0,0.0,WR,DotsJa00
703,Tee Higgins,12.90,56,Sun,12,13,2024-12-01,25-318,CIN,,PIT,L 38-44,12.90,17.90,17.9,15.4,56,90.3,0,0.0,0,0.0,WR,HiggTe00
704,Tyreek Hill,12.90,49,Sat,14,15,2022-12-17,28-291,MIA,@,BUF,L 29-32,12.90,21.90,21.9,17.4,49,83.1,0,0.0,0,0.0,WR,HillTy00
705,Lil'Jordan Humphrey,12.90,45,Sun,16,17,2023-12-31,25-256,DEN,,LAC,W 16-9,12.90,14.90,14.9,13.9,45,65.2,0,0.0,0,0.0,WR,HumpLi01
706,Puka Nacua,12.90,54,Sat,16,17,2024-12-28,23-213,LAR,,ARI,W 13-9,12.90,22.90,25.9,17.9,54,94.7,0,0.0,0,0.0,WR,NacuPu00
707,Ricky Pearsall,12.90,70,Sun,17,18,2025-01-05,24-118,SFO,@,ARI,L 24-47,12.90,18.90,18.9,15.9,70,92.1,0,0.0,0,0.0,WR,PearRi00
708,Tyrell Shavers,12.90,10,Sun,16,17,2024-12-29,25-133,BUF,,NYJ,W 40-14,12.90,13.90,13.9,13.4,10,14.3,0,0.0,2,9.1,WR,ShavTy00
709,Tre Tucker,12.90,66,Fri,12,13,2024-11-29,23-266,LVR,@,KAN,L 17-19,12.90,13.90,13.9,13.4,66,97.1,0,0.0,0,0.0,WR,TuckTr00
710,Quez Watkins,12.90,43,Mon,2,2,2022-09-19,24-102,PHI,,MIN,W 24-7,12.90,14.90,14.9,13.9,43,58.9,0,0.0,2,9.5,WR,WatkQu00
711,Davante Adams,12.80,67,Sun,15,16,2024-12-22,31-364,NYJ,,LAR,L 9-19,12.80,19.80,19.8,16.3,67,97.1,0,0.0,0,0.0,WR,AdamDa01
712,Robbie Chosen,12.80,42,Sun,3,3,2023-09-24,30-138,MIA,,DEN,W 70-20,12.80,13.80,13.8,13.3,42,57.5,0,0.0,0,0.0,WR,AndeRo04
713,Stefon Diggs,12.80,69,Sun,9,10,2022-11-13,28-349,BUF,,MIN,L 30-33 (OT),12.80,24.80,27.8,18.8,69,92.0,0,0.0,0,0.0,WR,DiggSt00
714,Chris Godwin,12.80,58,Thu,7,8,2023-10-26,27-241,TAM,@,BUF,L 18-24,12.80,17.80,17.8,15.3,58,85.3,0,0.0,0,0.0,WR,GodwCh00
715,Tyler Lockett,12.80,57,Sun,11,12,2022-11-27,30-060,SEA,,LVR,L 34-40 (OT),12.80,15.80,15.8,14.3,57,87.7,0,0.0,0,0.0,WR,LockTy00
716,Terry McLaurin,12.80,71,Mon,10,10,2022-11-14,27-060,WAS,@,PHI,W 32-21,12.80,20.80,23.8,16.8,71,85.5,0,0.0,0,0.0,WR,McLaTe00
717,D.K. Metcalf,12.80,50,Sun,5,5,2022-10-09,24-299,SEA,@,NOR,L 32-39,12.80,17.80,18.8,15.3,50,96.2,0,0.0,0,0.0,WR,MetcDK00
718,David Moore,12.80,16,Sun,14,15,2023-12-17,28-336,TAM,@,GNB,W 34-20,12.80,14.80,14.8,13.8,16,25.8,0,0.0,10,40.0,WR,MoorDa03
719,Demarcus Robinson,12.80,54,Sun,10,11,2022-11-20,28-060,BAL,,CAR,W 13-3,12.80,21.80,24.8,17.3,54,78.3,0,0.0,0,0.0,WR,RobiDe01
720,Christian Watson,12.80,44,Sun,6,6,2024-10-13,25-154,GNB,,ARI,W 34-13,12.80,15.80,15.8,14.3,44,60.3,0,0.0,0,0.0,WR,WatsCh00
721,Xavier Worthy,12.80,32,Sun,10,11,2024-11-17,21-204,KAN,@,BUF,L 21-30,12.80,16.80,16.8,14.8,32,58.2,0,0.0,0,0.0,WR,WortXa00
722,A.J. Brown,12.70,61,Sun,6,6,2022-10-16,25-108,PHI,,DAL,W 26-17,12.70,17.70,17.7,15.2,61,85.9,0,0.0,0,0.0,WR,BrowAJ00
723,A.J. Brown,12.70,78,Sun,5,5,2023-10-08,26-100,PHI,@,LAR,W 23-14,12.70,18.70,21.7,15.7,78,98.7,0,0.0,0,0.0,WR,BrowAJ00
724,Damiere Byrd,12.70,34,Sun,8,8,2022-10-30,29-276,ATL,,CAR,W 37-34 (OT),12.70,15.70,15.7,14.2,34,50.7,0,0.0,0,0.0,WR,ByrdDa00
725,Russell Gage,12.70,52,Sun,3,3,2022-09-25,26-246,TAM,,GNB,L 12-14,12.70,24.70,25.7,18.7,52,80.0,0,0.0,0,0.0,WR,GageRu00
726,KhaDarel Hodge,12.70,16,Thu,5,5,2024-10-03,29-274,ATL,,TAM,W 36-30 (OT),12.70,14.70,14.7,13.7,16,18.4,0,0.0,15,46.9,WR,HodgKh00
727,Andrei Iosivas,12.70,49,Sun,2,2,2024-09-15,24-336,CIN,@,KAN,L 25-26,12.70,14.70,14.7,13.7,49,76.6,0,0.0,0,0.0,WR,IosiAn00
728,Brandon Johnson,12.70,47,Sun,15,16,2023-12-24,25-151,DEN,,NWE,L 23-26,12.70,15.70,15.7,14.2,47,68.1,0,0.0,0,0.0,WR,JohnBr23
729,CeeDee Lamb,12.70,70,Sun,14,15,2022-12-18,23-254,DAL,@,JAX,L 34-40 (OT),12.70,19.70,22.7,16.2,70,93.3,0,0.0,0,0.0,WR,LambCe00
730,Tyler Lockett,12.70,54,Sun,9,9,2022-11-06,30-039,SEA,@,ARI,W 31-21,12.70,17.70,17.7,15.2,54,74.0,0,0.0,1,3.7,WR,LockTy00
731,Drake London,12.70,67,Sun,2,2,2023-09-17,22-055,ATL,,GNB,W 25-24,12.70,18.70,18.7,15.7,67,81.7,0,0.0,0,0.0,WR,LondDr00
732,Drake London,12.70,61,Sun,3,3,2024-09-22,23-060,ATL,,KAN,L 17-22,12.70,18.70,18.7,15.7,61,100.0,0,0.0,0,0.0,WR,LondDr00
733,Ladd McConkey,12.70,43,Sun,4,4,2024-09-29,22-323,LAC,,KAN,L 10-17,12.70,17.70,17.7,15.2,43,76.8,0,0.0,0,0.0,WR,McCoLa00
734,Chris Olave,12.70,41,Sun,4,4,2022-10-02,22-097,NOR,,MIN,L 25-28,12.70,16.70,16.7,14.7,41,68.3,0,0.0,0,0.0,WR,OlavCh00
735,Rashee Rice,12.70,42,Sun,16,17,2023-12-31,23-253,KAN,,CIN,W 25-17,12.70,17.70,20.7,15.2,42,77.8,0,0.0,0,0.0,WR,RiceRa01
736,Demarcus Robinson,12.70,71,Sun,14,15,2023-12-17,29-087,LAR,,WAS,W 28-20,12.70,14.70,14.7,13.7,71,94.7,0,0.0,0,0.0,WR,RobiDe01
737,Courtland Sutton,12.70,66,Sun,2,2,2022-09-18,26-343,DEN,,HOU,W 16-9,12.70,19.70,22.7,16.2,66,91.7,0,0.0,0,0.0,WR,SuttCo00
738,Davante Adams,12.60,66,Sun,12,13,2024-12-01,31-343,NYJ,,SEA,L 21-26,12.60,17.60,17.6,15.1,66,97.1,0,0.0,0,0.0,WR,AdamDa01
739,A.J. Brown,12.60,60,Sun,9,9,2023-11-05,26-128,PHI,,DAL,W 28-23,12.60,19.60,19.6,16.1,60,96.8,0,0.0,0,0.0,WR,BrowAJ00
740,Ja'Marr Chase,12.60,48,Sun,7,7,2024-10-20,24-233,CIN,@,CLE,W 21-14,12.60,17.60,17.6,15.1,48,87.3,0,0.0,0,0.0,WR,ChasJa00
741,Amari Cooper,12.60,19,Sun,7,7,2024-10-20,30-125,BUF,,TEN,W 34-10,12.60,16.60,16.6,14.6,19,34.5,0,0.0,0,0.0,WR,CoopAm00
742,Tank Dell,12.60,58,Thu,9,9,2024-10-31,25-002,HOU,@,NYJ,L 13-21,12.60,18.60,21.6,15.6,58,73.4,0,0.0,0,0.0,WR,DellNa00
743,Mike Evans,12.60,57,Sun,1,1,2023-09-10,30-020,TAM,@,MIN,W 20-17,12.60,18.60,18.6,15.6,57,83.8,0,0.0,0,0.0,WR,EvanMi00
744,D.J. Moore,12.60,50,Sun,7,7,2022-10-23,25-192,CAR,,TAM,W 21-3,12.60,19.60,19.6,16.1,50,100.0,0,0.0,0,0.0,WR,MoorD.00
745,Elijah Moore,12.60,53,Sun,10,11,2024-11-17,24-235,CLE,@,NOR,L 14-35,12.60,18.60,18.6,15.6,53,72.6,0,0.0,3,12.0,WR,MoorEl00
746,Calvin Ridley,12.60,60,Sun,7,8,2024-10-27,29-312,TEN,@,DET,L 14-52,12.60,22.60,26.6,17.6,60,78.9,0,0.0,0,0.0,WR,RidlCa00
747,DeVonta Smith,12.60,70,Sun,14,15,2022-12-18,24-034,PHI,@,CHI,W 25-20,12.60,17.60,20.6,15.1,70,95.9,0,0.0,1,4.0,WR,SmitDe07
748,Courtland Sutton,12.60,44,Sun,10,11,2023-11-19,28-040,DEN,,MIN,W 21-20,12.60,16.60,16.6,14.6,44,80.0,0,0.0,0,0.0,WR,SuttCo00
749,Jalen Virgil,12.60,24,Sun,9,10,2022-11-13,24-123,DEN,@,TEN,L 10-17,12.60,13.60,13.6,13.1,24,30.0,0,0.0,5,17.2,WR,VirgJa00
750,Nelson Agholor,12.50,43,Thu,11,12,2022-11-24,29-184,NWE,@,MIN,L 26-33,12.50,18.50,18.5,15.5,43,78.2,0,0.0,0,0.0,WR,AghoNe00
751,Keon Coleman,12.50,41,Sun,7,7,2024-10-20,21-156,BUF,,TEN,W 34-10,12.50,16.50,19.5,14.5,41,74.5,0,0.0,0,0.0,WR,ColeKe02
752,Brandin Cooks,12.50,80,Thu,12,13,2023-11-30,30-066,DAL,,SEA,W 41-35,12.50,16.50,16.5,14.5,80,89.9,0,0.0,0,0.0,WR,CookBr00
753,Josh Downs,12.50,55,Sun,6,6,2024-10-13,23-062,IND,@,TEN,W 20-17,12.50,19.50,19.5,16.0,55,78.6,0,0.0,5,19.2,WR,DownJo00
754,Tyler Lockett,12.50,61,Thu,6,6,2024-10-10,32-012,SEA,,SFO,L 24-36,12.50,16.50,16.5,14.5,61,78.2,0,0.0,0,0.0,WR,LockTy00
755,Drake London,12.50,68,Sun,6,6,2023-10-15,22-083,ATL,,WAS,L 16-24,12.50,21.50,24.5,17.0,68,81.9,0,0.0,0,0.0,WR,LondDr00
756,Ray-Ray McCloud,12.50,20,Sun,7,7,2022-10-23,26-008,SFO,,KAN,L 23-44,12.50,16.50,16.5,14.5,20,25.3,0,0.0,8,28.6,WR,McClRa00
757,Terry McLaurin,12.50,53,Sun,8,8,2024-10-27,29-042,WAS,,CHI,W 18-15,12.50,17.50,20.5,15.0,53,71.6,0,0.0,0,0.0,WR,McLaTe00
758,Jayden Reed,12.50,47,Mon,13,14,2023-12-11,23-227,GNB,@,NYG,L 22-24,12.50,20.50,20.5,16.5,47,69.1,0,0.0,5,18.5,WR,ReedJa03
759,Curtis Samuel,12.50,49,Thu,5,5,2023-10-05,27-055,WAS,,CHI,L 20-40,12.50,18.50,18.5,15.5,49,70.0,0,0.0,0,0.0,WR,SamuCu00
760,Rashid Shaheed,12.50,45,Sun,17,18,2024-01-07,25-129,NOR,,ATL,W 48-17,12.50,15.50,15.5,14.0,45,67.2,0,0.0,8,25.0,WR,ShahRa00
761,Adam Thielen,12.50,61,Sun,13,14,2022-12-11,32-111,MIN,@,DET,L 23-34,12.50,19.50,19.5,16.0,61,93.8,0,0.0,1,3.4,WR,ThieAd00
762,Michael Thomas,12.50,52,Sun,2,2,2022-09-18,29-199,NOR,,TAM,L 10-20,12.50,18.50,18.5,15.5,52,76.5,0,0.0,0,0.0,WR,ThomMi05
763,Jordan Addison,12.40,54,Sun,5,5,2023-10-08,21-254,MIN,,KAN,L 20-27,12.40,18.40,18.4,15.4,54,75.0,0,0.0,0,0.0,WR,AddiJo00
764,DeAndre Carter,12.40,50,Sun,9,10,2022-11-13,29-217,LAC,@,SFO,L 16-22,12.40,16.40,16.4,14.4,50,86.2,0,0.0,10,35.7,WR,CartDe02
765,DeAndre Carter,12.40,25,Sun,1,1,2022-09-11,29-154,LAC,,LVR,W 24-19,12.40,15.40,15.4,13.9,25,37.3,0,0.0,7,29.2,WR,CartDe02
766,Devin Duvernay,12.40,50,Thu,8,8,2022-10-27,25-045,BAL,@,TAM,W 27-22,12.40,16.40,16.4,14.4,50,65.8,0,0.0,11,35.5,WR,DuveDe00
767,Marvin Harrison Jr.,12.40,52,Sun,3,3,2024-09-22,22-042,ARI,,DET,L 13-20,12.40,17.40,17.4,14.9,52,88.1,0,0.0,0,0.0,WR,HarrMa09
768,Jerry Jeudy,12.40,66,Sun,13,14,2024-12-08,25-228,CLE,@,PIT,L 14-27,12.40,17.40,17.4,14.9,66,91.7,0,0.0,0,0.0,WR,JeudJe00
769,Cooper Kupp,12.40,48,Sun,3,3,2022-09-25,29-102,LAR,@,ARI,W 20-12,12.40,16.40,16.4,14.4,48,100.0,0,0.0,1,4.0,WR,KuppCo00
770,D.K. Metcalf,12.40,66,Sun,3,3,2022-09-25,24-285,SEA,,ATL,L 23-27,12.40,17.40,17.4,14.9,66,93.0,0,0.0,0,0.0,WR,MetcDK00
771,Chris Moore,12.40,53,Sun,13,14,2022-12-11,29-178,HOU,@,DAL,L 23-27,12.40,22.40,25.4,17.4,53,80.3,0,0.0,5,17.9,WR,MoorCh00
772,Malik Nabers,12.40,37,Sun,17,18,2025-01-05,21-161,NYG,@,PHI,L 13-20,12.40,17.40,17.4,14.9,37,69.8,0,0.0,0,0.0,WR,NabeMa00
773,Trey Palmer,12.40,41,Sun,16,17,2023-12-31,22-273,TAM,,NOR,L 13-23,12.40,16.40,17.4,14.4,41,73.2,0,0.0,1,3.8,WR,PalmTr00
774,DeVonta Smith,12.40,62,Sun,13,14,2022-12-11,24-027,PHI,@,NYG,W 48-22,12.40,17.40,17.4,14.9,62,91.2,0,0.0,1,3.2,WR,SmitDe07
775,DeVonta Smith,12.40,62,Sun,5,6,2024-10-13,25-334,PHI,,CLE,W 20-16,12.40,15.40,15.4,13.9,62,100.0,0,0.0,0,0.0,WR,SmitDe07
776,Amon-Ra St. Brown,12.40,61,Sun,1,1,2022-09-11,22-322,DET,,PHI,L 35-38,12.40,20.40,20.4,16.4,61,88.4,0,0.0,0,0.0,WR,StxxAm00
777,Nelson Agholor,12.30,25,Sun,2,2,2023-09-17,30-116,BAL,@,CIN,W 27-24,12.30,17.30,17.3,14.8,25,33.3,0,0.0,0,0.0,WR,AghoNe00
778,Greg Dortch,12.30,58,Sun,15,16,2022-12-25,24-210,ARI,,TAM,L 16-19 (OT),12.30,22.30,22.3,17.3,58,76.3,0,0.0,0,0.0,WR,DortGr01
779,Mike Evans,12.30,64,Thu,8,8,2022-10-27,29-067,TAM,,BAL,L 22-27,12.30,18.30,21.3,15.3,64,94.1,0,0.0,0,0.0,WR,EvanMi00
780,Marvin Harrison Jr.,12.30,48,Sun,17,18,2025-01-05,22-147,ARI,,SFO,W 47-24,12.30,17.30,17.3,14.8,48,73.8,0,0.0,0,0.0,WR,HarrMa09
781,Mack Hollins,12.30,74,Sun,11,12,2022-11-27,29-072,LVR,@,SEA,W 40-34 (OT),12.30,16.30,16.3,14.3,74,96.1,0,0.0,4,11.8,WR,HollMa00
782,Jerry Jeudy,12.30,52,Sun,8,8,2022-10-30,23-189,DEN,@,JAX,W 21-17,12.30,18.30,18.3,15.3,52,85.2,0,0.0,0,0.0,WR,JeudJe00
783,Tyler Lockett,12.30,71,Sun,9,9,2024-11-03,32-036,SEA,,LAR,L 20-26 (OT),12.30,15.30,15.3,13.8,71,88.8,0,0.0,0,0.0,WR,LockTy00
784,Drake London,12.30,65,Sun,7,7,2024-10-20,23-088,ATL,,SEA,L 14-34,12.30,18.30,18.3,15.3,65,89.0,0,0.0,0,0.0,WR,LondDr00
785,Ladd McConkey,12.30,49,Sun,10,11,2024-11-17,23-006,LAC,,CIN,W 34-27,12.30,18.30,21.3,15.3,49,73.1,0,0.0,0,0.0,WR,McCoLa00
786,Terry McLaurin,12.30,68,Sun,8,8,2023-10-29,28-044,WAS,,PHI,L 31-38,12.30,17.30,17.3,14.8,68,94.4,0,0.0,0,0.0,WR,McLaTe00
787,Puka Nacua,12.30,44,Sun,12,13,2024-12-01,23-186,LAR,@,NOR,W 21-14,12.30,17.30,17.3,14.8,44,78.6,0,0.0,0,0.0,WR,NacuPu00
788,Josh Palmer,12.30,35,Sun,8,9,2024-11-03,25-042,LAC,@,CLE,W 27-10,12.30,14.30,14.3,13.3,35,61.4,0,0.0,0,0.0,WR,PalmJo00
789,Hunter Renfrow,12.30,40,Sat,17,18,2023-01-07,27-017,LVR,,KAN,L 13-31,12.30,19.30,19.3,15.8,40,57.1,0,0.0,4,17.4,WR,RenfHu00
790,Allen Robinson,12.30,56,Sun,6,6,2022-10-16,29-053,LAR,,CAR,W 24-10,12.30,17.30,17.3,14.8,56,86.2,0,0.0,0,0.0,WR,RobiAl02
791,Trent Sherfield,12.30,45,Sun,10,10,2022-11-13,26-261,MIA,,CLE,W 39-17,12.30,16.30,16.3,14.3,45,65.2,0,0.0,8,34.8,WR,SherTr00
792,Jaxon Smith-Njigba,12.30,38,Sun,6,7,2023-10-22,21-250,SEA,,ARI,W 20-10,12.30,16.30,16.3,14.3,38,63.3,0,0.0,0,0.0,WR,SmitJa06
793,Tutu Atwell,12.20,7,Sun,10,11,2022-11-20,23-044,LAR,@,NOR,L 20-27,12.20,13.20,13.2,12.7,7,10.9,0,0.0,0,0.0,WR,AtweTu00
794,Tank Dell,12.20,48,Sun,11,12,2023-11-26,24-028,HOU,,JAX,L 21-24,12.20,17.20,17.2,14.7,48,80.0,0,0.0,0,0.0,WR,DellNa00
795,Romeo Doubs,12.20,54,Sun,8,8,2022-10-30,22-200,GNB,@,BUF,L 17-27,12.20,16.20,16.2,14.2,54,81.8,0,0.0,0,0.0,WR,DoubRo00
796,Diontae Johnson,12.20,50,Sat,14,15,2023-12-16,27-164,PIT,@,IND,L 13-30,12.20,16.20,16.2,14.2,50,86.2,0,0.0,0,0.0,WR,JohnDi01
797,Cooper Kupp,12.20,74,Mon,4,4,2022-10-03,29-110,LAR,@,SFO,L 9-24,12.20,26.20,29.2,19.2,74,100.0,0,0.0,0,0.0,WR,KuppCo00
798,Terry McLaurin,12.20,53,Sun,17,18,2025-01-05,29-112,WAS,@,DAL,W 23-19,12.20,20.20,20.2,16.2,53,91.4,0,0.0,0,0.0,WR,McLaTe00
799,Rondale Moore,12.20,33,Sun,3,3,2023-09-24,23-107,ARI,,DAL,W 28-16,12.20,16.20,16.2,14.2,33,54.1,0,0.0,0,0.0,WR,MoorRo02
800,Darius Slayton,12.20,52,Sun,17,18,2024-01-07,26-360,NYG,,PHI,W 27-10,12.20,17.20,17.2,14.7,52,77.6,0,0.0,0,0.0,WR,SlayDa01
801,Courtland Sutton,12.20,50,Sun,13,14,2023-12-10,28-061,DEN,@,LAC,W 24-7,12.20,15.20,15.2,13.7,50,74.6,0,0.0,0,0.0,WR,SuttCo00
802,Jordan Addison,12.10,36,Sun,1,1,2023-09-10,21-226,MIN,,TAM,L 17-20,12.10,16.10,16.1,14.1,36,56.3,0,0.0,0,0.0,WR,AddiJo00
803,Jordan Addison,12.10,44,Sun,10,11,2024-11-17,22-295,MIN,@,TEN,W 23-13,12.10,15.10,15.1,13.6,44,60.3,0,0.0,0,0.0,WR,AddiJo00
804,Jake Bobo,12.10,45,Sun,6,7,2023-10-22,25-079,SEA,,ARI,W 20-10,12.10,16.10,16.1,14.1,45,75.0,0,0.0,10,41.7,WR,BoboJa00
805,Marquise Brown,12.10,58,Sun,3,3,2023-09-24,26-112,ARI,,DAL,W 28-16,12.10,17.10,17.1,14.6,58,95.1,0,0.0,0,0.0,WR,BrowMa04
806,Marquise Brown,12.10,52,Sun,5,5,2023-10-08,26-126,ARI,,CIN,L 20-34,12.10,16.10,16.1,14.1,52,91.2,0,0.0,0,0.0,WR,BrowMa04
807,Gabriel Davis,12.10,42,Sun,4,4,2023-10-01,24-183,BUF,,MIA,W 48-20,12.10,15.10,15.1,13.6,42,72.4,0,0.0,0,0.0,WR,DaviGa01
808,Josh Downs,12.10,36,Sun,15,16,2024-12-22,23-132,IND,,TEN,W 38-30,12.10,15.10,15.1,13.6,36,58.1,0,0.0,0,0.0,WR,DownJo00
809,Tyreek Hill,12.10,52,Sun,10,11,2024-11-17,30-261,MIA,,LVR,W 34-19,12.10,19.10,19.1,15.6,52,76.5,0,0.0,0,0.0,WR,HillTy00
810,Richie James,12.10,58,Sun,13,14,2022-12-11,27-097,NYG,,PHI,L 22-48,12.10,19.10,19.1,15.6,58,90.6,0,0.0,2,6.5,WR,JameRi00
811,Christian Kirk,12.10,45,Sun,4,4,2024-09-29,27-316,JAX,@,HOU,L 20-24,12.10,19.10,19.1,15.6,45,77.6,0,0.0,0,0.0,WR,KirkCh01
812,Allen Lazard,12.10,51,Sun,4,4,2023-10-01,27-294,NYJ,,KAN,L 20-23,12.10,15.10,15.1,13.6,51,86.4,0,0.0,0,0.0,WR,LazaAl00
813,Terry McLaurin,12.10,41,Sun,16,17,2023-12-31,28-107,WAS,,SFO,L 10-27,12.10,16.10,16.1,14.1,41,89.1,0,0.0,0,0.0,WR,McLaTe00
814,Jakobi Meyers,12.10,64,Sun,6,6,2023-10-15,26-340,LVR,,NWE,W 21-17,12.10,17.10,17.1,14.6,64,91.4,0,0.0,2,8.0,WR,MeyeJa01
815,Jakobi Meyers,12.10,76,Sun,11,12,2024-11-24,28-015,LVR,,DEN,L 19-29,12.10,22.10,25.1,17.1,76,98.7,0,0.0,0,0.0,WR,MeyeJa01
816,Jakobi Meyers,12.10,64,Sun,16,17,2024-12-29,28-050,LVR,@,NOR,W 25-10,12.10,17.10,17.1,14.6,64,83.1,0,0.0,0,0.0,WR,MeyeJa01
817,Elijah Moore,12.10,32,Thu,16,17,2023-12-28,23-276,CLE,,NYJ,W 37-20,12.10,17.10,17.1,14.6,32,53.3,0,0.0,0,0.0,WR,MoorEl00
818,Donovan Peoples-Jones,12.10,74,Sun,10,11,2022-11-20,23-274,CLE,@,BUF,L 23-31,12.10,17.10,17.1,14.6,74,98.7,0,0.0,2,6.7,WR,PeopDo00
819,George Pickens,12.10,59,Sun,7,7,2022-10-23,21-233,PIT,@,MIA,L 10-16,12.10,18.10,18.1,15.1,59,78.7,0,0.0,0,0.0,WR,PickGe00
820,Michael Pittman Jr.,12.10,64,Mon,12,12,2022-11-28,25-054,IND,,PIT,L 17-24,12.10,19.10,19.1,15.6,64,100.0,0,0.0,0,0.0,WR,PittMi01
821,Amon-Ra St. Brown,12.10,50,Sun,9,10,2022-11-13,23-020,DET,@,CHI,W 31-30,12.10,22.10,25.1,17.1,50,80.6,0,0.0,0,0.0,WR,StxxAm00
822,Adam Thielen,12.10,70,Sun,3,3,2022-09-25,32-034,MIN,,DET,W 28-24,12.10,18.10,18.1,15.1,70,97.2,0,0.0,0,0.0,WR,ThieAd00
823,Adam Thielen,12.10,64,Thu,11,12,2022-11-24,32-094,MIN,,NWE,W 33-26,12.10,21.10,21.1,16.6,64,92.8,0,0.0,0,0.0,WR,ThieAd00
824,Parker Washington,12.10,41,Mon,12,13,2023-12-04,21-258,JAX,,CIN,L 31-34 (OT),12.10,18.10,18.1,15.1,41,59.4,0,0.0,8,25.0,WR,WashPa01
825,Ja'Marr Chase,12.00,60,Sun,14,15,2022-12-18,22-292,CIN,@,TAM,W 34-23,12.00,19.00,19.0,15.5,60,90.9,0,0.0,0,0.0,WR,ChasJa00
826,Brandin Cooks,12.00,51,Sat,16,17,2023-12-30,30-096,DAL,,DET,W 20-19,12.00,17.00,17.0,14.5,51,78.5,0,0.0,1,3.8,WR,CookBr00
827,Mike Evans,12.00,38,Mon,3,3,2023-09-25,30-035,TAM,,PHI,L 11-25,12.00,17.00,17.0,14.5,38,80.9,0,0.0,0,0.0,WR,EvanMi00
828,Zay Flowers,12.00,64,Sun,5,5,2024-10-06,24-025,BAL,@,CIN,W 41-38 (OT),12.00,19.00,22.0,15.5,64,82.1,0,0.0,0,0.0,WR,FlowZa00
829,Chris Godwin,12.00,66,Sun,16,17,2023-01-01,26-308,TAM,,CAR,W 30-24,12.00,21.00,25.0,16.5,66,84.6,0,0.0,1,3.2,WR,GodwCh00
830,Marvin Harrison Jr.,12.00,72,Sun,12,13,2024-12-01,22-112,ARI,@,MIN,L 22-23,12.00,17.00,17.0,14.5,72,87.8,0,0.0,0,0.0,WR,HarrMa09
831,Cooper Kupp,12.00,61,Sun,11,12,2024-11-24,31-162,LAR,,PHI,L 20-37,12.00,20.00,20.0,16.0,61,95.3,0,0.0,0,0.0,WR,KuppCo00
832,Tyler Lockett,12.00,50,Sun,13,14,2022-12-11,30-074,SEA,,CAR,L 24-30,12.00,17.00,17.0,14.5,50,92.6,0,0.0,2,7.1,WR,LockTy00
833,Drake London,12.00,39,Sun,17,18,2023-01-08,21-168,ATL,,TAM,W 30-17,12.00,18.00,21.0,15.0,39,57.4,0,0.0,0,0.0,WR,LondDr00
834,Terry McLaurin,12.00,62,Sun,15,16,2024-12-22,29-098,WAS,,PHI,W 36-33,12.00,17.00,17.0,14.5,62,91.2,0,0.0,0,0.0,WR,McLaTe00
835,Jakobi Meyers,12.00,63,Sun,8,8,2022-10-30,25-355,NWE,@,NYJ,W 22-17,12.00,21.00,21.0,16.5,63,80.8,0,0.0,1,3.6,WR,MeyeJa01
836,Elijah Moore,12.00,22,Sun,11,12,2022-11-27,22-245,NYJ,,CHI,W 31-10,12.00,14.00,14.0,13.0,22,34.9,0,0.0,0,0.0,WR,MoorEl00
837,Rashee Rice,12.00,40,Sun,7,7,2023-10-22,23-183,KAN,,LAC,W 31-17,12.00,17.00,17.0,14.5,40,58.8,0,0.0,0,0.0,WR,RiceRa01
838,Amari Rodgers,12.00,36,Sun,13,14,2022-12-11,23-079,HOU,@,DAL,L 23-27,12.00,16.00,16.0,14.0,36,54.5,0,0.0,0,0.0,WR,RodgAm00
839,Amon-Ra St. Brown,12.00,64,Sun,9,10,2024-11-10,25-017,DET,@,HOU,W 26-23,12.00,18.00,18.0,15.0,64,98.5,0,0.0,0,0.0,WR,StxxAm00
840,Amon-Ra St. Brown,12.00,56,Mon,16,17,2024-12-30,25-067,DET,@,SFO,W 40-34,12.00,20.00,20.0,16.0,56,78.9,0,0.0,1,3.7,WR,StxxAm00
841,Courtland Sutton,12.00,48,Sun,4,4,2024-09-29,28-355,DEN,@,NYJ,W 10-9,12.00,15.00,15.0,13.5,48,78.7,0,0.0,0,0.0,WR,SuttCo00
842,Brian Thomas,12.00,29,Sun,8,8,2024-10-27,22-019,JAX,,GNB,L 27-30,12.00,15.00,15.0,13.5,29,50.9,0,0.0,0,0.0,WR,ThomBr06
843,Tyquan Thornton,12.00,56,Sun,16,17,2023-01-01,22-116,NWE,,MIA,W 23-21,12.00,15.00,15.0,13.5,56,93.3,0,0.0,0,0.0,WR,ThorTy00
844,Marquez Valdes-Scantling,12.00,53,Sun,9,10,2022-11-13,28-034,KAN,,JAX,W 27-17,12.00,15.00,15.0,13.5,53,84.1,0,0.0,0,0.0,WR,ValdMa00
845,Justin Watson,12.00,21,Wed,16,17,2024-12-25,28-265,KAN,@,PIT,W 29-10,12.00,14.00,14.0,13.0,21,33.9,0,0.0,5,20.0,WR,WatsJu01
846,Mike Williams,12.00,65,Sun,4,4,2022-10-02,27-363,LAC,@,HOU,W 34-24,12.00,19.00,22.0,15.5,65,92.9,0,0.0,0,0.0,WR,WillMi07
847,Tutu Atwell,11.90,64,Sun,1,1,2023-09-10,23-338,LAR,@,SEA,W 30-13,11.90,17.90,20.9,14.9,64,79.0,0,0.0,0,0.0,WR,AtweTu00
848,Rashod Bateman,11.90,37,Sun,1,1,2022-09-11,22-286,BAL,@,NYJ,W 24-9,11.90,13.90,13.9,12.9,37,66.1,0,0.0,1,3.7,WR,BateRa00
849,Kayshon Boutte,11.90,55,Sun,6,6,2024-10-13,22-159,NWE,,HOU,L 21-41,11.90,14.90,14.9,13.4,55,83.3,0,0.0,8,24.2,WR,BoutKa00
850,A.J. Brown,11.90,56,Thu,8,9,2022-11-03,25-126,PHI,@,HOU,W 29-17,11.90,15.90,15.9,13.9,56,86.2,0,0.0,0,0.0,WR,BrowAJ00
851,Nico Collins,11.90,44,Sun,13,13,2024-12-01,25-257,HOU,@,JAX,W 23-20,11.90,19.90,22.9,15.9,44,69.8,0,0.0,0,0.0,WR,CollNi00
852,DeAndre Hopkins,11.90,25,Sun,10,11,2023-11-19,31-166,TEN,@,JAX,L 14-34,11.90,15.90,15.9,13.9,25,62.5,0,0.0,0,0.0,WR,HopkDe00
853,Justin Jefferson,11.90,46,Sun,1,1,2024-09-08,25-084,MIN,@,NYG,W 28-6,11.90,15.90,15.9,13.9,46,83.6,0,0.0,0,0.0,WR,JeffJu00
854,Puka Nacua,11.90,63,Sun,1,1,2023-09-10,22-104,LAR,@,SEA,W 30-13,11.90,21.90,24.9,16.9,63,77.8,0,0.0,0,0.0,WR,NacuPu00
855,Chris Olave,11.90,41,Sun,12,13,2023-12-03,23-159,NOR,,DET,L 28-33,11.90,16.90,19.9,14.4,41,61.2,0,0.0,0,0.0,WR,OlavCh00
856,K.J. Osborn,11.90,46,Sun,16,17,2023-01-01,25-205,MIN,@,GNB,L 17-41,11.90,18.90,18.9,15.4,46,79.3,0,0.0,0,0.0,WR,OsboKJ00
857,Deebo Samuel,11.90,35,Sun,9,10,2023-11-12,27-301,SFO,@,JAX,W 34-3,11.90,15.90,15.9,13.9,35,56.5,0,0.0,2,8.7,WR,SamuDe00
858,Laviska Shenault Jr.,11.90,26,Thu,10,10,2022-11-10,24-036,CAR,,ATL,W 25-15,11.90,14.90,14.9,13.4,26,39.4,0,0.0,2,6.9,WR,ShenLa00
859,Amon-Ra St. Brown,11.90,79,Sun,2,2,2024-09-15,24-327,DET,,TAM,L 16-20,11.90,22.90,25.9,17.4,79,91.9,0,0.0,0,0.0,WR,StxxAm00
860,Jaylen Waddle,11.90,59,Sun,13,14,2024-12-08,26-013,MIA,,NYJ,W 32-26 (OT),11.90,20.90,20.9,16.4,59,81.9,0,0.0,0,0.0,WR,WaddJa00
861,Rashod Bateman,11.80,49,Sun,5,5,2024-10-06,24-312,BAL,@,CIN,W 41-38 (OT),11.80,15.80,15.8,13.8,49,62.8,0,0.0,0,0.0,WR,BateRa00
862,Stefon Diggs,11.80,62,Sun,7,7,2023-10-22,29-327,BUF,@,NWE,L 25-29,11.80,17.80,17.8,14.8,62,87.3,0,0.0,0,0.0,WR,DiggSt00
863,Tee Higgins,11.80,40,Sun,15,16,2024-12-22,25-339,CIN,,CLE,W 24-6,11.80,19.80,19.8,15.8,40,71.4,0,0.0,0,0.0,WR,HiggTe00
864,Isaiah Hodgins,11.80,57,Sun,13,14,2022-12-11,24-051,NYG,,PHI,L 22-48,11.80,15.80,15.8,13.8,57,89.1,0,0.0,0,0.0,WR,HodgIs00
865,Trenton Irwin,11.80,56,Sun,13,14,2022-12-11,27-001,CIN,,CLE,W 23-10,11.80,13.80,13.8,12.8,56,83.6,0,0.0,1,4.2,WR,IrwiTr00
866,Cooper Kupp,11.80,53,Sun,5,5,2023-10-08,30-115,LAR,,PHI,L 14-23,11.80,19.80,22.8,15.8,53,94.6,0,0.0,0,0.0,WR,KuppCo00
867,Ladd McConkey,11.80,46,Sun,14,15,2024-12-15,23-034,LAC,,TAM,L 17-40,11.80,16.80,16.8,14.3,46,88.5,0,0.0,0,0.0,WR,McCoLa00
868,Terry McLaurin,11.80,69,Sun,1,1,2022-09-11,26-361,WAS,,JAX,W 28-22,11.80,13.80,13.8,12.8,69,89.6,0,0.0,0,0.0,WR,McLaTe00
869,Alec Pierce,11.80,55,Sun,16,17,2023-12-31,23-243,IND,,LVR,W 23-20,11.80,12.80,12.8,12.3,55,98.2,0,0.0,1,3.3,WR,PierAl00
870,Curtis Samuel,11.80,44,Sun,11,11,2024-11-17,28-098,BUF,,KAN,W 30-21,11.80,16.80,16.8,14.3,44,60.3,0,0.0,0,0.0,WR,SamuCu00
871,Darius Slayton,11.80,44,Sun,7,7,2022-10-23,25-284,NYG,@,JAX,W 23-17,11.80,14.80,14.8,13.3,44,57.1,0,0.0,0,0.0,WR,SlayDa01
872,Jaxon Smith-Njigba,11.80,50,Sun,10,11,2024-11-17,22-277,SEA,@,SFO,W 20-17,11.80,21.80,24.8,16.8,50,83.3,0,0.0,0,0.0,WR,SmitJa06
873,Olamide Zaccheaus,11.80,44,Mon,3,3,2023-09-25,26-064,PHI,@,TAM,W 25-11,11.80,13.80,13.8,12.8,44,55.0,0,0.0,5,25.0,WR,ZaccOl01
874,Jordan Addison,11.70,68,Sun,17,18,2024-01-07,21-345,MIN,@,DET,L 20-30,11.70,15.70,15.7,13.7,68,93.2,0,0.0,0,0.0,WR,AddiJo00
875,Brandon Aiyuk,11.70,49,Sun,13,14,2022-12-11,24-269,SFO,,TAM,W 35-7,11.70,13.70,13.7,12.7,49,77.8,0,0.0,0,0.0,WR,AiyuBr00
876,Tyler Boyd,11.70,59,Sun,9,10,2023-11-12,28-362,CIN,,HOU,L 27-30,11.70,19.70,22.7,15.7,59,92.2,0,0.0,0,0.0,WR,BoydTy00
877,Dyami Brown,11.70,37,Sun,5,5,2024-10-06,24-340,WAS,,CLE,W 34-13,11.70,13.70,13.7,12.7,37,55.2,0,0.0,0,0.0,WR,BrowDy00
878,Parris Campbell,11.70,81,Sun,6,6,2022-10-16,25-092,IND,,JAX,W 34-27,11.70,18.70,18.7,15.2,81,100.0,0,0.0,5,20.0,WR,CampPa00
879,Nico Collins,11.70,63,Sun,1,1,2024-09-08,25-173,HOU,@,IND,W 29-27,11.70,17.70,20.7,14.7,63,79.7,0,0.0,0,0.0,WR,CollNi00
880,Brandin Cooks,11.70,46,Sun,4,4,2022-10-02,29-007,HOU,,LAC,L 24-34,11.70,18.70,18.7,15.2,46,80.7,0,0.0,0,0.0,WR,CookBr00
881,Tank Dell,11.70,49,Sun,6,6,2024-10-13,24-350,HOU,@,NWE,W 41-21,11.70,18.70,18.7,15.2,49,74.2,0,0.0,0,0.0,WR,DellNa00
882,Mike Evans,11.70,53,Sun,14,15,2023-12-17,30-118,TAM,@,GNB,W 34-20,11.70,15.70,15.7,13.7,53,85.5,0,0.0,0,0.0,WR,EvanMi00
883,Tyreek Hill,11.70,58,Sun,16,17,2023-01-01,28-306,MIA,@,NWE,L 21-23,11.70,15.70,15.7,13.7,58,81.7,0,0.0,0,0.0,WR,HillTy00
884,Mack Hollins,11.70,46,Sun,13,14,2024-12-08,31-083,BUF,@,LAR,L 42-44,11.70,15.70,15.7,13.7,46,76.7,0,0.0,1,3.0,WR,HollMa00
885,Jerry Jeudy,11.70,60,Sun,15,16,2022-12-25,23-245,DEN,@,LAR,L 14-51,11.70,17.70,20.7,14.7,60,89.6,0,0.0,0,0.0,WR,JeudJe00
886,Diontae Johnson,11.70,48,Thu,13,14,2023-12-07,27-155,PIT,,NWE,L 18-21,11.70,14.70,14.7,13.2,48,68.6,0,0.0,0,0.0,WR,JohnDi01
887,Christian Kirk,11.70,64,Sun,1,1,2022-09-11,25-297,JAX,@,WAS,L 22-28,11.70,17.70,20.7,14.7,64,91.4,0,0.0,0,0.0,WR,KirkCh01
888,CeeDee Lamb,11.70,60,Thu,11,12,2022-11-24,23-230,DAL,,NYG,W 28-20,11.70,17.70,20.7,14.7,60,80.0,0,0.0,1,4.3,WR,LambCe00
889,CeeDee Lamb,11.70,54,Mon,6,6,2023-10-16,24-191,DAL,@,LAC,W 20-17,11.70,18.70,21.7,15.2,54,84.4,0,0.0,0,0.0,WR,LambCe00
890,Ladd McConkey,11.70,29,Sun,12,13,2024-12-01,23-020,LAC,@,ATL,W 17-13,11.70,20.70,23.7,16.2,29,63.0,0,0.0,0,0.0,WR,McCoLa00
891,Jalen McMillan,11.70,60,Sun,15,16,2024-12-22,23-015,TAM,@,DAL,L 24-26,11.70,16.70,16.7,14.2,60,83.3,0,0.0,0,0.0,WR,McMiJa01
892,D.K. Metcalf,11.70,57,Sun,15,16,2024-12-22,27-008,SEA,,MIN,L 24-27,11.70,14.70,14.7,13.2,57,89.1,0,0.0,0,0.0,WR,MetcDK00
893,Puka Nacua,11.70,51,Sun,11,12,2024-11-24,23-179,LAR,,PHI,L 20-37,11.70,20.70,23.7,16.2,51,79.7,0,0.0,0,0.0,WR,NacuPu00
894,K.J. Osborn,11.70,55,Sun,17,18,2023-01-08,25-212,MIN,@,CHI,W 29-13,11.70,16.70,19.7,14.2,55,77.5,0,0.0,0,0.0,WR,OsboKJ00
895,Zach Pascal,11.70,23,Sun,7,8,2022-10-30,27-316,PHI,,PIT,W 35-13,11.70,13.70,13.7,12.7,23,40.4,0,0.0,17,63.0,WR,PascZa00
896,George Pickens,11.70,55,Sat,15,16,2022-12-24,21-295,PIT,,LVR,W 13-10,11.70,16.70,16.7,14.2,55,80.9,0,0.0,0,0.0,WR,PickGe00
897,Alec Pierce,11.70,64,Sun,17,18,2025-01-05,24-248,IND,,JAX,W 26-23 (OT),11.70,13.70,13.7,12.7,64,82.1,0,0.0,0,0.0,WR,PierAl00
898,Kalif Raymond,11.70,28,Sun,2,2,2023-09-17,29-040,DET,,SEA,L 31-37 (OT),11.70,13.70,13.7,12.7,28,42.4,0,0.0,3,10.7,WR,RaymKa00
899,Ben Skowronek,11.70,44,Sun,6,6,2022-10-16,25-111,LAR,,CAR,W 24-10,11.70,16.70,16.7,14.2,44,67.7,0,0.0,0,0.0,WR,SkowBe00
900,Jaxon Smith-Njigba,11.70,58,Sun,2,2,2024-09-15,22-214,SEA,@,NWE,W 23-20 (OT),11.70,23.70,26.7,17.7,58,82.9,0,0.0,0,0.0,WR,SmitJa06
901,Cedrick Wilson Jr.,11.70,48,Thu,7,7,2024-10-17,28-332,NOR,,DEN,L 10-33,11.70,17.70,17.7,14.7,48,68.6,0,0.0,10,34.5,WR,WilsCe01
902,Michael Wilson,11.70,59,Sun,13,14,2024-12-08,24-289,ARI,,SEA,L 18-30,11.70,13.70,13.7,12.7,59,83.1,0,0.0,0,0.0,WR,WilsMi02
903,Odell Beckham Jr.,11.60,23,Thu,11,11,2023-11-16,31-011,BAL,,CIN,W 34-20,11.60,15.60,18.6,13.6,23,34.8,0,0.0,0,0.0,WR,BeckOd00
904,Amari Cooper,11.60,22,Sun,16,17,2024-12-29,30-195,BUF,,NYJ,W 40-14,11.60,14.60,14.6,13.1,22,31.4,0,0.0,0,0.0,WR,CoopAm00
905,Justin Jefferson,11.60,65,Sun,12,13,2022-12-04,23-171,MIN,,NYJ,W 27-22,11.60,18.60,18.6,15.1,65,95.6,0,0.0,0,0.0,WR,JeffJu00
906,CeeDee Lamb,11.60,57,Sun,14,15,2023-12-17,24-253,DAL,@,BUF,L 10-31,11.60,18.60,18.6,15.1,57,100.0,0,0.0,0,0.0,WR,LambCe00
907,Allen Lazard,11.60,70,Sun,4,4,2022-10-02,26-295,GNB,,NWE,W 27-24 (OT),11.60,17.60,20.6,14.6,70,95.9,0,0.0,0,0.0,WR,LazaAl00
908,D.K. Metcalf,11.60,55,Sun,15,16,2023-12-24,26-010,SEA,@,TEN,W 20-17,11.60,15.60,15.6,13.6,55,88.7,0,0.0,0,0.0,WR,MetcDK00
909,Chris Olave,11.60,49,Sun,17,18,2024-01-07,23-194,NOR,,ATL,W 48-17,11.60,14.60,14.6,13.1,49,73.1,0,0.0,0,0.0,WR,OlavCh00
910,Alec Pierce,11.60,53,Sun,2,2,2024-09-15,24-136,IND,@,GNB,L 10-16,11.60,16.60,16.6,14.1,53,94.6,0,0.0,1,4.5,WR,PierAl00
911,Amon-Ra St. Brown,11.60,66,Thu,4,4,2023-09-28,23-339,DET,@,GNB,W 34-20,11.60,16.60,16.6,14.1,66,88.0,0,0.0,1,3.3,WR,StxxAm00
912,Amon-Ra St. Brown,11.60,53,Sun,8,9,2024-11-03,25-010,DET,@,GNB,W 24-14,11.60,18.60,18.6,15.1,53,93.0,0,0.0,1,4.5,WR,StxxAm00
913,Adam Thielen,11.60,45,Sun,6,6,2022-10-16,32-055,MIN,@,MIA,W 24-16,11.60,15.60,15.6,13.6,45,86.5,0,0.0,1,3.2,WR,ThieAd00
914,Deven Thompkins,11.60,45,Sun,4,4,2023-10-01,23-282,TAM,@,NOR,W 26-9,11.60,15.60,15.6,13.6,45,63.4,0,0.0,8,30.8,WR,ThomDe07
915,Christian Watson,11.60,52,Sun,17,18,2023-01-08,23-241,GNB,,DET,L 16-20,11.60,16.60,19.6,14.1,52,86.7,0,0.0,0,0.0,WR,WatsCh00
916,Garrett Wilson,11.60,57,Sun,14,15,2024-12-15,24-146,NYJ,@,JAX,W 32-25,11.60,14.60,14.6,13.1,57,98.3,0,0.0,0,0.0,WR,WilsGa00
917,Brandon Aiyuk,11.50,42,Sun,9,10,2023-11-12,25-240,SFO,@,JAX,W 34-3,11.50,14.50,14.5,13.0,42,67.7,0,0.0,0,0.0,WR,AiyuBr00
918,Greg Dortch,11.50,62,Sun,2,2,2022-09-18,24-112,ARI,@,LVR,W 29-23 (OT),11.50,15.50,15.5,13.5,62,71.3,0,0.0,3,14.3,WR,DortGr01
919,Zay Flowers,11.50,59,Sun,8,8,2024-10-27,24-046,BAL,@,CLE,L 24-29,11.50,18.50,21.5,15.0,59,86.8,0,0.0,0,0.0,WR,FlowZa00
920,Mecole Hardman,11.50,21,Sun,6,7,2024-10-20,26-222,KAN,@,SFO,W 28-18,11.50,12.50,12.5,12.0,21,30.0,0,0.0,5,20.8,WR,HardMe00
921,Justin Jefferson,11.50,50,Thu,7,8,2024-10-24,25-130,MIN,@,LAR,L 20-30,11.50,19.50,22.5,15.5,50,100.0,0,0.0,0,0.0,WR,JeffJu00
922,Zay Jones,11.50,62,Sun,1,1,2023-09-10,28-164,JAX,@,IND,W 31-21,11.50,16.50,16.5,14.0,62,88.6,0,0.0,0,0.0,WR,JoneZa00
923,Ladd McConkey,11.50,51,Sun,17,18,2025-01-05,23-055,LAC,@,LVR,W 34-20,11.50,16.50,16.5,14.0,51,68.0,0,0.0,1,3.4,WR,McCoLa00
924,D.K. Metcalf,11.50,40,Sun,8,8,2022-10-30,24-320,SEA,,NYG,W 27-13,11.50,17.50,17.5,14.5,40,62.5,0,0.0,0,0.0,WR,MetcDK00
925,Jakobi Meyers,11.50,49,Sun,9,9,2023-11-05,26-361,LVR,,NYG,W 30-6,11.50,13.50,13.5,12.5,49,81.7,0,0.0,0,0.0,WR,MeyeJa01
926,George Pickens,11.50,63,Sun,9,10,2022-11-13,21-254,PIT,,NOR,W 20-10,11.50,14.50,14.5,13.0,63,75.0,0,0.0,0,0.0,WR,PickGe00
927,Michael Pittman Jr.,11.50,55,Sun,13,14,2023-12-10,26-066,IND,@,CIN,L 14-34,11.50,19.50,19.5,15.5,55,85.9,0,0.0,0,0.0,WR,PittMi01
928,Demarcus Robinson,11.50,38,Sun,12,13,2023-12-03,29-073,LAR,,CLE,W 36-19,11.50,15.50,15.5,13.5,38,59.4,0,0.0,9,27.3,WR,RobiDe01
929,Wan'Dale Robinson,11.50,44,Mon,13,14,2023-12-11,22-340,NYG,,GNB,W 24-22,11.50,17.50,17.5,14.5,44,78.6,0,0.0,0,0.0,WR,RobiWa01
930,DeVonta Smith,11.50,54,Sun,16,17,2023-01-01,24-048,PHI,,NOR,L 10-20,11.50,20.50,23.5,16.0,54,98.2,0,0.0,0,0.0,WR,SmitDe07
931,Courtland Sutton,11.50,56,Sat,16,17,2024-12-28,29-079,DEN,@,CIN,L 24-30 (OT),11.50,16.50,16.5,14.0,56,93.3,0,0.0,0,0.0,WR,SuttCo00
932,Garrett Wilson,11.50,52,Sun,8,8,2022-10-30,22-100,NYJ,,NWE,L 17-22,11.50,17.50,20.5,14.5,52,88.1,0,0.0,0,0.0,WR,WilsGa00
933,Michael Wilson,11.50,65,Sun,16,17,2023-12-31,23-311,ARI,@,PHI,W 35-31,11.50,15.50,15.5,13.5,65,85.5,0,0.0,0,0.0,WR,WilsMi02
934,Rashod Bateman,11.40,49,Thu,10,10,2024-11-07,24-344,BAL,,CIN,W 35-34,11.40,17.40,17.4,14.4,49,77.8,0,0.0,0,0.0,WR,BateRa00
935,Braxton Berrios,11.40,32,Sun,4,4,2023-10-01,27-360,MIA,@,BUF,L 20-48,11.40,17.40,17.4,14.4,32,49.2,0,0.0,9,32.1,WR,BerrBr00
936,A.J. Brown,11.40,62,Sun,12,13,2023-12-03,26-156,PHI,,SFO,L 19-42,11.40,19.40,22.4,15.4,62,86.1,0,0.0,0,0.0,WR,BrowAJ00
937,Marquise Brown,11.40,61,Sun,2,2,2023-09-17,26-105,ARI,,NYG,L 28-31,11.40,17.40,17.4,14.4,61,93.8,0,0.0,0,0.0,WR,BrowMa04
938,Ja'Marr Chase,11.40,55,Sun,8,8,2024-10-27,24-240,CIN,,PHI,L 17-37,11.40,20.40,20.4,15.9,55,94.8,0,0.0,0,0.0,WR,ChasJa00
939,Nico Collins,11.40,57,Sun,8,9,2023-11-05,24-231,HOU,,TAM,W 39-37,11.40,14.40,14.4,12.9,57,79.2,0,0.0,0,0.0,WR,CollNi00
940,Jahan Dotson,11.40,67,Sun,13,13,2022-12-04,22-257,WAS,@,NYG,T 20-20 (OT),11.40,16.40,16.4,13.9,67,78.8,0,0.0,0,0.0,WR,DotsJa00
941,Ashton Dulin,11.40,11,Sun,1,1,2024-09-08,27-116,IND,,HOU,L 27-29,11.40,12.40,12.4,11.9,11,24.4,0,0.0,17,68.0,WR,DuliAs00
942,Chris Godwin,11.40,53,Sun,4,4,2023-10-01,27-216,TAM,@,NOR,W 26-9,11.40,19.40,22.4,15.4,53,74.6,0,0.0,0,0.0,WR,GodwCh00
943,Marvin Harrison Jr.,11.40,43,Sun,10,10,2024-11-10,22-091,ARI,,NYJ,W 31-6,11.40,16.40,16.4,13.9,43,72.9,0,0.0,0,0.0,WR,HarrMa09
944,Trenton Irwin,11.40,52,Sun,9,10,2023-11-12,27-337,CIN,,HOU,L 27-30,11.40,13.40,13.4,12.4,52,81.3,0,0.0,5,15.6,WR,IrwiTr00
945,Christian Kirk,11.40,63,Sun,3,3,2023-09-24,26-310,JAX,,HOU,L 17-37,11.40,15.40,15.4,13.4,63,86.3,0,0.0,0,0.0,WR,KirkCh01
946,Jarvis Landry,11.40,44,Sun,1,1,2022-09-11,29-287,NOR,@,ATL,W 27-26,11.40,18.40,21.4,14.9,44,72.1,0,0.0,0,0.0,WR,LandJa00
947,Tyler Lockett,11.40,55,Sun,17,18,2023-01-08,30-102,SEA,,LAR,W 19-16 (OT),11.40,15.40,15.4,13.4,55,78.6,0,0.0,2,6.1,WR,LockTy00
948,Drake London,11.40,48,Sun,3,3,2022-09-25,21-063,ATL,@,SEA,W 27-23,11.40,14.40,14.4,12.9,48,84.2,0,0.0,0,0.0,WR,LondDr00
949,Drake London,11.40,59,Mon,2,2,2024-09-16,23-054,ATL,@,PHI,W 22-21,11.40,17.40,17.4,14.4,59,96.7,0,0.0,0,0.0,WR,LondDr00
950,Terry McLaurin,11.40,54,Sun,2,2,2023-09-17,28-002,WAS,@,DEN,W 35-33,11.40,16.40,16.4,13.9,54,74.0,0,0.0,0,0.0,WR,McLaTe00
951,D.J. Moore,11.40,65,Mon,12,12,2023-11-27,26-227,CHI,@,MIN,W 12-10,11.40,22.40,25.4,16.9,65,92.9,0,0.0,0,0.0,WR,MoorD.00
952,Rondale Moore,11.40,44,Sun,11,11,2023-11-19,23-163,ARI,@,HOU,L 16-21,11.40,12.40,12.4,11.9,44,72.1,0,0.0,0,0.0,WR,MoorRo02
953,Jalen Nailor,11.40,50,Sun,2,2,2024-09-15,25-197,MIN,,SFO,W 23-17,11.40,14.40,14.4,12.9,50,92.6,0,0.0,1,4.3,WR,NailJa00
954,Chris Olave,11.40,31,Sun,5,5,2022-10-09,22-104,NOR,,SEA,W 39-32,11.40,15.40,15.4,13.4,31,40.3,0,0.0,0,0.0,WR,OlavCh00
955,Chris Olave,11.40,34,Sun,11,12,2023-11-26,23-152,NOR,@,ATL,L 15-24,11.40,18.40,21.4,14.9,34,47.2,0,0.0,0,0.0,WR,OlavCh00
956,Donovan Peoples-Jones,11.40,72,Sun,13,14,2022-12-11,23-295,CLE,@,CIN,L 10-23,11.40,19.40,22.4,15.4,72,100.0,0,0.0,6,25.0,WR,PeopDo00
957,Curtis Samuel,11.40,48,Sat,15,16,2022-12-24,26-135,WAS,@,SFO,L 20-37,11.40,16.40,16.4,13.9,48,65.8,0,0.0,0,0.0,WR,SamuCu00
958,Jaylen Waddle,11.40,46,Fri,11,12,2023-11-24,24-364,MIA,@,NYJ,W 34-13,11.40,19.40,22.4,15.4,46,65.7,0,0.0,1,4.2,WR,WaddJa00
959,Garrett Wilson,11.40,67,Sun,13,14,2024-12-08,24-139,NYJ,@,MIA,L 26-32 (OT),11.40,18.40,21.4,14.9,67,98.5,0,0.0,0,0.0,WR,WilsGa00
960,Brandon Aiyuk,11.30,66,Mon,15,16,2023-12-25,25-283,SFO,,BAL,L 19-33,11.30,17.30,20.3,14.3,66,94.3,0,0.0,0,0.0,WR,AiyuBr00
961,Romeo Doubs,11.30,49,Sun,10,11,2023-11-19,23-220,GNB,,LAC,W 23-20,11.30,16.30,16.3,13.8,49,68.1,0,0.0,0,0.0,WR,DoubRo00
962,Chris Godwin,11.30,51,Sun,3,3,2024-09-22,28-208,TAM,,DEN,L 7-26,11.30,17.30,17.3,14.3,51,89.5,0,0.0,0,0.0,WR,GodwCh00
963,Tee Higgins,11.30,53,Sun,14,15,2022-12-18,23-334,CIN,@,TAM,W 34-23,11.30,16.30,16.3,13.8,53,80.3,0,0.0,1,4.0,WR,HiggTe00
964,Andrei Iosivas,11.30,38,Sun,15,16,2024-12-22,25-068,CIN,,CLE,W 24-6,11.30,14.30,14.3,12.8,38,67.9,0,0.0,0,0.0,WR,IosiAn00
965,Jerry Jeudy,11.30,47,Sun,4,4,2022-10-02,23-161,DEN,@,LVR,L 23-32,11.30,15.30,15.3,13.3,47,88.7,0,0.0,0,0.0,WR,JeudJe00
966,Julio Jones,11.30,38,Sun,10,10,2022-11-13,33-283,TAM,,SEA,W 21-16,11.30,14.30,14.3,12.8,38,50.7,0,0.0,1,4.8,WR,JoneJu02
967,Drake London,11.30,57,Mon,14,15,2024-12-16,23-145,ATL,@,LVR,W 15-9,11.30,14.30,14.3,12.8,57,98.3,0,0.0,0,0.0,WR,LondDr00
968,Terrace Marshall Jr.,11.30,45,Sun,9,9,2022-11-06,22-150,CAR,@,CIN,L 21-42,11.30,14.30,14.3,12.8,45,91.8,0,0.0,0,0.0,WR,MarsTe00
969,Terry McLaurin,11.30,57,Sun,10,10,2024-11-10,29-056,WAS,,PIT,L 27-28,11.30,16.30,19.3,13.8,57,89.1,0,0.0,0,0.0,WR,McLaTe00
970,D.K. Metcalf,11.30,49,Sun,17,18,2025-01-05,27-022,SEA,@,LAR,W 30-25,11.30,14.30,14.3,12.8,49,89.1,0,0.0,0,0.0,WR,MetcDK00
971,Marvin Mims,11.30,14,Sun,11,11,2024-11-17,22-243,DEN,,ATL,W 38-6,11.30,13.30,13.3,12.3,14,22.6,0,0.0,9,34.6,WR,MimsMa00
972,Darnell Mooney,11.30,62,Sun,1,1,2023-09-10,25-316,CHI,,GNB,L 20-38,11.30,15.30,15.3,13.3,62,83.8,0,0.0,0,0.0,WR,MoonDa00
973,Michael Pittman Jr.,11.30,58,Sun,4,4,2024-09-29,26-360,IND,,PIT,W 27-24,11.30,17.30,20.3,14.3,58,87.9,0,0.0,0,0.0,WR,PittMi01
974,Kalif Raymond,11.30,20,Sun,14,15,2022-12-18,28-132,DET,@,NYJ,W 20-17,11.30,16.30,16.3,13.8,20,29.4,0,0.0,6,21.4,WR,RaymKa00
975,Jayden Reed,11.30,44,Sun,9,9,2024-11-03,24-189,GNB,,DET,L 14-24,11.30,16.30,19.3,13.8,44,67.7,0,0.0,4,18.2,WR,ReedJa03
976,Allen Robinson,11.30,57,Sun,2,2,2022-09-18,29-025,LAR,,ATL,W 31-27,11.30,15.30,15.3,13.3,57,90.5,0,0.0,0,0.0,WR,RobiAl02
977,Rashid Shaheed,11.30,10,Thu,7,7,2022-10-20,24-050,NOR,@,ARI,L 34-42,11.30,12.30,12.3,11.8,10,13.9,0,0.0,12,37.5,WR,ShahRa00
978,Courtland Sutton,11.30,47,Sun,6,6,2024-10-13,29-003,DEN,,LAC,L 16-23,11.30,15.30,15.3,13.3,47,85.5,0,0.0,0,0.0,WR,SuttCo00
979,Justin Watson,11.30,50,Mon,10,11,2023-11-20,27-230,KAN,,PHI,L 17-21,11.30,16.30,16.3,13.8,50,63.3,0,0.0,9,34.6,WR,WatsJu01
980,Jameson Williams,11.30,16,Sun,6,6,2023-10-15,22-203,DET,@,TAM,W 20-6,11.30,13.30,13.3,12.3,16,22.9,0,0.0,0,0.0,WR,WillJa11
981,Garrett Wilson,11.30,61,Sun,8,8,2024-10-27,24-097,NYJ,@,NWE,L 22-25,11.30,16.30,19.3,13.8,61,98.4,0,0.0,0,0.0,WR,WilsGa00
982,DJ Chark,11.20,56,Sun,1,1,2022-09-11,25-353,DET,,PHI,L 35-38,11.20,15.20,15.2,13.2,56,81.2,0,0.0,0,0.0,WR,CharDJ00
983,Brandin Cooks,11.20,40,Sun,7,8,2023-10-29,30-034,DAL,,LAR,W 43-20,11.20,14.20,14.2,12.7,40,61.5,0,0.0,0,0.0,WR,CookBr00
984,Lil'Jordan Humphrey,11.20,27,Sun,11,11,2024-11-17,26-212,DEN,,ATL,W 38-6,11.20,15.20,15.2,13.2,27,43.5,0,0.0,0,0.0,WR,HumpLi01
985,Andrei Iosivas,11.20,48,Mon,3,3,2024-09-23,24-344,CIN,,WAS,L 33-38,11.20,16.20,16.2,13.7,48,77.4,0,0.0,1,3.8,WR,IosiAn00
986,CeeDee Lamb,11.20,58,Sun,17,18,2023-01-08,23-275,DAL,@,WAS,L 6-26,11.20,16.20,16.2,13.7,58,86.6,0,0.0,0,0.0,WR,LambCe00
987,Terry McLaurin,11.20,51,Sun,4,4,2024-09-29,29-014,WAS,@,ARI,W 42-14,11.20,18.20,18.2,14.7,51,70.8,0,0.0,0,0.0,WR,McLaTe00
988,D.K. Metcalf,11.20,54,Sun,3,3,2023-09-24,25-284,SEA,,CAR,W 37-27,11.20,17.20,20.2,14.2,54,72.0,0,0.0,1,2.9,WR,MetcDK00
989,D.K. Metcalf,11.20,53,Sun,13,14,2023-12-10,25-361,SEA,@,SFO,L 16-28,11.20,13.20,13.2,12.2,53,89.8,0,0.0,0,0.0,WR,MetcDK00
990,Jakobi Meyers,11.20,47,Sun,8,8,2024-10-27,27-353,LVR,,KAN,L 20-27,11.20,17.20,17.2,14.2,47,81.0,0,0.0,0,0.0,WR,MeyeJa01
991,Elijah Moore,11.20,64,Mon,12,13,2024-12-02,24-250,CLE,@,DEN,L 32-41,11.20,19.20,22.2,15.2,64,74.4,0,0.0,0,0.0,WR,MoorEl00
992,Chris Olave,11.20,51,Sun,1,1,2023-09-10,23-075,NOR,,TEN,W 16-15,11.20,19.20,22.2,15.2,51,78.5,0,0.0,0,0.0,WR,OlavCh00
993,Jayden Reed,11.20,25,Sun,14,15,2023-12-17,23-233,GNB,,TAM,L 20-34,11.20,17.20,17.2,14.2,25,41.7,0,0.0,1,4.0,WR,ReedJa03
994,Jayden Reed,11.20,36,Sun,17,18,2024-01-07,23-254,GNB,,CHI,W 17-9,11.20,15.20,18.2,13.2,36,60.0,0,0.0,3,16.7,WR,ReedJa03
995,Rashee Rice,11.20,56,Sun,13,14,2023-12-10,23-232,KAN,,BUF,L 17-20,11.20,18.20,19.2,14.7,56,84.8,0,0.0,0,0.0,WR,RiceRa01
996,Curtis Samuel,11.20,55,Sun,1,1,2022-09-11,26-031,WAS,,JAX,W 28-22,11.20,19.20,20.2,15.2,55,71.4,0,0.0,0,0.0,WR,SamuCu00
997,Curtis Samuel,11.20,54,Sun,4,4,2023-10-01,27-051,WAS,@,PHI,L 31-34 (OT),11.20,18.20,18.2,14.7,54,69.2,0,0.0,0,0.0,WR,SamuCu00
998,Courtland Sutton,11.20,50,Sun,4,4,2022-10-02,26-357,DEN,@,LVR,L 23-32,11.20,16.20,16.2,13.7,50,94.3,0,0.0,0,0.0,WR,SuttCo00
999,KaVontae Turpin,11.20,18,Sun,3,3,2024-09-22,28-051,DAL,,BAL,L 25-28,11.20,14.20,14.2,12.7,18,22.5,0,0.0,10,35.7,WR,TurpKa00
1000,Jaylen Waddle,11.20,51,Sun,1,1,2024-09-08,25-288,MIA,,JAX,W 20-17,11.20,16.20,19.2,13.7,51,71.8,0,0.0,0,0.0,WR,WaddJa00
1001,Jordan Addison,11.10,67,Sun,8,9,2024-11-03,22-281,MIN,,IND,W 21-13,11.10,16.10,16.1,13.6,67,91.8,0,0.0,0,0.0,WR,AddiJo00
1002,Treylon Burks,11.10,33,Thu,10,11,2022-11-17,22-239,TEN,@,GNB,W 27-17,11.10,18.10,21.1,14.6,33,50.0,0,0.0,0,0.0,WR,BurkTr00
1003,Stefon Diggs,11.10,45,Sun,3,3,2023-09-24,29-299,BUF,@,WAS,W 37-3,11.10,19.10,22.1,15.1,45,66.2,0,0.0,0,0.0,WR,DiggSt00
1004,Zay Flowers,11.10,63,Sun,6,6,2023-10-15,23-034,BAL,@,TEN,W 24-16,11.10,17.10,17.1,14.1,63,88.7,0,0.0,1,3.2,WR,FlowZa00
1005,Cooper Kupp,11.10,42,Thu,7,8,2024-10-24,31-131,LAR,,MIN,W 30-20,11.10,16.10,16.1,13.6,42,58.3,0,0.0,1,4.0,WR,KuppCo00
1006,Malik Nabers,11.10,62,Thu,4,4,2024-09-26,21-060,NYG,,DAL,L 15-20,11.10,23.10,26.1,17.1,62,89.9,0,0.0,0,0.0,WR,NabeMa00
1007,Puka Nacua,11.10,41,Thu,7,8,2024-10-24,23-148,LAR,,MIN,W 30-20,11.10,18.10,21.1,14.6,41,56.9,0,0.0,1,4.0,WR,NacuPu00
1008,Dante Pettis,11.10,23,Sun,1,1,2022-09-11,26-323,CHI,,SFO,W 19-10,11.10,12.10,12.1,11.6,23,39.7,0,0.0,5,20.8,WR,PettDa00
1009,Josh Reynolds,11.10,43,Sun,13,14,2022-12-11,27-298,DET,,MIN,W 34-23,11.10,16.10,16.1,13.6,43,61.4,0,0.0,0,0.0,WR,ReynJo00
1010,DeVonta Smith,11.10,58,Sun,9,9,2023-11-05,24-356,PHI,,DAL,W 28-23,11.10,14.10,14.1,12.6,58,93.5,0,0.0,0,0.0,WR,SmitDe07
1011,Ihmir Smith-Marsette,11.10,21,Sun,15,16,2023-12-24,24-117,CAR,,GNB,L 30-33,11.10,12.10,12.1,11.6,21,31.8,0,0.0,10,33.3,WR,SmitIh00
1012,Courtland Sutton,11.10,59,Sun,3,3,2023-09-24,27-349,DEN,@,MIA,L 20-70,11.10,19.10,21.1,15.1,59,95.2,0,0.0,0,0.0,WR,SuttCo00
1013,Marquez Valdes-Scantling,11.10,35,Sun,7,7,2022-10-23,28-013,KAN,@,SFO,W 44-23,11.10,14.10,17.1,12.6,35,54.7,0,0.0,0,0.0,WR,ValdMa00
1014,Jaylen Waddle,11.10,32,Sun,3,3,2022-09-25,23-304,MIA,,BUF,W 21-19,11.10,15.10,18.1,13.1,32,74.4,0,0.0,0,0.0,WR,WaddJa00
1015,Jaylen Waddle,11.10,46,Sun,6,6,2023-10-15,24-324,MIA,,CAR,W 42-21,11.10,18.10,18.1,14.6,46,68.7,0,0.0,1,3.3,WR,WaddJa00
1016,Nick Westbrook-Ikhine,11.10,55,Sun,4,4,2023-10-01,26-194,TEN,,CIN,W 27-3,11.10,16.10,16.1,13.6,55,83.3,0,0.0,6,28.6,WR,WestNi00
1017,Garrett Wilson,11.10,62,Sun,13,14,2023-12-10,23-141,NYJ,,HOU,W 30-6,11.10,20.10,23.1,15.6,62,91.2,0,0.0,0,0.0,WR,WilsGa00
1018,Brandon Aiyuk,11.00,59,Thu,11,12,2023-11-23,25-251,SFO,@,SEA,W 31-13,11.00,13.00,13.0,12.0,59,89.4,0,0.0,0,0.0,WR,AiyuBr00
1019,Keelan Cole,11.00,16,Sun,14,15,2022-12-18,29-242,LVR,,NWE,W 30-24,11.00,13.00,13.0,12.0,16,23.5,0,0.0,0,0.0,WR,ColeKe00
1020,Brandin Cooks,11.00,50,Mon,6,6,2023-10-16,30-021,DAL,@,LAC,W 20-17,11.00,15.00,15.0,13.0,50,78.1,0,0.0,0,0.0,WR,CookBr00
1021,Tee Higgins,11.00,58,Sun,8,9,2023-11-05,24-291,CIN,,BUF,W 24-18,11.00,19.00,22.0,15.0,58,82.9,0,0.0,0,0.0,WR,HiggTe00
1022,Jerry Jeudy,11.00,42,Sun,8,8,2023-10-29,24-188,DEN,,KAN,W 24-9,11.00,13.00,13.0,12.0,42,59.2,0,0.0,0,0.0,WR,JeudJe00
1023,Jakobi Meyers,11.00,61,Sun,7,7,2023-10-22,26-347,LVR,@,CHI,L 12-30,11.00,18.00,18.0,14.5,61,93.8,0,0.0,0,0.0,WR,MeyeJa01
1024,Jayden Reed,11.00,41,Thu,11,12,2023-11-23,23-209,GNB,@,DET,W 29-22,11.00,15.00,15.0,13.0,41,73.2,0,0.0,3,13.0,WR,ReedJa03
1025,Devaughn Vele,11.00,38,Sun,17,18,2025-01-05,27-024,DEN,,KAN,W 38-0,11.00,15.00,15.0,13.0,38,51.4,0,0.0,0,0.0,WR,VeleDe00
1026,Justin Watson,11.00,14,Thu,2,2,2022-09-15,26-164,KAN,,LAC,W 27-24,11.00,13.00,13.0,12.0,14,24.6,0,0.0,10,31.3,WR,WatsJu01
1027,Nick Westbrook-Ikhine,11.00,75,Sun,8,9,2024-11-03,27-227,TEN,,NWE,W 20-17 (OT),11.00,16.00,16.0,13.5,75,97.4,0,0.0,6,23.1,WR,WestNi00
1028,Christian Kirk,10.96,54,Sun,2,2,2023-09-17,26-303,JAX,,KAN,L 9-17,10.96,21.96,25.0,16.5,54,80.6,0,0.0,0,0.0,WR,KirkCh01
1029,Brandon Aiyuk,10.90,54,Sun,8,8,2023-10-29,25-226,SFO,,CIN,L 17-31,10.90,15.90,18.9,13.4,54,91.5,0,0.0,0,0.0,WR,AiyuBr00
1030,Keenan Allen,10.90,59,Sun,11,12,2022-11-27,30-214,LAC,@,ARI,W 25-24,10.90,15.90,15.9,13.4,59,89.4,0,0.0,0,0.0,WR,AlleKe00
1031,A.J. Brown,10.90,50,Sun,9,10,2024-11-10,27-133,PHI,@,DAL,W 34-6,10.90,15.90,18.9,13.4,50,73.5,0,0.0,0,0.0,WR,BrowAJ00
1032,Keon Coleman,10.90,38,Sun,5,5,2024-10-06,21-142,BUF,@,HOU,L 20-23,10.90,11.90,11.9,11.4,38,62.3,0,0.0,0,0.0,WR,ColeKe02
1033,Nico Collins,10.90,50,Sun,9,10,2022-11-13,23-239,HOU,@,NYG,L 16-24,10.90,15.90,15.9,13.4,50,78.1,0,0.0,0,0.0,WR,CollNi00
1034,Tee Higgins,10.90,52,Mon,8,8,2022-10-31,23-286,CIN,@,CLE,L 13-32,10.90,13.90,13.9,12.4,52,98.1,0,0.0,0,0.0,WR,HiggTe00
1035,Jalin Hyatt,10.90,31,Sun,12,12,2023-11-26,22-062,NYG,,NWE,W 10-7,10.90,15.90,18.9,13.4,31,59.6,0,0.0,0,0.0,WR,HyatJa00
1036,Jauan Jennings,10.90,29,Sun,11,12,2022-11-27,25-140,SFO,,NOR,W 13-0,10.90,16.90,16.9,13.9,29,41.4,0,0.0,2,11.8,WR,JennJa00
1037,Christian Kirk,10.90,45,Sun,6,6,2023-10-15,26-331,JAX,,IND,W 37-20,10.90,13.90,13.9,12.4,45,70.3,0,0.0,2,6.5,WR,KirkCh01
1038,Tay Martin,10.90,4,Sun,17,18,2025-01-05,27-022,TEN,,HOU,L 14-23,10.90,11.90,11.9,11.4,4,6.5,0,0.0,3,13.0,WR,MartTa00
1039,Jakobi Meyers,10.90,49,Sun,16,17,2023-01-01,26-053,NWE,,MIA,W 23-21,10.90,16.90,16.9,13.9,49,81.7,0,0.0,0,0.0,WR,MeyeJa01
1040,Alec Pierce,10.90,53,Sun,6,6,2022-10-16,22-167,IND,,JAX,W 34-27,10.90,13.90,13.9,12.4,53,65.4,0,0.0,0,0.0,WR,PierAl00
1041,Michael Pittman Jr.,10.90,78,Sun,6,6,2023-10-15,26-010,IND,@,JAX,L 20-37,10.90,19.90,22.9,15.4,78,100.0,0,0.0,0,0.0,WR,PittMi01
1042,Demarcus Robinson,10.90,34,Sun,12,13,2024-12-01,30-071,LAR,@,NOR,W 21-14,10.90,12.90,12.9,11.9,34,60.7,0,0.0,0,0.0,WR,RobiDe01
1043,Khalil Shakir,10.90,44,Sun,8,8,2024-10-27,24-267,BUF,@,SEA,W 31-10,10.90,19.90,22.9,15.4,44,57.9,0,0.0,0,0.0,WR,ShakKh00
1044,Amon-Ra St. Brown,10.90,46,Sun,12,13,2023-12-03,24-040,DET,@,NOR,W 33-28,10.90,12.90,12.9,11.9,46,79.3,0,0.0,0,0.0,WR,StxxAm00
1045,Jalen Tolbert,10.90,31,Sun,8,9,2023-11-05,24-251,DAL,@,PHI,L 23-28,10.90,13.90,13.9,12.4,31,41.3,0,0.0,21,87.5,WR,TolbJa00
1046,Jaylen Waddle,10.90,62,Sun,6,6,2022-10-16,23-325,MIA,,MIN,L 16-24,10.90,16.90,20.9,13.9,62,79.5,0,0.0,0,0.0,WR,WaddJa00
1047,DJ Chark,10.80,49,Sat,15,16,2022-12-24,26-092,DET,@,CAR,L 23-37,10.80,14.80,17.8,12.8,49,74.2,0,0.0,0,0.0,WR,CharDJ00
1048,Amari Cooper,10.80,64,Sun,5,6,2023-10-15,29-120,CLE,,SFO,W 19-17,10.80,14.80,17.8,12.8,64,84.2,0,0.0,0,0.0,WR,CoopAm00
1049,Stefon Diggs,10.80,43,Sun,10,11,2022-11-20,28-356,BUF,,CLE,W 31-23,10.80,14.80,14.8,12.8,43,66.2,0,0.0,2,6.7,WR,DiggSt00
1050,Michael Gallup,10.80,40,Sun,13,14,2023-12-10,27-281,DAL,,PHI,W 33-13,10.80,13.80,13.8,12.3,40,48.8,0,0.0,0,0.0,WR,GallMi00
1051,Richie James,10.80,17,Sun,10,11,2022-11-20,27-076,NYG,,DET,L 18-31,10.80,13.80,13.8,12.3,17,22.4,0,0.0,6,23.1,WR,JameRi00
1052,Jerry Jeudy,10.80,59,Sun,14,15,2024-12-15,25-235,CLE,,KAN,L 7-21,10.80,21.80,24.8,16.3,59,95.2,0,0.0,0,0.0,WR,JeudJe00
1053,Quentin Johnston,10.80,55,Sun,10,11,2024-11-17,23-072,LAC,,CIN,W 34-27,10.80,12.80,12.8,11.8,55,82.1,0,0.0,0,0.0,WR,JohnQu02
1054,Quentin Johnston,10.80,48,Sun,13,14,2024-12-08,23-093,LAC,@,KAN,L 17-19,10.80,15.80,15.8,13.3,48,80.0,0,0.0,0,0.0,WR,JohnQu02
1055,CeeDee Lamb,10.80,44,Sun,4,4,2023-10-01,24-176,DAL,,NWE,W 38-3,10.80,14.80,14.8,12.8,44,62.9,0,0.0,0,0.0,WR,LambCe00
1056,Allen Lazard,10.80,61,Thu,3,3,2024-09-19,28-283,NYJ,,NWE,W 24-3,10.80,13.80,13.8,12.3,61,83.6,0,0.0,0,0.0,WR,LazaAl00
1057,D.J. Montgomery,10.80,42,Sat,14,15,2023-12-16,27-029,IND,,PIT,W 30-13,10.80,12.80,12.8,11.8,42,62.7,0,0.0,4,15.4,WR,MontDJ01
1058,Puka Nacua,10.80,50,Thu,14,15,2024-12-12,23-197,LAR,@,SFO,W 12-6,10.80,17.80,17.8,14.3,50,76.9,0,0.0,0,0.0,WR,NacuPu00
1059,Anthony Schwartz,10.80,11,Sun,11,12,2022-11-27,22-083,CLE,,TAM,W 23-17 (OT),10.80,11.80,11.8,11.3,11,13.9,0,0.0,16,51.6,WR,SchwAn00
1060,Darius Slayton,10.80,72,Mon,8,8,2024-10-28,27-290,NYG,@,PIT,L 18-26,10.80,14.80,17.8,12.8,72,100.0,0,0.0,0,0.0,WR,SlayDa01
1061,Jaxon Smith-Njigba,10.80,42,Mon,14,15,2023-12-18,21-307,SEA,,PHI,W 20-17,10.80,14.80,14.8,12.8,42,68.9,0,0.0,0,0.0,WR,SmitJa06
1062,Amon-Ra St. Brown,10.80,79,Mon,8,8,2023-10-30,24-006,DET,,LVR,W 26-14,10.80,16.80,19.8,13.8,79,91.9,0,0.0,0,0.0,WR,StxxAm00
1063,Nick Westbrook-Ikhine,10.80,60,Sun,11,12,2024-11-24,27-248,TEN,@,HOU,W 32-27,10.80,12.80,12.8,11.8,60,89.6,0,0.0,1,2.9,WR,WestNi00
1064,Dontayvion Wicks,10.80,24,Sun,7,7,2024-10-20,23-126,GNB,,HOU,W 24-22,10.80,13.80,13.8,12.3,24,41.4,0,0.0,0,0.0,WR,WickDo00
1065,Justin Jefferson,10.70,49,Sun,6,6,2022-10-16,23-122,MIN,@,MIA,W 24-16,10.70,16.70,19.7,13.7,49,94.2,0,0.0,0,0.0,WR,JeffJu00
1066,Tyler Lockett,10.70,45,Sun,2,2,2022-09-18,29-355,SEA,@,SFO,L 7-27,10.70,19.70,22.7,15.2,45,91.8,0,0.0,3,13.0,WR,LockTy00
1067,D.K. Metcalf,10.70,48,Sun,1,1,2023-09-10,25-270,SEA,,LAR,L 13-30,10.70,13.70,13.7,12.2,48,94.1,0,0.0,0,0.0,WR,MetcDK00
1068,Chris Olave,10.70,58,Sun,8,8,2024-10-27,24-122,NOR,@,LAC,L 8-26,10.70,18.70,21.7,14.7,58,79.5,0,0.0,0,0.0,WR,OlavCh00
1069,George Pickens,10.70,53,Sun,6,7,2023-10-22,22-232,PIT,@,LAR,W 24-17,10.70,15.70,18.7,13.2,53,89.8,0,0.0,0,0.0,WR,PickGe00
1070,Michael Pittman Jr.,10.70,70,Sun,11,12,2023-11-26,26-052,IND,,TAM,W 27-20,10.70,20.70,23.7,15.7,70,95.9,0,0.0,0,0.0,WR,PittMi01
1071,Allen Robinson,10.70,53,Sun,10,11,2022-11-20,29-088,LAR,@,NOR,L 20-27,10.70,14.70,14.7,12.7,53,82.8,0,0.0,0,0.0,WR,RobiAl02
1072,DeVonta Smith,10.70,65,Sun,1,1,2023-09-10,24-300,PHI,@,NWE,W 25-20,10.70,17.70,17.7,14.2,65,98.5,0,0.0,1,3.4,WR,SmitDe07
1073,Brian Thomas,10.70,41,Sun,1,1,2024-09-08,21-336,JAX,@,MIA,L 17-20,10.70,14.70,14.7,12.7,41,77.4,0,0.0,0,0.0,WR,ThomBr06
1074,Davante Adams,10.60,62,Sun,17,18,2024-01-07,31-014,LVR,,DEN,W 27-14,10.60,15.60,15.6,13.1,62,93.9,0,0.0,0,0.0,WR,AdamDa01
1075,Brandon Aiyuk,10.60,51,Sun,12,13,2023-12-03,25-261,SFO,@,PHI,W 42-19,10.60,15.60,15.6,13.1,51,86.4,0,0.0,1,3.8,WR,AiyuBr00
1076,Brandon Aiyuk,10.60,49,Sun,13,14,2023-12-10,25-268,SFO,,SEA,W 28-16,10.60,16.60,20.6,13.6,49,90.7,0,0.0,0,0.0,WR,AiyuBr00
1077,Tyler Boyd,10.60,54,Sun,7,8,2023-10-29,28-348,CIN,@,SFO,W 31-17,10.60,13.60,13.6,12.1,54,85.7,0,0.0,0,0.0,WR,BoydTy00
1078,Demario Douglas,10.60,49,Sat,16,17,2024-12-28,24-020,NWE,,LAC,L 7-40,10.60,14.60,14.6,12.6,49,92.5,0,0.0,0,0.0,WR,DougDe00
1079,DeAndre Hopkins,10.60,43,Sun,17,18,2024-01-07,31-215,TEN,,JAX,W 28-20,10.60,17.60,17.6,14.1,43,78.2,0,0.0,0,0.0,WR,HopkDe00
1080,CeeDee Lamb,10.60,66,Mon,10,11,2024-11-18,25-224,DAL,,HOU,L 10-34,10.60,18.60,18.6,14.6,66,79.5,0,0.0,0,0.0,WR,LambCe00
1081,Drake London,10.60,62,Sun,16,17,2024-12-29,23-158,ATL,@,WAS,L 24-30 (OT),10.60,17.60,20.6,14.1,62,96.9,0,0.0,0,0.0,WR,LondDr00
1082,Terry McLaurin,10.60,58,Sun,8,8,2022-10-30,27-045,WAS,@,IND,W 17-16,10.60,16.60,19.6,13.6,58,95.1,0,0.0,0,0.0,WR,McLaTe00
1083,D.K. Metcalf,10.60,47,Sun,16,17,2023-12-31,26-017,SEA,,PIT,L 23-30,10.60,15.60,18.6,13.1,47,95.9,0,0.0,0,0.0,WR,MetcDK00
1084,Chris Olave,10.60,55,Thu,7,7,2022-10-20,22-115,NOR,@,ARI,L 34-42,10.60,17.60,20.6,14.1,55,76.4,0,0.0,0,0.0,WR,OlavCh00
1085,Chris Olave,10.60,45,Sun,9,9,2023-11-05,23-131,NOR,,CHI,W 24-17,10.60,16.60,16.6,13.6,45,71.4,0,0.0,0,0.0,WR,OlavCh00
1086,Josh Palmer,10.60,63,Sun,8,9,2022-11-06,23-045,LAC,@,ATL,W 20-17,10.60,18.60,21.6,14.6,63,91.3,0,0.0,0,0.0,WR,PalmJo00
1087,Josh Palmer,10.60,40,Sun,3,3,2023-09-24,24-002,LAC,@,MIN,W 28-24,10.60,14.60,15.6,12.6,40,60.6,0,0.0,0,0.0,WR,PalmJo00
1088,Demarcus Robinson,10.60,66,Sun,13,14,2023-12-10,29-080,LAR,@,BAL,L 31-37 (OT),10.60,13.60,13.6,12.1,66,85.7,0,0.0,0,0.0,WR,RobiDe01
1089,Deebo Samuel,10.60,56,Sun,1,1,2022-09-11,26-239,SFO,@,CHI,L 10-19,10.60,12.60,13.6,11.6,56,82.4,0,0.0,0,0.0,WR,SamuDe00
1090,Amon-Ra St. Brown,10.60,66,Sun,3,3,2023-09-24,23-335,DET,,ATL,W 20-6,10.60,19.60,22.6,15.1,66,94.3,0,0.0,1,3.7,WR,StxxAm00
1091,Courtland Sutton,10.60,49,Thu,6,6,2023-10-12,28-002,DEN,@,KAN,L 8-19,10.60,14.60,14.6,12.6,49,94.2,0,0.0,0,0.0,WR,SuttCo00
1092,Garrett Wilson,10.60,57,Sun,7,8,2023-10-29,23-099,NYJ,@,NYG,W 13-10 (OT),10.60,17.60,20.6,14.1,57,89.1,0,0.0,0,0.0,WR,WilsGa00
1093,Garrett Wilson,10.60,52,Sun,16,17,2024-12-29,24-160,NYJ,@,BUF,L 14-40,10.60,17.60,18.6,14.1,52,82.5,0,0.0,0,0.0,WR,WilsGa00
1094,Davante Adams,10.50,71,Sun,4,4,2022-10-02,29-282,LVR,,DEN,W 32-23,10.50,19.50,22.5,15.0,71,94.7,0,0.0,0,0.0,WR,AdamDa01
1095,Brandin Cooks,10.50,50,Sun,1,1,2024-09-08,30-349,DAL,@,CLE,W 33-17,10.50,14.50,14.5,12.5,50,79.4,0,0.0,0,0.0,WR,CookBr00
1096,Phillip Dorsett,10.50,35,Sun,6,7,2022-10-23,29-291,HOU,@,LVR,L 20-38,10.50,12.50,12.5,11.5,35,53.8,0,0.0,0,0.0,WR,DorsPh00
1097,Greg Dortch,10.50,48,Sun,15,16,2023-12-24,25-209,ARI,@,CHI,L 16-27,10.50,12.50,12.5,11.5,48,78.7,0,0.0,12,41.4,WR,DortGr01
1098,Marvin Harrison Jr.,10.50,54,Sun,4,4,2024-09-29,22-049,ARI,,WAS,L 14-42,10.50,15.50,15.5,13.0,54,91.5,0,0.0,0,0.0,WR,HarrMa09
1099,Tyreek Hill,10.50,53,Sun,16,17,2024-12-29,30-303,MIA,@,CLE,W 20-3,10.50,19.50,22.5,15.0,53,88.3,0,0.0,3,13.0,WR,HillTy00
1100,Quentin Johnston,10.50,38,Sun,14,15,2024-12-15,23-100,LAC,,TAM,L 17-40,10.50,15.50,15.5,13.0,38,73.1,0,0.0,0,0.0,WR,JohnQu02
1101,CeeDee Lamb,10.50,57,Sun,10,11,2023-11-19,24-225,DAL,@,CAR,W 33-10,10.50,16.50,16.5,13.5,57,79.2,0,0.0,0,0.0,WR,LambCe00
1102,CeeDee Lamb,10.50,33,Sun,15,16,2024-12-22,25-258,DAL,,TAM,W 26-24,10.50,17.50,20.5,14.0,33,55.0,0,0.0,0,0.0,WR,LambCe00
1103,Allen Lazard,10.50,56,Sun,3,3,2022-09-25,26-288,GNB,@,TAM,W 14-12,10.50,14.50,14.5,12.5,56,90.3,0,0.0,1,4.0,WR,LazaAl00
1104,Bub Means,10.50,50,Sun,6,6,2024-10-13,23-277,NOR,,TAM,L 27-51,10.50,15.50,15.5,13.0,50,71.4,0,0.0,0,0.0,WR,MeanBu00
1105,Jakobi Meyers,10.50,59,Sun,9,9,2024-11-03,27-360,LVR,@,CIN,L 24-41,10.50,18.50,21.5,14.5,59,96.7,0,0.0,0,0.0,WR,MeyeJa01
1106,Darnell Mooney,10.50,64,Sun,9,9,2022-11-06,25-008,CHI,,MIA,L 32-35,10.50,17.50,17.5,14.0,64,86.5,0,0.0,0,0.0,WR,MoonDa00
1107,Chris Moore,10.50,44,Thu,8,9,2022-11-03,29-140,HOU,,PHI,L 17-29,10.50,14.50,14.5,12.5,44,73.3,0,0.0,0,0.0,WR,MoorCh00
1108,Breshad Perriman,10.50,50,Sun,2,2,2022-09-18,29-008,TAM,@,NOR,W 20-10,10.50,13.50,13.5,12.0,50,74.6,0,0.0,1,3.8,WR,PerrBr02
1109,Khalil Shakir,10.50,60,Sun,17,18,2024-01-07,23-338,BUF,@,MIA,W 21-14,10.50,16.50,19.5,13.5,60,76.9,0,0.0,5,27.8,WR,ShakKh00
1110,Tre'Quan Smith,10.50,42,Sun,3,3,2022-09-25,26-261,NOR,@,CAR,L 14-22,10.50,14.50,17.5,12.5,42,60.9,0,0.0,7,24.1,WR,SmitTr03
1111,Keenan Allen,10.40,57,Mon,15,16,2022-12-26,30-243,LAC,@,IND,W 20-3,10.40,21.40,24.4,15.9,57,83.8,0,0.0,0,0.0,WR,AlleKe00
1112,Amari Cooper,10.40,53,Sun,6,6,2022-10-16,28-121,CLE,,NWE,L 15-38,10.40,14.40,14.4,12.4,53,75.7,0,0.0,0,0.0,WR,CoopAm00
1113,Tyreek Hill,10.40,49,Sun,10,10,2022-11-13,28-257,MIA,,CLE,W 39-17,10.40,15.40,15.4,12.9,49,71.0,0,0.0,0,0.0,WR,HillTy00
1114,Isaiah Hodgins,10.40,53,Sun,12,13,2022-12-04,24-044,NYG,,WAS,T 20-20 (OT),10.40,15.40,15.4,12.9,53,80.3,0,0.0,0,0.0,WR,HodgIs00
1115,Mack Hollins,10.40,56,Sun,6,7,2022-10-23,29-037,LVR,,HOU,W 38-20,10.40,12.40,12.4,11.4,56,100.0,0,0.0,3,11.1,WR,HollMa00
1116,Van Jefferson,10.40,62,Thu,13,14,2022-12-08,26-135,LAR,,LVR,W 17-16,10.40,12.40,12.4,11.4,62,96.9,0,0.0,0,0.0,WR,JeffVa00
1117,Jauan Jennings,10.40,29,Sun,12,13,2023-12-03,26-146,SFO,@,PHI,W 42-19,10.40,13.40,13.4,11.9,29,49.2,0,0.0,4,15.4,WR,JennJa00
1118,Quentin Johnston,10.40,37,Sun,3,3,2024-09-22,23-016,LAC,@,PIT,L 10-20,10.40,12.40,12.4,11.4,37,80.4,0,0.0,0,0.0,WR,JohnQu02
1119,Marvin Jones,10.40,65,Sun,5,5,2022-10-09,32-211,JAX,,HOU,L 6-13,10.40,17.40,20.4,13.9,65,86.7,0,0.0,0,0.0,WR,JoneMa02
1120,Christian Kirk,10.40,48,Sun,12,13,2022-12-04,26-016,JAX,@,DET,L 14-40,10.40,16.40,19.4,13.4,48,85.7,0,0.0,0,0.0,WR,KirkCh01
1121,Cooper Kupp,10.40,71,Sun,8,9,2024-11-03,31-141,LAR,@,SEA,W 26-20 (OT),10.40,21.40,24.4,15.9,71,92.2,0,0.0,0,0.0,WR,KuppCo00
1122,D.J. Moore,10.40,48,Sun,2,2,2023-09-17,26-156,CHI,@,TAM,L 17-27,10.40,16.40,19.4,13.4,48,90.6,0,0.0,0,0.0,WR,MoorD.00
1123,Elijah Moore,10.40,65,Sun,9,10,2023-11-12,23-230,CLE,@,BAL,W 33-31,10.40,15.40,15.4,12.9,65,83.3,0,0.0,0,0.0,WR,MoorEl00
1124,Rome Odunze,10.40,65,Sun,8,9,2024-11-03,22-153,CHI,@,ARI,L 9-29,10.40,15.40,18.4,12.9,65,87.8,0,0.0,0,0.0,WR,OdunRo00
1125,Chris Olave,10.40,49,Sun,3,3,2023-09-24,23-089,NOR,@,GNB,L 17-18,10.40,18.40,21.4,14.4,49,80.3,0,0.0,0,0.0,WR,OlavCh00
1126,Donovan Peoples-Jones,10.40,60,Sun,12,13,2022-12-04,23-288,CLE,@,HOU,W 27-14,10.40,13.40,13.4,11.9,60,95.2,0,0.0,8,25.8,WR,PeopDo00
1127,Josh Reynolds,10.40,36,Sun,13,14,2023-12-10,28-297,DET,@,CHI,L 13-28,10.40,13.40,13.4,11.9,36,55.4,0,0.0,0,0.0,WR,ReynJo00
1128,Wan'Dale Robinson,10.40,55,Sun,10,11,2022-11-20,21-319,NYG,,DET,L 18-31,10.40,19.40,22.4,14.9,55,72.4,0,0.0,0,0.0,WR,RobiWa01
1129,Deebo Samuel,10.40,27,Sun,13,14,2022-12-11,26-330,SFO,,TAM,W 35-7,10.40,14.40,15.4,12.4,27,42.9,0,0.0,0,0.0,WR,SamuDe00
1130,Rashid Shaheed,10.40,9,Sun,6,6,2022-10-16,24-046,NOR,,CIN,L 26-30,10.40,10.40,10.4,10.4,9,12.5,0,0.0,8,27.6,WR,ShahRa00
1131,DeVonta Smith,10.40,63,Sun,6,6,2022-10-16,23-336,PHI,,DAL,W 26-17,10.40,15.40,15.4,12.9,63,88.7,0,0.0,0,0.0,WR,SmitDe07
1132,Kadarius Toney,10.40,18,Sat,17,18,2023-01-07,23-345,KAN,@,LVR,W 31-13,10.40,12.40,12.4,11.4,18,30.5,0,0.0,3,13.0,WR,ToneKa00
1133,Tre Tucker,10.40,50,Sun,4,4,2024-09-29,23-205,LVR,,CLE,W 20-16,10.40,15.40,15.4,12.9,50,84.7,0,0.0,3,11.5,WR,TuckTr00
1134,Jameson Williams,10.40,40,Sun,10,11,2023-11-19,22-238,DET,,CHI,W 31-26,10.40,12.40,12.4,11.4,40,64.5,0,0.0,0,0.0,WR,WillJa11
1135,Garrett Wilson,10.40,55,Fri,11,12,2023-11-24,23-125,NYJ,,MIA,L 13-34,10.40,17.40,17.4,13.9,55,94.8,0,0.0,0,0.0,WR,WilsGa00
1136,Rashod Bateman,10.30,37,Mon,12,12,2024-11-25,24-362,BAL,@,LAC,W 30-23,10.30,12.30,12.3,11.3,37,56.9,0,0.0,0,0.0,WR,BateRa00
1137,Kendrick Bourne,10.30,56,Sun,7,7,2023-10-22,28-079,NWE,,BUF,W 29-25,10.30,16.30,17.3,13.3,56,93.3,0,0.0,0,0.0,WR,BourKe00
1138,A.J. Brown,10.30,65,Sat,15,16,2022-12-24,25-177,PHI,@,DAL,L 34-40,10.30,16.30,19.3,13.3,65,91.5,0,0.0,0,0.0,WR,BrowAJ00
1139,Marquise Brown,10.30,62,Sun,1,1,2022-09-11,25-099,ARI,,KAN,L 21-44,10.30,14.30,14.3,12.3,62,95.4,0,0.0,0,0.0,WR,BrowMa04
1140,Greg Dortch,10.30,66,Mon,11,11,2022-11-21,24-176,ARI,,SFO,L 10-38,10.30,19.30,22.3,14.8,66,93.0,0,0.0,11,42.3,WR,DortGr01
1141,Jahan Dotson,10.30,44,Sun,4,4,2022-10-02,22-194,WAS,@,DAL,L 10-25,10.30,13.30,13.3,11.8,44,59.5,0,0.0,0,0.0,WR,DotsJa00
1142,Mike Evans,10.30,56,Sun,10,11,2023-11-19,30-090,TAM,@,SFO,L 14-27,10.30,15.30,15.3,12.8,56,78.9,0,0.0,0,0.0,WR,EvanMi00
1143,Zay Flowers,10.30,54,Sat,15,16,2024-12-21,24-101,BAL,,PIT,W 34-17,10.30,15.30,18.3,12.8,54,87.1,0,0.0,0,0.0,WR,FlowZa00
1144,Tyreek Hill,10.30,40,Sun,15,16,2022-12-25,28-299,MIA,,GNB,L 20-26,10.30,14.30,17.3,12.3,40,80.0,0,0.0,0,0.0,WR,HillTy00
1145,DeAndre Hopkins,10.30,61,Thu,7,7,2022-10-20,30-136,ARI,,NOR,W 42-34,10.30,20.30,23.3,15.3,61,92.4,0,0.0,0,0.0,WR,HopkDe00
1146,Tyler Lockett,10.30,44,Sun,8,8,2022-10-30,30-032,SEA,,NYG,W 27-13,10.30,15.30,16.3,12.8,44,68.8,0,0.0,0,0.0,WR,LockTy00
1147,D.J. Moore,10.30,56,Sun,2,2,2022-09-18,25-157,CAR,@,NYG,L 16-19,10.30,13.30,13.3,11.8,56,96.6,0,0.0,0,0.0,WR,MoorD.00
1148,Rashee Rice,10.30,42,Thu,1,1,2024-09-05,24-136,KAN,,BAL,W 27-20,10.30,17.30,20.3,13.8,42,77.8,0,0.0,0,0.0,WR,RiceRa01
1149,Tre'Quan Smith,10.30,51,Sun,6,6,2022-10-16,26-282,NOR,,CIN,L 26-30,10.30,13.30,13.3,11.8,51,70.8,0,0.0,0,0.0,WR,SmitTr03
1150,Adam Thielen,10.30,40,Sun,15,16,2024-12-22,34-122,CAR,,ARI,W 36-30 (OT),10.30,15.30,15.3,12.8,40,58.8,0,0.0,0,0.0,WR,ThieAd00
1151,Brian Thomas,10.30,62,Sun,17,18,2025-01-05,22-089,JAX,@,IND,L 23-26 (OT),10.30,17.30,20.3,13.8,62,89.9,0,0.0,0,0.0,WR,ThomBr06
1152,John Brown,10.20,7,Sun,16,18,2023-01-08,32-280,BUF,,NWE,W 35-23,10.20,11.20,11.2,10.7,7,11.9,0,0.0,0,0.0,WR,BrowJo02
1153,DJ Chark,10.20,70,Sun,5,5,2023-10-08,27-015,CAR,@,DET,L 24-42,10.20,13.20,13.2,11.7,70,98.6,0,0.0,0,0.0,WR,CharDJ00
1154,Ja'Marr Chase,10.20,88,Sat,16,17,2024-12-28,24-302,CIN,,DEN,W 30-24 (OT),10.20,19.20,22.2,14.7,88,97.8,0,0.0,0,0.0,WR,ChasJa00
1155,Brandin Cooks,10.20,57,Sun,17,18,2024-01-07,30-104,DAL,@,WAS,W 38-10,10.20,16.20,16.2,13.2,57,79.2,0,0.0,0,0.0,WR,CookBr00
1156,Devin Duvernay,10.20,32,Sun,2,2,2022-09-18,25-006,BAL,,MIA,L 38-42,10.20,12.20,12.2,11.2,32,54.2,0,0.0,8,26.7,WR,DuveDe00
1157,Mecole Hardman,10.20,30,Sun,6,6,2022-10-16,24-218,KAN,,BUF,L 20-24,10.20,13.20,13.2,11.7,30,44.8,0,0.0,1,4.3,WR,HardMe00
1158,Isaiah Hodgins,10.20,51,Sun,16,17,2023-01-01,24-072,NYG,,IND,W 38-10,10.20,14.20,14.2,12.2,51,81.0,0,0.0,0,0.0,WR,HodgIs00
1159,Trenton Irwin,10.20,46,Sun,10,11,2022-11-20,26-345,CIN,@,PIT,W 37-30,10.20,13.20,13.2,11.7,46,69.7,0,0.0,0,0.0,WR,IrwiTr00
1160,Tyler Lockett,10.20,47,Sun,10,10,2022-11-13,30-046,SEA,@,TAM,L 16-21,10.20,13.20,13.2,11.7,47,90.4,0,0.0,0,0.0,WR,LockTy00
1161,Terry McLaurin,10.20,68,Sun,3,3,2022-09-25,27-010,WAS,,PHI,L 8-24,10.20,16.20,19.2,13.2,68,88.3,0,0.0,0,0.0,WR,McLaTe00
1162,George Pickens,10.20,45,Sun,4,4,2022-10-02,21-212,PIT,,NYJ,L 20-24,10.20,16.20,19.2,13.2,45,70.3,0,0.0,0,0.0,WR,PickGe00
1163,Hunter Renfrow,10.20,25,Sat,15,16,2022-12-24,27-003,LVR,@,PIT,L 10-13,10.20,14.20,14.2,12.2,25,47.2,0,0.0,3,13.6,WR,RenfHu00
1164,Curtis Samuel,10.20,32,Sun,6,6,2023-10-15,27-065,WAS,@,ATL,W 24-16,10.20,14.20,14.2,12.2,32,62.7,0,0.0,0,0.0,WR,SamuCu00
1165,Khalil Shakir,10.20,33,Sun,1,1,2024-09-08,24-218,BUF,,ARI,W 34-28,10.20,13.20,13.2,11.7,33,53.2,0,0.0,0,0.0,WR,ShakKh00
1166,Amon-Ra St. Brown,10.20,73,Sun,7,7,2023-10-22,23-363,DET,@,BAL,L 6-38,10.20,23.20,26.2,16.7,73,97.3,0,0.0,0,0.0,WR,StxxAm00
1167,Courtland Sutton,10.20,62,Mon,13,13,2024-12-02,29-053,DEN,,CLE,W 41-32,10.20,16.20,19.2,13.2,62,93.9,0,0.0,0,0.0,WR,SuttCo00
1168,Adam Thielen,10.20,53,Sun,13,14,2024-12-08,34-108,CAR,@,PHI,L 16-22,10.20,19.20,22.2,14.7,53,74.6,0,0.0,0,0.0,WR,ThieAd00
1169,Michael Thomas,10.20,75,Thu,7,7,2023-10-19,30-230,NOR,,JAX,L 24-31,10.20,13.20,13.2,11.7,75,83.3,0,0.0,0,0.0,WR,ThomMi05
1170,Jalen Tolbert,10.20,60,Sun,3,3,2024-09-22,25-208,DAL,,BAL,L 25-28,10.20,13.20,13.2,11.7,60,75.0,0,0.0,4,14.3,WR,TolbJa00
1171,David Bell,10.10,7,Sun,13,14,2023-12-10,22-361,CLE,,JAX,W 31-27,10.10,11.10,11.1,10.6,7,9.2,0,0.0,7,20.6,WR,BellDa02
1172,Dyami Brown,10.10,11,Sun,10,10,2023-11-12,24-011,WAS,@,SEA,L 26-29,10.10,12.10,12.1,11.1,11,18.0,0,0.0,4,11.4,WR,BrowDy00
1173,Jalen Guyton,10.10,57,Sun,9,10,2023-11-12,26-158,LAC,,DET,L 38-41,10.10,14.10,14.1,12.1,57,79.2,0,0.0,0,0.0,WR,GuytJa01
1174,Richie James,10.10,45,Thu,11,12,2022-11-24,27-080,NYG,@,DAL,L 20-28,10.10,15.10,15.1,12.6,45,70.3,0,0.0,1,4.3,WR,JameRi00
1175,Christian Kirk,10.10,67,Sun,7,7,2022-10-23,25-339,JAX,,NYG,L 17-23,10.10,17.10,17.1,13.6,67,94.4,0,0.0,2,9.1,WR,KirkCh01
1176,Allen Lazard,10.10,54,Sun,17,18,2023-01-08,27-028,GNB,,DET,L 16-20,10.10,14.10,14.1,12.1,54,90.0,0,0.0,0,0.0,WR,LazaAl00
1177,D.J. Moore,10.10,51,Sun,3,3,2023-09-24,26-163,CHI,@,KAN,L 10-41,10.10,13.10,13.1,11.6,51,100.0,0,0.0,0,0.0,WR,MoorD.00
1178,Puka Nacua,10.10,29,Sun,17,18,2024-01-07,22-223,LAR,@,SFO,W 21-20,10.10,14.10,14.1,12.1,29,43.3,0,0.0,0,0.0,WR,NacuPu00
1179,Michael Pittman Jr.,10.10,57,Sun,16,17,2023-01-01,25-088,IND,@,NYG,L 10-38,10.10,16.10,16.1,13.1,57,98.3,0,0.0,0,0.0,WR,PittMi01
1180,Adam Thielen,10.10,81,Sat,14,15,2022-12-17,32-117,MIN,,IND,W 39-36 (OT),10.10,13.10,13.1,11.6,81,90.0,0,0.0,0,0.0,WR,ThieAd00
1181,Cedric Tillman,10.10,69,Sun,7,7,2024-10-20,24-184,CLE,,CIN,L 14-21,10.10,18.10,18.1,14.1,69,82.1,0,0.0,1,3.6,WR,TillCe01
1182,Jameson Williams,10.10,13,Sun,13,14,2022-12-11,21-260,DET,,MIN,W 34-23,10.10,11.10,11.1,10.6,13,18.6,0,0.0,1,3.4,WR,WillJa11
1183,Odell Beckham Jr.,10.00,18,Sun,10,10,2023-11-12,31-007,BAL,,CLE,L 31-33,10.00,11.00,11.0,10.5,18,33.3,0,0.0,0,0.0,WR,BeckOd00
1184,River Cracraft,10.00,27,Sun,1,1,2023-09-10,28-313,MIA,@,LAC,W 36-34,10.00,13.00,13.0,11.5,27,40.3,0,0.0,0,0.0,WR,CracRi00
1185,Stefon Diggs,10.00,57,Sun,6,6,2023-10-15,29-320,BUF,,NYG,W 14-9,10.00,20.00,23.0,15.0,57,93.4,0,0.0,0,0.0,WR,DiggSt00
1186,Tyreek Hill,10.00,40,Sun,1,1,2022-09-11,28-194,MIA,,NWE,W 20-7,10.00,18.00,18.0,14.0,40,66.7,0,0.0,0,0.0,WR,HillTy00
1187,Tyreek Hill,10.00,54,Sun,2,2,2023-09-17,29-200,MIA,@,NWE,W 24-17,10.00,15.00,15.0,12.5,54,85.7,0,0.0,0,0.0,WR,HillTy00
1188,Isaiah Hodgins,10.00,51,Sun,2,2,2023-09-17,24-331,NYG,@,ARI,W 31-28,10.00,14.00,14.0,12.0,51,75.0,0,0.0,0,0.0,WR,HodgIs00
1189,Mack Hollins,10.00,60,Sun,14,15,2022-12-18,29-093,LVR,,NWE,W 30-24,10.00,14.00,14.0,12.0,60,88.2,1,1.5,3,9.4,WR,HollMa00
1190,Diontae Johnson,10.00,50,Sun,14,15,2022-12-18,26-166,PIT,@,CAR,W 24-16,10.00,20.00,20.0,15.0,50,73.5,0,0.0,1,4.0,WR,JohnDi01
1191,CeeDee Lamb,10.00,68,Thu,16,17,2022-12-29,23-265,DAL,@,TEN,W 27-13,10.00,21.00,24.0,15.5,68,85.0,0,0.0,0,0.0,WR,LambCe00
1192,Chris Olave,10.00,36,Sun,17,18,2023-01-08,22-195,NOR,,CAR,L 7-10,10.00,15.00,16.0,12.5,36,60.0,0,0.0,0,0.0,WR,OlavCh00
1193,Michael Pittman Jr.,10.00,70,Sun,8,8,2023-10-29,26-024,IND,,NOR,L 27-38,10.00,18.00,18.0,14.0,70,98.6,0,0.0,0,0.0,WR,PittMi01
1194,Wan'Dale Robinson,10.00,59,Sun,5,5,2024-10-06,23-275,NYG,@,SEA,W 29-20,10.00,16.00,16.0,13.0,59,81.9,0,0.0,0,0.0,WR,RobiWa01
1195,Curtis Samuel,10.00,43,Thu,12,12,2023-11-23,27-104,WAS,@,DAL,L 10-45,10.00,19.00,22.0,14.5,43,55.1,0,0.0,0,0.0,WR,SamuCu00
1196,Deebo Samuel,10.00,60,Sun,2,2,2024-09-15,28-244,SFO,@,MIN,L 17-23,10.00,18.00,21.0,14.0,60,85.7,0,0.0,5,21.7,WR,SamuDe00
1197,Adam Thielen,10.00,23,Sun,3,3,2024-09-22,34-031,CAR,@,LVR,W 36-22,10.00,13.00,13.0,11.5,23,31.1,0,0.0,0,0.0,WR,ThieAd00
1198,Dontayvion Wicks,10.00,25,Sun,2,2,2023-09-17,22-093,GNB,@,ATL,L 24-25,10.00,12.00,12.0,11.0,25,50.0,0,0.0,0,0.0,WR,WickDo00
1199,Stefon Diggs,9.92,57,Sun,3,3,2024-09-22,30-298,HOU,@,MIN,L 7-34,9.92,19.92,19.9,14.9,57,85.1,0,0.0,0,0.0,WR,DiggSt00
1200,Brandon Aiyuk,9.90,50,Sun,3,3,2022-09-25,24-192,SFO,@,DEN,L 10-11,9.90,12.90,12.9,11.4,50,89.3,0,0.0,0,0.0,WR,AiyuBr00
1201,Randall Cobb,9.90,40,Sun,5,5,2022-10-09,32-048,GNB,,NYG,L 22-27,9.90,16.90,16.9,13.4,40,63.5,0,0.0,0,0.0,WR,CobbRa00
1202,Mike Evans,9.90,58,Thu,7,8,2023-10-26,30-066,TAM,@,BUF,L 18-24,9.90,12.90,12.9,11.4,58,85.3,0,0.0,0,0.0,WR,EvanMi00
1203,Zay Flowers,9.90,51,Sun,11,11,2024-11-17,24-067,BAL,@,PIT,L 16-18,9.90,11.90,11.9,10.9,51,83.6,0,0.0,0,0.0,WR,FlowZa00
1204,Tyreek Hill,9.90,55,Sun,15,16,2023-12-24,29-298,MIA,,DAL,W 22-20,9.90,18.90,18.9,14.4,55,84.6,0,0.0,0,0.0,WR,HillTy00
1205,Justin Jefferson,9.90,51,Sun,12,13,2024-12-01,25-168,MIN,,ARI,W 23-22,9.90,16.90,16.9,13.4,51,96.2,0,0.0,0,0.0,WR,JeffJu00
1206,Cooper Kupp,9.90,63,Sun,12,13,2023-12-03,30-171,LAR,,CLE,W 36-19,9.90,15.90,15.9,12.9,63,98.4,0,0.0,1,3.0,WR,KuppCo00
1207,Xavier Legette,9.90,44,Sun,9,9,2024-11-03,23-279,CAR,,NOR,W 23-22,9.90,13.90,13.9,11.9,44,83.0,0,0.0,3,10.3,WR,LegeXa00
1208,Ladd McConkey,9.90,38,Sun,1,1,2024-09-08,22-302,LAC,,LVR,W 22-10,9.90,14.90,14.9,12.4,38,66.7,0,0.0,0,0.0,WR,McCoLa00
1209,David Moore,9.90,61,Sun,15,16,2024-12-22,29-342,CAR,,ARI,W 36-30 (OT),9.90,11.90,11.9,10.9,61,89.7,0,0.0,1,3.0,WR,MoorDa03
1210,Malik Nabers,9.90,73,Sun,13,14,2024-12-08,21-133,NYG,,NOR,L 11-14,9.90,14.90,14.9,12.4,73,93.6,0,0.0,0,0.0,WR,NabeMa00
1211,K.J. Osborn,9.90,62,Sun,8,8,2023-10-29,26-141,MIN,@,GNB,W 24-10,9.90,17.90,17.9,13.9,62,86.1,0,0.0,0,0.0,WR,OsboKJ00
1212,Josh Palmer,9.90,57,Sun,3,3,2022-09-25,23-003,LAC,,JAX,L 10-38,9.90,15.90,15.9,12.9,57,93.4,0,0.0,0,0.0,WR,PalmJo00
1213,Donovan Peoples-Jones,9.90,59,Sun,9,10,2022-11-13,23-267,CLE,@,MIA,L 17-39,9.90,14.90,14.9,12.4,59,88.1,0,0.0,0,0.0,WR,PeopDo00
1214,Byron Pringle,9.90,53,Sun,14,15,2022-12-18,29-031,CHI,,PHI,L 20-25,9.90,11.90,11.9,10.9,53,89.8,0,0.0,0,0.0,WR,PrinBy00
1215,Kalif Raymond,9.90,16,Sun,6,7,2024-10-20,30-073,DET,@,MIN,W 31-29,9.90,12.90,12.9,11.4,16,28.1,0,0.0,10,32.3,WR,RaymKa00
1216,Jalen Reagor,9.90,36,Sun,16,17,2023-12-31,24-363,NWE,@,BUF,L 21-27,9.90,10.90,10.9,10.4,36,67.9,0,0.0,6,20.7,WR,ReagJa00
1217,Khalil Shakir,9.90,41,Sun,14,15,2024-12-15,24-316,BUF,@,DET,W 48-42,9.90,15.90,15.9,12.9,41,58.6,0,0.0,2,5.6,WR,ShakKh00
1218,Ainias Smith,9.90,47,Sun,17,18,2025-01-05,23-219,PHI,,NYG,W 20-13,9.90,13.90,13.9,11.9,47,69.1,0,0.0,4,16.7,WR,SmitAi00
1219,DeVonta Smith,9.90,53,Mon,10,11,2023-11-20,25-006,PHI,@,KAN,W 21-17,9.90,15.90,15.9,12.9,53,94.6,0,0.0,0,0.0,WR,SmitDe07
1220,Devaughn Vele,9.90,38,Sun,10,10,2024-11-10,26-334,DEN,@,KAN,L 14-16,9.90,13.90,13.9,11.9,38,65.5,0,0.0,0,0.0,WR,VeleDe00
1221,Nick Westbrook-Ikhine,9.90,70,Sun,7,8,2024-10-27,27-220,TEN,@,DET,L 14-52,9.90,11.90,11.9,10.9,70,92.1,0,0.0,1,3.0,WR,WestNi00
1222,Garrett Wilson,9.90,55,Sun,9,9,2022-11-06,22-107,NYJ,,BUF,W 20-17,9.90,17.90,17.9,13.9,55,91.7,0,0.0,0,0.0,WR,WilsGa00
1223,Robert Woods,9.90,48,Thu,16,17,2022-12-29,30-263,TEN,,DAL,L 13-27,9.90,14.90,14.9,12.4,48,73.8,0,0.0,3,12.0,WR,WoodRo02
1224,Olamide Zaccheaus,9.90,44,Sun,5,5,2022-10-09,25-078,ATL,@,TAM,L 15-21,9.90,11.90,11.9,10.9,44,66.7,0,0.0,4,18.2,WR,ZaccOl01
1225,Tutu Atwell,9.80,57,Sun,17,18,2023-01-08,23-093,LAR,@,SEA,L 16-19 (OT),9.80,11.80,11.8,10.8,57,93.4,0,0.0,0,0.0,WR,AtweTu00
1226,Tyler Boyd,9.80,51,Mon,8,8,2022-10-31,27-350,CIN,@,CLE,L 13-32,9.80,12.80,12.8,11.3,51,96.2,0,0.0,0,0.0,WR,BoydTy00
1227,Tyler Boyd,9.80,48,Sun,6,6,2023-10-15,28-334,CIN,,SEA,W 17-13,9.80,16.80,16.8,13.3,48,88.9,0,0.0,0,0.0,WR,BoydTy00
1228,DJ Chark,9.80,64,Sun,12,13,2022-12-04,26-072,DET,,JAX,W 40-14,9.80,14.80,14.8,12.3,64,84.2,0,0.0,0,0.0,WR,CharDJ00
1229,Nico Collins,9.80,35,Sun,15,16,2023-12-24,24-280,HOU,,CLE,L 22-36,9.80,13.80,13.8,11.8,35,46.7,0,0.0,0,0.0,WR,CollNi00
1230,Nico Collins,9.80,11,Sun,17,18,2025-01-05,25-292,HOU,@,TEN,W 23-14,9.80,14.80,14.8,12.3,11,18.3,0,0.0,0,0.0,WR,CollNi00
1231,Amari Cooper,9.80,72,Sun,9,10,2023-11-12,29-148,CLE,@,BAL,W 33-31,9.80,15.80,15.8,12.8,72,92.3,0,0.0,0,0.0,WR,CoopAm00
1232,Alex Erickson,9.80,61,Sun,16,17,2023-12-31,31-055,LAC,@,DEN,L 9-16,9.80,16.80,16.8,13.3,61,93.8,0,0.0,5,17.9,WR,EricAl01
1233,Marquise Goodwin,9.80,41,Sun,10,10,2022-11-13,31-359,SEA,@,TAM,L 16-21,9.80,11.80,11.8,10.8,41,78.8,0,0.0,0,0.0,WR,GoodMa00
1234,DeAndre Hopkins,9.80,64,Sun,10,10,2022-11-13,30-160,ARI,@,LAR,W 27-17,9.80,19.80,19.8,14.8,64,94.1,0,0.0,0,0.0,WR,HopkDe00
1235,Justin Jefferson,9.80,70,Sun,7,8,2022-10-30,23-136,MIN,,ARI,W 34-26,9.80,15.80,15.8,12.8,70,98.6,0,0.0,0,0.0,WR,JeffJu00
1236,Drake London,9.80,55,Thu,10,10,2022-11-10,21-109,ATL,@,CAR,L 15-25,9.80,14.80,14.8,12.3,55,87.3,0,0.0,0,0.0,WR,LondDr00
1237,Terry McLaurin,9.80,49,Sun,7,7,2024-10-20,29-035,WAS,,CAR,W 40-7,9.80,15.80,15.8,12.8,49,71.0,0,0.0,0,0.0,WR,McLaTe00
1238,D.K. Metcalf,9.80,72,Sun,9,10,2023-11-12,25-333,SEA,,WAS,W 29-26,9.80,16.80,16.8,13.3,72,88.9,0,0.0,0,0.0,WR,MetcDK00
1239,Puka Nacua,9.80,55,Mon,9,10,2024-11-11,23-166,LAR,,MIA,L 15-23,9.80,18.80,18.8,14.3,55,78.6,0,0.0,0,0.0,WR,NacuPu00
1240,K.J. Osborn,9.80,48,Sun,13,14,2022-12-11,25-184,MIN,@,DET,L 23-34,9.80,14.80,14.8,12.3,48,73.8,0,0.0,1,3.4,WR,OsboKJ00
1241,A.T. Perry,9.80,56,Sun,10,10,2023-11-12,24-017,NOR,@,MIN,L 19-27,9.80,11.80,11.8,10.8,56,83.6,0,0.0,0,0.0,WR,PerrAT00
1242,Josh Reynolds,9.80,44,Sun,2,2,2022-09-18,27-214,DET,,WAS,W 36-27,9.80,12.80,12.8,11.3,44,72.1,0,0.0,1,3.1,WR,ReynJo00
1243,Calvin Ridley,9.80,53,Sun,4,4,2023-10-01,28-285,JAX,,ATL,W 23-7,9.80,11.80,11.8,10.8,53,80.3,0,0.0,0,0.0,WR,RidlCa00
1244,Jalen Tolbert,9.80,56,Sun,17,18,2025-01-05,25-313,DAL,,WAS,L 19-23,9.80,13.80,13.8,11.8,56,71.8,0,0.0,0,0.0,WR,TolbJa00
1245,Justin Watson,9.80,49,Mon,15,16,2023-12-25,27-265,KAN,,LVR,L 14-20,9.80,13.80,13.8,11.8,49,64.5,0,0.0,4,16.0,WR,WatsJu01
1246,Jordan Whittington,9.80,31,Sun,17,18,2025-01-05,24-096,LAR,,SEA,L 25-30,9.80,12.80,12.8,11.3,31,47.0,0,0.0,15,55.6,WR,WhitJo04
1247,Garrett Wilson,9.80,62,Sun,14,15,2022-12-18,22-149,NYJ,,DET,L 17-20,9.80,13.80,13.8,11.8,62,98.4,0,0.0,0,0.0,WR,WilsGa00
1248,Nelson Agholor,9.70,26,Thu,11,11,2023-11-16,30-176,BAL,,CIN,W 34-20,9.70,10.70,10.7,10.2,26,39.4,0,0.0,0,0.0,WR,AghoNe00
1249,Jamal Agnew,9.70,15,Sun,11,12,2022-11-27,27-238,JAX,,BAL,W 28-27,9.70,14.70,14.7,12.2,15,23.8,0,0.0,8,29.6,WR,AgneJa00
1250,A.J. Brown,9.70,62,Sun,11,12,2023-11-26,26-149,PHI,,BUF,W 37-34 (OT),9.70,14.70,14.7,12.2,62,93.9,0,0.0,0,0.0,WR,BrowAJ00
1251,Ja'Marr Chase,9.70,59,Sun,12,13,2022-12-04,22-278,CIN,,KAN,W 27-24,9.70,16.70,16.7,13.2,59,81.9,0,0.0,0,0.0,WR,ChasJa00
1252,Josh Downs,9.70,47,Sun,5,5,2023-10-08,22-057,IND,,TEN,W 23-16,9.70,15.70,15.7,12.7,47,71.2,0,0.0,0,0.0,WR,DownJo00
1253,KhaDarel Hodge,9.70,8,Thu,10,10,2022-11-10,27-311,ATL,@,CAR,L 15-25,9.70,11.70,11.7,10.7,8,12.7,0,0.0,20,69.0,WR,HodgKh00
1254,Cooper Kupp,9.70,63,Sun,6,6,2022-10-16,29-123,LAR,,CAR,W 24-10,9.70,16.70,16.7,13.2,63,96.9,0,0.0,0,0.0,WR,KuppCo00
1255,Drake London,9.70,78,Sun,10,10,2024-11-10,23-109,ATL,@,NOR,L 17-20,9.70,17.70,17.7,13.7,78,100.0,0,0.0,0,0.0,WR,LondDr00
1256,D.K. Metcalf,9.70,59,Sun,9,9,2022-11-06,24-327,SEA,@,ARI,W 31-21,9.70,14.70,14.7,12.2,59,80.8,0,0.0,1,3.7,WR,MetcDK00
1257,Jakobi Meyers,9.70,63,Fri,12,13,2024-11-29,28-020,LVR,@,KAN,L 17-19,9.70,15.70,15.7,12.7,63,92.6,0,0.0,0,0.0,WR,MeyeJa01
1258,Michael Pittman Jr.,9.70,62,Sun,5,5,2024-10-06,27-001,IND,@,JAX,L 34-37,9.70,14.70,14.7,12.2,62,88.6,0,0.0,0,0.0,WR,PittMi01
1259,Jayden Reed,9.70,45,Sun,5,5,2024-10-06,24-161,GNB,@,LAR,W 24-19,9.70,13.70,13.7,11.7,45,76.3,0,0.0,3,13.6,WR,ReedJa03
1260,Wan'Dale Robinson,9.70,15,Sun,6,6,2022-10-16,21-284,NYG,,BAL,W 24-20,9.70,12.70,12.7,11.2,15,23.1,0,0.0,0,0.0,WR,RobiWa01
1261,Deebo Samuel,9.70,59,Sun,2,2,2022-09-18,26-246,SFO,,SEA,W 27-7,9.70,14.70,14.7,12.2,59,77.6,0,0.0,0,0.0,WR,SamuDe00
1262,DeVonta Smith,9.70,52,Sun,13,14,2024-12-08,26-024,PHI,,CAR,W 22-16,9.70,13.70,13.7,11.7,52,89.7,0,0.0,0,0.0,WR,SmitDe07
1263,Amon-Ra St. Brown,9.70,43,Sun,5,6,2024-10-13,24-355,DET,@,DAL,W 47-9,9.70,13.70,13.7,11.7,43,63.2,0,0.0,0,0.0,WR,StxxAm00
1264,Courtland Sutton,9.70,64,Sun,3,3,2022-09-25,26-350,DEN,,SFO,W 11-10,9.70,17.70,17.7,13.7,64,86.5,0,0.0,0,0.0,WR,SuttCo00
1265,Samori Toure,9.70,14,Sun,8,8,2022-10-30,24-220,GNB,@,BUF,L 17-27,9.70,10.70,10.7,10.2,14,21.2,0,0.0,0,0.0,WR,TourSa00
1266,Dontayvion Wicks,9.70,47,Sun,14,15,2023-12-17,22-184,GNB,,TAM,L 20-34,9.70,15.70,15.7,12.7,47,78.3,0,0.0,0,0.0,WR,WickDo00
1267,Jameson Williams,9.70,69,Sun,14,15,2024-12-15,23-264,DET,,BUF,L 42-48,9.70,12.70,12.7,11.2,69,87.3,0,0.0,0,0.0,WR,WillJa11
1268,Xavier Worthy,9.70,38,Sun,7,8,2024-10-27,21-183,KAN,@,LVR,W 27-20,9.70,13.70,13.7,11.7,38,52.8,0,0.0,0,0.0,WR,WortXa00
1269,Olamide Zaccheaus,9.70,42,Sun,17,18,2023-01-08,25-169,ATL,,TAM,W 30-17,9.70,13.70,13.7,11.7,42,61.8,0,0.0,0,0.0,WR,ZaccOl01
1270,Nelson Agholor,9.60,30,Sun,8,8,2024-10-27,31-156,BAL,@,CLE,L 24-29,9.60,12.60,12.6,11.1,30,44.1,0,0.0,0,0.0,WR,AghoNe00
1271,Odell Beckham Jr.,9.60,35,Sun,9,9,2023-11-05,31-000,BAL,,SEA,W 37-3,9.60,14.60,15.6,12.1,35,46.1,0,0.0,0,0.0,WR,BeckOd00
1272,Kendrick Bourne,9.60,32,Sun,8,8,2023-10-29,28-086,NWE,@,MIA,L 17-31,9.60,12.60,12.6,11.1,32,60.4,0,0.0,0,0.0,WR,BourKe00
1273,A.J. Brown,9.60,59,Sun,16,17,2024-12-29,27-182,PHI,,DAL,W 41-7,9.60,12.60,12.6,11.1,59,90.8,0,0.0,0,0.0,WR,BrowAJ00
1274,Marquise Brown,9.60,67,Sun,4,4,2023-10-01,26-119,ARI,@,SFO,L 16-35,9.60,16.60,16.6,13.1,67,94.4,0,0.0,0,0.0,WR,BrowMa04
1275,Chase Claypool,9.60,42,Sun,2,2,2023-09-17,25-072,CHI,@,TAM,L 17-27,9.60,12.60,12.6,11.1,42,79.2,0,0.0,0,0.0,WR,ClayCh01
1276,Mike Evans,9.60,59,Sun,7,7,2022-10-23,29-063,TAM,@,CAR,L 3-21,9.60,18.60,18.6,14.1,59,88.1,0,0.0,0,0.0,WR,EvanMi00
1277,Troy Franklin,9.60,36,Sun,6,6,2024-10-13,21-250,DEN,,LAC,L 16-23,9.60,11.60,11.6,10.6,36,65.5,0,0.0,0,0.0,WR,FranTr00
1278,Michael Gallup,9.60,61,Sat,15,16,2022-12-24,26-295,DAL,,PHI,W 40-34,9.60,13.60,13.6,11.6,61,83.6,0,0.0,0,0.0,WR,GallMi00
1279,Marvin Harrison Jr.,9.60,66,Sat,16,17,2024-12-28,22-139,ARI,@,LAR,L 9-13,9.60,15.60,15.6,12.6,66,83.5,0,0.0,0,0.0,WR,HarrMa09
1280,DeAndre Hopkins,9.60,59,Sun,9,9,2022-11-06,30-153,ARI,,SEA,L 21-31,9.60,13.60,13.6,11.6,59,93.7,0,0.0,0,0.0,WR,HopkDe00
1281,Jerry Jeudy,9.60,70,Sun,7,7,2022-10-23,23-182,DEN,,NYJ,L 9-16,9.60,16.60,16.6,13.1,70,88.6,0,0.0,0,0.0,WR,JeudJe00
1282,Darnell Mooney,9.60,77,Sun,10,10,2024-11-10,27-012,ATL,@,NOR,L 17-20,9.60,14.60,14.6,12.1,77,98.7,0,0.0,0,0.0,WR,MoonDa00
1283,Chris Olave,9.60,72,Sun,6,6,2023-10-15,23-110,NOR,@,HOU,L 13-20,9.60,16.60,16.6,13.1,72,87.8,0,0.0,0,0.0,WR,OlavCh00
1284,K.J. Osborn,9.60,76,Sun,3,3,2023-09-24,26-106,MIN,,LAC,L 24-28,9.60,10.60,10.6,10.1,76,92.7,0,0.0,0,0.0,WR,OsboKJ00
1285,Michael Pittman Jr.,9.60,41,Sun,12,12,2024-11-24,27-050,IND,,DET,L 6-24,9.60,15.60,15.6,12.6,41,74.5,0,0.0,0,0.0,WR,PittMi01
1286,Kalif Raymond,9.60,24,Thu,11,12,2023-11-23,29-107,DET,,GNB,L 22-29,9.60,14.60,14.6,12.1,24,28.6,0,0.0,5,21.7,WR,RaymKa00
1287,Josh Reynolds,9.60,62,Sun,3,3,2022-09-25,27-221,DET,@,MIN,L 24-28,9.60,15.60,15.6,12.6,62,79.5,0,0.0,0,0.0,WR,ReynJo00
1288,Jaxon Smith-Njigba,9.60,38,Sun,7,8,2023-10-29,21-257,SEA,,CLE,W 24-20,9.60,12.60,12.6,11.1,38,65.5,0,0.0,0,0.0,WR,SmitJa06
1289,Marquez Valdes-Scantling,9.60,53,Sun,12,13,2024-12-01,30-052,NOR,,LAR,L 14-21,9.60,11.60,11.6,10.6,53,75.7,0,0.0,0,0.0,WR,ValdMa00
1290,Davante Adams,9.50,54,Sun,6,7,2022-10-23,29-303,LVR,,HOU,W 38-20,9.50,17.50,17.5,13.5,54,96.4,0,0.0,0,0.0,WR,AdamDa01
1291,Jordan Addison,9.50,59,Sun,15,16,2024-12-22,22-330,MIN,@,SEA,W 27-24,9.50,14.50,14.5,12.0,59,89.4,0,0.0,0,0.0,WR,AddiJo00
1292,Tyler Boyd,9.50,40,Sun,14,15,2022-12-18,28-033,CIN,@,TAM,W 34-23,9.50,14.50,14.5,12.0,40,60.6,0,0.0,0,0.0,WR,BoydTy00
1293,A.J. Brown,9.50,70,Sun,4,4,2022-10-02,25-094,PHI,,JAX,W 29-21,9.50,14.50,14.5,12.0,70,85.4,0,0.0,0,0.0,WR,BrowAJ00
1294,A.J. Brown,9.50,58,Sun,17,18,2023-01-08,25-192,PHI,,NYG,W 22-16,9.50,13.50,13.5,11.5,58,79.5,0,0.0,0,0.0,WR,BrowAJ00
1295,Nico Collins,9.50,47,Sun,12,13,2022-12-04,23-260,HOU,,CLE,L 14-27,9.50,12.50,12.5,11.0,47,72.3,0,0.0,0,0.0,WR,CollNi00
1296,Amari Cooper,9.50,32,Sun,13,14,2024-12-08,30-174,BUF,@,LAR,L 42-44,9.50,15.50,15.5,12.5,32,53.3,0,0.0,0,0.0,WR,CoopAm00
1297,Tank Dell,9.50,53,Sun,8,8,2024-10-27,24-364,HOU,,IND,W 23-20,9.50,13.50,13.5,11.5,53,74.6,0,0.0,0,0.0,WR,DellNa00
1298,Romeo Doubs,9.50,50,Thu,4,4,2023-09-28,23-168,GNB,,DET,L 20-34,9.50,18.50,18.5,14.0,50,87.7,0,0.0,0,0.0,WR,DoubRo00
1299,Chris Godwin,9.50,64,Sun,6,6,2022-10-16,26-231,TAM,@,PIT,L 18-20,9.50,15.50,15.5,12.5,64,88.9,0,0.0,0,0.0,WR,GodwCh00
1300,Tee Higgins,9.50,67,Sun,12,13,2022-12-04,23-320,CIN,,KAN,W 27-24,9.50,12.50,12.5,11.0,67,93.1,0,0.0,0,0.0,WR,HiggTe00
1301,DeAndre Hopkins,9.50,33,Sun,11,12,2024-11-24,32-171,KAN,@,CAR,W 30-27,9.50,14.50,14.5,12.0,33,44.6,0,0.0,0,0.0,WR,HopkDe00
1302,Andrei Iosivas,9.50,42,Sun,12,13,2024-12-01,25-047,CIN,,PIT,L 38-44,9.50,12.50,12.5,11.0,42,67.7,0,0.0,0,0.0,WR,IosiAn00
1303,Tyler Johnson,9.50,50,Sun,17,18,2025-01-05,26-133,LAR,,SEA,L 25-30,9.50,13.50,13.5,11.5,50,75.8,0,0.0,5,18.5,WR,JohnTy00
1304,Allen Lazard,9.50,59,Sun,5,5,2022-10-09,26-302,GNB,,NYG,L 22-27,9.50,13.50,13.5,11.5,59,93.7,0,0.0,0,0.0,WR,LazaAl00
1305,Drake London,9.50,47,Sun,13,13,2022-12-04,21-133,ATL,,PIT,L 16-19,9.50,15.50,15.5,12.5,47,87.0,0,0.0,0,0.0,WR,LondDr00
1306,Ray-Ray McCloud,9.50,52,Sun,9,9,2024-11-03,28-019,ATL,,DAL,W 27-21,9.50,12.50,12.5,11.0,52,91.2,0,0.0,5,19.2,WR,McClRa00
1307,Jakobi Meyers,9.50,56,Sun,2,2,2022-09-18,25-313,NWE,@,PIT,W 17-14,9.50,18.50,18.5,14.0,56,82.4,0,0.0,0,0.0,WR,MeyeJa01
1308,A.T. Perry,9.50,36,Thu,15,16,2023-12-21,24-056,NOR,@,LAR,L 22-30,9.50,10.50,10.5,10.0,36,60.0,0,0.0,0,0.0,WR,PerrAT00
1309,Michael Pittman Jr.,9.50,56,Sun,6,6,2024-10-13,27-008,IND,@,TEN,W 20-17,9.50,12.50,12.5,11.0,56,80.0,0,0.0,0,0.0,WR,PittMi01
1310,Kalif Raymond,9.50,53,Sun,6,7,2022-10-23,28-076,DET,@,DAL,L 6-24,9.50,14.50,14.5,12.0,53,89.8,0,0.0,5,22.7,WR,RaymKa00
1311,Wan'Dale Robinson,9.50,34,Sun,9,9,2023-11-05,22-304,NYG,@,LVR,L 6-30,9.50,13.50,13.5,11.5,34,54.0,0,0.0,0,0.0,WR,RobiWa01
1312,Amon-Ra St. Brown,9.50,77,Thu,11,12,2023-11-23,24-030,DET,,GNB,L 22-29,9.50,18.50,18.5,14.0,77,91.7,0,0.0,0,0.0,WR,StxxAm00
1313,Jaylen Waddle,9.50,44,Sun,5,5,2023-10-08,24-317,MIA,,NYG,W 31-16,9.50,14.50,14.5,12.0,44,81.5,0,0.0,0,0.0,WR,WaddJa00
1314,Malik Washington,9.50,18,Mon,9,10,2024-11-11,23-312,MIA,@,LAR,W 23-15,9.50,10.50,10.5,10.0,18,34.0,0,0.0,7,25.0,WR,WashMa00
1315,Quez Watkins,9.50,66,Sun,11,12,2022-11-27,24-171,PHI,,GNB,W 40-33,9.50,12.50,12.5,11.0,66,82.5,0,0.0,1,3.2,WR,WatkQu00
1316,Michael Wilson,9.50,58,Sun,17,18,2024-01-07,23-318,ARI,,SEA,L 20-21,9.50,15.50,15.5,12.5,58,82.9,0,0.0,0,0.0,WR,WilsMi02
1317,Ja'Marr Chase,9.40,67,Sun,14,15,2024-12-15,24-289,CIN,@,TEN,W 37-27,9.40,18.40,18.4,13.9,67,97.1,0,0.0,0,0.0,WR,ChasJa00
1318,Brandin Cooks,9.40,51,Sat,15,16,2022-12-24,29-090,HOU,@,TEN,W 19-14,9.40,13.40,13.4,11.4,51,76.1,0,0.0,0,0.0,WR,CookBr00
1319,Amari Cooper,9.40,73,Sun,11,12,2022-11-27,28-163,CLE,,TAM,W 23-17 (OT),9.40,16.40,16.4,12.9,73,92.4,0,0.0,0,0.0,WR,CoopAm00
1320,Jahan Dotson,9.40,64,Sun,17,18,2025-01-05,24-289,PHI,,NYG,W 20-13,9.40,16.40,16.4,12.9,64,94.1,0,0.0,4,16.7,WR,DotsJa00
1321,Romeo Doubs,9.40,48,Sun,7,7,2024-10-20,24-190,GNB,,HOU,W 24-22,9.40,17.40,17.4,13.4,48,82.8,0,0.0,0,0.0,WR,DoubRo00
1322,Josh Downs,9.40,59,Sun,17,18,2025-01-05,23-146,IND,,JAX,W 26-23 (OT),9.40,19.40,19.4,14.4,59,75.6,0,0.0,0,0.0,WR,DownJo00
1323,Jerry Jeudy,9.40,77,Sun,16,17,2024-12-29,25-249,CLE,,MIA,L 3-20,9.40,21.40,21.4,15.4,77,97.5,0,0.0,0,0.0,WR,JeudJe00
1324,Quentin Johnston,9.40,61,Sun,9,10,2023-11-12,22-067,LAC,,DET,L 38-41,9.40,13.40,13.4,11.4,61,84.7,0,0.0,0,0.0,WR,JohnQu02
1325,Allen Lazard,9.40,72,Sun,5,5,2024-10-06,28-300,NYJ,@,MIN,L 17-23,9.40,13.40,13.4,11.4,72,100.0,0,0.0,0,0.0,WR,LazaAl00
1326,Xavier Legette,9.40,38,Sun,8,8,2024-10-27,23-272,CAR,@,DEN,L 14-28,9.40,13.40,13.4,11.4,38,62.3,0,0.0,5,20.8,WR,LegeXa00
1327,Tyler Lockett,9.40,57,Sun,5,6,2023-10-15,31-017,SEA,@,CIN,L 13-17,9.40,15.40,15.4,12.4,57,77.0,0,0.0,0,0.0,WR,LockTy00
1328,Terry McLaurin,9.40,45,Sun,5,5,2024-10-06,29-021,WAS,,CLE,W 34-13,9.40,13.40,17.4,11.4,45,67.2,0,0.0,0,0.0,WR,McLaTe00
1329,D.K. Metcalf,9.40,39,Mon,4,4,2023-10-02,25-292,SEA,@,NYG,W 24-3,9.40,12.40,12.4,10.9,39,70.9,0,0.0,0,0.0,WR,MetcDK00
1330,Jakobi Meyers,9.40,52,Mon,7,7,2022-10-24,25-349,NWE,,CHI,L 14-33,9.40,11.40,11.4,10.4,52,100.0,0,0.0,0,0.0,WR,MeyeJa01
1331,Darnell Mooney,9.40,53,Sun,4,4,2022-10-02,24-338,CHI,@,NYG,L 12-20,9.40,13.40,13.4,11.4,53,85.5,0,0.0,0,0.0,WR,MoonDa00
1332,Rondale Moore,9.40,66,Sun,10,10,2022-11-13,22-157,ARI,@,LAR,W 27-17,9.40,18.40,18.4,13.9,66,97.1,0,0.0,0,0.0,WR,MoorRo02
1333,Jalen Nailor,9.40,54,Sun,3,3,2024-09-22,25-204,MIN,,HOU,W 34-7,9.40,12.40,12.4,10.9,54,85.7,0,0.0,0,0.0,WR,NailJa00
1334,K.J. Osborn,9.40,56,Thu,2,2,2023-09-14,26-096,MIN,@,PHI,L 28-34,9.40,12.40,12.4,10.9,56,96.6,0,0.0,1,3.4,WR,OsboKJ00
1335,Adam Thielen,9.40,58,Sun,15,16,2023-12-24,33-124,CAR,,GNB,L 30-33,9.40,15.40,15.4,12.4,58,87.9,0,0.0,0,0.0,WR,ThieAd00
1336,Brian Thomas,9.40,44,Sun,2,2,2024-09-15,21-343,JAX,,CLE,L 13-18,9.40,11.40,11.4,10.4,44,73.3,0,0.0,0,0.0,WR,ThomBr06
1337,KaVontae Turpin,9.40,5,Thu,11,12,2023-11-23,27-113,DAL,,WAS,W 45-10,9.40,10.40,10.4,9.9,5,9.3,0,0.0,6,24.0,WR,TurpKa00
1338,Christian Watson,9.40,46,Thu,13,14,2024-12-05,25-207,GNB,@,DET,L 31-34,9.40,13.40,17.4,11.4,46,92.0,0,0.0,0,0.0,WR,WatsCh00
1339,Jameson Williams,9.40,78,Sun,2,2,2024-09-15,23-173,DET,,TAM,L 16-20,9.40,14.40,14.4,11.9,78,90.7,0,0.0,0,0.0,WR,WillJa11
1340,Mike Williams,9.40,50,Sun,16,17,2023-01-01,28-089,LAC,,LAR,W 31-10,9.40,16.40,16.4,12.9,50,78.1,0,0.0,0,0.0,WR,WillMi07
1341,Garrett Wilson,9.40,50,Mon,1,1,2023-09-11,23-051,NYJ,,BUF,W 22-16 (OT),9.40,14.40,14.4,11.9,50,92.6,0,0.0,0,0.0,WR,WilsGa00
1342,Tutu Atwell,9.30,43,Sun,3,3,2024-09-22,24-351,LAR,,SFO,W 27-24,9.30,13.30,13.3,11.3,43,74.1,0,0.0,0,0.0,WR,AtweTu00
1343,Kendrick Bourne,9.30,56,Sun,6,6,2023-10-15,28-072,NWE,@,LVR,L 17-21,9.30,19.30,19.3,14.3,56,93.3,0,0.0,0,0.0,WR,BourKe00
1344,Tyler Boyd,9.30,80,Sun,1,1,2022-09-11,27-300,CIN,,PIT,L 20-23 (OT),9.30,13.30,13.3,11.3,80,80.0,0,0.0,0,0.0,WR,BoydTy00
1345,Marquise Brown,9.30,73,Sun,8,8,2023-10-29,26-147,ARI,,BAL,L 24-31,9.30,15.30,15.3,12.3,73,94.8,0,0.0,0,0.0,WR,BrowMa04
1346,Gabriel Davis,9.30,52,Sun,3,3,2023-09-24,24-176,BUF,@,WAS,W 37-3,9.30,10.30,10.3,9.8,52,76.5,0,0.0,0,0.0,WR,DaviGa01
1347,Stefon Diggs,9.30,46,Sun,8,9,2022-11-06,28-342,BUF,@,NYJ,L 17-20,9.30,14.30,14.3,11.8,46,74.2,0,0.0,0,0.0,WR,DiggSt00
1348,Tee Higgins,9.30,46,Sun,3,3,2022-09-25,23-250,CIN,@,NYJ,W 27-12,9.30,14.30,14.3,11.8,46,67.6,0,0.0,0,0.0,WR,HiggTe00
1349,Tee Higgins,9.30,57,Sun,7,7,2022-10-23,23-278,CIN,,ATL,W 35-17,9.30,14.30,14.3,11.8,57,83.8,0,0.0,0,0.0,WR,HiggTe00
1350,Jauan Jennings,9.30,58,Sun,9,10,2024-11-10,27-123,SFO,@,TAM,W 23-20,9.30,16.30,16.3,12.8,58,90.6,0,0.0,0,0.0,WR,JennJa00
1351,Diontae Johnson,9.30,44,Sun,12,13,2023-12-03,27-151,PIT,,ARI,L 10-24,9.30,13.30,13.3,11.3,44,72.1,0,0.0,0,0.0,WR,JohnDi01
1352,Marvin Jones,9.30,52,Sun,3,3,2022-09-25,32-197,JAX,@,LAC,W 38-10,9.30,13.30,13.3,11.3,52,68.4,0,0.0,0,0.0,WR,JoneMa02
1353,Jarvis Landry,9.30,32,Sun,11,11,2022-11-20,29-357,NOR,,LAR,W 27-20,9.30,12.30,12.3,10.8,32,56.1,0,0.0,1,3.2,WR,LandJa00
1354,Ray-Ray McCloud,9.30,77,Sun,12,13,2024-12-01,28-047,ATL,,LAC,L 13-17,9.30,13.30,13.3,11.3,77,95.1,0,0.0,5,22.7,WR,McClRa00
1355,George Pickens,9.30,60,Sun,4,4,2024-09-29,23-209,PIT,@,IND,L 24-27,9.30,16.30,20.3,12.8,60,85.7,0,0.0,0,0.0,WR,PickGe00
1356,Josh Reynolds,9.30,41,Sun,2,2,2024-09-15,29-212,DEN,,PIT,L 6-13,9.30,13.30,13.3,11.3,41,67.2,0,0.0,0,0.0,WR,ReynJo00
1357,Rashee Rice,9.30,20,Sun,5,5,2023-10-08,23-169,KAN,@,MIN,W 27-20,9.30,13.30,13.3,11.3,20,30.3,0,0.0,0,0.0,WR,RiceRa01
1358,Calvin Ridley,9.30,53,Sun,11,12,2024-11-24,29-340,TEN,@,HOU,W 32-27,9.30,14.30,14.3,11.8,53,79.1,0,0.0,1,2.9,WR,RidlCa00
1359,Courtland Sutton,9.30,61,Sun,17,18,2023-01-08,27-090,DEN,,LAC,W 31-28,9.30,12.30,12.3,10.8,61,93.8,0,0.0,0,0.0,WR,SuttCo00
1360,Courtland Sutton,9.30,65,Mon,9,10,2023-11-13,28-034,DEN,@,BUF,W 24-22,9.30,17.30,18.3,13.3,65,86.7,0,0.0,0,0.0,WR,SuttCo00
1361,Sammy Watkins,9.30,44,Sun,2,2,2022-09-18,29-096,GNB,,CHI,W 27-10,9.30,12.30,12.3,10.8,44,64.7,0,0.0,0,0.0,WR,WatkSa00
1362,Nick Westbrook-Ikhine,9.30,34,Sun,7,8,2023-10-29,26-222,TEN,,ATL,W 28-23,9.30,10.30,10.3,9.8,34,50.0,0,0.0,15,42.9,WR,WestNi00
1363,Garrett Wilson,9.30,62,Sun,9,10,2023-11-12,23-113,NYJ,@,LVR,L 12-16,9.30,18.30,18.3,13.8,62,93.9,0,0.0,0,0.0,WR,WilsGa00
1364,Garrett Wilson,9.30,64,Thu,3,3,2024-09-19,24-059,NYJ,,NWE,W 24-3,9.30,14.30,14.3,11.8,64,87.7,0,0.0,0,0.0,WR,WilsGa00
1365,Davante Adams,9.20,70,Sun,3,3,2022-09-25,29-275,LVR,@,TEN,L 22-24,9.20,14.20,14.2,11.7,70,100.0,0,0.0,0,0.0,WR,AdamDa01
1366,Keenan Allen,9.20,69,Sun,13,14,2022-12-11,30-228,LAC,,MIA,W 23-17,9.20,21.20,21.2,15.2,69,86.3,0,0.0,1,3.4,WR,AlleKe00
1367,Keenan Allen,9.20,49,Sun,4,4,2023-10-01,31-157,LAC,,LVR,W 24-17,9.20,12.20,12.2,10.7,49,75.4,0,0.0,0,0.0,WR,AlleKe00
1368,Michael Gallup,9.20,56,Sun,3,3,2023-09-24,27-204,DAL,@,ARI,L 16-28,9.20,15.20,15.2,12.2,56,69.1,0,0.0,0,0.0,WR,GallMi00
1369,DeAndre Hopkins,9.20,38,Sun,13,14,2024-12-08,32-185,KAN,,LAC,W 19-17,9.20,13.20,13.2,11.2,38,55.1,0,0.0,0,0.0,WR,HopkDe00
1370,Justin Jefferson,9.20,69,Sun,5,5,2024-10-06,25-112,MIN,,NYJ,W 23-17,9.20,15.20,15.2,12.2,69,94.5,0,0.0,0,0.0,WR,JeffJu00
1371,Justin Jefferson,9.20,68,Sun,16,17,2024-12-29,25-196,MIN,,GNB,W 27-25,9.20,17.20,17.2,13.2,68,94.4,0,0.0,0,0.0,WR,JeffJu00
1372,Christian Kirk,9.20,62,Sun,14,15,2022-12-18,26-030,JAX,,DAL,W 40-34 (OT),9.20,15.20,15.2,12.2,62,88.6,0,0.0,0,0.0,WR,KirkCh01
1373,Jalen McMillan,9.20,53,Sun,1,1,2024-09-08,22-276,TAM,,WAS,W 37-20,9.20,10.20,10.2,9.7,53,82.8,0,0.0,0,0.0,WR,McMiJa01
1374,Jakobi Meyers,9.20,61,Sun,17,18,2023-01-08,26-060,NWE,@,BUF,L 23-35,9.20,12.20,12.2,10.7,61,89.7,0,0.0,0,0.0,WR,MeyeJa01
1375,Josh Reynolds,9.20,60,Sun,5,5,2022-10-09,27-235,DET,@,NWE,L 0-29,9.20,15.20,15.2,12.2,60,90.9,0,0.0,0,0.0,WR,ReynJo00
1376,Deebo Samuel,9.20,53,Sun,5,5,2022-10-09,26-267,SFO,@,CAR,W 37-15,9.20,11.20,11.2,10.2,53,79.1,0,0.0,1,3.6,WR,SamuDe00
1377,Khalil Shakir,9.20,45,Thu,8,8,2023-10-26,23-265,BUF,,TAM,W 24-18,9.20,15.20,15.2,12.2,45,65.2,0,0.0,5,19.2,WR,ShakKh00
1378,Darius Slayton,9.20,45,Sun,16,17,2024-12-29,27-352,NYG,,IND,W 45-33,9.20,10.20,10.2,9.7,45,80.4,0,0.0,0,0.0,WR,SlayDa01
1379,Courtland Sutton,9.20,55,Sun,1,1,2023-09-10,27-335,DEN,,LVR,L 16-17,9.20,13.20,13.2,11.2,55,85.9,0,0.0,0,0.0,WR,SuttCo00
1380,Courtland Sutton,9.20,57,Sun,14,15,2024-12-15,29-066,DEN,,IND,W 31-13,9.20,12.20,12.2,10.7,57,90.5,0,0.0,0,0.0,WR,SuttCo00
1381,DJ Turner,9.20,31,Sun,8,8,2024-10-27,27-283,LVR,,KAN,L 20-27,9.20,13.20,13.2,11.2,31,53.4,0,0.0,9,37.5,WR,TurnDJ00
1382,Mike Williams,9.20,9,Sun,9,10,2024-11-10,30-037,PIT,@,WAS,W 28-27,9.20,10.20,10.2,9.7,9,11.5,0,0.0,0,0.0,WR,WillMi07
1383,Courtland Sutton,9.12,61,Sun,8,8,2024-10-27,29-017,DEN,,CAR,W 28-14,9.12,17.12,21.1,13.1,61,83.6,0,0.0,1,4.2,WR,SuttCo00
1384,Tutu Atwell,9.10,50,Sun,7,7,2023-10-22,24-015,LAR,,PIT,L 17-24,9.10,10.10,10.1,9.6,50,73.5,0,0.0,0,0.0,WR,AtweTu00
1385,Romeo Doubs,9.10,56,Sun,9,10,2023-11-12,23-213,GNB,@,PIT,L 19-23,9.10,12.10,12.1,10.6,56,82.4,0,0.0,0,0.0,WR,DoubRo00
1386,DeAndre Hopkins,9.10,49,Mon,11,11,2022-11-21,30-168,ARI,,SFO,L 10-38,9.10,18.10,18.1,13.6,49,69.0,0,0.0,0,0.0,WR,HopkDe00
1387,Quentin Johnston,9.10,60,Sun,13,14,2023-12-10,22-095,LAC,,DEN,L 7-24,9.10,12.10,12.1,10.6,60,88.2,0,0.0,0,0.0,WR,JohnQu02
1388,CeeDee Lamb,9.10,49,Sun,6,6,2024-10-13,25-188,DAL,,DET,L 9-47,9.10,16.10,16.1,12.6,49,71.0,0,0.0,0,0.0,WR,LambCe00
1389,Drake London,9.10,52,Sun,11,12,2023-11-26,22-125,ATL,,NOR,W 24-15,9.10,14.10,14.1,11.6,52,83.9,0,0.0,0,0.0,WR,LondDr00
1390,Donovan Peoples-Jones,9.10,51,Sat,14,15,2022-12-17,23-301,CLE,,BAL,W 13-3,9.10,13.10,13.1,11.1,51,77.3,0,0.0,1,5.6,WR,PeopDo00
1391,Calvin Ridley,9.10,64,Sun,16,17,2024-12-29,30-009,TEN,@,JAX,L 13-20,9.10,14.10,14.1,11.6,64,92.8,0,0.0,0,0.0,WR,RidlCa00
1392,Jaxon Smith-Njigba,9.10,51,Sun,5,5,2024-10-06,22-235,SEA,,NYG,L 20-29,9.10,13.10,13.1,11.1,51,87.9,0,0.0,0,0.0,WR,SmitJa06
1393,Parker Washington,9.10,48,Sun,16,17,2024-12-29,22-283,JAX,,TEN,W 20-13,9.10,12.10,12.1,10.6,48,82.8,0,0.0,0,0.0,WR,WashPa01
1394,Quez Watkins,9.10,36,Sun,10,11,2022-11-20,24-164,PHI,@,IND,W 17-16,9.10,11.10,11.1,10.1,36,52.9,0,0.0,0,0.0,WR,WatkQu00
1395,Dontayvion Wicks,9.10,24,Sun,10,11,2023-11-19,22-156,GNB,,LAC,W 23-20,9.10,12.10,12.1,10.6,24,33.3,0,0.0,0,0.0,WR,WickDo00
1396,Cedrick Wilson Jr.,9.10,41,Sun,9,9,2023-11-05,27-350,MIA,@,KAN,L 14-21,9.10,10.10,10.1,9.6,41,65.1,0,0.0,0,0.0,WR,WilsCe01
1397,Michael Wilson,9.10,46,Sun,8,8,2024-10-27,24-247,ARI,@,MIA,W 28-27,9.10,14.10,14.1,11.6,46,69.7,0,0.0,0,0.0,WR,WilsMi02
1398,Olamide Zaccheaus,9.10,42,Sun,12,12,2022-11-27,25-127,ATL,@,WAS,L 13-19,9.10,14.10,14.1,11.6,42,73.7,0,0.0,0,0.0,WR,ZaccOl01
1399,Amari Cooper,9.00,63,Mon,2,2,2023-09-18,29-093,CLE,@,PIT,L 22-26,9.00,16.00,16.0,12.5,63,72.4,0,0.0,0,0.0,WR,CoopAm00
1400,Romeo Doubs,9.00,52,Sun,6,7,2023-10-22,23-192,GNB,@,DEN,L 17-19,9.00,11.00,11.0,10.0,52,81.3,0,0.0,0,0.0,WR,DoubRo00
1401,Kenny Golladay,9.00,63,Sun,17,18,2023-01-08,29-066,NYG,@,PHI,L 16-22,9.00,11.00,11.0,10.0,63,100.0,0,0.0,0,0.0,WR,GollKe00
1402,Tyreek Hill,9.00,45,Sun,11,12,2022-11-27,28-271,MIA,,HOU,W 30-15,9.00,15.00,15.0,12.0,45,59.2,0,0.0,0,0.0,WR,HillTy00
1403,Mack Hollins,9.00,45,Sun,9,9,2024-11-03,31-048,BUF,,MIA,W 30-27,9.00,14.00,14.0,11.5,45,68.2,0,0.0,1,4.0,WR,HollMa00
1404,DeAndre Hopkins,9.00,42,Fri,12,13,2024-11-29,32-176,KAN,,LVR,W 19-17,9.00,13.00,13.0,11.0,42,59.2,0,0.0,0,0.0,WR,HopkDe00
1405,Richie James,9.00,57,Sat,15,16,2022-12-24,27-110,NYG,@,MIN,L 24-27,9.00,17.00,17.0,13.0,57,82.6,0,0.0,6,20.7,WR,JameRi00
1406,Terry McLaurin,9.00,61,Sun,7,7,2023-10-22,28-037,WAS,@,NYG,L 7-14,9.00,15.00,15.0,12.0,61,88.4,0,0.0,0,0.0,WR,McLaTe00
1407,D.K. Metcalf,9.00,59,Sun,11,12,2022-11-27,24-348,SEA,,LVR,L 34-40 (OT),9.00,20.00,20.0,14.5,59,90.8,0,0.0,0,0.0,WR,MetcDK00
1408,Puka Nacua,9.00,72,Sun,13,14,2023-12-10,22-195,LAR,@,BAL,L 31-37 (OT),9.00,14.00,14.0,11.5,72,93.5,0,0.0,0,0.0,WR,NacuPu00
1409,Josh Palmer,9.00,68,Thu,2,2,2022-09-15,22-358,LAC,@,KAN,L 24-27,9.00,13.00,13.0,11.0,68,90.7,0,0.0,0,0.0,WR,PalmJo00
1410,Tim Patrick,9.00,64,Sun,14,15,2024-12-15,31-022,DET,,BUF,L 42-48,9.00,13.00,13.0,11.0,64,81.0,0,0.0,0,0.0,WR,PatrTi00
1411,Michael Pittman Jr.,9.00,77,Sat,14,15,2022-12-17,25-073,IND,@,MIN,L 36-39 (OT),9.00,19.00,19.0,14.0,77,97.5,0,0.0,0,0.0,WR,PittMi01
1412,Michael Pittman Jr.,9.00,72,Sun,17,18,2023-01-08,25-095,IND,,HOU,L 31-32,9.00,12.00,12.0,10.5,72,98.6,0,0.0,0,0.0,WR,PittMi01
1413,Deebo Samuel,9.00,50,Sun,6,6,2022-10-16,26-274,SFO,@,ATL,L 14-28,9.00,16.00,16.0,12.5,50,83.3,0,0.0,0,0.0,WR,SamuDe00
1414,Darius Slayton,9.00,61,Sun,12,13,2022-12-04,25-326,NYG,,WAS,T 20-20 (OT),9.00,15.00,15.0,12.0,61,92.4,0,0.0,0,0.0,WR,SlayDa01
1415,JuJu Smith-Schuster,9.00,56,Thu,13,14,2023-12-07,27-015,NWE,@,PIT,W 21-18,9.00,13.00,13.0,11.0,56,98.2,0,0.0,0,0.0,WR,SmitJu00
1416,Jalen Tolbert,9.00,42,Sun,16,17,2024-12-29,25-306,DAL,@,PHI,L 7-41,9.00,12.00,12.0,10.5,42,67.7,0,0.0,0,0.0,WR,TolbJa00
1417,Tre Tucker,9.00,42,Sun,17,18,2024-01-07,22-305,LVR,,DEN,W 27-14,9.00,14.00,14.0,11.5,42,63.6,0,0.0,6,24.0,WR,TuckTr00
1418,Marquez Valdes-Scantling,9.00,58,Mon,5,5,2022-10-10,28-000,KAN,,LVR,W 30-29,9.00,15.00,15.0,12.0,58,80.6,0,0.0,0,0.0,WR,ValdMa00
1419,Jameson Williams,9.00,33,Sun,12,13,2023-12-03,22-252,DET,@,NOR,W 33-28,9.00,10.00,10.0,9.5,33,56.9,0,0.0,0,0.0,WR,WillJa11
1420,Garrett Wilson,9.00,57,Sun,6,6,2023-10-15,23-085,NYJ,,PHI,W 20-14,9.00,17.00,17.0,13.0,57,87.7,0,0.0,0,0.0,WR,WilsGa00
1421,Robert Woods,9.00,41,Sun,4,4,2022-10-02,30-175,TEN,@,IND,W 24-17,9.00,13.00,13.0,11.0,41,75.9,0,0.0,2,8.7,WR,WoodRo02
1422,Calvin Austin III,8.90,16,Sun,12,13,2024-12-01,25-252,PIT,@,CIN,W 44-38,8.90,10.90,10.9,9.9,16,23.2,0,0.0,2,6.1,WR,AustCa00
1423,Amari Cooper,8.90,63,Sun,7,8,2023-10-29,29-134,CLE,@,SEA,L 20-24,8.90,14.90,14.9,11.9,63,80.8,0,0.0,0,0.0,WR,CoopAm00
1424,Mike Evans,8.90,59,Sun,17,18,2025-01-05,31-137,TAM,,NOR,W 27-19,8.90,17.90,17.9,13.4,59,88.1,0,0.0,0,0.0,WR,EvanMi00
1425,Tyreek Hill,8.90,56,Sun,15,16,2024-12-22,30-296,MIA,,SFO,W 29-17,8.90,11.90,11.9,10.4,56,83.6,0,0.0,0,0.0,WR,HillTy00
1426,Jalin Hyatt,8.90,14,Sun,2,2,2023-09-17,21-357,NYG,@,ARI,W 31-28,8.90,10.90,10.9,9.9,14,20.6,0,0.0,0,0.0,WR,HyatJa00
1427,Van Jefferson,8.90,47,Sun,11,12,2022-11-27,26-124,LAR,@,KAN,L 10-26,8.90,11.90,11.9,10.4,47,87.0,0,0.0,0,0.0,WR,JeffVa00
1428,Christian Kirk,8.90,58,Sun,11,12,2023-11-26,27-008,JAX,@,HOU,W 24-21,8.90,12.90,12.9,10.9,58,76.3,0,0.0,0,0.0,WR,KirkCh01
1429,Tyler Lockett,8.90,48,Sun,13,14,2023-12-10,31-073,SEA,@,SFO,L 16-28,8.90,14.90,14.9,11.9,48,81.4,0,0.0,0,0.0,WR,LockTy00
1430,Darnell Mooney,8.90,56,Sun,11,11,2022-11-20,25-022,CHI,@,ATL,L 24-27,8.90,12.90,12.9,10.9,56,81.2,0,0.0,0,0.0,WR,MoonDa00
1431,George Pickens,8.90,69,Sun,10,11,2024-11-17,23-258,PIT,,BAL,W 18-16,8.90,16.90,16.9,12.9,69,88.5,0,0.0,0,0.0,WR,PickGe00
1432,Ben Skowronek,8.90,64,Thu,13,14,2022-12-08,25-164,LAR,,LVR,W 17-16,8.90,15.90,15.9,12.4,64,100.0,0,0.0,5,20.0,WR,SkowBe00
1433,JuJu Smith-Schuster,8.90,44,Sun,3,3,2022-09-25,25-307,KAN,@,IND,L 17-20,8.90,13.90,13.9,11.4,44,69.8,0,0.0,0,0.0,WR,SmitJu00
1434,Courtland Sutton,8.90,56,Sun,8,8,2023-10-29,28-019,DEN,,KAN,W 24-9,8.90,10.90,10.9,9.9,56,78.9,0,0.0,0,0.0,WR,SuttCo00
1435,Tre Tucker,8.90,69,Sun,16,17,2024-12-29,23-296,LVR,@,NOR,W 25-10,8.90,10.90,10.9,9.9,69,89.6,0,0.0,2,7.1,WR,TuckTr00
1436,Jordan Whittington,8.90,72,Sun,5,5,2024-10-06,24-005,LAR,,GNB,L 19-24,8.90,15.90,15.9,12.4,72,92.3,0,0.0,0,0.0,WR,WhitJo04
1437,Dontayvion Wicks,8.90,26,Sun,15,16,2023-12-24,22-191,GNB,@,CAR,W 33-30,8.90,10.90,10.9,9.9,26,39.4,0,0.0,0,0.0,WR,WickDo00
1438,Garrett Wilson,8.90,49,Sun,17,18,2023-01-08,22-170,NYJ,@,MIA,L 6-11,8.90,17.90,17.9,13.4,49,87.5,0,0.0,0,0.0,WR,WilsGa00
1439,Olamide Zaccheaus,8.90,18,Sun,11,12,2023-11-26,26-126,PHI,,BUF,W 37-34 (OT),8.90,9.90,9.9,9.4,18,27.3,0,0.0,9,25.0,WR,ZaccOl01
1440,Jordan Addison,8.80,49,Sun,6,6,2023-10-15,21-261,MIN,@,CHI,W 19-13,8.80,11.80,11.8,10.3,49,86.0,0,0.0,0,0.0,WR,AddiJo00
1441,Rashod Bateman,8.80,39,Sun,3,3,2024-09-22,24-298,BAL,@,DAL,W 28-25,8.80,11.80,11.8,10.3,39,61.9,0,0.0,0,0.0,WR,BateRa00
1442,Marquise Brown,8.80,62,Sun,12,12,2023-11-26,26-175,ARI,,LAR,L 14-37,8.80,14.80,14.8,11.8,62,87.3,0,0.0,0,0.0,WR,BrowMa04
1443,Derius Davis,8.80,8,Thu,15,16,2024-12-19,24-099,LAC,,DEN,W 34-27,8.80,10.80,10.8,9.8,8,12.3,0,0.0,11,37.9,WR,DaviDe02
1444,Jauan Jennings,8.80,36,Sun,4,4,2024-09-29,27-081,SFO,,NWE,W 30-13,8.80,11.80,11.8,10.3,36,57.1,0,0.0,0,0.0,WR,JennJa00
1445,Brandon Johnson,8.80,28,Sun,17,18,2024-01-07,25-165,DEN,@,LVR,L 14-27,8.80,12.80,12.8,10.8,28,45.9,0,0.0,0,0.0,WR,JohnBr23
1446,Christian Kirk,8.80,31,Sun,5,5,2024-10-06,27-323,JAX,,IND,W 37-34,8.80,12.80,12.8,10.8,31,53.4,0,0.0,0,0.0,WR,KirkCh01
1447,Drake London,8.80,50,Sun,4,4,2023-10-01,22-069,ATL,@,JAX,L 7-23,8.80,11.80,11.8,10.3,50,86.2,0,0.0,0,0.0,WR,LondDr00
1448,Chris Olave,8.80,34,Sun,13,14,2023-12-10,23-166,NOR,,CAR,W 28-6,8.80,12.80,12.8,10.8,34,65.4,0,0.0,0,0.0,WR,OlavCh00
1449,Chris Olave,8.80,42,Sun,2,2,2024-09-15,24-080,NOR,@,DAL,W 44-19,8.80,12.80,12.8,10.8,42,71.2,0,0.0,0,0.0,WR,OlavCh00
1450,Jayden Reed,8.80,39,Sun,6,6,2024-10-13,24-168,GNB,,ARI,W 34-13,8.80,14.80,14.8,11.8,39,53.4,0,0.0,3,11.1,WR,ReedJa03
1451,Demarcus Robinson,8.80,76,Sun,5,5,2024-10-06,30-015,LAR,,GNB,L 19-24,8.80,11.80,11.8,10.3,76,97.4,0,0.0,0,0.0,WR,RobiDe01
1452,Curtis Samuel,8.80,41,Sun,11,11,2022-11-20,26-101,WAS,@,HOU,W 23-10,8.80,9.80,9.8,9.3,41,60.3,0,0.0,0,0.0,WR,SamuCu00
1453,JuJu Smith-Schuster,8.80,83,Sun,8,9,2022-11-06,25-349,KAN,,TEN,W 20-17 (OT),8.80,18.80,18.8,13.8,83,83.0,0,0.0,0,0.0,WR,SmitJu00
1454,Jaylen Waddle,8.80,49,Sun,7,7,2022-10-23,23-332,MIA,,PIT,W 16-10,8.80,12.80,12.8,10.8,49,79.0,0,0.0,0,0.0,WR,WaddJa00
1455,Xavier Worthy,8.80,56,Mon,5,5,2024-10-07,21-163,KAN,,NOR,W 26-13,8.80,11.80,11.8,10.3,56,66.7,0,0.0,0,0.0,WR,WortXa00
1456,Keon Coleman,8.70,63,Sun,16,17,2024-12-29,21-226,BUF,,NYJ,W 40-14,8.70,11.70,11.7,10.2,63,90.0,0,0.0,0,0.0,WR,ColeKe02
1457,Nico Collins,8.70,38,Sun,16,17,2023-12-31,24-287,HOU,,TEN,W 26-3,8.70,15.70,15.7,12.2,38,62.3,0,0.0,0,0.0,WR,CollNi00
1458,Stefon Diggs,8.70,69,Sun,17,18,2024-01-07,30-039,BUF,@,MIA,W 21-14,8.70,15.70,15.7,12.2,69,88.5,0,0.0,0,0.0,WR,DiggSt00
1459,Greg Dortch,8.70,54,Sun,12,12,2023-11-26,25-181,ARI,,LAR,L 14-37,8.70,11.70,11.7,10.2,54,76.1,0,0.0,9,32.1,WR,DortGr01
1460,Jahan Dotson,8.70,56,Sun,4,4,2023-10-01,23-193,WAS,@,PHI,L 31-34 (OT),8.70,12.70,12.7,10.7,56,71.8,0,0.0,0,0.0,WR,DotsJa00
1461,Romeo Doubs,8.70,70,Sun,4,4,2022-10-02,22-172,GNB,,NWE,W 27-24 (OT),8.70,13.70,14.7,11.2,70,95.9,0,0.0,0,0.0,WR,DoubRo00
1462,Mike Evans,8.70,55,Sun,8,9,2023-11-05,30-076,TAM,@,HOU,L 37-39,8.70,12.70,12.7,10.7,55,83.3,0,0.0,0,0.0,WR,EvanMi00
1463,Zay Flowers,8.70,54,Sun,1,1,2023-09-10,22-364,BAL,,HOU,W 25-9,8.70,17.70,17.7,13.2,54,84.4,0,0.0,0,0.0,WR,FlowZa00
1464,Tyreek Hill,8.70,46,Mon,9,10,2024-11-11,30-255,MIA,@,LAR,W 23-15,8.70,11.70,11.7,10.2,46,86.8,0,0.0,1,3.6,WR,HillTy00
1465,Van Jefferson,8.70,17,Sun,9,10,2022-11-13,26-110,LAR,,ARI,L 17-27,8.70,11.70,11.7,10.2,17,28.3,0,0.0,0,0.0,WR,JeffVa00
1466,Cooper Kupp,8.70,61,Sun,16,17,2023-12-31,30-199,LAR,@,NYG,W 26-25,8.70,12.70,12.7,10.7,61,98.4,0,0.0,1,3.3,WR,KuppCo00
1467,Drake London,8.70,11,Sun,9,9,2024-11-03,23-102,ATL,,DAL,W 27-21,8.70,10.70,10.7,9.7,11,19.3,0,0.0,0,0.0,WR,LondDr00
1468,Terrace Marshall Jr.,8.70,74,Sun,8,8,2022-10-30,22-143,CAR,@,ATL,L 34-37 (OT),8.70,12.70,12.7,10.7,74,92.5,0,0.0,0,0.0,WR,MarsTe00
1469,Ladd McConkey,8.70,51,Thu,15,16,2024-12-19,23-038,LAC,,DEN,W 34-27,8.70,14.70,14.7,11.7,51,78.5,0,0.0,1,3.4,WR,McCoLa00
1470,Chris Moore,8.70,30,Sun,10,11,2023-11-19,30-156,TEN,@,JAX,L 14-34,8.70,9.70,9.7,9.2,30,75.0,0,0.0,4,16.0,WR,MoorCh00
1471,Chris Olave,8.70,58,Sun,4,4,2024-09-29,24-094,NOR,@,ATL,L 24-26,8.70,16.70,16.7,12.7,58,78.4,0,0.0,0,0.0,WR,OlavCh00
1472,DeVonta Smith,8.70,72,Sun,5,5,2022-10-09,23-329,PHI,@,ARI,W 20-17,8.70,18.70,18.7,13.7,72,98.6,0,0.0,0,0.0,WR,SmitDe07
1473,Courtland Sutton,8.70,40,Sun,4,4,2023-10-01,27-356,DEN,@,CHI,W 31-28,8.70,11.70,11.7,10.2,40,83.3,0,0.0,0,0.0,WR,SuttCo00
1474,Cedrick Wilson Jr.,8.70,59,Sun,16,17,2023-12-31,28-041,MIA,@,BAL,L 19-56,8.70,10.70,10.7,9.7,59,85.5,0,0.0,0,0.0,WR,WilsCe01
1475,Drake London,8.68,66,Sun,5,5,2023-10-08,22-076,ATL,,HOU,W 21-19,8.68,14.68,14.7,11.7,66,85.7,0,0.0,0,0.0,WR,LondDr00
1476,Davante Adams,8.60,62,Sun,10,10,2023-11-12,30-323,LVR,,NYJ,W 16-12,8.60,14.60,14.6,11.6,62,96.9,0,0.0,0,0.0,WR,AdamDa01
1477,Keenan Allen,8.60,63,Sun,14,15,2022-12-18,30-235,LAC,,TEN,W 17-14,8.60,16.60,16.6,12.6,63,88.7,0,0.0,0,0.0,WR,AlleKe00
1478,Keenan Allen,8.60,65,Sun,11,12,2023-11-26,31-213,LAC,,BAL,L 10-20,8.60,22.60,26.6,15.6,65,98.5,0,0.0,0,0.0,WR,AlleKe00
1479,Braxton Berrios,8.60,16,Sun,6,6,2022-10-16,27-010,NYJ,@,GNB,W 27-10,8.60,9.60,9.6,9.1,16,29.1,0,0.0,8,27.6,WR,BerrBr00
1480,Jake Bobo,8.60,18,Sun,7,8,2023-10-29,25-086,SEA,,CLE,W 24-20,8.60,10.60,10.6,9.6,18,31.0,0,0.0,9,34.6,WR,BoboJa00
1481,A.J. Brown,8.60,77,Sun,11,12,2022-11-27,25-150,PHI,,GNB,W 40-33,8.60,12.60,13.6,10.6,77,96.3,0,0.0,1,3.2,WR,BrowAJ00
1482,Treylon Burks,8.60,47,Thu,16,17,2022-12-29,22-281,TEN,,DAL,L 13-27,8.60,12.60,12.6,10.6,47,72.3,0,0.0,0,0.0,WR,BurkTr00
1483,Nico Collins,8.60,55,Sun,3,3,2024-09-22,25-187,HOU,@,MIN,L 7-34,8.60,12.60,12.6,10.6,55,82.1,0,0.0,0,0.0,WR,CollNi00
1484,Derius Davis,8.60,14,Sat,16,17,2024-12-28,24-108,LAC,@,NWE,W 40-7,8.60,10.60,10.6,9.6,14,17.7,0,0.0,6,23.1,WR,DaviDe02
1485,Mack Hollins,8.60,65,Sun,10,10,2024-11-10,31-055,BUF,@,IND,W 30-20,8.60,12.60,12.6,10.6,65,87.8,0,0.0,0,0.0,WR,HollMa00
1486,Julio Jones,8.60,32,Sun,1,1,2022-09-11,33-220,TAM,@,DAL,W 19-3,8.60,11.60,11.6,10.1,32,51.6,0,0.0,0,0.0,WR,JoneJu02
1487,CeeDee Lamb,8.60,45,Sun,1,1,2024-09-08,25-153,DAL,@,CLE,W 33-17,8.60,13.60,13.6,11.1,45,71.4,0,0.0,0,0.0,WR,LambCe00
1488,Chris Olave,8.60,61,Mon,2,2,2023-09-18,23-083,NOR,@,CAR,W 20-17,8.60,14.60,14.6,11.6,61,79.2,0,0.0,0,0.0,WR,OlavCh00
1489,K.J. Osborn,8.60,22,Sun,7,7,2024-10-20,27-132,NWE,@,JAX,L 16-32,8.60,10.60,10.6,9.6,22,36.7,0,0.0,0,0.0,WR,OsboKJ00
1490,Trey Palmer,8.60,11,Sun,4,4,2024-09-29,23-180,TAM,,PHI,W 33-16,8.60,11.60,11.6,10.1,11,14.3,0,0.0,3,11.1,WR,PalmTr00
1491,George Pickens,8.60,49,Sun,12,13,2023-12-03,22-274,PIT,,ARI,L 10-24,8.60,12.60,12.6,10.6,49,80.3,0,0.0,0,0.0,WR,PickGe00
1492,Rashee Rice,8.60,20,Thu,1,1,2023-09-07,23-138,KAN,,DET,L 20-21,8.60,11.60,11.6,10.1,20,30.8,0,0.0,0,0.0,WR,RiceRa01
1493,Curtis Samuel,8.60,56,Sun,13,13,2022-12-04,26-115,WAS,@,NYG,T 20-20 (OT),8.60,14.60,14.6,11.6,56,65.9,0,0.0,0,0.0,WR,SamuCu00
1494,Deebo Samuel,8.60,42,Sun,8,8,2024-10-27,28-286,SFO,,DAL,W 30-24,8.60,12.60,12.6,10.6,42,61.8,0,0.0,0,0.0,WR,SamuDe00
1495,Darius Slayton,8.60,66,Sun,10,11,2022-11-20,25-312,NYG,,DET,L 18-31,8.60,13.60,13.6,11.1,66,86.8,0,0.0,0,0.0,WR,SlayDa01
1496,Equanimeous St. Brown,8.60,30,Sun,13,13,2022-12-04,26-065,CHI,,GNB,L 19-28,8.60,11.60,11.6,10.1,30,57.7,0,0.0,0,0.0,WR,St.BEq00
1497,Brian Thomas,8.60,45,Sun,11,11,2024-11-17,22-040,JAX,@,DET,L 6-52,8.60,13.60,13.6,11.1,45,93.8,0,0.0,0,0.0,WR,ThomBr06
1498,Brian Thomas,8.60,47,Sun,13,14,2024-12-08,22-061,JAX,@,TEN,W 10-6,8.60,16.60,16.6,12.6,47,79.7,0,0.0,0,0.0,WR,ThomBr06
1499,KaVontae Turpin,8.60,2,Sun,5,5,2023-10-08,27-067,DAL,@,SFO,L 10-42,8.60,9.60,9.6,9.1,2,4.1,0,0.0,5,18.5,WR,TurpKa00
1500,Marquez Valdes-Scantling,8.60,41,Sun,14,15,2022-12-18,28-069,KAN,@,HOU,W 30-24 (OT),8.60,11.60,11.6,10.1,41,53.2,0,0.0,0,0.0,WR,ValdMa00
1501,Christian Watson,8.60,49,Mon,5,5,2023-10-09,24-150,GNB,@,LVR,L 13-17,8.60,11.60,11.6,10.1,49,84.5,0,0.0,0,0.0,WR,WatsCh00
1502,Dontayvion Wicks,8.60,36,Sun,2,2,2024-09-15,23-091,GNB,,IND,W 16-10,8.60,11.60,11.6,10.1,36,51.4,0,0.0,0,0.0,WR,WickDo00
1503,Mike Williams,8.60,61,Sun,2,2,2023-09-17,28-348,LAC,@,TEN,L 24-27 (OT),8.60,16.60,16.6,12.6,61,89.7,0,0.0,0,0.0,WR,WillMi07
1504,Michael Wilson,8.60,41,Sun,3,3,2023-09-24,23-213,ARI,,DAL,W 28-16,8.60,10.60,10.6,9.6,41,67.2,0,0.0,0,0.0,WR,WilsMi02
1505,Chase Claypool,8.54,61,Sun,8,8,2022-10-30,24-115,PIT,@,PHI,L 13-35,8.54,12.54,12.5,10.5,61,80.3,0,0.0,0,0.0,WR,ClayCh01
1506,Noah Brown,8.50,50,Sun,13,14,2022-12-11,26-339,DAL,,HOU,W 27-23,8.50,12.50,12.5,10.5,50,70.4,0,0.0,2,7.1,WR,BrowNo00
1507,Treylon Burks,8.50,10,Sun,12,13,2022-12-04,22-256,TEN,@,PHI,L 10-35,8.50,9.50,9.5,9.0,10,18.2,0,0.0,0,0.0,WR,BurkTr00
1508,Corey Davis,8.50,69,Sun,12,13,2022-12-04,27-327,NYJ,@,MIN,L 22-27,8.50,13.50,13.5,11.0,69,81.2,0,0.0,0,0.0,WR,DaviCo03
1509,Gabriel Davis,8.50,57,Sat,15,16,2022-12-24,23-267,BUF,@,CHI,W 35-13,8.50,11.50,12.5,10.0,57,89.1,0,0.0,0,0.0,WR,DaviGa01
1510,Mike Evans,8.50,23,Mon,7,7,2024-10-21,31-061,TAM,,BAL,L 31-41,8.50,9.50,9.5,9.0,23,28.0,0,0.0,0,0.0,WR,EvanMi00
1511,Mack Hollins,8.50,36,Sun,1,1,2024-09-08,30-358,BUF,,ARI,W 34-28,8.50,10.50,10.5,9.5,36,58.1,0,0.0,10,37.0,WR,HollMa00
1512,Jerry Jeudy,8.50,62,Sun,1,1,2024-09-08,25-137,CLE,,DAL,L 17-33,8.50,11.50,11.5,10.0,62,81.6,0,0.0,0,0.0,WR,JeudJe00
1513,Jerry Jeudy,8.50,48,Thu,11,12,2024-11-21,25-211,CLE,,PIT,W 24-19,8.50,14.50,14.5,11.5,48,82.8,0,0.0,0,0.0,WR,JeudJe00
1514,Diontae Johnson,8.50,61,Sun,7,8,2023-10-29,27-116,PIT,,JAX,L 10-20,8.50,16.50,16.5,12.5,61,91.0,0,0.0,0,0.0,WR,JohnDi01
1515,Jakobi Meyers,8.50,62,Sun,3,3,2023-09-24,26-319,LVR,,PIT,L 18-23,8.50,15.50,15.5,12.0,62,86.1,0,0.0,0,0.0,WR,MeyeJa01
1516,Elijah Moore,8.50,49,Sun,8,8,2024-10-27,24-214,CLE,,BAL,W 29-24,8.50,16.50,16.5,12.5,49,71.0,0,0.0,0,0.0,WR,MoorEl00
1517,Wan'Dale Robinson,8.50,46,Sun,17,18,2024-01-07,23-002,NYG,,PHI,W 27-10,8.50,13.50,13.5,11.0,46,68.7,0,0.0,0,0.0,WR,RobiWa01
1518,Deebo Samuel,8.50,52,Sun,5,5,2023-10-08,27-266,SFO,,DAL,W 42-10,8.50,11.50,11.5,10.0,52,73.2,0,0.0,0,0.0,WR,SamuDe00
1519,KaVontae Turpin,8.50,11,Sun,1,1,2023-09-10,27-039,DAL,@,NYG,W 40-0,8.50,10.50,10.5,9.5,11,19.0,0,0.0,4,16.7,WR,TurpKa00
1520,Jaylen Waddle,8.50,47,Sun,11,12,2022-11-27,24-002,MIA,,HOU,W 30-15,8.50,13.50,13.5,11.0,47,61.8,0,0.0,0,0.0,WR,WaddJa00
1521,Christian Watson,8.50,26,Thu,4,4,2023-09-28,24-139,GNB,,DET,L 20-34,8.50,10.50,10.5,9.5,26,45.6,0,0.0,0,0.0,WR,WatsCh00
1522,Nick Westbrook-Ikhine,8.50,44,Sun,2,2,2023-09-17,26-180,TEN,,LAC,W 27-24 (OT),8.50,11.50,11.5,10.0,44,67.7,0,0.0,16,53.3,WR,WestNi00
1523,Robert Woods,8.50,42,Sun,3,3,2022-09-25,30-168,TEN,,LVR,W 24-22,8.50,12.50,12.5,10.5,42,72.4,0,0.0,5,20.8,WR,WoodRo02
1524,Olamide Zaccheaus,8.50,18,Sun,4,4,2024-09-29,27-068,WAS,@,ARI,W 42-14,8.50,14.50,14.5,11.5,18,25.0,0,0.0,4,17.4,WR,ZaccOl01
1525,Ronnie Bell,8.40,31,Thu,3,3,2023-09-21,23-236,SFO,,NYG,W 30-12,8.40,10.40,10.4,9.4,31,37.3,0,0.0,6,21.4,WR,BellRo01
1526,A.J. Brown,8.40,50,Sun,7,8,2024-10-27,27-119,PHI,@,CIN,W 37-17,8.40,13.40,13.4,10.9,50,82.0,0,0.0,0,0.0,WR,BrowAJ00
1527,Keon Coleman,8.40,20,Mon,3,3,2024-09-23,21-129,BUF,,JAX,W 47-10,8.40,9.40,9.4,8.9,20,31.3,0,0.0,0,0.0,WR,ColeKe02
1528,Demario Douglas,8.40,50,Sun,10,10,2023-11-12,22-339,NWE,,IND,L 6-10,8.40,14.40,14.4,11.4,50,72.5,0,0.0,5,23.8,WR,DougDe00
1529,Michael Gallup,8.40,39,Sun,4,4,2022-10-02,26-212,DAL,,WAS,W 25-10,8.40,10.40,10.4,9.4,39,63.9,0,0.0,0,0.0,WR,GallMi00
1530,N'Keal Harry,8.40,50,Sun,8,8,2022-10-30,24-317,CHI,@,DAL,L 29-49,8.40,10.40,10.4,9.4,50,63.3,0,0.0,0,0.0,WR,HarrNK00
1531,Justin Jefferson,8.40,65,Sat,14,15,2023-12-16,24-183,MIN,@,CIN,L 24-27 (OT),8.40,15.40,15.4,11.9,65,95.6,0,0.0,0,0.0,WR,JeffJu00
1532,Diontae Johnson,8.40,58,Thu,3,3,2022-09-22,26-079,PIT,@,CLE,L 17-29,8.40,16.40,16.4,12.4,58,98.3,0,0.0,0,0.0,WR,JohnDi01
1533,Quentin Johnston,8.40,49,Sun,9,10,2024-11-10,23-065,LAC,,TEN,W 27-17,8.40,10.40,10.4,9.4,49,83.1,0,0.0,0,0.0,WR,JohnQu02
1534,Christian Kirk,8.40,52,Sun,4,4,2023-10-01,26-317,JAX,,ATL,W 23-7,8.40,16.40,16.4,12.4,52,78.8,0,0.0,4,18.2,WR,KirkCh01
1535,Christian Kirk,8.40,73,Sun,5,5,2023-10-08,26-324,JAX,@,BUF,W 25-20,8.40,14.40,14.4,11.4,73,83.0,0,0.0,2,8.0,WR,KirkCh01
1536,Christian Kirk,8.40,51,Sun,9,10,2023-11-12,26-359,JAX,,SFO,L 3-34,8.40,14.40,18.4,11.4,51,89.5,0,0.0,3,13.0,WR,KirkCh01
1537,D.K. Metcalf,8.40,74,Mon,4,4,2024-09-30,26-291,SEA,@,DET,L 29-42,8.40,15.40,19.4,11.9,74,82.2,0,0.0,0,0.0,WR,MetcDK00
1538,DeVante Parker,8.40,56,Sun,4,4,2022-10-02,29-255,NWE,@,GNB,L 24-27 (OT),8.40,10.40,10.4,9.4,56,96.6,0,0.0,0,0.0,WR,ParkDe01
1539,Michael Pittman Jr.,8.40,54,Sun,10,10,2023-11-12,26-038,IND,@,NWE,W 10-6,8.40,16.40,16.4,12.4,54,94.7,0,0.0,0,0.0,WR,PittMi01
1540,Brandon Powell,8.40,26,Sun,12,13,2022-12-04,27-083,LAR,,SEA,L 23-27,8.40,12.40,12.4,10.4,26,40.6,0,0.0,13,48.1,WR,PoweBr00
1541,Trent Sherfield,8.40,55,Sun,17,18,2024-01-07,27-316,BUF,@,MIA,W 21-14,8.40,11.40,11.4,9.9,55,70.5,0,0.0,9,50.0,WR,SherTr00
1542,DeVonta Smith,8.40,76,Fri,1,1,2024-09-06,25-297,PHI,,GNB,W 34-29,8.40,15.40,15.4,11.9,76,100.0,0,0.0,0,0.0,WR,SmitDe07
1543,Jaylen Waddle,8.40,46,Sun,2,2,2023-09-17,24-296,MIA,@,NWE,W 24-17,8.40,12.40,12.4,10.4,46,73.0,0,0.0,0,0.0,WR,WaddJa00
1544,Brandin Cooks,8.30,52,Sun,15,16,2023-12-24,30-090,DAL,@,MIA,L 20-22,8.30,10.30,10.3,9.3,52,78.8,0,0.0,0,0.0,WR,CookBr00
1545,Jahan Dotson,8.30,64,Sun,11,11,2023-11-19,23-242,WAS,,NYG,L 19-31,8.30,11.30,11.3,9.8,64,79.0,0,0.0,0,0.0,WR,DotsJa00
1546,Devin Duvernay,8.30,35,Sun,3,3,2022-09-25,25-013,BAL,@,NWE,W 37-26,8.30,10.30,10.3,9.3,35,58.3,0,0.0,7,25.9,WR,DuveDe00
1547,Mike Evans,8.30,60,Sun,14,15,2022-12-18,29-119,TAM,,CIN,L 23-34,8.30,13.30,13.3,10.8,60,81.1,0,0.0,0,0.0,WR,EvanMi00
1548,Quentin Johnston,8.30,60,Thu,14,15,2023-12-14,22-099,LAC,@,LVR,L 21-63,8.30,10.30,10.3,9.3,60,92.3,0,0.0,0,0.0,WR,JohnQu02
1549,Zay Jones,8.30,38,Sun,5,5,2023-10-08,28-192,JAX,@,BUF,W 25-20,8.30,11.30,11.3,9.8,38,43.2,0,0.0,0,0.0,WR,JoneZa00
1550,Xavier Legette,8.30,51,Sun,6,6,2024-10-13,23-258,CAR,,ATL,L 20-38,8.30,11.30,11.3,9.8,51,77.3,0,0.0,8,29.6,WR,LegeXa00
1551,Drake London,8.30,80,Sun,12,13,2024-12-01,23-130,ATL,,LAC,L 13-17,8.30,17.30,17.3,12.8,80,98.8,0,0.0,0,0.0,WR,LondDr00
1552,Ladd McConkey,8.30,59,Mon,11,12,2024-11-25,23-014,LAC,,BAL,L 23-30,8.30,14.30,14.3,11.3,59,85.5,0,0.0,0,0.0,WR,McCoLa00
1553,Elijah Moore,8.30,52,Sun,12,13,2023-12-03,23-251,CLE,@,LAR,L 19-36,8.30,12.30,12.3,10.3,52,73.2,0,0.0,0,0.0,WR,MoorEl00
1554,George Pickens,8.30,57,Sun,5,5,2022-10-09,21-219,PIT,@,BUF,L 3-38,8.30,14.30,14.3,11.3,57,76.0,0,0.0,0,0.0,WR,PickGe00
1555,Jayden Reed,8.30,53,Sun,7,8,2023-10-29,23-184,GNB,,MIN,L 10-24,8.30,12.30,12.3,10.3,53,77.9,0,0.0,1,4.3,WR,ReedJa03
1556,Calvin Ridley,8.30,61,Sun,8,8,2023-10-29,28-313,JAX,@,PIT,W 20-10,8.30,14.30,14.3,11.3,61,85.9,0,0.0,0,0.0,WR,RidlCa00
1557,Jaxon Smith-Njigba,8.30,56,Sun,14,15,2024-12-15,22-305,SEA,,GNB,L 13-30,8.30,18.30,18.3,13.3,56,94.9,0,0.0,0,0.0,WR,SmitJa06
1558,Christian Watson,8.30,18,Sun,4,4,2022-10-02,23-143,GNB,,NWE,W 27-24 (OT),8.30,9.30,9.3,8.8,18,24.7,0,0.0,6,18.8,WR,WatsCh00
1559,Nick Westbrook-Ikhine,8.30,64,Sun,13,14,2022-12-11,25-265,TEN,,JAX,L 22-36,8.30,11.30,11.3,9.8,64,95.5,0,0.0,0,0.0,WR,WestNi00
1560,Brandon Aiyuk,8.20,74,Sun,7,7,2022-10-23,24-220,SFO,,KAN,L 23-44,8.20,15.20,15.2,11.7,74,93.7,0,0.0,0,0.0,WR,AiyuBr00
1561,Keenan Allen,8.20,74,Sun,1,1,2023-09-10,31-136,LAC,,MIA,L 34-36,8.20,14.20,14.2,11.2,74,91.4,0,0.0,0,0.0,WR,AlleKe00
1562,Tutu Atwell,8.20,75,Sun,2,2,2023-09-17,23-345,LAR,,SFO,L 23-30,8.20,15.20,15.2,11.7,75,93.8,0,0.0,0,0.0,WR,AtweTu00
1563,Tutu Atwell,8.20,55,Sun,4,4,2024-09-29,24-358,LAR,@,CHI,L 18-24,8.20,12.20,12.2,10.2,55,90.2,0,0.0,0,0.0,WR,AtweTu00
1564,Nico Collins,8.20,44,Sun,4,4,2022-10-02,23-197,HOU,,LAC,L 24-34,8.20,11.20,11.2,9.7,44,77.2,0,0.0,0,0.0,WR,CollNi00
1565,Brandin Cooks,8.20,64,Sun,1,1,2022-09-11,28-351,HOU,,IND,T 20-20 (OT),8.20,15.20,15.2,11.7,64,91.4,0,0.0,0,0.0,WR,CookBr00
1566,Stefon Diggs,8.20,59,Sun,5,5,2024-10-06,30-312,HOU,,BUF,W 23-20,8.20,14.20,14.2,11.2,59,86.8,0,0.0,0,0.0,WR,DiggSt00
1567,Greg Dortch,8.20,62,Sun,16,17,2023-12-31,25-216,ARI,@,PHI,W 35-31,8.20,15.20,15.2,11.7,62,81.6,0,0.0,8,32.0,WR,DortGr01
1568,Ashton Dulin,8.20,32,Sun,2,2,2022-09-18,25-126,IND,@,JAX,L 0-24,8.20,13.20,13.2,10.7,32,64.0,0,0.0,11,55.0,WR,DuliAs00
1569,Isaiah Hodgins,8.20,20,Mon,13,14,2023-12-11,25-051,NYG,,GNB,W 24-22,8.20,10.20,10.2,9.2,20,35.7,0,0.0,0,0.0,WR,HodgIs00
1570,Diontae Johnson,8.20,52,Sun,13,14,2022-12-11,26-159,PIT,,BAL,L 14-16,8.20,14.20,14.2,11.2,52,94.5,0,0.0,0,0.0,WR,JohnDi01
1571,Marvin Jones,8.20,38,Sun,11,12,2022-11-27,32-260,JAX,,BAL,W 28-27,8.20,11.20,11.2,9.7,38,60.3,0,0.0,0,0.0,WR,JoneMa02
1572,CeeDee Lamb,8.20,64,Sun,8,9,2024-11-03,25-209,DAL,@,ATL,L 21-27,8.20,16.20,16.2,12.2,64,83.1,0,0.0,0,0.0,WR,LambCe00
1573,Terry McLaurin,8.20,66,Sun,2,2,2022-09-18,27-003,WAS,@,DET,L 27-36,8.20,12.20,12.2,10.2,66,89.2,0,0.0,0,0.0,WR,McLaTe00
1574,Darnell Mooney,8.20,59,Sun,9,9,2023-11-05,26-007,CHI,@,NOR,L 17-24,8.20,13.20,13.2,10.7,59,86.8,0,0.0,0,0.0,WR,MoonDa00
1575,Darnell Mooney,8.20,60,Sun,15,16,2024-12-22,27-054,ATL,,NYG,W 34-7,8.20,13.20,13.2,10.7,60,89.6,0,0.0,0,0.0,WR,MoonDa00
1576,D.J. Moore,8.20,55,Sun,4,4,2024-09-29,27-168,CHI,,LAR,W 24-18,8.20,11.20,11.2,9.7,55,91.7,0,0.0,0,0.0,WR,MoorD.00
1577,George Pickens,8.20,62,Sun,7,8,2023-10-29,22-239,PIT,,JAX,L 10-20,8.20,9.20,9.2,8.7,62,92.5,0,0.0,0,0.0,WR,PickGe00
1578,Amon-Ra St. Brown,8.20,57,Sun,14,15,2022-12-18,23-055,DET,@,NYJ,W 20-17,8.20,15.20,15.2,11.7,57,83.8,0,0.0,0,0.0,WR,StxxAm00
1579,Amon-Ra St. Brown,8.20,49,Sun,2,2,2023-09-17,23-328,DET,,SEA,L 31-37 (OT),8.20,14.20,18.2,11.2,49,74.2,0,0.0,0,0.0,WR,StxxAm00
1580,Adam Thielen,8.20,65,Sun,4,4,2023-10-01,33-040,CAR,,MIN,L 13-21,8.20,15.20,15.2,11.7,65,90.3,0,0.0,0,0.0,WR,ThieAd00
1581,Jalen Tolbert,8.20,60,Sun,2,2,2024-09-15,25-201,DAL,,NOR,L 19-44,8.20,14.20,14.2,11.2,60,85.7,0,0.0,0,0.0,WR,TolbJa00
1582,Jalen Tolbert,8.20,64,Sun,11,12,2024-11-24,25-271,DAL,@,WAS,W 34-26,8.20,10.20,10.2,9.2,64,97.0,0,0.0,2,5.3,WR,TolbJa00
1583,Tre Tucker,8.20,69,Sun,11,12,2024-11-24,23-261,LVR,,DEN,L 19-29,8.20,15.20,15.2,11.7,69,89.6,0,0.0,0,0.0,WR,TuckTr00
1584,Christian Watson,8.20,56,Sun,10,11,2023-11-19,24-191,GNB,,LAC,W 23-20,8.20,10.20,10.2,9.2,56,77.8,0,0.0,0,0.0,WR,WatsCh00
1585,Brandon Aiyuk,8.10,50,Sat,15,16,2022-12-24,24-282,SFO,,WAS,W 37-20,8.10,13.10,13.1,10.6,50,96.2,0,0.0,0,0.0,WR,AiyuBr00
1586,Ja'Marr Chase,8.10,60,Thu,4,4,2022-09-29,22-212,CIN,,MIA,W 27-15,8.10,12.10,12.1,10.1,60,93.8,0,0.0,0,0.0,WR,ChasJa00
1587,Ja'Marr Chase,8.10,38,Sun,11,12,2023-11-26,23-270,CIN,,PIT,L 10-16,8.10,12.10,12.1,10.1,38,88.4,0,0.0,0,0.0,WR,ChasJa00
1588,Josh Downs,8.10,61,Sun,6,6,2023-10-15,22-064,IND,@,JAX,L 20-37,8.10,13.10,13.1,10.6,61,78.2,0,0.0,0,0.0,WR,DownJo00
1589,Mike Evans,8.10,67,Sun,5,5,2022-10-09,29-049,TAM,,ATL,W 21-15,8.10,12.10,12.1,10.1,67,84.8,0,0.0,1,4.5,WR,EvanMi00
1590,Justin Jefferson,8.10,72,Sun,10,11,2024-11-17,25-154,MIN,@,TEN,W 23-13,8.10,14.10,14.1,11.1,72,98.6,0,0.0,0,0.0,WR,JeffJu00
1591,Jerry Jeudy,8.10,47,Sun,3,3,2023-09-24,24-153,DEN,@,MIA,L 20-70,8.10,13.10,13.1,10.6,47,75.8,0,0.0,0,0.0,WR,JeudJe00
1592,Julio Jones,8.10,39,Thu,8,8,2022-10-27,33-266,TAM,,BAL,L 22-27,8.10,10.10,10.1,9.1,39,57.4,0,0.0,0,0.0,WR,JoneJu02
1593,CeeDee Lamb,8.10,58,Sun,2,2,2022-09-18,23-163,DAL,,CIN,W 20-17,8.10,15.10,15.1,11.6,58,95.1,0,0.0,0,0.0,WR,LambCe00
1594,Tyler Lockett,8.10,50,Sun,15,16,2023-12-24,31-087,SEA,@,TEN,W 20-17,8.10,16.10,16.1,12.1,50,80.6,0,0.0,0,0.0,WR,LockTy00
1595,Ray-Ray McCloud,8.10,47,Sun,13,14,2024-12-08,28-054,ATL,@,MIN,L 21-42,8.10,16.10,17.1,12.1,47,63.5,0,0.0,7,25.9,WR,McClRa00
1596,Isaiah McKenzie,8.10,31,Sun,4,4,2022-10-02,27-176,BUF,@,BAL,W 23-20,8.10,12.10,12.1,10.1,31,48.4,0,0.0,5,20.0,WR,McKeIs00
1597,Terry McLaurin,8.10,43,Sun,6,6,2023-10-15,28-030,WAS,@,ATL,W 24-16,8.10,14.10,14.1,11.1,43,84.3,0,0.0,0,0.0,WR,McLaTe00
1598,D.K. Metcalf,8.10,69,Sat,15,16,2022-12-24,25-010,SEA,@,KAN,L 10-24,8.10,15.10,15.1,11.6,69,90.8,0,0.0,0,0.0,WR,MetcDK00
1599,Jalen Nailor,8.10,26,Sun,1,1,2024-09-08,25-190,MIN,@,NYG,W 28-6,8.10,9.10,9.1,8.6,26,47.3,0,0.0,0,0.0,WR,NailJa00
1600,Donovan Peoples-Jones,8.10,69,Mon,8,8,2022-10-31,23-254,CLE,,CIN,W 32-13,8.10,12.10,12.1,10.1,69,95.8,0,0.0,6,26.1,WR,PeopDo00
1601,Alec Pierce,8.10,47,Thu,5,5,2022-10-06,22-157,IND,@,DEN,W 12-9 (OT),8.10,16.10,16.1,12.1,47,59.5,0,0.0,0,0.0,WR,PierAl00
1602,Jayden Reed,8.10,31,Sun,6,7,2023-10-22,23-177,GNB,@,DEN,L 17-19,8.10,11.10,11.1,9.6,31,48.4,0,0.0,1,4.0,WR,ReedJa03
1603,Jayden Reed,8.10,40,Mon,15,16,2024-12-23,24-239,GNB,,NOR,W 34-0,8.10,11.10,11.1,9.6,40,58.0,0,0.0,4,19.0,WR,ReedJa03
1604,Deebo Samuel,8.10,53,Mon,16,17,2024-12-30,28-350,SFO,,DET,L 34-40,8.10,9.10,9.1,8.6,53,82.8,0,0.0,8,29.6,WR,SamuDe00
1605,Devaughn Vele,8.10,36,Thu,15,16,2024-12-19,27-007,DEN,@,LAC,L 27-34,8.10,10.10,10.1,9.1,36,56.3,0,0.0,0,0.0,WR,VeleDe00
1606,Devontez Walker,8.10,11,Sun,14,15,2024-12-15,23-179,BAL,@,NYG,W 35-14,8.10,9.10,9.1,8.6,11,18.6,0,0.0,15,71.4,WR,WalkDe01
1607,Garrett Wilson,8.10,57,Sun,7,7,2024-10-20,24-090,NYJ,@,PIT,L 15-37,8.10,13.10,13.1,10.6,57,100.0,0,0.0,0,0.0,WR,WilsGa00
1608,Michael Wilson,8.10,55,Sun,6,6,2024-10-13,24-233,ARI,@,GNB,L 13-34,8.10,10.10,10.1,9.1,55,94.8,0,0.0,0,0.0,WR,WilsMi02
1609,Olamide Zaccheaus,8.10,26,Sun,2,2,2022-09-18,25-057,ATL,@,LAR,L 27-31,8.10,10.10,10.1,9.1,26,42.6,0,0.0,1,4.3,WR,ZaccOl01
1610,A.J. Brown,8.00,73,Mon,15,16,2023-12-25,26-178,PHI,,NYG,W 33-25,8.00,14.00,14.0,11.0,73,97.3,0,0.0,0,0.0,WR,BrowAJ00
1611,Ja'Marr Chase,8.00,49,Sun,6,6,2023-10-15,23-228,CIN,,SEA,W 17-13,8.00,14.00,14.0,11.0,49,90.7,0,0.0,0,0.0,WR,ChasJa00
1612,Nico Collins,8.00,55,Sun,1,1,2023-09-10,24-175,HOU,@,BAL,L 9-25,8.00,14.00,14.0,11.0,55,71.4,0,0.0,0,0.0,WR,CollNi00
1613,Nico Collins,8.00,46,Sun,6,6,2023-10-15,24-210,HOU,,NOR,W 20-13,8.00,12.00,12.0,10.0,46,73.0,0,0.0,0,0.0,WR,CollNi00
1614,Greg Dortch,8.00,67,Sun,3,3,2022-09-25,24-119,ARI,,LAR,L 12-20,8.00,17.00,17.0,12.5,67,80.7,0,0.0,3,12.0,WR,DortGr01
1615,Mecole Hardman,8.00,29,Mon,5,5,2022-10-10,24-212,KAN,,LVR,W 30-29,8.00,12.00,12.0,10.0,29,40.3,0,0.0,0,0.0,WR,HardMe00
1616,Tyreek Hill,8.00,59,Sun,8,9,2024-11-03,30-247,MIA,@,BUF,L 27-30,8.00,12.00,12.0,10.0,59,96.7,0,0.0,0,0.0,WR,HillTy00
1617,Cooper Kupp,8.00,63,Mon,9,10,2024-11-11,31-149,LAR,,MIA,L 15-23,8.00,15.00,15.0,11.5,63,90.0,0,0.0,0,0.0,WR,KuppCo00
1618,Chris Moore,8.00,36,Sun,6,7,2022-10-23,29-129,HOU,@,LVR,L 20-38,8.00,10.00,10.0,9.0,36,55.4,0,0.0,0,0.0,WR,MoorCh00
1619,DeVante Parker,8.00,47,Thu,11,12,2022-11-24,29-308,NWE,@,MIN,L 26-33,8.00,12.00,12.0,10.0,47,85.5,0,0.0,0,0.0,WR,ParkDe01
1620,Alec Pierce,8.00,29,Sun,4,4,2022-10-02,22-153,IND,,TEN,L 17-24,8.00,12.00,12.0,10.0,29,43.9,0,0.0,0,0.0,WR,PierAl00
1621,Josh Reynolds,8.00,49,Thu,1,1,2023-09-07,28-203,DET,@,KAN,W 21-20,8.00,12.00,12.0,10.0,49,70.0,0,0.0,0,0.0,WR,ReynJo00
1622,Ben Skowronek,8.00,5,Sun,8,8,2023-10-29,26-124,LAR,@,DAL,L 20-43,8.00,9.00,9.0,8.5,5,8.1,0,0.0,21,70.0,WR,SkowBe00
1623,DeVonta Smith,8.00,72,Mon,2,2,2022-09-19,23-309,PHI,,MIN,W 24-7,8.00,15.00,15.0,11.5,72,98.6,0,0.0,0,0.0,WR,SmitDe07
1624,Amon-Ra St. Brown,8.00,60,Sun,10,11,2022-11-20,23-027,DET,@,NYG,W 31-18,8.00,15.00,15.0,11.5,60,89.6,0,0.0,1,3.8,WR,StxxAm00
1625,Courtland Sutton,8.00,59,Sun,10,11,2022-11-20,27-041,DEN,,LVR,L 16-22 (OT),8.00,13.00,13.0,10.5,59,92.2,0,0.0,0,0.0,WR,SuttCo00
1626,Jalen Tolbert,8.00,17,Sun,15,16,2024-12-22,25-299,DAL,,TAM,W 26-24,8.00,10.00,10.0,9.0,17,28.3,0,0.0,0,0.0,WR,TolbJa00
1627,Devaughn Vele,8.00,44,Sun,12,12,2024-11-24,26-348,DEN,@,LVR,W 29-19,8.00,14.00,14.0,11.0,44,64.7,0,0.0,0,0.0,WR,VeleDe00
1628,Jameson Williams,8.00,55,Thu,13,14,2024-12-05,23-254,DET,,GNB,W 34-31,8.00,13.00,13.0,10.5,55,68.8,0,0.0,0,0.0,WR,WillJa11
1629,A.J. Brown,7.90,60,Sun,1,1,2023-09-10,26-072,PHI,@,NWE,W 25-20,7.90,14.90,14.9,11.4,60,90.9,0,0.0,0,0.0,WR,BrowAJ00
1630,Randall Cobb,7.90,22,Sun,12,12,2022-11-27,32-097,GNB,@,PHI,L 33-40,7.90,9.90,9.9,8.9,22,44.9,0,0.0,0,0.0,WR,CobbRa00
1631,Chris Godwin,7.90,52,Sun,12,13,2023-12-03,27-279,TAM,,CAR,W 21-18,7.90,7.90,7.9,7.9,52,83.9,0,0.0,0,0.0,WR,GodwCh00
1632,Chris Godwin,7.90,59,Sun,15,16,2023-12-24,27-300,TAM,,JAX,W 30-12,7.90,13.90,13.9,10.9,59,79.7,0,0.0,1,5.0,WR,GodwCh00
1633,Jerry Jeudy,7.90,67,Sun,8,8,2024-10-27,25-186,CLE,,BAL,W 29-24,7.90,12.90,12.9,10.4,67,97.1,0,0.0,0,0.0,WR,JeudJe00
1634,Diontae Johnson,7.90,39,Sun,6,7,2023-10-22,27-109,PIT,@,LAR,W 24-17,7.90,12.90,12.9,10.4,39,66.1,0,0.0,0,0.0,WR,JohnDi01
1635,Tyler Johnson,7.90,51,Sun,1,1,2024-09-08,26-014,LAR,@,DET,L 20-26 (OT),7.90,12.90,12.9,10.4,51,65.4,0,0.0,1,3.8,WR,JohnTy00
1636,Christian Kirk,7.90,52,Mon,3,3,2024-09-23,27-310,JAX,@,BUF,L 10-47,7.90,15.90,15.9,11.9,52,73.2,0,0.0,0,0.0,WR,KirkCh01
1637,Isaiah McKenzie,7.90,26,Thu,1,1,2022-09-08,27-152,BUF,@,LAR,W 31-10,7.90,9.90,9.9,8.9,26,44.1,0,0.0,2,10.5,WR,McKeIs00
1638,Curtis Samuel,7.90,57,Sun,7,7,2022-10-23,26-073,WAS,,GNB,W 23-21,7.90,12.90,12.9,10.4,57,77.0,0,0.0,0,0.0,WR,SamuCu00
1639,Curtis Samuel,7.90,45,Sun,8,8,2022-10-30,26-080,WAS,@,IND,W 17-16,7.90,10.90,10.9,9.4,45,73.8,0,0.0,0,0.0,WR,SamuCu00
1640,Deebo Samuel,7.90,44,Sun,3,3,2022-09-25,26-253,SFO,@,DEN,L 10-11,7.90,12.90,12.9,10.4,44,78.6,0,0.0,0,0.0,WR,SamuDe00
1641,Rashid Shaheed,7.90,47,Sun,16,17,2023-01-01,24-123,NOR,@,PHI,W 20-10,7.90,13.90,13.9,10.9,47,68.1,0,0.0,9,34.6,WR,ShahRa00
1642,Darius Slayton,7.90,33,Sun,5,5,2022-10-09,25-270,NYG,@,GNB,W 27-22,7.90,13.90,13.9,10.9,33,54.1,0,0.0,0,0.0,WR,SlayDa01
1643,Darius Slayton,7.90,68,Sat,15,16,2022-12-24,25-346,NYG,@,MIN,L 24-27,7.90,11.90,11.9,9.9,68,98.6,0,0.0,0,0.0,WR,SlayDa01
1644,DeVonta Smith,7.90,43,Mon,9,10,2022-11-14,24-000,PHI,,WAS,L 21-32,7.90,13.90,14.9,10.9,43,86.0,0,0.0,0,0.0,WR,SmitDe07
1645,DeVonta Smith,7.90,55,Sun,3,3,2024-09-22,25-313,PHI,@,NOR,W 15-12,7.90,14.90,14.9,11.4,55,76.4,0,0.0,0,0.0,WR,SmitDe07
1646,Jaxon Smith-Njigba,7.90,49,Sun,12,13,2024-12-01,22-291,SEA,@,NYJ,W 26-21,7.90,11.90,11.9,9.9,49,76.6,0,0.0,0,0.0,WR,SmitJa06
1647,Jalen Tolbert,7.90,73,Sun,8,9,2024-11-03,25-250,DAL,@,ATL,L 21-27,7.90,10.90,10.9,9.4,73,94.8,0,0.0,0,0.0,WR,TolbJa00
1648,Jaylen Waddle,7.90,59,Mon,13,14,2023-12-11,25-016,MIA,,TEN,L 27-28,7.90,13.90,13.9,10.9,59,81.9,0,0.0,1,3.2,WR,WaddJa00
1649,Romeo Doubs,7.80,56,Sun,7,8,2023-10-29,23-199,GNB,,MIN,L 10-24,7.80,11.80,11.8,9.8,56,82.4,0,0.0,0,0.0,WR,DoubRo00
1650,Romeo Doubs,7.80,54,Sun,16,17,2024-12-29,24-260,GNB,@,MIN,L 25-27,7.80,14.80,14.8,11.3,54,85.7,0,0.0,0,0.0,WR,DoubRo00
1651,Demario Douglas,7.80,43,Thu,3,3,2024-09-19,23-286,NWE,@,NYJ,L 3-24,7.80,14.80,14.8,11.3,43,82.7,0,0.0,0,0.0,WR,DougDe00
1652,Devin Duvernay,7.80,47,Sun,5,5,2022-10-09,25-027,BAL,,CIN,W 19-17,7.80,12.80,12.8,10.3,47,72.3,0,0.0,8,34.8,WR,DuveDe00
1653,Xavier Gipson,7.80,48,Sun,12,13,2023-12-03,22-270,NYJ,,ATL,L 8-13,7.80,12.80,12.8,10.3,48,70.6,0,0.0,13,46.4,WR,GipsXa00
1654,Zay Jones,7.80,64,Mon,12,13,2023-12-04,28-249,JAX,,CIN,L 31-34 (OT),7.80,12.80,12.8,10.3,64,92.8,0,0.0,0,0.0,WR,JoneZa00
1655,D.K. Metcalf,7.80,56,Mon,14,15,2023-12-18,26-004,SEA,,PHI,W 20-17,7.80,12.80,12.8,10.3,56,91.8,0,0.0,0,0.0,WR,MetcDK00
1656,Josh Palmer,7.80,52,Sun,13,14,2024-12-08,25-077,LAC,@,KAN,L 17-19,7.80,13.80,13.8,10.8,52,86.7,0,0.0,0,0.0,WR,PalmJo00
1657,George Pickens,7.80,42,Sun,13,14,2022-12-11,21-282,PIT,,BAL,L 14-16,7.80,10.80,10.8,9.3,42,76.4,0,0.0,0,0.0,WR,PickGe00
1658,Michael Pittman Jr.,7.80,21,Sat,14,15,2023-12-16,26-072,IND,,PIT,W 30-13,7.80,11.80,11.8,9.8,21,31.3,0,0.0,0,0.0,WR,PittMi01
1659,Jayden Reed,7.80,26,Sun,10,11,2024-11-17,24-203,GNB,@,CHI,W 20-19,7.80,9.80,9.8,8.8,26,56.5,0,0.0,2,11.1,WR,ReedJa03
1660,Wan'Dale Robinson,7.80,35,Sun,2,2,2024-09-15,23-254,NYG,@,WAS,L 18-21,7.80,9.80,9.8,8.8,35,62.5,0,0.0,0,0.0,WR,RobiWa01
1661,DeVonta Smith,7.80,64,Sun,10,11,2022-11-20,24-006,PHI,@,IND,W 17-16,7.80,13.80,13.8,10.8,64,94.1,0,0.0,0,0.0,WR,SmitDe07
1662,DeVonta Smith,7.80,70,Sun,4,4,2023-10-01,24-321,PHI,,WAS,W 34-31 (OT),7.80,14.80,14.8,11.3,70,98.6,0,0.0,0,0.0,WR,SmitDe07
1663,Equanimeous St. Brown,7.80,44,Sun,1,1,2022-09-11,25-346,CHI,,SFO,W 19-10,7.80,8.80,8.8,8.3,44,75.9,0,0.0,0,0.0,WR,St.BEq00
1664,Courtland Sutton,7.80,52,Sun,11,11,2024-11-17,29-038,DEN,,ATL,W 38-6,7.80,14.80,14.8,11.3,52,83.9,0,0.0,0,0.0,WR,SuttCo00
1665,DJ Turner,7.80,25,Sun,4,4,2024-09-29,27-255,LVR,,CLE,W 20-16,7.80,7.80,7.8,7.8,25,42.4,0,0.0,0,0.0,WR,TurnDJ00
1666,Devaughn Vele,7.80,34,Sun,6,6,2024-10-13,26-306,DEN,,LAC,L 16-23,7.80,11.80,11.8,9.8,34,61.8,0,0.0,0,0.0,WR,VeleDe00
1667,Jaylen Waddle,7.80,43,Sun,1,1,2023-09-10,24-289,MIA,@,LAC,W 36-34,7.80,11.80,11.8,9.8,43,64.2,0,0.0,0,0.0,WR,WaddJa00
1668,Kristian Wilkerson,7.80,27,Sun,6,6,2024-10-13,27-277,LVR,,PIT,L 13-32,7.80,9.80,9.8,8.8,27,42.9,0,0.0,0,0.0,WR,WilkKr00
1669,Garrett Wilson,7.80,72,Sun,13,14,2022-12-11,22-142,NYJ,@,BUF,L 12-20,7.80,13.80,13.8,10.8,72,97.3,0,0.0,0,0.0,WR,WilsGa00
1670,Michael Wilson,7.80,42,Sun,5,5,2024-10-06,24-226,ARI,@,SFO,W 24-23,7.80,12.80,12.8,10.3,42,72.4,0,0.0,0,0.0,WR,WilsMi02
1671,Keenan Allen,7.70,50,Mon,8,9,2023-11-06,31-193,LAC,@,NYJ,W 27-6,7.70,15.70,15.7,11.7,50,86.2,0,0.0,0,0.0,WR,AlleKe00
1672,Jalen Brooks,7.70,20,Sun,14,15,2024-12-15,24-222,DAL,@,CAR,W 30-14,7.70,8.70,8.7,8.2,20,27.4,0,0.0,15,60.0,WR,BrooJa03
1673,Parris Campbell,7.70,48,Sun,4,4,2024-09-29,27-075,PHI,@,TAM,L 16-33,7.70,11.70,11.7,9.7,48,84.2,0,0.0,1,3.7,WR,CampPa00
1674,Corey Davis,7.70,57,Sun,1,1,2022-09-11,27-243,NYJ,,BAL,L 9-24,7.70,13.70,13.7,10.7,57,67.9,0,0.0,0,0.0,WR,DaviCo03
1675,Stefon Diggs,7.70,38,Sun,8,8,2024-10-27,30-333,HOU,,IND,W 23-20,7.70,12.70,12.7,10.2,38,53.5,0,0.0,0,0.0,WR,DiggSt00
1676,Chris Godwin,7.70,47,Sun,5,6,2023-10-15,27-230,TAM,,DET,L 6-20,7.70,13.70,13.7,10.7,47,83.9,0,0.0,0,0.0,WR,GodwCh00
1677,Mecole Hardman,7.70,58,Sun,17,18,2024-01-07,25-301,KAN,@,LAC,W 13-12,7.70,13.70,13.7,10.7,58,100.0,0,0.0,0,0.0,WR,HardMe00
1678,Tee Higgins,7.70,45,Sun,6,6,2024-10-13,25-269,CIN,@,NYG,W 17-7,7.70,14.70,14.7,11.2,45,84.9,0,0.0,0,0.0,WR,HiggTe00
1679,Van Jefferson,7.70,46,Sun,16,17,2023-01-01,26-159,LAR,@,LAC,L 10-31,7.70,10.70,10.7,9.2,46,93.9,0,0.0,0,0.0,WR,JeffVa00
1680,Diontae Johnson,7.70,51,Sun,2,2,2022-09-18,26-075,PIT,,NWE,L 14-17,7.70,13.70,13.7,10.7,51,86.4,0,0.0,0,0.0,WR,JohnDi01
1681,Marvin Jones,7.70,46,Sun,14,15,2022-12-18,32-281,JAX,,DAL,W 40-34 (OT),7.70,9.70,9.7,8.7,46,65.7,0,0.0,0,0.0,WR,JoneMa02
1682,CeeDee Lamb,7.70,62,Sun,6,6,2022-10-16,23-191,DAL,@,PHI,L 17-26,7.70,12.70,12.7,10.2,62,92.5,0,0.0,0,0.0,WR,LambCe00
1683,CeeDee Lamb,7.70,46,Sun,1,1,2023-09-10,24-155,DAL,@,NYG,W 40-0,7.70,11.70,11.7,9.7,46,79.3,0,0.0,0,0.0,WR,LambCe00
1684,Tyler Lockett,7.70,36,Sun,1,1,2024-09-08,31-346,SEA,,DEN,W 26-20,7.70,13.70,13.7,10.7,36,53.7,0,0.0,0,0.0,WR,LockTy00
1685,Ryan Miller,7.70,33,Sun,15,16,2024-12-22,24-306,TAM,@,DAL,L 24-26,7.70,9.70,9.7,8.7,33,45.8,0,0.0,16,53.3,WR,MillRy01
1686,Josh Palmer,7.70,56,Sun,4,4,2023-10-01,24-009,LAC,,LVR,W 24-17,7.70,10.70,10.7,9.2,56,86.2,0,0.0,0,0.0,WR,PalmJo00
1687,Ricky Pearsall,7.70,40,Sun,8,8,2024-10-27,24-048,SFO,,DAL,W 30-24,7.70,11.70,11.7,9.7,40,58.8,0,0.0,0,0.0,WR,PearRi00
1688,George Pickens,7.70,54,Mon,11,12,2022-11-28,21-269,PIT,@,IND,W 24-17,7.70,10.70,10.7,9.2,54,78.3,0,0.0,0,0.0,WR,PickGe00
1689,Michael Pittman Jr.,7.70,84,Sun,3,3,2023-09-24,25-354,IND,@,BAL,W 22-19 (OT),7.70,16.70,16.7,12.2,84,100.0,0,0.0,0,0.0,WR,PittMi01
1690,Rashee Rice,7.70,41,Sun,9,9,2023-11-05,23-197,KAN,,MIA,W 21-14,7.70,9.70,9.7,8.7,41,68.3,0,0.0,0,0.0,WR,RiceRa01
1691,Rashid Shaheed,7.70,57,Sun,4,4,2024-09-29,26-029,NOR,@,ATL,L 24-26,7.70,15.70,16.7,11.7,57,77.0,0,0.0,10,35.7,WR,ShahRa00
1692,Jeff Smith,7.70,29,Sun,14,15,2022-12-18,25-241,NYJ,,DET,L 17-20,7.70,11.70,11.7,9.7,29,46.0,0,0.0,4,14.3,WR,SmitJe03
1693,JuJu Smith-Schuster,7.70,41,Sun,3,3,2024-09-22,27-305,KAN,@,ATL,W 22-17,7.70,9.70,9.7,8.7,41,55.4,0,0.0,0,0.0,WR,SmitJu00
1694,Shi Smith,7.70,24,Sun,13,14,2022-12-11,24-046,CAR,@,SEA,W 30-24,7.70,9.70,9.7,8.7,24,33.3,0,0.0,4,14.3,WR,SmitSh03
1695,Amon-Ra St. Brown,7.70,55,Sun,17,18,2025-01-05,25-073,DET,,MIN,W 31-9,7.70,13.70,13.7,10.7,55,80.9,0,0.0,0,0.0,WR,StxxAm00
1696,Nick Westbrook-Ikhine,7.70,55,Sun,15,16,2024-12-22,27-276,TEN,@,IND,L 30-38,7.70,9.70,9.7,8.7,55,90.2,0,0.0,0,0.0,WR,WestNi00
1697,Brandon Aiyuk,7.60,61,Sun,6,6,2023-10-15,25-212,SFO,@,CLE,L 17-19,7.60,11.60,11.6,9.6,61,98.4,0,0.0,0,0.0,WR,AiyuBr00
1698,Tutu Atwell,7.60,24,Sun,11,12,2023-11-26,24-050,LAR,@,ARI,W 37-14,7.60,10.60,10.6,9.1,24,35.8,0,0.0,0,0.0,WR,AtweTu00
1699,Treylon Burks,7.60,42,Sun,2,2,2023-09-17,23-178,TEN,,LAC,W 27-24 (OT),7.60,10.60,10.6,9.1,42,64.6,0,0.0,0,0.0,WR,BurkTr00
1700,DJ Chark,7.60,52,Thu,11,12,2022-11-24,26-062,DET,,BUF,L 25-28,7.60,9.60,9.6,8.6,52,73.2,0,0.0,0,0.0,WR,CharDJ00
1701,Brandin Cooks,7.60,30,Thu,12,13,2024-11-28,31-064,DAL,,NYG,W 27-20,7.60,10.60,10.6,9.1,30,39.5,0,0.0,0,0.0,WR,CookBr00
1702,Gabriel Davis,7.60,53,Mon,10,10,2023-11-13,24-226,BUF,,DEN,L 22-24,7.60,9.60,9.6,8.6,53,98.1,0,0.0,0,0.0,WR,DaviGa01
1703,Greg Dortch,7.60,46,Sun,11,11,2023-11-19,25-174,ARI,@,HOU,L 16-21,7.60,13.60,13.6,10.6,46,75.4,0,0.0,6,33.3,WR,DortGr01
1704,Mecole Hardman,7.60,39,Sun,1,1,2022-09-11,24-183,KAN,@,ARI,W 44-21,7.60,10.60,10.6,9.1,39,55.7,0,0.0,1,3.7,WR,HardMe00
1705,Tyreek Hill,7.60,50,Sun,16,17,2023-12-31,29-305,MIA,@,BAL,L 19-56,7.60,13.60,13.6,10.6,50,72.5,0,0.0,0,0.0,WR,HillTy00
1706,Lil'Jordan Humphrey,7.60,37,Sat,14,15,2023-12-16,25-241,DEN,@,DET,L 17-42,7.60,10.60,10.6,9.1,37,57.8,0,0.0,0,0.0,WR,HumpLi01
1707,Jerry Jeudy,7.60,51,Sun,14,15,2022-12-18,23-238,DEN,,ARI,W 24-15,7.60,14.60,14.6,11.1,51,73.9,0,0.0,0,0.0,WR,JeudJe00
1708,Diontae Johnson,7.60,42,Sun,16,17,2023-12-31,27-179,PIT,@,SEA,W 30-23,7.60,11.60,11.6,9.6,42,58.3,0,0.0,1,3.6,WR,JohnDi01
1709,Tyler Lockett,7.60,58,Sun,3,3,2022-09-25,29-362,SEA,,ATL,L 23-27,7.60,16.60,16.6,12.1,58,81.7,0,0.0,1,4.0,WR,LockTy00
1710,Drake London,7.60,55,Sat,15,16,2022-12-24,21-153,ATL,@,BAL,L 9-17,7.60,14.60,15.6,11.1,55,77.5,0,0.0,0,0.0,WR,LondDr00
1711,Terrace Marshall Jr.,7.60,53,Sun,11,11,2022-11-20,22-164,CAR,@,BAL,L 3-13,7.60,10.60,10.6,9.1,53,93.0,0,0.0,0,0.0,WR,MarsTe00
1712,Terry McLaurin,7.60,62,Sun,5,5,2022-10-09,27-024,WAS,,TEN,L 17-21,7.60,12.60,12.6,10.1,62,98.4,0,0.0,0,0.0,WR,McLaTe00
1713,Bo Melton,7.60,45,Sun,17,18,2024-01-07,24-234,GNB,,CHI,W 17-9,7.60,12.60,12.6,10.1,45,75.0,0,0.0,0,0.0,WR,MeltBo00
1714,Denzel Mims,7.60,44,Sun,8,8,2022-10-30,25-020,NYJ,,NWE,L 17-22,7.60,9.60,9.6,8.6,44,74.6,0,0.0,0,0.0,WR,MimsDe00
1715,Rondale Moore,7.60,38,Sun,5,5,2023-10-08,23-121,ARI,,CIN,L 20-34,7.60,10.60,10.6,9.1,38,66.7,0,0.0,0,0.0,WR,MoorRo02
1716,Jalen Nailor,7.60,44,Sun,6,7,2024-10-20,25-232,MIN,,DET,L 29-31,7.60,11.60,11.6,9.6,44,73.3,0,0.0,0,0.0,WR,NailJa00
1717,Donovan Peoples-Jones,7.60,61,Sun,6,6,2022-10-16,23-239,CLE,,NWE,L 15-38,7.60,11.60,11.6,9.6,61,87.1,0,0.0,0,0.0,WR,PeopDo00
1718,Dante Pettis,7.60,20,Sun,17,18,2025-01-05,29-074,NOR,@,TAM,L 19-27,7.60,9.60,9.6,8.6,20,30.3,0,0.0,9,32.1,WR,PettDa00
1719,Alec Pierce,7.60,44,Sun,13,13,2024-12-01,24-213,IND,@,NWE,W 25-24,7.60,9.60,9.6,8.6,44,71.0,0,0.0,0,0.0,WR,PierAl00
1720,Kalif Raymond,7.60,54,Sun,7,8,2022-10-30,28-083,DET,,MIA,L 27-31,7.60,10.60,10.6,9.1,54,90.0,0,0.0,1,4.0,WR,RaymKa00
1721,Deebo Samuel,7.60,50,Sun,9,10,2024-11-10,28-300,SFO,@,TAM,W 23-20,7.60,12.60,12.6,10.1,50,78.1,0,0.0,1,3.4,WR,SamuDe00
1722,Amon-Ra St. Brown,7.60,55,Sat,15,16,2022-12-24,23-061,DET,@,CAR,L 23-37,7.60,14.60,14.6,11.1,55,83.3,0,0.0,0,0.0,WR,StxxAm00
1723,Mike Williams,7.60,58,Mon,15,16,2022-12-26,28-083,LAC,@,IND,W 20-3,7.60,11.60,11.6,9.6,58,85.3,0,0.0,0,0.0,WR,WillMi07
1724,Davante Adams,7.50,63,Sun,4,4,2023-10-01,30-281,LVR,@,LAC,L 17-24,7.50,15.50,15.5,11.5,63,86.3,0,0.0,0,0.0,WR,AdamDa01
1725,Randall Cobb,7.50,13,Sun,13,14,2023-12-10,33-110,NYJ,,HOU,W 30-6,7.50,8.50,8.5,8.0,13,19.1,0,0.0,0,0.0,WR,CobbRa00
1726,Gabriel Davis,7.50,61,Thu,12,13,2022-12-01,23-244,BUF,@,NWE,W 24-10,7.50,9.50,9.5,8.5,61,81.3,0,0.0,1,4.2,WR,DaviGa01
1727,Zay Flowers,7.50,43,Sun,7,7,2023-10-22,23-041,BAL,,DET,W 38-6,7.50,11.50,11.5,9.5,43,71.7,0,0.0,0,0.0,WR,FlowZa00
1728,Troy Franklin,7.50,27,Sun,11,11,2024-11-17,21-285,DEN,,ATL,W 38-6,7.50,9.50,9.5,8.5,27,43.5,0,0.0,0,0.0,WR,FranTr00
1729,Russell Gage,7.50,30,Sun,17,18,2023-01-08,26-351,TAM,@,ATL,L 17-30,7.50,10.50,10.5,9.0,30,54.5,0,0.0,0,0.0,WR,GageRu00
1730,Chris Godwin,7.50,61,Thu,8,8,2022-10-27,26-242,TAM,,BAL,L 22-27,7.50,13.50,13.5,10.5,61,89.7,0,0.0,0,0.0,WR,GodwCh00
1731,Malik Heath,7.50,15,Sun,11,12,2024-11-24,24-238,GNB,,SFO,W 38-10,7.50,9.50,9.5,8.5,15,20.8,0,0.0,3,12.0,WR,HeatMa00
1732,KhaDarel Hodge,7.50,29,Sun,8,8,2023-10-29,28-299,ATL,@,TEN,L 23-28,7.50,10.50,10.5,9.0,29,42.6,0,0.0,20,57.1,WR,HodgKh00
1733,Jalin Hyatt,7.50,48,Sun,7,7,2023-10-22,22-027,NYG,,WAS,W 14-7,7.50,9.50,9.5,8.5,48,70.6,0,0.0,0,0.0,WR,HyatJa00
1734,Van Jefferson,7.50,42,Sun,7,7,2024-10-20,28-086,PIT,,NYJ,W 37-15,7.50,9.50,9.5,8.5,42,61.8,0,0.0,0,0.0,WR,JeffVa00
1735,Tyler Lockett,7.50,49,Sun,5,5,2024-10-06,32-008,SEA,,NYG,L 20-29,7.50,11.50,11.5,9.5,49,84.5,0,0.0,0,0.0,WR,LockTy00
1736,D.K. Metcalf,7.50,60,Sun,2,2,2023-09-17,25-277,SEA,@,DET,W 37-31 (OT),7.50,13.50,13.5,10.5,60,83.3,0,0.0,1,3.6,WR,MetcDK00
1737,George Pickens,7.50,55,Sun,3,3,2023-09-24,22-204,PIT,@,LVR,W 23-18,7.50,11.50,11.5,9.5,55,88.7,0,0.0,1,3.4,WR,PickGe00
1738,George Pickens,7.50,46,Sun,1,1,2024-09-08,23-188,PIT,@,ATL,W 18-10,7.50,13.50,13.5,10.5,46,67.6,0,0.0,0,0.0,WR,PickGe00
1739,Michael Pittman Jr.,7.50,64,Sun,11,11,2022-11-20,25-046,IND,,PHI,L 16-17,7.50,13.50,13.5,10.5,64,98.5,0,0.0,0,0.0,WR,PittMi01
1740,Brandon Powell,7.50,52,Sun,9,9,2023-11-05,28-054,MIN,@,ATL,W 31-28,7.50,9.50,9.5,8.5,52,69.3,0,0.0,4,12.1,WR,PoweBr00
1741,Jayden Reed,7.50,38,Thu,4,4,2023-09-28,23-153,GNB,,DET,L 20-34,7.50,10.50,10.5,9.0,38,66.7,0,0.0,3,10.0,WR,ReedJa03
1742,Josh Reynolds,7.50,54,Thu,11,12,2023-11-23,28-280,DET,,GNB,L 22-29,7.50,9.50,9.5,8.5,54,64.3,0,0.0,0,0.0,WR,ReynJo00
1743,Demarcus Robinson,7.50,51,Sun,11,12,2024-11-24,30-064,LAR,,PHI,L 20-37,7.50,9.50,9.5,8.5,51,79.7,0,0.0,0,0.0,WR,RobiDe01
1744,Rashid Shaheed,7.50,36,Mon,13,13,2022-12-05,24-096,NOR,@,TAM,L 16-17,7.50,11.50,11.5,9.5,36,61.0,0,0.0,9,33.3,WR,ShahRa00
1745,Courtland Sutton,7.50,56,Sun,11,12,2022-11-27,27-048,DEN,@,CAR,L 10-23,7.50,13.50,13.5,10.5,56,93.3,0,0.0,0,0.0,WR,SuttCo00
1746,Parker Washington,7.50,59,Sun,17,18,2025-01-05,22-290,JAX,@,IND,L 23-26 (OT),7.50,9.50,9.5,8.5,59,85.5,0,0.0,1,2.9,WR,WashPa01
1747,Jameson Williams,7.50,44,Sat,16,17,2023-12-30,22-279,DET,@,DAL,L 19-20,7.50,9.50,9.5,8.5,44,63.8,0,0.0,0,0.0,WR,WillJa11
1748,Mike Williams,7.50,55,Sun,3,3,2022-09-25,27-356,LAC,,JAX,L 10-38,7.50,8.50,8.5,8.0,55,90.2,0,0.0,0,0.0,WR,WillMi07
1749,Davante Adams,7.40,77,Sun,11,12,2022-11-27,29-338,LVR,@,SEA,W 40-34 (OT),7.40,14.40,14.4,10.9,77,100.0,0,0.0,0,0.0,WR,AdamDa01
1750,Keenan Allen,7.40,44,Sun,10,11,2022-11-20,30-207,LAC,,KAN,L 27-30,7.40,12.40,13.4,9.9,44,67.7,0,0.0,0,0.0,WR,AlleKe00
1751,Rashod Bateman,7.40,50,Sat,15,16,2024-12-21,25-022,BAL,,PIT,W 34-17,7.40,8.40,8.4,7.9,50,80.6,0,0.0,0,0.0,WR,BateRa00
1752,Braxton Berrios,7.40,13,Sun,5,5,2022-10-09,27-003,NYJ,,MIA,W 40-17,7.40,8.40,8.4,7.9,13,22.0,0,0.0,8,27.6,WR,BerrBr00
1753,A.J. Brown,7.40,51,Sun,13,14,2023-12-10,26-163,PHI,@,DAL,L 13-33,7.40,16.40,17.4,11.9,51,92.7,0,0.0,0,0.0,WR,BrowAJ00
1754,Amari Cooper,7.40,57,Sun,7,7,2022-10-23,28-128,CLE,@,BAL,L 20-23,7.40,10.40,10.4,8.9,57,95.0,0,0.0,0,0.0,WR,CoopAm00
1755,Stefon Diggs,7.40,64,Sun,3,3,2022-09-25,28-300,BUF,@,MIA,L 19-21,7.40,14.40,14.4,10.9,64,69.6,0,0.0,0,0.0,WR,DiggSt00
1756,Demario Douglas,7.40,37,Sun,7,7,2023-10-22,22-318,NWE,,BUF,W 29-25,7.40,11.40,11.4,9.4,37,61.7,0,0.0,1,4.2,WR,DougDe00
1757,Demario Douglas,7.40,43,Sun,15,16,2023-12-24,23-016,NWE,@,DEN,W 26-23,7.40,12.40,12.4,9.9,43,74.1,0,0.0,0,0.0,WR,DougDe00
1758,Ashton Dulin,7.40,20,Sun,13,13,2022-12-04,25-203,IND,@,DAL,L 19-54,7.40,8.40,8.4,7.9,20,27.8,0,0.0,21,67.7,WR,DuliAs00
1759,DeSean Jackson,7.40,10,Sun,11,12,2022-11-27,35-361,BAL,@,JAX,L 27-28,7.40,9.40,9.4,8.4,10,13.9,0,0.0,0,0.0,WR,JackDe00
1760,Jerry Jeudy,7.40,40,Sat,14,15,2023-12-16,24-236,DEN,@,DET,L 17-42,7.40,10.40,10.4,8.9,40,62.5,0,0.0,0,0.0,WR,JeudJe00
1761,Drake London,7.40,54,Sun,1,1,2022-09-11,21-049,ATL,,NOR,L 26-27,7.40,12.40,12.4,9.9,54,72.0,0,0.0,0,0.0,WR,LondDr00
1762,Scott Miller,7.40,23,Sun,8,8,2023-10-29,26-090,ATL,@,TEN,L 23-28,7.40,9.40,9.4,8.4,23,33.8,0,0.0,7,20.0,WR,MillSc01
1763,George Pickens,7.40,53,Mon,8,8,2024-10-28,23-238,PIT,,NYG,W 26-18,7.40,11.40,11.4,9.4,53,80.3,0,0.0,0,0.0,WR,PickGe00
1764,Alec Pierce,7.40,56,Sun,11,11,2024-11-17,24-199,IND,@,NYJ,W 28-27,7.40,10.40,10.4,8.9,56,80.0,0,0.0,0,0.0,WR,PierAl00
1765,Amon-Ra St. Brown,7.40,61,Sun,13,14,2022-12-11,23-048,DET,,MIN,W 34-23,7.40,13.40,13.4,10.4,61,87.1,0,0.0,1,3.4,WR,StxxAm00
1766,Courtland Sutton,7.40,68,Thu,5,5,2022-10-06,26-361,DEN,,IND,L 9-12 (OT),7.40,12.40,12.4,9.9,68,93.2,0,0.0,0,0.0,WR,SuttCo00
1767,Adam Thielen,7.40,53,Sun,10,11,2023-11-19,33-089,CAR,,DAL,L 10-33,7.40,15.40,15.4,11.4,53,89.8,0,0.0,0,0.0,WR,ThieAd00
1768,Adam Thielen,7.40,65,Sun,13,14,2023-12-10,33-110,CAR,@,NOR,L 6-28,7.40,12.40,12.4,9.9,65,81.3,0,0.0,0,0.0,WR,ThieAd00
1769,Robert Woods,7.40,72,Sun,2,2,2023-09-17,31-160,HOU,,IND,L 20-31,7.40,13.40,13.4,10.4,72,85.7,0,0.0,3,10.3,WR,WoodRo02
1770,Davante Adams,7.30,63,Sat,17,18,2023-01-07,30-014,LVR,,KAN,L 13-31,7.30,12.30,12.3,9.8,63,90.0,0,0.0,0,0.0,WR,AdamDa01
1771,Davante Adams,7.30,58,Sun,12,12,2023-11-26,30-337,LVR,,KAN,L 17-31,7.30,12.30,12.3,9.8,58,100.0,0,0.0,0,0.0,WR,AdamDa01
1772,Ja'Marr Chase,7.30,50,Sun,4,4,2023-10-01,23-214,CIN,@,TEN,L 3-27,7.30,14.30,14.3,10.8,50,94.3,0,0.0,0,0.0,WR,ChasJa00
1773,Randall Cobb,7.30,34,Thu,11,11,2022-11-17,32-087,GNB,,TEN,L 17-27,7.30,13.30,13.3,10.3,34,55.7,0,0.0,1,4.5,WR,CobbRa00
1774,Brandin Cooks,7.30,44,Sun,7,8,2022-10-30,29-035,HOU,,TEN,L 10-17,7.30,11.30,11.3,9.3,44,81.5,0,0.0,0,0.0,WR,CookBr00
1775,Alex Erickson,7.30,36,Thu,14,15,2023-12-14,31-038,LAC,@,LVR,L 21-63,7.30,8.30,8.3,7.8,36,55.4,0,0.0,0,0.0,WR,EricAl01
1776,Zay Flowers,7.30,69,Sun,5,5,2023-10-08,23-027,BAL,@,PIT,L 10-17,7.30,12.30,12.3,9.8,69,98.6,0,0.0,0,0.0,WR,FlowZa00
1777,Zay Flowers,7.30,47,Sun,10,10,2023-11-12,23-062,BAL,,CLE,L 31-33,7.30,12.30,12.3,9.8,47,87.0,0,0.0,0,0.0,WR,FlowZa00
1778,Jerry Jeudy,7.30,57,Sun,2,2,2024-09-15,25-144,CLE,@,JAX,W 18-13,7.30,12.30,12.3,9.8,57,79.2,0,0.0,0,0.0,WR,JeudJe00
1779,Jerry Jeudy,7.30,79,Sun,9,9,2024-11-03,25-193,CLE,,LAC,L 10-27,7.30,14.30,14.3,10.8,79,100.0,0,0.0,0,0.0,WR,JeudJe00
1780,Allen Lazard,7.30,55,Sun,2,2,2022-09-18,26-281,GNB,,CHI,W 27-10,7.30,9.30,9.3,8.3,55,80.9,0,0.0,0,0.0,WR,LazaAl00
1781,Terry McLaurin,7.30,67,Sun,9,9,2023-11-05,28-051,WAS,@,NWE,W 20-17,7.30,12.30,12.3,9.8,67,85.9,0,0.0,0,0.0,WR,McLaTe00
1782,Ty Montgomery,7.30,21,Sun,1,1,2022-09-11,29-232,NWE,@,MIA,L 7-20,7.30,10.30,10.3,8.8,21,36.8,0,0.0,7,36.8,WR,MontTy01
1783,Malik Nabers,7.30,60,Thu,12,13,2024-11-28,21-123,NYG,@,DAL,L 20-27,7.30,15.30,15.3,11.3,60,95.2,0,0.0,0,0.0,WR,NabeMa00
1784,Donovan Peoples-Jones,7.30,49,Sun,16,17,2023-01-01,23-316,CLE,@,WAS,W 24-10,7.30,8.30,8.3,7.8,49,86.0,0,0.0,1,4.8,WR,PeopDo00
1785,Kalif Raymond,7.30,24,Sun,5,6,2024-10-13,30-066,DET,@,DAL,W 47-9,7.30,11.30,11.3,9.3,24,35.3,0,0.0,6,21.4,WR,RaymKa00
1786,Calvin Ridley,7.30,72,Sun,8,9,2024-11-03,29-319,TEN,,NWE,W 20-17 (OT),7.30,12.30,12.3,9.8,72,93.5,0,0.0,0,0.0,WR,RidlCa00
1787,Calvin Ridley,7.30,33,Sun,17,18,2025-01-05,30-016,TEN,,HOU,L 14-23,7.30,10.30,10.3,8.8,33,53.2,0,0.0,0,0.0,WR,RidlCa00
1788,Rashid Shaheed,7.30,57,Sun,6,6,2024-10-13,26-043,NOR,,TAM,L 27-51,7.30,8.30,8.3,7.8,57,81.4,0,0.0,12,32.4,WR,ShahRa00
1789,Amon-Ra St. Brown,7.30,57,Sun,3,3,2022-09-25,22-336,DET,@,MIN,L 24-28,7.30,13.30,13.3,10.3,57,73.1,0,0.0,0,0.0,WR,StxxAm00
1790,Amon-Ra St. Brown,7.30,66,Thu,12,13,2024-11-28,25-035,DET,,CHI,W 23-20,7.30,12.30,12.3,9.8,66,94.3,0,0.0,0,0.0,WR,StxxAm00
1791,Jaylen Waddle,7.30,65,Thu,12,13,2024-11-28,26-003,MIA,@,GNB,L 17-30,7.30,11.30,11.3,9.3,65,91.5,0,0.0,0,0.0,WR,WaddJa00
1792,Christian Watson,7.30,42,Fri,1,1,2024-09-06,25-117,GNB,@,PHI,L 29-34,7.30,10.30,10.3,8.8,42,62.7,0,0.0,0,0.0,WR,WatsCh00
1793,Dontayvion Wicks,7.30,42,Mon,15,16,2024-12-23,23-190,GNB,,NOR,W 34-0,7.30,10.30,10.3,8.8,42,60.9,0,0.0,0,0.0,WR,WickDo00
1794,Davante Adams,7.20,65,Sun,2,2,2022-09-18,29-268,LVR,,ARI,L 23-29 (OT),7.20,9.20,9.2,8.2,65,97.0,0,0.0,0,0.0,WR,AdamDa01
1795,Davante Adams,7.20,48,Sun,11,11,2024-11-17,31-329,NYJ,,IND,L 27-28,7.20,13.20,13.2,10.2,48,94.1,0,0.0,0,0.0,WR,AdamDa01
1796,Nelson Agholor,7.20,22,Sun,7,7,2023-10-22,30-151,BAL,,DET,W 38-6,7.20,8.20,8.2,7.7,22,36.7,0,0.0,0,0.0,WR,AghoNe00
1797,Ronnie Bell,7.20,3,Mon,15,16,2023-12-25,23-331,SFO,,BAL,L 19-33,7.20,8.20,8.2,7.7,3,4.3,0,0.0,4,14.8,WR,BellRo01
1798,Ja'Marr Chase,7.20,60,Thu,10,11,2023-11-16,23-260,CIN,@,BAL,L 20-34,7.20,9.20,9.2,8.2,60,98.4,0,0.0,0,0.0,WR,ChasJa00
1799,Ja'Marr Chase,7.20,49,Sun,6,6,2024-10-13,24-226,CIN,@,NYG,W 17-7,7.20,12.20,12.2,9.7,49,92.5,0,0.0,0,0.0,WR,ChasJa00
1800,Amari Cooper,7.20,62,Sat,15,16,2022-12-24,28-190,CLE,,NOR,L 10-17,7.20,13.20,13.2,10.2,62,88.6,0,0.0,0,0.0,WR,CoopAm00
1801,Tank Dell,7.20,47,Sun,12,12,2024-11-24,25-026,HOU,,TEN,L 27-32,7.20,10.20,10.2,8.7,47,83.9,0,0.0,0,0.0,WR,DellNa00
1802,Jahan Dotson,7.20,49,Sun,17,18,2023-01-08,22-292,WAS,,DAL,W 26-6,7.20,10.20,10.2,8.7,49,74.2,0,0.0,0,0.0,WR,DotsJa00
1803,Romeo Doubs,7.20,52,Sun,12,13,2023-12-03,23-234,GNB,,KAN,W 27-19,7.20,11.20,11.2,9.2,52,81.3,0,0.0,0,0.0,WR,DoubRo00
1804,Romeo Doubs,7.20,59,Sun,8,8,2024-10-27,24-197,GNB,@,JAX,W 30-27,7.20,10.20,10.2,8.7,59,84.3,0,0.0,0,0.0,WR,DoubRo00
1805,Josh Downs,7.20,57,Sun,8,8,2023-10-29,22-078,IND,,NOR,L 27-38,7.20,14.20,14.2,10.7,57,80.3,0,0.0,0,0.0,WR,DownJo00
1806,Josh Downs,7.20,44,Sun,10,10,2024-11-10,23-090,IND,,BUF,L 20-30,7.20,14.20,14.2,10.7,44,68.8,0,0.0,2,8.0,WR,DownJo00
1807,Russell Gage,7.20,25,Sun,13,14,2022-12-11,26-323,TAM,@,SFO,L 7-35,7.20,9.20,9.2,8.2,25,32.9,0,0.0,0,0.0,WR,GageRu00
1808,Xavier Gipson,7.20,30,Sun,13,14,2023-12-10,22-277,NYJ,,HOU,W 30-6,7.20,8.20,8.2,7.7,30,44.1,0,0.0,10,34.5,WR,GipsXa00
1809,Deonte Harty,7.20,14,Sun,17,18,2024-01-07,26-034,BUF,@,MIA,W 21-14,7.20,8.20,8.2,7.7,14,17.9,0,0.0,5,27.8,WR,HarrDe07
1810,Tee Higgins,7.20,45,Sun,13,14,2023-12-10,24-326,CIN,,IND,W 34-14,7.20,9.20,9.2,8.2,45,75.0,0,0.0,0,0.0,WR,HiggTe00
1811,Tyreek Hill,7.20,55,Sun,7,7,2022-10-23,28-236,MIA,,PIT,W 16-10,7.20,14.20,14.2,10.7,55,88.7,0,0.0,0,0.0,WR,HillTy00
1812,Tyreek Hill,7.20,47,Sun,4,4,2023-10-01,29-214,MIA,@,BUF,L 20-48,7.20,10.20,10.2,8.7,47,72.3,0,0.0,0,0.0,WR,HillTy00
1813,Tyreek Hill,7.20,57,Sun,7,8,2024-10-27,30-240,MIA,,ARI,L 27-28,7.20,13.20,13.2,10.2,57,87.7,0,0.0,0,0.0,WR,HillTy00
1814,Isaiah Hodgins,7.20,18,Sun,12,12,2023-11-26,25-036,NYG,,NWE,W 10-7,7.20,8.20,8.2,7.7,18,34.6,0,0.0,0,0.0,WR,HodgIs00
1815,DeAndre Hopkins,7.20,47,Sun,16,17,2023-12-31,31-208,TEN,@,HOU,L 3-26,7.20,14.20,14.2,10.7,47,85.5,0,0.0,0,0.0,WR,HopkDe00
1816,Jerry Jeudy,7.20,51,Sun,4,4,2024-09-29,25-158,CLE,@,LVR,L 16-20,7.20,13.20,13.2,10.2,51,86.4,0,0.0,0,0.0,WR,JeudJe00
1817,Jakobi Meyers,7.20,68,Sun,5,5,2024-10-06,27-332,LVR,@,DEN,L 18-34,7.20,13.20,13.2,10.2,68,97.1,0,0.0,0,0.0,WR,MeyeJa01
1818,D.J. Moore,7.20,86,Sun,3,3,2024-09-22,27-161,CHI,@,IND,L 16-21,7.20,15.20,15.2,11.2,86,95.6,0,0.0,0,0.0,WR,MoorD.00
1819,Puka Nacua,7.20,53,Mon,3,3,2023-09-25,22-119,LAR,@,CIN,L 16-19,7.20,12.20,12.2,9.7,53,96.4,0,0.0,0,0.0,WR,NacuPu00
1820,Chris Olave,7.20,57,Sun,5,5,2023-10-08,23-103,NOR,@,NWE,W 34-0,7.20,9.20,9.2,8.2,57,79.2,0,0.0,0,0.0,WR,OlavCh00
1821,Josh Palmer,7.20,51,Sun,7,8,2024-10-27,25-035,LAC,,NOR,W 26-8,7.20,9.20,9.2,8.2,51,77.3,0,0.0,0,0.0,WR,PalmJo00
1822,Michael Pittman Jr.,7.20,67,Sun,3,3,2022-09-25,24-355,IND,,KAN,W 20-17,7.20,15.20,15.2,11.2,67,94.4,0,0.0,0,0.0,WR,PittMi01
1823,Michael Pittman Jr.,7.20,71,Sun,17,18,2025-01-05,27-092,IND,,JAX,W 26-23 (OT),7.20,13.20,13.2,10.2,71,91.0,0,0.0,0,0.0,WR,PittMi01
1824,Ja'Lynn Polk,7.20,41,Sun,2,2,2024-09-15,22-157,NWE,,SEA,L 20-23 (OT),7.20,9.20,9.2,8.2,41,60.3,0,0.0,0,0.0,WR,PolkJa00
1825,Byron Pringle,7.20,31,Sun,12,12,2022-11-27,29-010,CHI,@,NYJ,L 10-31,7.20,9.20,9.2,8.2,31,54.4,0,0.0,0,0.0,WR,PrinBy00
1826,Rashee Rice,7.20,35,Thu,6,6,2023-10-12,23-173,KAN,,DEN,W 19-8,7.20,11.20,11.2,9.2,35,49.3,0,0.0,0,0.0,WR,RiceRa01
1827,Demarcus Robinson,7.20,57,Sun,16,17,2023-12-31,29-101,LAR,@,NYG,W 26-25,7.20,13.20,14.2,10.2,57,91.9,0,0.0,0,0.0,WR,RobiDe01
1828,Demarcus Robinson,7.20,62,Sun,17,18,2025-01-05,30-106,LAR,,SEA,L 25-30,7.20,10.20,10.2,8.7,62,93.9,0,0.0,0,0.0,WR,RobiDe01
1829,Demarcus Robinson,7.20,23,Sun,2,2,2022-09-18,27-362,BAL,,MIA,L 38-42,7.20,8.20,8.2,7.7,23,39.0,0,0.0,0,0.0,WR,RobiDe01
1830,Deebo Samuel,7.20,48,Sun,4,4,2024-09-29,28-258,SFO,,NWE,W 30-13,7.20,10.20,10.2,8.7,48,76.2,0,0.0,2,7.7,WR,SamuDe00
1831,Jaxon Smith-Njigba,7.20,33,Sun,16,17,2023-12-31,21-320,SEA,,PIT,L 23-30,7.20,8.20,8.2,7.7,33,67.3,0,0.0,0,0.0,WR,SmitJa06
1832,Courtland Sutton,7.20,63,Mon,1,1,2022-09-12,26-337,DEN,@,SEA,L 16-17,7.20,11.20,11.2,9.2,63,95.5,0,0.0,0,0.0,WR,SuttCo00
1833,Adam Thielen,7.20,65,Sun,7,8,2023-10-29,33-068,CAR,,HOU,W 15-13,7.20,15.20,15.2,11.2,65,97.0,0,0.0,0,0.0,WR,ThieAd00
1834,Adam Thielen,7.20,70,Sun,4,4,2022-10-02,32-041,MIN,@,NOR,W 28-25,7.20,15.20,15.2,11.2,70,97.2,0,0.0,0,0.0,WR,ThieAd00
1835,Adam Thielen,7.20,37,Sun,17,18,2023-01-08,32-139,MIN,@,CHI,W 29-13,7.20,9.20,9.2,8.2,37,52.1,0,0.0,0,0.0,WR,ThieAd00
1836,Nick Westbrook-Ikhine,7.20,59,Sun,5,5,2022-10-09,25-202,TEN,@,WAS,W 21-17,7.20,9.20,9.2,8.2,59,92.2,0,0.0,0,0.0,WR,WestNi00
1837,Davante Adams,7.10,58,Thu,13,14,2022-12-08,29-349,LVR,@,LAR,L 16-17,7.10,10.10,10.1,8.6,58,96.7,0,0.0,1,4.0,WR,AdamDa01
1838,Tutu Atwell,7.10,30,Sun,12,13,2022-12-04,23-058,LAR,,SEA,L 23-27,7.10,9.10,9.1,8.1,30,46.9,0,0.0,0,0.0,WR,AtweTu00
1839,Rashod Bateman,7.10,47,Sun,6,6,2024-10-13,24-319,BAL,,WAS,W 30-23,7.10,11.10,11.1,9.1,47,69.1,0,0.0,0,0.0,WR,BateRa00
1840,Noah Brown,7.10,51,Sun,12,12,2024-11-24,28-323,WAS,,DAL,L 26-34,7.10,13.10,13.1,10.1,51,72.9,0,0.0,0,0.0,WR,BrowNo00
1841,Parris Campbell,7.10,46,Sun,8,8,2022-10-30,25-106,IND,,WAS,L 16-17,7.10,9.10,9.1,8.1,46,79.3,0,0.0,0,0.0,WR,CampPa00
1842,River Cracraft,7.10,9,Sun,3,3,2022-09-25,27-328,MIA,,BUF,W 21-19,7.10,8.10,8.1,7.6,9,20.9,0,0.0,0,0.0,WR,CracRi00
1843,Demario Douglas,7.10,31,Sun,14,15,2024-12-15,24-007,NWE,@,ARI,L 17-30,7.10,10.10,10.1,8.6,31,60.8,0,0.0,0,0.0,WR,DougDe00
1844,Zay Flowers,7.10,68,Sun,13,13,2024-12-01,24-081,BAL,,PHI,L 19-24,7.10,10.10,10.1,8.6,68,94.4,0,0.0,0,0.0,WR,FlowZa00
1845,Lil'Jordan Humphrey,7.10,45,Sun,1,1,2023-09-10,25-144,DEN,,LVR,L 16-17,7.10,9.10,9.1,8.1,45,70.3,0,0.0,0,0.0,WR,HumpLi01
1846,Tyler Lockett,7.10,55,Sun,4,4,2022-10-02,30-004,SEA,@,DET,W 48-45,7.10,13.10,14.1,10.1,55,78.6,0,0.0,4,12.1,WR,LockTy00
1847,D.K. Metcalf,7.10,47,Sun,10,10,2022-11-13,24-334,SEA,@,TAM,L 16-21,7.10,13.10,13.1,10.1,47,90.4,0,0.0,0,0.0,WR,MetcDK00
1848,Adonai Mitchell,7.10,60,Sun,10,10,2024-11-10,22-033,IND,,BUF,L 20-30,7.10,13.10,13.1,10.1,60,93.8,0,0.0,0,0.0,WR,MitcAd00
1849,Malik Nabers,7.10,71,Mon,8,8,2024-10-28,21-092,NYG,@,PIT,L 18-26,7.10,14.10,14.1,10.6,71,98.6,0,0.0,0,0.0,WR,NabeMa00
1850,Chris Olave,7.10,46,Mon,9,9,2022-11-07,22-133,NOR,,BAL,L 13-27,7.10,13.10,13.1,10.1,46,90.2,0,0.0,0,0.0,WR,OlavCh00
1851,Donovan Peoples-Jones,7.10,61,Sun,4,4,2022-10-02,23-225,CLE,@,ATL,L 20-23,7.10,12.10,12.1,9.6,61,83.6,0,0.0,3,11.5,WR,PeopDo00
1852,Dante Pettis,7.10,46,Sat,15,16,2022-12-24,27-062,CHI,,BUF,L 13-35,7.10,9.10,9.1,8.1,46,73.0,0,0.0,3,12.0,WR,PettDa00
1853,Wan'Dale Robinson,7.10,45,Thu,4,4,2024-09-26,23-265,NYG,,DAL,L 15-20,7.10,18.10,18.1,12.6,45,65.2,0,0.0,0,0.0,WR,RobiWa01
1854,Khalil Shakir,7.10,12,Sun,2,2,2023-09-17,23-226,BUF,,LVR,W 38-10,7.10,8.10,8.1,7.6,12,15.4,0,0.0,3,13.6,WR,ShakKh00
1855,Courtland Sutton,7.10,60,Sat,14,15,2023-12-16,28-067,DEN,@,DET,L 17-42,7.10,12.10,12.1,9.6,60,93.8,0,0.0,0,0.0,WR,SuttCo00
1856,Jalen Tolbert,7.10,36,Sun,14,15,2024-12-15,25-292,DAL,@,CAR,W 30-14,7.10,8.10,8.1,7.6,36,49.3,0,0.0,0,0.0,WR,TolbJa00
1857,Marquez Valdes-Scantling,7.10,31,Sun,12,13,2022-12-04,28-055,KAN,@,CIN,L 24-27,7.10,9.10,9.1,8.1,31,56.4,0,0.0,0,0.0,WR,ValdMa00
1858,Nelson Agholor,7.00,37,Mon,15,16,2023-12-25,30-215,BAL,@,SFO,W 33-19,7.00,10.00,10.0,8.5,37,54.4,0,0.0,0,0.0,WR,AghoNe00
1859,Rashod Bateman,7.00,51,Thu,11,11,2023-11-16,23-352,BAL,,CIN,W 34-20,7.00,8.00,8.0,7.5,51,77.3,0,0.0,1,3.1,WR,BateRa00
1860,Brandin Cooks,7.00,45,Sun,10,11,2022-11-20,29-056,HOU,,WAS,L 10-23,7.00,10.00,10.0,8.5,45,80.4,0,0.0,0,0.0,WR,CookBr00
1861,Stefon Diggs,7.00,68,Thu,8,8,2023-10-26,29-331,BUF,,TAM,W 24-18,7.00,16.00,16.0,11.5,68,98.6,0,0.0,1,3.8,WR,DiggSt00
1862,Mike Evans,7.00,46,Sun,16,17,2023-12-31,30-132,TAM,,NOR,L 13-23,7.00,10.00,10.0,8.5,46,82.1,0,0.0,0,0.0,WR,EvanMi00
1863,A.J. Green,7.00,30,Sun,10,10,2022-11-13,34-105,ARI,@,LAR,W 27-17,7.00,9.00,9.0,8.0,30,44.1,0,0.0,1,3.6,WR,GreeA.00
1864,Andrei Iosivas,7.00,67,Sun,9,9,2024-11-03,25-019,CIN,,LVR,W 41-24,7.00,8.00,8.0,7.5,67,90.5,0,0.0,0,0.0,WR,IosiAn00
1865,Van Jefferson,7.00,48,Sun,13,14,2024-12-08,28-135,PIT,,CLE,W 27-14,7.00,8.00,8.0,7.5,48,73.8,0,0.0,0,0.0,WR,JeffVa00
1866,Brandon Johnson,7.00,42,Sun,11,12,2022-11-27,24-124,DEN,@,CAR,L 10-23,7.00,9.00,9.0,8.0,42,70.0,0,0.0,0,0.0,WR,JohnBr23
1867,Drake London,7.00,74,Sun,13,14,2024-12-08,23-137,ATL,@,MIN,L 21-42,7.00,12.00,12.0,9.5,74,100.0,0,0.0,0,0.0,WR,LondDr00
1868,Isaiah McKenzie,7.00,31,Sun,7,8,2022-10-30,27-204,BUF,,GNB,W 27-17,7.00,8.00,8.0,7.5,31,52.5,0,0.0,4,18.2,WR,McKeIs00
1869,Terry McLaurin,7.00,58,Sun,14,15,2022-12-18,27-094,WAS,,NYG,L 12-20,7.00,13.00,13.0,10.0,58,92.1,0,0.0,0,0.0,WR,McLaTe00
1870,D.K. Metcalf,7.00,54,Sun,10,11,2024-11-17,26-339,SEA,@,SFO,W 20-17,7.00,14.00,14.0,10.5,54,90.0,0,0.0,0,0.0,WR,MetcDK00
1871,Darnell Mooney,7.00,68,Sun,8,8,2022-10-30,25-001,CHI,@,DAL,L 29-49,7.00,12.00,12.0,9.5,68,86.1,0,0.0,0,0.0,WR,MoonDa00
1872,Chris Moore,7.00,34,Sun,9,10,2022-11-13,29-150,HOU,@,NYG,L 16-24,7.00,10.00,10.0,8.5,34,53.1,0,0.0,2,6.7,WR,MoorCh00
1873,D.J. Moore,7.00,58,Mon,14,15,2024-12-16,27-246,CHI,@,MIN,L 12-30,7.00,15.00,15.0,11.0,58,86.6,0,0.0,0,0.0,WR,MoorD.00
1874,D.J. Moore,7.00,61,Sun,15,16,2024-12-22,27-252,CHI,,DET,L 17-34,7.00,14.00,14.0,10.5,61,95.3,0,0.0,0,0.0,WR,MoorD.00
1875,Khalil Shakir,7.00,52,Sun,11,11,2024-11-17,24-288,BUF,,KAN,W 30-21,7.00,15.00,15.0,11.0,52,71.2,0,0.0,0,0.0,WR,ShakKh00
1876,Trent Sherfield,7.00,3,Thu,7,8,2024-10-24,28-242,MIN,@,LAR,L 20-30,7.00,8.00,8.0,7.5,3,6.0,0,0.0,16,64.0,WR,SherTr00
1877,Nick Westbrook-Ikhine,7.00,34,Sun,6,7,2024-10-20,27-213,TEN,@,BUF,L 10-34,7.00,9.00,9.0,8.0,34,46.6,0,0.0,19,67.9,WR,WestNi00
1878,Jalen Coker,6.96,62,Sun,17,18,2025-01-05,23-067,CAR,@,ATL,W 44-38 (OT),6.96,13.96,14.0,10.5,62,92.5,0,0.0,0,0.0,WR,CokeJa01
1879,Jordan Addison,6.90,71,Sun,10,10,2023-11-12,21-289,MIN,,NOR,W 27-19,6.90,10.90,10.9,8.9,71,97.3,0,0.0,0,0.0,WR,AddiJo00
1880,Keenan Allen,6.90,55,Sun,7,8,2023-10-29,31-185,LAC,,CHI,W 30-13,6.90,14.90,14.9,10.9,55,79.7,0,0.0,1,4.5,WR,AlleKe00
1881,Tutu Atwell,6.90,50,Sun,5,5,2023-10-08,24-001,LAR,,PHI,L 14-23,6.90,8.90,8.9,7.9,50,89.3,0,0.0,0,0.0,WR,AtweTu00
1882,A.J. Brown,6.90,64,Mon,2,2,2022-09-19,25-081,PHI,,MIN,W 24-7,6.90,11.90,11.9,9.4,64,87.7,0,0.0,0,0.0,WR,BrowAJ00
1883,Lawrence Cager,6.90,45,Sun,9,10,2022-11-13,25-085,NYG,,HOU,W 24-16,6.90,8.90,8.9,7.9,45,65.2,0,0.0,2,6.7,WR,CageLa01
1884,Lawrence Cager,6.90,61,Sun,17,18,2023-01-08,25-141,NYG,@,PHI,L 16-22,6.90,14.90,14.9,10.9,61,96.8,0,0.0,10,35.7,WR,CageLa01
1885,DJ Chark,6.90,41,Sun,8,9,2023-11-05,27-043,CAR,,IND,L 13-27,6.90,8.90,8.9,7.9,41,57.7,0,0.0,0,0.0,WR,CharDJ00
1886,Chris Conley,6.90,43,Sun,17,18,2024-01-07,31-074,SFO,,LAR,L 20-21,6.90,9.90,9.9,8.4,43,70.5,0,0.0,10,52.6,WR,ConlCh00
1887,Phillip Dorsett,6.90,46,Thu,8,9,2022-11-03,29-302,HOU,,PHI,L 17-29,6.90,9.90,9.9,8.4,46,76.7,0,0.0,0,0.0,WR,DorsPh00
1888,Josh Downs,6.90,43,Sun,5,5,2024-10-06,23-055,IND,@,JAX,L 34-37,6.90,15.90,15.9,11.4,43,61.4,0,0.0,2,5.9,WR,DownJo00
1889,Mike Evans,6.90,51,Sun,13,14,2024-12-08,31-109,TAM,,LVR,W 28-13,6.90,10.90,10.9,8.9,51,82.3,0,0.0,0,0.0,WR,EvanMi00
1890,Mike Evans,6.90,58,Sun,15,16,2024-12-22,31-123,TAM,@,DAL,L 24-26,6.90,11.90,11.9,9.4,58,80.6,0,0.0,0,0.0,WR,EvanMi00
1891,Simi Fehoko,6.90,16,Sun,7,8,2023-10-29,25-358,LAC,,CHI,W 30-13,6.90,7.90,7.9,7.4,16,23.2,0,0.0,0,0.0,WR,FehoSi00
1892,Chris Godwin,6.90,66,Sun,4,4,2024-09-29,28-215,TAM,,PHI,W 33-16,6.90,12.90,12.9,9.9,66,85.7,0,0.0,0,0.0,WR,GodwCh00
1893,Tee Higgins,6.90,42,Sun,7,8,2023-10-29,24-284,CIN,@,SFO,W 31-17,6.90,11.90,11.9,9.4,42,66.7,0,0.0,0,0.0,WR,HiggTe00
1894,Tyreek Hill,6.90,62,Sun,5,5,2024-10-06,30-219,MIA,@,NWE,W 15-10,6.90,12.90,12.9,9.9,62,79.5,0,0.0,0,0.0,WR,HillTy00
1895,Velus Jones Jr.,6.90,3,Sun,5,5,2022-10-09,25-151,CHI,@,MIN,L 22-29,6.90,7.90,7.9,7.4,3,6.0,0,0.0,6,26.1,WR,JoneVe00
1896,D.K. Metcalf,6.90,58,Sun,5,6,2023-10-15,25-305,SEA,@,CIN,L 13-17,6.90,10.90,10.9,8.9,58,78.4,0,0.0,0,0.0,WR,MetcDK00
1897,Jonathan Mingo,6.90,69,Sun,12,13,2023-12-03,22-227,CAR,@,TAM,L 18-21,6.90,12.90,12.9,9.9,69,95.8,0,0.0,0,0.0,WR,MingJo00
1898,David Moore,6.90,38,Sun,17,18,2025-01-05,29-356,CAR,@,ATL,W 44-38 (OT),6.90,7.90,7.9,7.4,38,56.7,0,0.0,0,0.0,WR,MoorDa03
1899,Rondale Moore,6.90,57,Sun,9,9,2022-11-06,22-150,ARI,,SEA,L 21-31,6.90,14.90,14.9,10.9,57,90.5,0,0.0,0,0.0,WR,MoorRo02
1900,Brandon Powell,6.90,43,Mon,7,7,2023-10-23,28-041,MIN,,SFO,W 22-17,6.90,10.90,10.9,8.9,43,61.4,0,0.0,1,4.5,WR,PoweBr00
1901,Jayden Reed,6.90,36,Sun,3,3,2024-09-22,24-147,GNB,@,TEN,W 30-14,6.90,10.90,10.9,8.9,36,57.1,0,0.0,4,14.3,WR,ReedJa03
1902,Josh Reynolds,6.90,30,Sun,5,5,2024-10-06,29-233,DEN,,LVR,W 34-18,6.90,7.90,7.9,7.4,30,47.6,0,0.0,1,3.3,WR,ReynJo00
1903,Josh Reynolds,6.90,55,Thu,4,4,2023-09-28,28-224,DET,@,GNB,W 34-20,6.90,9.90,9.9,8.4,55,73.3,0,0.0,0,0.0,WR,ReynJo00
1904,Sterling Shepard,6.90,33,Mon,9,9,2024-11-04,31-268,TAM,@,KAN,L 24-30 (OT),6.90,10.90,10.9,8.9,33,60.0,0,0.0,0,0.0,WR,ShepSt00
1905,Darius Slayton,6.90,67,Sun,6,6,2023-10-15,26-276,NYG,@,BUF,L 9-14,6.90,10.90,10.9,8.9,67,87.0,0,0.0,0,0.0,WR,SlayDa01
1906,Jaxon Smith-Njigba,6.90,42,Sun,8,8,2024-10-27,22-256,SEA,,BUF,L 10-31,6.90,12.90,12.9,9.9,42,82.4,0,0.0,0,0.0,WR,SmitJa06
1907,Shi Smith,6.90,43,Sun,5,5,2022-10-09,23-348,CAR,,SFO,L 15-37,6.90,10.90,10.9,8.9,43,62.3,0,0.0,2,7.1,WR,SmitSh03
1908,Amon-Ra St. Brown,6.90,57,Sun,7,8,2022-10-30,23-006,DET,,MIA,L 27-31,6.90,13.90,13.9,10.4,57,95.0,0,0.0,0,0.0,WR,StxxAm00
1909,Nick Westbrook-Ikhine,6.90,13,Sun,5,6,2024-10-13,27-206,TEN,,IND,L 17-20,6.90,7.90,7.9,7.4,13,22.4,0,0.0,15,57.7,WR,WestNi00
1910,Robert Woods,6.90,50,Thu,10,11,2022-11-17,30-221,TEN,@,GNB,W 27-17,6.90,12.90,12.9,9.9,50,75.8,0,0.0,0,0.0,WR,WoodRo02
1911,Keenan Allen,6.80,54,Sun,16,17,2023-01-01,30-249,LAC,,LAR,W 31-10,6.80,11.80,11.8,9.3,54,84.4,0,0.0,0,0.0,WR,AlleKe00
1912,Keenan Allen,6.80,65,Sun,13,14,2023-12-10,31-227,LAC,,DEN,L 7-24,6.80,12.80,12.8,9.8,65,95.6,0,0.0,0,0.0,WR,AlleKe00
1913,Jason Brownlee,6.80,74,Sun,15,16,2023-12-24,24-328,NYJ,,WAS,W 30-28,6.80,7.80,7.8,7.3,74,82.2,0,0.0,0,0.0,WR,BrowJa07
1914,Marquise Brown,6.80,81,Sun,2,2,2022-09-18,25-106,ARI,@,LVR,W 29-23 (OT),6.80,12.80,12.8,9.8,81,93.1,0,0.0,0,0.0,WR,BrowMa04
1915,Marquise Brown,6.80,68,Sun,6,6,2022-10-16,25-134,ARI,@,SEA,L 9-19,6.80,11.80,11.8,9.3,68,95.8,0,0.0,0,0.0,WR,BrowMa04
1916,Noah Brown,6.80,61,Sun,1,1,2022-09-11,26-248,DAL,,TAM,L 3-19,6.80,11.80,11.8,9.3,61,88.4,0,0.0,5,20.8,WR,BrowNo00
1917,Parris Campbell,6.80,67,Sun,17,18,2023-01-08,25-176,IND,,HOU,L 31-32,6.80,12.80,12.8,9.8,67,91.8,0,0.0,0,0.0,WR,CampPa00
1918,Jalen Coker,6.80,32,Sun,5,5,2024-10-06,22-342,CAR,@,CHI,L 10-36,6.80,10.80,10.8,8.8,32,53.3,0,0.0,7,26.9,WR,CokeJa01
1919,Gabriel Davis,6.80,57,Sun,10,11,2022-11-20,23-233,BUF,,CLE,W 31-23,6.80,11.80,11.8,9.3,57,87.7,0,0.0,2,6.7,WR,DaviGa01
1920,Mike Evans,6.80,39,Sun,11,12,2024-11-24,31-095,TAM,@,NYG,W 30-7,6.80,11.80,11.8,9.3,39,60.0,0,0.0,0,0.0,WR,EvanMi00
1921,Zay Flowers,6.80,58,Sun,2,2,2023-09-17,23-006,BAL,@,CIN,W 27-24,6.80,10.80,10.8,8.8,58,77.3,0,0.0,0,0.0,WR,FlowZa00
1922,Mack Hollins,6.80,46,Mon,6,6,2024-10-14,31-028,BUF,@,NYJ,W 23-20,6.80,7.80,7.8,7.3,46,66.7,0,0.0,8,32.0,WR,HollMa00
1923,Tyler Johnson,6.80,36,Sun,17,18,2024-01-07,25-135,LAR,@,SFO,W 21-20,6.80,8.80,8.8,7.8,36,53.7,0,0.0,4,21.1,WR,JohnTy00
1924,Julio Jones,6.80,15,Sun,8,8,2023-10-29,34-268,PHI,@,WAS,W 38-31,6.80,7.80,7.8,7.3,15,23.8,0,0.0,0,0.0,WR,JoneJu02
1925,Zay Jones,6.80,70,Sun,7,7,2022-10-23,27-207,JAX,,NYG,L 17-23,6.80,10.80,10.8,8.8,70,98.6,0,0.0,0,0.0,WR,JoneZa00
1926,Zay Jones,6.80,60,Sun,10,10,2022-11-13,27-228,JAX,@,KAN,L 17-27,6.80,14.80,14.8,10.8,60,93.8,0,0.0,0,0.0,WR,JoneZa00
1927,Christian Kirk,6.80,58,Sun,6,6,2022-10-16,25-332,JAX,@,IND,L 27-34,6.80,10.80,11.8,8.8,58,92.1,0,0.0,0,0.0,WR,KirkCh01
1928,CeeDee Lamb,6.80,62,Sun,11,12,2024-11-24,25-230,DAL,@,WAS,W 34-26,6.80,16.80,16.8,11.8,62,93.9,0,0.0,2,5.3,WR,LambCe00
1929,Tyler Lockett,6.80,57,Thu,14,15,2022-12-15,30-078,SEA,,SFO,L 13-21,6.80,13.80,13.8,10.3,57,89.1,0,0.0,6,21.4,WR,LockTy00
1930,Darnell Mooney,6.80,66,Thu,6,6,2022-10-13,24-349,CHI,,WAS,L 7-12,6.80,13.80,13.8,10.3,66,91.7,0,0.0,0,0.0,WR,MoonDa00
1931,Malik Nabers,6.80,53,Sun,15,16,2024-12-22,21-147,NYG,@,ATL,L 7-34,6.80,13.80,13.8,10.3,53,89.8,0,0.0,0,0.0,WR,NabeMa00
1932,K.J. Osborn,6.80,57,Sun,7,8,2022-10-30,25-142,MIN,,ARI,W 34-26,6.80,8.80,8.8,7.8,57,80.3,0,0.0,0,0.0,WR,OsboKJ00
1933,Trey Palmer,6.80,23,Sun,1,1,2023-09-10,22-161,TAM,@,MIN,W 20-17,6.80,8.80,8.8,7.8,23,33.8,0,0.0,0,0.0,WR,PalmTr00
1934,DeVante Parker,6.80,48,Mon,7,7,2022-10-24,29-277,NWE,,CHI,L 14-33,6.80,9.80,9.8,8.3,48,92.3,0,0.0,0,0.0,WR,ParkDe01
1935,Tim Patrick,6.80,30,Sun,5,6,2024-10-13,30-325,DET,@,DAL,W 47-9,6.80,9.80,9.8,8.3,30,44.1,0,0.0,0,0.0,WR,PatrTi00
1936,Kyle Philips,6.80,22,Thu,8,9,2023-11-02,24-138,TEN,@,PIT,L 16-20,6.80,10.80,10.8,8.8,22,29.7,0,0.0,0,0.0,WR,PhilKy01
1937,JuJu Smith-Schuster,6.80,68,Sun,14,15,2022-12-18,26-026,KAN,@,HOU,W 30-24 (OT),6.80,16.80,17.8,11.8,68,88.3,0,0.0,0,0.0,WR,SmitJu00
1938,Courtland Sutton,6.80,50,Sun,3,3,2024-09-22,28-348,DEN,@,TAM,W 26-7,6.80,13.80,13.8,10.3,50,73.5,0,0.0,0,0.0,WR,SuttCo00
1939,Michael Thomas,6.80,44,Sun,8,8,2023-10-29,30-240,NOR,@,IND,W 38-27,6.80,10.80,10.8,8.8,44,66.7,0,0.0,0,0.0,WR,ThomMi05
1940,Jalen Tolbert,6.80,23,Sun,17,18,2024-01-07,24-314,DAL,@,WAS,W 38-10,6.80,8.80,8.8,7.8,23,31.9,0,0.0,14,63.6,WR,TolbJa00
1941,Kadarius Toney,6.80,16,Sat,15,16,2022-12-24,23-331,KAN,,SEA,W 24-10,6.80,7.80,7.8,7.3,16,30.2,0,0.0,6,25.0,WR,ToneKa00
1942,KaVontae Turpin,6.80,14,Sun,11,12,2024-11-24,28-114,DAL,@,WAS,W 34-26,6.80,7.80,7.8,7.3,14,21.2,0,0.0,10,26.3,WR,TurpKa00
1943,Marquez Valdes-Scantling,6.80,43,Sun,14,15,2024-12-15,30-066,NOR,,WAS,L 19-20,6.80,8.80,8.8,7.8,43,78.2,0,0.0,0,0.0,WR,ValdMa00
1944,Jameson Williams,6.80,60,Sun,11,12,2024-11-24,23-243,DET,@,IND,W 24-6,6.80,11.80,11.8,9.3,60,83.3,0,0.0,0,0.0,WR,WillJa11
1945,Garrett Wilson,6.80,86,Sun,15,16,2023-12-24,23-155,NYJ,,WAS,W 30-28,6.80,15.80,15.8,11.3,86,95.6,0,0.0,0,0.0,WR,WilsGa00
1946,Calvin Austin III,6.70,11,Sat,15,16,2023-12-23,24-274,PIT,,CIN,W 34-11,6.70,6.70,6.7,6.7,11,18.6,0,0.0,3,12.5,WR,AustCa00
1947,Parris Campbell,6.70,52,Sun,11,11,2022-11-20,25-127,IND,,PHI,L 16-17,6.70,11.70,11.7,9.2,52,80.0,0,0.0,0,0.0,WR,CampPa00
1948,Ja'Marr Chase,6.70,59,Sun,3,3,2022-09-25,22-208,CIN,@,NYJ,W 27-12,6.70,12.70,13.7,9.7,59,86.8,0,0.0,0,0.0,WR,ChasJa00
1949,Derius Davis,6.70,12,Sun,4,4,2023-10-01,23-020,LAC,,LVR,W 24-17,6.70,8.70,8.7,7.7,12,18.5,0,0.0,9,36.0,WR,DaviDe02
1950,Mack Hollins,6.70,38,Sun,12,13,2024-12-01,31-076,BUF,,SFO,W 35-10,6.70,7.70,7.7,7.2,38,65.5,0,0.0,0,0.0,WR,HollMa00
1951,Jauan Jennings,6.70,60,Mon,16,17,2024-12-30,27-173,SFO,,DET,L 34-40,6.70,13.70,13.7,10.2,60,93.8,0,0.0,0,0.0,WR,JennJa00
1952,Keith Kirkwood,6.70,25,Sun,14,15,2023-12-17,28-356,NOR,,NYG,W 24-6,6.70,7.70,7.7,7.2,25,40.3,0,0.0,6,26.1,WR,KirkKe00
1953,Allen Lazard,6.70,62,Sun,13,13,2022-12-04,26-358,GNB,@,CHI,W 28-19,6.70,11.70,11.7,9.2,62,93.9,0,0.0,0,0.0,WR,LazaAl00
1954,D.K. Metcalf,6.70,45,Sun,7,8,2023-10-29,25-319,SEA,,CLE,W 24-20,6.70,11.70,11.7,9.2,45,77.6,0,0.0,0,0.0,WR,MetcDK00
1955,Jakobi Meyers,6.70,61,Sun,13,14,2024-12-08,28-029,LVR,@,TAM,L 13-28,6.70,13.70,13.7,10.2,61,91.0,0,0.0,0,0.0,WR,MeyeJa01
1956,D.J. Moore,6.70,64,Sun,5,5,2022-10-09,25-178,CAR,,SFO,L 15-37,6.70,10.70,10.7,8.7,64,92.8,0,0.0,0,0.0,WR,MoorD.00
1957,D.J. Moore,6.70,68,Sun,10,11,2024-11-17,27-217,CHI,,GNB,L 19-20,6.70,13.70,13.7,10.2,68,94.4,0,0.0,0,0.0,WR,MoorD.00
1958,Jalen Nailor,6.70,20,Sun,8,9,2024-11-03,25-246,MIN,,IND,W 21-13,6.70,7.70,7.7,7.2,20,27.4,0,0.0,1,4.5,WR,NailJa00
1959,DeVonta Smith,6.70,73,Sun,17,18,2023-01-08,24-055,PHI,,NYG,W 22-16,6.70,13.70,13.7,10.2,73,100.0,0,0.0,1,3.6,WR,SmitDe07
1960,JuJu Smith-Schuster,6.70,38,Sun,14,15,2024-12-15,28-023,KAN,@,CLE,W 21-7,6.70,7.70,7.7,7.2,38,50.7,0,0.0,0,0.0,WR,SmitJu00
1961,Amon-Ra St. Brown,6.70,42,Sun,7,8,2024-10-27,25-003,DET,,TEN,W 52-14,6.70,8.70,8.7,7.7,42,87.5,0,0.0,0,0.0,WR,StxxAm00
1962,Adam Thielen,6.70,62,Sun,7,8,2022-10-30,32-069,MIN,,ARI,W 34-26,6.70,12.70,12.7,9.7,62,87.3,0,0.0,0,0.0,WR,ThieAd00
1963,Adam Thielen,6.70,62,Sun,8,9,2022-11-06,32-076,MIN,@,WAS,W 20-17,6.70,9.70,9.7,8.2,62,93.9,0,0.0,0,0.0,WR,ThieAd00
1964,Parker Washington,6.70,47,Sun,13,14,2023-12-10,21-264,JAX,@,CLE,L 27-31,6.70,8.70,9.7,7.7,47,61.8,0,0.0,8,23.5,WR,WashPa01
1965,Christian Watson,6.70,34,Sun,3,3,2024-09-22,25-133,GNB,@,TEN,W 30-14,6.70,8.70,8.7,7.7,34,54.0,0,0.0,0,0.0,WR,WatsCh00
1966,Christian Watson,6.70,51,Thu,12,13,2024-11-28,25-200,GNB,,MIA,W 30-17,6.70,8.70,8.7,7.7,51,94.4,0,0.0,0,0.0,WR,WatsCh00
1967,Justin Watson,6.70,57,Sun,10,11,2022-11-20,26-230,KAN,@,LAC,W 30-27,6.70,9.70,9.7,8.2,57,87.7,0,0.0,0,0.0,WR,WatsJu01
1968,Justin Watson,6.70,30,Sat,17,18,2023-01-07,26-278,KAN,@,LVR,W 31-13,6.70,7.70,7.7,7.2,30,50.8,0,0.0,2,8.7,WR,WatsJu01
1969,Mike Williams,6.70,63,Sun,14,15,2022-12-18,28-075,LAC,,TEN,W 17-14,6.70,10.70,10.7,8.7,63,88.7,0,0.0,0,0.0,WR,WillMi07
1970,Mike Williams,6.70,43,Sun,4,4,2024-09-29,29-361,NYJ,,DEN,L 9-10,6.70,10.70,10.7,8.7,43,58.1,0,0.0,0,0.0,WR,WillMi07
1971,Davante Adams,6.60,53,Sun,1,1,2023-09-10,30-260,LVR,@,DEN,W 17-16,6.60,12.60,12.6,9.6,53,89.8,0,0.0,0,0.0,WR,AdamDa01
1972,Jordan Addison,6.60,51,Sun,6,7,2024-10-20,22-267,MIN,,DET,L 29-31,6.60,9.60,9.6,8.1,51,85.0,0,0.0,0,0.0,WR,AddiJo00
1973,Nelson Agholor,6.60,31,Thu,10,10,2024-11-07,31-167,BAL,,CIN,W 35-34,6.60,7.60,7.6,7.1,31,49.2,0,0.0,0,0.0,WR,AghoNe00
1974,Keenan Allen,6.60,22,Sun,1,1,2022-09-11,30-137,LAC,,LVR,W 24-19,6.60,10.60,10.6,8.6,22,32.8,0,0.0,0,0.0,WR,AlleKe00
1975,Tyler Boyd,6.60,55,Sun,6,6,2022-10-16,27-335,CIN,@,NOR,W 30-26,6.60,12.60,12.6,9.6,55,96.5,0,0.0,0,0.0,WR,BoydTy00
1976,A.J. Brown,6.60,54,Sun,12,13,2024-12-01,27-154,PHI,@,BAL,W 24-19,6.60,11.60,11.6,9.1,54,96.4,0,0.0,1,3.0,WR,BrowAJ00
1977,DJ Chark,6.60,37,Sun,17,18,2025-01-05,28-104,LAC,@,LVR,W 34-20,6.60,7.60,7.6,7.1,37,49.3,0,0.0,0,0.0,WR,CharDJ00
1978,Stefon Diggs,6.60,68,Sun,2,2,2023-09-17,29-292,BUF,,LVR,W 38-10,6.60,13.60,13.6,10.1,68,87.2,0,0.0,0,0.0,WR,DiggSt00
1979,Greg Dortch,6.60,35,Thu,7,7,2022-10-20,24-144,ARI,,NOR,W 42-34,6.60,7.60,7.6,7.1,35,53.0,0,0.0,12,37.5,WR,DortGr01
1980,Greg Dortch,6.60,18,Sun,14,15,2024-12-15,26-200,ARI,,NWE,W 30-17,6.60,9.60,9.6,8.1,18,25.7,0,0.0,7,28.0,WR,DortGr01
1981,Chris Godwin,6.60,51,Sun,6,7,2023-10-22,27-237,TAM,,ATL,L 13-16,6.60,12.60,12.6,9.6,51,69.9,0,0.0,0,0.0,WR,GodwCh00
1982,Chris Godwin,6.60,52,Thu,5,5,2024-10-03,28-219,TAM,@,ATL,L 30-36 (OT),6.60,11.60,11.6,9.1,52,98.1,0,0.0,0,0.0,WR,GodwCh00
1983,Malik Heath,6.60,23,Mon,13,14,2023-12-11,23-255,GNB,@,NYG,L 22-24,6.60,7.60,7.6,7.1,23,33.8,0,0.0,10,37.0,WR,HeatMa00
1984,Mack Hollins,6.60,58,Sun,2,2,2022-09-18,29-002,LVR,,ARI,L 23-29 (OT),6.60,11.60,11.6,9.1,58,86.6,0,0.0,4,19.0,WR,HollMa00
1985,CeeDee Lamb,6.60,52,Sun,7,7,2022-10-23,23-198,DAL,,DET,W 24-6,6.60,10.60,10.6,8.6,52,82.5,0,0.0,0,0.0,WR,LambCe00
1986,Ray-Ray McCloud,6.60,85,Thu,5,5,2024-10-03,27-354,ATL,,TAM,W 36-30 (OT),6.60,12.60,12.6,9.6,85,97.7,0,0.0,8,25.0,WR,McClRa00
1987,Ray-Ray McCloud,6.60,79,Sun,17,18,2025-01-05,28-082,ATL,,CAR,L 38-44 (OT),6.60,10.60,10.6,8.6,79,100.0,0,0.0,0,0.0,WR,McClRa00
1988,D.K. Metcalf,6.60,48,Sun,12,13,2024-12-01,26-353,SEA,@,NYJ,W 26-21,6.60,10.60,10.6,8.6,48,75.0,0,0.0,0,0.0,WR,MetcDK00
1989,Scott Miller,6.60,19,Sun,17,18,2024-01-07,26-160,ATL,@,NOR,L 17-48,6.60,8.60,8.6,7.6,19,31.1,0,0.0,9,28.1,WR,MillSc01
1990,Dax Milne,6.60,10,Sun,9,9,2022-11-06,23-136,WAS,,MIN,L 17-20,6.60,7.60,7.6,7.1,10,15.6,0,0.0,6,21.4,WR,MilnDa00
1991,Darnell Mooney,6.60,57,Sun,3,3,2024-09-22,26-329,ATL,,KAN,L 17-22,6.60,14.60,14.6,10.6,57,93.4,0,0.0,0,0.0,WR,MoonDa00
1992,Malik Nabers,6.60,71,Sun,1,1,2024-09-08,21-042,NYG,,MIN,L 6-28,6.60,11.60,11.6,9.1,71,100.0,0,0.0,0,0.0,WR,NabeMa00
1993,Trey Palmer,6.60,53,Sun,4,4,2023-10-01,22-182,TAM,@,NOR,W 26-9,6.60,8.60,8.6,7.6,53,74.6,0,0.0,0,0.0,WR,PalmTr00
1994,Kalif Raymond,6.60,23,Sun,17,18,2023-01-08,28-153,DET,@,GNB,W 20-16,6.60,10.60,10.6,8.6,23,37.1,0,0.0,1,4.0,WR,RaymKa00
1995,Demarcus Robinson,6.60,28,Sat,15,16,2022-12-24,28-094,BAL,,ATL,W 17-9,6.60,7.60,7.6,7.1,28,53.8,0,0.0,0,0.0,WR,RobiDe01
1996,Ben Skowronek,6.60,41,Sun,3,3,2022-09-25,25-090,LAR,@,ARI,W 20-12,6.60,10.60,10.6,8.6,41,85.4,0,0.0,1,4.0,WR,SkowBe00
1997,Darius Slayton,6.60,48,Sun,8,8,2022-10-30,25-291,NYG,@,SEA,L 13-27,6.60,11.60,11.6,9.1,48,73.8,0,0.0,0,0.0,WR,SlayDa01
1998,Courtland Sutton,6.60,74,Sun,9,10,2022-11-13,27-034,DEN,@,TEN,L 10-17,6.60,12.60,12.6,9.6,74,92.5,0,0.0,0,0.0,WR,SuttCo00
1999,Courtland Sutton,6.60,59,Sun,2,2,2023-09-17,27-342,DEN,,WAS,L 33-35,6.60,11.60,11.6,9.1,59,89.4,0,0.0,0,0.0,WR,SuttCo00
2000,Devaughn Vele,6.60,42,Sun,11,11,2024-11-17,26-341,DEN,,ATL,W 38-6,6.60,10.60,10.6,8.6,42,67.7,0,0.0,0,0.0,WR,VeleDe00
2001,Jaylen Waddle,6.60,51,Sun,10,10,2022-11-13,23-353,MIA,,CLE,W 39-17,6.60,10.60,10.6,8.6,51,73.9,0,0.0,1,4.3,WR,WaddJa00
2002,Justin Watson,6.60,32,Fri,12,13,2024-11-29,28-239,KAN,,LVR,W 19-17,6.60,7.60,7.6,7.1,32,45.1,0,0.0,4,12.9,WR,WatsJu01
2003,Robert Woods,6.60,39,Sun,6,6,2023-10-15,31-188,HOU,,NOR,W 20-13,6.60,7.60,7.6,7.1,39,61.9,0,0.0,3,11.5,WR,WoodRo02
2004,Brandon Aiyuk,6.50,68,Sun,11,12,2022-11-27,24-255,SFO,,NOR,W 13-0,6.50,11.50,11.5,9.0,68,97.1,0,0.0,0,0.0,WR,AiyuBr00
2005,Tutu Atwell,6.50,63,Sun,5,5,2024-10-06,24-365,LAR,,GNB,L 19-24,6.50,12.50,12.5,9.5,63,80.8,0,0.0,0,0.0,WR,AtweTu00
2006,Calvin Austin III,6.50,35,Sun,14,15,2024-12-15,25-266,PIT,@,PHI,L 13-27,6.50,11.50,11.5,9.0,35,81.4,0,0.0,1,4.0,WR,AustCa00
2007,Calvin Austin III,6.50,48,Sat,15,16,2024-12-21,25-272,PIT,@,BAL,L 17-34,6.50,10.50,10.5,8.5,48,80.0,0,0.0,3,11.1,WR,AustCa00
2008,Ronnie Bell,6.50,38,Sun,17,18,2024-01-07,23-344,SFO,,LAR,L 20-21,6.50,7.50,7.5,7.0,38,62.3,0,0.0,7,36.8,WR,BellRo01
2009,Jake Bobo,6.50,31,Sun,3,3,2023-09-24,25-051,SEA,,CAR,W 37-27,6.50,7.50,7.5,7.0,31,41.3,0,0.0,6,17.1,WR,BoboJa00
2010,A.J. Brown,6.50,69,Thu,10,11,2024-11-14,27-137,PHI,,WAS,W 26-18,6.50,11.50,11.5,9.0,69,97.2,0,0.0,0,0.0,WR,BrowAJ00
2011,Nico Collins,6.50,47,Sun,5,5,2022-10-09,23-204,HOU,@,JAX,W 13-6,6.50,10.50,10.5,8.5,47,81.0,0,0.0,0,0.0,WR,CollNi00
2012,Nico Collins,6.50,51,Sun,10,11,2023-11-19,24-245,HOU,,ARI,W 21-16,6.50,13.50,13.5,10.0,51,76.1,0,0.0,0,0.0,WR,CollNi00
2013,Greg Dortch,6.50,17,Mon,7,7,2024-10-21,26-145,ARI,,LAC,W 17-15,6.50,7.50,7.5,7.0,17,29.8,0,0.0,9,40.9,WR,DortGr01
2014,Russell Gage,6.50,43,Sun,15,16,2022-12-25,26-337,TAM,@,ARI,W 19-16 (OT),6.50,11.50,11.5,9.0,43,53.1,0,0.0,0,0.0,WR,GageRu00
2015,Chris Godwin,6.50,70,Mon,7,7,2024-10-21,28-237,TAM,,BAL,L 31-41,6.50,13.50,13.5,10.0,70,85.4,0,0.0,0,0.0,WR,GodwCh00
2016,DeAndre Hopkins,6.50,49,Sun,1,1,2023-09-10,31-096,TEN,@,NOR,L 15-16,6.50,13.50,13.5,10.0,49,77.8,0,0.0,0,0.0,WR,HopkDe00
2017,DeAndre Hopkins,6.50,51,Thu,8,9,2023-11-02,31-149,TEN,@,PIT,L 16-20,6.50,10.50,10.5,8.5,51,68.9,0,0.0,0,0.0,WR,HopkDe00
2018,Jerry Jeudy,6.50,20,Sun,12,13,2022-12-04,23-224,DEN,@,BAL,L 9-10,6.50,10.50,10.5,8.5,20,37.7,0,0.0,0,0.0,WR,JeudJe00
2019,Zay Jones,6.50,58,Sun,1,1,2022-09-11,27-165,JAX,@,WAS,L 22-28,6.50,12.50,12.5,9.5,58,82.9,0,0.0,0,0.0,WR,JoneZa00
2020,Marvin Mims,6.50,30,Thu,15,16,2024-12-19,22-275,DEN,@,LAC,L 27-34,6.50,9.50,9.5,8.0,30,46.9,0,0.0,12,41.4,WR,MimsMa00
2021,Jalen Nailor,6.50,28,Sun,11,12,2024-11-24,25-267,MIN,@,CHI,W 30-27 (OT),6.50,7.50,7.5,7.0,28,39.4,0,0.0,2,6.5,WR,NailJa00
2022,Rome Odunze,6.50,59,Sun,10,11,2024-11-17,22-167,CHI,,GNB,L 19-20,6.50,12.50,12.5,9.5,59,81.9,0,0.0,0,0.0,WR,OdunRo00
2023,Chris Olave,6.50,41,Mon,13,13,2022-12-05,22-161,NOR,@,TAM,L 16-17,6.50,10.50,10.5,8.5,41,69.5,0,0.0,0,0.0,WR,OlavCh00
2024,DeVante Parker,6.50,54,Sun,15,16,2023-12-24,30-338,NWE,@,DEN,W 26-23,6.50,10.50,10.5,8.5,54,93.1,0,0.0,0,0.0,WR,ParkDe01
2025,Alec Pierce,6.50,33,Sun,8,8,2022-10-30,22-181,IND,,WAS,L 16-17,6.50,9.50,9.5,8.0,33,56.9,0,0.0,1,3.8,WR,PierAl00
2026,Curtis Samuel,6.50,32,Sun,13,13,2023-12-03,27-114,WAS,,MIA,L 15-45,6.50,10.50,10.5,8.5,32,58.2,0,0.0,0,0.0,WR,SamuCu00
2027,Khalil Shakir,6.50,38,Sun,7,7,2024-10-20,24-260,BUF,,TEN,W 34-10,6.50,13.50,13.5,10.0,38,69.1,0,0.0,0,0.0,WR,ShakKh00
2028,Michael Thomas,6.50,51,Sun,5,5,2023-10-08,30-219,NOR,@,NWE,W 34-0,6.50,10.50,10.5,8.5,51,70.8,0,0.0,0,0.0,WR,ThomMi05
2029,KaVontae Turpin,6.50,13,Sun,8,9,2023-11-05,27-095,DAL,@,PHI,L 23-28,6.50,7.50,7.5,7.0,13,17.3,0,0.0,9,37.5,WR,TurpKa00
2030,Johnny Wilson,6.50,18,Sun,9,10,2024-11-10,23-221,PHI,@,DAL,W 34-6,6.50,7.50,7.5,7.0,18,26.5,0,0.0,3,10.7,WR,WilsJo03
2031,Michael Wilson,6.50,49,Sun,1,1,2024-09-08,24-198,ARI,@,BUF,L 28-34,6.50,7.50,7.5,7.0,49,80.3,0,0.0,0,0.0,WR,WilsMi02
2032,Nelson Agholor,6.40,41,Sun,5,5,2023-10-08,30-137,BAL,@,PIT,L 10-17,6.40,10.40,10.4,8.4,41,58.6,0,0.0,0,0.0,WR,AghoNe00
2033,Jamal Agnew,6.40,10,Sun,14,15,2022-12-18,27-259,JAX,,DAL,W 40-34 (OT),6.40,8.40,8.4,7.4,10,14.3,0,0.0,12,36.4,WR,AgneJa00
2034,Brandon Aiyuk,6.40,69,Sun,9,10,2022-11-13,24-241,SFO,,LAC,W 22-16,6.40,12.40,13.4,9.4,69,97.2,0,0.0,0,0.0,WR,AiyuBr00
2035,Jake Bobo,6.40,17,Sun,17,18,2025-01-05,26-154,SEA,@,LAR,W 30-25,6.40,7.40,7.4,6.9,17,30.9,0,0.0,18,66.7,WR,BoboJa00
2036,Treylon Burks,6.40,48,Sun,14,15,2023-12-17,23-269,TEN,,HOU,L 16-19 (OT),6.40,9.40,9.4,7.9,48,76.2,0,0.0,0,0.0,WR,BurkTr00
2037,Marquez Callaway,6.40,13,Sun,3,3,2022-09-25,24-182,NOR,@,CAR,L 14-22,6.40,7.40,7.4,6.9,13,18.8,0,0.0,6,20.7,WR,CallMa01
2038,Ja'Marr Chase,6.40,50,Sat,14,15,2023-12-16,23-290,CIN,,MIN,W 27-24 (OT),6.40,10.40,10.4,8.4,50,71.4,0,0.0,0,0.0,WR,ChasJa00
2039,Keon Coleman,6.40,44,Sun,14,15,2024-12-15,21-212,BUF,@,DET,W 48-42,6.40,7.40,7.4,6.9,44,62.9,0,0.0,0,0.0,WR,ColeKe02
2040,Jalen Guyton,6.40,16,Sun,3,3,2022-09-25,25-110,LAC,,JAX,L 10-38,6.40,8.40,8.4,7.4,16,26.2,0,0.0,0,0.0,WR,GuytJa01
2041,Mack Hollins,6.40,53,Sun,7,8,2022-10-30,29-044,LVR,@,NOR,L 0-24,6.40,13.40,13.4,9.9,53,91.4,0,0.0,0,0.0,WR,HollMa00
2042,Jauan Jennings,6.40,35,Mon,1,1,2024-09-09,27-061,SFO,,NYJ,W 32-19,6.40,11.40,11.4,8.9,35,48.6,0,0.0,0,0.0,WR,JennJa00
2043,Jerry Jeudy,6.40,40,Sun,7,7,2023-10-22,24-181,DEN,,GNB,W 19-17,6.40,11.40,11.4,8.9,40,67.8,0,0.0,0,0.0,WR,JeudJe00
2044,Brandon Johnson,6.40,17,Sun,4,4,2023-10-01,25-067,DEN,@,CHI,W 31-28,6.40,7.40,7.4,6.9,17,35.4,0,0.0,0,0.0,WR,JohnBr23
2045,Diontae Johnson,6.40,60,Sat,15,16,2022-12-24,26-172,PIT,,LVR,W 13-10,6.40,11.40,11.4,8.9,60,88.2,0,0.0,0,0.0,WR,JohnDi01
2046,CeeDee Lamb,6.40,66,Sun,5,5,2024-10-06,25-181,DAL,@,PIT,W 20-17,6.40,11.40,11.4,8.9,66,86.8,0,0.0,0,0.0,WR,LambCe00
2047,Drake London,6.40,55,Sun,4,4,2024-09-29,23-067,ATL,,NOR,W 26-24,6.40,12.40,12.4,9.4,55,98.2,0,0.0,0,0.0,WR,LondDr00
2048,Ladd McConkey,6.40,48,Sun,8,9,2024-11-03,22-358,LAC,@,CLE,W 27-10,6.40,11.40,11.4,8.9,48,84.2,0,0.0,2,6.9,WR,McCoLa00
2049,Jakobi Meyers,6.40,52,Sun,1,1,2024-09-08,27-304,LVR,@,LAC,L 10-22,6.40,9.40,9.4,7.9,52,86.7,0,0.0,0,0.0,WR,MeyeJa01
2050,D.J. Moore,6.40,43,Sun,17,18,2024-01-07,26-268,CHI,@,GNB,L 9-17,6.40,10.40,10.4,8.4,43,89.6,0,0.0,0,0.0,WR,MoorD.00
2051,Malik Nabers,6.40,55,Sun,11,12,2024-11-24,21-119,NYG,,TAM,L 7-30,6.40,12.40,12.4,9.4,55,93.2,0,0.0,0,0.0,WR,NabeMa00
2052,DeVante Parker,6.40,55,Sun,6,6,2022-10-16,29-269,NWE,@,CLE,W 38-15,6.40,10.40,10.4,8.4,55,78.6,0,0.0,0,0.0,WR,ParkDe01
2053,DeVante Parker,6.40,55,Sun,12,13,2023-12-03,30-317,NWE,,LAC,L 0-6,6.40,10.40,10.4,8.4,55,85.9,0,0.0,0,0.0,WR,ParkDe01
2054,Michael Pittman Jr.,6.40,54,Sun,9,9,2023-11-05,26-031,IND,@,CAR,W 27-13,6.40,14.40,14.4,10.4,54,88.5,0,0.0,1,3.6,WR,PittMi01
2055,Kalif Raymond,6.40,21,Sat,15,16,2022-12-24,28-138,DET,@,CAR,L 23-37,6.40,7.40,7.4,6.9,21,31.8,0,0.0,3,10.3,WR,RaymKa00
2056,Rashee Rice,6.40,46,Sun,12,13,2023-12-03,23-225,KAN,@,GNB,L 19-27,6.40,14.40,14.4,10.4,46,68.7,0,0.0,0,0.0,WR,RiceRa01
2057,Allen Robinson,6.40,56,Sun,1,1,2023-09-10,30-017,PIT,,SFO,L 7-30,6.40,11.40,11.4,8.9,56,88.9,0,0.0,0,0.0,WR,RobiAl02
2058,Demarcus Robinson,6.40,48,Thu,8,8,2022-10-27,28-036,BAL,@,TAM,W 27-22,6.40,12.40,12.4,9.4,48,63.2,0,0.0,1,3.2,WR,RobiDe01
2059,Sterling Shepard,6.40,36,Thu,5,5,2024-10-03,31-236,TAM,@,ATL,L 30-36 (OT),6.40,7.40,7.4,6.9,36,67.9,0,0.0,0,0.0,WR,ShepSt00
2060,Courtland Sutton,6.40,53,Sun,15,16,2022-12-25,27-076,DEN,@,LAR,L 14-51,6.40,11.40,11.4,8.9,53,79.1,0,0.0,0,0.0,WR,SuttCo00
2061,Kadarius Toney,6.40,30,Thu,6,6,2023-10-12,24-258,KAN,,DEN,W 19-8,6.40,9.40,9.4,7.9,30,42.3,0,0.0,0,0.0,WR,ToneKa00
2062,Justin Watson,6.40,10,Sun,7,7,2022-10-23,26-202,KAN,@,SFO,W 44-23,6.40,7.40,7.4,6.9,10,15.6,0,0.0,0,0.0,WR,WatsJu01
2063,Kevin White,6.40,21,Thu,7,7,2022-10-20,30-117,NOR,@,ARI,L 34-42,6.40,7.40,7.4,6.9,21,29.2,0,0.0,7,21.9,WR,WhitKe00
2064,Michael Wilson,6.40,53,Sun,3,3,2024-09-22,24-212,ARI,,DET,L 13-20,6.40,14.40,14.4,10.4,53,89.8,0,0.0,0,0.0,WR,WilsMi02
2065,Jordan Addison,6.30,66,Mon,14,15,2024-12-16,22-324,MIN,,CHI,W 30-12,6.30,13.30,13.3,9.8,66,85.7,0,0.0,0,0.0,WR,AddiJo00
2066,Brandon Aiyuk,6.30,67,Sun,2,2,2022-09-18,24-185,SFO,,SEA,W 27-7,6.30,11.30,11.3,8.8,67,88.2,0,0.0,0,0.0,WR,AiyuBr00
2067,Brandin Cooks,6.30,36,Mon,13,14,2024-12-09,31-075,DAL,,CIN,L 20-27,6.30,7.30,7.3,6.8,36,60.0,0,0.0,0,0.0,WR,CookBr00
2068,Greg Dortch,6.30,59,Sun,1,1,2022-09-11,24-105,ARI,,KAN,L 21-44,6.30,13.30,13.3,9.8,59,90.8,0,0.0,2,7.4,WR,DortGr01
2069,Demario Douglas,6.30,47,Sun,12,12,2024-11-24,23-352,NWE,@,MIA,L 15-34,6.30,11.30,11.3,8.8,47,68.1,0,0.0,0,0.0,WR,DougDe00
2070,Michael Gallup,6.30,57,Thu,11,12,2022-11-24,26-265,DAL,,NYG,W 28-20,6.30,11.30,11.3,8.8,57,76.0,0,0.0,0,0.0,WR,GallMi00
2071,Chris Godwin,6.30,41,Sun,5,5,2022-10-09,26-224,TAM,,ATL,W 21-15,6.30,12.30,12.3,9.3,41,51.9,0,0.0,1,4.5,WR,GodwCh00
2072,Chris Godwin,6.30,69,Mon,12,13,2022-12-05,26-281,TAM,,NOR,W 17-16,6.30,14.30,14.3,10.3,69,86.3,0,0.0,0,0.0,WR,GodwCh00
2073,Chris Godwin,6.30,73,Sun,15,16,2022-12-25,26-301,TAM,@,ARI,W 19-16 (OT),6.30,14.30,14.3,10.3,73,90.1,0,0.0,0,0.0,WR,GodwCh00
2074,Deonte Harty,6.30,10,Sun,6,6,2023-10-15,25-315,BUF,,NYG,W 14-9,6.30,7.30,7.3,6.8,10,16.4,0,0.0,4,19.0,WR,HarrDe07
2075,Malik Heath,6.30,15,Sun,16,17,2024-12-29,24-273,GNB,@,MIN,L 25-27,6.30,7.30,7.3,6.8,15,23.8,0,0.0,6,22.2,WR,HeatMa00
2076,DeAndre Hopkins,6.30,35,Sun,4,4,2023-10-01,31-117,TEN,,CIN,W 27-3,6.30,10.30,10.3,8.3,35,53.0,0,0.0,0,0.0,WR,HopkDe00
2077,Andrei Iosivas,6.30,8,Sun,6,6,2023-10-15,24-000,CIN,,SEA,W 17-13,6.30,7.30,7.3,6.8,8,14.8,0,0.0,16,69.6,WR,IosiAn00
2078,Jerry Jeudy,6.30,56,Sat,17,18,2025-01-04,25-255,CLE,@,BAL,L 10-35,6.30,12.30,12.3,9.3,56,94.9,0,0.0,0,0.0,WR,JeudJe00
2079,Diontae Johnson,6.30,77,Sun,9,10,2022-11-13,26-131,PIT,,NOR,W 20-10,6.30,10.30,10.3,8.3,77,91.7,0,0.0,0,0.0,WR,JohnDi01
2080,Christian Kirk,6.30,44,Sun,4,4,2022-10-02,25-318,JAX,@,PHI,L 21-29,6.30,8.30,8.3,7.3,44,93.6,0,0.0,0,0.0,WR,KirkCh01
2081,Chris Moore,6.30,31,Sun,3,3,2022-09-25,29-101,HOU,@,CHI,L 20-23,6.30,9.30,9.3,7.8,31,52.5,0,0.0,3,10.3,WR,MoorCh00
2082,Skyy Moore,6.30,27,Sun,10,11,2022-11-20,22-071,KAN,@,LAC,W 30-27,6.30,11.30,11.3,8.8,27,41.5,0,0.0,2,6.9,WR,MoorSk01
2083,Josh Palmer,6.30,39,Mon,6,7,2024-10-21,25-029,LAC,@,ARI,L 15-17,6.30,10.30,10.3,8.3,39,59.1,0,0.0,0,0.0,WR,PalmJo00
2084,Michael Pittman Jr.,6.30,55,Sun,7,7,2024-10-20,27-015,IND,,MIA,W 16-10,6.30,9.30,9.3,7.8,55,88.7,0,0.0,0,0.0,WR,PittMi01
2085,Jayden Reed,6.30,52,Sun,3,3,2023-09-24,23-149,GNB,,NOR,W 18-17,6.30,9.30,9.3,7.8,52,65.8,0,0.0,4,16.0,WR,ReedJa03
2086,Deebo Samuel,6.30,69,Sun,12,13,2022-12-04,26-323,SFO,,MIA,W 33-17,6.30,12.30,12.3,9.3,69,82.1,0,0.0,0,0.0,WR,SamuDe00
2087,Deebo Samuel,6.30,59,Sun,1,1,2023-09-10,27-238,SFO,@,PIT,W 30-7,6.30,11.30,11.3,8.8,59,86.8,0,0.0,0,0.0,WR,SamuDe00
2088,Rashid Shaheed,6.30,38,Mon,2,2,2023-09-18,25-018,NOR,@,CAR,W 20-17,6.30,10.30,10.3,8.3,38,49.4,0,0.0,10,37.0,WR,ShahRa00
2089,Sterling Shepard,6.30,30,Sun,13,14,2024-12-08,31-302,TAM,,LVR,W 28-13,6.30,10.30,10.3,8.3,30,48.4,0,0.0,0,0.0,WR,ShepSt00
2090,Darius Slayton,6.30,54,Thu,11,12,2022-11-24,25-316,NYG,@,DAL,L 20-28,6.30,9.30,9.3,7.8,54,84.4,0,0.0,0,0.0,WR,SlayDa01
2091,Darius Slayton,6.30,59,Sun,14,15,2023-12-17,26-339,NYG,@,NOR,L 6-24,6.30,10.30,10.3,8.3,59,95.2,0,0.0,0,0.0,WR,SlayDa01
2092,Jaxon Smith-Njigba,6.30,40,Sun,8,9,2023-11-05,21-264,SEA,@,BAL,L 3-37,6.30,12.30,12.3,9.3,40,81.6,0,0.0,0,0.0,WR,SmitJa06
2093,JuJu Smith-Schuster,6.30,18,Sun,8,8,2023-10-29,26-341,NWE,@,MIA,L 17-31,6.30,7.30,7.3,6.8,18,34.0,0,0.0,0,0.0,WR,SmitJu00
2094,Equanimeous St. Brown,6.30,54,Sun,3,3,2022-09-25,25-360,CHI,,HOU,W 23-20,6.30,7.30,7.3,6.8,54,85.7,0,0.0,0,0.0,WR,St.BEq00
2095,Marquez Valdes-Scantling,6.30,55,Sun,4,4,2022-10-02,27-357,KAN,@,TAM,W 41-31,6.30,9.30,9.3,7.8,55,68.8,0,0.0,0,0.0,WR,ValdMa00
2096,Jaylen Waddle,6.30,22,Sun,7,7,2023-10-22,24-331,MIA,@,PHI,L 17-31,6.30,12.30,12.3,9.3,22,44.9,0,0.0,0,0.0,WR,WaddJa00
2097,Justin Watson,6.30,34,Sun,11,12,2023-11-26,27-236,KAN,@,LVR,W 31-17,6.30,7.30,7.3,6.8,34,56.7,0,0.0,6,23.1,WR,WatsJu01
2098,Ja'Marr Chase,6.20,43,Sun,1,1,2024-09-08,24-191,CIN,,NWE,L 10-16,6.20,12.20,12.2,9.2,43,84.3,0,0.0,0,0.0,WR,ChasJa00
2099,River Cracraft,6.20,16,Sun,2,2,2022-09-18,27-321,MIA,@,BAL,W 42-38,6.20,7.20,7.2,6.7,16,22.5,0,0.0,0,0.0,WR,CracRi00
2100,Gabriel Davis,6.20,50,Sun,1,1,2024-09-08,25-160,JAX,@,MIA,L 17-20,6.20,9.20,9.2,7.7,50,94.3,0,0.0,0,0.0,WR,DaviGa01
2101,Tank Dell,6.20,45,Sun,3,3,2024-09-22,24-329,HOU,@,MIN,L 7-34,6.20,11.20,11.2,8.7,45,67.2,0,0.0,0,0.0,WR,DellNa00
2102,Stefon Diggs,6.20,61,Sun,4,4,2022-10-02,28-307,BUF,@,BAL,W 23-20,6.20,10.20,10.2,8.2,61,95.3,0,0.0,0,0.0,WR,DiggSt00
2103,Romeo Doubs,6.20,55,Sun,2,2,2024-09-15,24-155,GNB,,IND,W 16-10,6.20,9.20,9.2,7.7,55,78.6,0,0.0,1,4.5,WR,DoubRo00
2104,Zay Flowers,6.20,50,Mon,12,12,2024-11-25,24-075,BAL,@,LAC,W 30-23,6.20,11.20,11.2,8.7,50,76.9,0,0.0,1,3.7,WR,FlowZa00
2105,Deonte Harty,6.20,15,Sun,5,5,2023-10-08,25-308,BUF,,JAX,L 20-25,6.20,8.20,8.2,7.2,15,25.0,0,0.0,5,20.0,WR,HarrDe07
2106,Kendall Hinton,6.20,77,Sun,9,10,2022-11-13,25-267,DEN,@,TEN,L 10-17,6.20,10.20,10.2,8.2,77,96.3,0,0.0,0,0.0,WR,HintKe00
2107,Mack Hollins,6.20,58,Thu,13,14,2022-12-08,29-083,LVR,@,LAR,L 16-17,6.20,8.20,8.2,7.2,58,96.7,0,0.0,3,12.0,WR,HollMa00
2108,Andrei Iosivas,6.20,10,Sun,7,8,2023-10-29,24-014,CIN,@,SFO,W 31-17,6.20,7.20,7.2,6.7,10,15.9,0,0.0,15,60.0,WR,IosiAn00
2109,Van Jefferson,6.20,53,Mon,8,8,2024-10-28,28-094,PIT,,NYG,W 26-18,6.20,10.20,10.2,8.2,53,80.3,0,0.0,0,0.0,WR,JeffVa00
2110,Jauan Jennings,6.20,41,Sun,1,1,2022-09-11,25-063,SFO,@,CHI,L 10-19,6.20,10.20,10.2,8.2,41,60.3,0,0.0,6,25.0,WR,JennJa00
2111,Charlie Jones,6.20,21,Sun,17,18,2024-01-07,25-070,CIN,,CLE,W 31-14,6.20,9.20,9.2,7.7,21,32.8,0,0.0,7,24.1,WR,JoneCh11
2112,CeeDee Lamb,6.20,67,Sun,3,3,2023-09-24,24-169,DAL,@,ARI,L 16-28,6.20,10.20,10.2,8.2,67,82.7,0,0.0,0,0.0,WR,LambCe00
2113,Drake London,6.20,42,Sun,11,11,2022-11-20,21-119,ATL,,CHI,W 27-24,6.20,7.20,7.2,6.7,42,76.4,0,0.0,0,0.0,WR,LondDr00
2114,Jakobi Meyers,6.20,50,Sun,1,1,2022-09-11,25-306,NWE,@,MIA,L 7-20,6.20,10.20,10.2,8.2,50,87.7,0,0.0,1,5.3,WR,MeyeJa01
2115,Jakobi Meyers,6.20,16,Thu,11,12,2022-11-24,26-015,NWE,@,MIN,L 26-33,6.20,9.20,9.2,7.7,16,29.1,0,0.0,0,0.0,WR,MeyeJa01
2116,Scott Miller,6.20,15,Sun,10,10,2023-11-12,26-104,ATL,@,ARI,L 23-25,6.20,7.20,7.2,6.7,15,21.1,0,0.0,8,30.8,WR,MillSc01
2117,Jonathan Mingo,6.20,66,Sun,7,8,2023-10-29,22-192,CAR,,HOU,W 15-13,6.20,10.20,10.2,8.2,66,98.5,0,0.0,0,0.0,WR,MingJo00
2118,D.J. Moore,6.20,58,Thu,16,17,2024-12-26,27-256,CHI,,SEA,L 3-6,6.20,12.20,12.2,9.2,58,95.1,0,0.0,0,0.0,WR,MoorD.00
2119,Elijah Moore,6.20,51,Sun,1,1,2023-09-10,23-167,CLE,,CIN,W 24-3,6.20,9.20,9.2,7.7,51,68.9,0,0.0,0,0.0,WR,MoorEl00
2120,Jalen Nailor,6.20,33,Sun,17,18,2023-01-08,23-312,MIN,@,CHI,W 29-13,6.20,10.20,10.2,8.2,33,46.5,0,0.0,3,13.0,WR,NailJa00
2121,Chris Olave,6.20,38,Sun,12,12,2022-11-27,22-153,NOR,@,SFO,L 0-13,6.20,11.20,11.2,8.7,38,66.7,0,0.0,0,0.0,WR,OlavCh00
2122,Ja'Lynn Polk,6.20,26,Sun,10,10,2024-11-10,22-213,NWE,@,CHI,W 19-3,6.20,7.20,7.2,6.7,26,40.6,0,0.0,0,0.0,WR,PolkJa00
2123,Wan'Dale Robinson,6.20,46,Sun,6,6,2023-10-15,22-283,NYG,@,BUF,L 9-14,6.20,14.20,14.2,10.2,46,59.7,0,0.0,0,0.0,WR,RobiWa01
2124,Wan'Dale Robinson,6.20,55,Sun,15,16,2024-12-22,23-352,NYG,@,ATL,L 7-34,6.20,13.20,13.2,9.7,55,93.2,0,0.0,0,0.0,WR,RobiWa01
2125,Curtis Samuel,6.20,57,Sun,5,5,2022-10-09,26-059,WAS,,TEN,L 17-21,6.20,12.20,12.2,9.2,57,90.5,0,0.0,0,0.0,WR,SamuCu00
2126,Deebo Samuel,6.20,51,Sun,10,11,2023-11-19,27-308,SFO,,TAM,W 27-14,6.20,9.20,9.2,7.7,51,85.0,0,0.0,0,0.0,WR,SamuDe00
2127,Khalil Shakir,6.20,35,Sun,4,4,2024-09-29,24-239,BUF,@,BAL,L 10-35,6.20,10.20,10.2,8.2,35,59.3,0,0.0,0,0.0,WR,ShakKh00
2128,Sterling Shepard,6.20,11,Sun,10,10,2023-11-12,30-275,NYG,@,DAL,L 17-49,6.20,7.20,7.2,6.7,11,19.3,0,0.0,0,0.0,WR,ShepSt00
2129,Darius Slayton,6.20,56,Sun,2,2,2023-09-17,26-248,NYG,@,ARI,W 31-28,6.20,9.20,9.2,7.7,56,82.4,0,0.0,0,0.0,WR,SlayDa01
2130,Jaxon Smith-Njigba,6.20,46,Thu,12,13,2023-11-30,21-289,SEA,@,DAL,L 35-41,6.20,13.20,13.2,9.7,46,66.7,0,0.0,0,0.0,WR,SmitJa06
2131,Amon-Ra St. Brown,6.20,50,Sun,16,17,2023-01-01,23-069,DET,,CHI,W 41-10,6.20,10.20,10.2,8.2,50,70.4,0,0.0,0,0.0,WR,StxxAm00
2132,Amon-Ra St. Brown,6.20,68,Sun,11,12,2024-11-24,25-031,DET,@,IND,W 24-6,6.20,12.20,12.2,9.2,68,94.4,0,0.0,3,12.5,WR,StxxAm00
2133,Jordan Whittington,6.20,59,Sun,4,4,2024-09-29,23-364,LAR,@,CHI,L 18-24,6.20,12.20,12.2,9.2,59,96.7,0,0.0,0,0.0,WR,WhitJo04
2134,Garrett Wilson,6.20,55,Sun,2,2,2024-09-15,24-055,NYJ,@,TEN,W 24-17,6.20,10.20,10.2,8.2,55,96.5,0,0.0,0,0.0,WR,WilsGa00
2135,Michael Wilson,6.20,67,Sun,6,6,2023-10-15,23-234,ARI,@,LAR,L 9-26,6.20,9.20,9.2,7.7,67,88.2,0,0.0,0,0.0,WR,WilsMi02
2136,Kayshon Boutte,6.10,71,Sun,13,13,2024-12-01,22-208,NWE,,IND,L 24-25,6.10,9.10,9.1,7.6,71,98.6,0,0.0,0,0.0,WR,BoutKa00
2137,Marquise Brown,6.10,67,Sun,16,17,2023-01-01,25-211,ARI,@,ATL,L 19-20,6.10,12.10,12.1,9.1,67,90.5,0,0.0,0,0.0,WR,BrowMa04
2138,Noah Brown,6.10,48,Sun,4,4,2022-10-02,26-269,DAL,,WAS,W 25-10,6.10,9.10,9.1,7.6,48,78.7,0,0.0,4,13.3,WR,BrowNo00
2139,Brandin Cooks,6.10,45,Sun,11,12,2022-11-27,29-063,HOU,@,MIA,L 15-30,6.10,11.10,11.1,8.6,45,73.8,0,0.0,0,0.0,WR,CookBr00
2140,Mike Evans,6.10,41,Sun,2,2,2022-09-18,29-028,TAM,@,NOR,W 20-10,6.10,9.10,9.1,7.6,41,61.2,0,0.0,0,0.0,WR,EvanMi00
2141,Xavier Gipson,6.10,6,Sun,8,8,2024-10-27,23-233,NYJ,@,NWE,L 22-25,6.10,7.10,7.1,6.6,6,9.7,0,0.0,10,38.5,WR,GipsXa00
2142,KJ Hamler,6.10,43,Sun,8,8,2022-10-30,23-114,DEN,@,JAX,W 21-17,6.10,8.10,8.1,7.1,43,70.5,0,0.0,0,0.0,WR,HamlKJ00
2143,Tyreek Hill,6.10,34,Mon,13,14,2023-12-11,29-285,MIA,,TEN,L 27-28,6.10,10.10,10.1,8.1,34,47.2,0,0.0,1,3.2,WR,HillTy00
2144,Richie James,6.10,42,Sun,1,1,2022-09-11,27-006,NYG,@,TEN,W 21-20,6.10,11.10,11.1,8.6,42,70.0,0,0.0,6,21.4,WR,JameRi00
2145,Van Jefferson,6.10,59,Sun,17,18,2023-01-08,26-166,LAR,@,SEA,L 16-19 (OT),6.10,9.10,9.1,7.6,59,96.7,0,0.0,0,0.0,WR,JeffVa00
2146,Marvin Jones,6.10,42,Sun,16,17,2023-01-01,32-295,JAX,@,HOU,W 31-3,6.10,12.10,12.1,9.1,42,66.7,0,0.0,0,0.0,WR,JoneMa02
2147,Allen Lazard,6.10,59,Sun,15,16,2022-12-25,27-014,GNB,@,MIA,W 26-20,6.10,11.10,11.1,8.6,59,89.4,0,0.0,0,0.0,WR,LazaAl00
2148,Tyler Lockett,6.10,64,Mon,4,4,2024-09-30,32-002,SEA,@,DET,L 29-42,6.10,11.10,11.1,8.6,64,71.1,0,0.0,0,0.0,WR,LockTy00
2149,Drake London,6.10,45,Sun,11,11,2024-11-17,23-116,ATL,@,DEN,L 6-38,6.10,9.10,9.1,7.6,45,76.3,0,0.0,0,0.0,WR,LondDr00
2150,Ryan Miller,6.10,34,Mon,9,9,2024-11-04,24-258,TAM,@,KAN,L 24-30 (OT),6.10,7.10,7.1,6.6,34,61.8,0,0.0,5,17.9,WR,MillRy01
2151,D.J. Moore,6.10,50,Sun,4,4,2022-10-02,25-171,CAR,,ARI,L 16-26,6.10,12.10,12.1,9.1,50,96.2,0,0.0,1,4.3,WR,MoorD.00
2152,Rondale Moore,6.10,63,Sun,5,5,2022-10-09,22-122,ARI,,PHI,L 17-20,6.10,13.10,13.1,9.6,63,91.3,0,0.0,0,0.0,WR,MoorRo02
2153,Chris Olave,6.10,45,Sun,1,1,2022-09-11,22-076,NOR,@,ATL,W 27-26,6.10,9.10,9.1,7.6,45,73.8,0,0.0,0,0.0,WR,OlavCh00
2154,Josh Palmer,6.10,39,Thu,15,16,2024-12-19,25-088,LAC,,DEN,W 34-27,6.10,9.10,9.1,7.6,39,60.0,0,0.0,0,0.0,WR,PalmJo00
2155,Kyle Philips,6.10,22,Sun,9,10,2023-11-12,24-148,TEN,@,TAM,L 6-20,6.10,9.10,9.1,7.6,22,34.9,0,0.0,0,0.0,WR,PhilKy01
2156,Alec Pierce,6.10,32,Sun,3,3,2022-09-25,22-146,IND,,KAN,W 20-17,6.10,9.10,9.1,7.6,32,45.1,0,0.0,0,0.0,WR,PierAl00
2157,Jalen Reagor,6.10,3,Sun,5,5,2022-10-09,23-280,MIN,,CHI,W 29-22,6.10,7.10,7.1,6.6,3,3.8,0,0.0,2,8.7,WR,ReagJa00
2158,Jayden Reed,6.10,38,Sun,14,15,2024-12-15,24-231,GNB,@,SEA,W 30-13,6.10,11.10,11.1,8.6,38,59.4,0,0.0,6,20.7,WR,ReedJa03
2159,Wan'Dale Robinson,6.10,43,Sun,3,3,2024-09-22,23-261,NYG,@,CLE,W 21-15,6.10,13.10,13.1,9.6,43,59.7,0,0.0,0,0.0,WR,RobiWa01
2160,Curtis Samuel,6.10,64,Sun,3,3,2022-09-25,26-045,WAS,,PHI,L 8-24,6.10,13.10,13.1,9.6,64,83.1,0,0.0,0,0.0,WR,SamuCu00
2161,Jaxon Smith-Njigba,6.10,39,Sun,15,16,2023-12-24,21-313,SEA,@,TEN,W 20-17,6.10,12.10,12.1,9.1,39,62.9,0,0.0,0,0.0,WR,SmitJa06
2162,Courtland Sutton,6.10,52,Sun,11,12,2023-11-26,28-047,DEN,,CLE,W 29-12,6.10,9.10,9.1,7.6,52,77.6,0,0.0,1,3.8,WR,SuttCo00
2163,Michael Thomas,6.10,52,Sun,1,1,2023-09-10,30-191,NOR,,TEN,W 16-15,6.10,11.10,11.1,8.6,52,80.0,0,0.0,0,0.0,WR,ThomMi05
2164,Tre Tucker,6.10,22,Sun,6,6,2023-10-15,22-221,LVR,,NWE,W 21-17,6.10,8.10,8.1,7.1,22,31.4,0,0.0,7,28.0,WR,TuckTr00
2165,Cedrick Wilson Jr.,6.10,23,Sun,8,8,2023-10-29,27-343,MIA,,NWE,W 31-17,6.10,7.10,7.1,6.6,23,29.9,0,0.0,0,0.0,WR,WilsCe01
2166,Tyler Boyd,6.00,62,Sun,12,13,2022-12-04,28-019,CIN,,KAN,W 27-24,6.00,10.00,10.0,8.0,62,86.1,0,0.0,0,0.0,WR,BoydTy00
2167,Noah Brown,6.00,31,Sun,9,9,2024-11-03,28-302,WAS,@,NYG,W 27-22,6.00,11.00,11.0,8.5,31,50.0,0,0.0,0,0.0,WR,BrowNo00
2168,Nico Collins,6.00,50,Sat,15,16,2024-12-21,25-277,HOU,@,KAN,L 19-27,6.00,13.00,13.0,9.5,50,84.7,0,0.0,0,0.0,WR,CollNi00
2169,Amari Cooper,6.00,51,Sun,5,5,2024-10-06,30-111,CLE,@,WAS,L 13-34,6.00,10.00,10.0,8.0,51,82.3,0,0.0,0,0.0,WR,CoopAm00
2170,Derius Davis,6.00,8,Mon,8,9,2023-11-06,23-056,LAC,@,NYJ,W 27-6,6.00,7.00,7.0,6.5,8,13.8,0,0.0,10,33.3,WR,DaviDe02
2171,Josh Downs,6.00,27,Sun,9,9,2024-11-03,23-083,IND,@,MIN,L 13-21,6.00,12.00,12.0,9.0,27,50.0,0,0.0,2,9.1,WR,DownJo00
2172,Michael Gallup,6.00,37,Sun,4,4,2023-10-01,27-211,DAL,,NWE,W 38-3,6.00,11.00,11.0,8.5,37,52.9,0,0.0,0,0.0,WR,GallMi00
2173,Tee Higgins,6.00,46,Sun,9,9,2022-11-06,23-292,CIN,,CAR,W 42-21,6.00,13.00,13.0,9.5,46,62.2,0,0.0,1,3.4,WR,HiggTe00
2174,Tee Higgins,6.00,43,Sun,4,4,2024-09-29,25-255,CIN,@,CAR,W 34-24,6.00,12.00,12.0,9.0,43,64.2,0,0.0,0,0.0,WR,HiggTe00
2175,Tyreek Hill,6.00,43,Sun,5,5,2022-10-09,28-222,MIA,@,NYJ,L 17-40,6.00,13.00,13.0,9.5,43,64.2,0,0.0,1,3.4,WR,HillTy00
2176,KhaDarel Hodge,6.00,46,Sun,9,9,2023-11-05,28-306,ATL,,MIN,L 28-31,6.00,9.00,9.0,7.5,46,66.7,0,0.0,19,57.6,WR,HodgKh00
2177,Mack Hollins,6.00,58,Sun,2,2,2023-09-17,30-001,ATL,,GNB,W 25-24,6.00,9.00,9.0,7.5,58,70.7,0,0.0,1,3.7,WR,HollMa00
2178,DeAndre Hopkins,6.00,60,Sun,14,15,2022-12-18,30-195,ARI,@,DEN,L 15-24,6.00,13.00,13.0,9.5,60,92.3,0,0.0,0,0.0,WR,HopkDe00
2179,Trenton Irwin,6.00,62,Sun,5,5,2023-10-08,27-302,CIN,@,ARI,W 34-20,6.00,14.00,14.0,10.0,62,75.6,0,0.0,4,14.8,WR,IrwiTr00
2180,Diontae Johnson,6.00,70,Sun,5,5,2022-10-09,26-096,PIT,@,BUF,L 3-38,6.00,11.00,11.0,8.5,70,93.3,0,0.0,0,0.0,WR,JohnDi01
2181,Diontae Johnson,6.00,53,Sun,12,13,2022-12-04,26-152,PIT,@,ATL,W 19-16,6.00,11.00,11.0,8.5,53,81.5,0,0.0,0,0.0,WR,JohnDi01
2182,Jakobi Meyers,6.00,57,Sun,6,6,2022-10-16,25-341,NWE,@,CLE,W 38-15,6.00,10.00,10.0,8.0,57,81.4,0,0.0,0,0.0,WR,MeyeJa01
2183,Jonathan Mingo,6.00,68,Sun,11,12,2023-11-26,22-220,CAR,@,TEN,L 10-17,6.00,10.00,10.0,8.0,68,91.9,0,0.0,0,0.0,WR,MingJo00
2184,Elijah Moore,6.00,61,Sun,13,14,2022-12-11,22-259,NYJ,@,BUF,L 12-20,6.00,12.00,12.0,9.0,61,82.4,0,0.0,2,6.7,WR,MoorEl00
2185,Elijah Moore,6.00,53,Sun,10,11,2023-11-19,23-237,CLE,,PIT,W 13-10,6.00,12.00,12.0,9.0,53,70.7,0,0.0,0,0.0,WR,MoorEl00
2186,Chris Olave,6.00,51,Sun,2,2,2022-09-18,22-083,NOR,,TAM,L 10-20,6.00,11.00,12.0,8.5,51,75.0,0,0.0,0,0.0,WR,OlavCh00
2187,Josh Palmer,6.00,70,Sun,12,13,2022-12-04,23-073,LAC,@,LVR,L 20-27,6.00,13.00,13.0,9.5,70,93.3,0,0.0,0,0.0,WR,PalmJo00
2188,Josh Palmer,6.00,71,Mon,5,6,2023-10-16,24-024,LAC,,DAL,L 17-20,6.00,10.00,10.0,8.0,71,97.3,0,0.0,0,0.0,WR,PalmJo00
2189,Donovan Peoples-Jones,6.00,66,Sun,1,1,2022-09-11,23-204,CLE,@,CAR,W 26-24,6.00,12.00,12.0,9.0,66,82.5,0,0.0,0,0.0,WR,PeopDo00
2190,Calvin Ridley,6.00,51,Sun,14,15,2024-12-15,29-361,TEN,,CIN,L 27-37,6.00,9.00,9.0,7.5,51,72.9,0,0.0,0,0.0,WR,RidlCa00
2191,Curtis Samuel,6.00,46,Sun,1,1,2023-09-10,27-030,WAS,,ARI,W 20-16,6.00,11.00,11.0,8.5,46,64.8,0,0.0,0,0.0,WR,SamuCu00
2192,Darius Slayton,6.00,60,Sun,9,9,2024-11-03,27-296,NYG,,WAS,L 22-27,6.00,9.00,9.0,7.5,60,92.3,0,0.0,0,0.0,WR,SlayDa01
2193,Ihmir Smith-Marsette,6.00,1,Thu,9,10,2023-11-09,24-072,CAR,@,CHI,L 13-16,6.00,6.00,6.0,6.0,1,1.7,0,0.0,13,46.4,WR,SmitIh00
2194,Quez Watkins,6.00,29,Mon,9,10,2022-11-14,24-158,PHI,,WAS,L 21-32,6.00,10.00,11.0,8.0,29,58.0,0,0.0,1,3.8,WR,WatkQu00
2195,Garrett Wilson,6.00,49,Sun,3,3,2022-09-25,22-065,NYJ,,CIN,L 12-27,6.00,12.00,12.0,9.0,49,62.8,0,0.0,0,0.0,WR,WilsGa00
2196,Garrett Wilson,6.00,55,Sun,4,4,2023-10-01,23-071,NYJ,,KAN,L 20-23,6.00,15.00,15.0,10.5,55,93.2,0,0.0,0,0.0,WR,WilsGa00
2197,Garrett Wilson,6.00,79,Mon,8,9,2023-11-06,23-107,NYJ,,LAC,L 6-27,6.00,13.00,14.0,9.5,79,97.5,0,0.0,0,0.0,WR,WilsGa00
2198,Garrett Wilson,6.00,49,Mon,1,1,2024-09-09,24-049,NYJ,@,SFO,L 19-32,6.00,12.00,12.0,9.0,49,96.1,0,0.0,0,0.0,WR,WilsGa00
2199,Davante Adams,5.90,58,Sun,1,1,2024-09-08,31-259,LVR,@,LAC,L 10-22,5.90,10.90,10.9,8.4,58,96.7,0,0.0,0,0.0,WR,AdamDa01
2200,Brandon Aiyuk,5.90,45,Sun,17,18,2023-01-08,24-297,SFO,,ARI,W 38-13,5.90,9.90,9.9,7.9,45,72.6,0,0.0,0,0.0,WR,AiyuBr00
2201,Tyler Boyd,5.90,51,Sat,15,16,2023-12-23,29-038,CIN,@,PIT,L 11-34,5.90,10.90,10.9,8.4,51,79.7,0,0.0,0,0.0,WR,BoydTy00
2202,Ja'Marr Chase,5.90,81,Sat,15,16,2022-12-24,22-298,CIN,@,NWE,W 22-18,5.90,13.90,14.9,9.9,81,97.6,0,0.0,0,0.0,WR,ChasJa00
2203,Nico Collins,5.90,40,Wed,16,17,2024-12-25,25-281,HOU,,BAL,L 2-31,5.90,8.90,8.9,7.4,40,71.4,0,0.0,0,0.0,WR,CollNi00
2204,Chris Conley,5.90,38,Sun,17,18,2025-01-05,32-072,SFO,@,ARI,L 24-47,5.90,9.90,9.9,7.9,38,50.0,0,0.0,16,48.5,WR,ConlCh00
2205,Tank Dell,5.90,50,Sun,1,1,2024-09-08,24-315,HOU,@,IND,W 29-27,5.90,8.90,8.9,7.4,50,63.3,0,0.0,0,0.0,WR,DellNa00
2206,Demario Douglas,5.90,40,Sun,5,5,2024-10-06,23-303,NWE,,MIA,L 10-15,5.90,11.90,11.9,8.9,40,66.7,0,0.0,0,0.0,WR,DougDe00
2207,Demario Douglas,5.90,43,Sun,11,11,2024-11-17,23-345,NWE,,LAR,L 22-28,5.90,9.90,9.9,7.9,43,56.6,0,0.0,1,3.7,WR,DougDe00
2208,Mike Evans,5.90,67,Mon,12,13,2022-12-05,29-106,TAM,,NOR,W 17-16,5.90,9.90,9.9,7.9,67,83.8,0,0.0,0,0.0,WR,EvanMi00
2209,Chris Godwin,5.90,53,Sun,4,4,2022-10-02,26-217,TAM,,KAN,L 31-41,5.90,12.90,12.9,9.4,53,82.8,0,0.0,0,0.0,WR,GodwCh00
2210,DeAndre Hopkins,5.90,64,Mon,13,14,2022-12-12,30-189,ARI,,NWE,L 13-27,5.90,12.90,13.9,9.4,64,85.3,0,0.0,0,0.0,WR,HopkDe00
2211,Andrei Iosivas,5.90,71,Sat,16,17,2024-12-28,25-074,CIN,,DEN,W 30-24 (OT),5.90,8.90,8.9,7.4,71,78.9,0,0.0,0,0.0,WR,IosiAn00
2212,Justin Jefferson,5.90,53,Sun,16,17,2023-12-31,24-198,MIN,,GNB,L 10-33,5.90,10.90,10.9,8.4,53,100.0,0,0.0,0,0.0,WR,JeffJu00
2213,Zay Jones,5.90,38,Sun,14,15,2023-12-17,28-262,JAX,,BAL,L 7-23,5.90,10.90,10.9,8.4,38,61.3,0,0.0,0,0.0,WR,JoneZa00
2214,Christian Kirk,5.90,37,Sun,8,8,2024-10-27,27-344,JAX,,GNB,L 27-30,5.90,7.90,7.9,6.9,37,64.9,0,0.0,0,0.0,WR,KirkCh01
2215,Allen Lazard,5.90,45,Sun,16,17,2023-01-01,27-021,GNB,,MIN,W 41-17,5.90,10.90,10.9,8.4,45,71.4,0,0.0,2,7.1,WR,LazaAl00
2216,Drake London,5.90,49,Sun,15,16,2024-12-22,23-151,ATL,,NYG,W 34-7,5.90,10.90,10.9,8.4,49,73.1,0,0.0,0,0.0,WR,LondDr00
2217,D.K. Metcalf,5.90,50,Sun,11,12,2024-11-24,26-346,SEA,,ARI,W 16-6,5.90,9.90,9.9,7.9,50,78.1,0,0.0,0,0.0,WR,MetcDK00
2218,Jakobi Meyers,5.90,60,Mon,14,15,2024-12-16,28-037,LVR,,ATL,L 9-15,5.90,10.90,10.9,8.4,60,89.6,0,0.0,0,0.0,WR,MeyeJa01
2219,D.J. Moore,5.90,67,Thu,10,10,2023-11-09,26-209,CHI,,CAR,W 16-13,5.90,10.90,10.9,8.4,67,93.1,0,0.0,0,0.0,WR,MoorD.00
2220,Elijah Moore,5.90,59,Sun,6,7,2023-10-22,23-209,CLE,@,IND,W 39-38,5.90,9.90,9.9,7.9,59,78.7,0,0.0,0,0.0,WR,MoorEl00
2221,Malik Nabers,5.90,62,Sun,9,9,2024-11-03,21-098,NYG,,WAS,L 22-27,5.90,14.90,14.9,10.4,62,95.4,0,0.0,0,0.0,WR,NabeMa00
2222,Josh Palmer,5.90,54,Sun,17,18,2023-01-08,23-108,LAC,@,DEN,L 28-31,5.90,9.90,9.9,7.9,54,79.4,0,0.0,0,0.0,WR,PalmJo00
2223,Michael Pittman Jr.,5.90,78,Thu,5,5,2022-10-06,25-001,IND,@,DEN,W 12-9 (OT),5.90,10.90,10.9,8.4,78,98.7,0,0.0,0,0.0,WR,PittMi01
2224,Rashee Rice,5.90,39,Sun,3,3,2023-09-24,23-155,KAN,,CHI,W 41-10,5.90,10.90,10.9,8.4,39,50.6,0,0.0,0,0.0,WR,RiceRa01
2225,Calvin Ridley,5.90,53,Sun,13,14,2024-12-08,29-354,TEN,,JAX,L 6-10,5.90,12.90,12.9,9.4,53,82.8,0,0.0,0,0.0,WR,RidlCa00
2226,Rashid Shaheed,5.90,30,Sun,12,12,2022-11-27,24-088,NOR,@,SFO,L 0-13,5.90,7.90,7.9,6.9,30,52.6,0,0.0,8,47.1,WR,ShahRa00
2227,Darius Slayton,5.90,51,Sun,9,9,2023-11-05,26-297,NYG,@,LVR,L 6-30,5.90,9.90,9.9,7.9,51,81.0,0,0.0,0,0.0,WR,SlayDa01
2228,JuJu Smith-Schuster,5.90,46,Sun,1,1,2022-09-11,25-293,KAN,@,ARI,W 44-21,5.90,11.90,12.9,8.9,46,65.7,0,0.0,0,0.0,WR,SmitJu00
2229,Tre'Quan Smith,5.90,44,Thu,7,7,2022-10-20,26-286,NOR,@,ARI,L 34-42,5.90,10.90,10.9,8.4,44,61.1,0,0.0,0,0.0,WR,SmitTr03
2230,Sammy Watkins,5.90,39,Sun,17,18,2023-01-08,29-208,BAL,@,CIN,L 16-27,5.90,7.90,8.9,6.9,39,50.0,0,0.0,0,0.0,WR,WatkSa00
2231,Brandon Aiyuk,5.80,58,Sun,5,5,2022-10-09,24-206,SFO,@,CAR,W 37-15,5.80,8.80,8.8,7.3,58,86.6,0,0.0,0,0.0,WR,AiyuBr00
2232,Brandon Aiyuk,5.80,56,Sun,5,5,2023-10-08,25-205,SFO,,DAL,W 42-10,5.80,9.80,9.8,7.8,56,78.9,0,0.0,0,0.0,WR,AiyuBr00
2233,Keenan Allen,5.80,54,Sun,12,13,2023-12-03,31-220,LAC,@,NWE,W 6-0,5.80,10.80,10.8,8.3,54,88.5,0,0.0,0,0.0,WR,AlleKe00
2234,Kendrick Bourne,5.80,18,Sun,3,3,2022-09-25,27-052,NWE,,BAL,L 26-37,5.80,9.80,9.8,7.8,18,27.3,0,0.0,0,0.0,WR,BourKe00
2235,Marquise Brown,5.80,50,Sun,15,16,2022-12-25,25-204,ARI,,TAM,L 16-19 (OT),5.80,8.80,8.8,7.3,50,65.8,0,0.0,0,0.0,WR,BrowMa04
2236,Noah Brown,5.80,38,Sun,6,6,2024-10-13,28-281,WAS,@,BAL,L 23-30,5.80,9.80,9.8,7.8,38,64.4,0,0.0,0,0.0,WR,BrowNo00
2237,Damiere Byrd,5.80,30,Thu,10,10,2022-11-10,29-287,ATL,@,CAR,L 15-25,5.80,8.80,8.8,7.3,30,47.6,0,0.0,0,0.0,WR,ByrdDa00
2238,Ja'Marr Chase,5.80,67,Sun,2,2,2022-09-18,22-201,CIN,@,DAL,L 17-20,5.80,10.80,10.8,8.3,67,95.7,0,0.0,0,0.0,WR,ChasJa00
2239,Nico Collins,5.80,42,Sun,2,2,2022-09-18,23-183,HOU,@,DEN,L 9-16,5.80,9.80,9.8,7.8,42,66.7,0,0.0,0,0.0,WR,CollNi00
2240,Amari Cooper,5.80,48,Sat,14,15,2022-12-17,28-183,CLE,,BAL,W 13-3,5.80,9.80,9.8,7.8,48,72.7,0,0.0,0,0.0,WR,CoopAm00
2241,Tank Dell,5.80,41,Mon,11,11,2024-11-18,25-020,HOU,@,DAL,W 34-10,5.80,9.80,9.8,7.8,41,64.1,0,0.0,0,0.0,WR,DellNa00
2242,Chris Godwin,5.80,53,Sun,2,2,2023-09-17,27-202,TAM,,CHI,W 27-17,5.80,10.80,10.8,8.3,53,74.6,0,0.0,0,0.0,WR,GodwCh00
2243,Rakim Jarrett,5.80,20,Sun,8,8,2024-10-27,23-277,TAM,,ATL,L 26-31,5.80,8.80,8.8,7.3,20,27.4,0,0.0,10,37.0,WR,JarrRa00
2244,Jerry Jeudy,5.80,39,Sun,10,11,2023-11-19,24-209,DEN,,MIN,W 21-20,5.80,10.80,10.8,8.3,39,70.9,0,0.0,0,0.0,WR,JeudJe00
2245,Diontae Johnson,5.80,60,Sun,17,18,2023-01-08,26-187,PIT,,CLE,W 28-14,5.80,7.80,7.8,6.8,60,82.2,0,0.0,0,0.0,WR,JohnDi01
2246,Allen Lazard,5.80,65,Sun,4,4,2024-09-29,28-293,NYJ,,DEN,L 9-10,5.80,10.80,10.8,8.3,65,87.8,0,0.0,0,0.0,WR,LazaAl00
2247,Allen Lazard,5.80,33,Sun,7,7,2024-10-20,28-314,NYJ,@,PIT,L 15-37,5.80,9.80,9.8,7.8,33,57.9,0,0.0,0,0.0,WR,LazaAl00
2248,George Pickens,5.80,53,Sun,11,12,2023-11-26,22-267,PIT,@,CIN,W 16-10,5.80,8.80,8.8,7.3,53,74.6,0,0.0,1,4.2,WR,PickGe00
2249,Calvin Ridley,5.80,52,Sun,10,11,2024-11-17,29-333,TEN,,MIN,L 13-23,5.80,9.80,9.8,7.8,52,88.1,0,0.0,0,0.0,WR,RidlCa00
2250,Wan'Dale Robinson,5.80,48,Sun,1,1,2024-09-08,23-247,NYG,,MIN,L 6-28,5.80,11.80,11.8,8.8,48,67.6,0,0.0,0,0.0,WR,RobiWa01
2251,Khalil Shakir,5.80,53,Sun,10,10,2024-11-10,24-281,BUF,@,IND,W 30-20,5.80,11.80,11.8,8.8,53,71.6,0,0.0,0,0.0,WR,ShakKh00
2252,KaVontae Turpin,5.80,39,Sun,17,18,2025-01-05,28-156,DAL,,WAS,L 19-23,5.80,8.80,8.8,7.3,39,50.0,0,0.0,10,35.7,WR,TurpKa00
2253,Nick Westbrook-Ikhine,5.80,43,Sun,11,12,2022-11-27,25-251,TEN,,CIN,L 16-20,5.80,9.80,9.8,7.8,43,75.4,0,0.0,0,0.0,WR,WestNi00
2254,Nick Westbrook-Ikhine,5.80,51,Sun,1,1,2023-09-10,26-173,TEN,@,NOR,L 15-16,5.80,9.80,9.8,7.8,51,81.0,0,0.0,10,35.7,WR,WestNi00
2255,Michael Wilson,5.80,68,Sun,8,8,2023-10-29,23-248,ARI,,BAL,L 24-31,5.80,9.80,9.8,7.8,68,88.3,0,0.0,0,0.0,WR,WilsMi02
2256,Robert Woods,5.80,39,Sun,16,17,2023-12-31,31-265,HOU,,TEN,W 26-3,5.80,9.80,9.8,7.8,39,63.9,0,0.0,1,4.2,WR,WoodRo02
2257,Olamide Zaccheaus,5.80,43,Sun,6,6,2022-10-16,25-085,ATL,,SFO,W 28-14,5.80,9.80,9.8,7.8,43,74.1,0,0.0,3,13.6,WR,ZaccOl01
2258,Davante Adams,5.70,49,Sun,7,7,2023-10-22,30-302,LVR,@,CHI,L 12-30,5.70,12.70,12.7,9.2,49,75.4,0,0.0,0,0.0,WR,AdamDa01
2259,Brandon Aiyuk,5.70,52,Mon,7,7,2023-10-23,25-220,SFO,@,MIN,L 17-22,5.70,10.70,10.7,8.2,52,98.1,0,0.0,0,0.0,WR,AiyuBr00
2260,Marquise Brown,5.70,52,Sun,1,1,2023-09-10,26-098,ARI,@,WAS,L 16-20,5.70,8.70,8.7,7.2,52,83.9,0,0.0,0,0.0,WR,BrowMa04
2261,Noah Brown,5.70,42,Sun,7,8,2023-10-29,27-296,HOU,@,CAR,L 13-15,5.70,8.70,8.7,7.2,42,72.4,0,0.0,3,12.5,WR,BrowNo00
2262,Randall Cobb,5.70,25,Sun,3,3,2022-09-25,32-034,GNB,@,TAM,W 14-12,5.70,7.70,7.7,6.7,25,40.3,0,0.0,0,0.0,WR,CobbRa00
2263,Amari Cooper,5.70,64,Sun,13,14,2023-12-10,29-176,CLE,,JAX,W 31-27,5.70,12.70,13.7,9.2,64,84.2,0,0.0,1,2.9,WR,CoopAm00
2264,Stefon Diggs,5.70,67,Sat,14,15,2022-12-17,29-018,BUF,,MIA,W 32-29,5.70,10.70,10.7,8.2,67,85.9,0,0.0,0,0.0,WR,DiggSt00
2265,Josh Downs,5.70,67,Sun,3,3,2023-09-24,22-043,IND,@,BAL,W 22-19 (OT),5.70,13.70,13.7,9.7,67,79.8,0,0.0,0,0.0,WR,DownJo00
2266,Marquise Goodwin,5.70,7,Sun,14,15,2023-12-17,33-028,CLE,,CHI,W 20-17,5.70,6.70,6.7,6.2,7,10.1,0,0.0,0,0.0,WR,GoodMa00
2267,Kendall Hinton,5.70,56,Sun,10,11,2022-11-20,25-274,DEN,,LVR,L 16-22 (OT),5.70,8.70,8.7,7.2,56,87.5,0,0.0,0,0.0,WR,HintKe00
2268,KhaDarel Hodge,5.70,12,Sun,2,2,2022-09-18,27-258,ATL,@,LAR,L 27-31,5.70,7.70,7.7,6.7,12,19.7,1,1.6,13,56.5,WR,HodgKh00
2269,Tyler Johnson,5.70,50,Sun,6,7,2024-10-20,26-056,LAR,,LVR,W 20-15,5.70,9.70,9.7,7.7,50,90.9,0,0.0,0,0.0,WR,JohnTy00
2270,Marvin Jones,5.70,40,Sun,7,7,2022-10-23,32-225,JAX,,NYG,L 17-23,5.70,9.70,9.7,7.7,40,56.3,0,0.0,0,0.0,WR,JoneMa02
2271,Allen Lazard,5.70,56,Thu,11,11,2022-11-17,26-341,GNB,,TEN,L 17-27,5.70,10.70,10.7,8.2,56,91.8,0,0.0,0,0.0,WR,LazaAl00
2272,Darnell Mooney,5.70,53,Sun,10,10,2022-11-13,25-015,CHI,,DET,L 30-31,5.70,9.70,9.7,7.7,53,86.9,0,0.0,0,0.0,WR,MoonDa00
2273,Rome Odunze,5.70,53,Sun,15,16,2024-12-22,22-202,CHI,,DET,L 17-34,5.70,9.70,10.7,7.7,53,82.8,0,0.0,0,0.0,WR,OdunRo00
2274,Chris Olave,5.70,73,Thu,7,7,2023-10-19,23-114,NOR,,JAX,L 24-31,5.70,12.70,12.7,9.2,73,81.1,0,0.0,0,0.0,WR,OlavCh00
2275,Josh Palmer,5.70,81,Mon,6,6,2022-10-17,23-025,LAC,,DEN,W 19-16 (OT),5.70,14.70,14.7,10.2,81,87.1,0,0.0,0,0.0,WR,PalmJo00
2276,DeVante Parker,5.70,74,Sun,2,2,2023-09-17,30-240,NWE,,MIA,L 17-24,5.70,11.70,11.7,8.7,74,100.0,0,0.0,0,0.0,WR,ParkDe01
2277,George Pickens,5.70,50,Sun,3,3,2024-09-22,23-202,PIT,,LAC,W 20-10,5.70,10.70,10.7,8.2,50,73.5,0,0.0,0,0.0,WR,PickGe00
2278,Rashee Rice,5.70,57,Mon,15,16,2023-12-25,23-247,KAN,,LVR,L 14-20,5.70,11.70,11.7,8.7,57,75.0,0,0.0,0,0.0,WR,RiceRa01
2279,Khalil Shakir,5.70,41,Sun,9,9,2023-11-05,23-275,BUF,@,CIN,L 18-24,5.70,9.70,9.7,7.7,41,70.7,0,0.0,5,23.8,WR,ShakKh00
2280,Darius Slayton,5.70,68,Sun,6,6,2024-10-13,27-275,NYG,,CIN,L 7-17,5.70,11.70,11.7,8.7,68,86.1,0,0.0,0,0.0,WR,SlayDa01
2281,Adam Thielen,5.70,38,Sun,11,12,2024-11-24,34-094,CAR,,KAN,L 27-30,5.70,8.70,8.7,7.2,38,61.3,0,0.0,0,0.0,WR,ThieAd00
2282,Christian Watson,5.70,37,Sun,9,9,2024-11-03,25-175,GNB,,DET,L 14-24,5.70,8.70,8.7,7.2,37,56.9,0,0.0,0,0.0,WR,WatsCh00
2283,Robert Woods,5.70,58,Sun,1,1,2023-09-10,31-153,HOU,@,BAL,L 9-25,5.70,11.70,11.7,8.7,58,75.3,0,0.0,2,8.0,WR,WoodRo02
2284,Tyler Boyd,5.62,46,Thu,4,4,2022-09-29,27-318,CIN,,MIA,W 27-15,5.62,7.62,7.6,6.6,46,71.9,0,0.0,0,0.0,WR,BoydTy00
2285,Nelson Agholor,5.60,38,Sun,3,3,2024-09-22,31-121,BAL,@,DAL,W 28-25,5.60,6.60,6.6,6.1,38,60.3,0,0.0,0,0.0,WR,AghoNe00
2286,Tyler Boyd,5.60,57,Sun,8,9,2023-11-05,28-355,CIN,,BUF,W 24-18,5.60,8.60,8.6,7.1,57,81.4,0,0.0,0,0.0,WR,BoydTy00
2287,A.J. Brown,5.60,66,Mon,14,15,2023-12-18,26-171,PHI,@,SEA,L 17-20,5.60,10.60,10.6,8.1,66,95.7,0,0.0,0,0.0,WR,BrowAJ00
2288,Noah Brown,5.60,20,Sun,2,2,2024-09-15,28-253,WAS,,NYG,W 21-18,5.60,8.60,8.6,7.1,20,27.8,0,0.0,0,0.0,WR,BrowNo00
2289,DJ Chark,5.60,48,Sun,16,17,2023-01-01,26-100,DET,,CHI,W 41-10,5.60,7.60,7.6,6.6,48,67.6,0,0.0,0,0.0,WR,CharDJ00
2290,DJ Chark,5.60,29,Sun,12,13,2023-12-03,27-071,CAR,@,TAM,L 18-21,5.60,8.60,8.6,7.1,29,40.3,0,0.0,0,0.0,WR,CharDJ00
2291,Gabriel Davis,5.60,76,Sat,14,15,2022-12-17,23-260,BUF,,MIA,W 32-29,5.60,9.60,9.6,7.6,76,97.4,0,0.0,0,0.0,WR,DaviGa01
2292,DeAndre Hopkins,5.60,44,Sun,9,10,2024-11-10,32-157,KAN,,DEN,W 16-14,5.60,9.60,9.6,7.6,44,64.7,0,0.0,0,0.0,WR,HopkDe00
2293,Jauan Jennings,5.60,46,Sun,12,13,2024-12-01,27-144,SFO,@,BUF,L 10-35,5.60,8.60,8.6,7.1,46,95.8,0,0.0,0,0.0,WR,JennJa00
2294,Xavier Legette,5.60,58,Sun,11,12,2024-11-24,23-300,CAR,,KAN,L 27-30,5.60,9.60,9.6,7.6,58,93.5,0,0.0,6,22.2,WR,LegeXa00
2295,Drake London,5.60,49,Sun,16,17,2023-12-31,22-160,ATL,@,CHI,L 17-37,5.60,9.60,9.6,7.6,49,83.1,0,0.0,0,0.0,WR,LondDr00
2296,Terrace Marshall Jr.,5.60,45,Sun,4,4,2023-10-01,23-114,CAR,,MIN,L 13-21,5.60,14.60,14.6,10.1,45,62.5,0,0.0,0,0.0,WR,MarsTe00
2297,Terry McLaurin,5.60,64,Sun,9,9,2022-11-06,27-052,WAS,,MIN,L 17-20,5.60,10.60,10.6,8.1,64,100.0,0,0.0,0,0.0,WR,McLaTe00
2298,Terry McLaurin,5.60,49,Sun,11,11,2022-11-20,27-066,WAS,@,HOU,W 23-10,5.60,9.60,9.6,7.6,49,72.1,0,0.0,0,0.0,WR,McLaTe00
2299,Terry McLaurin,5.60,43,Sun,17,18,2024-01-07,28-114,WAS,,DAL,L 10-38,5.60,11.60,11.6,8.6,43,87.8,0,0.0,0,0.0,WR,McLaTe00
2300,Jakobi Meyers,5.60,71,Sun,16,17,2023-12-31,27-052,LVR,@,IND,L 20-23,5.60,11.60,11.6,8.6,71,94.7,0,0.0,0,0.0,WR,MeyeJa01
2301,Darnell Mooney,5.60,54,Sun,4,4,2024-09-29,26-336,ATL,,NOR,W 26-24,5.60,8.60,8.6,7.1,54,96.4,0,0.0,0,0.0,WR,MoonDa00
2302,Puka Nacua,5.60,42,Sun,15,16,2024-12-22,23-207,LAR,@,NYJ,W 19-9,5.60,13.60,13.6,9.6,42,80.8,0,0.0,0,0.0,WR,NacuPu00
2303,Josh Palmer,5.60,63,Sun,11,12,2022-11-27,23-066,LAC,@,ARI,W 25-24,5.60,10.60,10.6,8.1,63,95.5,0,0.0,0,0.0,WR,PalmJo00
2304,Michael Pittman Jr.,5.60,56,Sun,2,2,2023-09-17,25-347,IND,@,HOU,W 31-20,5.60,13.60,13.6,9.6,56,98.2,0,0.0,0,0.0,WR,PittMi01
2305,Rashee Rice,5.60,37,Sun,8,8,2023-10-29,23-190,KAN,@,DEN,L 9-24,5.60,9.60,9.6,7.6,37,60.7,0,0.0,0,0.0,WR,RiceRa01
2306,Khalil Shakir,5.60,31,Thu,2,2,2024-09-12,24-222,BUF,@,MIA,W 31-10,5.60,10.60,10.6,8.1,31,68.9,0,0.0,0,0.0,WR,ShakKh00
2307,Darius Slayton,5.60,58,Thu,4,4,2024-09-26,27-258,NYG,,DAL,L 15-20,5.60,8.60,8.6,7.1,58,84.1,0,0.0,0,0.0,WR,SlayDa01
2308,Tre Tucker,5.60,28,Sun,9,9,2023-11-05,22-242,LVR,,NYG,W 30-6,5.60,7.60,7.6,6.6,28,46.7,0,0.0,7,29.2,WR,TuckTr00
2309,Marquez Valdes-Scantling,5.60,44,Sun,11,12,2022-11-27,28-048,KAN,,LAR,W 26-10,5.60,9.60,9.6,7.6,44,57.9,0,0.0,0,0.0,WR,ValdMa00
2310,Jaylen Waddle,5.60,47,Mon,9,10,2024-11-11,25-352,MIA,@,LAR,W 23-15,5.60,8.60,8.6,7.1,47,88.7,0,0.0,1,3.6,WR,WaddJa00
2311,Christian Watson,5.60,50,Sun,14,15,2024-12-15,25-217,GNB,@,SEA,W 30-13,5.60,8.60,8.6,7.1,50,78.1,0,0.0,0,0.0,WR,WatsCh00
2312,Justin Watson,5.60,29,Sun,5,5,2023-10-08,27-187,KAN,@,MIN,W 27-20,5.60,7.60,7.6,6.6,29,43.9,0,0.0,6,25.0,WR,WatsJu01
2313,Michael Wilson,5.60,28,Sun,2,2,2023-09-17,23-206,ARI,,NYG,L 28-31,5.60,8.60,8.6,7.1,28,43.1,0,0.0,0,0.0,WR,WilsMi02
2314,Keenan Allen,5.50,59,Sun,6,7,2023-10-22,31-178,LAC,@,KAN,L 17-31,5.50,9.50,9.5,7.5,59,93.7,0,0.0,0,0.0,WR,AlleKe00
2315,Tyler Boyd,5.50,38,Sun,11,12,2024-11-24,30-009,TEN,@,HOU,W 32-27,5.50,11.50,11.5,8.5,38,56.7,0,0.0,1,2.9,WR,BoydTy00
2316,Treylon Burks,5.50,24,Sun,1,1,2022-09-11,22-172,TEN,,NYG,L 20-21,5.50,8.50,8.5,7.0,24,36.9,0,0.0,4,14.3,WR,BurkTr00
2317,DeAndre Carter,5.50,49,Thu,2,2,2022-09-15,29-158,LAC,@,KAN,L 24-27,5.50,8.50,8.5,7.0,49,65.3,0,0.0,12,37.5,WR,CartDe02
2318,Amari Cooper,5.50,37,Sun,11,11,2024-11-17,30-153,BUF,,KAN,W 30-21,5.50,7.50,7.5,6.5,37,50.7,0,0.0,0,0.0,WR,CoopAm00
2319,River Cracraft,5.50,25,Sun,11,12,2022-11-27,28-026,MIA,,HOU,W 30-15,5.50,9.50,9.5,7.5,25,32.9,0,0.0,4,13.3,WR,CracRi00
2320,Romeo Doubs,5.50,23,Mon,14,15,2022-12-19,22-250,GNB,,LAR,W 24-12,5.50,10.50,10.5,8.0,23,32.4,0,0.0,0,0.0,WR,DoubRo00
2321,Demario Douglas,5.50,53,Sun,9,9,2023-11-05,22-332,NWE,,WAS,L 17-20,5.50,10.50,10.5,8.0,53,82.8,0,0.0,6,21.4,WR,DougDe00
2322,Chris Godwin,5.50,50,Sun,17,18,2024-01-07,27-314,TAM,@,CAR,W 9-0,5.50,11.50,11.5,8.5,50,76.9,0,0.0,0,0.0,WR,GodwCh00
2323,Marquise Goodwin,5.50,29,Sun,11,12,2022-11-27,32-008,SEA,,LVR,L 34-40 (OT),5.50,8.50,8.5,7.0,29,44.6,0,0.0,0,0.0,WR,GoodMa00
2324,KJ Hamler,5.50,4,Sun,4,4,2022-10-02,23-086,DEN,@,LVR,L 23-32,5.50,6.50,6.5,6.0,4,7.5,0,0.0,0,0.0,WR,HamlKJ00
2325,Diontae Johnson,5.50,51,Sun,1,1,2022-09-11,26-068,PIT,@,CIN,W 23-20 (OT),5.50,12.50,12.5,9.0,51,81.0,0,0.0,0,0.0,WR,JohnDi01
2326,Julio Jones,5.50,43,Sun,11,12,2022-11-27,33-297,TAM,@,CLE,L 17-23 (OT),5.50,8.50,8.5,7.0,43,62.3,0,0.0,0,0.0,WR,JoneJu02
2327,Allen Lazard,5.50,32,Sun,7,7,2022-10-23,26-316,GNB,@,WAS,L 21-23,5.50,11.50,11.5,8.5,32,59.3,0,0.0,0,0.0,WR,LazaAl00
2328,Drake London,5.50,37,Sun,8,8,2023-10-29,22-097,ATL,@,TEN,L 23-28,5.50,10.50,10.5,8.0,37,54.4,0,0.0,0,0.0,WR,LondDr00
2329,Terrace Marshall Jr.,5.50,63,Sat,15,16,2022-12-24,22-198,CAR,,DET,W 37-23,5.50,7.50,7.5,6.5,63,92.6,0,0.0,2,6.9,WR,MarsTe00
2330,Isaiah McKenzie,5.50,52,Sun,9,10,2022-11-13,27-218,BUF,,MIN,L 30-33 (OT),5.50,9.50,9.5,7.5,52,69.3,0,0.0,0,0.0,WR,McKeIs00
2331,D.K. Metcalf,5.50,61,Thu,14,15,2022-12-15,25-001,SEA,,SFO,L 13-21,5.50,12.50,12.5,9.0,61,95.3,0,0.0,0,0.0,WR,MetcDK00
2332,D.J. Moore,5.50,58,Sun,8,8,2023-10-29,26-198,CHI,@,LAC,L 13-30,5.50,9.50,9.5,7.5,58,87.9,0,0.0,0,0.0,WR,MoorD.00
2333,Elijah Moore,5.50,63,Sun,4,4,2022-10-02,22-189,NYJ,@,PIT,W 24-20,5.50,8.50,8.5,7.0,63,90.0,0,0.0,0,0.0,WR,MoorEl00
2334,Tim Patrick,5.50,36,Sun,11,12,2024-11-24,31-001,DET,@,IND,W 24-6,5.50,9.50,9.5,7.5,36,50.0,0,0.0,0,0.0,WR,PatrTi00
2335,Byron Pringle,5.50,18,Sun,9,9,2023-11-05,29-353,WAS,@,NWE,W 20-17,5.50,8.50,8.5,7.0,18,23.1,0,0.0,11,39.3,WR,PrinBy00
2336,Kalif Raymond,5.50,25,Sun,3,3,2023-09-24,29-047,DET,,ATL,W 20-6,5.50,9.50,9.5,7.5,25,35.7,0,0.0,7,25.9,WR,RaymKa00
2337,Jayden Reed,5.50,41,Sun,8,8,2024-10-27,24-182,GNB,@,JAX,W 30-27,5.50,7.50,7.5,6.5,41,58.6,0,0.0,5,15.2,WR,ReedJa03
2338,Hunter Renfrow,5.50,32,Sun,6,7,2022-10-23,26-306,LVR,,HOU,W 38-20,5.50,8.50,8.5,7.0,32,57.1,0,0.0,0,0.0,WR,RenfHu00
2339,Trent Sherfield,5.50,40,Thu,4,4,2022-09-29,26-216,MIA,@,CIN,L 15-27,5.50,9.50,9.5,7.5,40,62.5,0,0.0,15,53.6,WR,SherTr00
2340,Amon-Ra St. Brown,5.50,60,Sun,8,9,2022-11-06,23-013,DET,,GNB,W 15-9,5.50,9.50,9.5,7.5,60,96.8,0,0.0,0,0.0,WR,StxxAm00
2341,Michael Thomas,5.50,60,Mon,2,2,2023-09-18,30-199,NOR,@,CAR,W 20-17,5.50,12.50,12.5,9.0,60,77.9,0,0.0,0,0.0,WR,ThomMi05
2342,Cedric Tillman,5.50,65,Sun,11,12,2023-11-26,23-221,CLE,@,DEN,L 12-29,5.50,9.50,9.5,7.5,65,89.0,0,0.0,0,0.0,WR,TillCe01
2343,KaVontae Turpin,5.50,14,Thu,12,13,2024-11-28,28-118,DAL,,NYG,W 27-20,5.50,9.50,9.5,7.5,14,18.4,0,0.0,11,35.5,WR,TurpKa00
2344,Jaylen Waddle,5.50,58,Sun,10,11,2023-11-19,24-359,MIA,,LVR,W 20-13,5.50,9.50,9.5,7.5,58,82.9,0,0.0,2,7.7,WR,WaddJa00
2345,Michael Wilson,5.50,67,Sun,12,13,2024-12-01,24-282,ARI,@,MIN,L 22-23,5.50,10.50,10.5,8.0,67,81.7,0,0.0,0,0.0,WR,WilsMi02
2346,Olamide Zaccheaus,5.50,31,Sun,4,4,2022-10-02,25-071,ATL,,CLE,W 23-20,5.50,7.50,7.5,6.5,31,56.4,0,0.0,5,19.2,WR,ZaccOl01
2347,Davante Adams,5.40,58,Sun,8,8,2024-10-27,31-308,NYJ,@,NWE,L 22-25,5.40,9.40,9.4,7.4,58,93.5,0,0.0,0,0.0,WR,AdamDa01
2348,Jordan Addison,5.40,50,Sun,12,13,2024-12-01,22-309,MIN,,ARI,W 23-22,5.40,9.40,9.4,7.4,50,94.3,0,0.0,0,0.0,WR,AddiJo00
2349,Tutu Atwell,5.40,9,Sun,5,5,2022-10-09,23-002,LAR,,DAL,L 10-22,5.40,6.40,6.4,5.9,9,13.8,0,0.0,0,0.0,WR,AtweTu00
2350,Rashod Bateman,5.40,41,Sun,16,17,2023-12-31,24-032,BAL,,MIA,W 56-19,5.40,9.40,9.4,7.4,41,71.9,0,0.0,0,0.0,WR,BateRa00
2351,Noah Brown,5.40,51,Mon,3,3,2022-09-26,26-263,DAL,@,NYG,W 23-16,5.40,10.40,10.4,7.9,51,79.7,0,0.0,4,13.8,WR,BrowNo00
2352,Chase Claypool,5.40,58,Sun,1,1,2022-09-11,24-066,PIT,@,CIN,W 23-20 (OT),5.40,9.40,9.4,7.4,58,92.1,0,0.0,0,0.0,WR,ClayCh01
2353,Nico Collins,5.40,30,Mon,11,11,2024-11-18,25-244,HOU,@,DAL,W 34-10,5.40,9.40,9.4,7.4,30,46.9,0,0.0,0,0.0,WR,CollNi00
2354,Brandin Cooks,5.40,55,Sun,2,2,2022-09-18,28-358,HOU,@,DEN,L 9-16,5.40,9.40,9.4,7.4,55,87.3,0,0.0,0,0.0,WR,CookBr00
2355,Romeo Doubs,5.40,37,Sun,11,12,2024-11-24,24-225,GNB,,SFO,W 38-10,5.40,8.40,8.4,6.9,37,51.4,0,0.0,0,0.0,WR,DoubRo00
2356,Mike Evans,5.40,55,Sun,10,10,2022-11-13,29-084,TAM,,SEA,W 21-16,5.40,10.40,10.4,7.9,55,73.3,0,0.0,1,4.8,WR,EvanMi00
2357,Chris Godwin,5.40,69,Sun,13,14,2022-12-11,26-287,TAM,@,SFO,L 7-35,5.40,10.40,10.4,7.9,69,90.8,0,0.0,0,0.0,WR,GodwCh00
2358,Chris Godwin,5.40,50,Sun,9,10,2023-11-12,27-258,TAM,,TEN,W 20-6,5.40,9.40,9.4,7.4,50,76.9,0,0.0,0,0.0,WR,GodwCh00
2359,DeAndre Hopkins,5.40,41,Sun,5,6,2024-10-13,32-129,TEN,,IND,L 17-20,5.40,9.40,9.4,7.4,41,70.7,0,0.0,0,0.0,WR,HopkDe00
2360,Richie James,5.40,25,Mon,15,16,2023-12-25,28-111,KAN,,LVR,L 14-20,5.40,8.40,8.4,6.9,25,32.9,0,0.0,11,44.0,WR,JameRi00
2361,Justin Jefferson,5.40,64,Sun,17,18,2025-01-05,25-203,MIN,@,DET,L 9-31,5.40,8.40,8.4,6.9,64,98.5,0,0.0,0,0.0,WR,JeffJu00
2362,Jauan Jennings,5.40,39,Mon,7,7,2023-10-23,26-105,SFO,@,MIN,L 17-22,5.40,10.40,10.4,7.9,39,73.6,0,0.0,0,0.0,WR,JennJa00
2363,Jerry Jeudy,5.40,53,Mon,6,6,2022-10-17,23-176,DEN,@,LAC,L 16-19 (OT),5.40,8.40,8.4,6.9,53,91.4,0,0.0,0,0.0,WR,JeudJe00
2364,Jerry Jeudy,5.40,33,Sun,16,17,2023-12-31,24-251,DEN,,LAC,W 16-9,5.40,8.40,8.4,6.9,33,47.8,0,0.0,0,0.0,WR,JeudJe00
2365,Tom Kennedy,5.40,60,Sun,4,4,2022-10-02,26-065,DET,,SEA,L 45-48,5.40,8.40,8.4,6.9,60,81.1,0,0.0,0,0.0,WR,KennTo01
2366,Tyler Lockett,5.40,61,Sun,3,3,2023-09-24,30-361,SEA,,CAR,W 37-27,5.40,8.40,8.4,6.9,61,81.3,0,0.0,1,2.9,WR,LockTy00
2367,Tyler Lockett,5.40,38,Mon,4,4,2023-10-02,31-004,SEA,@,NYG,W 24-3,5.40,9.40,9.4,7.4,38,69.1,0,0.0,0,0.0,WR,LockTy00
2368,Drake London,5.40,55,Sun,7,7,2023-10-22,22-090,ATL,@,TAM,W 16-13,5.40,11.40,11.4,8.4,55,84.6,0,0.0,0,0.0,WR,LondDr00
2369,D.J. Moore,5.40,63,Sun,7,7,2023-10-22,26-191,CHI,,LVR,W 30-12,5.40,13.40,13.4,9.4,63,88.7,0,0.0,1,4.3,WR,MoorD.00
2370,Elijah Moore,5.40,47,Sun,14,15,2022-12-18,22-266,NYJ,,DET,L 17-20,5.40,9.40,9.4,7.4,47,74.6,0,0.0,0,0.0,WR,MoorEl00
2371,Rome Odunze,5.40,47,Sun,7,8,2024-10-27,22-146,CHI,@,WAS,L 15-18,5.40,8.40,8.4,6.9,47,74.6,0,0.0,0,0.0,WR,OdunRo00
2372,Allen Robinson,5.40,54,Sun,7,8,2022-10-30,29-067,LAR,,SFO,L 14-31,5.40,10.40,10.4,7.9,54,93.1,0,0.0,0,0.0,WR,RobiAl02
2373,Curtis Samuel,5.40,40,Sun,3,3,2023-09-24,27-044,WAS,,BUF,L 3-37,5.40,7.40,7.4,6.4,40,74.1,0,0.0,0,0.0,WR,SamuCu00
2374,Deebo Samuel,5.40,67,Mon,15,16,2023-12-25,27-344,SFO,,BAL,L 19-33,5.40,9.40,9.4,7.4,67,95.7,0,0.0,7,25.9,WR,SamuDe00
2375,Sterling Shepard,5.40,58,Sun,6,6,2024-10-13,31-246,TAM,@,NOR,W 51-27,5.40,8.40,8.4,6.9,58,75.3,0,0.0,0,0.0,WR,ShepSt00
2376,Freddie Swain,5.40,21,Sun,17,18,2023-01-08,24-157,DEN,,LAC,W 31-28,5.40,7.40,7.4,6.4,21,32.3,0,0.0,13,41.9,WR,SwaiFr00
2377,Jaylen Waddle,5.40,34,Sun,9,9,2023-11-05,24-345,MIA,@,KAN,L 14-21,5.40,8.40,8.4,6.9,34,54.0,0,0.0,0,0.0,WR,WaddJa00
2378,Parker Washington,5.40,72,Sun,14,15,2024-12-15,22-269,JAX,,NYJ,L 25-32,5.40,8.40,8.4,6.9,72,85.7,0,0.0,0,0.0,WR,WashPa01
2379,Parker Washington,5.40,63,Sun,15,16,2024-12-22,22-276,JAX,@,LVR,L 14-19,5.40,11.40,11.4,8.4,63,94.0,0,0.0,0,0.0,WR,WashPa01
2380,Garrett Wilson,5.40,54,Sun,5,5,2023-10-08,23-078,NYJ,@,DEN,W 31-21,5.40,8.40,8.4,6.9,54,83.1,0,0.0,1,3.1,WR,WilsGa00
2381,Garrett Wilson,5.40,69,Sun,15,16,2024-12-22,24-153,NYJ,,LAR,L 9-19,5.40,11.40,11.4,8.4,69,100.0,0,0.0,0,0.0,WR,WilsGa00
2382,Michael Wilson,5.40,48,Sun,11,12,2024-11-24,24-275,ARI,@,SEA,L 6-16,5.40,7.40,7.4,6.4,48,82.8,0,0.0,0,0.0,WR,WilsMi02
2383,Xavier Worthy,5.40,42,Fri,12,13,2024-11-29,21-216,KAN,,LVR,W 19-17,5.40,10.40,10.4,7.9,42,59.2,0,0.0,0,0.0,WR,WortXa00
2384,Davante Adams,5.30,53,Sun,13,14,2023-12-10,30-351,LVR,,MIN,L 0-3,5.30,12.30,12.3,8.8,53,98.1,0,0.0,0,0.0,WR,AdamDa01
2385,Jamal Agnew,5.30,9,Sun,16,17,2023-12-31,28-272,JAX,,CAR,W 26-0,5.30,7.30,7.3,6.3,9,14.3,0,0.0,3,13.0,WR,AgneJa00
2386,Rashod Bateman,5.30,67,Thu,1,1,2024-09-05,24-281,BAL,@,KAN,L 20-27,5.30,7.30,7.3,6.3,67,83.8,0,0.0,0,0.0,WR,BateRa00
2387,Tyler Boyd,5.30,40,Sat,14,15,2023-12-16,29-031,CIN,,MIN,W 27-24 (OT),5.30,7.30,7.3,6.3,40,57.1,0,0.0,0,0.0,WR,BoydTy00
2388,A.J. Brown,5.30,46,Sun,16,17,2023-12-31,26-184,PHI,,ARI,L 31-35,5.30,9.30,9.3,7.3,46,93.9,0,0.0,0,0.0,WR,BrowAJ00
2389,Marquez Callaway,5.30,58,Sun,4,4,2022-10-02,24-189,NOR,,MIN,L 25-28,5.30,8.30,8.3,6.8,58,96.7,0,0.0,0,0.0,WR,CallMa01
2390,Parris Campbell,5.30,56,Sun,16,17,2023-01-01,25-169,IND,@,NYG,L 10-38,5.30,8.30,8.3,6.8,56,96.6,0,0.0,0,0.0,WR,CampPa00
2391,DeAndre Carter,5.30,57,Sun,8,9,2022-11-06,29-210,LAC,@,ATL,W 20-17,5.30,10.30,10.3,7.8,57,82.6,0,0.0,8,33.3,WR,CartDe02
2392,Tank Dell,5.30,21,Sun,5,5,2023-10-08,23-344,HOU,@,ATL,L 19-21,5.30,8.30,8.3,6.8,21,36.2,0,0.0,2,6.9,WR,DellNa00
2393,Josh Downs,5.30,35,Sun,16,17,2023-12-31,22-141,IND,,LVR,W 23-20,5.30,7.30,7.3,6.3,35,62.5,0,0.0,11,36.7,WR,DownJo00
2394,Zay Flowers,5.30,48,Sun,14,15,2024-12-15,24-095,BAL,@,NYG,W 35-14,5.30,11.30,11.3,8.3,48,81.4,0,0.0,0,0.0,WR,FlowZa00
2395,Chris Godwin,5.30,57,Sun,13,14,2023-12-10,27-286,TAM,@,ATL,W 29-25,5.30,10.30,10.3,7.8,57,83.8,0,0.0,0,0.0,WR,GodwCh00
2396,Malik Heath,5.30,39,Sun,17,18,2025-01-05,24-280,GNB,,CHI,L 22-24,5.30,8.30,8.3,6.8,39,60.0,0,0.0,4,14.8,WR,HeatMa00
2397,Tee Higgins,5.30,50,Sat,17,18,2025-01-04,25-352,CIN,@,PIT,W 19-17,5.30,9.30,9.3,7.3,50,67.6,0,0.0,0,0.0,WR,HiggTe00
2398,KhaDarel Hodge,5.30,20,Sun,5,5,2022-10-09,27-279,ATL,@,TAM,L 15-21,5.30,8.30,8.3,6.8,20,30.3,0,0.0,8,36.4,WR,HodgKh00
2399,Jerry Jeudy,5.30,61,Thu,5,5,2022-10-06,23-165,DEN,,IND,L 9-12 (OT),5.30,8.30,8.3,6.8,61,83.6,0,0.0,0,0.0,WR,JeudJe00
2400,CeeDee Lamb,5.30,51,Sun,5,5,2022-10-09,23-184,DAL,@,LAR,W 22-10,5.30,10.30,10.3,7.8,51,92.7,0,0.0,0,0.0,WR,LambCe00
2401,Xavier Legette,5.30,67,Sun,12,13,2024-12-01,23-307,CAR,,TAM,L 23-26 (OT),5.30,9.30,9.3,7.3,67,95.7,0,0.0,5,13.9,WR,LegeXa00
2402,Terry McLaurin,5.30,51,Sun,12,12,2022-11-27,27-073,WAS,,ATL,W 19-13,5.30,9.30,9.3,7.3,51,82.3,0,0.0,0,0.0,WR,McLaTe00
2403,Scott Miller,5.30,35,Sun,9,9,2022-11-06,25-098,TAM,,LAR,W 16-13,5.30,12.30,12.3,8.8,35,41.7,0,0.0,4,12.1,WR,MillSc01
2404,Darnell Mooney,5.30,57,Mon,7,7,2022-10-24,24-360,CHI,@,NWE,W 33-14,5.30,8.30,8.3,6.8,57,80.3,0,0.0,0,0.0,WR,MoonDa00
2405,D.J. Moore,5.30,69,Sun,2,2,2024-09-15,27-154,CHI,@,HOU,L 13-19,5.30,11.30,11.3,8.3,69,98.6,0,0.0,0,0.0,WR,MoorD.00
2406,Puka Nacua,5.30,75,Sun,14,15,2023-12-17,22-202,LAR,,WAS,W 28-20,5.30,10.30,10.3,7.8,75,100.0,0,0.0,2,7.4,WR,NacuPu00
2407,Jalen Nailor,5.30,32,Sun,17,18,2025-01-05,25-309,MIN,@,DET,L 9-31,5.30,8.30,8.3,6.8,32,49.2,0,0.0,0,0.0,WR,NailJa00
2408,Chris Olave,5.30,27,Sun,14,15,2022-12-18,22-174,NOR,,ATL,W 21-18,5.30,8.30,8.3,6.8,27,49.1,0,0.0,0,0.0,WR,OlavCh00
2409,Josh Palmer,5.30,63,Sun,13,14,2022-12-11,23-080,LAC,,MIA,W 23-17,5.30,9.30,9.3,7.3,63,78.8,0,0.0,1,3.4,WR,PalmJo00
2410,George Pickens,5.30,45,Sun,14,15,2022-12-18,21-289,PIT,@,CAR,W 24-16,5.30,7.30,7.3,6.3,45,66.2,0,0.0,1,4.0,WR,PickGe00
2411,George Pickens,5.30,45,Sun,6,6,2024-10-13,23-223,PIT,@,LVR,W 32-13,5.30,8.30,8.3,6.8,45,67.2,0,0.0,1,4.0,WR,PickGe00
2412,Alec Pierce,5.30,70,Sun,7,7,2023-10-22,23-173,IND,,CLE,L 38-39,5.30,8.30,8.3,6.8,70,100.0,0,0.0,0,0.0,WR,PierAl00
2413,Michael Pittman Jr.,5.30,55,Sun,8,8,2022-10-30,25-025,IND,,WAS,L 16-17,5.30,12.30,12.3,8.8,55,94.8,0,0.0,1,3.8,WR,PittMi01
2414,Michael Pittman Jr.,5.30,63,Sun,10,10,2022-11-13,25-039,IND,@,LVR,W 25-20,5.30,12.30,12.3,8.8,63,96.9,0,0.0,0,0.0,WR,PittMi01
2415,Brandon Powell,5.30,28,Sun,15,16,2023-12-24,28-103,MIN,,DET,L 24-30,5.30,8.30,8.3,6.8,28,50.9,0,0.0,4,15.4,WR,PoweBr00
2416,Calvin Ridley,5.30,72,Sun,13,14,2023-12-10,28-355,JAX,@,CLE,L 27-31,5.30,9.30,9.3,7.3,72,94.7,0,0.0,0,0.0,WR,RidlCa00
2417,Laviska Shenault Jr.,5.30,24,Sat,15,16,2022-12-24,24-080,CAR,,DET,W 37-23,5.30,8.30,8.3,6.8,24,35.3,0,0.0,2,6.9,WR,ShenLa00
2418,DeVonta Smith,5.30,52,Sun,13,14,2023-12-10,25-026,PHI,@,DAL,L 13-33,5.30,10.30,11.3,7.8,52,94.5,0,0.0,0,0.0,WR,SmitDe07
2419,Jaxon Smith-Njigba,5.30,50,Sun,9,10,2023-11-12,21-271,SEA,,WAS,W 29-26,5.30,9.30,9.3,7.3,50,61.7,0,0.0,0,0.0,WR,SmitJa06
2420,Jaxon Smith-Njigba,5.30,73,Thu,6,6,2024-10-10,22-239,SEA,,SFO,L 24-36,5.30,10.30,10.3,7.8,73,93.6,0,0.0,0,0.0,WR,SmitJa06
2421,Amon-Ra St. Brown,5.30,68,Thu,13,14,2024-12-05,25-042,DET,,GNB,W 34-31,5.30,10.30,10.3,7.8,68,85.0,0,0.0,0,0.0,WR,StxxAm00
2422,Michael Thomas,5.30,52,Sun,4,4,2023-10-01,30-212,NOR,,TAM,L 9-26,5.30,9.30,9.3,7.3,52,80.0,0,0.0,0,0.0,WR,ThomMi05
2423,Jalen Tolbert,5.30,24,Sun,4,4,2023-10-01,24-216,DAL,,NWE,W 38-3,5.30,9.30,9.3,7.3,24,34.3,0,0.0,17,65.4,WR,TolbJa00
2424,Jaylen Waddle,5.30,49,Sun,17,18,2023-01-08,24-044,MIA,,NYJ,W 11-6,5.30,10.30,10.3,7.8,49,75.4,0,0.0,1,4.5,WR,WaddJa00
2425,Jameson Williams,5.30,48,Sun,9,10,2024-11-10,23-229,DET,@,HOU,W 26-23,5.30,8.30,8.3,6.8,48,73.8,0,0.0,0,0.0,WR,WillJa11
2426,Jordan Addison,5.20,58,Sun,3,3,2023-09-24,21-240,MIN,,LAC,L 24-28,5.20,11.20,11.2,8.2,58,70.7,0,0.0,0,0.0,WR,AddiJo00
2427,Jordan Addison,5.20,73,Sun,9,9,2023-11-05,21-282,MIN,@,ATL,W 31-28,5.20,10.20,10.2,7.7,73,97.3,0,0.0,0,0.0,WR,AddiJo00
2428,Rashod Bateman,5.20,40,Sun,8,8,2023-10-29,23-334,BAL,@,ARI,W 31-24,5.20,7.20,7.2,6.2,40,61.5,0,0.0,3,10.7,WR,BateRa00
2429,Tyler Boyd,5.20,55,Sun,2,2,2023-09-17,28-306,CIN,,BAL,L 24-27,5.20,11.20,11.2,8.2,55,91.7,0,0.0,0,0.0,WR,BoydTy00
2430,Brandin Cooks,5.20,42,Sun,16,17,2024-12-29,31-095,DAL,@,PHI,L 7-41,5.20,9.20,9.2,7.2,42,67.7,0,0.0,0,0.0,WR,CookBr00
2431,Corey Davis,5.20,47,Sun,6,6,2022-10-16,27-278,NYJ,@,GNB,W 27-10,5.20,7.20,7.2,6.2,47,85.5,0,0.0,0,0.0,WR,DaviCo03
2432,Jahan Dotson,5.20,66,Thu,12,12,2023-11-23,23-246,WAS,@,DAL,L 10-45,5.20,10.20,10.2,7.7,66,84.6,0,0.0,0,0.0,WR,DotsJa00
2433,Chris Godwin,5.20,41,Mon,3,3,2023-09-25,27-210,TAM,,PHI,L 11-25,5.20,8.20,8.2,6.7,41,87.2,0,0.0,0,0.0,WR,GodwCh00
2434,T.Y. Hilton,5.20,12,Sat,15,16,2022-12-24,33-040,DAL,,PHI,W 40-34,5.20,6.20,6.2,5.7,12,16.4,0,0.0,0,0.0,WR,HiltT.00
2435,Mack Hollins,5.20,66,Sun,10,11,2022-11-20,29-065,LVR,@,DEN,W 22-16 (OT),5.20,11.20,11.2,8.2,66,100.0,1,1.6,2,6.9,WR,HollMa00
2436,Jauan Jennings,5.20,25,Sun,17,18,2025-01-05,27-179,SFO,@,ARI,L 24-47,5.20,12.20,12.2,8.7,25,32.9,0,0.0,0,0.0,WR,JennJa00
2437,Jerry Jeudy,5.20,30,Sun,4,4,2023-10-01,24-160,DEN,@,CHI,W 31-28,5.20,8.20,8.2,6.7,30,62.5,0,0.0,0,0.0,WR,JeudJe00
2438,Quentin Johnston,5.20,47,Sun,12,13,2023-12-03,22-088,LAC,@,NWE,W 6-0,5.20,10.20,10.2,7.7,47,77.0,0,0.0,0,0.0,WR,JohnQu02
2439,Velus Jones Jr.,5.20,29,Sat,15,16,2022-12-24,25-227,CHI,,BUF,L 13-35,5.20,7.20,7.2,6.2,29,46.0,0,0.0,10,40.0,WR,JoneVe00
2440,Ray-Ray McCloud,5.20,30,Sun,1,1,2024-09-08,27-329,ATL,,PIT,L 10-18,5.20,9.20,9.2,7.2,30,53.6,0,0.0,6,24.0,WR,McClRa00
2441,Ray-Ray McCloud,5.20,55,Sun,4,4,2024-09-29,27-350,ATL,,NOR,W 26-24,5.20,11.20,11.2,8.2,55,98.2,0,0.0,5,17.9,WR,McClRa00
2442,Ladd McConkey,5.20,46,Sun,9,10,2024-11-10,22-365,LAC,,TEN,W 27-17,5.20,7.20,7.2,6.2,46,78.0,0,0.0,1,3.8,WR,McCoLa00
2443,Terry McLaurin,5.20,56,Thu,6,6,2022-10-13,27-028,WAS,@,CHI,W 12-7,5.20,8.20,8.2,6.7,56,98.2,0,0.0,0,0.0,WR,McLaTe00
2444,Jalen McMillan,5.20,59,Sun,8,8,2024-10-27,22-325,TAM,,ATL,L 26-31,5.20,9.20,9.2,7.2,59,80.8,0,0.0,0,0.0,WR,McMiJa01
2445,Jakobi Meyers,5.20,60,Sun,10,11,2022-11-20,26-011,NWE,,NYJ,W 10-3,5.20,9.20,9.2,7.2,60,95.2,0,0.0,0,0.0,WR,MeyeJa01
2446,Darnell Mooney,5.20,47,Sun,5,5,2022-10-09,24-345,CHI,@,MIN,L 22-29,5.20,7.20,7.2,6.2,47,94.0,0,0.0,0,0.0,WR,MoonDa00
2447,D.J. Moore,5.20,64,Sun,14,15,2023-12-17,26-247,CHI,@,CLE,L 17-20,5.20,9.20,9.2,7.2,64,87.7,0,0.0,0,0.0,WR,MoorD.00
2448,Chris Olave,5.20,37,Sun,8,8,2022-10-30,22-125,NOR,,LVR,W 24-0,5.20,10.20,10.2,7.7,37,57.8,0,0.0,0,0.0,WR,OlavCh00
2449,Tim Patrick,5.20,21,Mon,4,4,2024-09-30,30-312,DET,,SEA,W 42-29,5.20,7.20,7.2,6.2,21,39.6,0,0.0,0,0.0,WR,PatrTi00
2450,Michael Pittman Jr.,5.20,66,Sun,5,5,2023-10-08,26-003,IND,,TEN,W 23-16,5.20,10.20,10.2,7.7,66,100.0,0,0.0,0,0.0,WR,PittMi01
2451,Brandon Powell,5.20,22,Sun,5,5,2023-10-08,28-026,MIN,,KAN,L 20-27,5.20,9.20,9.2,7.2,22,30.6,0,0.0,3,12.5,WR,PoweBr00
2452,Demarcus Robinson,5.20,37,Sun,13,14,2022-12-11,28-081,BAL,@,PIT,W 16-14,5.20,10.20,10.2,7.7,37,60.7,0,0.0,1,4.8,WR,RobiDe01
2453,Curtis Samuel,5.20,45,Sun,17,18,2025-01-05,28-147,BUF,@,NWE,L 16-23,5.20,12.20,12.2,8.7,45,67.2,0,0.0,0,0.0,WR,SamuCu00
2454,Adam Thielen,5.20,59,Mon,2,2,2022-09-19,32-028,MIN,@,PHI,L 7-24,5.20,9.20,9.2,7.2,59,96.7,0,0.0,0,0.0,WR,ThieAd00
2455,Cedric Tillman,5.20,50,Sun,14,15,2023-12-17,23-242,CLE,,CHI,W 20-17,5.20,9.20,9.2,7.2,50,72.5,0,0.0,0,0.0,WR,TillCe01
2456,Jaylen Waddle,5.20,54,Sun,16,17,2023-01-01,24-037,MIA,@,NWE,L 21-23,5.20,8.20,8.2,6.7,54,76.1,0,0.0,0,0.0,WR,WaddJa00
2457,Jaylen Waddle,5.20,37,Sun,12,13,2023-12-03,25-008,MIA,@,WAS,W 45-15,5.20,10.20,10.2,7.7,37,60.7,0,0.0,0,0.0,WR,WaddJa00
2458,Jaylen Waddle,5.20,28,Sun,15,16,2023-12-24,25-029,MIA,,DAL,W 22-20,5.20,6.20,6.2,5.7,28,43.1,0,0.0,0,0.0,WR,WaddJa00
2459,Malik Washington,5.20,40,Sun,14,15,2024-12-15,23-346,MIA,@,HOU,L 12-20,5.20,10.20,10.2,7.7,40,58.8,0,0.0,10,40.0,WR,WashMa00
2460,Cedrick Wilson Jr.,5.20,29,Sun,5,5,2023-10-08,27-322,MIA,,NYG,W 31-16,5.20,9.20,9.2,7.2,29,53.7,0,0.0,0,0.0,WR,WilsCe01
2461,Garrett Wilson,5.20,41,Sun,1,1,2022-09-11,22-051,NYJ,,BAL,L 9-24,5.20,9.20,9.2,7.2,41,48.8,0,0.0,0,0.0,WR,WilsGa00
2462,Adonai Mitchell,5.16,19,Sun,5,5,2024-10-06,21-364,IND,@,JAX,L 34-37,5.16,9.16,9.2,7.2,19,27.1,0,0.0,0,0.0,WR,MitcAd00
2463,Tutu Atwell,5.10,43,Sun,6,7,2024-10-20,25-013,LAR,,LVR,W 20-15,5.10,11.10,11.1,8.1,43,78.2,0,0.0,0,0.0,WR,AtweTu00
2464,Tyler Boyd,5.10,48,Sun,16,18,2023-01-08,28-054,CIN,,BAL,W 27-16,5.10,10.10,10.1,7.6,48,72.7,0,0.0,0,0.0,WR,BoydTy00
2465,Dyami Brown,5.10,25,Sun,4,4,2023-10-01,23-334,WAS,@,PHI,L 31-34 (OT),5.10,7.10,7.1,6.1,25,32.1,0,0.0,6,19.4,WR,BrowDy00
2466,Chase Claypool,5.10,38,Sun,12,12,2022-11-27,24-143,CHI,@,NYJ,L 10-31,5.10,7.10,7.1,6.1,38,66.7,0,0.0,0,0.0,WR,ClayCh01
2467,Keon Coleman,5.10,45,Sun,1,1,2024-09-08,21-114,BUF,,ARI,W 34-28,5.10,9.10,9.1,7.1,45,72.6,0,0.0,0,0.0,WR,ColeKe02
2468,Keon Coleman,5.10,43,Sun,4,4,2024-09-29,21-135,BUF,@,BAL,L 10-35,5.10,8.10,8.1,6.6,43,72.9,0,0.0,0,0.0,WR,ColeKe02
2469,Amari Cooper,5.10,58,Sun,17,18,2023-01-08,28-205,CLE,@,PIT,L 14-28,5.10,7.10,7.1,6.1,58,90.6,0,0.0,0,0.0,WR,CoopAm00
2470,Greg Dortch,5.10,37,Sun,1,1,2024-09-08,26-102,ARI,@,BUF,L 28-34,5.10,11.10,11.1,8.1,37,60.7,0,0.0,3,11.1,WR,DortGr01
2471,Devin Duvernay,5.10,45,Sun,4,4,2022-10-02,25-020,BAL,,BUF,L 20-23,5.10,9.10,9.1,7.1,45,64.3,0,0.0,8,32.0,WR,DuveDe00
2472,Zay Flowers,5.10,71,Thu,1,1,2024-09-05,23-360,BAL,@,KAN,L 20-27,5.10,11.10,11.1,8.1,71,88.8,0,0.0,0,0.0,WR,FlowZa00
2473,Chris Godwin,5.10,58,Sun,1,1,2023-09-10,27-195,TAM,@,MIN,W 20-17,5.10,10.10,10.1,7.6,58,85.3,0,0.0,0,0.0,WR,GodwCh00
2474,Richie James,5.10,31,Sun,2,2,2022-09-18,27-013,NYG,,CAR,W 19-16,5.10,10.10,10.1,7.6,31,42.5,0,0.0,5,16.7,WR,JameRi00
2475,Jauan Jennings,5.10,27,Sun,2,2,2023-09-17,26-069,SFO,@,LAR,W 30-23,5.10,7.10,7.1,6.1,27,47.4,0,0.0,2,7.1,WR,JennJa00
2476,Jauan Jennings,5.10,60,Sun,15,16,2024-12-22,27-165,SFO,@,MIA,L 17-29,5.10,9.10,9.1,7.1,60,93.8,0,0.0,0,0.0,WR,JennJa00
2477,Jerry Jeudy,5.10,42,Sun,12,13,2023-12-03,24-223,DEN,@,HOU,L 17-22,5.10,8.10,8.1,6.6,42,70.0,0,0.0,0,0.0,WR,JeudJe00
2478,Tyler Lockett,5.10,36,Sun,10,11,2023-11-19,31-052,SEA,@,LAR,L 16-17,5.10,10.10,10.1,7.6,36,55.4,0,0.0,0,0.0,WR,LockTy00
2479,Terrace Marshall Jr.,5.10,41,Sun,14,15,2022-12-18,22-192,CAR,,PIT,L 16-24,5.10,8.10,8.1,6.6,41,89.1,0,0.0,0,0.0,WR,MarsTe00
2480,Bo Melton,5.10,25,Sun,15,16,2023-12-24,24-220,GNB,@,CAR,W 33-30,5.10,9.10,9.1,7.1,25,37.9,0,0.0,0,0.0,WR,MeltBo00
2481,Darnell Mooney,5.10,54,Sun,4,4,2023-10-01,25-337,CHI,,DEN,L 28-31,5.10,9.10,9.1,7.1,54,75.0,0,0.0,0,0.0,WR,MoonDa00
2482,D.J. Moore,5.10,63,Sun,6,6,2023-10-15,26-184,CHI,,MIN,L 13-19,5.10,10.10,10.1,7.6,63,95.5,0,0.0,0,0.0,WR,MoorD.00
2483,Trey Palmer,5.10,48,Sun,8,9,2023-11-05,22-217,TAM,@,HOU,L 37-39,5.10,8.10,8.1,6.6,48,72.7,0,0.0,0,0.0,WR,PalmTr00
2484,Donovan Peoples-Jones,5.10,56,Sun,7,7,2022-10-23,23-246,CLE,@,BAL,L 20-23,5.10,11.10,12.1,8.1,56,93.3,0,0.0,3,11.1,WR,PeopDo00
2485,Wan'Dale Robinson,5.10,49,Sun,10,10,2024-11-10,23-310,NYG,@,CAR,L 17-20 (OT),5.10,10.10,10.1,7.6,49,65.3,0,0.0,0,0.0,WR,RobiWa01
2486,Deebo Samuel,5.10,62,Sun,9,10,2022-11-13,26-302,SFO,,LAC,W 22-16,5.10,7.10,7.1,6.1,62,87.3,0,0.0,0,0.0,WR,SamuDe00
2487,Sterling Shepard,5.10,50,Sun,4,4,2024-09-29,31-232,TAM,,PHI,W 33-16,5.10,8.10,8.1,6.6,50,64.9,0,0.0,0,0.0,WR,ShepSt00
2488,DeVonta Smith,5.10,61,Sun,15,16,2024-12-22,26-038,PHI,@,WAS,L 33-36,5.10,11.10,11.1,8.1,61,82.4,0,0.0,0,0.0,WR,SmitDe07
2489,Jaxon Smith-Njigba,5.10,76,Mon,4,4,2024-09-30,22-229,SEA,@,DET,L 29-42,5.10,13.10,13.1,9.1,76,84.4,0,0.0,0,0.0,WR,SmitJa06
2490,JuJu Smith-Schuster,5.10,23,Sun,9,9,2023-11-05,26-348,NWE,,WAS,L 17-20,5.10,11.10,11.1,8.1,23,35.9,0,0.0,0,0.0,WR,SmitJu00
2491,Adam Thielen,5.10,47,Sun,14,15,2024-12-15,34-115,CAR,,DAL,L 14-30,5.10,10.10,10.1,7.6,47,85.5,0,0.0,0,0.0,WR,ThieAd00
2492,Jalen Tolbert,5.10,24,Sun,15,16,2023-12-24,24-300,DAL,@,MIA,L 20-22,5.10,7.10,7.1,6.1,24,36.4,0,0.0,20,76.9,WR,TolbJa00
2493,Kadarius Toney,5.10,19,Sun,16,17,2023-01-01,23-339,KAN,,DEN,W 27-24,5.10,9.10,10.1,7.1,19,31.7,0,0.0,5,17.2,WR,ToneKa00
2494,KaVontae Turpin,5.10,21,Sun,4,4,2023-10-01,27-060,DAL,,NWE,W 38-3,5.10,6.10,6.1,5.6,21,30.0,0,0.0,9,34.6,WR,TurpKa00
2495,Marquez Valdes-Scantling,5.10,48,Sun,13,14,2024-12-08,30-059,NOR,@,NYG,W 14-11,5.10,9.10,9.1,7.1,48,70.6,0,0.0,0,0.0,WR,ValdMa00
2496,Justin Watson,5.10,31,Sun,3,3,2023-09-24,27-173,KAN,,CHI,W 41-10,5.10,7.10,7.1,6.1,31,40.3,0,0.0,9,36.0,WR,WatsJu01
2497,Dontayvion Wicks,5.10,30,Sun,9,10,2023-11-12,22-149,GNB,@,PIT,L 19-23,5.10,8.10,8.1,6.6,30,44.1,0,0.0,0,0.0,WR,WickDo00
2498,Jameson Williams,5.10,53,Thu,11,12,2023-11-23,22-242,DET,,GNB,L 22-29,5.10,7.10,7.1,6.1,53,63.1,0,0.0,0,0.0,WR,WillJa11
2499,Garrett Wilson,5.10,63,Sun,17,18,2025-01-05,24-167,NYJ,,MIA,W 32-20,5.10,9.10,9.1,7.1,63,98.4,0,0.0,0,0.0,WR,WilsGa00
2500,Xavier Worthy,5.10,47,Sun,11,12,2024-11-24,21-211,KAN,@,CAR,W 30-27,5.10,9.10,9.1,7.1,47,63.5,0,0.0,0,0.0,WR,WortXa00
2501,Olamide Zaccheaus,5.10,40,Sun,17,18,2025-01-05,27-166,WAS,@,DAL,W 23-19,5.10,7.10,7.1,6.1,40,69.0,0,0.0,0,0.0,WR,ZaccOl01
2502,Robbie Chosen,5.00,23,Mon,13,14,2022-12-12,29-217,ARI,,NWE,L 13-27,5.00,9.00,9.0,7.0,23,30.7,0,0.0,0,0.0,WR,AndeRo04
2503,Ja'Marr Chase,5.00,63,Sun,5,5,2022-10-09,22-222,CIN,@,BAL,L 17-19,5.00,12.00,12.0,8.5,63,100.0,0,0.0,0,0.0,WR,ChasJa00
2504,Chase Claypool,5.00,68,Sun,5,5,2022-10-09,24-094,PIT,@,BUF,L 3-38,5.00,10.00,10.0,7.5,68,90.7,0,0.0,0,0.0,WR,ClayCh01
2505,Jacob Cowing,5.00,12,Sun,7,7,2024-10-20,23-259,SFO,,KAN,L 18-28,5.00,7.00,7.0,6.0,12,19.0,0,0.0,4,16.7,WR,CowiJa00
2506,Romeo Doubs,5.00,58,Fri,1,1,2024-09-06,24-146,GNB,@,PHI,L 29-34,5.00,9.00,9.0,7.0,58,86.6,0,0.0,0,0.0,WR,DoubRo00
2507,Demario Douglas,5.00,27,Sun,10,10,2024-11-10,23-338,NWE,@,CHI,W 19-3,5.00,9.00,9.0,7.0,27,42.2,0,0.0,0,0.0,WR,DougDe00
2508,Zay Flowers,5.00,67,Sun,3,3,2023-09-24,23-013,BAL,,IND,L 19-22 (OT),5.00,13.00,13.0,9.0,67,93.1,0,0.0,1,2.8,WR,FlowZa00
2509,Zay Flowers,5.00,57,Sun,4,4,2023-10-01,23-020,BAL,@,CLE,W 28-3,5.00,8.00,8.0,6.5,57,98.3,0,0.0,0,0.0,WR,FlowZa00
2510,Zay Flowers,5.00,65,Thu,11,11,2023-11-16,23-066,BAL,,CIN,W 34-20,5.00,8.00,8.0,6.5,65,98.5,0,0.0,1,3.1,WR,FlowZa00
2511,Troy Franklin,5.00,33,Thu,7,7,2024-10-17,21-254,DEN,@,NOR,W 33-10,5.00,10.00,10.0,7.5,33,50.8,0,0.0,0,0.0,WR,FranTr00
2512,A.J. Green,5.00,55,Mon,11,11,2022-11-21,34-113,ARI,,SFO,L 10-38,5.00,10.00,10.0,7.5,55,77.5,0,0.0,0,0.0,WR,GreeA.00
2513,T.Y. Hilton,5.00,22,Thu,16,17,2022-12-29,33-045,DAL,@,TEN,W 27-13,5.00,9.00,9.0,7.0,22,27.5,0,0.0,0,0.0,WR,HiltT.00
2514,Lil'Jordan Humphrey,5.00,47,Sun,2,2,2024-09-15,26-149,DEN,,PIT,L 6-13,5.00,9.00,9.0,7.0,47,77.0,0,0.0,0,0.0,WR,HumpLi01
2515,Van Jefferson,5.00,51,Mon,3,3,2023-09-25,27-061,LAR,@,CIN,L 16-19,5.00,6.00,6.0,5.5,51,92.7,0,0.0,0,0.0,WR,JeffVa00
2516,Jerry Jeudy,5.00,54,Sun,5,5,2023-10-08,24-167,DEN,,NYJ,L 21-31,5.00,11.00,11.0,8.0,54,85.7,0,0.0,0,0.0,WR,JeudJe00
2517,Diontae Johnson,5.00,52,Sun,11,12,2023-11-26,27-144,PIT,@,CIN,W 16-10,5.00,9.00,9.0,7.0,52,73.2,0,0.0,1,4.2,WR,JohnDi01
2518,Quentin Johnston,5.00,48,Sun,7,8,2023-10-29,22-053,LAC,,CHI,W 30-13,5.00,10.00,10.0,7.5,48,69.6,0,0.0,0,0.0,WR,JohnQu02
2519,Jake Kumerow,5.00,53,Mon,2,2,2022-09-19,30-214,BUF,,TEN,W 41-7,5.00,7.00,7.0,6.0,53,77.9,0,0.0,19,70.4,WR,KumeJa00
2520,Drake London,5.00,60,Sun,14,15,2022-12-18,21-147,ATL,@,NOR,L 18-21,5.00,12.00,13.0,8.5,60,81.1,0,0.0,0,0.0,WR,LondDr00
2521,Terry McLaurin,5.00,66,Thu,12,12,2023-11-23,28-069,WAS,@,DAL,L 10-45,5.00,9.00,9.0,7.0,66,84.6,0,0.0,0,0.0,WR,McLaTe00
2522,Terry McLaurin,5.00,56,Sun,15,16,2023-12-24,28-100,WAS,@,NYJ,L 28-30,5.00,8.00,8.0,6.5,56,91.8,0,0.0,0,0.0,WR,McLaTe00
2523,D.K. Metcalf,5.00,42,Sun,8,9,2023-11-05,25-326,SEA,@,BAL,L 3-37,5.00,6.00,6.0,5.5,42,85.7,0,0.0,0,0.0,WR,MetcDK00
2524,D.J. Moore,5.00,53,Sun,1,1,2022-09-11,25-150,CAR,,CLE,L 24-26,5.00,8.00,8.0,6.5,53,100.0,0,0.0,0,0.0,WR,MoorD.00
2525,D.J. Moore,5.00,49,Sun,1,1,2024-09-08,27-147,CHI,,TEN,W 24-17,5.00,10.00,10.0,7.5,49,87.5,0,0.0,0,0.0,WR,MoorD.00
2526,Josh Palmer,5.00,48,Sun,17,18,2024-01-07,24-107,LAC,,KAN,L 12-13,5.00,11.00,11.0,8.0,48,57.8,0,0.0,0,0.0,WR,PalmJo00
2527,Donovan Peoples-Jones,5.00,59,Sun,5,5,2022-10-09,23-232,CLE,,LAC,L 28-30,5.00,9.00,9.0,7.0,59,88.1,0,0.0,0,0.0,WR,PeopDo00
2528,George Pickens,5.00,68,Wed,16,17,2024-12-25,23-296,PIT,,KAN,L 10-29,5.00,8.00,8.0,6.5,68,90.7,0,0.0,0,0.0,WR,PickGe00
2529,Kalif Raymond,5.00,12,Sun,17,18,2024-01-07,29-152,DET,,MIN,W 30-20,5.00,7.00,7.0,6.0,12,21.1,0,0.0,4,14.3,WR,RaymKa00
2530,Jalen Reagor,5.00,47,Sun,17,18,2024-01-07,25-005,NWE,,NYJ,L 3-17,5.00,6.00,6.0,5.5,47,82.5,0,0.0,5,17.9,WR,ReagJa00
2531,Josh Reynolds,5.00,57,Sun,6,6,2023-10-15,28-241,DET,@,TAM,W 20-6,5.00,8.00,8.0,6.5,57,81.4,0,0.0,0,0.0,WR,ReynJo00
2532,Calvin Ridley,5.00,54,Sun,1,1,2024-09-08,29-263,TEN,@,CHI,L 17-24,5.00,8.00,8.0,6.5,54,84.4,0,0.0,0,0.0,WR,RidlCa00
2533,Demarcus Robinson,5.00,48,Sun,2,2,2024-09-15,29-360,LAR,@,ARI,L 10-41,5.00,7.00,7.0,6.0,48,92.3,0,0.0,0,0.0,WR,RobiDe01
2534,Wan'Dale Robinson,5.00,53,Sun,7,7,2022-10-23,21-291,NYG,@,JAX,W 23-17,5.00,11.00,11.0,8.0,53,68.8,0,0.0,0,0.0,WR,RobiWa01
2535,Wan'Dale Robinson,5.00,64,Sun,6,6,2024-10-13,23-282,NYG,,CIN,L 7-17,5.00,10.00,10.0,7.5,64,81.0,0,0.0,0,0.0,WR,RobiWa01
2536,Khalil Shakir,5.00,35,Sun,9,9,2024-11-03,24-274,BUF,,MIA,W 30-27,5.00,11.00,11.0,8.0,35,53.0,0,0.0,0,0.0,WR,ShakKh00
2537,DeVonta Smith,5.00,74,Sun,11,12,2022-11-27,24-013,PHI,,GNB,W 40-33,5.00,9.00,9.0,7.0,74,92.5,0,0.0,1,3.2,WR,SmitDe07
2538,DeVonta Smith,5.00,66,Mon,14,15,2023-12-18,25-034,PHI,@,SEA,L 17-20,5.00,10.00,10.0,7.5,66,95.7,0,0.0,1,3.7,WR,SmitDe07
2539,Courtland Sutton,5.00,58,Thu,15,16,2024-12-19,29-070,DEN,@,LAC,L 27-34,5.00,10.00,10.0,7.5,58,90.6,0,0.0,0,0.0,WR,SuttCo00
2540,Michael Thomas,5.00,46,Sun,3,3,2023-09-24,30-205,NOR,@,GNB,L 17-18,5.00,11.00,11.0,8.0,46,75.4,0,0.0,0,0.0,WR,ThomMi05
2541,Jaylen Waddle,5.00,63,Sun,17,18,2025-01-05,26-041,MIA,@,NYJ,L 20-32,5.00,9.00,9.0,7.0,63,90.0,0,0.0,0,0.0,WR,WaddJa00
2542,Nick Westbrook-Ikhine,5.00,60,Sun,17,18,2025-01-05,27-290,TEN,,HOU,L 14-23,5.00,9.00,9.0,7.0,60,96.8,0,0.0,0,0.0,WR,WestNi00
2543,Garrett Wilson,5.00,68,Sun,12,13,2023-12-03,23-134,NYJ,,ATL,L 8-13,5.00,8.00,8.0,6.5,68,100.0,0,0.0,1,3.6,WR,WilsGa00
2544,Tutu Atwell,4.90,60,Sun,8,8,2023-10-29,24-022,LAR,@,DAL,L 20-43,4.90,6.90,6.9,5.9,60,96.8,0,0.0,0,0.0,WR,AtweTu00
2545,Michael Bandy,4.90,20,Sun,4,4,2022-10-02,24-301,LAC,@,HOU,W 34-24,4.90,6.90,6.9,5.9,20,28.6,0,0.0,1,3.4,WR,BandMi00
2546,Odell Beckham Jr.,4.90,34,Sun,7,7,2023-10-22,30-351,BAL,,DET,W 38-6,4.90,9.90,9.9,7.4,34,56.7,0,0.0,0,0.0,WR,BeckOd00
2547,Marquise Brown,4.90,61,Sun,7,7,2023-10-22,26-140,ARI,@,SEA,L 10-20,4.90,7.90,7.9,6.4,61,92.4,0,0.0,0,0.0,WR,BrowMa04
2548,Demario Douglas,4.90,33,Sun,11,12,2023-11-26,22-353,NWE,@,NYG,L 7-10,4.90,10.90,10.9,7.9,33,48.5,0,0.0,7,30.4,WR,DougDe00
2549,Mike Evans,4.90,45,Sun,5,6,2023-10-15,30-055,TAM,,DET,L 6-20,4.90,8.90,8.9,6.9,45,80.4,0,0.0,0,0.0,WR,EvanMi00
2550,Michael Gallup,4.90,49,Sun,8,8,2022-10-30,26-240,DAL,,CHI,W 49-29,4.90,8.90,8.9,6.9,49,84.5,0,0.0,0,0.0,WR,GallMi00
2551,Marvin Harrison Jr.,4.90,60,Sun,13,14,2024-12-08,22-119,ARI,,SEA,L 18-30,4.90,8.90,8.9,6.9,60,84.5,0,0.0,0,0.0,WR,HarrMa09
2552,N'Keal Harry,4.90,5,Sun,13,13,2022-12-04,24-352,CHI,,GNB,L 19-28,4.90,5.90,5.9,5.4,5,9.6,0,0.0,2,8.3,WR,HarrNK00
2553,DeAndre Hopkins,4.90,30,Sun,11,12,2023-11-26,31-173,TEN,,CAR,W 17-10,4.90,7.90,7.9,6.4,30,56.6,0,0.0,0,0.0,WR,HopkDe00
2554,Diontae Johnson,4.90,66,Mon,11,12,2022-11-28,26-146,PIT,@,IND,W 24-17,4.90,9.90,9.9,7.4,66,95.7,0,0.0,0,0.0,WR,JohnDi01
2555,Cooper Kupp,4.90,68,Sun,7,7,2023-10-22,30-129,LAR,,PIT,L 17-24,4.90,6.90,6.9,5.9,68,100.0,0,0.0,0,0.0,WR,KuppCo00
2556,Cooper Kupp,4.90,70,Thu,15,16,2023-12-21,30-189,LAR,,NOR,W 30-22,4.90,10.90,10.9,7.9,70,100.0,0,0.0,2,8.3,WR,KuppCo00
2557,CeeDee Lamb,4.90,34,Sun,5,5,2023-10-08,24-183,DAL,@,SFO,L 10-42,4.90,8.90,8.9,6.9,34,69.4,0,0.0,0,0.0,WR,LambCe00
2558,Terry McLaurin,4.90,58,Thu,5,5,2023-10-05,28-020,WAS,,CHI,L 20-40,4.90,8.90,8.9,6.9,58,82.9,0,0.0,0,0.0,WR,McLaTe00
2559,D.K. Metcalf,4.90,51,Sun,13,14,2024-12-08,26-360,SEA,@,ARI,W 30-18,4.90,8.90,8.9,6.9,51,79.7,0,0.0,0,0.0,WR,MetcDK00
2560,Jakobi Meyers,4.90,50,Sun,11,11,2023-11-19,27-010,LVR,@,MIA,L 13-20,4.90,8.90,8.9,6.9,50,82.0,0,0.0,0,0.0,WR,MeyeJa01
2561,Jakobi Meyers,4.90,57,Sun,4,4,2024-09-29,27-325,LVR,,CLE,W 20-16,4.90,9.90,9.9,7.4,57,96.6,0,0.0,0,0.0,WR,MeyeJa01
2562,Chris Moore,4.90,30,Sun,2,2,2023-09-17,30-093,TEN,,LAC,W 27-24 (OT),4.90,5.90,5.9,5.4,30,46.2,0,0.0,8,26.7,WR,MoorCh00
2563,D.J. Moore,4.90,48,Sun,13,14,2024-12-08,27-238,CHI,@,SFO,L 13-38,4.90,10.90,10.9,7.9,48,90.6,0,0.0,0,0.0,WR,MoorD.00
2564,Elijah Moore,4.90,75,Sun,1,1,2022-09-11,22-168,NYJ,,BAL,L 9-24,4.90,9.90,9.9,7.4,75,89.3,0,0.0,0,0.0,WR,MoorEl00
2565,Elijah Moore,4.90,73,Sun,3,3,2022-09-25,22-182,NYJ,,CIN,L 12-27,4.90,8.90,8.9,6.9,73,93.6,0,0.0,0,0.0,WR,MoorEl00
2566,Rondale Moore,4.90,70,Sun,6,6,2022-10-16,22-129,ARI,@,SEA,L 9-19,4.90,10.90,10.9,7.9,70,98.6,0,0.0,0,0.0,WR,MoorRo02
2567,K.J. Osborn,4.90,64,Sun,5,5,2023-10-08,26-120,MIN,,KAN,L 20-27,4.90,9.90,9.9,7.4,64,88.9,0,0.0,0,0.0,WR,OsboKJ00
2568,Josh Palmer,4.90,46,Sun,14,15,2022-12-18,23-087,LAC,,TEN,W 17-14,4.90,9.90,9.9,7.4,46,64.8,0,0.0,0,0.0,WR,PalmJo00
2569,Donovan Peoples-Jones,4.90,63,Sun,3,3,2023-09-24,24-217,CLE,,TEN,W 27-3,4.90,7.90,7.9,6.4,63,88.7,0,0.0,7,29.2,WR,PeopDo00
2570,Khalil Shakir,4.90,55,Sun,16,17,2023-12-31,23-331,BUF,,NWE,W 27-21,4.90,8.90,8.9,6.9,55,79.7,0,0.0,4,13.8,WR,ShakKh00
2571,Sterling Shepard,4.90,58,Mon,3,3,2022-09-26,29-228,NYG,,DAL,L 16-23,4.90,9.90,9.9,7.4,58,80.6,0,0.0,0,0.0,WR,ShepSt00
2572,DeVonta Smith,4.90,69,Sun,7,7,2023-10-22,24-342,PHI,,MIA,W 31-17,4.90,8.90,8.9,6.9,69,95.8,0,0.0,0,0.0,WR,SmitDe07
2573,Amon-Ra St. Brown,4.90,53,Sun,17,18,2023-01-08,23-076,DET,@,GNB,W 20-16,4.90,10.90,10.9,7.9,53,85.5,0,0.0,0,0.0,WR,StxxAm00
2574,Adam Thielen,4.90,41,Sun,1,1,2024-09-08,34-017,CAR,@,NOR,L 10-47,4.90,7.90,7.9,6.4,41,69.5,0,0.0,0,0.0,WR,ThieAd00
2575,Adam Thielen,4.90,78,Sun,9,10,2022-11-13,32-083,MIN,@,BUF,W 33-30 (OT),4.90,9.90,9.9,7.4,78,94.0,0,0.0,0,0.0,WR,ThieAd00
2576,Michael Thomas,4.90,47,Sun,3,3,2022-09-25,29-206,NOR,@,CAR,L 14-22,4.90,9.90,9.9,7.4,47,68.1,0,0.0,0,0.0,WR,ThomMi05
2577,Jalen Tolbert,4.90,20,Thu,11,12,2023-11-23,24-269,DAL,,WAS,W 45-10,4.90,6.90,6.9,5.9,20,37.0,0,0.0,17,68.0,WR,TolbJa00
2578,Christian Watson,4.90,25,Sun,15,16,2022-12-25,23-227,GNB,@,MIA,W 26-20,4.90,10.90,10.9,7.9,25,37.9,0,0.0,0,0.0,WR,WatsCh00
2579,Dontayvion Wicks,4.90,39,Thu,13,14,2024-12-05,23-172,GNB,@,DET,L 31-34,4.90,8.90,8.9,6.9,39,78.0,0,0.0,0,0.0,WR,WickDo00
2580,Dontayvion Wicks,4.90,48,Sun,17,18,2025-01-05,23-203,GNB,,CHI,L 22-24,4.90,9.90,9.9,7.4,48,73.8,0,0.0,0,0.0,WR,WickDo00
2581,Garrett Wilson,4.90,72,Thu,16,17,2023-12-28,23-159,NYJ,@,CLE,L 20-37,4.90,9.90,9.9,7.4,72,98.6,0,0.0,0,0.0,WR,WilsGa00
2582,Robert Woods,4.90,58,Sun,13,14,2022-12-11,30-245,TEN,,JAX,L 22-36,4.90,9.90,9.9,7.4,58,86.6,0,0.0,1,3.8,WR,WoodRo02
2583,Olamide Zaccheaus,4.90,38,Sun,3,3,2022-09-25,25-064,ATL,@,SEA,W 27-23,4.90,6.90,6.9,5.9,38,66.7,0,0.0,0,0.0,WR,ZaccOl01
2584,Cedrick Wilson Jr.,4.84,20,Sun,14,15,2024-12-15,29-025,NOR,,WAS,L 19-20,4.84,4.84,4.8,4.8,20,36.4,0,0.0,9,36.0,WR,WilsCe01
2585,Brandon Aiyuk,4.80,57,Sun,3,3,2024-09-22,26-189,SFO,@,LAR,L 24-27,4.80,9.80,9.8,7.3,57,80.3,0,0.0,0,0.0,WR,AiyuBr00
2586,Brandon Aiyuk,4.80,50,Sun,4,4,2024-09-29,26-196,SFO,,NWE,W 30-13,4.80,6.80,6.8,5.8,50,79.4,0,0.0,0,0.0,WR,AiyuBr00
2587,Tutu Atwell,4.80,10,Sun,2,2,2024-09-15,24-344,LAR,@,ARI,L 10-41,4.80,7.80,7.8,6.3,10,19.2,0,0.0,0,0.0,WR,AtweTu00
2588,Nico Collins,4.80,48,Sun,10,11,2022-11-20,23-246,HOU,,WAS,L 10-23,4.80,9.80,9.8,7.3,48,85.7,0,0.0,0,0.0,WR,CollNi00
2589,Brandin Cooks,4.80,46,Sun,15,16,2024-12-22,31-088,DAL,,TAM,W 26-24,4.80,7.80,7.8,6.3,46,76.7,0,0.0,0,0.0,WR,CookBr00
2590,Stefon Diggs,4.80,31,Sun,14,15,2023-12-17,30-018,BUF,,DAL,W 31-10,4.80,8.80,8.8,6.8,31,45.6,0,0.0,0,0.0,WR,DiggSt00
2591,Romeo Doubs,4.80,35,Sun,1,1,2022-09-11,22-151,GNB,@,MIN,L 7-23,4.80,8.80,8.8,6.8,35,57.4,0,0.0,0,0.0,WR,DoubRo00
2592,Josh Downs,4.80,45,Sat,17,18,2024-01-06,22-147,IND,,HOU,L 19-23,4.80,7.80,7.8,6.3,45,68.2,0,0.0,12,40.0,WR,DownJo00
2593,Tyreek Hill,4.80,50,Sun,11,12,2024-11-24,30-268,MIA,,NWE,W 34-15,4.80,9.80,9.8,7.3,50,73.5,0,0.0,0,0.0,WR,HillTy00
2594,Kendall Hinton,4.80,55,Sun,11,12,2022-11-27,25-281,DEN,@,CAR,L 10-23,4.80,9.80,9.8,7.3,55,91.7,0,0.0,0,0.0,WR,HintKe00
2595,DeAndre Hopkins,4.80,35,Sun,3,3,2023-09-24,31-110,TEN,@,CLE,L 3-27,4.80,7.80,7.8,6.3,35,72.9,0,0.0,0,0.0,WR,HopkDe00
2596,Lil'Jordan Humphrey,4.80,40,Sun,5,5,2024-10-06,26-170,DEN,,LVR,W 34-18,4.80,6.80,6.8,5.8,40,63.5,0,0.0,0,0.0,WR,HumpLi01
2597,Justin Jefferson,4.80,60,Mon,2,2,2022-09-19,23-095,MIN,@,PHI,L 7-24,4.80,10.80,10.8,7.8,60,98.4,0,0.0,0,0.0,WR,JeffJu00
2598,Justin Jefferson,4.80,78,Sun,9,10,2024-11-10,25-147,MIN,@,JAX,W 12-7,4.80,9.80,9.8,7.3,78,92.9,0,0.0,0,0.0,WR,JeffJu00
2599,Diontae Johnson,4.80,27,Sun,1,1,2023-09-10,27-067,PIT,,SFO,L 7-30,4.80,7.80,7.8,6.3,27,42.9,0,0.0,0,0.0,WR,JohnDi01
2600,Quentin Johnston,4.80,54,Sat,16,17,2024-12-28,23-113,LAC,@,NWE,W 40-7,4.80,9.80,9.8,7.3,54,68.4,0,0.0,0,0.0,WR,JohnQu02
2601,Marvin Jones,4.80,39,Sun,9,9,2022-11-06,32-239,JAX,,LVR,W 27-20,4.80,9.80,9.8,7.3,39,56.5,0,0.0,0,0.0,WR,JoneMa02
2602,Christian Kirk,4.80,54,Sun,10,11,2023-11-19,27-001,JAX,,TEN,W 34-14,4.80,7.80,7.8,6.3,54,76.1,0,0.0,1,4.0,WR,KirkCh01
2603,Cooper Kupp,4.80,49,Sun,9,9,2023-11-05,30-143,LAR,@,GNB,L 3-20,4.80,6.80,6.8,5.8,49,84.5,0,0.0,0,0.0,WR,KuppCo00
2604,D.K. Metcalf,4.80,70,Thu,6,6,2024-10-10,26-301,SEA,,SFO,L 24-36,4.80,7.80,7.8,6.3,70,89.7,0,0.0,0,0.0,WR,MetcDK00
2605,John Metchie,4.80,40,Wed,16,17,2024-12-25,24-160,HOU,,BAL,L 2-31,4.80,9.80,9.8,7.3,40,71.4,0,0.0,0,0.0,WR,MetcJo00
2606,Jakobi Meyers,4.80,57,Sun,10,11,2024-11-17,28-008,LVR,@,MIA,L 19-34,4.80,8.80,8.8,6.8,57,87.7,0,0.0,0,0.0,WR,MeyeJa01
2607,Jonathan Mingo,4.80,61,Sun,5,5,2023-10-08,22-171,CAR,@,DET,L 24-42,4.80,9.80,9.8,7.3,61,85.9,0,0.0,1,3.7,WR,MingJo00
2608,Darnell Mooney,4.80,52,Sun,6,6,2023-10-15,25-351,CHI,,MIN,L 13-19,4.80,6.80,6.8,5.8,52,78.8,0,0.0,0,0.0,WR,MoonDa00
2609,Malik Nabers,4.80,66,Sun,10,10,2024-11-10,21-105,NYG,@,CAR,L 17-20 (OT),4.80,10.80,10.8,7.8,66,88.0,0,0.0,0,0.0,WR,NabeMa00
2610,K.J. Osborn,4.80,53,Sun,6,6,2023-10-15,26-127,MIN,@,CHI,W 19-13,4.80,8.80,8.8,6.8,53,93.0,0,0.0,0,0.0,WR,OsboKJ00
2611,Tim Patrick,4.80,49,Thu,12,13,2024-11-28,31-005,DET,,CHI,W 23-20,4.80,6.80,6.8,5.8,49,70.0,0,0.0,0,0.0,WR,PatrTi00
2612,George Pickens,4.80,62,Thu,11,12,2024-11-21,23-262,PIT,@,CLE,L 19-24,4.80,8.80,8.8,6.8,62,89.9,0,0.0,0,0.0,WR,PickGe00
2613,Nikko Remigio,4.80,31,Sun,17,18,2025-01-05,25-062,KAN,@,DEN,L 0-38,4.80,6.80,6.8,5.8,31,91.2,0,0.0,10,43.5,WR,RemiNi00
2614,Jaxon Smith-Njigba,4.80,53,Sun,5,6,2023-10-15,21-243,SEA,@,CIN,L 13-17,4.80,8.80,8.8,6.8,53,71.6,0,0.0,0,0.0,WR,SmitJa06
2615,Equanimeous St. Brown,4.80,42,Mon,7,7,2022-10-24,26-024,CHI,@,NWE,W 33-14,4.80,8.80,8.8,6.8,42,59.2,0,0.0,0,0.0,WR,St.BEq00
2616,Brian Thomas,4.80,52,Mon,3,3,2024-09-23,21-351,JAX,@,BUF,L 10-47,4.80,9.80,9.8,7.3,52,73.2,0,0.0,0,0.0,WR,ThomBr06
2617,Marquez Valdes-Scantling,4.80,49,Sun,3,3,2022-09-25,27-350,KAN,@,IND,L 17-20,4.80,8.80,8.8,6.8,49,77.8,0,0.0,0,0.0,WR,ValdMa00
2618,Marquez Valdes-Scantling,4.80,41,Thu,1,1,2023-09-07,28-332,KAN,,DET,L 20-21,4.80,6.80,6.8,5.8,41,63.1,0,0.0,0,0.0,WR,ValdMa00
2619,Malik Washington,4.80,43,Sun,17,18,2025-01-05,24-001,MIA,@,NYJ,L 20-32,4.80,8.80,8.8,6.8,43,61.4,0,0.0,6,23.1,WR,WashMa00
2620,Nick Westbrook-Ikhine,4.80,63,Mon,13,14,2023-12-11,26-265,TEN,@,MIA,W 28-27,4.80,6.80,6.8,5.8,63,88.7,0,0.0,3,9.7,WR,WestNi00
2621,Cedrick Wilson Jr.,4.80,29,Sun,7,7,2023-10-22,27-336,MIA,@,PHI,L 17-31,4.80,6.80,6.8,5.8,29,59.2,0,0.0,0,0.0,WR,WilsCe01
2622,Garrett Wilson,4.80,61,Sun,3,3,2023-09-24,23-064,NYJ,,NWE,L 10-15,4.80,9.80,9.8,7.3,61,96.8,0,0.0,0,0.0,WR,WilsGa00
2623,Olamide Zaccheaus,4.80,24,Sun,9,9,2024-11-03,27-103,WAS,@,NYG,W 27-22,4.80,6.80,6.8,5.8,24,38.7,0,0.0,2,9.1,WR,ZaccOl01
2624,Davante Adams,4.70,48,Sun,16,17,2024-12-29,32-005,NYJ,@,BUF,L 14-40,4.70,9.70,9.7,7.2,48,76.2,0,0.0,0,0.0,WR,AdamDa01
2625,Brandon Aiyuk,4.70,67,Sun,1,1,2022-09-11,24-178,SFO,@,CHI,L 10-19,4.70,6.70,6.7,5.7,67,98.5,0,0.0,0,0.0,WR,AiyuBr00
2626,Kendrick Bourne,4.70,42,Mon,13,14,2022-12-12,27-130,NWE,@,ARI,W 27-13,4.70,9.70,9.7,7.2,42,71.2,0,0.0,0,0.0,WR,BourKe00
2627,Kayshon Boutte,4.70,62,Sun,10,10,2024-11-10,22-187,NWE,@,CHI,W 19-3,4.70,8.70,8.7,6.7,62,96.9,0,0.0,0,0.0,WR,BoutKa00
2628,Treylon Burks,4.70,25,Mon,2,2,2022-09-19,22-180,TEN,@,BUF,L 7-41,4.70,8.70,8.7,6.7,25,44.6,0,0.0,7,25.9,WR,BurkTr00
2629,Jermaine Burton,4.70,10,Sun,2,2,2024-09-15,23-079,CIN,@,KAN,L 25-26,4.70,5.70,5.7,5.2,10,15.6,0,0.0,0,0.0,WR,BurtJe01
2630,Marvin Harrison Jr.,4.70,55,Sun,11,12,2024-11-24,22-105,ARI,@,SEA,L 6-16,4.70,7.70,7.7,6.2,55,94.8,0,0.0,0,0.0,WR,HarrMa09
2631,Tee Higgins,4.70,49,Sun,6,6,2022-10-16,23-271,CIN,@,NOR,W 30-26,4.70,10.70,10.7,7.7,49,86.0,0,0.0,0,0.0,WR,HiggTe00
2632,Jerry Jeudy,4.70,60,Sun,3,3,2024-09-22,25-151,CLE,,NYG,L 15-21,4.70,8.70,8.7,6.7,60,89.6,0,0.0,0,0.0,WR,JeudJe00
2633,Zay Jones,4.70,66,Sun,17,18,2024-01-07,28-283,JAX,@,TEN,L 20-28,4.70,10.70,10.7,7.7,66,93.0,0,0.0,0,0.0,WR,JoneZa00
2634,CeeDee Lamb,4.70,71,Sun,3,3,2024-09-22,25-167,DAL,,BAL,L 25-28,4.70,8.70,9.7,6.7,71,88.8,0,0.0,0,0.0,WR,LambCe00
2635,Tyler Lockett,4.70,61,Thu,12,13,2023-11-30,31-063,SEA,@,DAL,L 35-41,4.70,9.70,9.7,7.2,61,88.4,0,0.0,0,0.0,WR,LockTy00
2636,Drake London,4.70,48,Sun,16,17,2023-01-01,21-161,ATL,,ARI,W 20-19,4.70,9.70,9.7,7.2,48,77.4,0,0.0,0,0.0,WR,LondDr00
2637,Marvin Mims,4.70,17,Sun,4,4,2023-10-01,21-196,DEN,@,CHI,W 31-28,4.70,6.70,6.7,5.7,17,35.4,0,0.0,7,26.9,WR,MimsMa00
2638,K.J. Osborn,4.70,65,Mon,7,7,2023-10-23,26-135,MIN,,SFO,W 22-17,4.70,9.70,9.7,7.2,65,92.9,0,0.0,0,0.0,WR,OsboKJ00
2639,Josh Palmer,4.70,65,Sat,15,16,2023-12-23,24-092,LAC,,BUF,L 22-24,4.70,9.70,9.7,7.2,65,92.9,0,0.0,0,0.0,WR,PalmJo00
2640,Trey Palmer,4.70,37,Sun,5,6,2023-10-15,22-196,TAM,,DET,L 6-20,4.70,6.70,6.7,5.7,37,66.1,0,0.0,0,0.0,WR,PalmTr00
2641,George Pickens,4.70,54,Sat,14,15,2023-12-16,22-287,PIT,@,IND,L 13-30,4.70,7.70,7.7,6.2,54,93.1,0,0.0,0,0.0,WR,PickGe00
2642,Brandon Powell,4.70,36,Mon,12,12,2023-11-27,28-076,MIN,,CHI,L 10-12,4.70,7.70,7.7,6.2,36,65.5,0,0.0,3,15.0,WR,PoweBr00
2643,Kalif Raymond,4.70,51,Sun,9,10,2022-11-13,28-097,DET,@,CHI,W 31-30,4.70,7.70,7.7,6.2,51,82.3,0,0.0,3,10.3,WR,RaymKa00
2644,Wan'Dale Robinson,4.70,48,Mon,4,4,2023-10-02,22-270,NYG,,SEA,L 3-24,4.70,9.70,9.7,7.2,48,64.0,0,0.0,0,0.0,WR,RobiWa01
2645,Wan'Dale Robinson,4.70,49,Sun,11,12,2024-11-24,23-324,NYG,,TAM,L 7-30,4.70,9.70,9.7,7.2,49,83.1,0,0.0,0,0.0,WR,RobiWa01
2646,Khalil Shakir,4.70,76,Sun,12,12,2023-11-26,23-296,BUF,@,PHI,L 34-37 (OT),4.70,7.70,7.7,6.2,76,80.0,0,0.0,5,13.9,WR,ShakKh00
2647,Cedric Tillman,4.70,70,Sun,10,11,2024-11-17,24-212,CLE,@,NOR,L 14-35,4.70,7.70,7.7,6.2,70,95.9,0,0.0,0,0.0,WR,TillCe01
2648,Tre Tucker,4.70,75,Sun,7,7,2024-10-20,23-226,LVR,@,LAR,L 15-20,4.70,7.70,7.7,6.2,75,94.9,0,0.0,0,0.0,WR,TuckTr00
2649,Sammy Watkins,4.70,21,Sun,10,10,2022-11-13,29-152,GNB,,DAL,W 31-28 (OT),4.70,7.70,7.7,6.2,21,32.8,0,0.0,0,0.0,WR,WatkSa00
2650,Jameson Williams,4.70,45,Sat,14,15,2023-12-16,22-265,DET,,DEN,W 42-17,4.70,8.70,8.7,6.7,45,68.2,0,0.0,0,0.0,WR,WillJa11
2651,Braxton Berrios,4.68,8,Sun,4,4,2022-10-02,26-361,NYJ,@,PIT,W 24-20,4.68,5.68,5.7,5.2,8,11.4,0,0.0,9,34.6,WR,BerrBr00
2652,Nelson Agholor,4.60,38,Sun,4,4,2022-10-02,29-131,NWE,@,GNB,L 24-27 (OT),4.60,7.60,7.6,6.1,38,65.5,0,0.0,0,0.0,WR,AghoNe00
2653,Brandon Aiyuk,4.60,80,Sun,12,13,2022-12-04,24-262,SFO,,MIA,W 33-17,4.60,9.60,9.6,7.1,80,95.2,0,0.0,0,0.0,WR,AiyuBr00
2654,Kendrick Bourne,4.60,40,Sun,3,3,2023-09-24,28-051,NWE,@,NYJ,W 15-10,4.60,8.60,8.6,6.6,40,55.6,0,0.0,0,0.0,WR,BourKe00
2655,Kayshon Boutte,4.60,55,Sun,8,8,2024-10-27,22-173,NWE,,NYJ,W 25-22,4.60,7.60,7.6,6.1,55,82.1,0,0.0,0,0.0,WR,BoutKa00
2656,Marquise Brown,4.60,25,Wed,16,17,2024-12-25,27-204,KAN,@,PIT,W 29-10,4.60,8.60,8.6,6.6,25,40.3,0,0.0,0,0.0,WR,BrowMa04
2657,Marquise Brown,4.60,64,Sun,12,12,2022-11-27,25-176,ARI,,LAC,L 24-25,4.60,10.60,10.6,7.6,64,97.0,0,0.0,0,0.0,WR,BrowMa04
2658,DJ Chark,4.60,62,Sun,3,3,2022-09-25,26-002,DET,@,MIN,L 24-28,4.60,7.60,7.6,6.1,62,79.5,0,0.0,0,0.0,WR,CharDJ00
2659,Chase Claypool,4.60,55,Thu,3,3,2022-09-22,24-077,PIT,@,CLE,L 17-29,4.60,7.60,7.6,6.1,55,93.2,0,0.0,0,0.0,WR,ClayCh01
2660,Brandin Cooks,4.60,58,Sun,6,7,2022-10-23,29-028,HOU,@,LVR,L 20-38,4.60,8.60,8.6,6.6,58,89.2,0,0.0,0,0.0,WR,CookBr00
2661,Ashton Dulin,4.60,32,Sun,1,1,2022-09-11,25-119,IND,@,HOU,T 20-20 (OT),4.60,7.60,7.6,6.1,32,34.8,0,0.0,20,62.5,WR,DuliAs00
2662,Malik Heath,4.60,11,Thu,11,12,2023-11-23,23-237,GNB,@,DET,W 29-22,4.60,8.60,8.6,6.6,11,19.6,0,0.0,7,30.4,WR,HeatMa00
2663,Andrei Iosivas,4.60,56,Sun,11,11,2024-11-17,25-033,CIN,@,LAC,L 27-34,4.60,7.60,7.6,6.1,56,68.3,0,0.0,0,0.0,WR,IosiAn00
2664,Jauan Jennings,4.60,59,Sun,16,17,2023-01-01,25-175,SFO,@,LVR,W 37-34 (OT),4.60,6.60,6.6,5.6,59,88.1,0,0.0,0,0.0,WR,JennJa00
2665,Zay Jones,4.60,38,Sun,17,18,2025-01-05,29-281,ARI,,SFO,W 47-24,4.60,8.60,8.6,6.6,38,58.5,0,0.0,0,0.0,WR,JoneZa00
2666,Christian Kirk,4.60,47,Sun,8,8,2023-10-29,26-345,JAX,@,PIT,W 20-10,4.60,8.60,8.6,6.6,47,66.2,0,0.0,0,0.0,WR,KirkCh01
2667,Allen Lazard,4.60,42,Mon,1,1,2023-09-11,27-274,NYJ,,BUF,W 22-16 (OT),4.60,6.60,6.6,5.6,42,77.8,0,0.0,0,0.0,WR,LazaAl00
2668,Tyler Lockett,4.60,36,Sun,3,3,2024-09-22,31-360,SEA,,MIA,W 24-3,4.60,9.60,9.6,7.1,36,56.3,0,0.0,0,0.0,WR,LockTy00
2669,Ray-Ray McCloud,4.60,58,Sun,11,11,2024-11-17,28-033,ATL,@,DEN,L 6-38,4.60,10.60,10.6,7.6,58,98.3,0,0.0,7,26.9,WR,McClRa00
2670,Ladd McConkey,4.60,57,Mon,6,7,2024-10-21,22-345,LAC,@,ARI,L 15-17,4.60,9.60,9.6,7.1,57,86.4,0,0.0,3,13.6,WR,McCoLa00
2671,Scott Miller,4.60,15,Sun,7,7,2023-10-22,26-083,ATL,@,TAM,W 16-13,4.60,5.60,5.6,5.1,15,23.1,0,0.0,4,19.0,WR,MillSc01
2672,Darnell Mooney,4.60,64,Sun,7,7,2024-10-20,26-357,ATL,,SEA,L 14-34,4.60,9.60,9.6,7.1,64,87.7,0,0.0,0,0.0,WR,MoonDa00
2673,Chris Moore,4.60,36,Sun,12,13,2022-12-04,29-171,HOU,,CLE,L 14-27,4.60,7.60,7.6,6.1,36,55.4,0,0.0,2,6.5,WR,MoorCh00
2674,Chris Olave,4.60,49,Sun,8,8,2023-10-29,23-124,NOR,@,IND,W 38-27,4.60,9.60,9.6,7.1,49,74.2,0,0.0,0,0.0,WR,OlavCh00
2675,Kyle Philips,4.60,31,Sun,1,1,2022-09-11,23-086,TEN,,NYG,L 20-21,4.60,10.60,11.6,7.6,31,47.7,0,0.0,6,21.4,WR,PhilKy01
2676,Michael Pittman Jr.,4.60,50,Sun,16,17,2023-12-31,26-087,IND,,LVR,W 23-20,4.60,9.60,9.6,7.1,50,89.3,0,0.0,1,3.3,WR,PittMi01
2677,Michael Pittman Jr.,4.60,61,Sun,11,11,2024-11-17,27-043,IND,@,NYJ,W 28-27,4.60,9.60,9.6,7.1,61,87.1,0,0.0,0,0.0,WR,PittMi01
2678,Kalif Raymond,4.60,17,Sun,9,10,2023-11-12,29-096,DET,@,LAC,W 41-38,4.60,6.60,6.6,5.6,17,25.8,0,0.0,2,6.7,WR,RaymKa00
2679,Jalen Reagor,4.60,2,Sun,12,13,2022-12-04,23-336,MIN,,NYJ,W 27-22,4.60,5.60,5.6,5.1,2,2.9,0,0.0,2,6.3,WR,ReagJa00
2680,Jayden Reed,4.60,32,Sun,1,1,2023-09-10,23-135,GNB,@,CHI,W 38-20,4.60,6.60,6.6,5.6,32,53.3,0,0.0,5,17.9,WR,ReedJa03
2681,Jayden Reed,4.60,39,Sun,2,2,2024-09-15,24-140,GNB,,IND,W 16-10,4.60,6.60,6.6,5.6,39,55.7,0,0.0,4,18.2,WR,ReedJa03
2682,Tyler Scott,4.60,37,Sun,14,15,2023-12-17,22-066,CHI,@,CLE,L 17-20,4.60,7.60,7.6,6.1,37,50.7,0,0.0,0,0.0,WR,ScotTy00
2683,JuJu Smith-Schuster,4.60,50,Sun,4,4,2022-10-02,25-314,KAN,@,TAM,W 41-31,4.60,9.60,9.6,7.1,50,62.5,0,0.0,0,0.0,WR,SmitJu00
2684,Jaylen Waddle,4.60,49,Sun,4,4,2023-10-01,24-310,MIA,@,BUF,L 20-48,4.60,8.60,8.6,6.6,49,75.4,0,0.0,0,0.0,WR,WaddJa00
2685,Jaylen Waddle,4.60,61,Sun,5,5,2024-10-06,25-316,MIA,@,NWE,W 15-10,4.60,8.60,8.6,6.6,61,78.2,0,0.0,0,0.0,WR,WaddJa00
2686,Parker Washington,4.60,42,Sun,8,8,2024-10-27,22-220,JAX,,GNB,L 27-30,4.60,7.60,7.6,6.1,42,73.7,0,0.0,11,33.3,WR,WashPa01
2687,Christian Watson,4.60,62,Mon,14,15,2022-12-19,23-221,GNB,,LAR,W 24-12,4.60,8.60,8.6,6.6,62,87.3,0,0.0,0,0.0,WR,WatsCh00
2688,Jameson Williams,4.60,55,Thu,12,13,2024-11-28,23-247,DET,,CHI,W 23-20,4.60,9.60,9.6,7.1,55,78.6,0,0.0,0,0.0,WR,WillJa11
2689,Xavier Worthy,4.60,57,Sun,13,14,2024-12-08,21-225,KAN,,LAC,W 19-17,4.60,9.60,9.6,7.1,57,82.6,0,0.0,0,0.0,WR,WortXa00
2690,Davante Adams,4.50,60,Mon,5,5,2023-10-09,30-289,LVR,,GNB,W 17-13,4.50,8.50,8.5,6.5,60,93.8,0,0.0,0,0.0,WR,AdamDa01
2691,Tutu Atwell,4.50,39,Thu,13,14,2022-12-08,23-062,LAR,,LVR,W 17-16,4.50,9.50,9.5,7.0,39,60.9,0,0.0,0,0.0,WR,AtweTu00
2692,Tutu Atwell,4.50,35,Sun,13,14,2024-12-08,25-062,LAR,,BUF,W 44-42,4.50,7.50,7.5,6.0,35,45.5,0,0.0,1,3.0,WR,AtweTu00
2693,Kendrick Bourne,4.50,36,Sun,17,18,2023-01-08,27-157,NWE,@,BUF,L 23-35,4.50,8.50,8.5,6.5,36,52.9,0,0.0,0,0.0,WR,BourKe00
2694,Kendrick Bourne,4.50,46,Sun,13,13,2024-12-01,29-119,NWE,,IND,L 24-25,4.50,7.50,7.5,6.0,46,63.9,0,0.0,0,0.0,WR,BourKe00
2695,Marquise Brown,4.50,20,Sat,15,16,2024-12-21,27-200,KAN,,HOU,W 27-19,4.50,9.50,9.5,7.0,20,27.0,0,0.0,0,0.0,WR,BrowMa04
2696,Parris Campbell,4.50,56,Sun,13,13,2022-12-04,25-141,IND,@,DAL,L 19-54,4.50,8.50,8.5,6.5,56,77.8,0,0.0,0,0.0,WR,CampPa00
2697,Corey Davis,4.50,59,Sun,16,17,2023-01-01,27-355,NYJ,@,SEA,L 6-23,4.50,7.50,7.5,6.0,59,84.3,0,0.0,0,0.0,WR,DaviCo03
2698,Phillip Dorsett,4.50,39,Sat,15,16,2022-12-24,29-353,HOU,@,TEN,W 19-14,4.50,7.50,7.5,6.0,39,58.2,0,0.0,0,0.0,WR,DorsPh00
2699,Greg Dortch,4.50,36,Sun,17,18,2023-01-08,24-224,ARI,@,SFO,L 13-38,4.50,8.50,8.5,6.5,36,69.2,0,0.0,0,0.0,WR,DortGr01
2700,Demario Douglas,4.50,18,Sun,4,4,2023-10-01,22-297,NWE,@,DAL,L 3-38,4.50,6.50,6.5,5.5,18,32.7,0,0.0,2,7.7,WR,DougDe00
2701,Simi Fehoko,4.50,61,Mon,6,7,2024-10-21,26-351,LAC,@,ARI,L 15-17,4.50,7.50,7.5,6.0,61,92.4,0,0.0,0,0.0,WR,FehoSi00
2702,Chris Godwin,4.50,63,Sun,7,7,2022-10-23,26-238,TAM,@,CAR,L 3-21,4.50,11.50,11.5,8.0,63,94.0,0,0.0,0,0.0,WR,GodwCh00
2703,Chris Godwin,4.50,50,Sun,11,12,2023-11-26,27-272,TAM,@,IND,L 20-27,4.50,7.50,7.5,6.0,50,83.3,0,0.0,0,0.0,WR,GodwCh00
2704,Mecole Hardman,4.50,31,Thu,2,2,2022-09-15,24-187,KAN,,LAC,W 27-24,4.50,7.50,7.5,6.0,31,54.4,0,0.0,0,0.0,WR,HardMe00
2705,Tyreek Hill,4.50,57,Sun,9,9,2023-11-05,29-249,MIA,@,KAN,L 14-21,4.50,12.50,13.5,8.5,57,90.5,0,0.0,0,0.0,WR,HillTy00
2706,Jauan Jennings,4.50,15,Sun,5,5,2022-10-09,25-091,SFO,@,CAR,W 37-15,4.50,6.50,6.5,5.5,15,22.4,0,0.0,6,21.4,WR,JennJa00
2707,Diontae Johnson,4.50,70,Sun,7,7,2022-10-23,26-110,PIT,@,MIA,L 10-16,4.50,9.50,9.5,7.0,70,93.3,0,0.0,0,0.0,WR,JohnDi01
2708,Christian Kirk,4.50,61,Sun,13,14,2022-12-11,26-023,JAX,@,TEN,W 36-22,4.50,9.50,9.5,7.0,61,84.7,0,0.0,1,3.8,WR,KirkCh01
2709,CeeDee Lamb,4.50,47,Sun,10,11,2022-11-20,23-226,DAL,@,MIN,W 40-3,4.50,9.50,9.5,7.0,47,65.3,0,0.0,0,0.0,WR,LambCe00
2710,Allen Lazard,4.50,63,Sun,10,10,2022-11-13,26-337,GNB,,DAL,W 31-28 (OT),4.50,7.50,7.5,6.0,63,98.4,0,0.0,0,0.0,WR,LazaAl00
2711,Allen Lazard,4.50,52,Sun,7,8,2023-10-29,27-322,NYJ,@,NYG,W 13-10 (OT),4.50,7.50,7.5,6.0,52,81.3,0,0.0,0,0.0,WR,LazaAl00
2712,Tyler Lockett,4.50,46,Sun,7,7,2022-10-23,30-025,SEA,@,LAC,W 37-23,4.50,11.50,11.5,8.0,46,64.8,0,0.0,1,3.4,WR,LockTy00
2713,Tyler Lockett,4.50,36,Sun,7,7,2024-10-20,32-022,SEA,@,ATL,W 34-14,4.50,8.50,8.5,6.5,36,60.0,0,0.0,0,0.0,WR,LockTy00
2714,Ray-Ray McCloud,4.50,61,Mon,2,2,2024-09-16,27-337,ATL,@,PHI,W 22-21,4.50,7.50,7.5,6.0,61,100.0,0,0.0,5,22.7,WR,McClRa00
2715,Rondale Moore,4.50,42,Sun,1,1,2023-09-10,23-093,ARI,@,WAS,L 16-20,4.50,7.50,7.5,6.0,42,67.7,0,0.0,0,0.0,WR,MoorRo02
2716,George Pickens,4.50,62,Sun,9,10,2023-11-12,22-253,PIT,,GNB,W 23-19,4.50,7.50,7.5,6.0,62,95.4,0,0.0,0,0.0,WR,PickGe00
2717,Kalif Raymond,4.50,56,Sun,5,5,2022-10-09,28-062,DET,@,NWE,L 0-29,4.50,9.50,9.5,7.0,56,84.8,0,0.0,2,10.5,WR,RaymKa00
2718,Kalif Raymond,4.50,29,Sun,5,5,2023-10-08,29-061,DET,,CAR,W 42-24,4.50,7.50,7.5,6.0,29,48.3,0,0.0,5,18.5,WR,RaymKa00
2719,Josh Reynolds,4.50,55,Sun,1,1,2024-09-08,29-205,DEN,@,SEA,L 20-26,4.50,9.50,9.5,7.0,55,79.7,0,0.0,0,0.0,WR,ReynJo00
2720,Calvin Ridley,4.50,55,Sun,12,13,2024-12-01,29-347,TEN,@,WAS,L 19-42,4.50,6.50,6.5,5.5,55,100.0,0,0.0,0,0.0,WR,RidlCa00
2721,Curtis Samuel,4.50,37,Sun,14,15,2022-12-18,26-129,WAS,,NYG,L 12-20,4.50,7.50,7.5,6.0,37,58.7,0,0.0,0,0.0,WR,SamuCu00
2722,Khalil Shakir,4.50,32,Sat,15,16,2023-12-23,23-323,BUF,@,LAC,W 24-22,4.50,7.50,7.5,6.0,32,58.2,0,0.0,7,23.3,WR,ShakKh00
2723,Mike Strachan,4.50,13,Thu,9,10,2023-11-09,26-088,CAR,@,CHI,L 13-16,4.50,5.50,5.5,5.0,13,21.7,0,0.0,0,0.0,WR,StraMi03
2724,Michael Thomas,4.50,68,Sun,6,6,2023-10-15,30-226,NOR,@,HOU,L 13-20,4.50,9.50,9.5,7.0,68,82.9,0,0.0,0,0.0,WR,ThomMi05
2725,Mason Tipton,4.50,58,Thu,7,7,2024-10-17,24-020,NOR,,DEN,L 10-33,4.50,10.50,10.5,7.5,58,82.9,0,0.0,8,27.6,WR,TiptMa00
2726,Jaylen Waddle,4.50,55,Thu,2,2,2024-09-12,25-292,MIA,,BUF,L 10-31,4.50,8.50,8.5,6.5,55,72.4,0,0.0,0,0.0,WR,WaddJa00
2727,Jaylen Waddle,4.50,56,Sun,7,8,2024-10-27,25-337,MIA,,ARI,L 27-28,4.50,8.50,8.5,6.5,56,86.2,0,0.0,0,0.0,WR,WaddJa00
2728,Justin Watson,4.50,19,Thu,1,1,2023-09-07,27-156,KAN,,DET,L 20-21,4.50,6.50,6.5,5.5,19,29.2,0,0.0,5,18.5,WR,WatsJu01
2729,Dontayvion Wicks,4.50,52,Sun,3,3,2023-09-24,22-100,GNB,,NOR,W 18-17,4.50,8.50,8.5,6.5,52,65.8,0,0.0,0,0.0,WR,WickDo00
2730,Mike Williams,4.50,62,Sun,1,1,2023-09-10,28-341,LAC,,MIA,L 34-36,4.50,8.50,8.5,6.5,62,76.5,0,0.0,0,0.0,WR,WillMi07
2731,Jordan Addison,4.40,70,Sun,11,11,2023-11-19,21-296,MIN,@,DEN,L 20-21,4.40,7.40,7.4,5.9,70,94.6,0,0.0,0,0.0,WR,AddiJo00
2732,Jamal Agnew,4.40,11,Sun,13,14,2022-12-11,27-252,JAX,@,TEN,W 36-22,4.40,7.40,7.4,5.9,11,15.3,0,0.0,7,26.9,WR,AgneJa00
2733,Keenan Allen,4.40,56,Sun,9,10,2024-11-10,32-197,CHI,,NWE,L 3-19,4.40,9.40,9.4,6.9,56,93.3,0,0.0,0,0.0,WR,AlleKe00
2734,Kendrick Bourne,4.40,27,Sun,14,15,2024-12-15,29-133,NWE,@,ARI,L 17-30,4.40,7.40,7.4,5.9,27,52.9,0,0.0,0,0.0,WR,BourKe00
2735,Tyler Boyd,4.40,49,Sun,9,9,2022-11-06,27-356,CIN,,CAR,W 42-21,4.40,9.40,9.4,6.9,49,66.2,0,0.0,2,6.9,WR,BoydTy00
2736,Nico Collins,4.40,46,Sun,11,12,2022-11-27,23-253,HOU,@,MIA,L 15-30,4.40,10.40,10.4,7.4,46,75.4,0,0.0,0,0.0,WR,CollNi00
2737,Mike Evans,4.40,66,Sun,13,14,2022-12-11,29-112,TAM,@,SFO,L 7-35,4.40,8.40,8.4,6.4,66,86.8,0,0.0,0,0.0,WR,EvanMi00
2738,Simi Fehoko,4.40,40,Sun,5,6,2024-10-13,26-343,LAC,@,DEN,W 23-16,4.40,6.40,6.4,5.4,40,51.3,0,0.0,19,70.4,WR,FehoSi00
2739,Michael Gallup,4.40,30,Sun,5,5,2022-10-09,26-219,DAL,@,LAR,W 22-10,4.40,8.40,8.4,6.4,30,54.5,0,0.0,0,0.0,WR,GallMi00
2740,KJ Hamler,4.40,33,Mon,6,6,2022-10-17,23-101,DEN,@,LAC,L 16-19 (OT),4.40,6.40,6.4,5.4,33,56.9,0,0.0,0,0.0,WR,HamlKJ00
2741,Jerry Jeudy,4.40,50,Sun,15,16,2023-12-24,24-244,DEN,,NWE,L 23-26,4.40,7.40,7.4,5.9,50,72.5,0,0.0,0,0.0,WR,JeudJe00
2742,Tom Kennedy,4.40,38,Sun,9,10,2022-11-13,26-107,DET,@,CHI,W 31-30,4.40,5.40,5.4,4.9,38,61.3,0,0.0,0,0.0,WR,KennTo01
2743,Luke McCaffrey,4.40,20,Mon,3,3,2024-09-23,23-174,WAS,@,CIN,W 38-33,4.40,7.40,7.4,5.9,20,33.9,0,0.0,0,0.0,WR,McCaLu00
2744,Ladd McConkey,4.40,33,Sun,3,3,2024-09-22,22-316,LAC,@,PIT,L 10-20,4.40,7.40,7.4,5.9,33,71.7,0,0.0,0,0.0,WR,McCoLa00
2745,Isaiah McKenzie,4.40,39,Thu,12,13,2022-12-01,27-236,BUF,@,NWE,W 24-10,4.40,9.40,9.4,6.9,39,52.0,0,0.0,0,0.0,WR,McKeIs00
2746,Darnell Mooney,4.40,56,Sun,8,8,2023-10-29,26-000,CHI,@,LAC,L 13-30,4.40,5.40,5.4,4.9,56,84.8,0,0.0,0,0.0,WR,MoonDa00
2747,Darnell Mooney,4.40,64,Sun,13,14,2023-12-10,26-042,CHI,,DET,W 28-13,4.40,6.40,6.4,5.4,64,90.1,0,0.0,0,0.0,WR,MoonDa00
2748,Chris Moore,4.40,52,Sun,4,4,2023-10-01,30-107,TEN,,CIN,W 27-3,4.40,5.40,5.4,4.9,52,78.8,0,0.0,3,14.3,WR,MoorCh00
2749,Elijah Moore,4.40,52,Sun,2,2,2024-09-15,24-172,CLE,@,JAX,W 18-13,4.40,10.40,10.4,7.4,52,72.2,0,0.0,1,3.7,WR,MoorEl00
2750,Josh Palmer,4.40,55,Sun,9,10,2022-11-13,23-052,LAC,@,SFO,L 16-22,4.40,7.40,7.4,5.9,55,94.8,0,0.0,0,0.0,WR,PalmJo00
2751,DeVante Parker,4.40,48,Sun,14,15,2023-12-17,30-331,NWE,,KAN,L 17-27,4.40,9.40,9.4,6.9,48,90.6,0,0.0,0,0.0,WR,ParkDe01
2752,A.T. Perry,4.40,32,Sun,13,14,2023-12-10,24-045,NOR,,CAR,W 28-6,4.40,5.40,5.4,4.9,32,61.5,0,0.0,0,0.0,WR,PerrAT00
2753,Alec Pierce,4.40,43,Sun,3,3,2024-09-22,24-143,IND,,CHI,W 21-16,4.40,5.40,5.4,4.9,43,76.8,0,0.0,0,0.0,WR,PierAl00
2754,Kalif Raymond,4.40,21,Sun,16,17,2023-01-01,28-146,DET,,CHI,W 41-10,4.40,7.40,7.4,5.9,21,29.6,0,0.0,7,23.3,WR,RaymKa00
2755,Josh Reynolds,4.40,50,Sun,17,18,2024-01-07,28-325,DET,,MIN,W 30-20,4.40,9.40,9.4,6.9,50,87.7,0,0.0,0,0.0,WR,ReynJo00
2756,Allen Robinson,4.40,55,Sun,9,10,2022-11-13,29-081,LAR,,ARI,L 17-27,4.40,8.40,8.4,6.4,55,91.7,0,0.0,0,0.0,WR,RobiAl02
2757,Curtis Samuel,4.40,25,Mon,6,6,2024-10-14,28-064,BUF,@,NYJ,W 23-20,4.40,7.40,7.4,5.9,25,36.2,0,0.0,0,0.0,WR,SamuCu00
2758,Deebo Samuel,4.40,68,Sun,7,7,2022-10-23,26-281,SFO,,KAN,L 23-44,4.40,9.40,9.4,6.9,68,86.1,0,0.0,0,0.0,WR,SamuDe00
2759,Trent Sherfield,4.40,35,Sun,7,7,2022-10-23,26-240,MIA,,PIT,W 16-10,4.40,7.40,7.4,5.9,35,56.5,0,0.0,14,53.8,WR,SherTr00
2760,DeVonta Smith,4.40,69,Sun,6,6,2023-10-15,24-335,PHI,@,NYJ,L 14-20,4.40,9.40,9.4,6.9,69,98.6,0,0.0,0,0.0,WR,SmitDe07
2761,Courtland Sutton,4.40,57,Sun,16,17,2023-01-01,27-083,DEN,@,KAN,L 24-27,4.40,8.40,8.4,6.4,57,81.4,0,0.0,0,0.0,WR,SuttCo00
2762,Adam Thielen,4.40,51,Sun,17,18,2025-01-05,34-136,CAR,@,ATL,W 44-38 (OT),4.40,9.40,9.4,6.9,51,76.1,0,0.0,0,0.0,WR,ThieAd00
2763,Jalen Tolbert,4.40,55,Sun,7,8,2024-10-27,25-243,DAL,@,SFO,L 24-30,4.40,7.40,7.4,5.9,55,88.7,0,0.0,0,0.0,WR,TolbJa00
2764,KaVontae Turpin,4.40,22,Sun,5,5,2024-10-06,28-065,DAL,@,PIT,W 20-17,4.40,8.40,8.4,6.4,22,28.9,0,0.0,9,37.5,WR,TurpKa00
2765,Cody White,4.40,35,Sun,9,9,2024-11-03,25-341,SEA,,LAR,L 20-26 (OT),4.40,6.40,6.4,5.4,35,43.8,0,0.0,11,34.4,WR,WhitCo05
2766,Michael Wilson,4.40,63,Sun,15,16,2024-12-22,24-303,ARI,@,CAR,L 30-36 (OT),4.40,6.40,6.4,5.4,63,90.0,0,0.0,0,0.0,WR,WilsMi02
2767,Robert Woods,4.40,50,Sun,10,11,2023-11-19,31-223,HOU,,ARI,W 21-16,4.40,9.40,9.4,6.9,50,74.6,0,0.0,0,0.0,WR,WoodRo02
2768,Robert Woods,4.40,39,Thu,9,9,2024-10-31,32-204,HOU,@,NYJ,L 13-21,4.40,6.40,6.4,5.4,39,49.4,0,0.0,0,0.0,WR,WoodRo02
2769,Brandon Aiyuk,4.30,30,Sun,2,2,2023-09-17,25-184,SFO,@,LAR,W 30-23,4.30,7.30,7.3,5.8,30,52.6,0,0.0,0,0.0,WR,AiyuBr00
2770,Brandon Aiyuk,4.30,61,Sun,2,2,2024-09-15,26-182,SFO,@,MIN,L 17-23,4.30,8.30,8.3,6.3,61,87.1,0,0.0,0,0.0,WR,AiyuBr00
2771,Jake Bobo,4.30,23,Sun,5,6,2023-10-15,25-072,SEA,@,CIN,L 13-17,4.30,6.30,6.3,5.3,23,31.1,0,0.0,5,21.7,WR,BoboJa00
2772,Kendrick Bourne,4.30,47,Sun,5,5,2023-10-08,28-065,NWE,,NOR,L 0-34,4.30,6.30,6.3,5.3,47,87.0,0,0.0,0,0.0,WR,BourKe00
2773,Tyler Boyd,4.30,41,Sun,6,7,2024-10-20,29-340,TEN,@,BUF,L 10-34,4.30,9.30,9.3,6.8,41,56.2,0,0.0,0,0.0,WR,BoydTy00
2774,A.J. Brown,4.30,55,Sun,13,14,2024-12-08,27-161,PHI,,CAR,W 22-16,4.30,8.30,8.3,6.3,55,94.8,0,0.0,0,0.0,WR,BrowAJ00
2775,Parris Campbell,4.30,44,Sun,4,4,2022-10-02,25-078,IND,,TEN,L 17-24,4.30,8.30,8.3,6.3,44,66.7,0,0.0,0,0.0,WR,CampPa00
2776,Ja'Marr Chase,4.30,65,Sun,9,9,2024-11-03,24-247,CIN,,LVR,W 41-24,4.30,11.30,11.3,7.8,65,87.8,0,0.0,0,0.0,WR,ChasJa00
2777,Gabriel Davis,4.30,57,Sun,2,2,2024-09-15,25-167,JAX,,CLE,L 13-18,4.30,7.30,7.3,5.8,57,95.0,0,0.0,0,0.0,WR,DaviGa01
2778,Jahan Dotson,4.30,58,Sun,7,7,2023-10-22,23-214,WAS,@,NYG,L 7-14,4.30,9.30,9.3,6.8,58,84.1,0,0.0,0,0.0,WR,DotsJa00
2779,Demario Douglas,4.30,50,Sun,16,17,2023-12-31,23-023,NWE,@,BUF,L 21-27,4.30,7.30,7.3,5.8,50,94.3,0,0.0,0,0.0,WR,DougDe00
2780,Josh Downs,4.30,50,Sun,11,12,2023-11-26,22-106,IND,,TAM,W 27-20,4.30,9.30,9.3,6.8,50,68.5,0,0.0,0,0.0,WR,DownJo00
2781,Devin Duvernay,4.30,68,Sun,12,13,2022-12-04,25-083,BAL,,DEN,W 10-9,4.30,10.30,10.3,7.3,68,94.4,0,0.0,11,42.3,WR,DuveDe00
2782,Van Jefferson,4.30,43,Sun,12,13,2024-12-01,28-128,PIT,@,CIN,W 44-38,4.30,5.30,5.3,4.8,43,62.3,0,0.0,1,3.0,WR,JeffVa00
2783,Terrace Marshall Jr.,4.30,59,Thu,10,10,2022-11-10,22-154,CAR,,ATL,W 25-15,4.30,5.30,5.3,4.8,59,89.4,0,0.0,1,3.4,WR,MarsTe00
2784,Ray-Ray McCloud,4.30,29,Sun,8,8,2023-10-29,27-014,SFO,,CIN,L 17-31,4.30,6.30,6.3,5.3,29,49.2,0,0.0,9,36.0,WR,McClRa00
2785,Ladd McConkey,4.30,49,Sun,5,6,2024-10-13,22-337,LAC,@,DEN,W 23-16,4.30,8.30,8.3,6.3,49,62.8,0,0.0,2,7.4,WR,McCoLa00
2786,Terry McLaurin,4.30,65,Sun,11,11,2023-11-19,28-065,WAS,,NYG,L 19-31,4.30,9.30,9.3,6.8,65,80.2,0,0.0,0,0.0,WR,McLaTe00
2787,Marvin Mims,4.30,30,Sun,15,16,2023-12-24,21-280,DEN,,NWE,L 23-26,4.30,7.30,8.3,5.8,30,43.5,0,0.0,14,42.4,WR,MimsMa00
2788,Rondale Moore,4.30,42,Sun,10,10,2023-11-12,23-156,ARI,,ATL,W 25-23,4.30,9.30,9.3,6.8,42,64.6,0,0.0,0,0.0,WR,MoorRo02
2789,Puka Nacua,4.30,57,Sun,8,8,2023-10-29,22-153,LAR,@,DAL,L 20-43,4.30,7.30,7.3,5.8,57,91.9,0,0.0,0,0.0,WR,NacuPu00
2790,Alec Pierce,4.30,81,Sun,3,3,2023-09-24,23-145,IND,@,BAL,W 22-19 (OT),4.30,7.30,7.3,5.8,81,96.4,0,0.0,0,0.0,WR,PierAl00
2791,Josh Reynolds,4.30,55,Sun,7,7,2023-10-22,28-248,DET,@,BAL,L 6-38,4.30,6.30,6.3,5.3,55,73.3,0,0.0,0,0.0,WR,ReynJo00
2792,Wan'Dale Robinson,4.30,39,Sun,17,18,2025-01-05,24-000,NYG,@,PHI,L 13-20,4.30,14.30,14.3,9.3,39,73.6,0,0.0,0,0.0,WR,RobiWa01
2793,Deebo Samuel,4.30,55,Sun,11,12,2022-11-27,26-316,SFO,,NOR,W 13-0,4.30,7.30,7.3,5.8,55,78.6,0,0.0,0,0.0,WR,SamuDe00
2794,Adam Thielen,4.30,63,Sun,14,15,2023-12-17,33-117,CAR,,ATL,W 9-7,4.30,8.30,8.3,6.3,63,95.5,0,0.0,0,0.0,WR,ThieAd00
2795,Cedric Tillman,4.30,34,Sun,17,18,2024-01-07,23-263,CLE,@,CIN,L 14-31,4.30,7.30,7.3,5.8,34,64.2,0,0.0,0,0.0,WR,TillCe01
2796,Jalen Tolbert,4.30,64,Sun,6,6,2024-10-13,25-229,DAL,,DET,L 9-47,4.30,8.30,8.3,6.3,64,92.8,0,0.0,0,0.0,WR,TolbJa00
2797,Justin Watson,4.30,59,Mon,8,9,2024-11-04,28-214,KAN,,TAM,W 30-24 (OT),4.30,7.30,7.3,5.8,59,69.4,0,0.0,4,14.3,WR,WatsJu01
2798,Dontayvion Wicks,4.30,25,Sun,12,13,2023-12-03,22-170,GNB,,KAN,W 27-19,4.30,7.30,7.3,5.8,25,39.1,0,0.0,0,0.0,WR,WickDo00
2799,Dontayvion Wicks,4.30,46,Sun,16,17,2024-12-29,23-196,GNB,@,MIN,L 25-27,4.30,8.30,8.3,6.3,46,73.0,0,0.0,0,0.0,WR,WickDo00
2800,Jameson Williams,4.30,46,Sun,15,16,2023-12-24,22-273,DET,@,MIN,W 30-24,4.30,9.30,9.3,6.8,46,58.2,0,0.0,0,0.0,WR,WillJa11
2801,Michael Woods II,4.30,66,Mon,12,13,2024-12-02,24-258,CLE,@,DEN,L 32-41,4.30,7.30,7.3,5.8,66,76.7,0,0.0,0,0.0,WR,WoodMi00
2802,Rashod Bateman,4.20,36,Sun,7,7,2022-10-23,22-328,BAL,,CLE,W 23-20,4.20,8.20,8.2,6.2,36,56.3,0,0.0,0,0.0,WR,BateRa00
2803,Braxton Berrios,4.20,35,Sun,1,1,2023-09-10,27-339,MIA,@,LAC,W 36-34,4.20,7.20,7.2,5.7,35,52.2,0,0.0,10,32.3,WR,BerrBr00
2804,Braxton Berrios,4.20,33,Sun,7,7,2022-10-23,27-017,NYJ,@,DEN,W 16-9,4.20,7.20,7.2,5.7,33,55.9,0,0.0,9,32.1,WR,BerrBr00
2805,Tyler Boyd,4.20,54,Sun,10,11,2022-11-20,28-005,CIN,@,PIT,W 37-30,4.20,6.20,6.2,5.2,54,81.8,0,0.0,1,2.8,WR,BoydTy00
2806,Noah Brown,4.20,54,Sun,10,11,2022-11-20,26-318,DAL,@,MIN,W 40-3,4.20,6.20,6.2,5.2,54,75.0,0,0.0,2,7.1,WR,BrowNo00
2807,Randall Cobb,4.20,25,Sun,4,4,2022-10-02,32-041,GNB,,NWE,W 27-24 (OT),4.20,7.20,7.2,5.7,25,34.2,0,0.0,0,0.0,WR,CobbRa00
2808,Brandin Cooks,4.20,41,Sun,9,10,2022-11-13,29-049,HOU,@,NYG,L 16-24,4.20,8.20,8.2,6.2,41,64.1,0,0.0,0,0.0,WR,CookBr00
2809,Brandin Cooks,4.20,52,Sun,10,11,2023-11-19,30-055,DAL,@,CAR,W 33-10,4.20,7.20,7.2,5.7,52,72.2,0,0.0,0,0.0,WR,CookBr00
2810,Amari Cooper,4.20,62,Sun,13,14,2022-12-11,28-177,CLE,@,CIN,L 10-23,4.20,6.20,6.2,5.2,62,86.1,0,0.0,0,0.0,WR,CoopAm00
2811,Amari Cooper,4.20,47,Sun,6,6,2024-10-13,30-118,CLE,@,PHI,L 16-20,4.20,8.20,8.2,6.2,47,82.5,0,0.0,0,0.0,WR,CoopAm00
2812,Devin Duvernay,4.20,42,Sun,7,7,2022-10-23,25-041,BAL,,CLE,W 23-20,4.20,6.20,6.2,5.2,42,65.6,0,0.0,8,29.6,WR,DuveDe00
2813,Devin Duvernay,4.20,39,Sun,14,15,2024-12-15,27-094,JAX,,NYJ,L 25-32,4.20,7.20,7.2,5.7,39,46.4,0,0.0,10,35.7,WR,DuveDe00
2814,Mike Evans,4.20,69,Sun,6,6,2022-10-16,29-056,TAM,@,PIT,L 18-20,4.20,8.20,8.2,6.2,69,95.8,0,0.0,0,0.0,WR,EvanMi00
2815,Mike Evans,4.20,38,Sun,2,2,2024-09-15,31-025,TAM,@,DET,W 20-16,4.20,7.20,7.2,5.7,38,79.2,0,0.0,0,0.0,WR,EvanMi00
2816,Tyreek Hill,4.20,44,Mon,4,4,2024-09-30,30-213,MIA,,TEN,L 12-31,4.20,8.20,8.2,6.2,44,73.3,0,0.0,0,0.0,WR,HillTy00
2817,Richie James,4.20,50,Sun,14,15,2022-12-18,27-104,NYG,@,WAS,W 20-12,4.20,8.20,8.2,6.2,50,79.4,0,0.0,4,16.0,WR,JameRi00
2818,Zay Jones,4.20,62,Sun,6,6,2022-10-16,27-200,JAX,@,IND,L 27-34,4.20,9.20,9.2,6.7,62,98.4,0,0.0,0,0.0,WR,JoneZa00
2819,Xavier Legette,4.20,44,Sun,3,3,2024-09-22,23-237,CAR,@,LVR,W 36-22,4.20,6.20,6.2,5.2,44,59.5,0,0.0,3,10.0,WR,LegeXa00
2820,Ray-Ray McCloud,4.20,28,Sun,16,17,2023-01-01,26-078,SFO,@,LVR,W 37-34 (OT),4.20,5.20,5.2,4.7,28,41.8,0,0.0,9,27.3,WR,McClRa00
2821,D.K. Metcalf,4.20,46,Thu,16,17,2024-12-26,27-012,SEA,@,CHI,W 6-3,4.20,7.20,7.2,5.7,46,88.5,0,0.0,0,0.0,WR,MetcDK00
2822,Jakobi Meyers,4.20,45,Mon,15,16,2023-12-25,27-046,LVR,@,KAN,W 20-14,4.20,7.20,7.2,5.7,45,81.8,0,0.0,1,4.0,WR,MeyeJa01
2823,Scott Miller,4.20,29,Sun,2,2,2022-09-18,25-049,TAM,@,NOR,W 20-10,4.20,7.20,7.2,5.7,29,43.3,0,0.0,1,3.8,WR,MillSc01
2824,Marvin Mims,4.20,16,Sun,12,12,2024-11-24,22-250,DEN,@,LVR,W 29-19,4.20,7.20,7.2,5.7,16,23.5,0,0.0,12,35.3,WR,MimsMa00
2825,Chris Moore,4.20,55,Sun,14,15,2022-12-18,29-185,HOU,,KAN,L 24-30 (OT),4.20,8.20,8.2,6.2,55,87.3,0,0.0,0,0.0,WR,MoorCh00
2826,Chris Moore,4.20,35,Sun,11,12,2023-11-26,30-163,TEN,,CAR,W 17-10,4.20,7.20,7.2,5.7,35,66.0,0,0.0,4,16.7,WR,MoorCh00
2827,Elijah Moore,4.20,53,Sun,13,14,2023-12-10,23-258,CLE,,JAX,W 31-27,4.20,7.20,7.2,5.7,53,69.7,0,0.0,1,2.9,WR,MoorEl00
2828,Skyy Moore,4.20,50,Sun,3,3,2023-09-24,23-014,KAN,,CHI,W 41-10,4.20,8.20,8.2,6.2,50,64.9,0,0.0,1,4.0,WR,MoorSk01
2829,Puka Nacua,4.20,25,Sun,1,1,2024-09-08,23-102,LAR,@,DET,L 20-26 (OT),4.20,8.20,8.2,6.2,25,32.1,0,0.0,0,0.0,WR,NacuPu00
2830,Chris Olave,4.20,42,Sun,16,17,2023-01-01,22-188,NOR,@,PHI,W 20-10,4.20,8.20,8.2,6.2,42,60.9,0,0.0,0,0.0,WR,OlavCh00
2831,Trey Palmer,4.20,39,Sun,15,16,2023-12-24,22-266,TAM,,JAX,W 30-12,4.20,8.20,8.2,6.2,39,52.7,0,0.0,1,5.0,WR,PalmTr00
2832,DeVante Parker,4.20,51,Sun,11,12,2023-11-26,30-310,NWE,@,NYG,L 7-10,4.20,7.20,7.2,5.7,51,75.0,0,0.0,0,0.0,WR,ParkDe01
2833,Donovan Peoples-Jones,4.20,59,Sun,17,18,2023-01-08,23-323,CLE,@,PIT,L 14-28,4.20,6.20,6.2,5.2,59,92.2,0,0.0,1,4.5,WR,PeopDo00
2834,Alec Pierce,4.20,47,Sun,17,18,2023-01-08,22-251,IND,,HOU,L 31-32,4.20,7.20,7.2,5.7,47,64.4,0,0.0,0,0.0,WR,PierAl00
2835,Michael Pittman Jr.,4.20,57,Sun,13,13,2024-12-01,27-057,IND,@,NWE,W 25-24,4.20,9.20,9.2,6.7,57,91.9,0,0.0,0,0.0,WR,PittMi01
2836,Hunter Renfrow,4.20,27,Sun,11,11,2023-11-19,27-333,LVR,@,MIA,L 13-20,4.20,9.20,9.2,6.7,27,44.3,0,0.0,0,0.0,WR,RenfHu00
2837,Rashee Rice,4.20,45,Mon,10,11,2023-11-20,23-212,KAN,,PHI,L 17-21,4.20,8.20,8.2,6.2,45,57.0,0,0.0,0,0.0,WR,RiceRa01
2838,Calvin Ridley,4.20,58,Sun,6,7,2024-10-20,29-305,TEN,@,BUF,L 10-34,4.20,7.20,7.2,5.7,58,79.5,0,0.0,0,0.0,WR,RidlCa00
2839,Demarcus Robinson,4.20,72,Sun,1,1,2024-09-08,29-353,LAR,@,DET,L 20-26 (OT),4.20,8.20,8.2,6.2,72,92.3,0,0.0,0,0.0,WR,RobiDe01
2840,Sterling Shepard,4.20,35,Sun,12,13,2024-12-01,31-295,TAM,@,CAR,W 26-23 (OT),4.20,8.20,8.2,6.2,35,43.8,0,0.0,0,0.0,WR,ShepSt00
2841,Darius Slayton,4.20,53,Sun,13,14,2022-12-11,25-333,NYG,,PHI,L 22-48,4.20,6.20,6.2,5.2,53,82.8,0,0.0,0,0.0,WR,SlayDa01
2842,Adam Thielen,4.20,60,Thu,9,10,2023-11-09,33-079,CAR,@,CHI,L 13-16,4.20,10.20,10.2,7.2,60,100.0,0,0.0,0,0.0,WR,ThieAd00
2843,Brian Thomas,4.20,49,Sun,9,9,2024-11-03,22-026,JAX,@,PHI,L 23-28,4.20,6.20,6.2,5.2,49,90.7,0,0.0,0,0.0,WR,ThomBr06
2844,Deven Thompkins,4.20,46,Sun,17,18,2023-01-08,23-016,TAM,@,ATL,L 17-30,4.20,8.20,8.2,6.2,46,83.6,0,0.0,10,35.7,WR,ThomDe07
2845,Justin Watson,4.20,31,Sun,2,2,2023-09-17,27-166,KAN,@,JAX,W 17-9,4.20,7.20,8.2,5.7,31,46.3,0,0.0,4,18.2,WR,WatsJu01
2846,Justin Watson,4.20,22,Sun,8,8,2023-10-29,27-208,KAN,@,DEN,L 9-24,4.20,6.20,6.2,5.2,22,36.1,0,0.0,3,13.6,WR,WatsJu01
2847,Cedrick Wilson Jr.,4.20,40,Sun,15,16,2023-12-24,28-034,MIA,,DAL,W 22-20,4.20,7.20,7.2,5.7,40,61.5,0,0.0,0,0.0,WR,WilsCe01
2848,Keenan Allen,4.10,66,Sun,10,11,2024-11-17,32-204,CHI,,GNB,L 19-20,4.10,8.10,8.1,6.1,66,91.7,0,0.0,0,0.0,WR,AlleKe00
2849,Kendrick Bourne,4.10,2,Sun,1,1,2022-09-11,27-038,NWE,@,MIA,L 7-20,4.10,5.10,5.1,4.6,2,3.5,0,0.0,1,5.3,WR,BourKe00
2850,Kendrick Bourne,4.10,54,Sun,9,9,2024-11-03,29-091,NWE,@,TEN,L 17-20 (OT),4.10,8.10,8.1,6.1,54,78.3,0,0.0,0,0.0,WR,BourKe00
2851,Jalen Brooks,4.10,19,Sun,11,12,2024-11-24,24-201,DAL,@,WAS,W 34-26,4.10,5.10,5.1,4.6,19,28.8,0,0.0,15,39.5,WR,BrooJa03
2852,Jermaine Burton,4.10,24,Sun,8,8,2024-10-27,23-121,CIN,,PHI,L 17-37,4.10,5.10,5.1,4.6,24,41.4,0,0.0,0,0.0,WR,BurtJe01
2853,Ja'Marr Chase,4.10,54,Sun,1,1,2023-09-10,23-193,CIN,@,CLE,L 3-24,4.10,9.10,9.1,6.6,54,96.4,0,0.0,0,0.0,WR,ChasJa00
2854,Ja'Marr Chase,4.10,63,Sun,8,9,2023-11-05,23-249,CIN,,BUF,W 24-18,4.10,8.10,8.1,6.1,63,90.0,0,0.0,0,0.0,WR,ChasJa00
2855,Ja'Marr Chase,4.10,54,Sun,16,17,2023-12-31,23-305,CIN,@,KAN,L 17-25,4.10,7.10,7.1,5.6,54,73.0,0,0.0,0,0.0,WR,ChasJa00
2856,Chase Claypool,4.10,64,Sun,7,7,2022-10-23,24-108,PIT,@,MIA,L 10-16,4.10,9.10,9.1,6.6,64,85.3,0,0.0,0,0.0,WR,ClayCh01
2857,Jalen Coker,4.10,53,Sun,10,10,2024-11-10,23-011,CAR,,NYG,W 20-17 (OT),4.10,7.10,7.1,5.6,53,88.3,0,0.0,0,0.0,WR,CokeJa01
2858,Keon Coleman,4.10,52,Sun,9,9,2024-11-03,21-170,BUF,,MIA,W 30-27,4.10,5.10,5.1,4.6,52,78.8,0,0.0,0,0.0,WR,ColeKe02
2859,Nico Collins,4.10,40,Sun,3,3,2022-09-25,23-190,HOU,@,CHI,L 20-23,4.10,6.10,6.1,5.1,40,67.8,0,0.0,0,0.0,WR,CollNi00
2860,Tank Dell,4.10,31,Sun,14,15,2024-12-15,25-047,HOU,,MIA,W 20-12,4.10,6.10,6.1,5.1,31,62.0,0,0.0,3,12.0,WR,DellNa00
2861,Ryan Flournoy,4.10,24,Sun,15,16,2024-12-22,25-056,DAL,,TAM,W 26-24,4.10,7.10,7.1,5.6,24,40.0,0,0.0,13,43.3,WR,FlouRy00
2862,Michael Gallup,4.10,45,Sun,10,11,2022-11-20,26-261,DAL,@,MIN,W 40-3,4.10,7.10,7.1,5.6,45,62.5,0,0.0,0,0.0,WR,GallMi00
2863,Xavier Gipson,4.10,51,Thu,16,17,2023-12-28,22-295,NYJ,@,CLE,L 20-37,4.10,8.10,8.1,6.1,51,69.9,0,0.0,8,26.7,WR,GipsXa00
2864,Isaiah Hodgins,4.10,43,Sun,9,10,2022-11-13,24-023,NYG,,HOU,W 24-16,4.10,6.10,6.1,5.1,43,62.3,0,0.0,0,0.0,WR,HodgIs00
2865,Isaiah Hodgins,4.10,13,Sun,5,5,2022-10-09,23-353,BUF,,PIT,W 38-3,4.10,8.10,8.1,6.1,13,23.2,0,0.0,0,0.0,WR,HodgIs00
2866,Mack Hollins,4.10,28,Sun,6,6,2023-10-15,30-029,ATL,,WAS,L 16-24,4.10,7.10,7.1,5.6,28,33.7,0,0.0,5,20.8,WR,HollMa00
2867,Andrei Iosivas,4.10,48,Mon,13,14,2024-12-09,25-055,CIN,@,DAL,W 27-20,4.10,8.10,8.1,6.1,48,67.6,0,0.0,0,0.0,WR,IosiAn00
2868,Rakim Jarrett,4.10,14,Sun,10,11,2023-11-19,22-299,TAM,@,SFO,L 14-27,4.10,5.10,5.1,4.6,14,19.7,0,0.0,5,22.7,WR,JarrRa00
2869,Van Jefferson,4.10,47,Sun,10,11,2022-11-20,26-117,LAR,@,NOR,L 20-27,4.10,7.10,7.1,5.6,47,73.4,0,0.0,0,0.0,WR,JeffVa00
2870,Christian Kirk,4.10,57,Sun,11,12,2022-11-27,26-009,JAX,,BAL,W 28-27,4.10,8.10,8.1,6.1,57,90.5,0,0.0,0,0.0,WR,KirkCh01
2871,Drake London,4.10,46,Sun,17,18,2024-01-07,22-167,ATL,@,NOR,L 17-48,4.10,8.10,8.1,6.1,46,75.4,0,0.0,0,0.0,WR,LondDr00
2872,Terry McLaurin,4.10,44,Sun,3,3,2023-09-24,28-009,WAS,,BUF,L 3-37,4.10,10.10,10.1,7.1,44,81.5,0,0.0,0,0.0,WR,McLaTe00
2873,Jakobi Meyers,4.10,68,Sun,15,16,2024-12-22,28-043,LVR,,JAX,W 19-14,4.10,6.10,6.1,5.1,68,91.9,0,0.0,0,0.0,WR,MeyeJa01
2874,Chris Moore,4.10,18,Sun,3,3,2023-09-24,30-100,TEN,@,CLE,L 3-27,4.10,6.10,6.1,5.1,18,37.5,0,0.0,8,33.3,WR,MoorCh00
2875,Elijah Moore,4.10,67,Mon,2,2,2023-09-18,23-175,CLE,@,PIT,L 22-26,4.10,7.10,7.1,5.6,67,77.0,0,0.0,0,0.0,WR,MoorEl00
2876,Elijah Moore,4.10,54,Sun,7,7,2024-10-20,24-207,CLE,,CIN,L 14-21,4.10,10.10,10.1,7.1,54,64.3,0,0.0,0,0.0,WR,MoorEl00
2877,Malik Nabers,4.10,54,Sun,7,7,2024-10-20,21-084,NYG,,PHI,L 3-28,4.10,8.10,8.1,6.1,54,93.1,0,0.0,0,0.0,WR,NabeMa00
2878,K.J. Osborn,4.10,65,Sun,5,5,2022-10-09,25-121,MIN,,CHI,W 29-22,4.10,9.10,9.1,6.6,65,82.3,0,0.0,0,0.0,WR,OsboKJ00
2879,Josh Palmer,4.10,30,Sat,16,17,2024-12-28,25-097,LAC,@,NWE,W 40-7,4.10,8.10,8.1,6.1,30,38.0,0,0.0,0,0.0,WR,PalmJo00
2880,Alec Pierce,4.10,67,Sun,8,8,2023-10-29,23-180,IND,,NOR,L 27-38,4.10,7.10,7.1,5.6,67,94.4,0,0.0,0,0.0,WR,PierAl00
2881,Alec Pierce,4.10,48,Sun,9,9,2024-11-03,24-185,IND,@,MIN,L 13-21,4.10,7.10,7.1,5.6,48,88.9,0,0.0,1,4.5,WR,PierAl00
2882,Josh Reynolds,4.10,38,Sat,14,15,2023-12-16,28-303,DET,,DEN,W 42-17,4.10,6.10,6.1,5.1,38,57.6,0,0.0,0,0.0,WR,ReynJo00
2883,Demarcus Robinson,4.10,55,Sun,12,13,2022-12-04,28-074,BAL,,DEN,W 10-9,4.10,11.10,11.1,7.6,55,76.4,0,0.0,0,0.0,WR,RobiDe01
2884,Rashid Shaheed,4.10,23,Sat,15,16,2022-12-24,24-115,NOR,@,CLE,W 17-10,4.10,8.10,8.1,6.1,23,42.6,0,0.0,8,36.4,WR,ShahRa00
2885,Rashid Shaheed,4.10,50,Sun,17,18,2023-01-08,24-130,NOR,,CAR,L 7-10,4.10,7.10,7.1,5.6,50,83.3,0,0.0,8,40.0,WR,ShahRa00
2886,Ben Skowronek,4.10,57,Sun,5,5,2022-10-09,25-104,LAR,,DAL,L 10-22,4.10,10.10,10.1,7.1,57,87.7,0,0.0,0,0.0,WR,SkowBe00
2887,Jaxon Smith-Njigba,4.10,42,Thu,11,12,2023-11-23,21-282,SEA,,SFO,L 13-31,4.10,6.10,6.1,5.1,42,75.0,0,0.0,0,0.0,WR,SmitJa06
2888,Jalen Tolbert,4.10,55,Thu,12,13,2024-11-28,25-275,DAL,,NYG,W 27-20,4.10,6.10,6.1,5.1,55,72.4,0,0.0,0,0.0,WR,TolbJa00
2889,Kadarius Toney,4.10,29,Sun,13,14,2023-12-10,24-317,KAN,,BUF,L 17-20,4.10,7.10,7.1,5.6,29,43.9,0,0.0,0,0.0,WR,ToneKa00
2890,Marquez Valdes-Scantling,4.10,51,Sun,1,1,2022-09-11,27-336,KAN,@,ARI,W 44-21,4.10,8.10,8.1,6.1,51,72.9,0,0.0,0,0.0,WR,ValdMa00
2891,Parker Washington,4.10,46,Sun,9,9,2024-11-03,22-227,JAX,@,PHI,L 23-28,4.10,7.10,7.1,5.6,46,85.2,0,0.0,2,8.7,WR,WashPa01
2892,Christian Watson,4.10,40,Sun,1,1,2022-09-11,23-122,GNB,@,MIN,L 7-23,4.10,6.10,6.1,5.1,40,65.6,0,0.0,1,4.3,WR,WatsCh00
2893,Justin Watson,4.10,24,Sun,16,17,2023-12-31,27-271,KAN,,CIN,W 25-17,4.10,5.10,5.1,4.6,24,44.4,0,0.0,4,14.8,WR,WatsJu01
2894,Nick Westbrook-Ikhine,4.10,40,Sun,11,12,2023-11-26,26-250,TEN,,CAR,W 17-10,4.10,8.10,8.1,6.1,40,75.5,0,0.0,6,25.0,WR,WestNi00
2895,Garrett Wilson,4.10,54,Sun,4,4,2022-10-02,22-072,NYJ,@,PIT,W 24-20,4.10,6.10,6.1,5.1,54,77.1,0,0.0,0,0.0,WR,WilsGa00
2896,Garrett Wilson,4.10,56,Sun,10,10,2024-11-10,24-111,NYJ,@,ARI,L 6-31,4.10,9.10,9.1,6.6,56,96.6,0,0.0,0,0.0,WR,WilsGa00
2897,Garrett Wilson,4.10,66,Sun,12,13,2024-12-01,24-132,NYJ,,SEA,L 21-26,4.10,9.10,9.1,6.6,66,97.1,0,0.0,0,0.0,WR,WilsGa00
2898,Davante Adams,4.00,61,Sun,3,3,2024-09-22,31-273,LVR,,CAR,L 22-36,4.00,8.00,8.0,6.0,61,95.3,0,0.0,0,0.0,WR,AdamDa01
2899,Nelson Agholor,4.00,37,Sun,6,6,2023-10-15,30-144,BAL,@,TEN,W 24-16,4.00,6.00,6.0,5.0,37,52.1,0,0.0,1,3.2,WR,AghoNe00
2900,Kevin Austin,4.00,43,Sun,12,13,2024-12-01,24-246,NOR,,LAR,L 14-21,4.00,7.00,7.0,5.5,43,61.4,0,0.0,5,23.8,WR,AustKe00
2901,Rashod Bateman,4.00,53,Sun,2,2,2024-09-15,24-291,BAL,,LVR,L 23-26,4.00,7.00,7.0,5.5,53,81.5,0,0.0,0,0.0,WR,BateRa00
2902,Lynn Bowden Jr.,4.00,46,Sun,11,12,2023-11-26,26-043,NOR,@,ATL,L 15-24,4.00,4.00,4.0,4.0,46,63.9,0,0.0,6,25.0,WR,BowdLy00
2903,A.J. Brown,4.00,60,Sun,10,11,2022-11-20,25-143,PHI,@,IND,W 17-16,4.00,9.00,10.0,6.5,60,88.2,0,0.0,0,0.0,WR,BrowAJ00
2904,Keon Coleman,4.00,65,Sun,17,18,2025-01-05,21-233,BUF,@,NWE,L 16-23,4.00,6.00,6.0,5.0,65,97.0,0,0.0,0,0.0,WR,ColeKe02
2905,Amari Cooper,4.00,51,Sun,12,13,2022-12-04,28-170,CLE,@,HOU,W 27-14,4.00,8.00,8.0,6.0,51,81.0,0,0.0,1,3.2,WR,CoopAm00
2906,Jahan Dotson,4.00,62,Sun,1,1,2023-09-10,23-172,WAS,,ARI,W 20-16,4.00,9.00,9.0,6.5,62,87.3,0,0.0,0,0.0,WR,DotsJa00
2907,Demario Douglas,4.00,33,Sun,1,1,2023-09-10,22-276,NWE,,PHI,L 20-25,4.00,8.00,8.0,6.0,33,41.3,0,0.0,0,0.0,WR,DougDe00
2908,Josh Downs,4.00,14,Sun,10,10,2023-11-12,22-092,IND,@,NWE,W 10-6,4.00,6.00,6.0,5.0,14,24.6,0,0.0,0,0.0,WR,DownJo00
2909,Mike Evans,4.00,74,Sun,9,9,2022-11-06,29-077,TAM,,LAR,W 16-13,4.00,9.00,9.0,6.5,74,88.1,0,0.0,0,0.0,WR,EvanMi00
2910,Mike Evans,4.00,26,Sun,4,4,2023-10-01,30-041,TAM,@,NOR,W 26-9,4.00,7.00,7.0,5.5,26,36.6,0,0.0,0,0.0,WR,EvanMi00
2911,Russell Gage,4.00,58,Sun,5,5,2022-10-09,26-260,TAM,,ATL,W 21-15,4.00,6.00,6.0,5.0,58,73.4,0,0.0,1,4.5,WR,GageRu00
2912,Michael Gallup,4.00,54,Sun,13,14,2022-12-11,26-282,DAL,,HOU,W 27-23,4.00,6.00,6.0,5.0,54,76.1,0,0.0,0,0.0,WR,GallMi00
2913,Tyreek Hill,4.00,46,Sun,3,3,2024-09-22,30-205,MIA,@,SEA,L 3-24,4.00,7.00,7.0,5.5,46,75.4,0,0.0,0,0.0,WR,HillTy00
2914,Mack Hollins,4.00,60,Sun,16,17,2023-01-01,29-107,LVR,,SFO,L 34-37 (OT),4.00,7.00,7.0,5.5,60,85.7,0,0.0,1,3.0,WR,HollMa00
2915,DeAndre Hopkins,4.00,39,Sun,2,2,2023-09-17,31-103,TEN,,LAC,W 27-24 (OT),4.00,8.00,8.0,6.0,39,60.0,0,0.0,0,0.0,WR,HopkDe00
2916,Richie James,4.00,53,Mon,3,3,2022-09-26,27-021,NYG,,DAL,L 16-23,4.00,8.00,8.0,6.0,53,73.6,0,0.0,4,13.8,WR,JameRi00
2917,Jauan Jennings,4.00,23,Sun,9,10,2022-11-13,25-126,SFO,,LAC,W 22-16,4.00,8.00,8.0,6.0,23,32.4,0,0.0,2,7.1,WR,JennJa00
2918,Jauan Jennings,4.00,45,Sun,11,12,2024-11-24,27-137,SFO,@,GNB,L 10-38,4.00,9.00,9.0,6.5,45,91.8,0,0.0,0,0.0,WR,JennJa00
2919,Zay Jones,4.00,65,Sun,9,9,2022-11-06,27-221,JAX,,LVR,W 27-20,4.00,9.00,9.0,6.5,65,94.2,0,0.0,0,0.0,WR,JoneZa00
2920,Christian Kirk,4.00,56,Sun,8,8,2022-10-30,25-346,JAX,,DEN,L 17-21,4.00,7.00,7.0,5.5,56,77.8,0,0.0,6,23.1,WR,KirkCh01
2921,Xavier Legette,4.00,59,Sun,10,10,2024-11-10,23-286,CAR,,NYG,W 20-17 (OT),4.00,7.00,7.0,5.5,59,98.3,0,0.0,4,13.3,WR,LegeXa00
2922,Drake London,4.00,39,Sun,6,6,2022-10-16,21-084,ATL,,SFO,W 28-14,4.00,7.00,7.0,5.5,39,67.2,0,0.0,0,0.0,WR,LondDr00
2923,D.K. Metcalf,4.00,58,Sun,17,18,2023-01-08,25-025,SEA,,LAR,W 19-16 (OT),4.00,7.00,7.0,5.5,58,82.9,0,0.0,0,0.0,WR,MetcDK00
2924,David Moore,4.00,63,Sun,12,13,2024-12-01,29-321,CAR,,TAM,L 23-26 (OT),4.00,9.00,9.0,6.5,63,90.0,0,0.0,1,2.8,WR,MoorDa03
2925,Rome Odunze,4.00,60,Sun,5,5,2024-10-06,22-125,CHI,,CAR,W 36-10,4.00,9.00,9.0,6.5,60,80.0,0,0.0,0,0.0,WR,OdunRo00
2926,Rome Odunze,4.00,53,Sun,6,6,2024-10-13,22-132,CHI,,JAX,W 35-16,4.00,6.00,6.0,5.0,53,80.3,0,0.0,0,0.0,WR,OdunRo00
2927,Chris Olave,4.00,36,Sun,10,10,2022-11-13,22-139,NOR,@,PIT,L 10-20,4.00,7.00,7.0,5.5,36,76.6,0,0.0,0,0.0,WR,OlavCh00
2928,Brandon Powell,4.00,25,Sun,6,6,2022-10-16,27-034,LAR,,CAR,W 24-10,4.00,8.00,8.0,6.0,25,38.5,0,0.0,12,46.2,WR,PoweBr00
2929,Kalif Raymond,4.00,57,Sun,10,11,2022-11-20,28-104,DET,@,NYG,W 31-18,4.00,7.00,7.0,5.5,57,85.1,0,0.0,5,19.2,WR,RaymKa00
2930,Jayden Reed,4.00,28,Sun,8,9,2023-11-05,23-191,GNB,,LAR,W 20-3,4.00,7.00,7.0,5.5,28,38.9,0,0.0,3,13.0,WR,ReedJa03
2931,Calvin Ridley,4.00,60,Sun,3,3,2023-09-24,28-278,JAX,,HOU,L 17-37,4.00,7.00,7.0,5.5,60,82.2,0,0.0,0,0.0,WR,RidlCa00
2932,Curtis Samuel,4.00,53,Mon,10,10,2022-11-14,26-095,WAS,@,PHI,W 32-21,4.00,6.00,6.0,5.0,53,63.9,0,0.0,0,0.0,WR,SamuCu00
2933,Laviska Shenault Jr.,4.00,7,Thu,6,6,2024-10-10,26-005,SEA,,SFO,L 24-36,4.00,4.00,5.0,4.0,7,9.0,0,0.0,14,46.7,WR,ShenLa00
2934,Jaxon Smith-Njigba,4.00,44,Sun,10,11,2023-11-19,21-278,SEA,@,LAR,L 16-17,4.00,7.00,7.0,5.5,44,67.7,0,0.0,0,0.0,WR,SmitJa06
2935,Sammy Watkins,4.00,17,Sat,15,16,2022-12-24,29-193,BAL,,ATL,W 17-9,4.00,5.00,5.0,4.5,17,32.7,0,0.0,0,0.0,WR,WatkSa00
2936,Nick Westbrook-Ikhine,4.00,33,Sun,3,3,2022-09-25,25-188,TEN,,LVR,W 24-22,4.00,7.00,7.0,5.5,33,56.9,0,0.0,2,8.3,WR,WestNi00
2937,Jameson Williams,4.00,18,Sun,16,17,2023-01-01,21-281,DET,,CHI,W 41-10,4.00,4.00,4.0,4.0,18,25.4,0,0.0,0,0.0,WR,WillJa11
2938,Robert Woods,4.00,35,Sun,11,12,2023-11-26,31-230,HOU,,JAX,L 21-24,4.00,6.00,6.0,5.0,35,58.3,0,0.0,0,0.0,WR,WoodRo02
2939,Robert Woods,4.00,64,Sat,17,18,2023-01-07,30-272,TEN,@,JAX,L 16-20,4.00,8.00,8.0,6.0,64,85.3,0,0.0,4,16.7,WR,WoodRo02
2940,Jordan Addison,3.90,53,Mon,12,12,2023-11-27,21-304,MIN,,CHI,L 10-12,3.90,9.90,9.9,6.9,53,96.4,0,0.0,0,0.0,WR,AddiJo00
2941,Nelson Agholor,3.90,52,Sun,3,3,2023-09-24,30-123,BAL,,IND,L 19-22 (OT),3.90,7.90,7.9,5.9,52,72.2,0,0.0,1,2.8,WR,AghoNe00
2942,Nelson Agholor,3.90,57,Sat,17,18,2024-01-06,30-227,BAL,,PIT,L 10-17,3.90,8.90,8.9,6.4,57,100.0,0,0.0,0,0.0,WR,AghoNe00
2943,Keenan Allen,3.90,61,Sun,7,8,2024-10-27,32-183,CHI,@,WAS,L 15-18,3.90,5.90,5.9,4.9,61,96.8,0,0.0,0,0.0,WR,AlleKe00
2944,Robbie Chosen,3.90,5,Sun,10,11,2023-11-19,30-194,MIA,,LVR,W 20-13,3.90,5.90,5.9,4.9,5,7.1,0,0.0,0,0.0,WR,AndeRo04
2945,Tutu Atwell,3.90,22,Sun,12,13,2024-12-01,25-055,LAR,@,NOR,W 21-14,3.90,5.90,5.9,4.9,22,39.3,0,0.0,0,0.0,WR,AtweTu00
2946,Rashod Bateman,3.90,37,Sun,3,3,2022-09-25,22-300,BAL,@,NWE,W 37-26,3.90,5.90,6.9,4.9,37,61.7,0,0.0,0,0.0,WR,BateRa00
2947,Rashod Bateman,3.90,31,Sun,14,15,2023-12-17,24-018,BAL,@,JAX,W 23-7,3.90,6.90,6.9,5.4,31,44.3,0,0.0,0,0.0,WR,BateRa00
2948,Tyler Boyd,3.90,39,Sun,14,15,2024-12-15,30-030,TEN,,CIN,L 27-37,3.90,5.90,5.9,4.9,39,55.7,0,0.0,0,0.0,WR,BoydTy00
2949,Tyler Boyd,3.90,59,Mon,3,3,2023-09-25,28-314,CIN,,LAR,W 19-16,3.90,8.90,8.9,6.4,59,76.6,0,0.0,1,3.2,WR,BoydTy00
2950,Tyler Boyd,3.90,60,Sun,5,5,2023-10-08,28-327,CIN,@,ARI,W 34-20,3.90,9.90,9.9,6.9,60,73.2,0,0.0,0,0.0,WR,BoydTy00
2951,Jalen Brooks,3.90,24,Sun,9,10,2023-11-12,23-189,DAL,,NYG,W 49-17,3.90,7.90,7.9,5.9,24,30.8,0,0.0,16,51.6,WR,BrooJa03
2952,Dyami Brown,3.90,43,Sun,13,13,2024-12-01,25-030,WAS,,TEN,W 42-19,3.90,7.90,7.9,5.9,43,51.8,0,0.0,0,0.0,WR,BrowDy00
2953,Nico Collins,3.90,51,Sun,5,5,2023-10-08,24-203,HOU,@,ATL,L 19-21,3.90,6.90,6.9,5.4,51,87.9,0,0.0,0,0.0,WR,CollNi00
2954,Brandin Cooks,3.90,54,Sun,16,17,2023-01-01,29-098,HOU,,JAX,L 3-31,3.90,7.90,7.9,5.9,54,77.1,0,0.0,0,0.0,WR,CookBr00
2955,Gabriel Davis,3.90,47,Sun,16,18,2023-01-08,23-282,BUF,,NWE,W 35-23,3.90,6.90,6.9,5.4,47,79.7,0,0.0,0,0.0,WR,DaviGa01
2956,Romeo Doubs,3.90,65,Sun,4,4,2024-09-29,24-169,GNB,,MIN,L 29-31,3.90,7.90,7.9,5.9,65,85.5,0,0.0,0,0.0,WR,DoubRo00
2957,Demario Douglas,3.90,43,Sun,15,16,2024-12-22,24-014,NWE,@,BUF,L 21-24,3.90,7.90,7.9,5.9,43,58.9,0,0.0,0,0.0,WR,DougDe00
2958,Josh Downs,3.90,66,Sun,15,16,2023-12-24,22-134,IND,@,ATL,L 10-29,3.90,9.90,9.9,6.9,66,93.0,0,0.0,10,35.7,WR,DownJo00
2959,Devin Duvernay,3.90,56,Sun,11,12,2022-11-27,25-076,BAL,@,JAX,L 27-28,3.90,6.90,6.9,5.4,56,77.8,0,0.0,9,33.3,WR,DuveDe00
2960,D'Wayne Eskridge,3.90,13,Sun,6,6,2022-10-16,25-207,SEA,,ARI,W 19-9,3.90,6.90,6.9,5.4,13,19.1,0,0.0,3,11.5,WR,EskrDW00
2961,Russell Gage,3.90,41,Sun,7,7,2022-10-23,26-274,TAM,@,CAR,L 3-21,3.90,7.90,7.9,5.9,41,61.2,0,0.0,0,0.0,WR,GageRu00
2962,Michael Gallup,3.90,68,Thu,16,17,2022-12-29,26-300,DAL,@,TEN,W 27-13,3.90,6.90,6.9,5.4,68,85.0,0,0.0,0,0.0,WR,GallMi00
2963,Chris Godwin,3.90,57,Sun,10,11,2023-11-19,27-265,TAM,@,SFO,L 14-27,3.90,9.90,9.9,6.9,57,80.3,0,0.0,0,0.0,WR,GodwCh00
2964,Marvin Harrison Jr.,3.90,57,Sun,15,16,2024-12-22,22-133,ARI,@,CAR,L 30-36 (OT),3.90,7.90,7.9,5.9,57,81.4,0,0.0,0,0.0,WR,HarrMa09
2965,Tee Higgins,3.90,56,Mon,3,3,2024-09-23,25-249,CIN,,WAS,L 33-38,3.90,6.90,6.9,5.4,56,90.3,0,0.0,0,0.0,WR,HiggTe00
2966,Kendall Hinton,3.90,30,Sun,4,4,2022-10-02,25-225,DEN,@,LVR,L 23-32,3.90,5.90,5.9,4.9,30,56.6,0,0.0,7,21.9,WR,HintKe00
2967,Jalin Hyatt,3.90,55,Sun,10,10,2024-11-10,23-046,NYG,@,CAR,L 17-20 (OT),3.90,7.90,7.9,5.9,55,73.3,0,0.0,0,0.0,WR,HyatJa00
2968,Andrei Iosivas,3.90,53,Sun,5,5,2024-10-06,24-357,CIN,,BAL,L 38-41 (OT),3.90,4.90,4.9,4.4,53,79.1,0,0.0,0,0.0,WR,IosiAn00
2969,Van Jefferson,3.90,64,Sun,12,13,2022-12-04,26-131,LAR,,SEA,L 23-27,3.90,5.90,5.9,4.9,64,100.0,0,0.0,0,0.0,WR,JeffVa00
2970,Van Jefferson,3.90,18,Thu,11,12,2024-11-21,28-118,PIT,@,CLE,L 19-24,3.90,5.90,5.9,4.9,18,26.1,0,0.0,0,0.0,WR,JeffVa00
2971,Christian Kirk,3.90,46,Sun,6,6,2024-10-13,27-330,JAX,@,CHI,L 16-35,3.90,6.90,6.9,5.4,46,74.2,0,0.0,0,0.0,WR,KirkCh01
2972,CeeDee Lamb,3.90,51,Thu,12,13,2024-11-28,25-234,DAL,,NYG,W 27-20,3.90,5.90,5.9,4.9,51,67.1,0,0.0,0,0.0,WR,LambCe00
2973,Allen Lazard,3.90,61,Sun,3,3,2023-09-24,27-287,NYJ,,NWE,L 10-15,3.90,6.90,6.9,5.4,61,96.8,0,0.0,0,0.0,WR,LazaAl00
2974,Xavier Legette,3.90,62,Sun,13,14,2024-12-08,23-314,CAR,@,PHI,L 16-22,3.90,5.90,5.9,4.9,62,87.3,0,0.0,4,18.2,WR,LegeXa00
2975,Drake London,3.90,49,Sun,15,16,2023-12-24,22-153,ATL,,IND,W 29-10,3.90,6.90,6.9,5.4,49,76.6,0,0.0,0,0.0,WR,LondDr00
2976,Racey McMath,3.90,15,Thu,16,17,2022-12-29,23-198,TEN,,DAL,L 13-27,3.90,4.90,4.9,4.4,15,23.1,0,0.0,7,28.0,WR,McMaRa00
2977,Ryan Miller,3.90,32,Sun,6,6,2024-10-13,24-236,TAM,@,NOR,W 51-27,3.90,4.90,4.9,4.4,32,41.6,0,0.0,5,13.5,WR,MillRy01
2978,Chris Moore,3.90,38,Sun,14,15,2023-12-17,30-184,TEN,,HOU,L 16-19 (OT),3.90,6.90,6.9,5.4,38,60.3,0,0.0,10,32.3,WR,MoorCh00
2979,David Moore,3.90,50,Sun,8,8,2024-10-27,29-286,CAR,@,DEN,L 14-28,3.90,7.90,7.9,5.9,50,82.0,0,0.0,1,4.2,WR,MoorDa03
2980,Rome Odunze,3.90,66,Sun,11,12,2024-11-24,22-174,CHI,,MIN,L 27-30 (OT),3.90,8.90,8.9,6.4,66,86.8,0,0.0,0,0.0,WR,OdunRo00
2981,Rome Odunze,3.90,53,Mon,14,15,2024-12-16,22-196,CHI,@,MIN,L 12-30,3.90,5.90,5.9,4.9,53,79.1,0,0.0,0,0.0,WR,OdunRo00
2982,Gunner Olszewski,3.90,31,Sun,10,11,2022-11-20,25-359,PIT,,CIN,L 30-37,3.90,5.90,5.9,4.9,31,42.5,0,0.0,15,41.7,WR,OlszGu00
2983,George Pickens,3.90,45,Thu,3,3,2022-09-22,21-202,PIT,@,CLE,L 17-29,3.90,6.90,6.9,5.4,45,76.3,0,0.0,1,3.6,WR,PickGe00
2984,Alec Pierce,3.90,40,Sun,12,12,2024-11-24,24-206,IND,,DET,L 6-24,3.90,4.90,4.9,4.4,40,72.7,0,0.0,0,0.0,WR,PierAl00
2985,Michael Pittman Jr.,3.90,52,Mon,15,16,2022-12-26,25-082,IND,,LAC,L 3-20,3.90,7.90,7.9,5.9,52,100.0,0,0.0,0,0.0,WR,PittMi01
2986,Hunter Renfrow,3.90,46,Sun,2,2,2022-09-18,26-271,LVR,,ARI,L 23-29 (OT),3.90,10.90,11.9,7.4,46,68.7,0,0.0,3,14.3,WR,RenfHu00
2987,Calvin Ridley,3.90,57,Sun,14,15,2023-12-17,28-362,JAX,,BAL,L 7-23,3.90,8.90,8.9,6.4,57,91.9,0,0.0,0,0.0,WR,RidlCa00
2988,Calvin Ridley,3.90,45,Sun,16,17,2023-12-31,29-011,JAX,,CAR,W 26-0,3.90,7.90,7.9,5.9,45,71.4,0,0.0,0,0.0,WR,RidlCa00
2989,Anthony Schwartz,3.90,23,Sun,1,1,2022-09-11,22-006,CLE,@,CAR,W 26-24,3.90,4.90,4.9,4.4,23,28.8,0,0.0,2,6.3,WR,SchwAn00
2990,Jaxon Smith-Njigba,3.90,56,Sun,3,3,2024-09-22,22-221,SEA,,MIA,W 24-3,3.90,6.90,6.9,5.4,56,87.5,0,0.0,0,0.0,WR,SmitJa06
2991,Equanimeous St. Brown,3.90,29,Sun,2,2,2022-09-18,25-353,CHI,@,GNB,L 10-27,3.90,5.90,5.9,4.9,29,70.7,0,0.0,0,0.0,WR,St.BEq00
2992,Tyquan Thornton,3.90,51,Sun,12,13,2023-12-03,23-087,NWE,,LAC,L 0-6,3.90,3.90,3.9,3.9,51,79.7,0,0.0,0,0.0,WR,ThorTy00
2993,Devaughn Vele,3.90,34,Sun,1,1,2024-09-08,26-271,DEN,@,SEA,L 20-26,3.90,11.90,11.9,7.9,34,49.3,0,0.0,0,0.0,WR,VeleDe00
2994,Jaylen Waddle,3.90,55,Thu,4,4,2022-09-29,23-308,MIA,@,CIN,L 15-27,3.90,5.90,5.9,4.9,55,85.9,0,0.0,0,0.0,WR,WaddJa00
2995,Christian Watson,3.90,52,Sun,8,8,2024-10-27,25-168,GNB,@,JAX,W 30-27,3.90,7.90,7.9,5.9,52,74.3,0,0.0,0,0.0,WR,WatsCh00
2996,Robert Woods,3.90,37,Mon,2,2,2022-09-19,30-162,TEN,@,BUF,L 7-41,3.90,7.90,7.9,5.9,37,66.1,0,0.0,1,3.7,WR,WoodRo02
2997,Kendrick Bourne,3.80,26,Sun,4,4,2022-10-02,27-059,NWE,@,GNB,L 24-27 (OT),3.80,5.80,5.8,4.8,26,44.8,0,0.0,0,0.0,WR,BourKe00
2998,Noah Brown,3.80,61,Sun,15,16,2023-12-24,27-352,HOU,,CLE,L 22-36,3.80,6.80,6.8,5.3,61,81.3,0,0.0,2,8.3,WR,BrowNo00
2999,Elijah Cooks,3.80,14,Sun,15,16,2023-12-24,25-072,JAX,@,TAM,L 12-30,3.80,6.80,6.8,5.3,14,21.2,0,0.0,9,45.0,WR,CookEl00
3000,River Cracraft,3.80,25,Sun,17,18,2025-01-05,30-065,MIA,@,NYJ,L 20-32,3.80,7.80,7.8,5.8,25,35.7,0,0.0,0,0.0,WR,CracRi00
3001,Corey Davis,3.80,45,Sun,5,5,2022-10-09,27-271,NYJ,,MIA,W 40-17,3.80,5.80,5.8,4.8,45,76.3,0,0.0,0,0.0,WR,DaviCo03
3002,Gabriel Davis,3.80,69,Thu,11,12,2022-11-24,23-237,BUF,@,DET,W 28-25,3.80,7.80,7.8,5.8,69,89.6,0,0.0,0,0.0,WR,DaviGa01
3003,Greg Dortch,3.80,43,Sun,4,4,2024-09-29,26-123,ARI,,WAS,L 14-42,3.80,7.80,7.8,5.8,43,72.9,0,0.0,1,4.3,WR,DortGr01
3004,Kendall Hinton,3.80,62,Sun,13,14,2022-12-11,25-295,DEN,,KAN,L 28-34,3.80,8.80,8.8,6.3,62,86.1,0,0.0,0,0.0,WR,HintKe00
3005,KhaDarel Hodge,3.80,20,Sun,1,1,2022-09-11,27-251,ATL,,NOR,L 26-27,3.80,6.80,6.8,5.3,20,26.7,0,0.0,20,62.5,WR,HodgKh00
3006,Justin Jefferson,3.80,36,Sun,17,18,2023-01-08,23-206,MIN,@,CHI,W 29-13,3.80,7.80,7.8,5.8,36,50.7,0,0.0,0,0.0,WR,JeffJu00
3007,Jerry Jeudy,3.80,62,Sun,16,17,2023-01-01,23-252,DEN,@,KAN,L 24-27,3.80,10.80,10.8,7.3,62,88.6,0,0.0,0,0.0,WR,JeudJe00
3008,Quentin Johnston,3.80,38,Sun,1,1,2024-09-08,23-002,LAC,,LVR,W 22-10,3.80,6.80,6.8,5.3,38,66.7,0,0.0,0,0.0,WR,JohnQu02
3009,Tyler Johnson,3.80,29,Sun,8,9,2024-11-03,26-070,LAR,@,SEA,W 26-20 (OT),3.80,6.80,6.8,5.3,29,37.7,0,0.0,0,0.0,WR,JohnTy00
3010,Julio Jones,3.80,55,Sun,13,14,2022-12-11,33-311,TAM,@,SFO,L 7-35,3.80,8.80,8.8,6.3,55,72.4,0,0.0,0,0.0,WR,JoneJu02
3011,Marvin Jones,3.80,57,Sun,1,1,2022-09-11,32-183,JAX,@,WAS,L 22-28,3.80,7.80,7.8,5.8,57,81.4,0,0.0,0,0.0,WR,JoneMa02
3012,Velus Jones Jr.,3.80,15,Sun,8,8,2022-10-30,25-172,CHI,@,DAL,L 29-49,3.80,4.80,4.8,4.3,15,19.0,0,0.0,8,27.6,WR,JoneVe00
3013,Tyler Lockett,3.80,42,Sun,6,7,2023-10-22,31-024,SEA,,ARI,W 20-10,3.80,7.80,7.8,5.8,42,70.0,0,0.0,0,0.0,WR,LockTy00
3014,Scott Miller,3.80,34,Sun,13,14,2024-12-08,27-130,PIT,,CLE,W 27-14,3.80,6.80,6.8,5.3,34,52.3,0,0.0,0,0.0,WR,MillSc01
3015,Darnell Mooney,3.80,67,Sun,6,6,2024-10-13,26-350,ATL,@,CAR,W 38-20,3.80,6.80,6.8,5.3,67,95.7,0,0.0,0,0.0,WR,MoonDa00
3016,Josh Palmer,3.80,43,Sun,5,6,2024-10-13,25-021,LAC,@,DEN,W 23-16,3.80,5.80,5.8,4.8,43,55.1,0,0.0,0,0.0,WR,PalmJo00
3017,Josh Palmer,3.80,57,Mon,11,12,2024-11-25,25-064,LAC,,BAL,L 23-30,3.80,6.80,6.8,5.3,57,82.6,0,0.0,0,0.0,WR,PalmJo00
3018,Alec Pierce,3.80,58,Sun,4,4,2023-10-01,23-152,IND,,LAR,L 23-29 (OT),3.80,4.80,4.8,4.3,58,90.6,0,0.0,0,0.0,WR,PierAl00
3019,Michael Pittman Jr.,3.80,64,Sun,7,7,2022-10-23,25-018,IND,@,TEN,L 10-19,3.80,9.80,10.8,6.8,64,100.0,0,0.0,0,0.0,WR,PittMi01
3020,Michael Pittman Jr.,3.80,73,Sun,14,15,2024-12-15,27-071,IND,@,DEN,L 13-31,3.80,9.80,10.8,6.8,73,96.1,0,0.0,0,0.0,WR,PittMi01
3021,Kalif Raymond,3.80,17,Thu,4,4,2023-09-28,29-051,DET,@,GNB,W 34-20,3.80,4.80,4.8,4.3,17,22.7,0,0.0,6,20.0,WR,RaymKa00
3022,Hunter Renfrow,3.80,28,Sun,12,12,2023-11-26,27-340,LVR,,KAN,L 17-31,3.80,7.80,7.8,5.8,28,48.3,0,0.0,0,0.0,WR,RenfHu00
3023,Wan'Dale Robinson,3.80,77,Sun,13,14,2024-12-08,23-338,NYG,,NOR,L 11-14,3.80,7.80,7.8,5.8,77,98.7,0,0.0,0,0.0,WR,RobiWa01
3024,Wan'Dale Robinson,3.80,52,Sun,14,15,2024-12-15,23-345,NYG,,BAL,L 14-35,3.80,7.80,7.8,5.8,52,76.5,0,0.0,0,0.0,WR,RobiWa01
3025,Curtis Samuel,3.80,58,Sun,4,4,2022-10-02,26-052,WAS,@,DAL,L 10-25,3.80,7.80,7.8,5.8,58,78.4,0,0.0,0,0.0,WR,SamuCu00
3026,Rashid Shaheed,3.80,15,Sun,8,8,2022-10-30,24-060,NOR,,LVR,W 24-0,3.80,6.80,6.8,5.3,15,23.4,0,0.0,7,36.8,WR,ShahRa00
3027,Laviska Shenault Jr.,3.80,21,Sun,13,14,2022-12-11,24-067,CAR,@,SEA,W 30-24,3.80,7.80,7.8,5.8,21,29.2,0,0.0,1,3.6,WR,ShenLa00
3028,JuJu Smith-Schuster,3.80,29,Sun,11,12,2022-11-27,26-005,KAN,,LAR,W 26-10,3.80,6.80,6.8,5.3,29,38.2,0,0.0,0,0.0,WR,SmitJu00
3029,Courtland Sutton,3.80,63,Sun,1,1,2024-09-08,28-334,DEN,@,SEA,L 20-26,3.80,7.80,7.8,5.8,63,91.3,0,0.0,0,0.0,WR,SuttCo00
3030,Adam Thielen,3.80,50,Sun,16,17,2023-12-31,33-131,CAR,@,JAX,L 0-26,3.80,9.80,9.8,6.8,50,92.6,0,0.0,0,0.0,WR,ThieAd00
3031,Kadarius Toney,3.80,19,Sun,2,2,2023-09-17,24-233,KAN,@,JAX,W 17-9,3.80,8.80,8.8,6.3,19,28.4,0,0.0,0,0.0,WR,ToneKa00
3032,Brandon Aiyuk,3.70,46,Mon,4,4,2022-10-03,24-200,SFO,,LAR,W 24-9,3.70,7.70,7.7,5.7,46,92.0,0,0.0,0,0.0,WR,AiyuBr00
3033,Brandon Aiyuk,3.70,46,Sun,14,15,2023-12-17,25-275,SFO,@,ARI,W 45-29,3.70,6.70,6.7,5.2,46,82.1,0,0.0,1,3.2,WR,AiyuBr00
3034,Brandon Aiyuk,3.70,62,Thu,6,6,2024-10-10,26-207,SFO,@,SEA,W 36-24,3.70,5.70,5.7,4.7,62,95.4,0,0.0,0,0.0,WR,AiyuBr00
3035,Tutu Atwell,3.70,36,Sun,17,18,2025-01-05,25-090,LAR,,SEA,L 25-30,3.70,8.70,8.7,6.2,36,54.5,0,0.0,0,0.0,WR,AtweTu00
3036,Calvin Austin III,3.70,35,Sun,1,1,2023-09-10,24-170,PIT,,SFO,L 7-30,3.70,9.70,9.7,6.7,35,55.6,0,0.0,2,7.7,WR,AustCa00
3037,Odell Beckham Jr.,3.70,59,Sun,1,1,2023-09-10,30-309,BAL,,HOU,W 25-9,3.70,5.70,5.7,4.7,59,92.2,0,0.0,0,0.0,WR,BeckOd00
3038,Braxton Berrios,3.70,39,Sun,1,1,2022-09-11,26-340,NYJ,,BAL,L 9-24,3.70,8.70,8.7,6.2,39,46.4,0,0.0,11,40.7,WR,BerrBr00
3039,Tyler Boyd,3.70,47,Sun,12,13,2024-12-01,30-016,TEN,@,WAS,L 19-42,3.70,6.70,6.7,5.2,47,85.5,0,0.0,0,0.0,WR,BoydTy00
3040,Tyler Boyd,3.70,57,Sun,2,2,2022-09-18,27-307,CIN,@,DAL,L 17-20,3.70,5.70,5.7,4.7,57,81.4,0,0.0,0,0.0,WR,BoydTy00
3041,Noah Brown,3.70,35,Sun,6,6,2023-10-15,27-282,HOU,,NOR,W 20-13,3.70,5.70,5.7,4.7,35,55.6,0,0.0,3,11.5,WR,BrowNo00
3042,Parris Campbell,3.70,71,Sun,1,1,2022-09-11,25-057,IND,@,HOU,T 20-20 (OT),3.70,6.70,6.7,5.2,71,77.2,0,0.0,0,0.0,WR,CampPa00
3043,DeAndre Carter,3.70,67,Sun,7,7,2022-10-23,29-196,LAC,,SEA,L 23-37,3.70,6.70,6.7,5.2,67,94.4,0,0.0,10,34.5,WR,CartDe02
3044,Randall Cobb,3.70,20,Sun,2,2,2022-09-18,32-027,GNB,,CHI,W 27-10,3.70,6.70,6.7,5.2,20,29.4,0,0.0,0,0.0,WR,CobbRa00
3045,Brandin Cooks,3.70,63,Sun,13,14,2023-12-10,30-076,DAL,,PHI,W 33-13,3.70,5.70,5.7,4.7,63,76.8,0,0.0,0,0.0,WR,CookBr00
3046,Amari Cooper,3.70,46,Sun,1,1,2023-09-10,29-085,CLE,,CIN,W 24-3,3.70,6.70,6.7,5.2,46,62.2,0,0.0,0,0.0,WR,CoopAm00
3047,Jacob Cowing,3.70,50,Sun,17,18,2025-01-05,23-336,SFO,@,ARI,L 24-47,3.70,5.70,5.7,4.7,50,65.8,0,0.0,12,36.4,WR,CowiJa00
3048,Gabriel Davis,3.70,88,Sun,3,3,2022-09-25,23-177,BUF,@,MIA,L 19-21,3.70,6.70,6.7,5.2,88,95.7,0,0.0,0,0.0,WR,DaviGa01
3049,Stefon Diggs,3.70,46,Sun,13,14,2022-12-11,29-012,BUF,,NYJ,W 20-12,3.70,6.70,6.7,5.2,46,78.0,0,0.0,1,3.3,WR,DiggSt00
3050,Stefon Diggs,3.70,50,Sun,2,2,2024-09-15,30-291,HOU,,CHI,W 19-13,3.70,7.70,7.7,5.7,50,80.6,0,0.0,0,0.0,WR,DiggSt00
3051,Jahan Dotson,3.70,53,Sun,16,17,2023-01-01,22-285,WAS,,CLE,L 10-24,3.70,6.70,6.7,5.2,53,76.8,0,0.0,0,0.0,WR,DotsJa00
3052,Romeo Doubs,3.70,48,Thu,11,12,2023-11-23,23-224,GNB,@,DET,W 29-22,3.70,6.70,6.7,5.2,48,85.7,0,0.0,1,4.3,WR,DoubRo00
3053,Josh Downs,3.70,43,Sun,2,2,2023-09-17,22-036,IND,@,HOU,W 31-20,3.70,7.70,7.7,5.7,43,75.4,0,0.0,0,0.0,WR,DownJo00
3054,Chris Godwin,3.70,77,Sun,9,9,2022-11-06,26-252,TAM,,LAR,W 16-13,3.70,10.70,10.7,7.2,77,91.7,0,0.0,0,0.0,WR,GodwCh00
3055,Isaiah Hodgins,3.70,56,Sun,14,15,2022-12-18,24-058,NYG,@,WAS,W 20-12,3.70,7.70,7.7,5.7,56,88.9,0,0.0,0,0.0,WR,HodgIs00
3056,DeAndre Hopkins,3.70,36,Sat,15,16,2024-12-21,32-198,KAN,,HOU,W 27-19,3.70,7.70,7.7,5.7,36,48.6,0,0.0,0,0.0,WR,HopkDe00
3057,Lil'Jordan Humphrey,3.70,50,Sun,3,3,2024-09-22,26-156,DEN,@,TAM,W 26-7,3.70,9.70,9.7,6.7,50,73.5,0,0.0,0,0.0,WR,HumpLi01
3058,Trenton Irwin,3.70,26,Sat,15,16,2023-12-23,28-013,CIN,@,PIT,L 11-34,3.70,7.70,7.7,5.7,26,40.6,0,0.0,0,0.0,WR,IrwiTr00
3059,Jauan Jennings,3.70,38,Sun,2,2,2024-09-15,27-067,SFO,@,MIN,L 17-23,3.70,5.70,5.7,4.7,38,54.3,0,0.0,0,0.0,WR,JennJa00
3060,Cooper Kupp,3.70,27,Sun,2,2,2024-09-15,31-092,LAR,@,ARI,L 10-41,3.70,7.70,7.7,5.7,27,51.9,0,0.0,0,0.0,WR,KuppCo00
3061,Jarvis Landry,3.70,37,Sun,10,10,2022-11-13,29-350,NOR,@,PIT,L 10-20,3.70,6.70,6.7,5.2,37,78.7,0,0.0,0,0.0,WR,LandJa00
3062,Ray-Ray McCloud,3.70,58,Sun,3,3,2024-09-22,27-343,ATL,,KAN,L 17-22,3.70,5.70,5.7,4.7,58,95.1,0,0.0,6,25.0,WR,McClRa00
3063,Isaiah McKenzie,3.70,31,Mon,2,2,2022-09-19,27-163,BUF,,TEN,W 41-7,3.70,5.70,5.7,4.7,31,45.6,0,0.0,2,7.4,WR,McKeIs00
3064,Terry McLaurin,3.70,56,Sun,16,17,2023-01-01,27-108,WAS,,CLE,L 10-24,3.70,5.70,5.7,4.7,56,81.2,0,0.0,0,0.0,WR,McLaTe00
3065,Bub Means,3.70,62,Thu,7,7,2024-10-17,23-281,NOR,,DEN,L 10-33,3.70,6.70,6.7,5.2,62,88.6,0,0.0,8,27.6,WR,MeanBu00
3066,Jonathan Mingo,3.70,41,Sun,5,5,2024-10-06,23-169,CAR,@,CHI,L 10-36,3.70,5.70,5.7,4.7,41,68.3,0,0.0,7,26.9,WR,MingJo00
3067,Darnell Mooney,3.70,62,Sun,16,17,2024-12-29,27-061,ATL,@,WAS,L 24-30 (OT),3.70,5.70,5.7,4.7,62,96.9,0,0.0,0,0.0,WR,MoonDa00
3068,K.J. Osborn,3.70,65,Sun,9,10,2022-11-13,25-156,MIN,@,BUF,W 33-30 (OT),3.70,7.70,7.7,5.7,65,78.3,0,0.0,0,0.0,WR,OsboKJ00
3069,Ricky Pearsall,3.70,46,Sun,15,16,2024-12-22,24-104,SFO,@,MIA,L 17-29,3.70,7.70,7.7,5.7,46,71.9,0,0.0,0,0.0,WR,PearRi00
3070,George Pickens,3.70,53,Sun,10,11,2023-11-19,22-260,PIT,@,CLE,L 10-13,3.70,7.70,7.7,5.7,53,91.4,0,0.0,0,0.0,WR,PickGe00
3071,Alec Pierce,3.70,62,Sun,7,7,2022-10-23,22-174,IND,@,TEN,L 10-19,3.70,6.70,6.7,5.2,62,96.9,0,0.0,0,0.0,WR,PierAl00
3072,Kalif Raymond,3.70,26,Sun,15,16,2023-12-24,29-138,DET,@,MIN,W 30-24,3.70,5.70,5.7,4.7,26,32.9,0,0.0,3,11.5,WR,RaymKa00
3073,Demarcus Robinson,3.70,52,Sun,4,4,2024-09-29,30-008,LAR,@,CHI,L 18-24,3.70,5.70,5.7,4.7,52,85.2,0,0.0,0,0.0,WR,RobiDe01
3074,Wan'Dale Robinson,3.70,37,Sun,11,11,2023-11-19,22-318,NYG,@,WAS,W 31-19,3.70,6.70,6.7,5.2,37,67.3,0,0.0,0,0.0,WR,RobiWa01
3075,Amari Rodgers,3.70,14,Sat,15,16,2022-12-24,23-092,HOU,@,TEN,W 19-14,3.70,4.70,4.7,4.2,14,20.9,0,0.0,0,0.0,WR,RodgAm00
3076,David Sills,3.70,67,Sun,2,2,2022-09-18,26-112,NYG,,CAR,W 19-16,3.70,6.70,6.7,5.2,67,91.8,0,0.0,0,0.0,WR,SillDa01
3077,DJ Turner,3.70,42,Sun,6,6,2024-10-13,27-269,LVR,,PIT,L 13-32,3.70,5.70,5.7,4.7,42,66.7,0,0.0,2,8.0,WR,TurnDJ00
3078,Marquez Valdes-Scantling,3.70,41,Sun,3,3,2023-09-24,28-349,KAN,,CHI,W 41-10,3.70,4.70,4.7,4.2,41,53.2,0,0.0,0,0.0,WR,ValdMa00
3079,Jaylen Waddle,3.70,53,Sun,10,11,2024-11-17,25-358,MIA,,LVR,W 34-19,3.70,5.70,5.7,4.7,53,77.9,0,0.0,0,0.0,WR,WaddJa00
3080,Quez Watkins,3.70,37,Sun,12,13,2022-12-04,24-178,PHI,,TEN,W 35-10,3.70,8.70,8.7,6.2,37,50.7,0,0.0,0,0.0,WR,WatkQu00
3081,Christian Watson,3.70,56,Sun,8,9,2023-11-05,24-177,GNB,,LAR,W 20-3,3.70,4.70,4.7,4.2,56,77.8,0,0.0,0,0.0,WR,WatsCh00
3082,Justin Watson,3.70,26,Sun,8,9,2022-11-06,26-216,KAN,,TEN,W 20-17 (OT),3.70,5.70,5.7,4.7,26,26.0,0,0.0,1,3.2,WR,WatsJu01
3083,Nick Westbrook-Ikhine,3.70,69,Sun,16,17,2024-12-29,27-283,TEN,@,JAX,L 13-20,3.70,6.70,6.7,5.2,69,100.0,0,0.0,0,0.0,WR,WestNi00
3084,Robert Woods,3.70,54,Sun,5,5,2022-10-09,30-182,TEN,@,WAS,W 21-17,3.70,7.70,7.7,5.7,54,84.4,0,0.0,6,21.4,WR,WoodRo02
3085,Jordan Addison,3.60,65,Sun,5,5,2024-10-06,22-253,MIN,,NYJ,W 23-17,3.60,6.60,6.6,5.1,65,89.0,0,0.0,0,0.0,WR,AddiJo00
3086,Keenan Allen,3.60,69,Sun,8,9,2024-11-03,32-190,CHI,@,ARI,L 9-29,3.60,7.60,7.6,5.6,69,93.2,0,0.0,0,0.0,WR,AlleKe00
3087,Calvin Austin III,3.60,24,Sun,6,6,2024-10-13,25-203,PIT,@,LVR,W 32-13,3.60,5.60,5.6,4.6,24,35.8,0,0.0,5,20.0,WR,AustCa00
3088,Calvin Austin III,3.60,34,Sun,7,7,2024-10-20,25-210,PIT,,NYJ,W 37-15,3.60,4.60,4.6,4.1,34,50.0,0,0.0,4,13.8,WR,AustCa00
3089,Kevin Austin,3.60,26,Sun,10,10,2024-11-10,24-225,NOR,,ATL,W 20-17,3.60,5.60,5.6,4.6,26,49.1,0,0.0,4,14.8,WR,AustKe00
3090,Rashod Bateman,3.60,29,Sun,7,7,2023-10-22,23-327,BAL,,DET,W 38-6,3.60,5.60,5.6,4.6,29,48.3,0,0.0,0,0.0,WR,BateRa00
3091,Kendrick Bourne,3.60,29,Sun,4,4,2023-10-01,28-058,NWE,@,DAL,L 3-38,3.60,5.60,5.6,4.6,29,52.7,0,0.0,0,0.0,WR,BourKe00
3092,A.J. Brown,3.60,37,Sun,8,9,2024-11-03,27-126,PHI,,JAX,W 28-23,3.60,5.60,5.6,4.6,37,46.8,0,0.0,0,0.0,WR,BrowAJ00
3093,Dyami Brown,3.60,24,Sun,12,12,2024-11-24,25-023,WAS,,DAL,L 26-34,3.60,5.60,5.6,4.6,24,34.3,0,0.0,8,21.1,WR,BrowDy00
3094,Dyami Brown,3.60,45,Sun,15,16,2024-12-22,25-051,WAS,,PHI,W 36-33,3.60,7.60,8.6,5.6,45,66.2,0,0.0,0,0.0,WR,BrowDy00
3095,Marquez Callaway,3.60,54,Sun,6,6,2022-10-16,24-203,NOR,,CIN,L 26-30,3.60,6.60,6.6,5.1,54,75.0,0,0.0,1,3.4,WR,CallMa01
3096,Jalen Coker,3.60,24,Sun,9,9,2024-11-03,23-004,CAR,,NOR,W 23-22,3.60,5.60,5.6,4.6,24,45.3,0,0.0,0,0.0,WR,CokeJa01
3097,Jahan Dotson,3.60,42,Sun,8,9,2024-11-03,24-226,PHI,,JAX,W 28-23,3.60,4.60,4.6,4.1,42,53.2,0,0.0,0,0.0,WR,DotsJa00
3098,Romeo Doubs,3.60,40,Sun,15,16,2022-12-25,22-256,GNB,@,MIA,W 26-20,3.60,6.60,6.6,5.1,40,60.6,0,0.0,2,7.7,WR,DoubRo00
3099,Romeo Doubs,3.60,62,Sun,8,9,2023-11-05,23-206,GNB,,LAR,W 20-3,3.60,6.60,6.6,5.1,62,86.1,0,0.0,0,0.0,WR,DoubRo00
3100,A.J. Green,3.60,74,Sun,2,2,2022-09-18,34-049,ARI,@,LVR,W 29-23 (OT),3.60,6.60,6.6,5.1,74,85.1,0,0.0,0,0.0,WR,GreeA.00
3101,Marvin Harrison Jr.,3.60,44,Sun,5,5,2024-10-06,22-056,ARI,@,SFO,W 24-23,3.60,5.60,5.6,4.6,44,75.9,0,0.0,0,0.0,WR,HarrMa09
3102,Tee Higgins,3.60,57,Mon,12,13,2023-12-04,24-320,CIN,@,JAX,W 34-31 (OT),3.60,6.60,6.6,5.1,57,78.1,0,0.0,0,0.0,WR,HiggTe00
3103,Tyreek Hill,3.60,52,Thu,2,2,2024-09-12,30-195,MIA,,BUF,L 10-31,3.60,6.60,6.6,5.1,52,68.4,0,0.0,0,0.0,WR,HillTy00
3104,Tyreek Hill,3.60,63,Sun,14,15,2024-12-15,30-289,MIA,@,HOU,L 12-20,3.60,5.60,5.6,4.6,63,92.6,0,0.0,0,0.0,WR,HillTy00
3105,Isaiah Hodgins,3.60,53,Sun,17,18,2024-01-07,25-078,NYG,,PHI,W 27-10,3.60,6.60,6.6,5.1,53,79.1,0,0.0,0,0.0,WR,HodgIs00
3106,Mack Hollins,3.60,14,Sun,9,9,2023-11-05,30-050,ATL,,MIN,L 28-31,3.60,6.60,6.6,5.1,14,20.3,0,0.0,6,18.2,WR,HollMa00
3107,DeAndre Hopkins,3.60,34,Sun,14,15,2024-12-15,32-192,KAN,@,CLE,W 21-7,3.60,8.60,8.6,6.1,34,45.3,0,0.0,0,0.0,WR,HopkDe00
3108,Andrei Iosivas,3.60,46,Sat,15,16,2023-12-23,24-069,CIN,@,PIT,L 11-34,3.60,7.60,7.6,5.6,46,71.9,0,0.0,0,0.0,WR,IosiAn00
3109,Andrei Iosivas,3.60,35,Sun,6,6,2024-10-13,24-364,CIN,@,NYG,W 17-7,3.60,5.60,5.6,4.6,35,66.0,0,0.0,0,0.0,WR,IosiAn00
3110,Trenton Irwin,3.60,58,Thu,10,11,2023-11-16,27-341,CIN,@,BAL,L 20-34,3.60,6.60,6.6,5.1,58,95.1,0,0.0,0,0.0,WR,IrwiTr00
3111,Diontae Johnson,3.60,61,Sun,6,6,2022-10-16,26-103,PIT,,TAM,W 20-18,3.60,8.60,8.6,6.1,61,95.3,0,0.0,0,0.0,WR,JohnDi01
3112,Marcus Johnson,3.60,60,Sun,17,18,2023-01-08,28-156,NYG,@,PHI,L 16-22,3.60,6.60,6.6,5.1,60,95.2,0,0.0,13,46.4,WR,JohnMa07
3113,Drake London,3.60,55,Sun,10,10,2023-11-12,22-111,ATL,@,ARI,L 23-25,3.60,6.60,6.6,5.1,55,77.5,0,0.0,0,0.0,WR,LondDr00
3114,Ray-Ray McCloud,3.60,77,Sun,10,10,2024-11-10,28-026,ATL,@,NOR,L 17-20,3.60,6.60,6.6,5.1,77,98.7,0,0.0,5,18.5,WR,McClRa00
3115,Bub Means,3.60,14,Sun,8,8,2024-10-27,23-291,NOR,@,LAC,L 8-26,3.60,4.60,4.6,4.1,14,19.2,0,0.0,0,0.0,WR,MeanBu00
3116,Adonai Mitchell,3.60,55,Sun,15,16,2024-12-22,22-075,IND,,TEN,W 38-30,3.60,4.60,4.6,4.1,55,88.7,0,0.0,0,0.0,WR,MitcAd00
3117,Elijah Moore,3.60,56,Sat,17,18,2025-01-04,24-283,CLE,@,BAL,L 10-35,3.60,6.60,6.6,5.1,56,94.9,0,0.0,0,0.0,WR,MoorEl00
3118,Rondale Moore,3.60,50,Sun,15,16,2023-12-24,23-198,ARI,@,CHI,L 16-27,3.60,5.60,5.6,4.6,50,82.0,0,0.0,0,0.0,WR,MoorRo02
3119,Rondale Moore,3.60,40,Sun,17,18,2024-01-07,23-212,ARI,,SEA,L 20-21,3.60,7.60,7.6,5.6,40,57.1,0,0.0,0,0.0,WR,MoorRo02
3120,Josh Palmer,3.60,44,Sun,4,4,2024-09-29,25-007,LAC,,KAN,L 10-17,3.60,6.60,6.6,5.1,44,78.6,0,0.0,0,0.0,WR,PalmJo00
3121,Josh Palmer,3.60,31,Sun,9,10,2024-11-10,25-049,LAC,,TEN,W 27-17,3.60,4.60,4.6,4.1,31,52.5,0,0.0,0,0.0,WR,PalmJo00
3122,George Pickens,3.60,56,Sun,1,1,2023-09-10,22-190,PIT,,SFO,L 7-30,3.60,8.60,8.6,6.1,56,88.9,0,0.0,0,0.0,WR,PickGe00
3123,Michael Pittman Jr.,3.60,47,Sun,3,3,2024-09-22,26-353,IND,,CHI,W 21-16,3.60,7.60,7.6,5.6,47,83.9,0,0.0,0,0.0,WR,PittMi01
3124,Josh Reynolds,3.60,35,Sun,3,3,2024-09-22,29-219,DEN,@,TAM,W 26-7,3.60,5.60,5.6,4.6,35,51.5,0,0.0,0,0.0,WR,ReynJo00
3125,Allen Robinson,3.60,40,Sat,15,16,2023-12-23,30-121,PIT,,CIN,W 34-11,3.60,7.60,7.6,5.6,40,67.8,0,0.0,0,0.0,WR,RobiAl02
3126,Rashid Shaheed,3.60,36,Sun,14,15,2023-12-17,25-108,NOR,,NYG,W 24-6,3.60,6.60,6.6,5.1,36,58.1,0,0.0,7,30.4,WR,ShahRa00
3127,Mike Strachan,3.60,11,Sun,1,1,2022-09-11,25-029,IND,@,HOU,T 20-20 (OT),3.60,5.60,5.6,4.6,11,12.0,0,0.0,0,0.0,WR,StraMi03
3128,Adam Thielen,3.60,59,Sun,1,1,2022-09-11,32-020,MIN,,GNB,W 23-7,3.60,6.60,6.6,5.1,59,95.2,0,0.0,0,0.0,WR,ThieAd00
3129,Tre Tucker,3.60,52,Sun,16,17,2023-12-31,22-298,LVR,@,IND,L 20-23,3.60,5.60,5.6,4.6,52,69.3,0,0.0,5,16.7,WR,TuckTr00
3130,KaVontae Turpin,3.60,17,Sun,8,9,2024-11-03,28-093,DAL,@,ATL,L 21-27,3.60,6.60,6.6,5.1,17,22.1,0,0.0,10,38.5,WR,TurpKa00
3131,Jaylen Waddle,3.60,43,Mon,4,4,2024-09-30,25-310,MIA,,TEN,L 12-31,3.60,7.60,7.6,5.6,43,71.7,0,0.0,0,0.0,WR,WaddJa00
3132,Sammy Watkins,3.60,28,Sun,7,7,2022-10-23,29-131,GNB,@,WAS,L 21-23,3.60,5.60,5.6,4.6,28,51.9,0,0.0,0,0.0,WR,WatkSa00
3133,Mike Williams,3.60,19,Sun,13,14,2024-12-08,30-065,PIT,,CLE,W 27-14,3.60,6.60,6.6,5.1,19,29.2,0,0.0,0,0.0,WR,WillMi07
3134,Olamide Zaccheaus,3.60,38,Sun,14,15,2024-12-15,27-145,WAS,@,NOR,W 20-19,3.60,6.60,6.6,5.1,38,48.7,0,0.0,0,0.0,WR,ZaccOl01
3135,Jordan Addison,3.50,28,Sun,1,1,2024-09-08,22-225,MIN,@,NYG,W 28-6,3.50,6.50,6.5,5.0,28,50.9,0,0.0,0,0.0,WR,AddiJo00
3136,Jamal Agnew,3.50,29,Thu,7,7,2023-10-19,28-199,JAX,@,NOR,W 31-24,3.50,7.50,7.5,5.5,29,51.8,0,0.0,10,31.3,WR,AgneJa00
3137,Rashod Bateman,3.50,25,Sun,1,1,2023-09-10,23-285,BAL,,HOU,W 25-9,3.50,6.50,6.5,5.0,25,39.1,0,0.0,0,0.0,WR,BateRa00
3138,David Bell,3.50,19,Sun,4,4,2022-10-02,21-292,CLE,@,ATL,L 20-23,3.50,5.50,5.5,4.5,19,26.0,0,0.0,11,42.3,WR,BellDa02
3139,Ja'Marr Chase,3.50,59,Sun,2,2,2024-09-15,24-198,CIN,@,KAN,L 25-26,3.50,7.50,7.5,5.5,59,92.2,0,0.0,0,0.0,WR,ChasJa00
3140,Jalen Coker,3.50,41,Sun,16,17,2024-12-29,23-060,CAR,@,TAM,L 14-48,3.50,5.50,5.5,4.5,41,87.2,0,0.0,0,0.0,WR,CokeJa01
3141,Amari Cooper,3.50,55,Sun,4,4,2024-09-29,30-104,CLE,@,LVR,L 16-20,3.50,7.50,7.5,5.5,55,93.2,0,0.0,0,0.0,WR,CoopAm00
3142,Britain Covey,3.50,35,Sun,17,18,2024-01-07,26-295,PHI,@,NYG,L 10-27,3.50,6.50,6.5,5.0,35,53.8,0,0.0,5,19.2,WR,CoveBr00
3143,Derius Davis,3.50,19,Sun,17,18,2024-01-07,23-118,LAC,,KAN,L 12-13,3.50,4.50,4.5,4.0,19,22.9,0,0.0,11,40.7,WR,DaviDe02
3144,Gabriel Davis,3.50,52,Sun,7,8,2022-10-30,23-212,BUF,,GNB,W 27-17,3.50,5.50,5.5,4.5,52,88.1,0,0.0,0,0.0,WR,DaviGa01
3145,Greg Dortch,3.50,39,Sun,3,3,2024-09-22,26-116,ARI,,DET,L 13-20,3.50,6.50,6.5,5.0,39,66.1,0,0.0,5,21.7,WR,DortGr01
3146,Demario Douglas,3.50,49,Sun,9,9,2024-11-03,23-331,NWE,@,TEN,L 17-20 (OT),3.50,10.50,10.5,7.0,49,71.0,0,0.0,0,0.0,WR,DougDe00
3147,Michael Gallup,3.50,69,Sun,9,10,2022-11-13,26-254,DAL,@,GNB,L 28-31 (OT),3.50,7.50,7.5,5.5,69,83.1,0,0.0,0,0.0,WR,GallMi00
3148,Chris Godwin,3.50,19,Sun,1,1,2022-09-11,26-196,TAM,@,DAL,W 19-3,3.50,6.50,6.5,5.0,19,30.6,0,0.0,0,0.0,WR,GodwCh00
3149,Chris Godwin,3.50,26,Sun,17,18,2023-01-08,26-315,TAM,@,ATL,L 17-30,3.50,9.50,10.5,6.5,26,47.3,0,0.0,0,0.0,WR,GodwCh00
3150,Mack Hollins,3.50,60,Sun,12,13,2022-12-04,29-079,LVR,,LAC,W 27-20,3.50,8.50,8.5,6.0,60,98.4,0,0.0,2,6.7,WR,HollMa00
3151,Jerry Jeudy,3.50,52,Sun,6,6,2024-10-13,25-172,CLE,@,PHI,L 16-20,3.50,4.50,4.5,4.0,52,91.2,0,0.0,0,0.0,WR,JeudJe00
3152,Jerry Jeudy,3.50,49,Mon,9,10,2023-11-13,24-203,DEN,@,BUF,W 24-22,3.50,6.50,6.5,5.0,49,65.3,0,0.0,0,0.0,WR,JeudJe00
3153,Diontae Johnson,3.50,72,Sun,8,8,2022-10-30,26-117,PIT,@,PHI,L 13-35,3.50,8.50,8.5,6.0,72,94.7,0,0.0,0,0.0,WR,JohnDi01
3154,Diontae Johnson,3.50,64,Sun,16,17,2023-01-01,26-180,PIT,@,BAL,W 16-13,3.50,5.50,5.5,4.5,64,91.4,0,0.0,0,0.0,WR,JohnDi01
3155,Marcus Johnson,3.50,47,Sun,5,5,2022-10-09,28-065,NYG,@,GNB,W 27-22,3.50,6.50,6.5,5.0,47,77.0,0,0.0,7,26.9,WR,JohnMa07
3156,Zay Jones,3.50,71,Sun,8,8,2022-10-30,27-214,JAX,,DEN,L 17-21,3.50,6.50,6.5,5.0,71,98.6,0,0.0,0,0.0,WR,JoneZa00
3157,Xavier Legette,3.50,35,Sun,1,1,2024-09-08,23-223,CAR,@,NOR,L 10-47,3.50,7.50,7.5,5.5,35,59.3,0,0.0,10,33.3,WR,LegeXa00
3158,Drake London,3.50,44,Sun,5,5,2022-10-09,21-077,ATL,@,TAM,L 15-21,3.50,7.50,7.5,5.5,44,66.7,0,0.0,0,0.0,WR,LondDr00
3159,Terrace Marshall Jr.,3.50,47,Sun,3,3,2023-09-24,23-107,CAR,@,SEA,L 27-37,3.50,8.50,8.5,6.0,47,59.5,0,0.0,0,0.0,WR,MarsTe00
3160,D.K. Metcalf,3.50,45,Sun,2,2,2022-09-18,24-278,SEA,@,SFO,L 7-27,3.50,7.50,7.5,5.5,45,91.8,0,0.0,0,0.0,WR,MetcDK00
3161,D.K. Metcalf,3.50,58,Sun,5,5,2024-10-06,26-297,SEA,,NYG,L 20-29,3.50,7.50,8.5,5.5,58,100.0,0,0.0,0,0.0,WR,MetcDK00
3162,Scott Miller,3.50,36,Sun,5,5,2022-10-09,25-070,TAM,,ATL,W 21-15,3.50,7.50,7.5,5.5,36,45.6,0,0.0,2,9.1,WR,MillSc01
3163,Denzel Mims,3.50,45,Sun,10,11,2022-11-20,25-041,NYJ,@,NWE,L 3-10,3.50,5.50,5.5,4.5,45,90.0,0,0.0,0,0.0,WR,MimsDe00
3164,Denzel Mims,3.50,51,Sun,13,14,2022-12-11,25-062,NYJ,@,BUF,L 12-20,3.50,6.50,6.5,5.0,51,68.9,0,0.0,0,0.0,WR,MimsDe00
3165,Marvin Mims,3.50,32,Sun,11,12,2023-11-26,21-252,DEN,,CLE,W 29-12,3.50,5.50,5.5,4.5,32,47.8,0,0.0,8,30.8,WR,MimsMa00
3166,Adonai Mitchell,3.50,12,Sun,11,11,2024-11-17,22-040,IND,@,NYJ,W 28-27,3.50,4.50,4.5,4.0,12,17.1,0,0.0,0,0.0,WR,MitcAd00
3167,Elijah Moore,3.50,61,Sun,2,2,2022-09-18,22-175,NYJ,@,CLE,W 31-30,3.50,6.50,6.5,5.0,61,87.1,0,0.0,0,0.0,WR,MoorEl00
3168,Rondale Moore,3.50,53,Sun,12,12,2023-11-26,23-170,ARI,,LAR,L 14-37,3.50,5.50,5.5,4.5,53,74.6,0,0.0,0,0.0,WR,MoorRo02
3169,Michael Pittman Jr.,3.50,61,Sun,4,4,2023-10-01,25-361,IND,,LAR,L 23-29 (OT),3.50,4.50,4.5,4.0,61,95.3,0,0.0,0,0.0,WR,PittMi01
3170,Brandon Powell,3.50,49,Sun,10,10,2023-11-12,28-061,MIN,,NOR,W 27-19,3.50,7.50,7.5,5.5,49,67.1,0,0.0,6,20.7,WR,PoweBr00
3171,Kalif Raymond,3.50,54,Thu,11,12,2022-11-24,28-108,DET,,BUF,L 25-28,3.50,7.50,7.5,5.5,54,76.1,0,0.0,5,19.2,WR,RaymKa00
3172,Jalen Reagor,3.50,20,Sun,7,8,2024-10-27,25-299,LAC,,NOR,W 26-8,3.50,5.50,5.5,4.5,20,30.3,0,0.0,3,8.8,WR,ReagJa00
3173,Curtis Samuel,3.50,66,Sun,10,10,2024-11-10,28-091,BUF,@,IND,W 30-20,3.50,7.50,7.5,5.5,66,89.2,0,0.0,0,0.0,WR,SamuCu00
3174,Deebo Samuel,3.50,48,Sun,13,14,2024-12-08,28-328,SFO,,CHI,W 38-13,3.50,5.50,5.5,4.5,48,78.7,0,0.0,3,12.0,WR,SamuDe00
3175,Khalil Shakir,3.50,24,Sun,7,7,2023-10-22,23-261,BUF,@,NWE,L 25-29,3.50,7.50,7.5,5.5,24,33.8,0,0.0,7,29.2,WR,ShakKh00
3176,Sterling Shepard,3.50,37,Mon,7,7,2024-10-21,31-254,TAM,,BAL,L 31-41,3.50,4.50,4.5,4.0,37,45.1,0,0.0,0,0.0,WR,ShepSt00
3177,Darius Slayton,3.50,49,Sun,5,5,2023-10-08,26-269,NYG,@,MIA,L 16-31,3.50,5.50,5.5,4.5,49,68.1,0,0.0,0,0.0,WR,SlayDa01
3178,JuJu Smith-Schuster,3.50,42,Sun,12,13,2022-12-04,26-012,KAN,@,CIN,L 24-27,3.50,6.50,6.5,5.0,42,76.4,0,0.0,0,0.0,WR,SmitJu00
3179,JuJu Smith-Schuster,3.50,43,Sat,17,18,2023-01-07,26-046,KAN,@,LVR,W 31-13,3.50,5.50,5.5,4.5,43,72.9,0,0.0,0,0.0,WR,SmitJu00
3180,Samori Toure,3.50,11,Thu,4,4,2023-09-28,25-188,GNB,,DET,L 20-34,3.50,4.50,4.5,4.0,11,19.3,0,0.0,0,0.0,WR,TourSa00
3181,Tre Tucker,3.50,58,Sun,10,11,2024-11-17,23-254,LVR,@,MIA,L 19-34,3.50,6.50,6.5,5.0,58,89.2,0,0.0,0,0.0,WR,TuckTr00
3182,Davante Adams,3.40,53,Sun,9,9,2023-11-05,30-316,LVR,,NYG,W 30-6,3.40,7.40,7.4,5.4,53,88.3,0,0.0,0,0.0,WR,AdamDa01
3183,Odell Beckham Jr.,3.40,29,Sun,6,6,2023-10-15,30-344,BAL,@,TEN,W 24-16,3.40,5.40,5.4,4.4,29,40.8,0,0.0,0,0.0,WR,BeckOd00
3184,Odell Beckham Jr.,3.40,23,Sun,12,12,2023-11-26,31-021,BAL,@,LAC,W 20-10,3.40,6.40,6.4,4.9,23,32.4,0,0.0,0,0.0,WR,BeckOd00
3185,Kayshon Boutte,3.40,40,Sun,5,5,2024-10-06,22-152,NWE,,MIA,L 10-15,3.40,5.40,5.4,4.4,40,66.7,0,0.0,5,19.2,WR,BoutKa00
3186,Tyler Boyd,3.40,35,Sun,10,11,2024-11-17,30-002,TEN,,MIN,L 13-23,3.40,5.40,5.4,4.4,35,59.3,0,0.0,0,0.0,WR,BoydTy00
3187,Marquise Brown,3.40,72,Mon,13,14,2022-12-12,25-191,ARI,,NWE,L 13-27,3.40,7.40,7.4,5.4,72,96.0,0,0.0,0,0.0,WR,BrowMa04
3188,Marquise Brown,3.40,68,Sun,6,6,2023-10-15,26-133,ARI,@,LAR,L 9-26,3.40,7.40,7.4,5.4,68,89.5,0,0.0,0,0.0,WR,BrowMa04
3189,DJ Chark,3.40,55,Sun,11,12,2023-11-26,27-064,CAR,@,TEN,L 10-17,3.40,6.40,6.4,4.9,55,74.3,0,0.0,0,0.0,WR,CharDJ00
3190,Nico Collins,3.40,37,Sun,3,3,2023-09-24,24-189,HOU,@,JAX,W 37-17,3.40,5.40,5.4,4.4,37,66.1,0,0.0,0,0.0,WR,CollNi00
3191,Brandin Cooks,3.40,46,Sun,14,15,2024-12-15,31-081,DAL,@,CAR,W 30-14,3.40,6.40,6.4,4.9,46,63.0,0,0.0,0,0.0,WR,CookBr00
3192,Amari Cooper,3.40,67,Sun,10,11,2023-11-19,29-155,CLE,,PIT,W 13-10,3.40,7.40,7.4,5.4,67,89.3,0,0.0,0,0.0,WR,CoopAm00
3193,Amari Cooper,3.40,23,Sun,12,13,2023-12-03,29-169,CLE,@,LAR,L 19-36,3.40,6.40,6.4,4.9,23,32.4,0,0.0,0,0.0,WR,CoopAm00
3194,River Cracraft,3.40,18,Sun,2,2,2023-09-17,28-320,MIA,@,NWE,W 24-17,3.40,5.40,5.4,4.4,18,28.6,0,0.0,0,0.0,WR,CracRi00
3195,Tank Dell,3.40,37,Sun,1,1,2023-09-10,23-316,HOU,@,BAL,L 9-25,3.40,6.40,6.4,4.9,37,48.1,0,0.0,3,12.0,WR,DellNa00
3196,Stefon Diggs,3.40,53,Mon,10,10,2023-11-13,29-349,BUF,,DEN,L 22-24,3.40,6.40,6.4,4.9,53,98.1,0,0.0,0,0.0,WR,DiggSt00
3197,Demario Douglas,3.40,48,Sun,17,18,2025-01-05,24-028,NWE,,BUF,W 23-16,3.40,6.40,6.4,4.9,48,75.0,0,0.0,0,0.0,WR,DougDe00
3198,Josh Downs,3.40,47,Sun,4,4,2023-10-01,22-050,IND,,LAR,L 23-29 (OT),3.40,5.40,5.4,4.4,47,73.4,0,0.0,0,0.0,WR,DownJo00
3199,Mike Evans,3.40,44,Sun,6,6,2024-10-13,31-053,TAM,@,NOR,W 51-27,3.40,5.40,5.4,4.4,44,57.1,0,0.0,0,0.0,WR,EvanMi00
3200,Zay Flowers,3.40,52,Thu,10,10,2024-11-07,24-057,BAL,,CIN,W 35-34,3.40,7.40,7.4,5.4,52,82.5,0,0.0,1,3.6,WR,FlowZa00
3201,Xavier Hutchinson,3.40,7,Sun,11,12,2023-11-26,23-178,HOU,,JAX,L 21-24,3.40,4.40,4.4,3.9,7,11.7,0,0.0,10,38.5,WR,HutcXa00
3202,Trenton Irwin,3.40,26,Sun,17,18,2024-01-07,28-028,CIN,,CLE,W 31-14,3.40,5.40,5.4,4.4,26,40.6,0,0.0,1,3.4,WR,IrwiTr00
3203,DeSean Jackson,3.40,11,Sun,13,14,2022-12-11,36-010,BAL,@,PIT,W 16-14,3.40,5.40,5.4,4.4,11,18.0,0,0.0,0,0.0,WR,JackDe00
3204,Jauan Jennings,3.40,22,Sun,12,13,2022-12-04,25-147,SFO,,MIA,W 33-17,3.40,5.40,5.4,4.4,22,26.2,0,0.0,4,13.3,WR,JennJa00
3205,Drake London,3.40,62,Sun,8,8,2024-10-27,23-095,ATL,@,TAM,W 31-26,3.40,7.40,7.4,5.4,62,100.0,0,0.0,0,0.0,WR,LondDr00
3206,D.K. Metcalf,3.40,55,Sun,6,6,2022-10-16,24-306,SEA,,ARI,W 19-9,3.40,5.40,5.4,4.4,55,80.9,0,0.0,0,0.0,WR,MetcDK00
3207,Darnell Mooney,3.40,48,Sun,7,7,2023-10-22,25-358,CHI,,LVR,W 30-12,3.40,7.40,7.4,5.4,48,67.6,0,0.0,0,0.0,WR,MoonDa00
3208,D.J. Moore,3.40,60,Sun,7,8,2024-10-27,27-196,CHI,@,WAS,L 15-18,3.40,5.40,5.4,4.4,60,95.2,0,0.0,0,0.0,WR,MoorD.00
3209,Elijah Moore,3.40,60,Sun,13,14,2024-12-08,24-256,CLE,@,PIT,L 14-27,3.40,6.40,6.4,4.9,60,83.3,0,0.0,0,0.0,WR,MoorEl00
3210,Rondale Moore,3.40,50,Sun,16,17,2023-12-31,23-205,ARI,@,PHI,W 35-31,3.40,6.40,6.4,4.9,50,65.8,0,0.0,0,0.0,WR,MoorRo02
3211,Skyy Moore,3.40,34,Sun,11,12,2023-11-26,23-077,KAN,@,LVR,W 31-17,3.40,6.40,6.4,4.9,34,56.7,0,0.0,2,7.7,WR,MoorSk01
3212,K.J. Osborn,3.40,47,Mon,12,12,2023-11-27,26-170,MIN,,CHI,L 10-12,3.40,6.40,6.4,4.9,47,85.5,0,0.0,0,0.0,WR,OsboKJ00
3213,A.T. Perry,3.40,26,Sun,14,15,2023-12-17,24-052,NOR,,NYG,W 24-6,3.40,5.40,5.4,4.4,26,41.9,0,0.0,0,0.0,WR,PerrAT00
3214,Byron Pringle,3.40,54,Sat,15,16,2022-12-24,29-037,CHI,,BUF,L 13-35,3.40,5.40,5.4,4.4,54,85.7,0,0.0,0,0.0,WR,PrinBy00
3215,Sterling Shepard,3.40,64,Sun,2,2,2022-09-18,29-220,NYG,,CAR,W 19-16,3.40,9.40,9.4,6.4,64,87.7,0,0.0,0,0.0,WR,ShepSt00
3216,Sterling Shepard,3.40,24,Sun,15,16,2024-12-22,31-316,TAM,@,DAL,L 24-26,3.40,4.40,4.4,3.9,24,33.3,0,0.0,0,0.0,WR,ShepSt00
3217,Steven Sims,3.40,29,Sun,16,17,2023-01-01,25-276,PIT,@,BAL,W 16-13,3.40,6.40,6.4,4.9,29,41.4,0,0.0,8,34.8,WR,SimsSt00
3218,Jaxon Smith-Njigba,3.40,40,Sun,2,2,2023-09-17,21-215,SEA,@,DET,W 37-31 (OT),3.40,8.40,8.4,5.9,40,55.6,0,0.0,0,0.0,WR,SmitJa06
3219,Trent Taylor,3.40,52,Sun,13,14,2022-12-11,28-225,CIN,,CLE,W 23-10,3.40,4.40,4.4,3.9,52,77.6,0,0.0,4,16.7,WR,TaylTr02
3220,Samori Toure,3.40,28,Sun,9,9,2022-11-06,24-227,GNB,@,DET,L 9-15,3.40,5.40,5.4,4.4,28,37.8,0,0.0,0,0.0,WR,TourSa00
3221,Tre Tucker,3.40,9,Sun,2,2,2023-09-17,22-193,LVR,@,BUF,L 10-38,3.40,3.40,3.4,3.4,9,22.5,0,0.0,3,13.6,WR,TuckTr00
3222,KaVontae Turpin,3.40,33,Sun,16,17,2024-12-29,28-149,DAL,@,PHI,L 7-41,3.40,4.40,4.4,3.9,33,53.2,0,0.0,10,38.5,WR,TurpKa00
3223,Jameson Williams,3.40,55,Sun,17,18,2025-01-05,23-285,DET,,MIN,W 31-9,3.40,9.40,9.4,6.4,55,80.9,0,0.0,0,0.0,WR,WillJa11
3224,Mike Williams,3.40,33,Thu,3,3,2024-09-19,29-351,NYJ,,NWE,W 24-3,3.40,6.40,6.4,4.9,33,45.2,0,0.0,0,0.0,WR,WillMi07
3225,Cedrick Wilson Jr.,3.40,37,Sun,9,9,2024-11-03,28-349,NOR,@,CAR,L 22-23,3.40,5.40,5.4,4.4,37,46.8,0,0.0,5,17.2,WR,WilsCe01
3226,Garrett Wilson,3.40,38,Sun,17,18,2024-01-07,23-169,NYJ,@,NWE,W 17-3,3.40,5.40,5.4,4.4,38,58.5,0,0.0,0,0.0,WR,WilsGa00
3227,Michael Wilson,3.40,58,Sun,10,10,2023-11-12,23-262,ARI,,ATL,W 25-23,3.40,6.40,6.4,4.9,58,89.2,0,0.0,0,0.0,WR,WilsMi02
3228,Robert Woods,3.40,43,Sun,3,3,2023-09-24,31-167,HOU,@,JAX,W 37-17,3.40,6.40,6.4,4.9,43,76.8,0,0.0,2,6.9,WR,WoodRo02
3229,Olamide Zaccheaus,3.40,48,Thu,10,10,2022-11-10,25-110,ATL,@,CAR,L 15-25,3.40,5.40,5.4,4.4,48,76.2,0,0.0,0,0.0,WR,ZaccOl01
3230,Keenan Allen,3.30,61,Sun,5,5,2024-10-06,32-162,CHI,,CAR,W 36-10,3.30,6.30,6.3,4.8,61,81.3,0,0.0,0,0.0,WR,AlleKe00
3231,Odell Beckham Jr.,3.30,18,Sun,16,17,2023-12-31,31-056,BAL,,MIA,W 56-19,3.30,4.30,4.3,3.8,18,31.6,0,0.0,0,0.0,WR,BeckOd00
3232,Braxton Berrios,3.30,37,Sun,3,3,2023-09-24,27-353,MIA,,DEN,W 70-20,3.30,5.30,5.3,4.3,37,50.7,0,0.0,10,27.8,WR,BerrBr00
3233,Kayshon Boutte,3.30,50,Sun,7,7,2024-10-20,22-166,NWE,@,JAX,L 16-32,3.30,4.30,4.3,3.8,50,83.3,0,0.0,6,27.3,WR,BoutKa00
3234,Kayshon Boutte,3.30,73,Sun,11,11,2024-11-17,22-194,NWE,,LAR,L 22-28,3.30,7.30,7.3,5.3,73,96.1,0,0.0,0,0.0,WR,BoutKa00
3235,Tyler Boyd,3.30,38,Sun,3,3,2024-09-22,29-312,TEN,,GNB,L 14-30,3.30,6.30,6.3,4.8,38,70.4,0,0.0,0,0.0,WR,BoydTy00
3236,Dyami Brown,3.30,23,Sun,9,9,2023-11-05,24-004,WAS,@,NWE,W 20-17,3.30,5.30,5.3,4.3,23,29.5,0,0.0,5,17.9,WR,BrowDy00
3237,Noah Brown,3.30,57,Sun,10,10,2024-11-10,28-309,WAS,,PIT,L 27-28,3.30,6.30,6.3,4.8,57,89.1,0,0.0,0,0.0,WR,BrowNo00
3238,DeAndre Carter,3.30,53,Sun,10,11,2022-11-20,29-224,LAC,,KAN,L 27-30,3.30,6.30,6.3,4.8,53,81.5,0,0.0,9,31.0,WR,CartDe02
3239,Nico Collins,3.30,30,Sun,6,7,2022-10-23,23-218,HOU,@,LVR,L 20-38,3.30,6.30,6.3,4.8,30,46.2,0,0.0,0,0.0,WR,CollNi00
3240,Gabriel Davis,3.30,59,Sun,8,9,2022-11-06,23-219,BUF,@,NYJ,L 17-20,3.30,5.30,5.3,4.3,59,95.2,0,0.0,0,0.0,WR,DaviGa01
3241,Tank Dell,3.30,46,Sun,5,5,2024-10-06,24-343,HOU,,BUF,W 23-20,3.30,7.30,7.3,5.3,46,67.6,0,0.0,0,0.0,WR,DellNa00
3242,Tank Dell,3.30,51,Sun,10,10,2024-11-10,25-012,HOU,,DET,L 23-26,3.30,8.30,8.3,5.8,51,75.0,0,0.0,0,0.0,WR,DellNa00
3243,Demario Douglas,3.30,38,Sun,14,15,2023-12-17,23-009,NWE,,KAN,L 17-27,3.30,6.30,6.3,4.8,38,71.7,0,0.0,0,0.0,WR,DougDe00
3244,Russell Gage,3.30,42,Sun,16,17,2023-01-01,26-344,TAM,,CAR,W 30-24,3.30,6.30,6.3,4.8,42,53.8,0,0.0,0,0.0,WR,GageRu00
3245,Marquise Goodwin,3.30,25,Sun,8,8,2022-10-30,31-345,SEA,,NYG,W 27-13,3.30,7.30,7.3,5.3,25,39.1,0,0.0,0,0.0,WR,GoodMa00
3246,Mecole Hardman,3.30,8,Mon,5,5,2024-10-07,26-209,KAN,,NOR,W 26-13,3.30,7.30,7.3,5.3,8,9.5,0,0.0,4,16.7,WR,HardMe00
3247,Tyreek Hill,3.30,37,Sun,3,3,2022-09-25,28-208,MIA,,BUF,W 21-19,3.30,5.30,5.3,4.3,37,86.0,0,0.0,0,0.0,WR,HillTy00
3248,Mack Hollins,3.30,38,Sun,16,17,2024-12-29,31-104,BUF,,NYJ,W 40-14,3.30,5.30,5.3,4.3,38,54.3,0,0.0,0,0.0,WR,HollMa00
3249,Mack Hollins,3.30,72,Sun,4,4,2022-10-02,29-016,LVR,,DEN,W 32-23,3.30,6.30,6.3,4.8,72,96.0,0,0.0,9,28.1,WR,HollMa00
3250,Justin Jefferson,3.30,45,Sun,10,11,2022-11-20,23-157,MIN,,DAL,L 3-40,3.30,6.30,6.3,4.8,45,78.9,0,0.0,0,0.0,WR,JeffJu00
3251,Marvin Jones,3.30,64,Sun,2,2,2022-09-18,32-190,JAX,,IND,W 24-0,3.30,6.30,6.3,4.8,64,90.1,0,0.0,0,0.0,WR,JoneMa02
3252,Marvin Jones,3.30,44,Sun,10,10,2022-11-13,32-246,JAX,@,KAN,L 17-27,3.30,4.30,4.3,3.8,44,68.8,0,0.0,0,0.0,WR,JoneMa02
3253,CeeDee Lamb,3.30,68,Sun,13,14,2022-12-11,23-247,DAL,,HOU,W 27-23,3.30,8.30,8.3,5.8,68,95.8,0,0.0,0,0.0,WR,LambCe00
3254,Allen Lazard,3.30,60,Sun,5,5,2023-10-08,27-301,NYJ,@,DEN,W 31-21,3.30,6.30,6.3,4.8,60,92.3,0,0.0,0,0.0,WR,LazaAl00
3255,Ray-Ray McCloud,3.30,7,Sun,9,10,2022-11-13,26-029,SFO,,LAC,W 22-16,3.30,4.30,4.3,3.8,7,9.9,0,0.0,9,32.1,WR,McClRa00
3256,Terry McLaurin,3.30,53,Sun,10,10,2023-11-12,28-058,WAS,@,SEA,L 26-29,3.30,7.30,7.3,5.3,53,86.9,0,0.0,0,0.0,WR,McLaTe00
3257,Bo Melton,3.30,27,Sun,6,6,2024-10-13,25-148,GNB,,ARI,W 34-13,3.30,4.30,4.3,3.8,27,37.0,0,0.0,6,22.2,WR,MeltBo00
3258,John Metchie,3.30,39,Mon,11,11,2024-11-18,24-123,HOU,@,DAL,W 34-10,3.30,6.30,6.3,4.8,39,60.9,0,0.0,3,11.1,WR,MetcJo00
3259,Jakobi Meyers,3.30,70,Sun,4,4,2023-10-01,26-326,LVR,@,LAC,L 17-24,3.30,5.30,5.3,4.3,70,95.9,0,0.0,0,0.0,WR,MeyeJa01
3260,D.J. Moore,3.30,73,Sun,8,9,2024-11-03,27-203,CHI,@,ARI,L 9-29,3.30,7.30,7.3,5.3,73,98.6,0,0.0,0,0.0,WR,MoorD.00
3261,Skyy Moore,3.30,15,Sun,16,17,2023-01-01,22-113,KAN,,DEN,W 27-24,3.30,6.30,6.3,4.8,15,25.0,0,0.0,0,0.0,WR,MoorSk01
3262,Skyy Moore,3.30,15,Sun,9,9,2023-11-05,23-056,KAN,,MIA,W 21-14,3.30,5.30,5.3,4.3,15,25.0,0,0.0,0,0.0,WR,MoorSk01
3263,Rome Odunze,3.30,66,Sun,2,2,2024-09-15,22-104,CHI,@,HOU,L 13-19,3.30,5.30,5.3,4.3,66,94.3,0,0.0,0,0.0,WR,OdunRo00
3264,Bryce Oliver,3.30,2,Sun,10,11,2024-11-17,24-182,TEN,,MIN,L 13-23,3.30,4.30,4.3,3.8,2,3.4,0,0.0,10,38.5,WR,OlivBr02
3265,Trey Palmer,3.30,27,Mon,9,9,2024-11-04,23-216,TAM,@,KAN,L 24-30 (OT),3.30,5.30,5.3,4.3,27,49.1,0,0.0,4,14.3,WR,PalmTr00
3266,DeVante Parker,3.30,45,Sun,4,4,2023-10-01,30-254,NWE,@,DAL,L 3-38,3.30,5.30,5.3,4.3,45,81.8,0,0.0,0,0.0,WR,ParkDe01
3267,Jalen Reagor,3.30,50,Sun,15,16,2023-12-24,24-356,NWE,@,DEN,W 26-23,3.30,5.30,5.3,4.3,50,86.2,0,0.0,5,15.2,WR,ReagJa00
3268,Calvin Ridley,3.30,59,Mon,12,13,2023-12-04,28-349,JAX,,CIN,L 31-34 (OT),3.30,7.30,7.3,5.3,59,85.5,0,0.0,0,0.0,WR,RidlCa00
3269,Curtis Samuel,3.30,23,Sun,16,17,2023-12-31,27-142,WAS,,SFO,L 10-27,3.30,6.30,6.3,4.8,23,50.0,0,0.0,0,0.0,WR,SamuCu00
3270,Tyler Scott,3.30,40,Sun,7,7,2023-10-22,22-010,CHI,,LVR,W 30-12,3.30,5.30,5.3,4.3,40,56.3,0,0.0,6,26.1,WR,ScotTy00
3271,Rashid Shaheed,3.30,38,Sun,4,4,2023-10-01,25-031,NOR,,TAM,L 9-26,3.30,6.30,6.3,4.8,38,58.5,0,0.0,11,42.3,WR,ShahRa00
3272,Trent Sherfield,3.30,46,Sun,11,12,2022-11-27,26-275,MIA,,HOU,W 30-15,3.30,5.30,5.3,4.3,46,60.5,0,0.0,6,20.0,WR,SherTr00
3273,Ben Skowronek,3.30,65,Mon,4,4,2022-10-03,25-098,LAR,@,SFO,L 9-24,3.30,5.30,5.3,4.3,65,87.8,0,0.0,0,0.0,WR,SkowBe00
3274,Darius Slayton,3.30,49,Sun,2,2,2024-09-15,27-247,NYG,@,WAS,L 18-21,3.30,6.30,6.3,4.8,49,87.5,0,0.0,0,0.0,WR,SlayDa01
3275,JuJu Smith-Schuster,3.30,43,Sun,1,1,2023-09-10,26-292,NWE,,PHI,L 20-25,3.30,7.30,7.3,5.3,43,53.8,0,0.0,0,0.0,WR,SmitJu00
3276,JuJu Smith-Schuster,3.30,62,Mon,5,5,2022-10-10,25-322,KAN,,LVR,W 30-29,3.30,6.30,6.3,4.8,62,86.1,0,0.0,0,0.0,WR,SmitJu00
3277,JuJu Smith-Schuster,3.30,24,Sun,9,10,2022-11-13,25-356,KAN,,JAX,W 27-17,3.30,5.30,5.3,4.3,24,38.1,0,0.0,0,0.0,WR,SmitJu00
3278,Mike Thomas,3.30,45,Sun,5,5,2022-10-09,28-054,CIN,@,BAL,L 17-19,3.30,4.30,4.3,3.8,45,71.4,0,0.0,5,21.7,WR,ThomMi04
3279,Tre Tucker,3.30,53,Sun,8,8,2024-10-27,23-233,LVR,,KAN,L 20-27,3.30,5.30,5.3,4.3,53,91.4,0,0.0,0,0.0,WR,TuckTr00
3280,Tre Tucker,3.30,68,Sun,15,16,2024-12-22,23-289,LVR,,JAX,W 19-14,3.30,5.30,5.3,4.3,68,91.9,0,0.0,0,0.0,WR,TuckTr00
3281,Marquez Valdes-Scantling,3.30,46,Sun,17,18,2025-01-05,30-087,NOR,@,TAM,L 19-27,3.30,6.30,6.3,4.8,46,69.7,0,0.0,0,0.0,WR,ValdMa00
3282,Christian Watson,3.30,56,Sun,7,8,2023-10-29,24-170,GNB,,MIN,L 10-24,3.30,6.30,6.3,4.8,56,82.4,0,0.0,0,0.0,WR,WatsCh00
3283,Justin Watson,3.30,55,Sun,7,8,2024-10-27,28-206,KAN,@,LVR,W 27-20,3.30,6.30,6.3,4.8,55,76.4,0,0.0,3,12.5,WR,WatsJu01
3284,Nick Westbrook-Ikhine,3.30,30,Sun,14,15,2023-12-17,26-271,TEN,,HOU,L 16-19 (OT),3.30,4.30,4.3,3.8,30,47.6,0,0.0,0,0.0,WR,WestNi00
3285,Nelson Agholor,3.20,43,Sun,13,14,2023-12-10,30-200,BAL,,LAR,W 37-31 (OT),3.20,8.20,8.2,5.7,43,59.7,0,0.0,0,0.0,WR,AghoNe00
3286,Nelson Agholor,3.20,57,Mon,13,14,2022-12-12,29-202,NWE,@,ARI,W 27-13,3.20,8.20,8.2,5.7,57,96.6,0,0.0,0,0.0,WR,AghoNe00
3287,Robbie Chosen,3.20,53,Sun,5,5,2022-10-09,29-153,CAR,,SFO,L 15-37,3.20,4.20,4.2,3.7,53,76.8,0,0.0,0,0.0,WR,AndeRo04
3288,Tyler Boyd,3.20,61,Sun,5,5,2022-10-09,27-328,CIN,@,BAL,L 17-19,3.20,6.20,6.2,4.7,61,96.8,0,0.0,0,0.0,WR,BoydTy00
3289,A.J. Brown,3.20,54,Sun,5,5,2022-10-09,25-101,PHI,@,ARI,W 20-17,3.20,6.20,6.2,4.7,54,74.0,0,0.0,0,0.0,WR,BrowAJ00
3290,DeAndre Carter,3.20,50,Sun,2,2,2024-09-15,31-158,CHI,@,HOU,L 13-19,3.20,6.20,6.2,4.7,50,71.4,0,0.0,12,40.0,WR,CartDe02
3291,Randall Cobb,3.20,29,Mon,14,15,2022-12-19,32-119,GNB,,LAR,W 24-12,3.20,6.20,6.2,4.7,29,40.8,0,0.0,1,4.8,WR,CobbRa00
3292,Amari Cooper,3.20,58,Sun,9,10,2022-11-13,28-149,CLE,@,MIA,L 17-39,3.20,6.20,6.2,4.7,58,86.6,0,0.0,0,0.0,WR,CoopAm00
3293,Gabriel Davis,3.20,65,Mon,1,1,2023-09-11,24-163,BUF,@,NYJ,L 16-22 (OT),3.20,5.20,5.2,4.2,65,94.2,0,0.0,0,0.0,WR,DaviGa01
3294,Romeo Doubs,3.20,56,Mon,13,14,2023-12-11,23-242,GNB,@,NYG,L 22-24,3.20,7.20,7.2,5.2,56,82.4,0,0.0,0,0.0,WR,DoubRo00
3295,Josh Downs,3.20,50,Sun,13,14,2023-12-10,22-120,IND,@,CIN,L 14-34,3.20,6.20,6.2,4.7,50,78.1,0,0.0,0,0.0,WR,DownJo00
3296,Josh Downs,3.20,58,Sun,14,15,2024-12-15,23-125,IND,@,DEN,L 13-31,3.20,6.20,6.2,4.7,58,76.3,0,0.0,0,0.0,WR,DownJo00
3297,Xavier Gipson,3.20,47,Mon,8,9,2023-11-06,22-243,NYJ,,LAC,L 6-27,3.20,5.20,5.2,4.2,47,58.0,0,0.0,13,43.3,WR,GipsXa00
3298,Marvin Harrison Jr.,3.20,54,Sun,14,15,2024-12-15,22-126,ARI,,NWE,W 30-17,3.20,5.20,5.2,4.2,54,77.1,0,0.0,0,0.0,WR,HarrMa09
3299,Cody Hollister,3.20,22,Sun,6,7,2022-10-23,28-339,TEN,,IND,W 19-10,3.20,5.20,5.2,4.2,22,37.3,0,0.0,12,50.0,WR,HollCo00
3300,Van Jefferson,3.20,44,Mon,14,15,2022-12-19,26-146,LAR,@,GNB,L 12-24,3.20,5.20,5.2,4.2,44,97.8,0,0.0,0,0.0,WR,JeffVa00
3301,Tim Jones,3.20,45,Sun,15,16,2023-12-24,25-222,JAX,@,TAM,L 12-30,3.20,6.20,6.2,4.7,45,68.2,0,0.0,12,60.0,WR,JoneTi00
3302,Tyler Lockett,3.20,44,Sun,8,9,2023-11-05,31-038,SEA,@,BAL,L 3-37,3.20,6.20,6.2,4.7,44,89.8,0,0.0,0,0.0,WR,LockTy00
3303,D.K. Metcalf,3.20,48,Thu,11,12,2023-11-23,25-344,SEA,,SFO,L 13-31,3.20,6.20,6.2,4.7,48,85.7,0,0.0,0,0.0,WR,MetcDK00
3304,Jonathan Mingo,3.20,60,Sun,14,15,2023-12-17,22-241,CAR,,ATL,W 9-7,3.20,7.20,7.2,5.2,60,90.9,0,0.0,0,0.0,WR,MingJo00
3305,Chris Moore,3.20,42,Sun,16,17,2023-12-31,30-198,TEN,@,HOU,L 3-26,3.20,4.20,4.2,3.7,42,76.4,0,0.0,7,29.2,WR,MoorCh00
3306,Puka Nacua,3.20,47,Sun,9,9,2023-11-05,22-160,LAR,@,GNB,L 3-20,3.20,6.20,6.2,4.7,47,81.0,0,0.0,0,0.0,WR,NacuPu00
3307,Brandon Powell,3.20,44,Sun,11,11,2023-11-19,28-068,MIN,@,DEN,L 20-21,3.20,6.20,6.2,4.7,44,59.5,0,0.0,4,14.8,WR,PoweBr00
3308,Hunter Renfrow,3.20,13,Sun,9,9,2023-11-05,27-319,LVR,,NYG,W 30-6,3.20,5.20,5.2,4.2,13,21.7,0,0.0,0,0.0,WR,RenfHu00
3309,Rashee Rice,3.20,32,Sun,4,4,2023-10-01,23-162,KAN,@,NYJ,W 23-20,3.20,6.20,6.2,4.7,32,45.7,0,0.0,0,0.0,WR,RiceRa01
3310,Calvin Ridley,3.20,53,Sun,2,2,2023-09-17,28-271,JAX,,KAN,L 9-17,3.20,5.20,5.2,4.2,53,79.1,0,0.0,0,0.0,WR,RidlCa00
3311,Demarcus Robinson,3.20,54,Sun,3,3,2024-09-22,30-001,LAR,,SFO,W 27-24,3.20,4.20,4.2,3.7,54,93.1,0,0.0,0,0.0,WR,RobiDe01
3312,Curtis Samuel,3.20,45,Sun,2,2,2023-09-17,27-037,WAS,@,DEN,W 35-33,3.20,6.20,6.2,4.7,45,61.6,0,0.0,0,0.0,WR,SamuCu00
3313,Deebo Samuel,3.20,20,Sun,17,18,2024-01-07,27-357,SFO,,LAR,L 20-21,3.20,5.20,5.2,4.2,20,32.8,0,0.0,0,0.0,WR,SamuDe00
3314,Rashid Shaheed,3.20,63,Thu,7,7,2023-10-19,25-049,NOR,,JAX,L 24-31,3.20,7.20,7.2,5.2,63,70.0,0,0.0,12,37.5,WR,ShahRa00
3315,Darius Slayton,3.20,42,Thu,3,3,2023-09-21,26-252,NYG,@,SFO,L 12-30,3.20,6.20,6.2,4.7,42,84.0,0,0.0,0,0.0,WR,SlayDa01
3316,Ihmir Smith-Marsette,3.20,18,Sun,14,15,2023-12-17,24-110,CAR,,ATL,W 9-7,3.20,5.20,5.2,4.2,18,27.3,0,0.0,8,42.1,WR,SmitIh00
3317,Jaxon Smith-Njigba,3.20,50,Thu,16,17,2024-12-26,22-316,SEA,@,CHI,W 6-3,3.20,6.20,6.2,4.7,50,96.2,0,0.0,0,0.0,WR,SmitJa06
3318,Courtland Sutton,3.20,51,Sun,5,5,2024-10-06,28-362,DEN,,LVR,W 34-18,3.20,5.20,5.2,4.2,51,81.0,0,0.0,1,3.3,WR,SuttCo00
3319,Trent Taylor,3.20,26,Sun,9,9,2022-11-06,28-190,CIN,,CAR,W 42-21,3.20,5.20,5.2,4.2,26,35.1,0,0.0,8,27.6,WR,TaylTr02
3320,Mike Williams,3.20,25,Sun,17,18,2023-01-08,28-096,LAC,@,DEN,L 28-31,3.20,7.20,7.2,5.2,25,36.8,0,0.0,0,0.0,WR,WillMi07
3321,Davante Adams,3.10,56,Sun,10,10,2024-11-10,31-322,NYJ,@,ARI,L 6-31,3.10,9.10,9.1,6.1,56,96.6,0,0.0,0,0.0,WR,AdamDa01
3322,Calvin Austin III,3.10,56,Wed,16,17,2024-12-25,25-276,PIT,,KAN,L 10-29,3.10,7.10,7.1,5.1,56,74.7,0,0.0,5,20.0,WR,AustCa00
3323,Alex Bachman,3.10,27,Sun,6,6,2024-10-13,28-137,LVR,,PIT,L 13-32,3.10,6.10,6.1,4.6,27,42.9,0,0.0,14,56.0,WR,BachAl00
3324,Lynn Bowden Jr.,3.10,37,Sun,14,15,2023-12-17,26-064,NOR,,NYG,W 24-6,3.10,6.10,6.1,4.6,37,59.7,0,0.0,2,8.7,WR,BowdLy00
3325,Tyler Boyd,3.10,32,Mon,4,4,2024-09-30,29-320,TEN,@,MIA,W 31-12,3.10,5.10,5.1,4.1,32,49.2,0,0.0,2,6.5,WR,BoydTy00
3326,Ja'Marr Chase,3.10,59,Sun,2,2,2023-09-17,23-200,CIN,,BAL,L 24-27,3.10,8.10,8.1,5.6,59,98.3,0,0.0,0,0.0,WR,ChasJa00
3327,Gabriel Davis,3.10,54,Sun,13,14,2022-12-11,23-254,BUF,,NYJ,W 20-12,3.10,6.10,6.1,4.6,54,91.5,0,0.0,1,3.3,WR,DaviGa01
3328,Tank Dell,3.10,45,Sun,7,8,2023-10-29,24-000,HOU,@,CAR,L 13-15,3.10,6.10,6.1,4.6,45,77.6,0,0.0,4,16.7,WR,DellNa00
3329,Stefon Diggs,3.10,45,Sun,16,17,2023-12-31,30-032,BUF,,NWE,W 27-21,3.10,7.10,7.1,5.1,45,65.2,0,0.0,0,0.0,WR,DiggSt00
3330,Jahan Dotson,3.10,45,Sun,15,16,2023-12-24,23-277,WAS,@,NYJ,L 28-30,3.10,5.10,5.1,4.1,45,73.8,0,0.0,0,0.0,WR,DotsJa00
3331,Alex Erickson,3.10,37,Sat,15,16,2023-12-23,31-047,LAC,,BUF,L 22-24,3.10,5.10,5.1,4.1,37,52.9,0,0.0,4,13.3,WR,EricAl01
3332,Mike Evans,3.10,62,Sun,11,12,2022-11-27,29-098,TAM,@,CLE,L 17-23 (OT),3.10,5.10,5.1,4.1,62,89.9,0,0.0,0,0.0,WR,EvanMi00
3333,Zay Flowers,3.10,41,Wed,16,17,2024-12-25,24-105,BAL,@,HOU,W 31-2,3.10,5.10,5.1,4.1,41,65.1,0,0.0,0,0.0,WR,FlowZa00
3334,Troy Franklin,3.10,27,Sun,12,12,2024-11-24,21-292,DEN,@,LVR,W 29-19,3.10,5.10,5.1,4.1,27,39.7,0,0.0,0,0.0,WR,FranTr00
3335,Michael Gallup,3.10,25,Sun,10,11,2023-11-19,27-260,DAL,@,CAR,W 33-10,3.10,6.10,6.1,4.6,25,34.7,0,0.0,0,0.0,WR,GallMi00
3336,Marquise Goodwin,3.10,30,Sun,3,3,2022-09-25,31-310,SEA,,ATL,L 23-27,3.10,5.10,5.1,4.1,30,42.3,0,0.0,0,0.0,WR,GoodMa00
3337,Isaiah Hodgins,3.10,45,Thu,11,12,2022-11-24,24-034,NYG,@,DAL,L 20-28,3.10,6.10,6.1,4.6,45,70.3,0,0.0,0,0.0,WR,HodgIs00
3338,Mack Hollins,3.10,33,Sun,1,1,2023-09-10,29-359,ATL,,CAR,W 24-10,3.10,6.10,6.1,4.6,33,63.5,0,0.0,5,19.2,WR,HollMa00
3339,DeAndre Hopkins,3.10,21,Mon,4,4,2024-09-30,32-116,TEN,@,MIA,W 31-12,3.10,5.10,5.1,4.1,21,32.3,0,0.0,0,0.0,WR,HopkDe00
3340,Xavier Hutchinson,3.10,48,Sun,5,5,2024-10-06,24-127,HOU,,BUF,W 23-20,3.10,5.10,5.1,4.1,48,70.6,0,0.0,6,19.4,WR,HutcXa00
3341,Jauan Jennings,3.10,54,Thu,14,15,2022-12-15,25-158,SFO,@,SEA,W 21-13,3.10,6.10,6.1,4.6,54,84.4,0,0.0,0,0.0,WR,JennJa00
3342,Jauan Jennings,3.10,31,Thu,3,3,2023-09-21,26-073,SFO,,NYG,W 30-12,3.10,5.10,5.1,4.1,31,37.3,0,0.0,0,0.0,WR,JennJa00
3343,Jauan Jennings,3.10,51,Thu,14,15,2024-12-12,27-155,SFO,,LAR,L 6-12,3.10,5.10,5.1,4.1,51,94.4,0,0.0,0,0.0,WR,JennJa00
3344,Brandon Johnson,3.10,32,Sun,1,1,2023-09-10,25-046,DEN,,LVR,L 16-17,3.10,5.10,5.1,4.1,32,50.0,0,0.0,3,15.8,WR,JohnBr23
3345,Drake London,3.10,59,Sun,8,8,2022-10-30,21-098,ATL,,CAR,W 37-34 (OT),3.10,7.10,7.1,5.1,59,88.1,0,0.0,0,0.0,WR,LondDr00
3346,Drake London,3.10,62,Sun,3,3,2023-09-24,22-062,ATL,@,DET,L 6-20,3.10,5.10,5.1,4.1,62,92.5,0,0.0,0,0.0,WR,LondDr00
3347,Terrace Marshall Jr.,3.10,43,Sun,7,7,2022-10-23,22-136,CAR,,TAM,W 21-3,3.10,5.10,5.1,4.1,43,86.0,0,0.0,0,0.0,WR,MarsTe00
3348,Isaiah McKenzie,3.10,26,Sun,10,10,2023-11-12,28-217,IND,@,NWE,W 10-6,3.10,7.10,7.1,5.1,26,45.6,0,0.0,7,33.3,WR,McKeIs00
3349,Terry McLaurin,3.10,63,Sun,1,1,2023-09-10,27-360,WAS,,ARI,W 20-16,3.10,5.10,5.1,4.1,63,88.7,0,0.0,0,0.0,WR,McLaTe00
3350,Scott Miller,3.10,38,Sun,3,3,2024-09-22,27-053,PIT,,LAC,W 20-10,3.10,5.10,5.1,4.1,38,55.9,0,0.0,1,3.8,WR,MillSc01
3351,Chris Moore,3.10,34,Sun,1,1,2022-09-11,29-087,HOU,,IND,T 20-20 (OT),3.10,6.10,6.1,4.6,34,48.6,0,0.0,0,0.0,WR,MoorCh00
3352,Rondale Moore,3.10,59,Thu,7,7,2022-10-20,22-133,ARI,,NOR,W 42-34,3.10,4.10,4.1,3.6,59,89.4,0,0.0,0,0.0,WR,MoorRo02
3353,Skyy Moore,3.10,22,Sun,4,4,2022-10-02,22-022,KAN,@,TAM,W 41-31,3.10,5.10,5.1,4.1,22,27.5,0,0.0,4,13.3,WR,MoorSk01
3354,K.J. Osborn,3.10,58,Sun,1,1,2023-09-10,26-092,MIN,,TAM,L 17-20,3.10,6.10,6.1,4.6,58,90.6,0,0.0,0,0.0,WR,OsboKJ00
3355,Josh Palmer,3.10,29,Sun,12,13,2024-12-01,25-070,LAC,@,ATL,W 17-13,3.10,4.10,4.1,3.6,29,63.0,0,0.0,0,0.0,WR,PalmJo00
3356,Trey Palmer,3.10,13,Sun,15,16,2024-12-22,23-264,TAM,@,DAL,L 24-26,3.10,5.10,5.1,4.1,13,18.1,0,0.0,5,16.7,WR,PalmTr00
3357,Dante Pettis,3.10,37,Mon,15,16,2024-12-23,29-061,NOR,@,GNB,L 0-34,3.10,5.10,5.1,4.1,37,66.1,0,0.0,10,47.6,WR,PettDa00
3358,Dante Pettis,3.10,22,Mon,7,7,2022-10-24,27-001,CHI,@,NWE,W 33-14,3.10,4.10,4.1,3.6,22,31.0,0,0.0,4,16.0,WR,PettDa00
3359,Michael Pittman Jr.,3.10,59,Sun,4,4,2022-10-02,24-362,IND,,TEN,L 17-24,3.10,6.10,6.1,4.6,59,89.4,0,0.0,0,0.0,WR,PittMi01
3360,Michael Pittman Jr.,3.10,40,Sun,1,1,2024-09-08,26-339,IND,,HOU,L 27-29,3.10,7.10,7.1,5.1,40,88.9,0,0.0,0,0.0,WR,PittMi01
3361,Jayden Reed,3.10,45,Sun,17,18,2025-01-05,24-252,GNB,,CHI,L 22-24,3.10,5.10,6.1,4.1,45,69.2,0,0.0,6,22.2,WR,ReedJa03
3362,Josh Reynolds,3.10,40,Sat,15,16,2022-12-24,27-311,DET,@,CAR,L 23-37,3.10,5.10,5.1,4.1,40,60.6,0,0.0,0,0.0,WR,ReynJo00
3363,Tyler Scott,3.10,28,Thu,10,10,2023-11-09,22-028,CHI,,CAR,W 16-13,3.10,4.10,4.1,3.6,28,38.9,0,0.0,4,14.3,WR,ScotTy00
3364,Steven Sims,3.10,27,Sun,13,14,2022-12-11,25-255,PIT,,BAL,L 14-16,3.10,7.10,7.1,5.1,27,49.1,0,0.0,8,38.1,WR,SimsSt00
3365,JuJu Smith-Schuster,3.10,34,Sun,13,14,2024-12-08,28-016,KAN,,LAC,W 19-17,3.10,5.10,5.1,4.1,34,49.3,0,0.0,0,0.0,WR,SmitJu00
3366,Tyquan Thornton,3.10,21,Thu,12,13,2022-12-01,22-085,NWE,,BUF,L 10-24,3.10,5.10,5.1,4.1,21,38.9,0,0.0,0,0.0,WR,ThorTy00
3367,KaVontae Turpin,3.10,10,Mon,13,14,2024-12-09,28-129,DAL,,CIN,L 20-27,3.10,4.10,4.1,3.6,10,16.7,0,0.0,9,33.3,WR,TurpKa00
3368,Jaylen Waddle,3.10,43,Sun,13,14,2022-12-11,24-016,MIA,@,LAC,L 17-23,3.10,5.10,5.1,4.1,43,84.3,0,0.0,0,0.0,WR,WaddJa00
3369,Tylan Wallace,3.10,14,Sun,5,5,2024-10-06,25-146,BAL,@,CIN,W 41-38 (OT),3.10,5.10,5.1,4.1,14,17.9,0,0.0,23,65.7,WR,WallTy00
3370,Justin Watson,3.10,44,Sun,14,15,2023-12-17,27-257,KAN,@,NWE,W 27-17,3.10,4.10,4.1,3.6,44,67.7,0,0.0,6,20.0,WR,WatsJu01
3371,Nick Westbrook-Ikhine,3.10,54,Sun,9,10,2024-11-10,27-234,TEN,@,LAC,L 17-27,3.10,6.10,6.1,4.6,54,100.0,0,0.0,0,0.0,WR,WestNi00
3372,Michael Wilson,3.10,45,Sun,2,2,2024-09-15,24-205,ARI,,LAR,W 41-10,3.10,5.10,5.1,4.1,45,68.2,0,0.0,0,0.0,WR,WilsMi02
3373,Olamide Zaccheaus,3.10,29,Sun,7,7,2022-10-23,25-092,ATL,@,CIN,L 17-35,3.10,6.10,6.1,4.6,29,61.7,0,0.0,6,24.0,WR,ZaccOl01
3374,Davante Adams,3.00,55,Sun,7,7,2024-10-20,31-301,NYJ,@,PIT,L 15-37,3.00,6.00,6.0,4.5,55,96.5,0,0.0,0,0.0,WR,AdamDa01
3375,Keenan Allen,3.00,47,Sun,13,14,2024-12-08,32-225,CHI,@,SFO,L 13-38,3.00,6.00,6.0,4.5,47,88.7,0,0.0,0,0.0,WR,AlleKe00
3376,Tutu Atwell,3.00,50,Sun,6,6,2023-10-15,24-008,LAR,,ARI,W 26-9,3.00,4.00,4.0,3.5,50,87.7,0,0.0,0,0.0,WR,AtweTu00
3377,Tutu Atwell,3.00,17,Sun,11,12,2024-11-24,25-048,LAR,,PHI,L 20-37,3.00,6.00,6.0,4.5,17,26.6,0,0.0,0,0.0,WR,AtweTu00
3378,Rashod Bateman,3.00,49,Sun,11,11,2024-11-17,24-354,BAL,@,PIT,L 16-18,3.00,5.00,5.0,4.0,49,80.3,0,0.0,0,0.0,WR,BateRa00
3379,Jake Bobo,3.00,27,Mon,4,4,2024-09-30,26-057,SEA,@,DET,L 29-42,3.00,6.00,6.0,4.5,27,30.0,0,0.0,16,55.2,WR,BoboJa00
3380,Kendrick Bourne,3.00,41,Sun,12,12,2024-11-24,29-112,NWE,@,MIA,L 15-34,3.00,6.00,6.0,4.5,41,59.4,0,0.0,0,0.0,WR,BourKe00
3381,Dyami Brown,3.00,61,Sun,14,15,2024-12-15,25-044,WAS,@,NOR,W 20-19,3.00,6.00,6.0,4.5,61,78.2,0,0.0,0,0.0,WR,BrowDy00
3382,Noah Brown,3.00,50,Sun,7,7,2022-10-23,26-290,DAL,,DET,W 24-6,3.00,8.00,9.0,5.5,50,79.4,0,0.0,5,22.7,WR,BrowNo00
3383,Jalen Coker,3.00,43,Sun,6,6,2024-10-13,22-349,CAR,,ATL,L 20-38,3.00,6.00,6.0,4.5,43,65.2,0,0.0,8,29.6,WR,CokeJa01
3384,Keelan Cole,3.00,18,Sun,7,8,2022-10-30,29-193,LVR,@,NOR,L 0-24,3.00,5.00,5.0,4.0,18,31.0,0,0.0,0,0.0,WR,ColeKe00
3385,Nico Collins,3.00,42,Sun,7,8,2023-10-29,24-224,HOU,@,CAR,L 13-15,3.00,7.00,7.0,5.0,42,72.4,0,0.0,0,0.0,WR,CollNi00
3386,Jahan Dotson,3.00,56,Thu,5,5,2023-10-05,23-197,WAS,,CHI,L 20-40,3.00,6.00,6.0,4.5,56,80.0,0,0.0,0,0.0,WR,DotsJa00
3387,Romeo Doubs,3.00,38,Sun,2,2,2023-09-17,23-157,GNB,@,ATL,L 24-25,3.00,5.00,5.0,4.0,38,76.0,0,0.0,0,0.0,WR,DoubRo00
3388,Romeo Doubs,3.00,54,Sun,14,15,2023-12-17,23-248,GNB,,TAM,L 20-34,3.00,6.00,6.0,4.5,54,90.0,0,0.0,0,0.0,WR,DoubRo00
3389,Josh Downs,3.00,57,Sun,1,1,2023-09-10,22-029,IND,,JAX,L 21-31,3.00,6.00,6.0,4.5,57,79.2,0,0.0,0,0.0,WR,DownJo00
3390,Ashton Dulin,3.00,18,Sat,14,15,2022-12-17,25-216,IND,@,MIN,L 36-39 (OT),3.00,5.00,5.0,4.0,18,22.8,0,0.0,27,62.8,WR,DuliAs00
3391,D'Wayne Eskridge,3.00,8,Sun,3,3,2024-09-22,27-183,MIA,@,SEA,L 3-24,3.00,4.00,4.0,3.5,8,13.1,0,0.0,2,7.4,WR,EskrDW00
3392,Zay Flowers,3.00,42,Mon,7,7,2024-10-21,24-040,BAL,@,TAM,W 41-31,3.00,4.00,4.0,3.5,42,71.2,0,0.0,2,6.9,WR,FlowZa00
3393,Rakim Jarrett,3.00,21,Sun,11,12,2024-11-24,23-305,TAM,@,NYG,W 30-7,3.00,4.00,4.0,3.5,21,32.3,0,0.0,0,0.0,WR,JarrRa00
3394,Brandon Johnson,3.00,41,Sun,14,15,2022-12-18,24-145,DEN,,ARI,W 24-15,3.00,6.00,6.0,4.5,41,59.4,0,0.0,4,14.3,WR,JohnBr23
3395,Quentin Johnston,3.00,58,Sat,15,16,2023-12-23,22-108,LAC,,BUF,L 22-24,3.00,5.00,5.0,4.0,58,82.9,0,0.0,0,0.0,WR,JohnQu02
3396,Christian Kirk,3.00,38,Sun,1,1,2024-09-08,27-295,JAX,@,MIA,L 17-20,3.00,4.00,4.0,3.5,38,71.7,0,0.0,0,0.0,WR,KirkCh01
3397,Xavier Legette,3.00,28,Sun,17,18,2025-01-05,23-342,CAR,@,ATL,W 44-38 (OT),3.00,6.00,6.0,4.5,28,41.8,0,0.0,0,0.0,WR,LegeXa00
3398,Tyler Lockett,3.00,53,Thu,11,12,2023-11-23,31-056,SEA,,SFO,L 13-31,3.00,6.00,6.0,4.5,53,94.6,0,0.0,0,0.0,WR,LockTy00
3399,Terrace Marshall Jr.,3.00,26,Sun,5,5,2022-10-09,22-122,CAR,,SFO,L 15-37,3.00,7.00,7.0,5.0,26,37.7,0,0.0,0,0.0,WR,MarsTe00
3400,Marvin Mims,3.00,13,Sun,10,10,2024-11-10,22-236,DEN,@,KAN,L 14-16,3.00,7.00,7.0,5.0,13,22.4,0,0.0,9,36.0,WR,MimsMa00
3401,Adonai Mitchell,3.00,33,Sun,2,2,2024-09-15,21-343,IND,@,GNB,L 10-16,3.00,4.00,4.0,3.5,33,58.9,0,0.0,0,0.0,WR,MitcAd00
3402,Adonai Mitchell,3.00,14,Sun,7,7,2024-10-20,22-012,IND,,MIA,W 16-10,3.00,5.00,5.0,4.0,14,22.6,0,0.0,0,0.0,WR,MitcAd00
3403,Chris Moore,3.00,35,Sun,17,18,2024-01-07,30-205,TEN,,JAX,W 28-20,3.00,6.00,6.0,4.5,35,63.6,0,0.0,4,18.2,WR,MoorCh00
3404,Elijah Moore,3.00,64,Sun,7,8,2023-10-29,23-216,CLE,@,SEA,L 20-24,3.00,5.00,5.0,4.0,64,82.1,0,0.0,3,11.5,WR,MoorEl00
3405,Skyy Moore,3.00,13,Sun,1,1,2022-09-11,22-001,KAN,@,ARI,W 44-21,3.00,4.00,4.0,3.5,13,18.6,0,0.0,6,22.2,WR,MoorSk01
3406,A.T. Perry,3.00,41,Sun,12,13,2023-12-03,24-038,NOR,,DET,L 28-33,3.00,4.00,4.0,3.5,41,61.2,0,0.0,0,0.0,WR,PerrAT00
3407,Alec Pierce,3.00,71,Sun,15,16,2023-12-24,23-236,IND,@,ATL,L 10-29,3.00,6.00,6.0,4.5,71,100.0,0,0.0,0,0.0,WR,PierAl00
3408,Ja'Lynn Polk,3.00,53,Sun,4,4,2024-09-29,22-171,NWE,@,SFO,L 13-30,3.00,6.00,6.0,4.5,53,82.8,0,0.0,1,3.8,WR,PolkJa00
3409,Kalif Raymond,3.00,25,Sun,10,11,2024-11-17,30-101,DET,,JAX,W 52-6,3.00,5.00,5.0,4.0,25,31.6,0,0.0,7,26.9,WR,RaymKa00
3410,Wan'Dale Robinson,3.00,62,Mon,8,8,2024-10-28,23-297,NYG,@,PIT,L 18-26,3.00,8.00,8.0,5.5,62,86.1,0,0.0,0,0.0,WR,RobiWa01
3411,Curtis Samuel,3.00,28,Sun,17,18,2024-01-07,27-149,WAS,,DAL,L 10-38,3.00,5.00,5.0,4.0,28,57.1,0,0.0,0,0.0,WR,SamuCu00
3412,Khalil Shakir,3.00,29,Sun,12,13,2024-12-01,24-302,BUF,,SFO,W 35-10,3.00,7.00,7.0,5.0,29,50.0,0,0.0,0,0.0,WR,ShakKh00
3413,Trent Sherfield,3.00,42,Sun,16,17,2023-01-01,26-310,MIA,@,NWE,L 21-23,3.00,5.00,5.0,4.0,42,59.2,0,0.0,9,33.3,WR,SherTr00
3414,Ben Skowronek,3.00,62,Sun,12,13,2022-12-04,25-160,LAR,,SEA,L 23-27,3.00,5.00,5.0,4.0,62,96.9,0,0.0,3,11.1,WR,SkowBe00
3415,DeVonta Smith,3.00,43,Sun,16,17,2023-12-31,25-047,PHI,,ARI,L 31-35,3.00,6.00,6.0,4.5,43,87.8,0,0.0,0,0.0,WR,SmitDe07
3416,Xavier Smith,3.00,5,Sun,6,7,2024-10-20,27-029,LAR,,LVR,W 20-15,3.00,3.00,3.0,3.0,5,9.1,0,0.0,14,50.0,WR,SmitXa00
3417,Tre Tucker,3.00,24,Sun,11,11,2023-11-19,22-256,LVR,@,MIA,L 13-20,3.00,5.00,5.0,4.0,24,39.3,0,0.0,4,15.4,WR,TuckTr00
3418,Malik Washington,3.00,52,Sun,16,17,2024-12-29,23-360,MIA,@,CLE,W 20-3,3.00,7.00,7.0,5.0,52,86.7,0,0.0,4,17.4,WR,WashMa00
3419,Dontayvion Wicks,3.00,48,Thu,12,13,2024-11-28,23-165,GNB,,MIA,W 30-17,3.00,7.00,7.0,5.0,48,88.9,0,0.0,1,4.2,WR,WickDo00
3420,Cedrick Wilson Jr.,3.00,40,Mon,13,14,2023-12-11,28-021,MIA,,TEN,L 27-28,3.00,5.00,5.0,4.0,40,55.6,0,0.0,1,3.2,WR,WilsCe01
3421,Robert Woods,3.00,39,Sun,5,5,2023-10-08,31-181,HOU,@,ATL,L 19-21,3.00,6.00,6.0,4.5,39,67.2,0,0.0,3,10.3,WR,WoodRo02
3422,Robert Woods,3.00,62,Sun,14,15,2023-12-17,31-251,HOU,@,TEN,W 19-16 (OT),3.00,6.00,6.0,4.5,62,80.5,0,0.0,0,0.0,WR,WoodRo02
3423,Robert Woods,3.00,58,Sat,15,16,2022-12-24,30-258,TEN,,HOU,L 14-19,3.00,7.00,7.0,5.0,58,95.1,0,0.0,5,20.8,WR,WoodRo02
3424,Xavier Worthy,3.00,37,Sun,3,3,2024-09-22,21-148,KAN,@,ATL,W 22-17,3.00,5.00,5.0,4.0,37,50.0,0,0.0,0,0.0,WR,WortXa00
3425,Davante Adams,2.90,64,Sun,6,6,2023-10-15,30-295,LVR,,NWE,W 21-17,2.90,4.90,4.9,3.9,64,91.4,0,0.0,2,8.0,WR,AdamDa01
3426,Jordan Addison,2.90,62,Sun,9,10,2024-11-10,22-288,MIN,@,JAX,W 12-7,2.90,4.90,4.9,3.9,62,73.8,0,0.0,0,0.0,WR,AddiJo00
3427,Nelson Agholor,2.90,19,Sun,9,9,2024-11-03,31-163,BAL,,DEN,W 41-10,2.90,3.90,3.9,3.4,19,33.3,0,0.0,0,0.0,WR,AghoNe00
3428,Jamal Agnew,2.90,40,Sun,3,3,2023-09-24,28-174,JAX,,HOU,L 17-37,2.90,6.90,7.9,4.9,40,54.8,0,0.0,11,37.9,WR,AgneJa00
3429,Keenan Allen,2.90,38,Sun,1,1,2024-09-08,32-134,CHI,,TEN,W 24-17,2.90,6.90,6.9,4.9,38,67.9,0,0.0,0,0.0,WR,AlleKe00
3430,Calvin Austin III,2.90,53,Sun,4,4,2023-10-01,24-191,PIT,@,HOU,L 6-30,2.90,5.90,5.9,4.4,53,89.8,0,0.0,3,12.0,WR,AustCa00
3431,Calvin Austin III,2.90,18,Sun,7,8,2023-10-29,24-219,PIT,,JAX,L 10-20,2.90,4.90,4.9,3.9,18,26.9,0,0.0,3,11.5,WR,AustCa00
3432,Odell Beckham Jr.,2.90,39,Sun,2,2,2023-09-17,30-316,BAL,@,CIN,W 27-24,2.90,5.90,5.9,4.4,39,52.0,0,0.0,0,0.0,WR,BeckOd00
3433,Kendrick Bourne,2.90,38,Thu,11,12,2022-11-24,27-112,NWE,@,MIN,L 26-33,2.90,5.90,5.9,4.4,38,69.1,0,0.0,0,0.0,WR,BourKe00
3434,Kendrick Bourne,2.90,38,Sun,2,2,2023-09-17,28-044,NWE,,MIA,L 17-24,2.90,6.90,6.9,4.9,38,51.4,0,0.0,0,0.0,WR,BourKe00
3435,Tyler Boyd,2.90,51,Sun,16,17,2023-12-31,29-046,CIN,@,KAN,L 17-25,2.90,4.90,4.9,3.9,51,68.9,0,0.0,0,0.0,WR,BoydTy00
3436,A.J. Brown,2.90,74,Thu,2,2,2023-09-14,26-076,PHI,,MIN,W 34-28,2.90,6.90,6.9,4.9,74,96.1,0,0.0,0,0.0,WR,BrowAJ00
3437,Noah Brown,2.90,34,Mon,3,3,2024-09-23,28-261,WAS,@,CIN,W 38-33,2.90,5.90,5.9,4.4,34,57.6,0,0.0,0,0.0,WR,BrowNo00
3438,Damiere Byrd,2.90,19,Sun,11,11,2022-11-20,29-297,ATL,,CHI,W 27-24,2.90,4.90,4.9,3.9,19,34.5,0,0.0,0,0.0,WR,ByrdDa00
3439,Ja'Marr Chase,2.90,52,Sun,13,14,2023-12-10,23-284,CIN,,IND,W 34-14,2.90,5.90,5.9,4.4,52,86.7,0,0.0,0,0.0,WR,ChasJa00
3440,Chase Claypool,2.90,36,Sun,17,18,2023-01-08,24-185,CHI,,MIN,L 13-29,2.90,4.90,4.9,3.9,36,70.6,0,0.0,0,0.0,WR,ClayCh01
3441,River Cracraft,2.90,20,Sun,12,13,2022-12-04,28-033,MIA,@,SFO,L 17-33,2.90,4.90,4.9,3.9,20,43.5,0,0.0,0,0.0,WR,CracRi00
3442,Tank Dell,2.90,50,Sun,4,4,2023-10-01,23-337,HOU,,PIT,W 30-6,2.90,3.90,3.9,3.4,50,70.4,0,0.0,3,12.0,WR,DellNa00
3443,Stefon Diggs,2.90,33,Sat,15,16,2023-12-23,30-024,BUF,@,LAC,W 24-22,2.90,7.90,7.9,5.4,33,60.0,0,0.0,0,0.0,WR,DiggSt00
3444,Romeo Doubs,2.90,54,Sun,5,5,2022-10-09,22-179,GNB,,NYG,L 22-27,2.90,5.90,5.9,4.4,54,85.7,0,0.0,0,0.0,WR,DoubRo00
3445,Demario Douglas,2.90,41,Sun,8,8,2023-10-29,22-325,NWE,@,MIA,L 17-31,2.90,7.90,7.9,5.4,41,77.4,0,0.0,3,11.5,WR,DougDe00
3446,Devin Duvernay,2.90,45,Sat,14,15,2022-12-17,25-096,BAL,@,CLE,L 3-13,2.90,4.90,4.9,3.9,45,71.4,0,0.0,7,38.9,WR,DuveDe00
3447,Alex Erickson,2.90,57,Sun,17,18,2024-01-07,31-062,LAC,,KAN,L 12-13,2.90,4.90,4.9,3.9,57,68.7,0,0.0,3,11.1,WR,EricAl01
3448,Mike Evans,2.90,75,Sun,15,16,2022-12-25,29-126,TAM,@,ARI,W 19-16 (OT),2.90,5.90,5.9,4.4,75,92.6,0,0.0,0,0.0,WR,EvanMi00
3449,Xavier Gipson,2.90,40,Sun,14,15,2023-12-17,22-284,NYJ,@,MIA,L 0-30,2.90,4.90,4.9,3.9,40,69.0,0,0.0,11,45.8,WR,GipsXa00
3450,Kenny Golladay,2.90,33,Sun,10,11,2022-11-20,29-017,NYG,,DET,L 18-31,2.90,4.90,4.9,3.9,33,43.4,0,0.0,0,0.0,WR,GollKe00
3451,Malik Heath,2.90,20,Sun,14,15,2023-12-17,23-261,GNB,,TAM,L 20-34,2.90,5.90,5.9,4.4,20,33.3,0,0.0,7,28.0,WR,HeatMa00
3452,Mack Hollins,2.90,30,Sun,5,5,2023-10-08,30-022,ATL,,HOU,W 21-19,2.90,4.90,4.9,3.9,30,39.0,0,0.0,4,13.8,WR,HollMa00
3453,DeAndre Hopkins,2.90,23,Sun,7,8,2024-10-27,32-143,KAN,@,LVR,W 27-20,2.90,4.90,4.9,3.9,23,31.9,0,0.0,0,0.0,WR,HopkDe00
3454,DeAndre Hopkins,2.90,26,Sun,10,11,2024-11-17,32-164,KAN,@,BUF,L 21-30,2.90,5.90,5.9,4.4,26,47.3,0,0.0,0,0.0,WR,HopkDe00
3455,Andrei Iosivas,2.90,51,Sun,4,4,2024-09-29,24-350,CIN,@,CAR,W 34-24,2.90,3.90,3.9,3.4,51,76.1,0,0.0,0,0.0,WR,IosiAn00
3456,Andrei Iosivas,2.90,69,Thu,10,10,2024-11-07,25-023,CIN,@,BAL,L 34-35,2.90,4.90,4.9,3.9,69,84.1,0,0.0,0,0.0,WR,IosiAn00
3457,Van Jefferson,2.90,71,Sun,4,4,2023-10-01,27-067,LAR,@,IND,W 29-23 (OT),2.90,4.90,4.9,3.9,71,86.6,0,0.0,0,0.0,WR,JeffVa00
3458,Diontae Johnson,2.90,48,Sun,5,5,2024-10-06,28-093,CAR,@,CHI,L 10-36,2.90,5.90,5.9,4.4,48,80.0,0,0.0,0,0.0,WR,JohnDi01
3459,Quentin Johnston,2.90,59,Sun,16,17,2023-12-31,22-116,LAC,@,DEN,L 9-16,2.90,5.90,5.9,4.4,59,90.8,0,0.0,0,0.0,WR,JohnQu02
3460,Marvin Jones,2.90,27,Sat,17,18,2023-01-07,32-301,JAX,,TEN,W 20-16,2.90,4.90,4.9,3.9,27,55.1,0,0.0,0,0.0,WR,JoneMa02
3461,Zay Jones,2.90,64,Sun,13,14,2023-12-10,28-255,JAX,@,CLE,L 27-31,2.90,7.90,7.9,5.4,64,84.2,0,0.0,0,0.0,WR,JoneZa00
3462,Cooper Kupp,2.90,48,Sat,16,17,2024-12-28,31-196,LAR,,ARI,W 13-9,2.90,3.90,3.9,3.4,48,84.2,0,0.0,0,0.0,WR,KuppCo00
3463,CeeDee Lamb,2.90,67,Sun,1,1,2022-09-11,23-156,DAL,,TAM,L 3-19,2.90,4.90,4.9,3.9,67,97.1,0,0.0,0,0.0,WR,LambCe00
3464,Drake London,2.90,49,Sun,12,12,2022-11-27,21-126,ATL,@,WAS,L 13-19,2.90,4.90,4.9,3.9,49,86.0,0,0.0,0,0.0,WR,LondDr00
3465,Ray-Ray McCloud,2.90,36,Sun,17,18,2024-01-07,27-084,SFO,,LAR,L 20-21,2.90,5.90,5.9,4.4,36,59.0,0,0.0,6,31.6,WR,McClRa00
3466,D.K. Metcalf,2.90,59,Sun,1,1,2024-09-08,26-269,SEA,,DEN,W 26-20,2.90,5.90,5.9,4.4,59,88.1,0,0.0,0,0.0,WR,MetcDK00
3467,John Metchie,2.90,20,Sun,8,8,2024-10-27,24-101,HOU,,IND,W 23-20,2.90,5.90,5.9,4.4,20,28.2,0,0.0,0,0.0,WR,MetcJo00
3468,Jakobi Meyers,2.90,59,Sun,2,2,2024-09-15,27-311,LVR,@,BAL,W 26-23,2.90,6.90,6.9,4.9,59,93.7,0,0.0,0,0.0,WR,MeyeJa01
3469,Chris Moore,2.90,31,Thu,8,9,2023-11-02,30-139,TEN,@,PIT,L 16-20,2.90,3.90,3.9,3.4,31,41.9,0,0.0,5,20.8,WR,MoorCh00
3470,D.J. Moore,2.90,59,Thu,10,10,2022-11-10,25-210,CAR,,ATL,W 25-15,2.90,6.90,6.9,4.9,59,89.4,0,0.0,1,3.4,WR,MoorD.00
3471,Trey Palmer,2.90,51,Sun,8,8,2024-10-27,23-208,TAM,,ATL,L 26-31,2.90,4.90,4.9,3.9,51,69.9,0,0.0,3,11.1,WR,PalmTr00
3472,George Pickens,2.90,51,Sun,16,17,2023-01-01,21-303,PIT,@,BAL,W 16-13,2.90,4.90,4.9,3.9,51,72.9,0,0.0,0,0.0,WR,PickGe00
3473,George Pickens,2.90,51,Sun,2,2,2024-09-15,23-195,PIT,@,DEN,W 13-6,2.90,4.90,4.9,3.9,51,77.3,0,0.0,0,0.0,WR,PickGe00
3474,Allen Robinson,2.90,57,Sun,5,5,2023-10-08,30-045,PIT,,BAL,W 17-10,2.90,7.90,7.9,5.4,57,86.4,0,0.0,0,0.0,WR,RobiAl02
3475,Steven Sims,2.90,29,Sun,14,15,2022-12-18,25-262,PIT,@,CAR,W 24-16,2.90,3.90,3.9,3.4,29,42.6,0,0.0,9,36.0,WR,SimsSt00
3476,DeVonta Smith,2.90,63,Thu,10,11,2024-11-14,26-000,PHI,,WAS,W 26-18,2.90,6.90,6.9,4.9,63,88.7,0,0.0,1,3.7,WR,SmitDe07
3477,Tre'Quan Smith,2.90,36,Mon,9,9,2022-11-07,26-304,NOR,,BAL,L 13-27,2.90,5.90,5.9,4.4,36,70.6,0,0.0,0,0.0,WR,SmitTr03
3478,Adam Thielen,2.90,71,Sun,8,9,2023-11-05,33-075,CAR,,IND,L 13-27,2.90,7.90,7.9,5.4,71,100.0,0,0.0,0,0.0,WR,ThieAd00
3479,DJ Turner,2.90,28,Sun,10,11,2024-11-17,27-304,LVR,@,MIA,L 19-34,2.90,5.90,5.9,4.4,28,43.1,0,0.0,14,60.9,WR,TurnDJ00
3480,Dontayvion Wicks,2.90,23,Sun,8,9,2023-11-05,22-142,GNB,,LAR,W 20-3,2.90,6.90,7.9,4.9,23,31.9,0,0.0,1,4.3,WR,WickDo00
3481,Garrett Wilson,2.90,55,Sun,14,15,2023-12-17,23-148,NYJ,@,MIA,L 0-30,2.90,5.90,5.9,4.4,55,94.8,0,0.0,0,0.0,WR,WilsGa00
3482,Michael Wilson,2.90,69,Sat,16,17,2024-12-28,24-309,ARI,@,LAR,L 9-13,2.90,6.90,6.9,4.9,69,87.3,0,0.0,0,0.0,WR,WilsMi02
3483,Olamide Zaccheaus,2.90,45,Sun,1,1,2022-09-11,25-050,ATL,,NOR,L 26-27,2.90,6.90,7.9,4.9,45,60.0,0,0.0,1,3.1,WR,ZaccOl01
3484,Davante Adams,2.80,67,Sun,14,15,2022-12-18,29-359,LVR,,NWE,W 30-24,2.80,6.80,6.8,4.8,67,98.5,0,0.0,0,0.0,WR,AdamDa01
3485,Jordan Addison,2.80,49,Sun,16,17,2023-12-31,21-338,MIN,,GNB,L 10-33,2.80,5.80,5.8,4.3,49,92.5,0,0.0,0,0.0,WR,AddiJo00
3486,Brandon Aiyuk,2.80,43,Mon,1,1,2024-09-09,26-176,SFO,,NYJ,W 32-19,2.80,4.80,4.8,3.8,43,59.7,0,0.0,0,0.0,WR,AiyuBr00
3487,Rashod Bateman,2.80,43,Sun,9,9,2023-11-05,23-341,BAL,,SEA,W 37-3,2.80,5.80,5.8,4.3,43,56.6,0,0.0,0,0.0,WR,BateRa00
3488,Rashod Bateman,2.80,57,Sun,8,8,2024-10-27,24-333,BAL,@,CLE,L 24-29,2.80,3.80,3.8,3.3,57,83.8,0,0.0,0,0.0,WR,BateRa00
3489,Braxton Berrios,2.80,21,Sun,2,2,2023-09-17,27-346,MIA,@,NWE,W 24-17,2.80,4.80,4.8,3.8,21,33.3,0,0.0,8,32.0,WR,BerrBr00
3490,Kayshon Boutte,2.80,41,Sat,16,17,2024-12-28,22-235,NWE,,LAC,L 7-40,2.80,6.80,6.8,4.8,41,77.4,0,0.0,0,0.0,WR,BoutKa00
3491,Jason Brownlee,2.80,71,Thu,16,17,2023-12-28,24-332,NYJ,@,CLE,L 20-37,2.80,4.80,4.8,3.8,71,97.3,0,0.0,0,0.0,WR,BrowJa07
3492,Marquise Brown,2.80,65,Sun,10,10,2023-11-12,26-161,ARI,,ATL,W 25-23,2.80,3.80,3.8,3.3,65,100.0,0,0.0,0,0.0,WR,BrowMa04
3493,Treylon Burks,2.80,38,Thu,8,9,2023-11-02,23-224,TEN,@,PIT,L 16-20,2.80,4.80,4.8,3.8,38,51.4,0,0.0,0,0.0,WR,BurkTr00
3494,DJ Chark,2.80,66,Sun,4,4,2023-10-01,27-008,CAR,,MIN,L 13-21,2.80,4.80,4.8,3.8,66,91.7,0,0.0,0,0.0,WR,CharDJ00
3495,Tyrie Cleveland,2.80,31,Sun,2,2,2022-09-18,24-363,DEN,,HOU,W 16-9,2.80,4.80,4.8,3.8,31,43.1,0,0.0,18,69.2,WR,ClevTy00
3496,Jamison Crowder,2.80,18,Thu,1,1,2022-09-08,29-083,BUF,@,LAR,W 31-10,2.80,5.80,5.8,4.3,18,30.5,0,0.0,4,21.1,WR,CrowJa00
3497,Romeo Doubs,2.80,56,Sun,16,17,2023-12-31,23-262,GNB,@,MIN,W 33-10,2.80,5.80,5.8,4.3,56,75.7,0,0.0,0,0.0,WR,DoubRo00
3498,Romeo Doubs,2.80,54,Sun,9,9,2024-11-03,24-204,GNB,,DET,L 14-24,2.80,6.80,6.8,4.8,54,83.1,0,0.0,0,0.0,WR,DoubRo00
3499,Troy Franklin,2.80,27,Mon,13,13,2024-12-02,21-300,DEN,,CLE,W 41-32,2.80,4.80,4.8,3.8,27,40.9,0,0.0,0,0.0,WR,FranTr00
3500,Russell Gage,2.80,44,Sun,2,2,2022-09-18,26-239,TAM,@,NOR,W 20-10,2.80,7.80,7.8,5.3,44,65.7,0,0.0,1,3.8,WR,GageRu00
3501,Justin Jefferson,2.80,51,Sun,5,5,2023-10-08,24-114,MIN,,KAN,L 20-27,2.80,5.80,5.8,4.3,51,70.8,0,0.0,0,0.0,WR,JeffJu00
3502,Julio Jones,2.80,30,Sun,9,9,2022-11-06,33-276,TAM,,LAR,W 16-13,2.80,4.80,4.8,3.8,30,35.7,0,0.0,0,0.0,WR,JoneJu02
3503,Julio Jones,2.80,52,Mon,12,13,2022-12-05,33-305,TAM,,NOR,W 17-16,2.80,5.80,5.8,4.3,52,65.0,0,0.0,0,0.0,WR,JoneJu02
3504,Xavier Legette,2.80,32,Sun,16,17,2024-12-29,23-335,CAR,@,TAM,L 14-48,2.80,7.80,7.8,5.3,32,68.1,0,0.0,0,0.0,WR,LegeXa00
3505,Tyler Lockett,2.80,44,Mon,1,1,2022-09-12,29-349,SEA,,DEN,W 17-16,2.80,5.80,5.8,4.3,44,80.0,0,0.0,1,5.3,WR,LockTy00
3506,Tyler Lockett,2.80,29,Sun,17,18,2025-01-05,32-099,SEA,@,LAR,W 30-25,2.80,4.80,4.8,3.8,29,52.7,0,0.0,0,0.0,WR,LockTy00
3507,Terrace Marshall Jr.,2.80,28,Sun,16,17,2024-12-29,24-203,LVR,@,NOR,W 25-10,2.80,3.80,3.8,3.3,28,36.4,0,0.0,0,0.0,WR,MarsTe00
3508,Isaiah McKenzie,2.80,38,Sun,13,14,2022-12-11,27-246,BUF,,NYJ,W 20-12,2.80,5.80,5.8,4.3,38,64.4,0,0.0,0,0.0,WR,McKeIs00
3509,Bo Melton,2.80,11,Sun,4,4,2024-09-29,25-134,GNB,,MIN,L 29-31,2.80,3.80,3.8,3.3,11,14.5,0,0.0,14,48.3,WR,MeltBo00
3510,D.K. Metcalf,2.80,55,Sun,14,15,2024-12-15,27-001,SEA,,GNB,L 13-30,2.80,5.80,5.8,4.3,55,93.2,0,0.0,0,0.0,WR,MetcDK00
3511,Elijah Moore,2.80,54,Sun,3,3,2023-09-24,23-181,CLE,,TEN,W 27-3,2.80,11.80,12.8,7.3,54,76.1,0,0.0,0,0.0,WR,MoorEl00
3512,Elijah Moore,2.80,60,Sun,9,9,2024-11-03,24-221,CLE,,LAC,L 10-27,2.80,5.80,5.8,4.3,60,75.9,0,0.0,0,0.0,WR,MoorEl00
3513,Trey Palmer,2.80,51,Sun,10,11,2023-11-19,22-231,TAM,@,SFO,L 14-27,2.80,6.80,6.8,4.8,51,71.8,0,0.0,0,0.0,WR,PalmTr00
3514,George Pickens,2.80,53,Sun,6,6,2022-10-16,21-226,PIT,,TAM,W 20-18,2.80,5.80,5.8,4.3,53,82.8,0,0.0,0,0.0,WR,PickGe00
3515,Alec Pierce,2.80,46,Sun,11,11,2022-11-20,22-202,IND,,PHI,L 16-17,2.80,5.80,5.8,4.3,46,70.8,0,0.0,0,0.0,WR,PierAl00
3516,Alec Pierce,2.80,57,Sun,2,2,2023-09-17,23-138,IND,@,HOU,W 31-20,2.80,4.80,4.8,3.8,57,100.0,0,0.0,0,0.0,WR,PierAl00
3517,Josh Reynolds,2.80,55,Sun,1,1,2022-09-11,27-207,DET,,PHI,L 35-38,2.80,3.80,3.8,3.3,55,79.7,0,0.0,0,0.0,WR,ReynJo00
3518,Justyn Ross,2.80,6,Sun,5,5,2023-10-08,23-297,KAN,@,MIN,W 27-20,2.80,4.80,4.8,3.8,6,9.1,0,0.0,10,41.7,WR,RossJu00
3519,Rashid Shaheed,2.80,41,Sun,5,5,2023-10-08,25-038,NOR,@,NWE,W 34-0,2.80,4.80,4.8,3.8,41,56.9,0,0.0,9,29.0,WR,ShahRa00
3520,Khalil Shakir,2.80,15,Sun,16,18,2023-01-08,22-339,BUF,,NWE,W 35-23,2.80,3.80,3.8,3.3,15,25.4,0,0.0,0,0.0,WR,ShakKh00
3521,DeVonta Smith,2.80,79,Mon,3,3,2023-09-25,24-315,PHI,@,TAM,W 25-11,2.80,6.80,6.8,4.8,79,98.8,0,0.0,0,0.0,WR,SmitDe07
3522,JuJu Smith-Schuster,2.80,44,Sun,2,2,2023-09-17,26-299,NWE,,MIA,L 17-24,2.80,7.80,7.8,5.3,44,59.5,0,0.0,0,0.0,WR,SmitJu00
3523,Tyquan Thornton,2.80,52,Mon,13,14,2022-12-12,22-096,NWE,@,ARI,W 27-13,2.80,6.80,6.8,4.8,52,88.1,0,0.0,0,0.0,WR,ThorTy00
3524,Marquez Valdes-Scantling,2.80,50,Sun,16,17,2023-01-01,28-083,KAN,,DEN,W 27-24,2.80,4.80,4.8,3.8,50,83.3,0,0.0,0,0.0,WR,ValdMa00
3525,Devaughn Vele,2.80,25,Sun,8,8,2024-10-27,26-320,DEN,,CAR,W 28-14,2.80,5.80,5.8,4.3,25,34.2,0,0.0,1,4.2,WR,VeleDe00
3526,Malik Washington,2.80,58,Sun,15,16,2024-12-22,23-353,MIA,,SFO,W 29-17,2.80,5.80,5.8,4.3,58,86.6,0,0.0,7,25.0,WR,WashMa00
3527,Quez Watkins,2.80,46,Sun,12,13,2023-12-03,25-177,PHI,,SFO,L 19-42,2.80,5.80,5.8,4.3,46,63.9,0,0.0,0,0.0,WR,WatkQu00
3528,Nick Westbrook-Ikhine,2.80,52,Thu,10,11,2022-11-17,25-241,TEN,@,GNB,W 27-17,2.80,4.80,4.8,3.8,52,78.8,0,0.0,0,0.0,WR,WestNi00
3529,Nick Westbrook-Ikhine,2.80,70,Sun,12,13,2023-12-03,26-257,TEN,,IND,L 28-31 (OT),2.80,3.80,3.8,3.3,70,82.4,0,0.0,3,8.1,WR,WestNi00
3530,Jordan Whittington,2.80,22,Sun,3,3,2024-09-22,23-357,LAR,,SFO,W 27-24,2.80,5.80,5.8,4.3,22,37.9,0,0.0,4,14.8,WR,WhitJo04
3531,Dontayvion Wicks,2.80,23,Sun,7,8,2023-10-29,22-135,GNB,,MIN,L 10-24,2.80,4.80,4.8,3.8,23,33.8,0,0.0,0,0.0,WR,WickDo00
3532,Cedrick Wilson Jr.,2.80,28,Sun,1,1,2022-09-11,26-295,MIA,,NWE,W 20-7,2.80,4.80,4.8,3.8,28,46.7,0,0.0,0,0.0,WR,WilsCe01
3533,Cedrick Wilson Jr.,2.80,36,Sun,6,6,2024-10-13,28-328,NOR,,TAM,L 27-51,2.80,4.80,4.8,3.8,36,51.4,0,0.0,15,40.5,WR,WilsCe01
3534,Olamide Zaccheaus,2.80,15,Sun,13,14,2023-12-10,26-140,PHI,@,DAL,L 13-33,2.80,3.80,3.8,3.3,15,27.3,0,0.0,10,40.0,WR,ZaccOl01
3535,Jordan Addison,2.70,69,Sun,13,14,2023-12-10,21-317,MIN,@,LVR,W 3-0,2.70,4.70,4.7,3.7,69,95.8,0,0.0,0,0.0,WR,AddiJo00
3536,David Bell,2.70,34,Mon,8,8,2022-10-31,21-321,CLE,,CIN,W 32-13,2.70,4.70,4.7,3.7,34,47.2,0,0.0,8,34.8,WR,BellDa02
3537,David Bell,2.70,49,Sun,13,14,2022-12-11,21-362,CLE,@,CIN,L 10-23,2.70,5.70,5.7,4.2,49,68.1,0,0.0,5,20.8,WR,BellDa02
3538,David Bell,2.70,11,Mon,2,2,2023-09-18,22-278,CLE,@,PIT,L 22-26,2.70,5.70,5.7,4.2,11,12.6,0,0.0,4,12.9,WR,BellDa02
3539,David Bell,2.70,9,Sun,2,2,2024-09-15,23-276,CLE,@,JAX,W 18-13,2.70,5.70,5.7,4.2,9,12.5,0,0.0,0,0.0,WR,BellDa02
3540,Noah Brown,2.70,38,Sun,13,13,2024-12-01,28-330,WAS,,TEN,W 42-19,2.70,5.70,5.7,4.2,38,45.8,0,0.0,0,0.0,WR,BrowNo00
3541,Treylon Burks,2.70,57,Sun,1,1,2023-09-10,23-171,TEN,@,NOR,L 15-16,2.70,4.70,4.7,3.7,57,90.5,0,0.0,0,0.0,WR,BurkTr00
3542,Chris Conley,2.70,32,Sun,13,14,2022-12-11,30-047,TEN,,JAX,L 22-36,2.70,3.70,3.7,3.2,32,47.8,0,0.0,11,42.3,WR,ConlCh00
3543,Brandin Cooks,2.70,49,Sun,4,4,2023-10-01,30-006,DAL,,NWE,W 38-3,2.70,6.70,6.7,4.7,49,70.0,0,0.0,0,0.0,WR,CookBr00
3544,Jamison Crowder,2.70,21,Sun,14,15,2024-12-15,31-181,WAS,@,NOR,W 20-19,2.70,5.70,5.7,4.2,21,26.9,0,0.0,4,16.0,WR,CrowJa00
3545,Corey Davis,2.70,68,Sun,3,3,2022-09-25,27-257,NYJ,,CIN,L 12-27,2.70,4.70,4.7,3.7,68,87.2,0,0.0,0,0.0,WR,DaviCo03
3546,Stefon Diggs,2.70,61,Sun,11,11,2023-11-19,29-355,BUF,,NYJ,W 32-6,2.70,6.70,6.7,4.7,61,80.3,0,0.0,0,0.0,WR,DiggSt00
3547,Greg Dortch,2.70,21,Sun,15,16,2024-12-22,26-207,ARI,@,CAR,L 30-36 (OT),2.70,3.70,3.7,3.2,21,30.0,0,0.0,11,33.3,WR,DortGr01
3548,Jahan Dotson,2.70,30,Sun,9,10,2024-11-10,24-233,PHI,@,DAL,W 34-6,2.70,3.70,3.7,3.2,30,44.1,0,0.0,0,0.0,WR,DotsJa00
3549,Romeo Doubs,2.70,25,Sun,2,2,2022-09-18,22-158,GNB,,CHI,W 27-10,2.70,4.70,4.7,3.7,25,36.8,0,0.0,0,0.0,WR,DoubRo00
3550,Josh Downs,2.70,29,Sun,12,12,2024-11-24,23-104,IND,,DET,L 6-24,2.70,5.70,5.7,4.2,29,52.7,0,0.0,4,16.7,WR,DownJo00
3551,Tee Higgins,2.70,26,Sun,1,1,2022-09-11,23-236,CIN,,PIT,L 20-23 (OT),2.70,4.70,4.7,3.7,26,26.0,0,0.0,0,0.0,WR,HiggTe00
3552,Kendall Hinton,2.70,32,Sun,3,3,2022-09-25,25-218,DEN,,SFO,W 11-10,2.70,3.70,3.7,3.2,32,43.2,0,0.0,4,14.3,WR,HintKe00
3553,Mack Hollins,2.70,14,Sun,8,8,2023-10-29,30-043,ATL,@,TEN,L 23-28,2.70,4.70,4.7,3.7,14,20.6,0,0.0,25,71.4,WR,HollMa00
3554,Mack Hollins,2.70,33,Sun,5,5,2024-10-06,31-020,BUF,@,HOU,L 20-23,2.70,4.70,4.7,3.7,33,54.1,0,0.0,11,35.5,WR,HollMa00
3555,Mack Hollins,2.70,41,Sun,11,11,2024-11-17,31-062,BUF,,KAN,W 30-21,2.70,4.70,4.7,3.7,41,56.2,0,0.0,0,0.0,WR,HollMa00
3556,DeAndre Hopkins,2.70,50,Sun,9,10,2023-11-12,31-159,TEN,@,TAM,L 6-20,2.70,5.70,5.7,4.2,50,79.4,0,0.0,0,0.0,WR,HopkDe00
3557,Trenton Irwin,2.70,23,Mon,8,8,2022-10-31,26-325,CIN,@,CLE,L 13-32,2.70,4.70,4.7,3.7,23,43.4,0,0.0,1,4.3,WR,IrwiTr00
3558,Justin Jefferson,2.70,13,Sun,13,14,2023-12-10,24-177,MIN,@,LVR,W 3-0,2.70,4.70,4.7,3.7,13,18.1,0,0.0,0,0.0,WR,JeffJu00
3559,Justin Jefferson,2.70,70,Sun,11,12,2024-11-24,25-161,MIN,@,CHI,W 30-27 (OT),2.70,4.70,4.7,3.7,70,98.6,0,0.0,1,3.2,WR,JeffJu00
3560,Van Jefferson,2.70,47,Sat,15,16,2024-12-21,28-148,PIT,@,BAL,L 17-34,2.70,4.70,4.7,3.7,47,78.3,0,0.0,0,0.0,WR,JeffVa00
3561,Jauan Jennings,2.70,34,Thu,6,6,2024-10-10,27-092,SFO,@,SEA,W 36-24,2.70,5.70,5.7,4.2,34,52.3,0,0.0,0,0.0,WR,JennJa00
3562,Brandon Johnson,2.70,58,Sun,16,17,2023-12-31,25-158,DEN,,LAC,W 16-9,2.70,6.70,6.7,4.7,58,84.1,0,0.0,0,0.0,WR,JohnBr23
3563,Jarvis Landry,2.70,38,Sun,4,4,2022-10-02,29-308,NOR,,MIN,L 25-28,2.70,4.70,4.7,3.7,38,63.3,0,0.0,0,0.0,WR,LandJa00
3564,Ray-Ray McCloud,2.70,44,Sun,6,6,2023-10-15,27-000,SFO,@,CLE,L 17-19,2.70,3.70,3.7,3.2,44,71.0,0,0.0,10,32.3,WR,McClRa00
3565,Ray-Ray McCloud,2.70,61,Sun,15,16,2024-12-22,28-068,ATL,,NYG,W 34-7,2.70,5.70,5.7,4.2,61,91.0,0,0.0,2,8.3,WR,McClRa00
3566,Ray-Ray McCloud,2.70,40,Sun,16,17,2024-12-29,28-075,ATL,@,WAS,L 24-30 (OT),2.70,3.70,3.7,3.2,40,62.5,0,0.0,0,0.0,WR,McClRa00
3567,Jakobi Meyers,2.70,40,Sun,14,15,2022-12-18,26-039,NWE,@,LVR,L 24-30,2.70,4.70,5.7,3.7,40,61.5,0,0.0,0,0.0,WR,MeyeJa01
3568,Darnell Mooney,2.70,34,Sun,11,11,2024-11-17,27-019,ATL,@,DEN,L 6-38,2.70,4.70,4.7,3.7,34,57.6,0,0.0,0,0.0,WR,MoonDa00
3569,D.J. Moore,2.70,58,Sun,9,10,2024-11-10,27-210,CHI,,NWE,L 3-19,2.70,5.70,5.7,4.2,58,96.7,0,0.0,0,0.0,WR,MoorD.00
3570,Elijah Moore,2.70,61,Sun,5,6,2023-10-15,23-202,CLE,,SFO,W 19-17,2.70,6.70,6.7,4.7,61,80.3,0,0.0,0,0.0,WR,MoorEl00
3571,Puka Nacua,2.70,54,Sun,11,12,2023-11-26,22-181,LAR,@,ARI,W 37-14,2.70,6.70,6.7,4.7,54,80.6,0,0.0,1,3.6,WR,NacuPu00
3572,Dante Pettis,2.70,16,Sun,16,17,2024-12-29,29-067,NOR,,LVR,L 10-25,2.70,5.70,5.7,4.2,16,26.7,0,0.0,11,39.3,WR,PettDa00
3573,Alec Pierce,2.70,69,Sun,11,12,2023-11-26,23-208,IND,,TAM,W 27-20,2.70,6.70,6.7,4.7,69,94.5,0,0.0,0,0.0,WR,PierAl00
3574,Brandon Powell,2.70,6,Sun,3,3,2022-09-25,27-013,LAR,@,ARI,W 20-12,2.70,5.70,5.7,4.2,6,12.5,0,0.0,13,52.0,WR,PoweBr00
3575,Byron Pringle,2.70,17,Thu,12,12,2023-11-23,30-006,WAS,@,DAL,L 10-45,2.70,4.70,4.7,3.7,17,21.8,0,0.0,14,56.0,WR,PrinBy00
3576,Kalif Raymond,2.70,31,Sun,2,2,2024-09-15,30-038,DET,,TAM,L 16-20,2.70,5.70,5.7,4.2,31,36.0,0,0.0,10,38.5,WR,RaymKa00
3577,Demarcus Robinson,2.70,45,Sun,6,6,2022-10-16,28-025,BAL,@,NYG,L 20-24,2.70,5.70,5.7,4.2,45,76.3,0,0.0,0,0.0,WR,RobiDe01
3578,Laviska Shenault Jr.,2.70,17,Sun,5,5,2023-10-08,25-003,CAR,@,DET,L 24-42,2.70,2.70,2.7,2.7,17,23.9,0,0.0,12,44.4,WR,ShenLa00
3579,Trent Sherfield,2.70,37,Sun,9,9,2022-11-06,26-254,MIA,@,CHI,W 35-32,2.70,5.70,5.7,4.2,37,64.9,0,0.0,0,0.0,WR,SherTr00
3580,Darius Slayton,2.70,66,Sun,13,14,2024-12-08,27-331,NYG,,NOR,L 11-14,2.70,4.70,4.7,3.7,66,84.6,0,0.0,0,0.0,WR,SlayDa01
3581,Darius Slayton,2.70,50,Sun,15,16,2024-12-22,27-345,NYG,@,ATL,L 7-34,2.70,3.70,3.7,3.2,50,84.7,0,0.0,0,0.0,WR,SlayDa01
3582,JuJu Smith-Schuster,2.70,44,Sat,15,16,2022-12-24,26-032,KAN,,SEA,W 24-10,2.70,5.70,5.7,4.2,44,83.0,0,0.0,0,0.0,WR,SmitJu00
3583,Adam Thielen,2.70,76,Sun,5,5,2022-10-09,32-048,MIN,,CHI,W 29-22,2.70,6.70,6.7,4.7,76,96.2,0,0.0,0,0.0,WR,ThieAd00
3584,Adam Thielen,2.70,59,Sun,12,13,2022-12-04,32-104,MIN,,NYJ,W 27-22,2.70,4.70,4.7,3.7,59,86.8,0,0.0,0,0.0,WR,ThieAd00
3585,Brian Thomas,2.70,49,Sun,6,6,2024-10-13,22-005,JAX,@,CHI,L 16-35,2.70,5.70,5.7,4.2,49,79.0,0,0.0,0,0.0,WR,ThomBr06
3586,Tyquan Thornton,2.70,38,Sun,1,1,2024-09-08,24-001,NWE,@,CIN,W 16-10,2.70,4.70,4.7,3.7,38,58.5,0,0.0,0,0.0,WR,ThorTy00
3587,Kadarius Toney,2.70,25,Sun,5,5,2023-10-08,24-254,KAN,@,MIN,W 27-20,2.70,7.70,7.7,5.2,25,37.9,0,0.0,0,0.0,WR,ToneKa00
3588,KaVontae Turpin,2.70,14,Sun,7,8,2024-10-27,28-086,DAL,@,SFO,L 24-30,2.70,3.70,3.7,3.2,14,22.6,0,0.0,11,36.7,WR,TurpKa00
3589,KaVontae Turpin,2.70,14,Sun,14,15,2024-12-15,28-135,DAL,@,CAR,W 30-14,2.70,2.70,2.7,2.7,14,19.2,0,0.0,7,28.0,WR,TurpKa00
3590,Marquez Valdes-Scantling,2.70,35,Sat,17,18,2023-01-07,28-089,KAN,@,LVR,W 31-13,2.70,5.70,5.7,4.2,35,59.3,0,0.0,0,0.0,WR,ValdMa00
3591,Devaughn Vele,2.70,30,Sat,16,17,2024-12-28,27-016,DEN,@,CIN,L 24-30 (OT),2.70,4.70,4.7,3.7,30,50.0,0,0.0,0,0.0,WR,VeleDe00
3592,Christian Watson,2.70,56,Sun,6,7,2023-10-22,24-163,GNB,@,DEN,L 17-19,2.70,5.70,5.7,4.2,56,87.5,0,0.0,0,0.0,WR,WatsCh00
3593,Justin Watson,2.70,22,Sun,16,17,2023-01-01,26-272,KAN,,DEN,W 27-24,2.70,3.70,3.7,3.2,22,36.7,0,0.0,3,10.3,WR,WatsJu01
3594,Justin Watson,2.70,43,Sun,4,4,2024-09-29,28-178,KAN,@,LAC,W 17-10,2.70,4.70,4.7,3.7,43,69.4,0,0.0,5,20.8,WR,WatsJu01
3595,Garrett Wilson,2.70,33,Sun,5,5,2022-10-09,22-079,NYJ,,MIA,W 40-17,2.70,5.70,5.7,4.2,33,55.9,0,0.0,0,0.0,WR,WilsGa00
3596,Olamide Zaccheaus,2.70,23,Sun,6,6,2024-10-13,27-082,WAS,@,BAL,L 23-30,2.70,6.70,6.7,4.7,23,39.0,0,0.0,1,3.4,WR,ZaccOl01
3597,Nelson Agholor,2.60,17,Sun,14,15,2024-12-15,31-205,BAL,@,NYG,W 35-14,2.60,3.60,3.6,3.1,17,28.8,0,0.0,0,0.0,WR,AghoNe00
3598,Robbie Chosen,2.60,50,Sun,4,4,2022-10-02,29-146,CAR,,ARI,L 16-26,2.60,5.60,5.6,4.1,50,96.2,0,0.0,1,4.3,WR,AndeRo04
3599,Michael Bandy,2.60,55,Sun,8,9,2022-11-06,24-336,LAC,@,ATL,W 20-17,2.60,7.60,7.6,5.1,55,79.7,0,0.0,4,16.7,WR,BandMi00
3600,Tyler Boyd,2.60,50,Sun,2,2,2024-09-15,29-305,TEN,,NYJ,L 17-24,2.60,4.60,4.6,3.6,50,75.8,0,0.0,0,0.0,WR,BoydTy00
3601,Tyler Boyd,2.60,48,Sun,4,4,2023-10-01,28-320,CIN,@,TEN,L 3-27,2.60,6.60,6.6,4.6,48,90.6,0,0.0,0,0.0,WR,BoydTy00
3602,Jalen Brooks,2.60,56,Sun,8,9,2024-11-03,24-180,DAL,@,ATL,L 21-27,2.60,4.60,4.6,3.6,56,72.7,0,0.0,4,15.4,WR,BrooJa03
3603,Noah Brown,2.60,48,Sun,4,4,2024-09-29,28-267,WAS,@,ARI,W 42-14,2.60,5.60,5.6,4.1,48,66.7,0,0.0,0,0.0,WR,BrowNo00
3604,DeAndre Carter,2.60,45,Sun,3,3,2022-09-25,29-168,LAC,,JAX,L 10-38,2.60,5.60,5.6,4.1,45,73.8,0,0.0,9,37.5,WR,CartDe02
3605,DJ Chark,2.60,46,Sun,6,6,2023-10-15,27-022,CAR,@,MIA,L 21-42,2.60,5.60,5.6,4.1,46,66.7,0,0.0,0,0.0,WR,CharDJ00
3606,DJ Chark,2.60,71,Sun,13,14,2023-12-10,27-078,CAR,@,NOR,L 6-28,2.60,4.60,4.6,3.6,71,88.8,0,0.0,0,0.0,WR,CharDJ00
3607,DJ Chark,2.60,34,Sun,17,18,2024-01-07,27-106,CAR,,TAM,L 0-9,2.60,4.60,5.6,3.6,34,65.4,0,0.0,0,0.0,WR,CharDJ00
3608,Chase Claypool,2.60,54,Sun,2,2,2022-09-18,24-073,PIT,,NWE,L 14-17,2.60,6.60,6.6,4.6,54,91.5,0,0.0,0,0.0,WR,ClayCh01
3609,Keon Coleman,2.60,44,Mon,6,6,2024-10-14,21-150,BUF,@,NYJ,W 23-20,2.60,5.60,5.6,4.1,44,63.8,0,0.0,0,0.0,WR,ColeKe02
3610,Nico Collins,2.60,47,Sun,1,1,2022-09-11,23-176,HOU,,IND,T 20-20 (OT),2.60,4.60,4.6,3.6,47,67.1,0,0.0,0,0.0,WR,CollNi00
3611,Stefon Diggs,2.60,43,Sat,15,16,2022-12-24,29-025,BUF,@,CHI,W 35-13,2.60,4.60,4.6,3.6,43,67.2,0,0.0,0,0.0,WR,DiggSt00
3612,Marquise Goodwin,2.60,31,Sun,6,6,2022-10-16,31-331,SEA,,ARI,W 19-9,2.60,4.60,4.6,3.6,31,45.6,0,0.0,0,0.0,WR,GoodMa00
3613,Lil'Jordan Humphrey,2.60,24,Sun,17,18,2025-01-05,26-261,DEN,,KAN,W 38-0,2.60,4.60,4.6,3.6,24,32.4,0,0.0,0,0.0,WR,HumpLi01
3614,Andrei Iosivas,2.60,51,Sun,1,1,2024-09-08,24-329,CIN,,NWE,L 10-16,2.60,5.60,5.6,4.1,51,100.0,0,0.0,0,0.0,WR,IosiAn00
3615,Van Jefferson,2.60,47,Sun,5,5,2024-10-06,28-072,PIT,,DAL,L 17-20,2.60,5.60,5.6,4.1,47,81.0,0,0.0,0,0.0,WR,JeffVa00
3616,Jauan Jennings,2.60,33,Sun,6,6,2023-10-15,26-097,SFO,@,CLE,L 17-19,2.60,4.60,4.6,3.6,33,53.2,0,0.0,0,0.0,WR,JennJa00
3617,Christian Kirk,2.60,58,Thu,15,16,2022-12-22,26-034,JAX,@,NYJ,W 19-3,2.60,5.60,5.6,4.1,58,80.6,0,0.0,0,0.0,WR,KirkCh01
3618,Christian Kirk,2.60,1,Mon,12,13,2023-12-04,27-016,JAX,,CIN,L 31-34 (OT),2.60,3.60,3.6,3.1,1,1.4,0,0.0,0,0.0,WR,KirkCh01
3619,Ray-Ray McCloud,2.60,55,Sun,8,8,2024-10-27,28-012,ATL,@,TAM,W 31-26,2.60,5.60,5.6,4.1,55,88.7,0,0.0,5,18.5,WR,McClRa00
3620,Ladd McConkey,2.60,34,Sun,2,2,2024-09-15,22-309,LAC,@,CAR,W 26-3,2.60,4.60,4.6,3.6,34,49.3,0,0.0,0,0.0,WR,McCoLa00
3621,Jalen McMillan,2.60,49,Mon,7,7,2024-10-21,22-319,TAM,,BAL,L 31-41,2.60,5.60,5.6,4.1,49,59.8,0,0.0,0,0.0,WR,McMiJa01
3622,Ryan Miller,2.60,43,Sun,16,17,2024-12-29,24-313,TAM,,CAR,W 48-14,2.60,4.60,4.6,3.6,43,55.8,0,0.0,12,40.0,WR,MillRy01
3623,Jonathan Mingo,2.60,59,Mon,2,2,2023-09-18,22-151,CAR,,NOR,L 17-20,2.60,5.60,5.6,4.1,59,98.3,0,0.0,0,0.0,WR,MingJo00
3624,Rondale Moore,2.60,50,Sun,6,6,2023-10-15,23-128,ARI,@,LAR,L 9-26,2.60,6.60,6.6,4.6,50,65.8,0,0.0,0,0.0,WR,MoorRo02
3625,Rondale Moore,2.60,44,Sun,7,7,2023-10-22,23-135,ARI,@,SEA,L 10-20,2.60,4.60,4.6,3.6,44,66.7,0,0.0,0,0.0,WR,MoorRo02
3626,Puka Nacua,2.60,55,Sun,6,6,2023-10-15,22-139,LAR,,ARI,W 26-9,2.60,6.60,6.6,4.6,55,96.5,0,0.0,0,0.0,WR,NacuPu00
3627,Chris Olave,2.60,47,Sun,16,17,2023-12-31,23-187,NOR,@,TAM,W 23-13,2.60,5.60,5.6,4.1,47,67.1,0,0.0,0,0.0,WR,OlavCh00
3628,Tim Patrick,2.60,56,Sun,10,11,2024-11-17,30-360,DET,,JAX,W 52-6,2.60,5.60,5.6,4.1,56,70.9,0,0.0,0,0.0,WR,PatrTi00
3629,George Pickens,2.60,34,Sun,5,5,2024-10-06,23-216,PIT,,DAL,L 17-20,2.60,5.60,5.6,4.1,34,58.6,0,0.0,0,0.0,WR,PickGe00
3630,Alec Pierce,2.60,38,Mon,15,16,2022-12-26,22-238,IND,,LAC,L 3-20,2.60,5.60,5.6,4.1,38,73.1,0,0.0,0,0.0,WR,PierAl00
3631,Kalif Raymond,2.60,15,Sun,6,6,2023-10-15,29-068,DET,@,TAM,W 20-6,2.60,5.60,5.6,4.1,15,21.4,0,0.0,6,24.0,WR,RaymKa00
3632,Jayden Reed,2.60,36,Sun,11,12,2024-11-24,24-210,GNB,,SFO,W 38-10,2.60,5.60,5.6,4.1,36,50.0,0,0.0,3,12.0,WR,ReedJa03
3633,Hunter Renfrow,2.60,44,Sun,8,9,2022-11-06,26-320,LVR,@,JAX,L 20-27,2.60,5.60,5.6,4.1,44,74.6,0,0.0,3,11.1,WR,RenfHu00
3634,Hunter Renfrow,2.60,26,Sun,13,14,2023-12-10,27-354,LVR,,MIN,L 0-3,2.60,5.60,6.6,4.1,26,48.1,0,0.0,0,0.0,WR,RenfHu00
3635,Calvin Ridley,2.60,51,Sun,6,6,2023-10-15,28-299,JAX,,IND,W 37-20,2.60,6.60,6.6,4.6,51,79.7,0,0.0,2,6.5,WR,RidlCa00
3636,Wan'Dale Robinson,2.60,40,Sun,12,12,2023-11-26,22-325,NYG,,NWE,W 10-7,2.60,6.60,6.6,4.6,40,76.9,0,0.0,0,0.0,WR,RobiWa01
3637,Amari Rodgers,2.60,32,Sun,14,15,2022-12-18,23-086,HOU,,KAN,L 24-30 (OT),2.60,4.60,4.6,3.6,32,50.8,0,0.0,1,3.6,WR,RodgAm00
3638,Laviska Shenault Jr.,2.60,23,Sun,8,8,2022-10-30,24-025,CAR,@,ATL,L 34-37 (OT),2.60,7.60,7.6,5.1,23,28.8,0,0.0,0,0.0,WR,ShenLa00
3639,Darius Slayton,2.60,51,Sun,1,1,2024-09-08,27-240,NYG,,MIN,L 6-28,2.60,5.60,5.6,4.1,51,71.8,0,0.0,4,16.7,WR,SlayDa01
3640,Courtland Sutton,2.60,54,Sun,2,2,2024-09-15,28-341,DEN,,PIT,L 6-13,2.60,3.60,3.6,3.1,54,88.5,0,0.0,0,0.0,WR,SuttCo00
3641,Kadarius Toney,2.60,22,Mon,10,11,2023-11-20,24-297,KAN,,PHI,L 17-21,2.60,4.60,4.6,3.6,22,27.8,0,0.0,6,23.1,WR,ToneKa00
3642,Laquon Treadwell,2.60,65,Sat,15,16,2022-12-24,27-193,SEA,@,KAN,L 10-24,2.60,5.60,5.6,4.1,65,85.5,0,0.0,5,20.8,WR,TreaLa00
3643,Tre Tucker,2.60,59,Sun,5,5,2024-10-06,23-212,LVR,@,DEN,L 18-34,2.60,4.60,4.6,3.6,59,84.3,0,0.0,0,0.0,WR,TuckTr00
3644,Jaylen Waddle,2.60,51,Sun,3,3,2024-09-22,25-302,MIA,@,SEA,L 3-24,2.60,6.60,6.6,4.6,51,83.6,0,0.0,0,0.0,WR,WaddJa00
3645,Justin Watson,2.60,64,Sun,11,12,2022-11-27,26-237,KAN,,LAR,W 26-10,2.60,4.60,4.6,3.6,64,84.2,0,0.0,4,16.7,WR,WatsJu01
3646,Justin Watson,2.60,31,Sun,10,11,2024-11-17,28-227,KAN,@,BUF,L 21-30,2.60,4.60,4.6,3.6,31,56.4,0,0.0,3,12.5,WR,WatsJu01
3647,Cedrick Wilson Jr.,2.60,33,Sun,11,12,2022-11-27,27-007,MIA,,HOU,W 30-15,2.60,4.60,4.6,3.6,33,43.4,0,0.0,7,23.3,WR,WilsCe01
3648,Michael Wilson,2.60,55,Sun,7,7,2023-10-22,23-241,ARI,@,SEA,L 10-20,2.60,5.60,5.6,4.1,55,83.3,0,0.0,1,4.2,WR,WilsMi02
3649,Robert Woods,2.60,44,Sun,6,7,2022-10-23,30-196,TEN,,IND,W 19-10,2.60,5.60,5.6,4.1,44,74.6,0,0.0,5,20.8,WR,WoodRo02
3650,Robert Woods,2.60,51,Sun,4,4,2023-10-01,31-174,HOU,,PIT,W 30-6,2.60,5.60,5.6,4.1,51,71.8,0,0.0,2,8.0,WR,WoodRo02
3651,Nelson Agholor,2.50,32,Sun,6,6,2024-10-13,31-142,BAL,,WAS,W 30-23,2.50,3.50,3.5,3.0,32,47.1,0,0.0,0,0.0,WR,AghoNe00
3652,Brandon Aiyuk,2.50,23,Sun,17,18,2024-01-07,25-296,SFO,,LAR,L 20-21,2.50,5.50,5.5,4.0,23,37.7,0,0.0,0,0.0,WR,AiyuBr00
3653,Keenan Allen,2.50,58,Thu,16,17,2024-12-26,32-243,CHI,,SEA,L 3-6,2.50,7.50,7.5,5.0,58,95.1,0,0.0,0,0.0,WR,AlleKe00
3654,Daylen Baldwin,2.50,12,Sat,14,15,2022-12-17,23-023,CLE,,BAL,W 13-3,2.50,4.50,4.5,3.5,12,18.2,0,0.0,2,11.1,WR,BaldDa01
3655,Rashod Bateman,2.50,40,Sun,10,10,2023-11-12,23-348,BAL,,CLE,L 31-33,2.50,4.50,4.5,3.5,40,74.1,0,0.0,0,0.0,WR,BateRa00
3656,Rashod Bateman,2.50,35,Sun,9,9,2024-11-03,24-340,BAL,,DEN,W 41-10,2.50,5.50,5.5,4.0,35,61.4,0,0.0,0,0.0,WR,BateRa00
3657,Braxton Berrios,2.50,17,Sun,13,14,2022-12-11,27-066,NYJ,@,BUF,L 12-20,2.50,3.50,3.5,3.0,17,23.0,0,0.0,14,46.7,WR,BerrBr00
3658,Dyami Brown,2.50,23,Sun,2,2,2023-09-17,23-320,WAS,@,DEN,W 35-33,2.50,5.50,5.5,4.0,23,31.5,0,0.0,10,33.3,WR,BrowDy00
3659,Jamison Crowder,2.50,34,Sun,16,17,2024-12-29,31-195,WAS,,ATL,W 30-24 (OT),2.50,5.50,5.5,4.0,34,41.0,0,0.0,3,11.1,WR,CrowJa00
3660,Jaelon Darden,2.50,18,Sun,3,3,2022-09-25,23-254,TAM,,GNB,L 12-14,2.50,3.50,3.5,3.0,18,27.7,0,0.0,7,28.0,WR,DardJa00
3661,Keelan Doss,2.50,49,Sun,16,17,2023-12-31,27-285,LAC,@,DEN,L 9-16,2.50,7.50,7.5,5.0,49,75.4,0,0.0,0,0.0,WR,DossKe00
3662,Troy Franklin,2.50,26,Thu,15,16,2024-12-19,21-317,DEN,@,LAC,L 27-34,2.50,4.50,4.5,3.5,26,40.6,0,0.0,0,0.0,WR,FranTr00
3663,Deonte Harty,2.50,3,Sun,13,14,2023-12-10,26-006,BUF,@,KAN,W 20-17,2.50,3.50,3.5,3.0,3,3.9,0,0.0,4,16.7,WR,HarrDe07
3664,Mack Hollins,2.50,42,Sun,15,16,2024-12-22,31-097,BUF,,NWE,W 24-21,2.50,4.50,4.5,3.5,42,71.2,1,1.4,1,4.2,WR,HollMa00
3665,Mack Hollins,2.50,66,Sun,17,18,2025-01-05,31-111,BUF,@,NWE,L 16-23,2.50,5.50,5.5,4.0,66,98.5,0,0.0,0,0.0,WR,HollMa00
3666,Jalin Hyatt,2.50,57,Sun,16,17,2023-12-31,22-097,NYG,,LAR,L 25-26,2.50,5.50,5.5,4.0,57,77.0,0,0.0,0,0.0,WR,HyatJa00
3667,Trenton Irwin,2.50,36,Sun,9,9,2022-11-06,26-331,CIN,,CAR,W 42-21,2.50,3.50,3.5,3.0,36,48.6,0,0.0,2,6.9,WR,IrwiTr00
3668,Trenton Irwin,2.50,31,Sun,11,12,2023-11-26,27-351,CIN,,PIT,L 10-16,2.50,3.50,3.5,3.0,31,72.1,0,0.0,0,0.0,WR,IrwiTr00
3669,Trenton Irwin,2.50,15,Mon,12,13,2023-12-04,27-359,CIN,@,JAX,W 34-31 (OT),2.50,3.50,3.5,3.0,15,20.5,0,0.0,0,0.0,WR,IrwiTr00
3670,Jauan Jennings,2.50,23,Sun,14,15,2023-12-17,26-160,SFO,@,ARI,W 45-29,2.50,4.50,4.5,3.5,23,41.1,0,0.0,3,9.7,WR,JennJa00
3671,Jerry Jeudy,2.50,45,Sun,2,2,2023-09-17,24-146,DEN,,WAS,L 33-35,2.50,5.50,5.5,4.0,45,68.2,0,0.0,0,0.0,WR,JeudJe00
3672,Marcus Johnson,2.50,40,Sun,6,6,2022-10-16,28-072,NYG,,BAL,W 24-20,2.50,4.50,4.5,3.5,40,61.5,0,0.0,5,19.2,WR,JohnMa07
3673,Tyler Johnson,2.50,10,Mon,9,10,2024-11-11,26-078,LAR,,MIA,L 15-23,2.50,5.50,5.5,4.0,10,14.3,0,0.0,0,0.0,WR,JohnTy00
3674,Jarvis Landry,2.50,46,Sun,2,2,2022-09-18,29-294,NOR,,TAM,L 10-20,2.50,6.50,6.5,4.5,46,67.6,0,0.0,0,0.0,WR,LandJa00
3675,Jalen McMillan,2.50,61,Sun,12,13,2024-12-01,22-360,TAM,@,CAR,W 26-23 (OT),2.50,4.50,4.5,3.5,61,76.3,0,0.0,0,0.0,WR,McMiJa01
3676,John Metchie,2.50,19,Sun,9,10,2023-11-12,23-117,HOU,@,CIN,W 30-27,2.50,4.50,4.5,3.5,19,25.3,0,0.0,0,0.0,WR,MetcJo00
3677,Jakobi Meyers,2.50,53,Sun,13,14,2023-12-10,27-031,LVR,,MIN,L 0-3,2.50,7.50,7.5,5.0,53,98.1,0,0.0,0,0.0,WR,MeyeJa01
3678,Scott Miller,2.50,14,Sun,10,10,2022-11-13,25-105,TAM,,SEA,W 21-16,2.50,4.50,4.5,3.5,14,18.7,0,0.0,3,14.3,WR,MillSc01
3679,Chris Moore,2.50,61,Sat,15,16,2022-12-24,29-191,HOU,@,TEN,W 19-14,2.50,4.50,4.5,3.5,61,91.0,0,0.0,0,0.0,WR,MoorCh00
3680,D.J. Moore,2.50,68,Sun,1,1,2023-09-10,26-149,CHI,,GNB,L 20-38,2.50,4.50,4.5,3.5,68,91.9,0,0.0,0,0.0,WR,MoorD.00
3681,David Moore,2.50,62,Sun,13,14,2024-12-08,29-328,CAR,@,PHI,L 16-22,2.50,4.50,4.5,3.5,62,87.3,0,0.0,1,4.5,WR,MoorDa03
3682,Rome Odunze,2.50,52,Thu,12,13,2024-11-28,22-178,CHI,@,DET,L 20-23,2.50,4.50,4.5,3.5,52,77.6,0,0.0,0,0.0,WR,OdunRo00
3683,K.J. Osborn,2.50,47,Mon,2,2,2022-09-19,25-101,MIN,@,PHI,L 7-24,2.50,4.50,4.5,3.5,47,77.0,0,0.0,0,0.0,WR,OsboKJ00
3684,Josh Palmer,2.50,39,Sun,4,4,2022-10-02,23-010,LAC,@,HOU,W 34-24,2.50,3.50,3.5,3.0,39,55.7,0,0.0,0,0.0,WR,PalmJo00
3685,Trey Palmer,2.50,38,Sun,12,13,2023-12-03,22-245,TAM,,CAR,W 21-18,2.50,4.50,4.5,3.5,38,61.3,0,0.0,0,0.0,WR,PalmTr00
3686,Tim Patrick,2.50,30,Sun,6,7,2024-10-20,30-332,DET,@,MIN,W 31-29,2.50,4.50,4.5,3.5,30,52.6,0,0.0,0,0.0,WR,PatrTi00
3687,Donovan Peoples-Jones,2.50,21,Sun,17,18,2024-01-07,24-322,DET,,MIN,W 30-20,2.50,4.50,4.5,3.5,21,36.8,0,0.0,4,14.3,WR,PeopDo00
3688,Dante Pettis,2.50,14,Sun,12,13,2024-12-01,29-039,NOR,,LAR,L 14-21,2.50,3.50,3.5,3.0,14,20.0,0,0.0,3,14.3,WR,PettDa00
3689,George Pickens,2.50,58,Sun,4,4,2023-10-01,22-211,PIT,@,HOU,L 6-30,2.50,5.50,5.5,4.0,58,98.3,0,0.0,0,0.0,WR,PickGe00
3690,Alec Pierce,2.50,58,Sun,6,6,2023-10-15,23-166,IND,@,JAX,L 20-37,2.50,5.50,5.5,4.0,58,74.4,0,0.0,0,0.0,WR,PierAl00
3691,Jalen Reagor,2.50,2,Thu,11,12,2022-11-24,23-326,MIN,,NWE,W 33-26,2.50,3.50,3.5,3.0,2,2.9,0,0.0,3,9.1,WR,ReagJa00
3692,Hunter Renfrow,2.50,35,Mon,5,5,2022-10-10,26-293,LVR,@,KAN,L 29-30,2.50,6.50,6.5,4.5,35,54.7,0,0.0,0,0.0,WR,RenfHu00
3693,Wan'Dale Robinson,2.50,53,Sun,14,15,2023-12-17,22-346,NYG,@,NOR,L 6-24,2.50,6.50,6.5,4.5,53,85.5,0,0.0,0,0.0,WR,RobiWa01
3694,Curtis Samuel,2.50,38,Sun,7,7,2023-10-22,27-072,WAS,@,NYG,L 7-14,2.50,6.50,6.5,4.5,38,55.1,0,0.0,0,0.0,WR,SamuCu00
3695,Khalil Shakir,2.50,25,Sat,15,16,2022-12-24,22-324,BUF,@,CHI,W 35-13,2.50,3.50,3.5,3.0,25,39.1,0,0.0,0,0.0,WR,ShakKh00
3696,Khalil Shakir,2.50,43,Sun,16,17,2024-12-29,24-330,BUF,,NYJ,W 40-14,2.50,5.50,5.5,4.0,43,61.4,0,0.0,0,0.0,WR,ShakKh00
3697,Trent Sherfield,2.50,40,Sun,8,8,2022-10-30,26-247,MIA,@,DET,W 31-27,2.50,4.50,4.5,3.5,40,58.8,0,0.0,14,56.0,WR,SherTr00
3698,Trent Sherfield,2.50,22,Sun,15,16,2022-12-25,26-303,MIA,,GNB,L 20-26,2.50,4.50,4.5,3.5,22,44.0,0,0.0,12,46.2,WR,SherTr00
3699,Steven Sims,2.50,2,Sun,10,11,2023-11-19,26-233,HOU,,ARI,W 21-16,2.50,4.50,4.5,3.5,2,3.0,0,0.0,6,33.3,WR,SimsSt00
3700,Ben Skowronek,2.50,59,Thu,1,1,2022-09-08,25-073,LAR,,BUF,L 10-31,2.50,6.50,6.5,4.5,59,88.1,0,0.0,0,0.0,WR,SkowBe00
3701,Ben Skowronek,2.50,10,Sat,15,16,2024-12-21,27-177,PIT,@,BAL,L 17-34,2.50,4.50,4.5,3.5,10,16.7,0,0.0,8,29.6,WR,SkowBe00
3702,Jaxon Smith-Njigba,2.50,42,Sun,13,14,2023-12-10,21-299,SEA,@,SFO,L 16-28,2.50,6.50,6.5,4.5,42,71.2,0,0.0,0,0.0,WR,SmitJa06
3703,Adam Thielen,2.50,64,Sun,12,13,2023-12-03,33-103,CAR,@,TAM,L 18-21,2.50,5.50,5.5,4.0,64,88.9,0,0.0,0,0.0,WR,ThieAd00
3704,Adam Thielen,2.50,44,Sun,10,11,2022-11-20,32-090,MIN,,DAL,L 3-40,2.50,4.50,4.5,3.5,44,77.2,0,0.0,0,0.0,WR,ThieAd00
3705,Mike Thomas,2.50,69,Sun,1,1,2022-09-11,28-026,CIN,,PIT,L 20-23 (OT),2.50,3.50,3.5,3.0,69,69.0,0,0.0,6,18.8,WR,ThomMi04
3706,DJ Turner,2.50,15,Fri,12,13,2024-11-29,27-316,LVR,@,KAN,L 17-19,2.50,3.50,3.5,3.0,15,22.1,0,0.0,12,38.7,WR,TurnDJ00
3707,Marquez Valdes-Scantling,2.50,33,Sun,12,13,2023-12-03,29-054,KAN,@,GNB,L 19-27,2.50,4.50,4.5,3.5,33,49.3,0,0.0,0,0.0,WR,ValdMa00
3708,Quez Watkins,2.50,35,Thu,8,9,2022-11-03,24-147,PHI,@,HOU,W 29-17,2.50,4.50,4.5,3.5,35,53.8,0,0.0,0,0.0,WR,WatkQu00
3709,Justin Watson,2.50,28,Thu,1,1,2024-09-05,28-154,KAN,,BAL,W 27-20,2.50,3.50,3.5,3.0,28,51.9,0,0.0,2,7.7,WR,WatsJu01
3710,Nick Westbrook-Ikhine,2.50,39,Sun,6,6,2023-10-15,26-208,TEN,,BAL,L 16-24,2.50,5.50,5.5,4.0,39,70.9,0,0.0,8,25.8,WR,WestNi00
3711,Dontayvion Wicks,2.50,28,Sun,11,12,2024-11-24,23-161,GNB,,SFO,W 38-10,2.50,3.50,3.5,3.0,28,38.9,0,0.0,0,0.0,WR,WickDo00
3712,Mike Williams,2.50,14,Sat,17,18,2025-01-04,30-092,PIT,,CIN,L 17-19,2.50,3.50,3.5,3.0,14,23.0,0,0.0,0,0.0,WR,WillMi07
3713,Mike Williams,2.50,51,Sun,5,5,2024-10-06,30-002,NYJ,@,MIN,L 17-23,2.50,4.50,4.5,3.5,51,70.8,0,0.0,0,0.0,WR,WillMi07
3714,Olamide Zaccheaus,2.50,29,Sun,7,7,2024-10-20,27-089,WAS,,CAR,W 40-7,2.50,6.50,6.5,4.5,29,42.0,0,0.0,5,19.2,WR,ZaccOl01
3715,Jamal Agnew,2.40,5,Sun,6,6,2022-10-16,27-196,JAX,@,IND,L 27-34,2.40,3.40,3.4,2.9,5,7.9,0,0.0,6,24.0,WR,AgneJa00
3716,Tutu Atwell,2.40,64,Sun,4,4,2023-10-01,23-359,LAR,@,IND,W 29-23 (OT),2.40,7.40,7.4,4.9,64,78.0,0,0.0,0,0.0,WR,AtweTu00
3717,Rashod Bateman,2.40,34,Sun,13,14,2023-12-10,24-011,BAL,,LAR,W 37-31 (OT),2.40,4.40,4.4,3.4,34,47.2,0,0.0,0,0.0,WR,BateRa00
3718,David Bell,2.40,35,Sun,9,10,2022-11-13,21-334,CLE,@,MIA,L 17-39,2.40,5.40,5.4,3.9,35,52.2,0,0.0,10,43.5,WR,BellDa02
3719,Braxton Berrios,2.40,9,Sun,16,17,2023-01-01,27-087,NYJ,@,SEA,L 6-23,2.40,3.40,3.4,2.9,9,12.9,0,0.0,10,40.0,WR,BerrBr00
3720,Lynn Bowden Jr.,2.40,40,Sun,13,14,2023-12-10,26-057,NOR,,CAR,W 28-6,2.40,6.40,6.4,4.4,40,76.9,0,0.0,6,25.0,WR,BowdLy00
3721,Jalen Brooks,2.40,6,Thu,11,12,2023-11-23,23-200,DAL,,WAS,W 45-10,2.40,3.40,3.4,2.9,6,11.1,0,0.0,10,40.0,WR,BrooJa03
3722,Jalen Brooks,2.40,13,Sun,3,3,2024-09-22,24-138,DAL,,BAL,L 25-28,2.40,3.40,3.4,2.9,13,16.3,0,0.0,25,89.3,WR,BrooJa03
3723,Dyami Brown,2.40,26,Sun,9,9,2024-11-03,25-002,WAS,@,NYG,W 27-22,2.40,3.40,3.4,2.9,26,41.9,0,0.0,5,22.7,WR,BrowDy00
3724,Dyami Brown,2.40,25,Sun,17,18,2025-01-05,25-065,WAS,@,DAL,W 23-19,2.40,5.40,5.4,3.9,25,43.1,0,0.0,0,0.0,WR,BrowDy00
3725,Marquise Brown,2.40,47,Sun,9,9,2023-11-05,26-154,ARI,@,CLE,L 0-27,2.40,6.40,6.4,4.4,47,90.4,0,0.0,0,0.0,WR,BrowMa04
3726,Treylon Burks,2.40,35,Sun,9,10,2022-11-13,22-235,TEN,,DEN,W 17-10,2.40,5.40,5.4,3.9,35,56.5,0,0.0,0,0.0,WR,BurkTr00
3727,Marquez Callaway,2.40,29,Mon,9,9,2022-11-07,24-225,NOR,,BAL,L 13-27,2.40,5.40,5.4,3.9,29,56.9,0,0.0,0,0.0,WR,CallMa01
3728,Parris Campbell,2.40,21,Thu,3,3,2023-09-21,26-067,NYG,@,SFO,L 12-30,2.40,8.40,8.4,5.4,21,42.0,0,0.0,0,0.0,WR,CampPa00
3729,Derius Davis,2.40,11,Sun,6,7,2023-10-22,23-041,LAC,@,KAN,L 17-31,2.40,3.40,3.4,2.9,11,17.5,0,0.0,9,34.6,WR,DaviDe02
3730,Stefon Diggs,2.40,61,Sun,13,14,2023-12-10,30-011,BUF,@,KAN,W 20-17,2.40,6.40,6.4,4.4,61,79.2,0,0.0,0,0.0,WR,DiggSt00
3731,Demario Douglas,2.40,7,Sun,5,5,2023-10-08,22-304,NWE,,NOR,L 0-34,2.40,3.40,3.4,2.9,7,13.0,0,0.0,0,0.0,WR,DougDe00
3732,Russell Gage,2.40,41,Sun,4,4,2022-10-02,26-253,TAM,,KAN,L 31-41,2.40,4.40,4.4,3.4,41,64.1,0,0.0,0,0.0,WR,GageRu00
3733,Michael Gallup,2.40,45,Mon,6,6,2023-10-16,27-226,DAL,@,LAC,W 20-17,2.40,5.40,5.4,3.9,45,70.3,0,0.0,0,0.0,WR,GallMi00
3734,Xavier Gipson,2.40,45,Sun,9,10,2023-11-12,22-249,NYJ,@,LVR,L 12-16,2.40,3.40,3.4,2.9,45,68.2,0,0.0,9,33.3,WR,GipsXa00
3735,Marquise Goodwin,2.40,15,Sun,5,6,2023-10-15,32-330,CLE,,SFO,W 19-17,2.40,3.40,3.4,2.9,15,19.7,0,0.0,0,0.0,WR,GoodMa00
3736,Isaiah Hodgins,2.40,28,Mon,4,4,2023-10-02,24-346,NYG,,SEA,L 3-24,2.40,5.40,5.4,3.9,28,37.3,0,0.0,0,0.0,WR,HodgIs00
3737,KhaDarel Hodge,2.40,71,Sun,17,18,2025-01-05,30-002,ATL,,CAR,L 38-44 (OT),2.40,3.40,3.4,2.9,71,89.9,0,0.0,10,32.3,WR,HodgKh00
3738,Trenton Irwin,2.40,17,Sun,7,8,2023-10-29,27-323,CIN,@,SFO,W 31-17,2.40,4.40,4.4,3.4,17,27.0,0,0.0,3,12.0,WR,IrwiTr00
3739,Van Jefferson,2.40,48,Sun,8,8,2023-10-29,27-095,ATL,@,TEN,L 23-28,2.40,5.40,5.4,3.9,48,70.6,0,0.0,0,0.0,WR,JeffVa00
3740,Van Jefferson,2.40,75,Sun,1,1,2023-09-10,27-046,LAR,@,SEA,W 30-13,2.40,6.40,6.4,4.4,75,92.6,0,0.0,0,0.0,WR,JeffVa00
3741,Jauan Jennings,2.40,32,Sun,7,7,2022-10-23,25-105,SFO,,KAN,L 23-44,2.40,4.40,4.4,3.4,32,40.5,0,0.0,15,53.6,WR,JennJa00
3742,Zay Jones,2.40,49,Sun,16,17,2023-01-01,27-277,JAX,@,HOU,W 31-3,2.40,5.40,5.4,3.9,49,77.8,0,0.0,0,0.0,WR,JoneZa00
3743,Christian Kirk,2.40,35,Sun,7,7,2024-10-20,27-337,JAX,,NWE,W 32-16,2.40,3.40,3.4,2.9,35,57.4,0,0.0,0,0.0,WR,KirkCh01
3744,Cooper Kupp,2.40,40,Sun,15,16,2024-12-22,31-190,LAR,@,NYJ,W 19-9,2.40,5.40,5.4,3.9,40,76.9,0,0.0,0,0.0,WR,KuppCo00
3745,CeeDee Lamb,2.40,50,Sun,9,10,2024-11-10,25-216,DAL,,PHI,L 6-34,2.40,8.40,8.4,5.4,50,83.3,0,0.0,0,0.0,WR,LambCe00
3746,Allen Lazard,2.40,49,Sun,12,12,2022-11-27,26-351,GNB,@,PHI,L 33-40,2.40,4.40,4.4,3.4,49,100.0,0,0.0,0,0.0,WR,LazaAl00
3747,Drake London,2.40,44,Sun,14,15,2023-12-17,22-146,ATL,@,CAR,L 7-9,2.40,4.40,4.4,3.4,44,84.6,0,0.0,0,0.0,WR,LondDr00
3748,Isaiah McKenzie,2.40,44,Sat,14,15,2022-12-17,27-252,BUF,,MIA,W 32-29,2.40,4.40,4.4,3.4,44,56.4,0,0.0,0,0.0,WR,McKeIs00
3749,John Metchie,2.40,36,Sun,17,18,2025-01-05,24-171,HOU,@,TEN,W 23-14,2.40,4.40,4.4,3.4,36,60.0,0,0.0,1,4.3,WR,MetcJo00
3750,Jakobi Meyers,2.40,51,Sun,9,9,2022-11-06,25-362,NWE,,IND,W 26-3,2.40,7.40,8.4,4.9,51,81.0,0,0.0,0,0.0,WR,MeyeJa01
3751,Marvin Mims,2.40,12,Sun,5,5,2024-10-06,22-201,DEN,,LVR,W 34-18,2.40,3.40,3.4,2.9,12,19.0,0,0.0,9,30.0,WR,MimsMa00
3752,Jonathan Mingo,2.40,56,Sun,4,4,2024-09-29,23-162,CAR,,CIN,L 24-34,2.40,5.40,5.4,3.9,56,80.0,0,0.0,7,25.0,WR,MingJo00
3753,Jonathan Mingo,2.40,27,Sun,17,18,2025-01-05,23-260,DAL,,WAS,L 19-23,2.40,4.40,4.4,3.4,27,34.6,0,0.0,0,0.0,WR,MingJo00
3754,Darnell Mooney,2.40,45,Sun,11,11,2023-11-19,26-021,CHI,@,DET,L 26-31,2.40,3.40,3.4,2.9,45,60.0,0,0.0,0,0.0,WR,MoonDa00
3755,D.J. Moore,2.40,66,Sun,9,9,2023-11-05,26-205,CHI,@,NOR,L 17-24,2.40,5.40,6.4,3.9,66,97.1,0,0.0,0,0.0,WR,MoorD.00
3756,D.J. Moore,2.40,48,Sun,9,9,2022-11-06,25-206,CAR,@,CIN,L 21-42,2.40,4.40,4.4,3.4,48,98.0,0,0.0,0,0.0,WR,MoorD.00
3757,D.J. Moore,2.40,56,Sun,11,11,2022-11-20,25-220,CAR,@,BAL,L 3-13,2.40,5.40,5.4,3.9,56,98.2,0,0.0,0,0.0,WR,MoorD.00
3758,Elijah Moore,2.40,63,Sun,11,12,2023-11-26,23-244,CLE,@,DEN,L 12-29,2.40,5.40,6.4,3.9,63,86.3,0,0.0,0,0.0,WR,MoorEl00
3759,Skyy Moore,2.40,20,Sun,6,6,2022-10-16,22-036,KAN,,BUF,L 20-24,2.40,3.40,3.4,2.9,20,29.9,0,0.0,1,4.3,WR,MoorSk01
3760,Josh Palmer,2.40,47,Sun,7,8,2023-10-29,24-037,LAC,,CHI,W 30-13,2.40,5.40,5.4,3.9,47,68.1,0,0.0,0,0.0,WR,PalmJo00
3761,Josh Palmer,2.40,52,Sun,5,5,2022-10-09,23-017,LAC,@,CLE,W 30-28,2.40,5.40,5.4,3.9,52,73.2,0,0.0,0,0.0,WR,PalmJo00
3762,DeVante Parker,2.40,6,Mon,13,14,2022-12-12,29-326,NWE,@,ARI,W 27-13,2.40,4.40,4.4,3.4,6,10.2,0,0.0,0,0.0,WR,ParkDe01
3763,Dezmon Patmon,2.40,24,Sun,2,2,2022-09-18,24-043,IND,@,JAX,L 0-24,2.40,4.40,4.4,3.4,24,48.0,0,0.0,0,0.0,WR,PatmDe00
3764,Breshad Perriman,2.40,47,Sun,3,3,2022-09-25,29-015,TAM,,GNB,L 12-14,2.40,5.40,6.4,3.9,47,72.3,0,0.0,1,4.0,WR,PerrBr02
3765,Dante Pettis,2.40,26,Sun,14,15,2024-12-15,29-053,NOR,,WAS,L 19-20,2.40,4.40,4.4,3.4,26,47.3,0,0.0,3,12.0,WR,PettDa00
3766,Kyle Philips,2.40,18,Sun,7,8,2023-10-29,24-134,TEN,,ATL,W 28-23,2.40,5.40,5.4,3.9,18,26.5,0,0.0,1,2.9,WR,PhilKy01
3767,Michael Pittman Jr.,2.40,66,Sat,17,18,2024-01-06,26-093,IND,,HOU,L 19-23,2.40,7.40,8.4,4.9,66,100.0,0,0.0,1,3.3,WR,PittMi01
3768,James Proche,2.40,48,Thu,8,8,2022-10-27,26-036,BAL,@,TAM,W 27-22,2.40,5.40,5.4,3.9,48,63.2,0,0.0,4,12.9,WR,ProcJa00
3769,Jalen Reagor,2.40,10,Mon,2,2,2022-09-19,23-260,MIN,@,PHI,L 7-24,2.40,3.40,3.4,2.9,10,16.4,0,0.0,4,19.0,WR,ReagJa00
3770,Allen Robinson,2.40,51,Sun,8,9,2022-11-06,29-074,LAR,@,TAM,L 13-16,2.40,5.40,5.4,3.9,51,89.5,0,0.0,0,0.0,WR,RobiAl02
3771,Allen Robinson,2.40,50,Sun,3,3,2023-09-24,30-031,PIT,@,LVR,W 23-18,2.40,6.40,6.4,4.4,50,80.6,0,0.0,1,3.4,WR,RobiAl02
3772,Demarcus Robinson,2.40,7,Sun,10,11,2023-11-19,29-059,LAR,,SEA,W 17-16,2.40,4.40,4.4,3.4,7,10.4,0,0.0,4,15.4,WR,RobiDe01
3773,Demarcus Robinson,2.40,49,Sun,17,18,2023-01-08,28-109,BAL,@,CIN,L 16-27,2.40,4.40,4.4,3.4,49,62.8,0,0.0,0,0.0,WR,RobiDe01
3774,Deebo Samuel,2.40,42,Sun,17,18,2023-01-08,26-358,SFO,,ARI,W 38-13,2.40,4.40,4.4,3.4,42,67.7,0,0.0,0,0.0,WR,SamuDe00
3775,Rashid Shaheed,2.40,46,Sun,10,10,2023-11-12,25-073,NOR,@,MIN,L 19-27,2.40,7.40,7.4,4.9,46,68.7,0,0.0,12,41.4,WR,ShahRa00
3776,Khalil Shakir,2.40,41,Mon,10,10,2023-11-13,23-283,BUF,,DEN,L 22-24,2.40,3.40,3.4,2.9,41,75.9,0,0.0,10,37.0,WR,ShakKh00
3777,Sterling Shepard,2.40,17,Sun,17,18,2024-01-07,30-331,NYG,,PHI,W 27-10,2.40,5.40,5.4,3.9,17,25.4,0,0.0,0,0.0,WR,ShepSt00
3778,Shi Smith,2.40,21,Sun,14,15,2022-12-18,24-053,CAR,,PIT,L 16-24,2.40,3.40,3.4,2.9,21,45.7,0,0.0,3,12.0,WR,SmitSh03
3779,Equanimeous St. Brown,2.40,31,Sun,5,5,2022-10-09,26-009,CHI,@,MIN,L 22-29,2.40,4.40,4.4,3.4,31,62.0,0,0.0,0,0.0,WR,St.BEq00
3780,Equanimeous St. Brown,2.40,50,Sun,11,11,2022-11-20,26-051,CHI,@,ATL,L 24-27,2.40,4.40,4.4,3.4,50,72.5,0,0.0,0,0.0,WR,St.BEq00
3781,Tyquan Thornton,2.40,37,Sun,16,17,2023-12-31,23-115,NWE,@,BUF,L 21-27,2.40,5.40,5.4,3.9,37,69.8,0,0.0,0,0.0,WR,ThorTy00
3782,Jalen Tolbert,2.40,39,Thu,4,4,2024-09-26,25-212,DAL,@,NYG,W 20-15,2.40,5.40,5.4,3.9,39,69.6,0,0.0,3,12.0,WR,TolbJa00
3783,Tre Tucker,2.40,41,Sun,17,18,2025-01-05,23-303,LVR,,LAC,L 20-34,2.40,5.40,5.4,3.9,41,80.4,0,0.0,2,6.9,WR,TuckTr00
3784,Christian Watson,2.40,17,Sun,9,9,2022-11-06,23-178,GNB,@,DET,L 9-15,2.40,4.40,4.4,3.4,17,23.0,0,0.0,0,0.0,WR,WatsCh00
3785,Mike Williams,2.40,22,Sat,15,16,2024-12-21,30-078,PIT,@,BAL,L 17-34,2.40,5.40,5.4,3.9,22,36.7,0,0.0,0,0.0,WR,WillMi07
3786,Cedrick Wilson Jr.,2.40,50,Sun,17,18,2024-01-07,28-048,MIA,,BUF,L 14-21,2.40,3.40,3.4,2.9,50,96.2,0,0.0,0,0.0,WR,WilsCe01
3787,Garrett Wilson,2.40,43,Sun,7,7,2022-10-23,22-093,NYJ,@,DEN,W 16-9,2.40,6.40,6.4,4.4,43,72.9,0,0.0,0,0.0,WR,WilsGa00
3788,Johnny Wilson,2.40,65,Sun,17,18,2025-01-05,23-277,PHI,,NYG,W 20-13,2.40,5.40,5.4,3.9,65,95.6,0,0.0,12,50.0,WR,WilsJo03
3789,Michael Wilson,2.40,39,Sun,10,10,2024-11-10,24-261,ARI,,NYJ,W 31-6,2.40,5.40,5.4,3.9,39,66.1,0,0.0,0,0.0,WR,WilsMi02
3790,Xavier Worthy,2.40,42,Sun,6,7,2024-10-20,21-176,KAN,@,SFO,W 28-18,2.40,5.40,5.4,3.9,42,60.0,0,0.0,0,0.0,WR,WortXa00
3791,Dareke Young,2.40,17,Sun,17,18,2023-01-08,23-218,SEA,,LAR,W 19-16 (OT),2.40,4.40,4.4,3.4,17,24.3,0,0.0,23,69.7,WR,YounDa02
3792,Dontayvion Wicks,2.36,14,Sun,6,7,2023-10-22,22-128,GNB,@,DEN,L 17-19,2.36,3.36,3.4,2.9,14,21.9,0,0.0,0,0.0,WR,WickDo00
3793,Jamal Agnew,2.30,9,Sun,12,13,2022-12-04,27-245,JAX,@,DET,L 14-40,2.30,2.30,2.3,2.3,9,16.1,0,0.0,9,34.6,WR,AgneJa00
3794,Brandon Aiyuk,2.30,25,Sun,7,7,2024-10-20,26-217,SFO,,KAN,L 18-28,2.30,4.30,4.3,3.3,25,39.7,0,0.0,0,0.0,WR,AiyuBr00
3795,Tutu Atwell,2.30,28,Sun,11,12,2022-11-27,23-051,LAR,@,KAN,L 10-26,2.30,4.30,4.3,3.3,28,51.9,0,0.0,0,0.0,WR,AtweTu00
3796,Tutu Atwell,2.30,62,Sun,17,18,2024-01-07,24-092,LAR,@,SFO,W 21-20,2.30,4.30,4.3,3.3,62,92.5,0,0.0,0,0.0,WR,AtweTu00
3797,Kevin Austin,2.30,42,Sun,16,17,2024-12-29,24-274,NOR,,LVR,L 10-25,2.30,3.30,3.3,2.8,42,70.0,0,0.0,7,25.0,WR,AustKe00
3798,Rashod Bateman,2.30,37,Sun,4,4,2024-09-29,24-305,BAL,,BUF,W 35-10,2.30,3.30,3.3,2.8,37,64.9,0,0.0,0,0.0,WR,BateRa00
3799,David Bell,2.30,50,Sun,11,12,2022-11-27,21-348,CLE,,TAM,W 23-17 (OT),2.30,6.30,6.3,4.3,50,63.3,0,0.0,17,54.8,WR,BellDa02
3800,Tyler Boyd,2.30,27,Sun,11,12,2023-11-26,29-011,CIN,,PIT,L 10-16,2.30,5.30,5.3,3.8,27,62.8,0,0.0,0,0.0,WR,BoydTy00
3801,Tyler Boyd,2.30,31,Sun,13,14,2023-12-10,29-025,CIN,,IND,W 34-14,2.30,4.30,4.3,3.3,31,51.7,0,0.0,0,0.0,WR,BoydTy00
3802,Dyami Brown,2.30,21,Sun,7,7,2024-10-20,24-354,WAS,,CAR,W 40-7,2.30,3.30,3.3,2.8,21,30.4,0,0.0,2,7.7,WR,BrowDy00
3803,Parris Campbell,2.30,16,Sun,5,5,2023-10-08,26-084,NYG,@,MIA,L 16-31,2.30,4.30,4.3,3.3,16,22.2,0,0.0,0,0.0,WR,CampPa00
3804,DeAndre Carter,2.30,41,Sun,17,18,2023-01-08,29-273,LAC,@,DEN,L 28-31,2.30,5.30,6.3,3.8,41,60.3,0,0.0,11,35.5,WR,CartDe02
3805,DJ Chark,2.30,62,Sun,7,8,2023-10-29,27-036,CAR,,HOU,W 15-13,2.30,4.30,4.3,3.3,62,92.5,0,0.0,0,0.0,WR,CharDJ00
3806,Dan Chisena,2.30,4,Sun,15,16,2024-12-22,27-301,CAR,,ARI,W 36-30 (OT),2.30,3.30,3.3,2.8,4,5.9,0,0.0,17,51.5,WR,ChisDa00
3807,Britain Covey,2.30,23,Mon,2,2,2024-09-16,27-182,PHI,,ATL,L 21-22,2.30,8.30,8.3,5.3,23,32.4,0,0.0,2,9.1,WR,CoveBr00
3808,Jamison Crowder,2.30,37,Sun,9,9,2023-11-05,30-141,WAS,@,NWE,W 20-17,2.30,6.30,6.3,4.3,37,47.4,0,0.0,6,21.4,WR,CrowJa00
3809,Derius Davis,2.30,2,Sun,9,10,2024-11-10,24-060,LAC,,TEN,W 27-17,2.30,3.30,3.3,2.8,2,3.4,0,0.0,8,30.8,WR,DaviDe02
3810,Tank Dell,2.30,43,Sun,13,13,2024-12-01,25-033,HOU,@,JAX,W 23-20,2.30,3.30,3.3,2.8,43,68.3,0,0.0,1,3.7,WR,DellNa00
3811,Stefon Diggs,2.30,52,Sun,7,7,2024-10-20,30-326,HOU,@,GNB,L 22-24,2.30,7.30,7.3,4.8,52,81.3,0,0.0,0,0.0,WR,DiggSt00
3812,Jahan Dotson,2.30,22,Sun,5,6,2024-10-13,24-205,PHI,,CLE,W 20-16,2.30,3.30,3.3,2.8,22,35.5,0,0.0,0,0.0,WR,DotsJa00
3813,Jahan Dotson,2.30,45,Sun,13,13,2023-12-03,23-256,WAS,,MIA,L 15-45,2.30,4.30,4.3,3.3,45,81.8,0,0.0,0,0.0,WR,DotsJa00
3814,Devin Duvernay,2.30,40,Sun,12,13,2024-12-01,27-080,JAX,,HOU,L 20-23,2.30,4.30,4.3,3.3,40,57.1,0,0.0,10,37.0,WR,DuveDe00
3815,Alex Erickson,2.30,8,Sun,12,13,2023-12-03,31-027,LAC,@,NWE,W 6-0,2.30,3.30,3.3,2.8,8,13.1,0,0.0,0,0.0,WR,EricAl01
3816,Zay Flowers,2.30,42,Sun,3,3,2024-09-22,24-011,BAL,@,DAL,W 28-25,2.30,5.30,5.3,3.8,42,66.7,0,0.0,2,7.1,WR,FlowZa00
3817,Marquise Goodwin,2.30,18,Sun,6,7,2023-10-22,32-337,CLE,@,IND,W 39-38,2.30,3.30,3.3,2.8,18,24.0,0,0.0,0,0.0,WR,GoodMa00
3818,Anthony Gould,2.30,4,Sun,14,15,2024-12-15,23-253,IND,@,DEN,L 13-31,2.30,3.30,3.3,2.8,4,5.3,0,0.0,12,40.0,WR,GoulAn00
3819,Tee Higgins,2.30,62,Mon,13,14,2024-12-09,25-326,CIN,@,DAL,W 27-20,2.30,4.30,4.3,3.3,62,87.3,0,0.0,0,0.0,WR,HiggTe00
3820,Tyreek Hill,2.30,43,Sun,17,18,2023-01-08,28-313,MIA,,NYJ,W 11-6,2.30,4.30,4.3,3.3,43,66.2,0,0.0,1,4.5,WR,HillTy00
3821,Mack Hollins,2.30,48,Sun,3,3,2023-09-24,30-008,ATL,@,DET,L 6-20,2.30,3.30,3.3,2.8,48,71.6,0,0.0,3,11.1,WR,HollMa00
3822,Lil'Jordan Humphrey,2.30,34,Sun,10,10,2024-11-10,26-205,DEN,@,KAN,L 14-16,2.30,4.30,4.3,3.3,34,58.6,0,0.0,0,0.0,WR,HumpLi01
3823,Quentin Johnston,2.30,72,Sun,17,18,2024-01-07,22-123,LAC,,KAN,L 12-13,2.30,4.30,4.3,3.3,72,86.7,0,0.0,0,0.0,WR,JohnQu02
3824,Julio Jones,2.30,22,Sun,16,17,2023-01-01,33-332,TAM,,CAR,W 30-24,2.30,3.30,3.3,2.8,22,28.2,0,0.0,1,3.2,WR,JoneJu02
3825,Velus Jones Jr.,2.30,10,Sun,14,15,2023-12-17,26-220,CHI,@,CLE,L 17-20,2.30,2.30,2.3,2.3,10,13.7,0,0.0,12,34.3,WR,JoneVe00
3826,Zay Jones,2.30,48,Sun,2,2,2022-09-18,27-172,JAX,,IND,W 24-0,2.30,5.30,5.3,3.8,48,67.6,0,0.0,0,0.0,WR,JoneZa00
3827,Allen Lazard,2.30,44,Sun,2,2,2023-09-17,27-280,NYJ,@,DAL,L 10-30,2.30,4.30,4.3,3.3,44,93.6,0,0.0,0,0.0,WR,LazaAl00
3828,Terrace Marshall Jr.,2.30,55,Sun,17,18,2023-01-08,22-213,CAR,@,NOR,W 10-7,2.30,4.30,4.3,3.3,55,93.2,0,0.0,0,0.0,WR,MarsTe00
3829,Terrace Marshall Jr.,2.30,69,Sun,1,1,2023-09-10,23-093,CAR,@,ATL,L 10-24,2.30,4.30,4.3,3.3,69,89.6,0,0.0,0,0.0,WR,MarsTe00
3830,Luke McCaffrey,2.30,26,Sun,10,10,2024-11-10,23-222,WAS,,PIT,L 27-28,2.30,3.30,3.3,2.8,26,40.6,0,0.0,5,15.6,WR,McCaLu00
3831,Ray-Ray McCloud,2.30,8,Thu,11,12,2023-11-23,27-039,SFO,@,SEA,W 31-13,2.30,3.30,3.3,2.8,8,12.1,0,0.0,9,31.0,WR,McClRa00
3832,Isaiah McKenzie,2.30,4,Sun,6,6,2023-10-15,28-189,IND,@,JAX,L 20-37,2.30,4.30,4.3,3.3,4,5.1,0,0.0,12,38.7,WR,McKeIs00
3833,Jonathan Mingo,2.30,33,Sun,1,1,2024-09-08,23-141,CAR,@,NOR,L 10-47,2.30,4.30,5.3,3.3,33,55.9,0,0.0,10,33.3,WR,MingJo00
3834,Darnell Mooney,2.30,59,Sun,3,3,2022-09-25,24-331,CHI,,HOU,W 23-20,2.30,4.30,4.3,3.3,59,93.7,0,0.0,0,0.0,WR,MoonDa00
3835,Chris Moore,2.30,33,Sun,10,11,2022-11-20,29-157,HOU,,WAS,L 10-23,2.30,7.30,7.3,4.8,33,58.9,0,0.0,1,3.7,WR,MoorCh00
3836,Rome Odunze,2.30,41,Sun,9,10,2024-11-10,22-160,CHI,,NWE,L 3-19,2.30,5.30,5.3,3.8,41,68.3,0,0.0,0,0.0,WR,OdunRo00
3837,Bryce Oliver,2.30,3,Sun,9,10,2024-11-10,24-175,TEN,@,LAC,L 17-27,2.30,4.30,4.3,3.3,3,5.6,0,0.0,0,0.0,WR,OlivBr02
3838,Josh Palmer,2.30,51,Sun,10,11,2024-11-17,25-056,LAC,,CIN,W 34-27,2.30,4.30,4.3,3.3,51,76.1,0,0.0,0,0.0,WR,PalmJo00
3839,George Pickens,2.30,50,Sun,2,2,2022-09-18,21-198,PIT,,NWE,L 14-17,2.30,3.30,3.3,2.8,50,84.7,0,0.0,0,0.0,WR,PickGe00
3840,Alec Pierce,2.30,44,Sun,9,9,2022-11-06,22-188,IND,@,NWE,L 3-26,2.30,3.30,3.3,2.8,44,71.0,0,0.0,0,0.0,WR,PierAl00
3841,Hunter Renfrow,2.30,26,Sun,2,2,2023-09-17,27-270,LVR,@,BUF,L 10-38,2.30,3.30,3.3,2.8,26,65.0,0,0.0,0,0.0,WR,RenfHu00
3842,Allen Robinson,2.30,44,Sun,3,3,2022-09-25,29-032,LAR,@,ARI,W 20-12,2.30,4.30,4.3,3.3,44,91.7,0,0.0,0,0.0,WR,RobiAl02
3843,Demarcus Robinson,2.30,58,Mon,9,10,2024-11-11,30-051,LAR,,MIA,L 15-23,2.30,3.30,3.3,2.8,58,82.9,0,0.0,0,0.0,WR,RobiDe01
3844,Wan'Dale Robinson,2.30,49,Sun,7,7,2024-10-20,23-289,NYG,,PHI,L 3-28,2.30,8.30,8.3,5.3,49,84.5,0,0.0,0,0.0,WR,RobiWa01
3845,Khalil Shakir,2.30,16,Sun,4,4,2022-10-02,22-241,BUF,@,BAL,W 23-20,2.30,4.30,4.3,3.3,16,25.0,0,0.0,1,4.0,WR,ShakKh00
3846,Ben Skowronek,2.30,23,Sun,12,13,2024-12-01,27-157,PIT,@,CIN,W 44-38,2.30,3.30,3.3,2.8,23,33.3,0,0.0,18,54.5,WR,SkowBe00
3847,Darius Slayton,2.30,59,Sun,14,15,2022-12-18,25-340,NYG,@,WAS,W 20-12,2.30,7.30,7.3,4.8,59,93.7,0,0.0,0,0.0,WR,SlayDa01
3848,Darius Slayton,2.30,66,Mon,4,4,2023-10-02,26-263,NYG,,SEA,L 3-24,2.30,4.30,4.3,3.3,66,88.0,0,0.0,0,0.0,WR,SlayDa01
3849,DeVonta Smith,2.30,42,Sun,7,8,2022-10-30,23-350,PHI,,PIT,W 35-13,2.30,7.30,7.3,4.8,42,73.7,0,0.0,1,3.7,WR,SmitDe07
3850,Jaxon Smith-Njigba,2.30,51,Sun,7,7,2024-10-20,22-249,SEA,@,ATL,W 34-14,2.30,5.30,5.3,3.8,51,85.0,0,0.0,0,0.0,WR,SmitJa06
3851,Jeff Smith,2.30,13,Sun,8,8,2022-10-30,25-192,NYJ,,NWE,L 17-22,2.30,3.30,3.3,2.8,13,22.0,0,0.0,6,21.4,WR,SmitJe03
3852,Mike Strachan,2.30,35,Sun,2,2,2022-09-18,25-036,IND,@,JAX,L 0-24,2.30,3.30,3.3,2.8,35,70.0,0,0.0,0,0.0,WR,StraMi03
3853,Courtland Sutton,2.30,72,Sun,7,7,2022-10-23,27-013,DEN,,NYJ,L 9-16,2.30,5.30,5.3,3.8,72,91.1,0,0.0,0,0.0,WR,SuttCo00
3854,Cedric Tillman,2.30,46,Sun,13,14,2023-12-10,23-235,CLE,,JAX,W 31-27,2.30,4.30,4.3,3.3,46,60.5,0,0.0,1,2.9,WR,TillCe01
3855,Kadarius Toney,2.30,7,Sun,1,1,2022-09-11,23-227,NYG,@,TEN,W 21-20,2.30,2.30,2.3,2.3,7,11.7,0,0.0,0,0.0,WR,ToneKa00
3856,Austin Trammell,2.30,46,Sun,10,11,2023-11-19,25-138,LAR,,SEA,W 17-16,2.30,5.30,5.3,3.8,46,68.7,0,0.0,9,34.6,WR,TramAu00
3857,KaVontae Turpin,2.30,12,Sun,10,11,2023-11-19,27-109,DAL,@,CAR,W 33-10,2.30,4.30,4.3,3.3,12,16.7,0,0.0,9,33.3,WR,TurpKa00
3858,Jaylen Waddle,2.30,51,Sun,5,5,2022-10-09,23-318,MIA,@,NYJ,L 17-40,2.30,5.30,5.3,3.8,51,76.1,0,0.0,1,3.4,WR,WaddJa00
3859,Christian Watson,2.30,51,Sun,9,10,2023-11-12,24-184,GNB,@,PIT,L 19-23,2.30,4.30,4.3,3.3,51,75.0,0,0.0,0,0.0,WR,WatsCh00
3860,Christian Watson,2.30,30,Mon,15,16,2024-12-23,25-225,GNB,,NOR,W 34-0,2.30,2.30,2.3,2.3,30,43.5,0,0.0,0,0.0,WR,WatsCh00
3861,Nick Westbrook-Ikhine,2.30,46,Sat,15,16,2022-12-24,25-278,TEN,,HOU,L 14-19,2.30,4.30,4.3,3.3,46,75.4,0,0.0,5,20.8,WR,WestNi00
3862,Nick Westbrook-Ikhine,2.30,43,Thu,8,9,2023-11-02,26-226,TEN,@,PIT,L 16-20,2.30,3.30,3.3,2.8,43,58.1,0,0.0,13,54.2,WR,WestNi00
3863,Cedrick Wilson Jr.,2.30,13,Sun,9,9,2022-11-06,26-351,MIA,@,CHI,W 35-32,2.30,4.30,4.3,3.3,13,22.8,0,0.0,3,11.5,WR,WilsCe01
3864,Cedrick Wilson Jr.,2.30,45,Sun,10,11,2023-11-19,27-364,MIA,,LVR,W 20-13,2.30,5.30,5.3,3.8,45,64.3,0,0.0,10,38.5,WR,WilsCe01
3865,Jordan Addison,2.20,46,Thu,7,8,2024-10-24,22-271,MIN,@,LAR,L 20-30,2.20,4.20,4.2,3.2,46,92.0,0,0.0,0,0.0,WR,AddiJo00
3866,David Bell,2.20,48,Sun,10,11,2022-11-20,21-341,CLE,@,BUF,L 23-31,2.20,6.20,6.2,4.2,48,64.0,0,0.0,9,30.0,WR,BellDa02
3867,Braxton Berrios,2.20,16,Sun,2,2,2022-09-18,26-347,NYJ,@,CLE,W 31-30,2.20,2.20,2.2,2.2,16,22.9,0,0.0,9,30.0,WR,BerrBr00
3868,Kendrick Bourne,2.20,38,Sat,16,17,2024-12-28,29-146,NWE,,LAC,L 7-40,2.20,4.20,4.2,3.2,38,71.7,0,0.0,0,0.0,WR,BourKe00
3869,Tyler Boyd,2.20,55,Thu,10,11,2023-11-16,29-001,CIN,@,BAL,L 20-34,2.20,5.20,5.2,3.7,55,90.2,0,0.0,0,0.0,WR,BoydTy00
3870,Tyler Boyd,2.20,55,Mon,12,13,2023-12-04,29-019,CIN,@,JAX,W 34-31 (OT),2.20,7.20,8.2,5.7,55,75.3,0,0.0,0,0.0,WR,BoydTy00
3871,Treylon Burks,2.20,48,Sun,15,16,2023-12-24,23-276,TEN,,SEA,L 17-20,2.20,4.20,4.2,3.2,48,72.7,0,0.0,0,0.0,WR,BurkTr00
3872,Parris Campbell,2.20,73,Thu,5,5,2022-10-06,25-082,IND,@,DEN,W 12-9 (OT),2.20,4.20,4.2,3.2,73,92.4,0,0.0,2,6.5,WR,CampPa00
3873,DeAndre Carter,2.20,57,Sun,3,3,2024-09-22,31-165,CHI,@,IND,L 16-21,2.20,5.20,5.2,3.7,57,63.3,0,0.0,9,39.1,WR,CartDe02
3874,Brandin Cooks,2.20,51,Sun,3,3,2022-09-25,29-000,HOU,@,CHI,L 20-23,2.20,4.20,4.2,3.2,51,86.4,0,0.0,0,0.0,WR,CookBr00
3875,Brandin Cooks,2.20,34,Sun,1,1,2023-09-10,29-350,DAL,@,NYG,W 40-0,2.20,4.20,4.2,3.2,34,58.6,0,0.0,0,0.0,WR,CookBr00
3876,Amari Cooper,2.20,66,Sun,6,7,2023-10-22,29-127,CLE,@,IND,W 39-38,2.20,4.20,4.2,3.2,66,88.0,0,0.0,0,0.0,WR,CoopAm00
3877,Derius Davis,2.20,19,Sun,5,6,2024-10-13,24-032,LAC,@,DEN,W 23-16,2.20,3.20,3.2,2.7,19,24.4,0,0.0,10,37.0,WR,DaviDe02
3878,Phillip Dorsett,2.20,28,Sun,9,10,2022-11-13,29-312,HOU,@,NYG,L 16-24,2.20,4.20,4.2,3.2,28,43.8,0,0.0,0,0.0,WR,DorsPh00
3879,Jahan Dotson,2.20,62,Sun,2,2,2023-09-17,23-179,WAS,@,DEN,W 35-33,2.20,5.20,5.2,3.7,62,84.9,0,0.0,1,3.3,WR,DotsJa00
3880,Josh Downs,2.20,32,Sun,3,3,2024-09-22,23-041,IND,,CHI,W 21-16,2.20,5.20,5.2,3.7,32,57.1,0,0.0,0,0.0,WR,DownJo00
3881,Josh Downs,2.20,47,Sun,16,17,2024-12-29,23-139,IND,@,NYG,L 33-45,2.20,5.20,5.2,3.7,47,61.0,0,0.0,0,0.0,WR,DownJo00
3882,Mike Evans,2.20,56,Sun,17,18,2024-01-07,30-139,TAM,@,CAR,W 9-0,2.20,5.20,5.2,3.7,56,86.2,0,0.0,0,0.0,WR,EvanMi00
3883,Kenny Golladay,2.20,46,Sun,1,1,2022-09-11,28-312,NYG,@,TEN,W 21-20,2.20,4.20,4.2,3.2,46,76.7,0,0.0,0,0.0,WR,GollKe00
3884,Marquise Goodwin,2.20,28,Mon,1,1,2022-09-12,31-297,SEA,,DEN,W 17-16,2.20,4.20,4.2,3.2,28,50.9,0,0.0,0,0.0,WR,GoodMa00
3885,Isaiah Hodgins,2.20,24,Sun,11,11,2023-11-19,25-029,NYG,@,WAS,W 31-19,2.20,4.20,4.2,3.2,24,43.6,0,0.0,0,0.0,WR,HodgIs00
3886,KhaDarel Hodge,2.20,26,Sun,11,11,2024-11-17,29-319,ATL,@,DEN,L 6-38,2.20,4.20,4.2,3.2,26,44.1,0,0.0,14,53.8,WR,HodgKh00
3887,Cody Hollister,2.20,8,Sun,1,1,2022-09-11,28-297,TEN,,NYG,L 20-21,2.20,3.20,3.2,2.7,8,12.3,0,0.0,12,42.9,WR,HollCo00
3888,Trishton Jackson,2.20,53,Sun,9,9,2023-11-05,25-241,MIN,@,ATL,W 31-28,2.20,3.20,3.2,2.7,53,70.7,0,0.0,0,0.0,WR,JackTr02
3889,Jauan Jennings,2.20,18,Mon,4,4,2022-10-03,25-085,SFO,,LAR,W 24-9,2.20,4.20,4.2,3.2,18,36.0,0,0.0,4,16.0,WR,JennJa00
3890,Diontae Johnson,2.20,57,Sun,4,4,2022-10-02,26-089,PIT,,NYJ,L 20-24,2.20,4.20,4.2,3.2,57,89.1,0,0.0,0,0.0,WR,JohnDi01
3891,Diontae Johnson,2.20,70,Sun,10,11,2022-11-20,26-138,PIT,,CIN,L 30-37,2.20,6.20,6.2,4.2,70,95.9,0,0.0,0,0.0,WR,JohnDi01
3892,Quentin Johnston,2.20,32,Sun,5,6,2024-10-13,23-037,LAC,@,DEN,W 23-16,2.20,5.20,5.2,3.7,32,41.0,0,0.0,0,0.0,WR,JohnQu02
3893,Marvin Jones,2.20,35,Sun,5,5,2023-10-08,33-210,DET,,CAR,W 42-24,2.20,4.20,4.2,3.2,35,58.3,0,0.0,0,0.0,WR,JoneMa02
3894,Marvin Jones,2.20,35,Sun,13,14,2022-12-11,32-274,JAX,@,TEN,W 36-22,2.20,3.20,3.2,2.7,35,48.6,0,0.0,0,0.0,WR,JoneMa02
3895,Jarvis Landry,2.20,21,Sun,3,3,2022-09-25,29-301,NOR,@,CAR,L 14-22,2.20,4.20,4.2,3.2,21,30.4,0,0.0,3,10.3,WR,LandJa00
3896,Tyler Lockett,2.20,45,Sun,14,15,2024-12-15,32-078,SEA,,GNB,L 13-30,2.20,3.20,3.2,2.7,45,76.3,0,0.0,0,0.0,WR,LockTy00
3897,Ray-Ray McCloud,2.20,13,Sun,4,4,2023-10-01,26-351,SFO,,ARI,W 35-16,2.20,4.20,4.2,3.2,13,23.6,0,0.0,8,36.4,WR,McClRa00
3898,Terry McLaurin,2.20,66,Sun,2,2,2024-09-15,29-000,WAS,,NYG,W 21-18,2.20,8.20,8.2,5.2,66,91.7,0,0.0,0,0.0,WR,McLaTe00
3899,John Metchie,2.20,16,Sun,4,4,2023-10-01,23-075,HOU,,PIT,W 30-6,2.20,3.20,3.2,2.7,16,22.5,0,0.0,0,0.0,WR,MetcJo00
3900,Jakobi Meyers,2.20,31,Thu,12,13,2022-12-01,26-022,NWE,,BUF,L 10-24,2.20,5.20,5.2,3.7,31,57.4,0,0.0,0,0.0,WR,MeyeJa01
3901,Jonathan Mingo,2.20,71,Sun,13,14,2023-12-10,22-234,CAR,@,NOR,L 6-28,2.20,4.20,4.2,3.2,71,88.8,0,0.0,0,0.0,WR,MingJo00
3902,Adonai Mitchell,2.20,5,Sun,9,9,2024-11-03,22-026,IND,@,MIN,L 13-21,2.20,3.20,3.2,2.7,5,9.3,0,0.0,0,0.0,WR,MitcAd00
3903,Adonai Mitchell,2.20,7,Sun,16,17,2024-12-29,22-082,IND,@,NYG,L 33-45,2.20,4.20,4.2,3.2,7,9.1,0,0.0,0,0.0,WR,MitcAd00
3904,Chris Moore,2.20,31,Mon,13,14,2023-12-11,30-178,TEN,@,MIA,W 28-27,2.20,3.20,3.2,2.7,31,43.7,0,0.0,8,25.8,WR,MoorCh00
3905,Skyy Moore,2.20,37,Thu,6,6,2023-10-12,23-032,KAN,,DEN,W 19-8,2.20,4.20,4.2,3.2,37,52.1,0,0.0,0,0.0,WR,MoorSk01
3906,Trey Palmer,2.20,55,Thu,7,8,2023-10-26,22-207,TAM,@,BUF,L 18-24,2.20,5.20,5.2,3.7,55,80.9,0,0.0,0,0.0,WR,PalmTr00
3907,Donovan Peoples-Jones,2.20,46,Sun,6,7,2023-10-22,24-245,CLE,@,IND,W 39-38,2.20,4.20,4.2,3.2,46,61.3,0,0.0,5,12.5,WR,PeopDo00
3908,Alec Pierce,2.20,58,Sun,13,14,2023-12-10,23-222,IND,@,CIN,L 14-34,2.20,4.20,4.2,3.2,58,90.6,0,0.0,0,0.0,WR,PierAl00
3909,Michael Pittman Jr.,2.20,56,Sun,9,9,2022-11-06,25-032,IND,@,NWE,L 3-26,2.20,5.20,5.2,3.7,56,90.3,0,0.0,0,0.0,WR,PittMi01
3910,Byron Pringle,2.20,10,Sun,1,1,2022-09-11,28-298,CHI,,SFO,W 19-10,2.20,3.20,3.2,2.7,10,17.2,0,0.0,0,0.0,WR,PrinBy00
3911,James Proche,2.20,17,Mon,9,9,2022-11-07,26-047,BAL,@,NOR,W 27-13,2.20,4.20,4.2,3.2,17,25.0,0,0.0,4,15.4,WR,ProcJa00
3912,Kalif Raymond,2.20,21,Mon,8,8,2023-10-30,29-083,DET,,LVR,W 26-14,2.20,4.20,4.2,3.2,21,24.4,0,0.0,5,20.0,WR,RaymKa00
3913,Jalen Reagor,2.20,16,Sun,17,18,2023-01-08,24-006,MIN,@,CHI,W 29-13,2.20,4.20,4.2,3.2,16,22.5,0,0.0,3,13.0,WR,ReagJa00
3914,Wan'Dale Robinson,2.20,41,Sun,7,7,2023-10-22,22-290,NYG,,WAS,W 14-7,2.20,3.20,3.2,2.7,41,60.3,0,0.0,0,0.0,WR,RobiWa01
3915,Amari Rodgers,2.20,28,Sun,8,8,2022-10-30,23-037,GNB,@,BUF,L 17-27,2.20,3.20,3.2,2.7,28,42.4,0,0.0,7,31.8,WR,RodgAm00
3916,Amari Rodgers,2.20,40,Sun,17,18,2023-01-08,23-107,HOU,@,IND,W 32-31,2.20,5.20,5.2,3.7,40,61.5,0,0.0,0,0.0,WR,RodgAm00
3917,Curtis Samuel,2.20,14,Sun,8,8,2023-10-29,27-079,WAS,,PHI,L 31-38,2.20,6.20,6.2,4.2,14,19.4,0,0.0,0,0.0,WR,SamuCu00
3918,Curtis Samuel,2.20,17,Mon,3,3,2024-09-23,28-043,BUF,,JAX,W 47-10,2.20,5.20,5.2,3.7,17,26.6,0,0.0,0,0.0,WR,SamuCu00
3919,Rashid Shaheed,2.20,32,Sun,9,9,2023-11-05,25-066,NOR,,CHI,W 24-17,2.20,5.20,5.2,3.7,32,50.8,0,0.0,6,25.0,WR,ShahRa00
3920,Khalil Shakir,2.20,44,Sun,15,16,2024-12-22,24-323,BUF,,NWE,W 24-21,2.20,4.20,4.2,3.2,44,74.6,0,0.0,1,4.2,WR,ShakKh00
3921,Ben Skowronek,2.20,41,Sun,17,18,2024-01-07,26-194,LAR,@,SFO,W 21-20,2.20,4.20,4.2,3.2,41,61.2,0,0.0,16,84.2,WR,SkowBe00
3922,Darius Slayton,2.20,57,Sun,7,7,2023-10-22,26-283,NYG,,WAS,W 14-7,2.20,3.20,3.2,2.7,57,83.8,0,0.0,2,6.9,WR,SlayDa01
3923,DeVonta Smith,2.20,58,Thu,8,9,2022-11-03,23-354,PHI,@,HOU,W 29-17,2.20,4.20,4.2,3.2,58,89.2,0,0.0,0,0.0,WR,SmitDe07
3924,Shi Smith,2.20,22,Sun,3,3,2022-09-25,23-334,CAR,,NOR,W 22-14,2.20,4.20,4.2,3.2,22,36.1,0,0.0,6,20.7,WR,SmitSh03
3925,Tyquan Thornton,2.20,30,Sun,11,12,2023-11-26,23-080,NWE,@,NYG,L 7-10,2.20,4.20,4.2,3.2,30,44.1,0,0.0,0,0.0,WR,ThorTy00
3926,Kadarius Toney,2.20,17,Sun,4,4,2023-10-01,24-247,KAN,@,NYJ,W 23-20,2.20,4.20,4.2,3.2,17,24.3,0,0.0,0,0.0,WR,ToneKa00
3927,Samori Toure,2.20,18,Mon,13,14,2023-12-11,25-262,GNB,@,NYG,L 22-24,2.20,4.20,4.2,3.2,18,26.5,0,0.0,0,0.0,WR,TourSa00
3928,Tre Tucker,2.20,47,Sun,1,1,2024-09-08,23-184,LVR,@,LAC,L 10-22,2.20,4.20,4.2,3.2,47,78.3,0,0.0,7,25.0,WR,TuckTr00
3929,KaVontae Turpin,2.20,11,Sun,13,14,2023-12-10,27-130,DAL,,PHI,W 33-13,2.20,2.20,2.2,2.2,11,13.4,0,0.0,6,24.0,WR,TurpKa00
3930,Marquez Valdes-Scantling,2.20,33,Sun,9,9,2023-11-05,29-026,KAN,,MIA,W 21-14,2.20,4.20,4.2,3.2,33,55.0,0,0.0,0,0.0,WR,ValdMa00
3931,Marquez Valdes-Scantling,2.20,22,Sun,13,14,2023-12-10,29-061,KAN,,BUF,L 17-20,2.20,4.20,4.2,3.2,22,33.3,0,0.0,0,0.0,WR,ValdMa00
3932,Justin Watson,2.20,29,Sun,2,2,2024-09-15,28-164,KAN,,CIN,W 26-25,2.20,4.20,4.2,3.2,29,44.6,0,0.0,2,7.7,WR,WatsJu01
3933,Jordan Whittington,2.20,26,Sun,2,2,2024-09-15,23-350,LAR,@,ARI,L 10-41,2.20,4.20,4.2,3.2,26,50.0,0,0.0,12,48.0,WR,WhitJo04
3934,Cedrick Wilson Jr.,2.20,30,Sun,17,18,2025-01-05,29-046,NOR,@,TAM,L 19-27,2.20,5.20,5.2,3.7,30,45.5,0,0.0,12,42.9,WR,WilsCe01
3935,Xavier Worthy,2.20,44,Sun,2,2,2024-09-15,21-141,KAN,,CIN,W 26-25,2.20,4.20,4.2,3.2,44,67.7,0,0.0,0,0.0,WR,WortXa00
3936,Olamide Zaccheaus,2.20,42,Sun,11,11,2022-11-20,25-120,ATL,,CHI,W 27-24,2.20,3.20,3.2,2.7,42,76.4,0,0.0,0,0.0,WR,ZaccOl01
3937,Nelson Agholor,2.10,50,Sun,3,3,2022-09-25,29-124,NWE,,BAL,L 26-37,2.10,4.10,5.1,3.1,50,75.8,0,0.0,0,0.0,WR,AghoNe00
3938,Nelson Agholor,2.10,29,Sun,12,12,2023-11-26,30-186,BAL,@,LAC,W 20-10,2.10,3.10,3.1,2.6,29,40.8,0,0.0,0,0.0,WR,AghoNe00
3939,Tutu Atwell,2.10,7,Sun,10,11,2024-11-17,25-041,LAR,@,NWE,W 28-22,2.10,3.10,3.1,2.6,7,13.5,0,0.0,0,0.0,WR,AtweTu00
3940,Rashod Bateman,2.10,57,Sun,12,12,2023-11-26,23-362,BAL,@,LAC,W 20-10,2.10,4.10,4.1,3.1,57,80.3,0,0.0,0,0.0,WR,BateRa00
3941,Tyler Boyd,2.10,42,Sat,15,16,2022-12-24,28-039,CIN,@,NWE,W 22-18,2.10,5.10,5.1,3.6,42,50.6,0,0.0,0,0.0,WR,BoydTy00
3942,Treylon Burks,2.10,40,Sun,3,3,2022-09-25,22-186,TEN,,LVR,W 24-22,2.10,3.10,3.1,2.6,40,69.0,0,0.0,6,25.0,WR,BurkTr00
3943,Parris Campbell,2.10,45,Sun,2,2,2023-09-17,26-063,NYG,@,ARI,W 31-28,2.10,6.10,6.1,4.1,45,66.2,0,0.0,0,0.0,WR,CampPa00
3944,Keelan Cole,2.10,44,Sun,10,11,2022-11-20,29-214,LVR,@,DEN,W 22-16 (OT),2.10,3.10,3.1,2.6,44,66.7,0,0.0,4,13.8,WR,ColeKe00
3945,Jamison Crowder,2.10,8,Thu,5,5,2023-10-05,30-110,WAS,,CHI,L 20-40,2.10,4.10,4.1,3.1,8,11.4,0,0.0,3,10.0,WR,CrowJa00
3946,Gabriel Davis,2.10,63,Sun,16,17,2023-12-31,24-274,BUF,,NWE,W 27-21,2.10,4.10,4.1,3.1,63,91.3,0,0.0,0,0.0,WR,DaviGa01
3947,Jahan Dotson,2.10,51,Sun,3,3,2023-09-24,23-186,WAS,,BUF,L 3-37,2.10,4.10,4.1,3.1,51,94.4,0,0.0,0,0.0,WR,DotsJa00
3948,Romeo Doubs,2.10,70,Sun,6,6,2022-10-16,22-186,GNB,,NYJ,L 10-27,2.10,6.10,6.1,4.1,70,95.9,0,0.0,0,0.0,WR,DoubRo00
3949,Zay Flowers,2.10,14,Sat,17,18,2025-01-04,24-115,BAL,,CLE,W 35-10,2.10,3.10,3.1,2.6,14,20.0,0,0.0,0,0.0,WR,FlowZa00
3950,Mecole Hardman,2.10,13,Sun,10,11,2024-11-17,26-250,KAN,@,BUF,L 21-30,2.10,4.10,4.1,3.1,13,23.6,0,0.0,3,12.5,WR,HardMe00
3951,Marvin Harrison Jr.,2.10,48,Mon,7,7,2024-10-21,22-071,ARI,,LAC,W 17-15,2.10,5.10,5.1,3.6,48,84.2,0,0.0,0,0.0,WR,HarrMa09
3952,Tee Higgins,2.10,66,Mon,3,3,2023-09-25,24-250,CIN,,LAR,W 19-16,2.10,4.10,4.1,3.1,66,85.7,0,0.0,1,3.2,WR,HiggTe00
3953,DeAndre Hopkins,2.10,49,Sun,14,15,2023-12-17,31-194,TEN,,HOU,L 16-19 (OT),2.10,4.10,4.1,3.1,49,77.8,0,0.0,0,0.0,WR,HopkDe00
3954,Xavier Hutchinson,2.10,39,Wed,16,17,2024-12-25,24-207,HOU,,BAL,L 2-31,2.10,4.10,4.1,3.1,39,69.6,0,0.0,2,8.3,WR,HutcXa00
3955,Jalin Hyatt,2.10,56,Sun,6,6,2023-10-15,22-020,NYG,@,BUF,L 9-14,2.10,5.10,5.1,3.6,56,72.7,0,0.0,0,0.0,WR,HyatJa00
3956,Van Jefferson,2.10,60,Sun,4,4,2024-09-29,28-065,PIT,@,IND,L 24-27,2.10,4.10,4.1,3.1,60,85.7,0,0.0,0,0.0,WR,JeffVa00
3957,Jauan Jennings,2.10,46,Sat,15,16,2022-12-24,25-167,SFO,,WAS,W 37-20,2.10,4.10,4.1,3.1,46,88.5,0,0.0,0,0.0,WR,JennJa00
3958,Cade Johnson,2.10,29,Sun,17,18,2023-01-08,24-273,SEA,,LAR,W 19-16 (OT),2.10,4.10,4.1,3.1,29,41.4,0,0.0,0,0.0,WR,JohnCa03
3959,Quentin Johnston,2.10,56,Sun,10,11,2023-11-19,22-074,LAC,@,GNB,L 20-23,2.10,4.10,4.1,3.1,56,86.2,0,0.0,0,0.0,WR,JohnQu02
3960,Zay Jones,2.10,46,Sat,17,18,2023-01-07,27-283,JAX,,TEN,W 20-16,2.10,6.10,6.1,4.1,46,93.9,0,0.0,0,0.0,WR,JoneZa00
3961,Christian Kirk,2.10,52,Sun,16,17,2023-01-01,26-044,JAX,@,HOU,W 31-3,2.10,4.10,4.1,3.1,52,82.5,0,0.0,0,0.0,WR,KirkCh01
3962,Cooper Kupp,2.10,62,Sun,8,8,2023-10-29,30-136,LAR,@,DAL,L 20-43,2.10,6.10,6.1,4.1,62,100.0,0,0.0,0,0.0,WR,KuppCo00
3963,Allen Lazard,2.10,52,Sun,14,15,2023-12-17,28-006,NYJ,@,MIA,L 0-30,2.10,5.10,5.1,3.6,52,89.7,0,0.0,0,0.0,WR,LazaAl00
3964,Tyler Lockett,2.10,46,Mon,14,15,2023-12-18,31-081,SEA,,PHI,W 20-17,2.10,5.10,5.1,3.6,46,75.4,0,0.0,0,0.0,WR,LockTy00
3965,Isaiah McKenzie,2.10,41,Sun,8,9,2022-11-06,27-211,BUF,@,NYJ,L 17-20,2.10,4.10,4.1,3.1,41,66.1,0,0.0,5,21.7,WR,McKeIs00
3966,Jalen McMillan,2.10,38,Sun,2,2,2024-09-15,22-283,TAM,@,DET,W 20-16,2.10,3.10,3.1,2.6,38,79.2,0,0.0,0,0.0,WR,McMiJa01
3967,Jakobi Meyers,2.10,58,Sun,10,10,2023-11-12,27-003,LVR,,NYJ,W 16-12,2.10,4.10,4.1,3.1,58,90.6,0,0.0,0,0.0,WR,MeyeJa01
3968,Jonathan Mingo,2.10,26,Sun,3,3,2023-09-24,22-157,CAR,@,SEA,L 27-37,2.10,5.10,5.1,3.6,26,32.9,0,0.0,0,0.0,WR,MingJo00
3969,Jonathan Mingo,2.10,64,Sun,6,6,2023-10-15,22-178,CAR,@,MIA,L 21-42,2.10,4.10,4.1,3.1,64,92.8,0,0.0,7,23.3,WR,MingJo00
3970,Chris Moore,2.10,52,Sun,9,10,2023-11-12,30-149,TEN,@,TAM,L 6-20,2.10,4.10,4.1,3.1,52,82.5,0,0.0,0,0.0,WR,MoorCh00
3971,Chris Moore,2.10,59,Sun,16,17,2023-01-01,29-199,HOU,,JAX,L 3-31,2.10,5.10,5.1,3.6,59,84.3,0,0.0,0,0.0,WR,MoorCh00
3972,Elijah Moore,2.10,40,Thu,11,12,2024-11-21,24-239,CLE,,PIT,W 24-19,2.10,5.10,5.1,3.6,40,69.0,0,0.0,0,0.0,WR,MoorEl00
3973,Elijah Moore,2.10,51,Sun,15,16,2024-12-22,24-270,CLE,@,CIN,L 6-24,2.10,4.10,4.1,3.1,51,77.3,0,0.0,0,0.0,WR,MoorEl00
3974,Rondale Moore,2.10,55,Sun,8,8,2023-10-29,23-142,ARI,,BAL,L 24-31,2.10,4.10,4.1,3.1,55,71.4,0,0.0,7,25.0,WR,MoorRo02
3975,K.J. Osborn,2.10,40,Sun,1,1,2024-09-08,27-090,NWE,@,CIN,W 16-10,2.10,5.10,5.1,3.6,40,61.5,0,0.0,0,0.0,WR,OsboKJ00
3976,Trey Palmer,2.10,54,Sun,9,10,2023-11-12,22-224,TAM,,TEN,W 20-6,2.10,4.10,4.1,3.1,54,83.1,0,0.0,0,0.0,WR,PalmTr00
3977,Ricky Pearsall,2.10,48,Sun,7,7,2024-10-20,24-041,SFO,,KAN,L 18-28,2.10,5.10,5.1,3.6,48,76.2,0,0.0,0,0.0,WR,PearRi00
3978,Alec Pierce,2.10,55,Sun,10,10,2023-11-12,23-194,IND,@,NWE,W 10-6,2.10,3.10,3.1,2.6,55,96.5,0,0.0,0,0.0,WR,PierAl00
3979,Michael Pittman Jr.,2.10,48,Sun,2,2,2024-09-15,26-346,IND,@,GNB,L 10-16,2.10,5.10,5.1,3.6,48,85.7,0,0.0,1,4.5,WR,PittMi01
3980,Kalif Raymond,2.10,38,Sun,4,4,2022-10-02,28-055,DET,,SEA,L 45-48,2.10,5.10,6.1,3.6,38,51.4,0,0.0,0,0.0,WR,RaymKa00
3981,Hunter Renfrow,2.10,48,Sun,1,1,2022-09-11,26-264,LVR,@,LAC,L 19-24,2.10,5.10,5.1,3.6,48,82.8,0,0.0,4,16.7,WR,RenfHu00
3982,Allen Robinson,2.10,41,Thu,13,14,2023-12-07,30-105,PIT,,NWE,L 18-21,2.10,3.10,3.1,2.6,41,58.6,0,0.0,0,0.0,WR,RobiAl02
3983,Allen Robinson,2.10,8,Mon,16,17,2024-12-30,31-128,DET,@,SFO,W 40-34,2.10,3.10,3.1,2.6,8,11.3,0,0.0,0,0.0,WR,RobiAl02
3984,Wan'Dale Robinson,2.10,11,Thu,3,3,2023-09-21,22-259,NYG,@,SFO,L 12-30,2.10,6.10,6.1,4.1,11,22.0,0,0.0,0,0.0,WR,RobiWa01
3985,Deebo Samuel,2.10,55,Sun,10,11,2024-11-17,28-307,SFO,,SEA,L 17-20,2.10,6.10,6.1,4.1,55,87.3,0,0.0,0,0.0,WR,SamuDe00
3986,Deebo Samuel,2.10,33,Sun,11,12,2024-11-24,28-314,SFO,@,GNB,L 10-38,2.10,3.10,3.1,2.6,33,67.3,0,0.0,3,12.0,WR,SamuDe00
3987,Laviska Shenault Jr.,2.10,28,Sun,12,12,2022-11-27,24-053,CAR,,DEN,W 23-10,2.10,4.10,4.1,3.1,28,42.4,0,0.0,1,3.3,WR,ShenLa00
3988,Laviska Shenault Jr.,2.10,25,Sun,1,1,2023-09-10,24-340,CAR,@,ATL,L 10-24,2.10,4.10,4.1,3.1,25,32.5,0,0.0,18,69.2,WR,ShenLa00
3989,Cam Sims,2.10,49,Sun,8,8,2022-10-30,26-297,WAS,@,IND,W 17-16,2.10,3.10,3.1,2.6,49,80.3,0,0.0,0,0.0,WR,SimsCa00
3990,Ben Skowronek,2.10,20,Sun,2,2,2023-09-17,26-082,LAR,,SFO,L 23-30,2.10,3.10,3.1,2.6,20,25.0,0,0.0,16,57.1,WR,SkowBe00
3991,Darius Slayton,2.10,45,Sun,10,10,2023-11-12,26-304,NYG,@,DAL,L 17-49,2.10,5.10,5.1,3.6,45,78.9,0,0.0,0,0.0,WR,SlayDa01
3992,JuJu Smith-Schuster,2.10,39,Sun,16,17,2023-01-01,26-040,KAN,,DEN,W 27-24,2.10,4.10,4.1,3.1,39,65.0,0,0.0,0,0.0,WR,SmitJu00
3993,Equanimeous St. Brown,2.10,42,Sun,4,4,2023-10-01,27-001,CHI,,DEN,L 28-31,2.10,3.10,3.1,2.6,42,58.3,0,0.0,1,3.8,WR,St.BEq00
3994,Amon-Ra St. Brown,2.10,57,Sun,13,14,2023-12-10,24-047,DET,@,CHI,L 13-28,2.10,5.10,5.1,3.6,57,87.7,0,0.0,0,0.0,WR,StxxAm00
3995,Tyquan Thornton,2.10,60,Sun,14,15,2022-12-18,22-102,NWE,@,LVR,L 24-30,2.10,3.10,3.1,2.6,60,92.3,0,0.0,0,0.0,WR,ThorTy00
3996,Jalen Tolbert,2.10,66,Mon,10,11,2024-11-18,25-265,DAL,,HOU,L 10-34,2.10,4.10,4.1,3.1,66,79.5,0,0.0,0,0.0,WR,TolbJa00
3997,Cedrick Wilson Jr.,2.10,13,Sat,14,15,2022-12-17,27-027,MIA,@,BUF,L 29-32,2.10,3.10,3.1,2.6,13,22.0,0,0.0,5,16.7,WR,WilsCe01
3998,Garrett Wilson,2.10,71,Sun,4,4,2024-09-29,24-069,NYJ,,DEN,L 9-10,2.10,7.10,8.1,4.6,71,95.9,0,0.0,0,0.0,WR,WilsGa00
3999,Robert Woods,2.10,61,Sun,15,16,2023-12-24,31-258,HOU,,CLE,L 22-36,2.10,4.10,4.1,3.1,61,81.3,0,0.0,4,16.7,WR,WoodRo02
4000,Robert Woods,2.10,21,Wed,16,17,2024-12-25,32-259,HOU,,BAL,L 2-31,2.10,4.10,4.1,3.1,21,37.5,0,0.0,4,16.7,WR,WoodRo02
4001,Nelson Agholor,2.00,28,Mon,7,7,2024-10-21,31-150,BAL,@,TAM,W 41-31,2.00,3.00,3.0,2.5,28,47.5,0,0.0,0,0.0,WR,AghoNe00
4002,Calvin Austin III,2.00,35,Sun,9,10,2024-11-10,25-231,PIT,@,WAS,W 28-27,2.00,4.00,4.0,3.0,35,44.9,0,0.0,6,18.8,WR,AustCa00
4003,Ronnie Bell,2.00,12,Sun,9,10,2023-11-12,23-288,SFO,@,JAX,W 34-3,2.00,3.00,3.0,2.5,12,19.4,0,0.0,3,13.0,WR,BellRo01
4004,Braxton Berrios,2.00,20,Sun,6,6,2023-10-15,28-009,MIA,,CAR,W 42-21,2.00,4.00,4.0,3.0,20,29.9,0,0.0,9,30.0,WR,BerrBr00
4005,Tyler Boyd,2.00,31,Sun,15,16,2024-12-22,30-037,TEN,@,IND,L 30-38,2.00,4.00,4.0,3.0,31,50.8,0,0.0,0,0.0,WR,BoydTy00
4006,Jason Brownlee,2.00,57,Fri,11,12,2023-11-24,24-298,NYJ,,MIA,L 13-34,2.00,4.00,4.0,3.0,57,98.3,0,0.0,3,12.5,WR,BrowJa07
4007,Lawrence Cager,2.00,56,Sun,10,11,2022-11-20,25-092,NYG,,DET,L 18-31,2.00,4.00,4.0,3.0,56,73.7,0,0.0,1,3.8,WR,CageLa01
4008,Lawrence Cager,2.00,28,Thu,11,12,2022-11-24,25-096,NYG,@,DAL,L 20-28,2.00,3.00,3.0,2.5,28,43.8,0,0.0,1,4.3,WR,CageLa01
4009,Marquez Callaway,2.00,52,Thu,7,7,2022-10-20,24-207,NOR,@,ARI,L 34-42,2.00,4.00,4.0,3.0,52,72.2,0,0.0,0,0.0,WR,CallMa01
4010,Randall Cobb,2.00,29,Sun,16,17,2023-01-01,32-132,GNB,,MIN,W 41-17,2.00,4.00,4.0,3.0,29,46.0,0,0.0,3,10.7,WR,CobbRa00
4011,Brandin Cooks,2.00,45,Sun,5,5,2022-10-09,29-014,HOU,@,JAX,W 13-6,2.00,6.00,6.0,4.0,45,77.6,0,0.0,0,0.0,WR,CookBr00
4012,Derius Davis,2.00,7,Sun,10,11,2024-11-17,24-067,LAC,,CIN,W 34-27,2.00,3.00,3.0,2.5,7,10.4,0,0.0,12,32.4,WR,DaviDe02
4013,Greg Dortch,2.00,48,Sun,14,15,2023-12-17,25-202,ARI,,SFO,L 29-45,2.00,4.00,4.0,3.0,48,64.9,0,0.0,12,38.7,WR,DortGr01
4014,Romeo Doubs,2.00,31,Sun,16,17,2023-01-01,22-263,GNB,,MIN,W 41-17,2.00,5.00,5.0,3.5,31,49.2,0,0.0,0,0.0,WR,DoubRo00
4015,Romeo Doubs,2.00,46,Mon,15,16,2024-12-23,24-254,GNB,,NOR,W 34-0,2.00,4.00,4.0,3.0,46,66.7,0,0.0,0,0.0,WR,DoubRo00
4016,Demario Douglas,2.00,17,Sun,3,3,2023-09-24,22-290,NWE,@,NYJ,W 15-10,2.00,3.00,3.0,2.5,17,23.6,0,0.0,4,12.9,WR,DougDe00
4017,Demario Douglas,2.00,45,Sun,13,13,2024-12-01,23-359,NWE,,IND,L 24-25,2.00,6.00,6.0,4.0,45,62.5,0,0.0,0,0.0,WR,DougDe00
4018,Troy Franklin,2.00,11,Sun,5,5,2024-10-06,21-243,DEN,,LVR,W 34-18,2.00,3.00,3.0,2.5,11,17.5,0,0.0,0,0.0,WR,FranTr00
4019,Russell Gage,2.00,55,Sun,6,6,2022-10-16,26-267,TAM,@,PIT,L 18-20,2.00,4.00,4.0,3.0,55,76.4,0,0.0,0,0.0,WR,GageRu00
4020,Michael Gallup,2.00,33,Sun,7,8,2023-10-29,27-239,DAL,,LAR,W 43-20,2.00,4.00,4.0,3.0,33,50.8,0,0.0,0,0.0,WR,GallMi00
4021,A.J. Green,2.00,50,Sun,5,5,2022-10-09,34-070,ARI,,PHI,L 17-20,2.00,5.00,5.0,3.5,50,72.5,0,0.0,0,0.0,WR,GreeA.00
4022,Tee Higgins,2.00,29,Sun,6,6,2023-10-15,24-270,CIN,,SEA,W 17-13,2.00,4.00,4.0,3.0,29,53.7,0,0.0,0,0.0,WR,HiggTe00
4023,Tyreek Hill,2.00,27,Sun,17,18,2025-01-05,30-310,MIA,@,NYJ,L 20-32,2.00,4.00,4.0,3.0,27,38.6,0,0.0,4,15.4,WR,HillTy00
4024,Kendall Hinton,2.00,55,Sun,2,2,2022-09-18,25-211,DEN,,HOU,W 16-9,2.00,3.00,3.0,2.5,55,76.4,0,0.0,0,0.0,WR,HintKe00
4025,DeAndre Hopkins,2.00,48,Sun,6,6,2023-10-15,31-131,TEN,,BAL,L 16-24,2.00,3.00,3.0,2.5,48,87.3,0,0.0,0,0.0,WR,HopkDe00
4026,DeAndre Hopkins,2.00,54,Sun,15,16,2023-12-24,31-201,TEN,,SEA,L 17-20,2.00,4.00,4.0,3.0,54,81.8,0,0.0,0,0.0,WR,HopkDe00
4027,Richie James,2.00,34,Sun,12,13,2022-12-04,27-090,NYG,,WAS,T 20-20 (OT),2.00,5.00,5.0,3.5,34,51.5,0,0.0,6,17.6,WR,JameRi00
4028,Jerry Jeudy,2.00,60,Sun,15,16,2024-12-22,25-242,CLE,@,CIN,L 6-24,2.00,4.00,4.0,3.0,60,90.9,0,0.0,0,0.0,WR,JeudJe00
4029,Quentin Johnston,2.00,34,Sun,6,7,2023-10-22,22-046,LAC,@,KAN,L 17-31,2.00,3.00,3.0,2.5,34,54.0,0,0.0,0,0.0,WR,JohnQu02
4030,Tyler Johnson,2.00,45,Sun,2,2,2024-09-15,26-021,LAR,@,ARI,L 10-41,2.00,4.00,4.0,3.0,45,86.5,0,0.0,0,0.0,WR,JohnTy00
4031,Tyler Johnson,2.00,29,Sun,3,3,2024-09-22,26-028,LAR,,SFO,W 27-24,2.00,5.00,5.0,3.5,29,50.0,0,0.0,0,0.0,WR,JohnTy00
4032,Tim Jones,2.00,27,Sun,6,6,2022-10-16,24-153,JAX,@,IND,L 27-34,2.00,3.00,3.0,2.5,27,42.9,0,0.0,7,28.0,WR,JoneTi00
4033,Tim Jones,2.00,27,Sun,8,8,2024-10-27,26-164,JAX,,GNB,L 27-30,2.00,3.00,3.0,2.5,27,47.4,0,0.0,22,66.7,WR,JoneTi00
4034,Velus Jones Jr.,2.00,7,Sun,6,6,2023-10-15,26-157,CHI,,MIN,L 13-19,2.00,3.00,3.0,2.5,7,10.6,0,0.0,16,61.5,WR,JoneVe00
4035,Zay Jones,2.00,45,Sun,10,11,2023-11-19,28-234,JAX,,TEN,W 34-14,2.00,6.00,6.0,4.0,45,63.4,0,0.0,0,0.0,WR,JoneZa00
4036,Keith Kirkwood,2.00,25,Sun,11,12,2023-11-26,28-335,NOR,@,ATL,L 15-24,2.00,4.00,4.0,3.0,25,34.7,0,0.0,11,45.8,WR,KirkKe00
4037,Jarvis Landry,2.00,32,Sun,12,12,2022-11-27,29-364,NOR,@,SFO,L 0-13,2.00,4.00,4.0,3.0,32,56.1,0,0.0,0,0.0,WR,LandJa00
4038,Allen Lazard,2.00,51,Sun,15,16,2024-12-22,29-011,NYJ,,LAR,L 9-19,2.00,4.00,4.0,3.0,51,73.9,0,0.0,0,0.0,WR,LazaAl00
4039,Tyler Lockett,2.00,41,Sun,11,12,2024-11-24,32-057,SEA,,ARI,W 16-6,2.00,4.00,4.0,3.0,41,64.1,0,0.0,0,0.0,WR,LockTy00
4040,Tyler Lockett,2.00,36,Thu,16,17,2024-12-26,32-089,SEA,@,CHI,W 6-3,2.00,5.00,5.0,3.5,36,69.2,0,0.0,0,0.0,WR,LockTy00
4041,Ray-Ray McCloud,2.00,18,Sun,1,1,2022-09-11,25-331,SFO,@,CHI,L 10-19,2.00,3.00,3.0,2.5,18,26.5,0,0.0,10,41.7,WR,McClRa00
4042,Ray-Ray McCloud,2.00,19,Mon,7,7,2023-10-23,27-008,SFO,@,MIN,L 17-22,2.00,4.00,4.0,3.0,19,35.8,0,0.0,7,31.8,WR,McClRa00
4043,John Metchie,2.00,25,Sun,5,5,2023-10-08,23-082,HOU,@,ATL,L 19-21,2.00,4.00,4.0,3.0,25,43.1,0,0.0,5,17.2,WR,MetcJo00
4044,Marvin Mims,2.00,16,Sun,14,15,2024-12-15,22-271,DEN,,IND,W 31-13,2.00,6.00,6.0,4.0,16,25.4,0,0.0,9,30.0,WR,MimsMa00
4045,Jonathan Mingo,2.00,59,Thu,9,10,2023-11-09,22-203,CAR,@,CHI,L 13-16,2.00,5.00,5.0,3.5,59,98.3,0,0.0,0,0.0,WR,MingJo00
4046,Jonathan Mingo,2.00,49,Sun,3,3,2024-09-22,23-155,CAR,@,LVR,W 36-22,2.00,5.00,5.0,3.5,49,66.2,0,0.0,4,13.3,WR,MingJo00
4047,Darnell Mooney,2.00,76,Sun,12,13,2024-12-01,27-033,ATL,,LAC,L 13-17,2.00,5.00,5.0,3.5,76,93.8,0,0.0,0,0.0,WR,MoonDa00
4048,Chris Moore,2.00,59,Sun,17,18,2023-01-08,29-206,HOU,@,IND,W 32-31,2.00,4.00,4.0,3.0,59,90.8,0,0.0,0,0.0,WR,MoorCh00
4049,D.J. Moore,2.00,56,Sun,6,6,2024-10-13,27-182,CHI,,JAX,W 35-16,2.00,6.00,6.0,4.0,56,84.8,0,0.0,1,4.2,WR,MoorD.00
4050,David Moore,2.00,46,Sun,9,9,2024-11-03,29-293,CAR,,NOR,W 23-22,2.00,4.00,4.0,3.0,46,86.8,0,0.0,2,6.9,WR,MoorDa03
4051,Trey Palmer,2.00,35,Sun,2,2,2023-09-17,22-168,TAM,,CHI,W 27-17,2.00,3.00,3.0,2.5,35,49.3,0,0.0,2,7.4,WR,PalmTr00
4052,DeVante Parker,2.00,53,Sun,5,5,2023-10-08,30-261,NWE,,NOR,L 0-34,2.00,4.00,4.0,3.0,53,98.1,0,0.0,0,0.0,WR,ParkDe01
4053,Kalif Raymond,2.00,19,Thu,1,1,2023-09-07,29-030,DET,@,KAN,W 21-20,2.00,3.00,3.0,2.5,19,27.1,0,0.0,5,18.5,WR,RaymKa00
4054,Kalif Raymond,2.00,27,Sun,7,7,2023-10-22,29-075,DET,@,BAL,L 6-38,2.00,4.00,4.0,3.0,27,36.0,0,0.0,2,9.5,WR,RaymKa00
4055,Jalen Reagor,2.00,15,Mon,6,7,2024-10-21,25-293,LAC,@,ARI,L 15-17,2.00,3.00,4.0,2.5,15,22.7,0,0.0,4,18.2,WR,ReagJa00
4056,Jalen Reagor,2.00,21,Mon,11,12,2024-11-25,25-328,LAC,,BAL,L 23-30,2.00,4.00,4.0,3.0,21,30.4,0,0.0,6,22.2,WR,ReagJa00
4057,Rashee Rice,2.00,12,Sun,2,2,2023-09-17,23-148,KAN,@,JAX,W 17-9,2.00,4.00,4.0,3.0,12,17.9,0,0.0,1,4.5,WR,RiceRa01
4058,Calvin Ridley,2.00,52,Sun,9,10,2023-11-12,28-327,JAX,,SFO,L 3-34,2.00,4.00,4.0,3.0,52,91.2,0,0.0,0,0.0,WR,RidlCa00
4059,Allen Robinson,2.00,45,Sun,10,11,2023-11-19,30-087,PIT,@,CLE,L 10-13,2.00,5.00,5.0,3.5,45,77.6,0,0.0,0,0.0,WR,RobiAl02
4060,Curtis Samuel,2.00,40,Sun,15,16,2023-12-24,27-135,WAS,@,NYJ,L 28-30,2.00,3.00,3.0,2.5,40,65.6,0,0.0,0,0.0,WR,SamuCu00
4061,Deebo Samuel,2.00,52,Sun,5,5,2024-10-06,28-265,SFO,,ARI,L 23-24,2.00,3.00,3.0,2.5,52,81.3,0,0.0,0,0.0,WR,SamuDe00
4062,Laviska Shenault Jr.,2.00,18,Sun,16,17,2023-01-01,24-088,CAR,@,TAM,L 24-30,2.00,4.00,4.0,3.0,18,27.3,0,0.0,1,3.2,WR,ShenLa00
4063,David Sills,2.00,45,Mon,3,3,2022-09-26,26-120,NYG,,DAL,L 16-23,2.00,4.00,4.0,3.0,45,62.5,0,0.0,0,0.0,WR,SillDa01
4064,Steven Sims,2.00,11,Sun,8,8,2022-10-30,25-213,PIT,@,PHI,L 13-35,2.00,4.00,4.0,3.0,11,14.5,0,0.0,10,37.0,WR,SimsSt00
4065,Shi Smith,2.00,39,Sun,9,9,2022-11-06,24-011,CAR,@,CIN,L 21-42,2.00,3.00,3.0,2.5,39,79.6,0,0.0,3,10.3,WR,SmitSh03
4066,Equanimeous St. Brown,2.00,3,Sun,14,15,2022-12-18,26-079,CHI,,PHI,L 20-25,2.00,3.00,3.0,2.5,3,5.1,0,0.0,0,0.0,WR,St.BEq00
4067,Equanimeous St. Brown,2.00,32,Sun,16,17,2023-01-01,26-093,CHI,@,DET,L 10-41,2.00,4.00,4.0,3.0,32,61.5,0,0.0,0,0.0,WR,St.BEq00
4068,Adam Thielen,2.00,45,Sun,2,2,2024-09-15,34-024,CAR,,LAC,L 3-26,2.00,4.00,4.0,3.0,45,93.8,0,0.0,0,0.0,WR,ThieAd00
4069,Tyquan Thornton,2.00,5,Sun,15,16,2023-12-24,23-108,NWE,@,DEN,W 26-23,2.00,3.00,3.0,2.5,5,8.6,0,0.0,0,0.0,WR,ThorTy00
4070,Tyquan Thornton,2.00,12,Sun,8,8,2024-10-27,24-050,NWE,,NYJ,W 25-22,2.00,4.00,4.0,3.0,12,17.9,0,0.0,0,0.0,WR,ThorTy00
4071,Cedric Tillman,2.00,66,Sun,12,13,2023-12-03,23-228,CLE,@,LAR,L 19-36,2.00,4.00,4.0,3.0,66,93.0,0,0.0,0,0.0,WR,TillCe01
4072,Austin Trammell,2.00,33,Sun,9,9,2024-11-03,26-122,JAX,@,PHI,L 23-28,2.00,4.00,5.0,3.0,33,61.1,0,0.0,2,8.7,WR,TramAu00
4073,DJ Turner,2.00,5,Sun,6,7,2022-10-23,25-278,LVR,,HOU,W 38-20,2.00,2.00,2.0,2.0,5,8.9,0,0.0,12,44.4,WR,TurnDJ00
4074,Marquez Valdes-Scantling,2.00,35,Sun,13,14,2022-12-11,28-062,KAN,@,DEN,W 34-28,2.00,3.00,3.0,2.5,35,51.5,0,0.0,0,0.0,WR,ValdMa00
4075,Devaughn Vele,2.00,28,Thu,7,7,2024-10-17,26-310,DEN,@,NOR,W 33-10,2.00,3.00,3.0,2.5,28,43.1,0,0.0,0,0.0,WR,VeleDe00
4076,Dontayvion Wicks,2.00,43,Mon,13,14,2023-12-11,22-178,GNB,@,NYG,L 22-24,2.00,4.00,4.0,3.0,43,63.2,0,0.0,0,0.0,WR,WickDo00
4077,Dontayvion Wicks,2.00,45,Sun,5,5,2024-10-06,23-112,GNB,@,LAR,W 24-19,2.00,4.00,4.0,3.0,45,76.3,0,0.0,0,0.0,WR,WickDo00
4078,Cedrick Wilson Jr.,2.00,16,Sun,5,5,2022-10-09,26-323,MIA,@,NYJ,L 17-40,2.00,4.00,4.0,3.0,16,23.9,0,0.0,0,0.0,WR,WilsCe01
4079,Olamide Zaccheaus,2.00,53,Sun,17,18,2024-01-07,26-168,PHI,@,NYG,L 10-27,2.00,4.00,4.0,3.0,53,81.5,0,0.0,10,38.5,WR,ZaccOl01
4080,Brandon Aiyuk,1.90,62,Thu,14,15,2022-12-15,24-273,SFO,@,SEA,W 21-13,1.90,3.90,3.9,2.9,62,96.9,0,0.0,0,0.0,WR,AiyuBr00
4081,Keenan Allen,1.90,41,Sun,4,4,2024-09-29,32-155,CHI,,LAR,W 24-18,1.90,4.90,4.9,3.4,41,68.3,0,0.0,0,0.0,WR,AlleKe00
4082,Robbie Chosen,1.90,5,Sun,15,16,2023-12-24,30-229,MIA,,DAL,W 22-20,1.90,2.90,2.9,2.4,5,7.7,0,0.0,0,0.0,WR,AndeRo04
4083,Kayshon Boutte,1.90,45,Sun,14,15,2024-12-15,22-222,NWE,@,ARI,L 17-30,1.90,3.90,3.9,2.9,45,88.2,0,0.0,0,0.0,WR,BoutKa00
4084,Tyler Boyd,1.90,40,Sun,5,6,2024-10-13,29-333,TEN,,IND,L 17-20,1.90,4.90,4.9,3.4,40,69.0,0,0.0,0,0.0,WR,BoydTy00
4085,Marquise Brown,1.90,58,Sun,14,15,2022-12-18,25-197,ARI,@,DEN,L 15-24,1.90,5.90,5.9,3.9,58,89.2,0,0.0,0,0.0,WR,BrowMa04
4086,Noah Brown,1.90,52,Sun,1,1,2023-09-10,27-247,HOU,@,BAL,L 9-25,1.90,4.90,4.9,3.4,52,67.5,0,0.0,8,32.0,WR,BrowNo00
4087,Treylon Burks,1.90,56,Sat,17,18,2023-01-07,22-290,TEN,@,JAX,L 16-20,1.90,5.90,5.9,3.9,56,74.7,0,0.0,0,0.0,WR,BurkTr00
4088,Parris Campbell,1.90,46,Mon,15,16,2022-12-26,25-163,IND,,LAC,L 3-20,1.90,3.90,3.9,2.9,46,88.5,0,0.0,0,0.0,WR,CampPa00
4089,Ja'Marr Chase,1.90,31,Sun,17,18,2024-01-07,23-312,CIN,,CLE,W 31-14,1.90,5.90,5.9,3.9,31,48.4,0,0.0,0,0.0,WR,ChasJa00
4090,Chris Conley,1.90,31,Sun,14,15,2022-12-18,30-054,TEN,@,LAC,L 14-17,1.90,4.90,4.9,3.4,31,50.0,0,0.0,10,37.0,WR,ConlCh00
4091,Gabriel Davis,1.90,38,Sun,10,10,2024-11-10,25-223,JAX,,MIN,L 7-12,1.90,2.90,2.9,2.4,38,86.4,0,0.0,0,0.0,WR,DaviGa01
4092,Greg Dortch,1.90,47,Sun,13,13,2023-12-03,25-188,ARI,@,PIT,W 24-10,1.90,2.90,2.9,2.4,47,69.1,0,0.0,7,29.2,WR,DortGr01
4093,Josh Downs,1.90,39,Sat,14,15,2023-12-16,22-126,IND,,PIT,W 30-13,1.90,4.90,4.9,3.4,39,58.2,0,0.0,7,26.9,WR,DownJo00
4094,Ryan Flournoy,1.90,54,Mon,10,11,2024-11-18,25-022,DAL,,HOU,L 10-34,1.90,3.90,3.9,2.9,54,65.1,0,0.0,0,0.0,WR,FlouRy00
4095,Zay Flowers,1.90,49,Sun,8,8,2023-10-29,23-048,BAL,@,ARI,W 31-24,1.90,6.90,6.9,4.4,49,75.4,0,0.0,3,10.7,WR,FlowZa00
4096,Troy Franklin,1.90,29,Sun,9,9,2024-11-03,21-271,DEN,@,BAL,L 10-41,1.90,2.90,2.9,2.4,29,40.3,0,0.0,0,0.0,WR,FranTr00
4097,Michael Gallup,1.90,36,Sun,8,9,2023-11-05,27-246,DAL,@,PHI,L 23-28,1.90,3.90,3.9,2.9,36,48.0,0,0.0,0,0.0,WR,GallMi00
4098,Jalen Guyton,1.90,32,Thu,14,15,2023-12-14,26-190,LAC,@,LVR,L 21-63,1.90,3.90,3.9,2.9,32,49.2,0,0.0,0,0.0,WR,GuytJa01
4099,Tee Higgins,1.90,27,Sun,4,4,2023-10-01,24-256,CIN,@,TEN,L 3-27,1.90,3.90,3.9,2.9,27,50.9,0,0.0,0,0.0,WR,HiggTe00
4100,Tee Higgins,1.90,30,Sun,16,17,2023-12-31,24-347,CIN,@,KAN,L 17-25,1.90,2.90,2.9,2.4,30,40.5,0,0.0,0,0.0,WR,HiggTe00
4101,T.Y. Hilton,1.90,26,Sun,17,18,2023-01-08,33-055,DAL,@,WAS,L 6-26,1.90,3.90,3.9,2.9,26,38.8,0,0.0,0,0.0,WR,HiltT.00
4102,Isaiah Hodgins,1.90,28,Sun,5,5,2023-10-08,24-352,NYG,@,MIA,L 16-31,1.90,3.90,3.9,2.9,28,38.9,0,0.0,0,0.0,WR,HodgIs00
4103,KhaDarel Hodge,1.90,16,Sun,9,9,2022-11-06,27-307,ATL,,LAC,L 17-20,1.90,2.90,2.9,2.4,16,26.2,0,0.0,16,66.7,WR,HodgKh00
4104,KhaDarel Hodge,1.90,14,Sun,4,4,2023-10-01,28-271,ATL,@,JAX,L 7-23,1.90,3.90,3.9,2.9,14,24.1,0,0.0,14,63.6,WR,HodgKh00
4105,KhaDarel Hodge,1.90,12,Sun,7,7,2023-10-22,28-292,ATL,@,TAM,W 16-13,1.90,2.90,2.9,2.4,12,18.5,0,0.0,10,47.6,WR,HodgKh00
4106,Jesper Horsted,1.90,37,Mon,5,5,2022-10-10,25-225,LVR,@,KAN,L 29-30,1.90,4.90,4.9,3.4,37,57.8,0,0.0,10,35.7,WR,HorsJe00
4107,Xavier Hutchinson,1.90,44,Sun,8,8,2024-10-27,24-148,HOU,,IND,W 23-20,1.90,2.90,2.9,2.4,44,62.0,0,0.0,11,33.3,WR,HutcXa00
4108,Jalin Hyatt,1.90,37,Sun,9,9,2023-11-05,22-041,NYG,@,LVR,L 6-30,1.90,3.90,3.9,2.9,37,58.7,0,0.0,0,0.0,WR,HyatJa00
4109,Van Jefferson,1.90,24,Sun,16,17,2023-12-31,27-158,ATL,@,CHI,L 17-37,1.90,4.90,4.9,3.4,24,40.7,0,0.0,0,0.0,WR,JeffVa00
4110,Van Jefferson,1.90,61,Sun,15,16,2022-12-25,26-152,LAR,,DEN,W 51-14,1.90,4.90,4.9,3.4,61,93.8,0,0.0,1,3.8,WR,JeffVa00
4111,Jauan Jennings,1.90,27,Sun,5,5,2023-10-08,26-090,SFO,,DAL,W 42-10,1.90,2.90,2.9,2.4,27,38.0,0,0.0,0,0.0,WR,JennJa00
4112,Diontae Johnson,1.90,39,Sun,1,1,2024-09-08,28-065,CAR,@,NOR,L 10-47,1.90,3.90,3.9,2.9,39,66.1,0,0.0,0,0.0,WR,JohnDi01
4113,Zay Jones,1.90,31,Sat,16,17,2024-12-28,29-273,ARI,@,LAR,L 9-13,1.90,2.90,2.9,2.4,31,39.2,0,0.0,0,0.0,WR,JoneZa00
4114,Tyler Lockett,1.90,47,Sun,10,11,2024-11-17,32-050,SEA,@,SFO,W 20-17,1.90,3.90,3.9,2.9,47,78.3,0,0.0,0,0.0,WR,LockTy00
4115,Tyler Lockett,1.90,44,Sun,15,16,2024-12-22,32-085,SEA,,MIN,L 24-27,1.90,3.90,3.9,2.9,44,68.8,0,0.0,0,0.0,WR,LockTy00
4116,Luke McCaffrey,1.90,44,Sun,5,5,2024-10-06,23-187,WAS,,CLE,W 34-13,1.90,4.90,4.9,3.4,44,65.7,0,0.0,1,3.2,WR,McCaLu00
4117,Isaiah McKenzie,1.90,33,Sun,16,18,2023-01-08,27-274,BUF,,NWE,W 35-23,1.90,3.90,3.9,2.9,33,55.9,0,0.0,0,0.0,WR,McKeIs00
4118,Bo Melton,1.90,11,Sun,9,9,2024-11-03,25-169,GNB,,DET,L 14-24,1.90,2.90,2.9,2.4,11,16.9,0,0.0,6,27.3,WR,MeltBo00
4119,Jakobi Meyers,1.90,45,Mon,8,8,2023-10-30,26-355,LVR,@,DET,L 14-26,1.90,2.90,2.9,2.4,45,97.8,0,0.0,0,0.0,WR,MeyeJa01
4120,Ryan Miller,1.90,30,Sun,8,8,2024-10-27,24-250,TAM,,ATL,L 26-31,1.90,4.90,4.9,3.4,30,41.1,0,0.0,11,40.7,WR,MillRy01
4121,David Moore,1.90,32,Sun,14,15,2024-12-15,29-335,CAR,,DAL,L 14-30,1.90,3.90,3.9,2.9,32,58.2,0,0.0,3,12.0,WR,MoorDa03
4122,Elijah Moore,1.90,67,Sun,15,16,2023-12-24,23-272,CLE,@,HOU,W 36-22,1.90,3.90,3.9,2.9,67,81.7,0,0.0,2,8.3,WR,MoorEl00
4123,Skyy Moore,1.90,41,Sun,4,4,2023-10-01,23-021,KAN,@,NYJ,W 23-20,1.90,1.90,1.9,1.9,41,58.6,0,0.0,0,0.0,WR,MoorSk01
4124,Josh Palmer,1.90,30,Sun,2,2,2024-09-15,24-359,LAC,@,CAR,W 26-3,1.90,3.90,3.9,2.9,30,43.5,0,0.0,0,0.0,WR,PalmJo00
4125,Trey Palmer,1.90,20,Sun,1,1,2024-09-08,23-159,TAM,,WAS,W 37-20,1.90,2.90,2.9,2.4,20,31.3,0,0.0,4,14.8,WR,PalmTr00
4126,DeVante Parker,1.90,25,Sun,10,11,2022-11-20,29-304,NWE,,NYJ,W 10-3,1.90,3.90,3.9,2.9,25,39.7,0,0.0,0,0.0,WR,ParkDe01
4127,DeVante Parker,1.90,55,Sun,3,3,2023-09-24,30-247,NWE,@,NYJ,W 15-10,1.90,3.90,3.9,2.9,55,76.4,0,0.0,0,0.0,WR,ParkDe01
4128,Dante Pettis,1.90,32,Sun,17,18,2023-01-08,27-077,CHI,,MIN,L 13-29,1.90,3.90,3.9,2.9,32,62.7,0,0.0,1,4.3,WR,PettDa00
4129,George Pickens,1.90,60,Thu,13,14,2023-12-07,22-278,PIT,,NWE,L 18-21,1.90,6.90,6.9,4.4,60,85.7,0,0.0,0,0.0,WR,PickGe00
4130,Michael Pittman Jr.,1.90,61,Sun,15,16,2024-12-22,27-078,IND,,TEN,W 38-30,1.90,3.90,3.9,2.9,61,98.4,0,0.0,0,0.0,WR,PittMi01
4131,Brandon Powell,1.90,34,Sun,6,6,2023-10-15,28-033,MIN,@,CHI,W 19-13,1.90,4.90,4.9,3.4,34,59.6,0,0.0,4,15.4,WR,PoweBr00
4132,Kalif Raymond,1.90,8,Sun,13,14,2022-12-11,28-125,DET,,MIN,W 34-23,1.90,3.90,3.9,2.9,8,11.4,0,0.0,5,17.2,WR,RaymKa00
4133,Hunter Renfrow,1.90,32,Sun,16,17,2023-01-01,27-011,LVR,,SFO,L 34-37 (OT),1.90,4.90,4.9,3.4,32,45.7,0,0.0,2,6.1,WR,RenfHu00
4134,Hunter Renfrow,1.90,28,Mon,8,8,2023-10-30,27-313,LVR,@,DET,L 14-26,1.90,3.90,3.9,2.9,28,60.9,0,0.0,0,0.0,WR,RenfHu00
4135,Josh Reynolds,1.90,60,Sun,12,13,2022-12-04,27-291,DET,,JAX,W 40-14,1.90,4.90,4.9,3.4,60,78.9,0,0.0,0,0.0,WR,ReynJo00
4136,Allen Robinson,1.90,33,Sun,12,13,2023-12-03,30-101,PIT,,ARI,L 10-24,1.90,4.90,4.9,3.4,33,54.1,0,0.0,0,0.0,WR,RobiAl02
4137,Allen Robinson,1.90,36,Sat,14,15,2023-12-16,30-114,PIT,@,IND,L 13-30,1.90,4.90,4.9,3.4,36,62.1,0,0.0,0,0.0,WR,RobiAl02
4138,Demarcus Robinson,1.90,39,Sun,10,11,2024-11-17,30-057,LAR,@,NWE,W 28-22,1.90,3.90,3.9,2.9,39,75.0,0,0.0,0,0.0,WR,RobiDe01
4139,Demarcus Robinson,1.90,25,Sun,1,1,2022-09-11,27-355,BAL,@,NYJ,W 24-9,1.90,3.90,3.9,2.9,25,44.6,0,0.0,1,3.7,WR,RobiDe01
4140,Wan'Dale Robinson,1.90,48,Sun,5,5,2023-10-08,22-276,NYG,@,MIA,L 16-31,1.90,6.90,6.9,4.4,48,66.7,0,0.0,0,0.0,WR,RobiWa01
4141,Deebo Samuel,1.90,42,Thu,14,15,2024-12-12,28-332,SFO,,LAR,L 6-12,1.90,4.90,4.9,3.4,42,77.8,0,0.0,5,18.5,WR,SamuDe00
4142,Tyler Scott,1.90,14,Sun,4,4,2023-10-01,21-354,CHI,,DEN,L 28-31,1.90,1.90,1.9,1.9,14,19.4,0,0.0,5,19.2,WR,ScotTy00
4143,Khalil Shakir,1.90,26,Mon,6,6,2024-10-14,24-254,BUF,@,NYJ,W 23-20,1.90,3.90,3.9,2.9,26,37.7,0,0.0,0,0.0,WR,ShakKh00
4144,Laviska Shenault Jr.,1.90,13,Sun,4,4,2023-10-01,24-361,CAR,,MIN,L 13-21,1.90,2.90,2.9,2.4,13,18.1,0,0.0,15,68.2,WR,ShenLa00
4145,David Sills,1.90,24,Sun,7,7,2022-10-23,26-147,NYG,@,JAX,W 23-17,1.90,2.90,2.9,2.4,24,31.2,0,0.0,0,0.0,WR,SillDa01
4146,Steven Sims,1.90,25,Sun,12,13,2022-12-04,25-248,PIT,@,ATL,W 19-16,1.90,1.90,1.9,1.9,25,38.5,0,0.0,8,32.0,WR,SimsSt00
4147,Jaxon Smith-Njigba,1.90,53,Sun,1,1,2024-09-08,22-207,SEA,,DEN,W 26-20,1.90,3.90,3.9,2.9,53,79.1,0,0.0,0,0.0,WR,SmitJa06
4148,Equanimeous St. Brown,1.90,32,Sun,11,11,2023-11-19,27-050,CHI,@,DET,L 26-31,1.90,3.90,3.9,2.9,32,42.7,0,0.0,4,15.4,WR,St.BEq00
4149,Tyquan Thornton,1.90,44,Mon,7,7,2022-10-24,22-047,NWE,,CHI,L 14-33,1.90,2.90,2.9,2.4,44,84.6,0,0.0,0,0.0,WR,ThorTy00
4150,Marquez Valdes-Scantling,1.90,13,Sun,1,1,2024-09-08,29-334,BUF,,ARI,W 34-28,1.90,2.90,2.9,2.4,13,21.0,0,0.0,0,0.0,WR,ValdMa00
4151,Montrell Washington,1.90,12,Sun,2,2,2022-09-18,23-188,DEN,,HOU,W 16-9,1.90,1.90,1.9,1.9,12,16.7,0,0.0,12,46.2,WR,WashMo00
4152,Parker Washington,1.90,38,Sun,15,16,2023-12-24,21-278,JAX,@,TAM,L 12-30,1.90,3.90,3.9,2.9,38,57.6,0,0.0,0,0.0,WR,WashPa01
4153,Quez Watkins,1.90,43,Sun,5,5,2022-10-09,24-122,PHI,@,ARI,W 20-17,1.90,4.90,4.9,3.4,43,58.9,0,0.0,0,0.0,WR,WatkQu00
4154,Quez Watkins,1.90,32,Sun,13,14,2022-12-11,24-185,PHI,@,NYG,W 48-22,1.90,5.90,5.9,3.9,32,47.1,0,0.0,0,0.0,WR,WatkQu00
4155,Quez Watkins,1.90,51,Sat,15,16,2022-12-24,24-198,PHI,@,DAL,L 34-40,1.90,2.90,2.9,2.4,51,71.8,0,0.0,0,0.0,WR,WatkQu00
4156,Nick Westbrook-Ikhine,1.90,60,Sun,13,14,2024-12-08,27-262,TEN,,JAX,L 6-10,1.90,2.90,2.9,2.4,60,93.8,0,0.0,0,0.0,WR,WestNi00
4157,Mike Williams,1.90,37,Sun,2,2,2024-09-15,29-347,NYJ,@,TEN,W 24-17,1.90,2.90,2.9,2.4,37,64.9,0,0.0,0,0.0,WR,WillMi07
4158,Cedrick Wilson Jr.,1.90,20,Sun,13,14,2022-12-11,27-021,MIA,@,LAC,L 17-23,1.90,3.90,3.9,2.9,20,39.2,0,0.0,4,13.8,WR,WilsCe01
4159,Cedrick Wilson Jr.,1.90,23,Sun,12,13,2024-12-01,29-011,NOR,,LAR,L 14-21,1.90,2.90,2.9,2.4,23,32.9,0,0.0,8,38.1,WR,WilsCe01
4160,Michael Wilson,1.90,56,Sun,1,1,2023-09-10,23-199,ARI,@,WAS,L 16-20,1.90,3.90,3.9,2.9,56,90.3,0,0.0,0,0.0,WR,WilsMi02
4161,Robert Woods,1.90,34,Sat,15,16,2024-12-21,32-255,HOU,@,KAN,L 19-27,1.90,4.90,4.9,3.4,34,57.6,0,0.0,7,29.2,WR,WoodRo02
4162,Robert Woods,1.90,37,Sun,17,18,2025-01-05,32-270,HOU,@,TEN,W 23-14,1.90,3.90,4.9,2.9,37,61.7,0,0.0,5,21.7,WR,WoodRo02
4163,Olamide Zaccheaus,1.90,43,Sun,9,9,2022-11-06,25-106,ATL,,LAC,L 17-20,1.90,3.90,3.9,2.9,43,70.5,0,0.0,4,16.7,WR,ZaccOl01
4164,Nelson Agholor,1.80,37,Sun,10,11,2022-11-20,29-180,NWE,,NYJ,W 10-3,1.80,3.80,3.8,2.8,37,58.7,0,0.0,0,0.0,WR,AghoNe00
4165,Nelson Agholor,1.80,26,Sun,16,17,2023-12-31,30-221,BAL,,MIA,W 56-19,1.80,3.80,3.8,2.8,26,45.6,0,0.0,0,0.0,WR,AghoNe00
4166,Tutu Atwell,1.80,9,Thu,7,8,2024-10-24,25-017,LAR,,MIN,W 30-20,1.80,2.80,2.8,2.3,9,12.5,0,0.0,1,4.0,WR,AtweTu00
4167,Kevin Austin,1.80,41,Sun,11,11,2024-11-17,24-232,NOR,,CLE,W 35-14,1.80,2.80,2.8,2.3,41,68.3,0,0.0,4,16.0,WR,AustKe00
4168,Rashod Bateman,1.80,44,Sun,2,2,2023-09-17,23-292,BAL,@,CIN,W 27-24,1.80,4.80,4.8,3.3,44,58.7,0,0.0,0,0.0,WR,BateRa00
4169,David Bell,1.80,51,Sat,15,16,2022-12-24,22-010,CLE,,NOR,L 10-17,1.80,2.80,2.8,2.3,51,72.9,0,0.0,6,27.3,WR,BellDa02
4170,Jake Bobo,1.80,12,Thu,6,6,2024-10-10,26-067,SEA,,SFO,L 24-36,1.80,3.80,3.8,2.8,12,15.4,0,0.0,11,36.7,WR,BoboJa00
4171,Kendrick Bourne,1.80,28,Sun,16,17,2023-01-01,27-150,NWE,,MIA,W 23-21,1.80,2.80,2.8,2.3,28,46.7,0,0.0,1,3.7,WR,BourKe00
4172,Kendrick Bourne,1.80,51,Sun,15,16,2024-12-22,29-140,NWE,@,BUF,L 21-24,1.80,3.80,3.8,2.8,51,69.9,0,0.0,0,0.0,WR,BourKe00
4173,Kayshon Boutte,1.80,66,Sun,9,9,2024-11-03,22-180,NWE,@,TEN,L 17-20 (OT),1.80,3.80,3.8,2.8,66,95.7,0,0.0,0,0.0,WR,BoutKa00
4174,Tyler Boyd,1.80,53,Sun,1,1,2024-09-08,29-298,TEN,@,CHI,L 17-24,1.80,4.80,4.8,3.3,53,82.8,0,0.0,0,0.0,WR,BoydTy00
4175,Jalen Brooks,1.80,13,Sun,1,1,2024-09-08,24-124,DAL,@,CLE,W 33-17,1.80,2.80,2.8,2.3,13,20.6,0,0.0,29,80.6,WR,BrooJa03
4176,Treylon Burks,1.80,35,Sun,4,4,2022-10-02,22-193,TEN,@,IND,W 24-17,1.80,3.80,3.8,2.8,35,64.8,0,0.0,4,17.4,WR,BurkTr00
4177,DJ Chark,1.80,52,Sun,14,15,2022-12-18,26-086,DET,@,NYJ,W 20-17,1.80,2.80,2.8,2.3,52,76.5,0,0.0,0,0.0,WR,CharDJ00
4178,DJ Chark,1.80,49,Sun,14,15,2023-12-17,27-085,CAR,,ATL,W 9-7,1.80,2.80,2.8,2.3,49,74.2,0,0.0,0,0.0,WR,CharDJ00
4179,DJ Chark,1.80,45,Sun,16,17,2023-12-31,27-099,CAR,@,JAX,L 0-26,1.80,2.80,2.8,2.3,45,83.3,0,0.0,0,0.0,WR,CharDJ00
4180,River Cracraft,1.80,9,Sun,17,18,2024-01-07,29-067,MIA,,BUF,L 14-21,1.80,2.80,2.8,2.3,9,17.3,0,0.0,0,0.0,WR,CracRi00
4181,Gabriel Davis,1.80,54,Mon,3,3,2024-09-23,25-175,JAX,@,BUF,L 10-47,1.80,3.80,3.8,2.8,54,76.1,0,0.0,0,0.0,WR,DaviGa01
4182,Gabriel Davis,1.80,45,Sun,5,5,2024-10-06,25-188,JAX,,IND,W 37-34,1.80,4.80,5.8,3.3,45,77.6,0,0.0,0,0.0,WR,DaviGa01
4183,Phillip Dorsett,1.80,46,Sun,12,13,2022-12-04,29-333,HOU,,CLE,L 14-27,1.80,3.80,3.8,2.8,46,70.8,0,0.0,1,3.2,WR,DorsPh00
4184,Phillip Dorsett,1.80,54,Sun,13,14,2022-12-11,29-340,HOU,@,DAL,L 23-27,1.80,3.80,3.8,2.8,54,81.8,0,0.0,0,0.0,WR,DorsPh00
4185,Greg Dortch,1.80,25,Sat,16,17,2024-12-28,26-213,ARI,@,LAR,L 9-13,1.80,4.80,4.8,3.3,25,31.6,0,0.0,11,50.0,WR,DortGr01
4186,Romeo Doubs,1.80,1,Sun,9,9,2022-11-06,22-207,GNB,@,DET,L 9-15,1.80,2.80,2.8,2.3,1,1.4,0,0.0,0,0.0,WR,DoubRo00
4187,Romeo Doubs,1.80,46,Sun,3,3,2024-09-22,24-162,GNB,@,TEN,W 30-14,1.80,2.80,2.8,2.3,46,73.0,0,0.0,0,0.0,WR,DoubRo00
4188,Ashton Dulin,1.80,19,Sun,4,4,2022-10-02,25-140,IND,,TEN,L 17-24,1.80,3.80,3.8,2.8,19,28.8,0,0.0,14,60.9,WR,DuliAs00
4189,Ashton Dulin,1.80,12,Thu,5,5,2022-10-06,25-144,IND,@,DEN,W 12-9 (OT),1.80,2.80,2.8,2.3,12,15.2,0,0.0,11,35.5,WR,DuliAs00
4190,Michael Gallup,1.80,51,Sun,6,6,2022-10-16,26-226,DAL,@,PHI,L 17-26,1.80,3.80,3.8,2.8,51,76.1,0,0.0,0,0.0,WR,GallMi00
4191,Xavier Gipson,1.80,7,Sun,6,6,2023-10-15,22-221,NYJ,,PHI,W 20-14,1.80,1.80,1.8,1.8,7,10.8,0,0.0,3,13.6,WR,GipsXa00
4192,KJ Hamler,1.80,46,Sun,7,7,2022-10-23,23-107,DEN,,NYJ,L 9-16,1.80,2.80,2.8,2.3,46,58.2,0,0.0,0,0.0,WR,HamlKJ00
4193,Isaiah Hodgins,1.80,18,Sun,16,17,2023-12-31,25-071,NYG,,LAR,L 25-26,1.80,2.80,2.8,2.3,18,24.3,0,0.0,0,0.0,WR,HodgIs00
4194,KhaDarel Hodge,1.80,23,Sun,13,14,2023-12-10,28-341,ATL,,TAM,L 25-29,1.80,2.80,2.8,2.3,23,31.9,0,0.0,20,62.5,WR,HodgKh00
4195,Mack Hollins,1.80,67,Sun,9,10,2022-11-13,29-058,LVR,,IND,L 20-25,1.80,3.80,3.8,2.8,67,95.7,0,0.0,3,13.0,WR,HollMa00
4196,Xavier Hutchinson,1.80,31,Sun,15,16,2023-12-24,23-206,HOU,,CLE,L 22-36,1.80,2.80,2.8,2.3,31,41.3,0,0.0,1,4.2,WR,HutcXa00
4197,Richie James,1.80,22,Sun,6,6,2022-10-16,27-041,NYG,,BAL,W 24-20,1.80,3.80,3.8,2.8,22,33.8,0,0.0,2,7.7,WR,JameRi00
4198,Van Jefferson,1.80,41,Sat,17,18,2025-01-04,28-162,PIT,,CIN,L 17-19,1.80,4.80,4.8,3.3,41,67.2,0,0.0,0,0.0,WR,JeffVa00
4199,Jauan Jennings,1.80,19,Sun,6,6,2022-10-16,25-098,SFO,@,ATL,L 14-28,1.80,3.80,3.8,2.8,19,31.7,0,0.0,10,45.5,WR,JennJa00
4200,Jerry Jeudy,1.80,80,Sun,7,7,2024-10-20,25-179,CLE,,CIN,L 14-21,1.80,2.80,2.8,2.3,80,95.2,0,0.0,0,0.0,WR,JeudJe00
4201,Quentin Johnston,1.80,33,Sun,4,4,2023-10-01,22-025,LAC,,LVR,W 24-17,1.80,2.80,2.8,2.3,33,50.8,0,0.0,0,0.0,WR,JohnQu02
4202,Quentin Johnston,1.80,44,Thu,15,16,2024-12-19,23-104,LAC,,DEN,W 34-27,1.80,4.80,4.8,3.3,44,67.7,0,0.0,0,0.0,WR,JohnQu02
4203,Cooper Kupp,1.80,59,Sun,11,12,2023-11-26,30-164,LAR,@,ARI,W 37-14,1.80,4.80,4.8,3.3,59,88.1,0,0.0,1,3.6,WR,KuppCo00
4204,Allen Lazard,1.80,72,Mon,8,9,2023-11-06,27-330,NYJ,,LAC,L 6-27,1.80,3.80,3.8,2.8,72,88.9,0,0.0,0,0.0,WR,LazaAl00
4205,Allen Lazard,1.80,53,Sun,13,14,2024-12-08,28-363,NYJ,@,MIA,L 26-32 (OT),1.80,2.80,2.8,2.3,53,77.9,0,0.0,1,3.2,WR,LazaAl00
4206,Terrace Marshall Jr.,1.80,61,Sun,13,14,2022-12-11,22-185,CAR,@,SEA,W 30-24,1.80,2.80,2.8,2.3,61,84.7,0,0.0,1,3.6,WR,MarsTe00
4207,Luke McCaffrey,1.80,36,Sun,1,1,2024-09-08,23-159,WAS,@,TAM,L 20-37,1.80,4.80,4.8,3.3,36,61.0,0,0.0,0,0.0,WR,McCaLu00
4208,Ray-Ray McCloud,1.80,28,Sun,13,14,2022-12-11,26-057,SFO,,TAM,W 35-7,1.80,2.80,2.8,2.3,28,44.4,0,0.0,5,23.8,WR,McClRa00
4209,Bo Melton,1.80,16,Sun,16,17,2024-12-29,25-225,GNB,@,MIN,L 25-27,1.80,4.80,4.8,3.3,16,25.4,0,0.0,13,48.1,WR,MeltBo00
4210,Marvin Mims,1.80,12,Thu,7,7,2024-10-17,22-212,DEN,@,NOR,W 33-10,1.80,3.80,3.8,2.8,12,18.5,0,0.0,10,34.5,WR,MimsMa00
4211,D.J. Moore,1.80,52,Sun,15,16,2023-12-24,26-254,CHI,,ARI,W 27-16,1.80,4.80,4.8,3.3,52,74.3,0,0.0,0,0.0,WR,MoorD.00
4212,David Moore,1.80,50,Sun,10,10,2024-11-10,29-300,CAR,,NYG,W 20-17 (OT),1.80,3.80,3.8,2.8,50,83.3,0,0.0,3,10.0,WR,MoorDa03
4213,Elijah Moore,1.80,49,Sun,16,17,2023-01-01,22-280,NYJ,@,SEA,L 6-23,1.80,3.80,3.8,2.8,49,70.0,0,0.0,0,0.0,WR,MoorEl00
4214,Jalen Nailor,1.80,31,Sun,12,13,2024-12-01,25-274,MIN,,ARI,W 23-22,1.80,2.80,2.8,2.3,31,58.5,0,0.0,0,0.0,WR,NailJa00
4215,Rome Odunze,1.80,55,Sun,17,18,2025-01-05,22-216,CHI,@,GNB,W 24-22,1.80,3.80,3.8,2.8,55,88.7,0,0.0,0,0.0,WR,OdunRo00
4216,K.J. Osborn,1.80,31,Sun,6,6,2022-10-16,25-128,MIN,@,MIA,W 24-16,1.80,4.80,4.8,3.3,31,59.6,0,0.0,1,3.2,WR,OsboKJ00
4217,Trey Palmer,1.80,17,Sun,11,12,2024-11-24,23-236,TAM,@,NYG,W 30-7,1.80,2.80,2.8,2.3,17,26.2,0,0.0,4,20.0,WR,PalmTr00
4218,Zach Pascal,1.80,30,Sun,3,3,2022-09-25,27-281,PHI,@,WAS,W 24-8,1.80,4.80,4.8,3.3,30,42.9,0,0.0,18,69.2,WR,PascZa00
4219,Dante Pettis,1.80,42,Sun,8,8,2022-10-30,27-007,CHI,@,DAL,L 29-49,1.80,5.80,5.8,3.8,42,53.2,0,0.0,2,6.9,WR,PettDa00
4220,James Proche,1.80,2,Sun,13,14,2024-12-08,28-078,CLE,@,PIT,L 14-27,1.80,3.80,3.8,2.8,2,2.8,0,0.0,3,10.3,WR,ProcJa00
4221,Laviska Shenault Jr.,1.80,1,Mon,4,4,2024-09-30,25-361,SEA,@,DET,L 29-42,1.80,2.80,2.8,2.3,1,1.1,0,0.0,17,58.6,WR,ShenLa00
4222,Sterling Shepard,1.80,45,Sun,8,8,2024-10-27,31-260,TAM,,ATL,L 26-31,1.80,4.80,4.8,3.3,45,61.6,0,0.0,0,0.0,WR,ShepSt00
4223,Trent Sherfield,1.80,31,Sun,3,3,2023-09-24,27-211,BUF,@,WAS,W 37-3,1.80,3.80,3.8,2.8,31,45.6,0,0.0,11,50.0,WR,SherTr00
4224,Trent Sherfield,1.80,27,Sun,4,4,2023-10-01,27-218,BUF,,MIA,W 48-20,1.80,3.80,3.8,2.8,27,46.6,0,0.0,11,39.3,WR,SherTr00
4225,Darius Slayton,1.80,45,Sun,6,6,2022-10-16,25-277,NYG,,BAL,W 24-20,1.80,2.80,2.8,2.3,45,69.2,0,0.0,0,0.0,WR,SlayDa01
4226,JuJu Smith-Schuster,1.80,31,Wed,16,17,2024-12-25,28-033,KAN,@,PIT,W 29-10,1.80,3.80,3.8,2.8,31,50.0,0,0.0,0,0.0,WR,SmitJu00
4227,Tre'Quan Smith,1.80,14,Sun,4,4,2022-10-02,26-268,NOR,,MIN,L 25-28,1.80,2.80,2.8,2.3,14,23.3,0,0.0,8,25.8,WR,SmitTr03
4228,Equanimeous St. Brown,1.80,24,Sun,17,18,2024-01-07,27-099,CHI,@,GNB,L 9-17,1.80,2.80,2.8,2.3,24,50.0,0,0.0,0,0.0,WR,St.BEq00
4229,Amon-Ra St. Brown,1.80,21,Sun,5,5,2022-10-09,22-350,DET,@,NWE,L 0-29,1.80,5.80,5.8,3.8,21,31.8,0,0.0,0,0.0,WR,StxxAm00
4230,Jalen Tolbert,1.80,59,Sun,2,2,2023-09-17,24-202,DAL,,NYJ,W 30-10,1.80,4.80,4.8,3.3,59,67.8,0,0.0,1,3.6,WR,TolbJa00
4231,Kadarius Toney,1.80,7,Sun,9,9,2023-11-05,24-282,KAN,,MIA,W 21-14,1.80,2.80,2.8,2.3,7,11.7,0,0.0,0,0.0,WR,ToneKa00
4232,Samori Toure,1.80,21,Sun,1,1,2023-09-10,25-170,GNB,@,CHI,W 38-20,1.80,3.80,3.8,2.8,21,35.0,0,0.0,0,0.0,WR,TourSa00
4233,Tre Tucker,1.80,32,Sun,7,7,2023-10-22,22-228,LVR,@,CHI,L 12-30,1.80,3.80,3.8,2.8,32,49.2,0,0.0,5,21.7,WR,TuckTr00
4234,Tre Tucker,1.80,64,Mon,14,15,2024-12-16,23-283,LVR,,ATL,L 9-15,1.80,3.80,3.8,2.8,64,95.5,0,0.0,0,0.0,WR,TuckTr00
4235,KaVontae Turpin,1.80,25,Sun,15,16,2024-12-22,28-142,DAL,,TAM,W 26-24,1.80,2.80,2.8,2.3,25,41.7,0,0.0,9,30.0,WR,TurpKa00
4236,Marquez Valdes-Scantling,1.80,46,Sun,10,11,2022-11-20,28-041,KAN,@,LAC,W 30-27,1.80,2.80,2.8,2.3,46,70.8,0,0.0,0,0.0,WR,ValdMa00
4237,Malik Washington,1.80,27,Sun,10,11,2024-11-17,23-318,MIA,,LVR,W 34-19,1.80,4.80,4.8,3.3,27,39.7,0,0.0,7,30.4,WR,WashMa00
4238,Parker Washington,1.80,22,Mon,3,3,2024-09-23,22-186,JAX,@,BUF,L 10-47,1.80,3.80,3.8,2.8,22,31.0,0,0.0,0,0.0,WR,WashPa01
4239,Sammy Watkins,1.80,41,Sun,1,1,2022-09-11,29-089,GNB,@,MIN,L 7-23,1.80,4.80,4.8,3.3,41,67.2,0,0.0,0,0.0,WR,WatkSa00
4240,Justin Watson,1.80,36,Sun,13,14,2023-12-10,27-250,KAN,,BUF,L 17-20,1.80,2.80,2.8,2.3,36,54.5,0,0.0,4,16.7,WR,WatsJu01
4241,Jameson Williams,1.80,34,Sun,9,10,2023-11-12,22-231,DET,@,LAC,W 41-38,1.80,3.80,3.8,2.8,34,51.5,0,0.0,0,0.0,WR,WillJa11
4242,Cedrick Wilson Jr.,1.80,25,Sun,13,14,2024-12-08,29-018,NOR,@,NYG,W 14-11,1.80,2.80,2.8,2.3,25,36.8,0,0.0,6,20.7,WR,WilsCe01
4243,Garrett Wilson,1.80,70,Sun,16,17,2023-01-01,22-163,NYJ,@,SEA,L 6-23,1.80,4.80,4.8,3.3,70,100.0,0,0.0,0,0.0,WR,WilsGa00
4244,Garrett Wilson,1.80,51,Sun,11,11,2024-11-17,24-118,NYJ,,IND,L 27-28,1.80,5.80,5.8,3.8,51,100.0,0,0.0,0,0.0,WR,WilsGa00
4245,Michael Wilson,1.80,43,Sun,5,5,2023-10-08,23-227,ARI,,CIN,L 20-34,1.80,2.80,2.8,2.3,43,75.4,0,0.0,0,0.0,WR,WilsMi02
4246,Michael Wilson,1.80,50,Sun,4,4,2024-09-29,24-219,ARI,,WAS,L 14-42,1.80,4.80,5.8,3.3,50,84.7,0,0.0,0,0.0,WR,WilsMi02
4247,Robert Woods,1.80,13,Sun,3,3,2024-09-22,32-165,HOU,@,MIN,L 7-34,1.80,3.80,3.8,2.8,13,19.4,0,0.0,3,11.5,WR,WoodRo02
4248,Robert Woods,1.80,24,Sun,8,8,2024-10-27,32-200,HOU,,IND,W 23-20,1.80,3.80,3.8,2.8,24,33.8,0,0.0,7,21.2,WR,WoodRo02
4249,Olamide Zaccheaus,1.80,65,Sat,15,16,2022-12-24,25-154,ATL,@,BAL,L 9-17,1.80,5.80,5.8,3.8,65,91.5,0,0.0,0,0.0,WR,ZaccOl01
4250,Nelson Agholor,1.70,30,Thu,12,13,2022-12-01,29-191,NWE,,BUF,L 10-24,1.70,3.70,3.7,2.7,30,55.6,0,0.0,0,0.0,WR,AghoNe00
4251,Jamal Agnew,1.70,12,Sun,3,3,2022-09-25,27-175,JAX,@,LAC,W 38-10,1.70,2.70,2.7,2.2,12,15.8,0,0.0,7,29.2,WR,AgneJa00
4252,Robbie Chosen,1.70,28,Sun,12,12,2022-11-27,29-202,ARI,,LAC,L 24-25,1.70,2.70,2.7,2.2,28,42.4,0,0.0,0,0.0,WR,AndeRo04
4253,Tutu Atwell,1.70,59,Sun,10,11,2023-11-19,24-043,LAR,,SEA,W 17-16,1.70,2.70,2.7,2.2,59,88.1,0,0.0,0,0.0,WR,AtweTu00
4254,Calvin Austin III,1.70,39,Sun,4,4,2024-09-29,25-189,PIT,@,IND,L 24-27,1.70,2.70,2.7,2.2,39,55.7,0,0.0,4,14.8,WR,AustCa00
4255,Kevin Austin,1.70,50,Mon,15,16,2024-12-23,24-268,NOR,@,GNB,L 0-34,1.70,2.70,2.7,2.2,50,89.3,0,0.0,7,33.3,WR,AustKe00
4256,Rashod Bateman,1.70,31,Sun,4,4,2022-10-02,22-307,BAL,,BUF,L 20-23,1.70,4.70,4.7,3.2,31,44.3,0,0.0,0,0.0,WR,BateRa00
4257,Odell Beckham Jr.,1.70,17,Mon,9,10,2024-11-11,32-006,MIA,@,LAR,W 23-15,1.70,3.70,3.7,2.7,17,32.1,0,0.0,1,3.6,WR,BeckOd00
4258,Chris Blair,1.70,25,Sun,15,16,2024-12-22,27-077,ATL,,NYG,W 34-7,1.70,2.70,2.7,2.2,25,37.3,0,0.0,2,8.3,WR,BlaiCh00
4259,Kendrick Bourne,1.70,4,Sun,6,6,2022-10-16,27-073,NWE,@,CLE,W 38-15,1.70,2.70,2.7,2.2,4,5.7,0,0.0,0,0.0,WR,BourKe00
4260,Dyami Brown,1.70,14,Sun,12,12,2022-11-27,23-026,WAS,,ATL,W 19-13,1.70,2.70,2.7,2.2,14,22.6,0,0.0,0,0.0,WR,BrowDy00
4261,Dyami Brown,1.70,50,Sun,2,2,2024-09-15,24-319,WAS,,NYG,W 21-18,1.70,3.70,3.7,2.7,50,69.4,0,0.0,4,19.0,WR,BrowDy00
4262,DeAndre Carter,1.70,68,Mon,6,6,2022-10-17,29-190,LAC,,DEN,W 19-16 (OT),1.70,4.70,4.7,3.2,68,73.1,0,0.0,11,36.7,WR,CartDe02
4263,Chase Claypool,1.70,26,Sun,9,9,2022-11-06,24-122,CHI,,MIA,L 32-35,1.70,3.70,3.7,2.7,26,35.1,0,0.0,0,0.0,WR,ClayCh01
4264,Keon Coleman,1.70,39,Sun,15,16,2024-12-22,21-219,BUF,,NWE,W 24-21,1.70,2.70,2.7,2.2,39,66.1,0,0.0,0,0.0,WR,ColeKe02
4265,Brandin Cooks,1.70,65,Sun,3,3,2023-09-24,29-364,DAL,@,ARI,L 16-28,1.70,3.70,3.7,2.7,65,80.2,0,0.0,0,0.0,WR,CookBr00
4266,Amari Cooper,1.70,66,Sun,1,1,2022-09-11,28-086,CLE,@,CAR,W 26-24,1.70,4.70,4.7,3.2,66,82.5,0,0.0,0,0.0,WR,CoopAm00
4267,Corey Davis,1.70,43,Sun,17,18,2023-01-08,27-362,NYJ,@,MIA,L 6-11,1.70,2.70,2.7,2.2,43,76.8,0,0.0,0,0.0,WR,DaviCo03
4268,Jahan Dotson,1.70,41,Sun,17,18,2024-01-07,23-291,WAS,,DAL,L 10-38,1.70,3.70,3.7,2.7,41,83.7,0,0.0,0,0.0,WR,DotsJa00
4269,Romeo Doubs,1.70,36,Sun,10,11,2024-11-17,24-218,GNB,@,CHI,W 20-19,1.70,2.70,2.7,2.2,36,78.3,0,0.0,0,0.0,WR,DoubRo00
4270,Ashton Dulin,1.70,10,Sun,9,9,2024-11-03,27-172,IND,@,MIN,L 13-21,1.70,1.70,1.7,1.7,10,18.5,0,0.0,18,81.8,WR,DuliAs00
4271,Alex Erickson,1.70,34,Sun,11,12,2023-11-26,31-020,LAC,,BAL,L 10-20,1.70,2.70,2.7,2.2,34,51.5,0,0.0,0,0.0,WR,EricAl01
4272,Mike Evans,1.70,47,Sun,3,3,2024-09-22,31-032,TAM,,DEN,L 7-26,1.70,3.70,3.7,2.7,47,82.5,0,0.0,0,0.0,WR,EvanMi00
4273,Erik Ezukanma,1.70,19,Sun,1,1,2023-09-10,23-228,MIA,@,LAC,W 36-34,1.70,1.70,1.7,1.7,19,28.4,0,0.0,0,0.0,WR,EzukEr00
4274,Simi Fehoko,1.70,33,Sun,3,3,2024-09-22,26-322,LAC,@,PIT,L 10-20,1.70,2.70,2.7,2.2,33,71.7,0,0.0,5,19.2,WR,FehoSi00
4275,Xavier Gipson,1.70,11,Sun,4,4,2023-10-01,22-207,NYJ,,KAN,L 20-23,1.70,2.70,2.7,2.2,11,18.6,0,0.0,13,50.0,WR,GipsXa00
4276,Xavier Gipson,1.70,56,Sun,15,16,2023-12-24,22-291,NYJ,,WAS,W 30-28,1.70,2.70,2.7,2.2,56,62.2,0,0.0,13,36.1,WR,GipsXa00
4277,Xavier Gipson,1.70,27,Sun,11,11,2024-11-17,23-254,NYJ,,IND,L 27-28,1.70,2.70,2.7,2.2,27,52.9,0,0.0,11,35.5,WR,GipsXa00
4278,Marquise Goodwin,1.70,25,Sun,12,13,2022-12-04,32-015,SEA,@,LAR,W 27-23,1.70,2.70,2.7,2.2,25,37.3,0,0.0,0,0.0,WR,GoodMa00
4279,A.J. Green,1.70,12,Sun,16,17,2023-01-01,34-154,ARI,@,ATL,L 19-20,1.70,3.70,3.7,2.7,12,16.2,0,0.0,0,0.0,WR,GreeA.00
4280,Mecole Hardman,1.70,15,Mon,8,9,2024-11-04,26-237,KAN,,TAM,W 30-24 (OT),1.70,4.70,4.7,3.2,15,17.6,0,0.0,6,21.4,WR,HardMe00
4281,Mack Hollins,1.70,50,Sun,8,9,2022-11-06,29-051,LVR,@,JAX,L 20-27,1.70,3.70,3.7,2.7,50,84.7,0,0.0,4,14.8,WR,HollMa00
4282,Xavier Hutchinson,1.70,10,Sun,9,10,2023-11-12,23-164,HOU,@,CIN,W 30-27,1.70,1.70,1.7,1.7,10,13.3,0,0.0,15,46.9,WR,HutcXa00
4283,Trenton Irwin,1.70,22,Sun,4,4,2023-10-01,27-295,CIN,@,TEN,L 3-27,1.70,2.70,2.7,2.2,22,41.5,0,0.0,2,9.5,WR,IrwiTr00
4284,Richie James,1.70,2,Sun,14,15,2023-12-17,28-103,KAN,@,NWE,W 27-17,1.70,2.70,2.7,2.2,2,3.1,0,0.0,10,33.3,WR,JameRi00
4285,Jerry Jeudy,1.70,44,Sun,3,3,2022-09-25,23-154,DEN,,SFO,W 11-10,1.70,3.70,3.7,2.7,44,59.5,0,0.0,0,0.0,WR,JeudJe00
4286,Diontae Johnson,1.70,30,Sun,7,7,2024-10-20,28-107,CAR,@,WAS,L 7-40,1.70,2.70,2.7,2.2,30,69.8,0,0.0,0,0.0,WR,JohnDi01
4287,Diontae Johnson,1.70,53,Sun,9,10,2023-11-12,27-130,PIT,,GNB,W 23-19,1.70,2.70,2.7,2.2,53,81.5,0,0.0,0,0.0,WR,JohnDi01
4288,Marvin Jones,1.70,38,Sun,12,13,2022-12-04,32-267,JAX,@,DET,L 14-40,1.70,2.70,2.7,2.2,38,67.9,0,0.0,0,0.0,WR,JoneMa02
4289,Tim Jones,1.70,14,Thu,7,7,2023-10-19,25-156,JAX,@,NOR,W 31-24,1.70,3.70,3.7,2.7,14,25.0,0,0.0,10,31.3,WR,JoneTi00
4290,Tim Jones,1.70,33,Sun,9,10,2023-11-12,25-180,JAX,,SFO,L 3-34,1.70,3.70,3.7,2.7,33,57.9,0,0.0,8,34.8,WR,JoneTi00
4291,Cooper Kupp,1.70,51,Sun,12,13,2024-12-01,31-169,LAR,@,NOR,W 21-14,1.70,4.70,4.7,3.2,51,91.1,0,0.0,0,0.0,WR,KuppCo00
4292,Allen Lazard,1.70,59,Sun,9,10,2023-11-12,27-336,NYJ,@,LVR,L 12-16,1.70,2.70,2.7,2.2,59,89.4,0,0.0,0,0.0,WR,LazaAl00
4293,Tyler Lockett,1.70,55,Sun,6,6,2022-10-16,30-018,SEA,,ARI,W 19-9,1.70,3.70,3.7,2.7,55,80.9,0,0.0,1,3.8,WR,LockTy00
4294,Drake London,1.70,44,Sun,4,4,2022-10-02,21-070,ATL,,CLE,W 23-20,1.70,3.70,3.7,2.7,44,80.0,0,0.0,0,0.0,WR,LondDr00
4295,Luke McCaffrey,1.70,32,Sun,4,4,2024-09-29,23-180,WAS,@,ARI,W 42-14,1.70,2.70,2.7,2.2,32,44.4,0,0.0,0,0.0,WR,McCaLu00
4296,Terry McLaurin,1.70,48,Sun,1,1,2024-09-08,28-359,WAS,@,TAM,L 20-37,1.70,3.70,3.7,2.7,48,81.4,0,0.0,0,0.0,WR,McLaTe00
4297,John Metchie,1.70,14,Sun,2,2,2023-09-17,23-061,HOU,,IND,L 20-31,1.70,2.70,2.7,2.2,14,16.7,0,0.0,0,0.0,WR,MetcJo00
4298,John Metchie,1.70,21,Sun,14,15,2024-12-15,24-150,HOU,,MIA,W 20-12,1.70,3.70,3.7,2.7,21,42.0,0,0.0,0,0.0,WR,MetcJo00
4299,Marvin Mims,1.70,26,Sun,17,18,2024-01-07,21-294,DEN,@,LVR,L 14-27,1.70,2.70,2.7,2.2,26,42.6,0,0.0,10,40.0,WR,MimsMa00
4300,Jonathan Mingo,1.70,67,Sun,1,1,2023-09-10,22-143,CAR,@,ATL,L 10-24,1.70,3.70,3.7,2.7,67,87.0,0,0.0,1,3.8,WR,MingJo00
4301,David Moore,1.70,6,Sun,6,6,2024-10-13,29-272,CAR,,ATL,L 20-38,1.70,3.70,3.7,2.7,6,9.1,0,0.0,2,7.4,WR,MoorDa03
4302,David Moore,1.70,15,Sun,16,17,2024-12-29,29-349,CAR,@,TAM,L 14-48,1.70,2.70,2.7,2.2,15,31.9,0,0.0,1,3.3,WR,MoorDa03
4303,Elijah Moore,1.70,54,Sun,14,15,2023-12-17,23-265,CLE,,CHI,W 20-17,1.70,3.70,3.7,2.7,54,78.3,0,0.0,0,0.0,WR,MoorEl00
4304,Elijah Moore,1.70,54,Sun,3,3,2024-09-22,24-179,CLE,,NYG,L 15-21,1.70,3.70,3.7,2.7,54,80.6,0,0.0,0,0.0,WR,MoorEl00
4305,Elijah Moore,1.70,27,Sun,10,11,2022-11-20,22-238,NYJ,@,NWE,L 3-10,1.70,3.70,3.7,2.7,27,54.0,0,0.0,1,3.3,WR,MoorEl00
4306,Elijah Moore,1.70,58,Sun,12,13,2022-12-04,22-252,NYJ,@,MIN,L 22-27,1.70,3.70,3.7,2.7,58,68.2,0,0.0,0,0.0,WR,MoorEl00
4307,K.J. Osborn,1.70,42,Sun,10,11,2022-11-20,25-163,MIN,,DAL,L 3-40,1.70,3.70,3.7,2.7,42,73.7,0,0.0,0,0.0,WR,OsboKJ00
4308,K.J. Osborn,1.70,45,Sun,12,13,2022-12-04,25-177,MIN,,NYJ,W 27-22,1.70,3.70,3.7,2.7,45,66.2,0,0.0,0,0.0,WR,OsboKJ00
4309,K.J. Osborn,1.70,50,Sat,15,16,2022-12-24,25-197,MIN,,NYG,W 27-24,1.70,4.70,4.7,3.2,50,69.4,0,0.0,0,0.0,WR,OsboKJ00
4310,K.J. Osborn,1.70,20,Sun,9,9,2023-11-05,26-148,MIN,@,ATL,W 31-28,1.70,3.70,3.7,2.7,20,26.7,0,0.0,0,0.0,WR,OsboKJ00
4311,Trey Palmer,1.70,41,Sun,11,12,2023-11-26,22-238,TAM,@,IND,L 20-27,1.70,5.70,5.7,3.7,41,68.3,0,0.0,0,0.0,WR,PalmTr00
4312,Donovan Peoples-Jones,1.70,9,Sun,13,14,2023-12-10,24-294,DET,@,CHI,L 13-28,1.70,2.70,2.7,2.2,9,13.8,0,0.0,7,29.2,WR,PeopDo00
4313,Dante Pettis,1.70,27,Sun,10,10,2022-11-13,27-021,CHI,,DET,L 30-31,1.70,2.70,2.7,2.2,27,44.3,0,0.0,4,13.8,WR,PettDa00
4314,Brandon Powell,1.70,49,Sun,17,18,2023-01-08,27-118,LAR,@,SEA,L 16-19 (OT),1.70,2.70,2.7,2.2,49,80.3,0,0.0,16,48.5,WR,PoweBr00
4315,Kalif Raymond,1.70,59,Sun,8,9,2022-11-06,28-090,DET,,GNB,W 15-9,1.70,4.70,4.7,3.2,59,95.2,0,0.0,1,7.7,WR,RaymKa00
4316,Hunter Renfrow,1.70,37,Sun,3,3,2023-09-24,27-277,LVR,,PIT,L 18-23,1.70,3.70,3.7,2.7,37,51.4,0,0.0,0,0.0,WR,RenfHu00
4317,Demarcus Robinson,1.70,43,Sun,11,12,2022-11-27,28-067,BAL,@,JAX,L 27-28,1.70,2.70,2.7,2.2,43,59.7,0,0.0,0,0.0,WR,RobiDe01
4318,Wan'Dale Robinson,1.70,60,Sun,8,8,2023-10-29,22-297,NYG,,NYJ,L 10-13 (OT),1.70,1.70,1.7,1.7,60,80.0,0,0.0,0,0.0,WR,RobiWa01
4319,Justyn Ross,1.70,38,Sun,17,18,2024-01-07,24-023,KAN,@,LAC,W 13-12,1.70,3.70,3.7,2.7,38,65.5,0,0.0,6,22.2,WR,RossJu00
4320,Laviska Shenault Jr.,1.70,11,Sun,6,6,2023-10-15,25-010,CAR,@,MIA,L 21-42,1.70,4.70,4.7,3.2,11,15.9,0,0.0,9,30.0,WR,ShenLa00
4321,Trent Sherfield,1.70,16,Sun,2,2,2024-09-15,28-203,MIN,,SFO,W 23-17,1.70,2.70,2.7,2.2,16,29.6,0,0.0,7,30.4,WR,SherTr00
4322,Cam Sims,1.70,18,Sun,11,11,2022-11-20,26-318,WAS,@,HOU,W 23-10,1.70,2.70,2.7,2.2,18,26.5,0,0.0,15,55.6,WR,SimsCa00
4323,Steven Sims,1.70,32,Sun,9,10,2022-11-13,25-227,PIT,,NOR,W 20-10,1.70,2.70,2.7,2.2,32,38.1,0,0.0,8,33.3,WR,SimsSt00
4324,Ben Skowronek,1.70,10,Sun,14,15,2024-12-15,27-171,PIT,@,PHI,L 13-27,1.70,2.70,2.7,2.2,10,23.3,0,0.0,16,64.0,WR,SkowBe00
4325,DeVonta Smith,1.70,71,Sun,4,4,2022-10-02,23-322,PHI,,JAX,W 29-21,1.70,4.70,4.7,3.2,71,86.6,0,0.0,0,0.0,WR,SmitDe07
4326,Jeff Smith,1.70,10,Sun,2,2,2022-09-18,25-150,NYJ,@,CLE,W 31-30,1.70,2.70,2.7,2.2,10,14.3,0,0.0,12,40.0,WR,SmitJe03
4327,Shi Smith,1.70,16,Thu,10,10,2022-11-10,24-015,CAR,,ATL,W 25-15,1.70,2.70,2.7,2.2,16,24.2,0,0.0,5,17.2,WR,SmitSh03
4328,Shi Smith,1.70,14,Sat,15,16,2022-12-24,24-059,CAR,,DET,W 37-23,1.70,2.70,2.7,2.2,14,20.6,0,0.0,3,10.3,WR,SmitSh03
4329,Deven Thompkins,1.70,16,Sun,10,11,2023-11-19,23-331,TAM,@,SFO,L 14-27,1.70,1.70,1.7,1.7,16,22.5,0,0.0,9,40.9,WR,ThomDe07
4330,Tyquan Thornton,1.70,54,Thu,13,14,2023-12-07,23-091,NWE,@,PIT,W 21-18,1.70,4.70,4.7,3.2,54,94.7,0,0.0,0,0.0,WR,ThorTy00
4331,Jalen Tolbert,1.70,32,Thu,12,13,2023-11-30,24-276,DAL,,SEA,W 41-35,1.70,2.70,2.7,2.2,32,36.0,0,0.0,21,75.0,WR,TolbJa00
4332,DJ Turner,1.70,52,Sun,5,5,2024-10-06,27-262,LVR,@,DEN,L 18-34,1.70,2.70,2.7,2.2,52,74.3,0,0.0,11,36.7,WR,TurnDJ00
4333,DJ Turner,1.70,75,Sun,7,7,2024-10-20,27-276,LVR,@,LAR,L 15-20,1.70,3.70,3.7,2.7,75,94.9,0,0.0,7,25.0,WR,TurnDJ00
4334,Marquez Valdes-Scantling,1.70,22,Sun,14,15,2023-12-17,29-068,KAN,@,NWE,W 27-17,1.70,2.70,2.7,2.2,22,33.8,0,0.0,0,0.0,WR,ValdMa00
4335,Quez Watkins,1.70,52,Sun,1,1,2023-09-10,25-093,PHI,@,NWE,W 25-20,1.70,3.70,3.7,2.7,52,78.8,0,0.0,1,3.4,WR,WatkQu00
4336,Mike Williams,1.70,87,Mon,6,6,2022-10-17,28-013,LAC,,DEN,W 19-16 (OT),1.70,3.70,3.7,2.7,87,93.5,0,0.0,0,0.0,WR,WillMi07
4337,Cedrick Wilson Jr.,1.70,32,Sun,16,17,2024-12-29,29-039,NOR,,LVR,L 10-25,1.70,4.70,4.7,3.2,32,53.3,0,0.0,9,32.1,WR,WilsCe01
4338,Juwann Winfree,1.70,9,Sun,1,1,2022-09-11,26-007,GNB,@,MIN,L 7-23,1.70,2.70,2.7,2.2,9,14.8,0,0.0,13,56.5,WR,WinfJu00
4339,Tutu Atwell,1.60,26,Sun,8,9,2024-11-03,25-027,LAR,@,SEA,W 26-20 (OT),1.60,2.60,2.6,2.1,26,33.8,0,0.0,0,0.0,WR,AtweTu00
4340,Kendrick Bourne,1.60,24,Sun,2,2,2022-09-18,27-045,NWE,@,PIT,W 17-14,1.60,3.60,3.6,2.6,24,35.3,0,0.0,0,0.0,WR,BourKe00
4341,Tyler Boyd,1.60,53,Sun,11,12,2022-11-27,28-012,CIN,@,TEN,W 20-16,1.60,3.60,3.6,2.6,53,75.7,0,0.0,0,0.0,WR,BoydTy00
4342,Dyami Brown,1.60,13,Mon,3,3,2024-09-23,24-327,WAS,@,CIN,W 38-33,1.60,3.60,3.6,2.6,13,22.0,0,0.0,6,23.1,WR,BrowDy00
4343,Noah Brown,1.60,42,Sun,7,7,2024-10-20,28-288,WAS,,CAR,W 40-7,1.60,2.60,2.6,2.1,42,60.9,0,0.0,1,3.8,WR,BrowNo00
4344,Parris Campbell,1.60,51,Sun,9,9,2022-11-06,25-113,IND,@,NWE,L 3-26,1.60,3.60,3.6,2.6,51,82.3,0,0.0,7,21.2,WR,CampPa00
4345,DeAndre Carter,1.60,8,Sun,3,3,2023-09-24,30-167,LVR,,PIT,L 18-23,1.60,2.60,2.6,2.1,8,11.1,0,0.0,12,41.4,WR,CartDe02
4346,DJ Chark,1.60,9,Sun,14,15,2024-12-15,28-083,LAC,,TAM,L 17-40,1.60,3.60,3.6,2.6,9,17.3,0,0.0,0,0.0,WR,CharDJ00
4347,Brandin Cooks,1.60,57,Sun,2,2,2024-09-15,30-356,DAL,,NOR,L 19-44,1.60,3.60,3.6,2.6,57,81.4,0,0.0,0,0.0,WR,CookBr00
4348,Brandin Cooks,1.60,64,Sun,3,3,2024-09-22,30-363,DAL,,BAL,L 25-28,1.60,3.60,3.6,2.6,64,80.0,0,0.0,0,0.0,WR,CookBr00
4349,Brandin Cooks,1.60,46,Thu,4,4,2024-09-26,31-001,DAL,@,NYG,W 20-15,1.60,2.60,2.6,2.1,46,82.1,0,0.0,0,0.0,WR,CookBr00
4350,Amari Cooper,1.60,56,Sun,4,4,2023-10-01,29-106,CLE,,BAL,L 3-28,1.60,2.60,2.6,2.1,56,81.2,0,0.0,0,0.0,WR,CoopAm00
4351,Amari Cooper,1.60,54,Sun,11,12,2023-11-26,29-162,CLE,@,DEN,L 12-29,1.60,3.60,3.6,2.6,54,74.0,0,0.0,0,0.0,WR,CoopAm00
4352,Amari Cooper,1.60,72,Sun,1,1,2024-09-08,30-083,CLE,,DAL,L 17-33,1.60,3.60,3.6,2.6,72,94.7,0,0.0,0,0.0,WR,CoopAm00
4353,River Cracraft,1.60,24,Sun,12,13,2023-12-03,29-032,MIA,@,WAS,W 45-15,1.60,3.60,3.6,2.6,24,39.3,0,0.0,0,0.0,WR,CracRi00
4354,River Cracraft,1.60,20,Sun,16,17,2024-12-29,30-058,MIA,@,CLE,W 20-3,1.60,2.60,2.6,2.1,20,33.3,0,0.0,0,0.0,WR,CracRi00
4355,Jamison Crowder,1.60,19,Mon,2,2,2022-09-19,29-094,BUF,,TEN,W 41-7,1.60,2.60,2.6,2.1,19,27.9,0,0.0,6,22.2,WR,CrowJa00
4356,Greg Dortch,1.60,36,Sun,6,6,2024-10-13,26-137,ARI,@,GNB,L 13-34,1.60,4.60,5.6,3.1,36,62.1,0,0.0,3,11.1,WR,DortGr01
4357,Jahan Dotson,1.60,45,Sun,11,11,2022-11-20,22-243,WAS,@,HOU,W 23-10,1.60,2.60,2.6,2.1,45,66.2,0,0.0,0,0.0,WR,DotsJa00
4358,D'Wayne Eskridge,1.60,19,Sun,4,4,2022-10-02,25-193,SEA,@,DET,W 48-45,1.60,2.60,2.6,2.1,19,27.1,0,0.0,0,0.0,WR,EskrDW00
4359,Xavier Gipson,1.60,15,Thu,3,3,2024-09-19,23-195,NYJ,,NWE,W 24-3,1.60,3.60,3.6,2.6,15,20.5,0,0.0,7,33.3,WR,GipsXa00
4360,Chris Godwin,1.60,58,Sun,8,9,2023-11-05,27-251,TAM,@,HOU,L 37-39,1.60,3.60,3.6,2.6,58,87.9,0,0.0,0,0.0,WR,GodwCh00
4361,N'Keal Harry,1.60,25,Sun,16,17,2023-01-01,25-015,CHI,@,DET,L 10-41,1.60,2.60,2.6,2.1,25,48.1,0,0.0,0,0.0,WR,HarrNK00
4362,Mack Hollins,1.60,51,Sun,1,1,2022-09-11,28-360,LVR,@,LAC,L 19-24,1.60,2.60,2.6,2.1,51,87.9,0,0.0,6,25.0,WR,HollMa00
4363,Mack Hollins,1.60,46,Mon,3,3,2024-09-23,31-007,BUF,,JAX,W 47-10,1.60,2.60,2.6,2.1,46,71.9,0,0.0,12,48.0,WR,HollMa00
4364,Dennis Houston,1.60,39,Sun,1,1,2022-09-11,23-140,DAL,,TAM,L 3-19,1.60,3.60,3.6,2.6,39,56.5,0,0.0,9,37.5,WR,HousDe01
4365,Andrei Iosivas,1.60,14,Sun,11,12,2023-11-26,24-042,CIN,,PIT,L 10-16,1.60,2.60,2.6,2.1,14,32.6,0,0.0,14,58.3,WR,IosiAn00
4366,Trenton Irwin,1.60,52,Sun,11,12,2022-11-27,26-352,CIN,@,TEN,W 20-16,1.60,2.60,2.6,2.1,52,74.3,0,0.0,0,0.0,WR,IrwiTr00
4367,DeSean Jackson,1.60,11,Mon,9,9,2022-11-07,35-341,BAL,@,NOR,W 27-13,1.60,2.60,2.6,2.1,11,16.2,0,0.0,0,0.0,WR,JackDe00
4368,Richie James,1.60,33,Sun,5,5,2022-10-09,27-034,NYG,@,GNB,W 27-22,1.60,3.60,3.6,2.6,33,54.1,0,0.0,3,11.5,WR,JameRi00
4369,Jerry Jeudy,1.60,38,Sun,13,14,2023-12-10,24-230,DEN,@,LAC,W 24-7,1.60,3.60,3.6,2.6,38,56.7,0,0.0,0,0.0,WR,JeudJe00
4370,Jerry Jeudy,1.60,47,Sun,5,5,2024-10-06,25-165,CLE,@,WAS,L 13-34,1.60,2.60,2.6,2.1,47,75.8,0,0.0,0,0.0,WR,JeudJe00
4371,Diontae Johnson,1.60,50,Sun,10,11,2023-11-19,27-137,PIT,@,CLE,L 10-13,1.60,3.60,3.6,2.6,50,86.2,0,0.0,0,0.0,WR,JohnDi01
4372,Quentin Johnston,1.60,48,Mon,8,9,2023-11-06,22-061,LAC,@,NYJ,W 27-6,1.60,3.60,3.6,2.6,48,82.8,0,0.0,0,0.0,WR,JohnQu02
4373,Zay Jones,1.60,46,Sun,12,13,2022-12-04,27-249,JAX,@,DET,L 14-40,1.60,3.60,3.6,2.6,46,82.1,0,0.0,0,0.0,WR,JoneZa00
4374,Tom Kennedy,1.60,41,Sun,8,9,2022-11-06,26-100,DET,,GNB,W 15-9,1.60,2.60,2.6,2.1,41,66.1,0,0.0,2,15.4,WR,KennTo01
4375,Tyler Lockett,1.60,30,Sun,12,13,2024-12-01,32-064,SEA,@,NYJ,W 26-21,1.60,4.60,4.6,3.1,30,46.9,0,0.0,0,0.0,WR,LockTy00
4376,Ray-Ray McCloud,1.60,18,Sun,2,2,2022-09-18,25-338,SFO,,SEA,W 27-7,1.60,2.60,2.6,2.1,18,23.7,0,0.0,7,30.4,WR,McClRa00
4377,Ray-Ray McCloud,1.60,27,Thu,14,15,2022-12-15,26-061,SFO,@,SEA,W 21-13,1.60,2.60,2.6,2.1,27,42.2,0,0.0,11,39.3,WR,McClRa00
4378,D.K. Metcalf,1.60,45,Mon,1,1,2022-09-12,24-272,SEA,,DEN,W 17-16,1.60,8.60,9.6,5.1,45,81.8,0,0.0,0,0.0,WR,MetcDK00
4379,John Metchie,1.60,31,Sun,13,13,2024-12-01,24-136,HOU,@,JAX,W 23-20,1.60,3.60,3.6,2.6,31,49.2,0,0.0,0,0.0,WR,MetcJo00
4380,Anthony Miller,1.60,8,Wed,16,17,2024-12-25,30-077,BAL,@,HOU,W 31-2,1.60,2.60,2.6,2.1,8,12.7,0,0.0,4,16.7,WR,MillAn02
4381,Skyy Moore,1.60,35,Sun,11,12,2022-11-27,22-078,KAN,,LAR,W 26-10,1.60,6.60,7.6,4.1,35,46.1,0,0.0,1,4.2,WR,MoorSk01
4382,Jalen Nailor,1.60,67,Sun,10,10,2023-11-12,24-255,MIN,,NOR,W 27-19,1.60,2.60,2.6,2.1,67,91.8,0,0.0,0,0.0,WR,NailJa00
4383,Jalen Nailor,1.60,21,Thu,7,8,2024-10-24,25-236,MIN,@,LAR,L 20-30,1.60,3.60,3.6,2.6,21,42.0,0,0.0,0,0.0,WR,NailJa00
4384,Bryce Oliver,1.60,6,Sun,13,14,2024-12-08,24-203,TEN,,JAX,L 6-10,1.60,2.60,2.6,2.1,6,9.4,0,0.0,3,16.7,WR,OlivBr02
4385,K.J. Osborn,1.60,40,Sun,4,4,2023-10-01,26-113,MIN,@,CAR,W 21-13,1.60,2.60,2.6,2.1,40,83.3,0,0.0,0,0.0,WR,OsboKJ00
4386,Josh Palmer,1.60,40,Mon,15,16,2022-12-26,23-095,LAC,@,IND,W 20-3,1.60,3.60,3.6,2.6,40,58.8,0,0.0,0,0.0,WR,PalmJo00
4387,Trey Palmer,1.60,59,Mon,7,7,2024-10-21,23-202,TAM,,BAL,L 31-41,1.60,2.60,2.6,2.1,59,72.0,0,0.0,2,6.9,WR,PalmTr00
4388,DeVante Parker,1.60,47,Thu,12,13,2022-12-01,29-315,NWE,,BUF,L 10-24,1.60,3.60,3.6,2.6,47,87.0,0,0.0,1,4.2,WR,ParkDe01
4389,Zach Pascal,1.60,28,Sun,12,13,2022-12-04,27-351,PHI,,TEN,W 35-10,1.60,3.60,3.6,2.6,28,38.4,0,0.0,10,34.5,WR,PascZa00
4390,Ricky Pearsall,1.60,30,Thu,14,15,2024-12-12,24-094,SFO,,LAR,L 6-12,1.60,2.60,2.6,2.1,30,55.6,0,0.0,0,0.0,WR,PearRi00
4391,Donovan Peoples-Jones,1.60,76,Sun,11,12,2022-11-27,23-281,CLE,,TAM,W 23-17 (OT),1.60,3.60,3.6,2.6,76,96.2,0,0.0,9,29.0,WR,PeopDo00
4392,Michael Pittman Jr.,1.60,67,Sun,13,13,2022-12-04,25-060,IND,@,DAL,L 19-54,1.60,3.60,3.6,2.6,67,93.1,0,0.0,0,0.0,WR,PittMi01
4393,Michael Pittman Jr.,1.60,61,Sun,8,8,2024-10-27,27-022,IND,@,HOU,L 20-23,1.60,2.60,2.6,2.1,61,95.3,0,0.0,0,0.0,WR,PittMi01
4394,Brandon Powell,1.60,32,Sun,2,2,2024-09-15,29-003,MIN,,SFO,W 23-17,1.60,3.60,3.6,2.6,32,59.3,0,0.0,4,17.4,WR,PoweBr00
4395,Byron Pringle,1.60,4,Sun,7,7,2023-10-22,29-339,WAS,@,NYG,L 7-14,1.60,2.60,2.6,2.1,4,5.8,0,0.0,13,44.8,WR,PrinBy00
4396,Jayden Reed,1.60,30,Sun,12,13,2023-12-03,23-219,GNB,,KAN,W 27-19,1.60,5.60,5.6,3.6,30,46.9,0,0.0,0,0.0,WR,ReedJa03
4397,Josh Reynolds,1.60,25,Sun,17,18,2023-01-08,27-326,DET,@,GNB,W 20-16,1.60,2.60,2.6,2.1,25,40.3,0,0.0,0,0.0,WR,ReynJo00
4398,Josh Reynolds,1.60,47,Sun,15,16,2023-12-24,28-311,DET,@,MIN,W 30-24,1.60,2.60,2.6,2.1,47,59.5,0,0.0,0,0.0,WR,ReynJo00
4399,Wan'Dale Robinson,1.60,45,Mon,15,16,2023-12-25,22-354,NYG,@,PHI,L 25-33,1.60,4.60,4.6,3.1,45,71.4,0,0.0,0,0.0,WR,RobiWa01
4400,Amari Rodgers,1.60,31,Sun,16,17,2023-01-01,23-100,HOU,,JAX,L 3-31,1.60,3.60,3.6,2.6,31,44.3,0,0.0,0,0.0,WR,RodgAm00
4401,Curtis Samuel,1.60,36,Sun,13,14,2024-12-08,28-119,BUF,@,LAR,L 42-44,1.60,3.60,3.6,2.6,36,60.0,0,0.0,0,0.0,WR,SamuCu00
4402,Sterling Shepard,1.60,35,Sun,11,12,2024-11-24,31-288,TAM,@,NYG,W 30-7,1.60,6.60,6.6,4.1,35,53.8,0,0.0,0,0.0,WR,ShepSt00
4403,Sterling Shepard,1.60,36,Sun,14,15,2024-12-15,31-309,TAM,@,LAC,W 40-17,1.60,2.60,2.6,2.1,36,50.0,0,0.0,0,0.0,WR,ShepSt00
4404,Trent Sherfield,1.60,16,Sun,10,11,2024-11-17,28-266,MIN,@,TEN,W 23-13,1.60,2.60,2.6,2.1,16,21.9,0,0.0,18,69.2,WR,SherTr00
4405,Cam Sims,1.60,12,Sun,16,17,2023-01-01,26-360,WAS,,CLE,L 10-24,1.60,2.60,2.6,2.1,12,17.4,0,0.0,12,57.1,WR,SimsCa00
4406,Steven Sims,1.60,33,Sun,17,18,2023-01-08,25-283,PIT,,CLE,W 28-14,1.60,1.60,1.6,1.6,33,45.2,0,0.0,7,31.8,WR,SimsSt00
4407,Ben Skowronek,1.60,54,Sun,2,2,2022-09-18,25-083,LAR,,ATL,W 31-27,1.60,3.60,3.6,2.6,54,85.7,0,0.0,4,17.4,WR,SkowBe00
4408,Darius Slayton,1.60,28,Sun,12,12,2023-11-26,26-318,NYG,,NWE,W 10-7,1.60,3.60,3.6,2.6,28,53.8,0,0.0,0,0.0,WR,SlayDa01
4409,Darius Slayton,1.60,46,Sun,14,15,2024-12-15,27-338,NYG,,BAL,L 14-35,1.60,2.60,2.6,2.1,46,67.6,0,0.0,0,0.0,WR,SlayDa01
4410,Adam Thielen,1.60,49,Sun,16,17,2023-01-01,32-132,MIN,@,GNB,L 17-41,1.60,2.60,2.6,2.1,49,84.5,0,0.0,0,0.0,WR,ThieAd00
4411,Deven Thompkins,1.60,13,Sun,14,15,2022-12-18,22-360,TAM,,CIN,L 23-34,1.60,2.60,2.6,2.1,13,17.6,0,0.0,11,44.0,WR,ThomDe07
4412,Laquon Treadwell,1.60,43,Sat,17,18,2024-01-06,28-206,BAL,,PIT,L 10-17,1.60,2.60,2.6,2.1,43,75.4,0,0.0,18,66.7,WR,TreaLa00
4413,Tre Tucker,1.60,7,Mon,5,5,2023-10-09,22-215,LVR,,GNB,W 17-13,1.60,1.60,1.6,1.6,7,10.9,0,0.0,2,8.3,WR,TuckTr00
4414,Devaughn Vele,1.60,31,Mon,13,13,2024-12-02,26-356,DEN,,CLE,W 41-32,1.60,2.60,2.6,2.1,31,47.0,0,0.0,0,0.0,WR,VeleDe00
4415,Jameson Williams,1.60,34,Mon,8,8,2023-10-30,22-218,DET,,LVR,W 26-14,1.60,3.60,3.6,2.6,34,39.5,0,0.0,0,0.0,WR,WillJa11
4416,Cedrick Wilson Jr.,1.60,23,Sun,4,4,2023-10-01,27-315,MIA,@,BUF,L 20-48,1.60,2.60,2.6,2.1,23,35.4,0,0.0,1,3.6,WR,WilsCe01
4417,Robert Woods,1.60,46,Sun,11,12,2022-11-27,30-231,TEN,,CIN,L 16-20,1.60,3.60,3.6,2.6,46,80.7,0,0.0,0,0.0,WR,WoodRo02
4418,Davante Adams,1.50,51,Sat,15,16,2022-12-24,30-000,LVR,@,PIT,L 10-13,1.50,3.50,3.5,2.5,51,96.2,0,0.0,0,0.0,WR,AdamDa01
4419,Michael Bandy,1.50,17,Sun,12,13,2022-12-04,24-364,LAC,@,LVR,L 20-27,1.50,2.50,2.5,2.0,17,22.7,0,0.0,4,13.3,WR,BandMi00
4420,Rashod Bateman,1.50,34,Sun,6,6,2023-10-15,23-320,BAL,@,TEN,W 24-16,1.50,3.50,3.5,2.5,34,47.9,0,0.0,1,3.2,WR,BateRa00
4421,Odell Beckham Jr.,1.50,12,Sun,8,9,2024-11-03,31-364,MIA,@,BUF,L 27-30,1.50,4.50,4.5,3.0,12,19.7,0,0.0,0,0.0,WR,BeckOd00
4422,Jake Bobo,1.50,14,Sun,2,2,2024-09-15,26-042,SEA,@,NWE,W 23-20 (OT),1.50,3.50,3.5,2.5,14,20.0,0,0.0,21,67.7,WR,BoboJa00
4423,Jake Bobo,1.50,39,Sun,8,8,2024-10-27,26-084,SEA,,BUF,L 10-31,1.50,2.50,2.5,2.0,39,76.5,0,0.0,13,56.5,WR,BoboJa00
4424,Kendrick Bourne,1.50,20,Thu,12,13,2022-12-01,27-119,NWE,,BUF,L 10-24,1.50,2.50,2.5,2.0,20,37.0,0,0.0,1,4.2,WR,BourKe00
4425,Jalen Brooks,1.50,49,Sun,6,6,2024-10-13,24-159,DAL,,DET,L 9-47,1.50,2.50,2.5,2.0,49,71.0,0,0.0,2,7.1,WR,BrooJa03
4426,Dyami Brown,1.50,16,Mon,10,10,2022-11-14,23-013,WAS,@,PHI,W 32-21,1.50,2.50,2.5,2.0,16,19.3,0,0.0,1,3.8,WR,BrowDy00
4427,Dyami Brown,1.50,10,Sun,14,15,2022-12-18,23-047,WAS,,NYG,L 12-20,1.50,1.50,1.5,1.5,10,15.9,0,0.0,2,8.0,WR,BrowDy00
4428,Noah Brown,1.50,54,Sun,12,13,2022-12-04,26-332,DAL,,IND,W 54-19,1.50,3.50,3.5,2.5,54,79.4,0,0.0,6,19.4,WR,BrowNo00
4429,Treylon Burks,1.50,50,Sat,15,16,2022-12-24,22-276,TEN,,HOU,L 14-19,1.50,1.50,1.5,1.5,50,82.0,0,0.0,3,12.5,WR,BurkTr00
4430,Damiere Byrd,1.50,31,Sat,15,16,2022-12-24,29-331,ATL,@,BAL,L 9-17,1.50,2.50,2.5,2.0,31,43.7,0,0.0,0,0.0,WR,ByrdDa00
4431,Parris Campbell,1.50,23,Mon,4,4,2023-10-02,26-078,NYG,,SEA,L 3-24,1.50,4.50,4.5,3.0,23,30.7,0,0.0,0,0.0,WR,CampPa00
4432,Parris Campbell,1.50,14,Sun,9,9,2023-11-05,26-112,NYG,@,LVR,L 6-30,1.50,3.50,3.5,2.5,14,22.2,0,0.0,7,29.2,WR,CampPa00
4433,DeAndre Carter,1.50,9,Sun,9,9,2023-11-05,30-209,LVR,,NYG,W 30-6,1.50,2.50,2.5,2.0,9,15.0,0,0.0,6,25.0,WR,CartDe02
4434,DeAndre Carter,1.50,7,Sun,10,10,2023-11-12,30-216,LVR,,NYJ,W 16-12,1.50,1.50,1.5,1.5,7,10.9,0,0.0,11,40.7,WR,CartDe02
4435,Quintez Cephus,1.50,33,Sun,4,4,2022-10-02,24-184,DET,,SEA,L 45-48,1.50,3.50,3.5,2.5,33,44.6,0,0.0,2,6.1,WR,CephQu00
4436,DJ Chark,1.50,37,Mon,2,2,2023-09-18,26-360,CAR,,NOR,L 17-20,1.50,2.50,2.5,2.0,37,61.7,0,0.0,0,0.0,WR,CharDJ00
4437,Chase Claypool,1.50,44,Sun,3,3,2023-09-24,25-079,CHI,@,KAN,L 10-41,1.50,2.50,2.5,2.0,44,86.3,0,0.0,0,0.0,WR,ClayCh01
4438,Chase Claypool,1.50,11,Sun,8,8,2023-10-29,25-114,MIA,,NWE,W 31-17,1.50,2.50,2.5,2.0,11,14.3,0,0.0,12,46.2,WR,ClayCh01
4439,Frank Darby,1.50,28,Sun,17,18,2023-01-08,25-122,ATL,,TAM,W 30-17,1.50,2.50,2.5,2.0,28,41.2,0,0.0,4,14.3,WR,DarbFr00
4440,Corey Davis,1.50,9,Sun,13,14,2022-12-11,27-334,NYJ,@,BUF,L 12-20,1.50,2.50,2.5,2.0,9,12.2,0,0.0,0,0.0,WR,DaviCo03
4441,Phillip Dorsett,1.50,13,Sun,3,3,2022-09-25,29-263,HOU,@,CHI,L 20-23,1.50,2.50,2.5,2.0,13,22.0,0,0.0,0,0.0,WR,DorsPh00
4442,Greg Dortch,1.50,60,Sun,16,17,2023-01-01,24-217,ARI,@,ATL,L 19-20,1.50,5.50,5.5,3.5,60,81.1,0,0.0,0,0.0,WR,DortGr01
4443,Devin Duvernay,1.50,22,Sun,2,2,2023-09-17,26-005,BAL,@,CIN,W 27-24,1.50,1.50,1.5,1.5,22,29.3,0,0.0,8,32.0,WR,DuveDe00
4444,Michael Gallup,1.50,40,Sun,5,5,2023-10-08,27-218,DAL,@,SFO,L 10-42,1.50,3.50,3.5,2.5,40,81.6,0,0.0,0,0.0,WR,GallMi00
4445,Xavier Gipson,1.50,42,Fri,11,12,2023-11-24,22-261,NYJ,,MIA,L 13-34,1.50,3.50,3.5,2.5,42,72.4,0,0.0,7,29.2,WR,GipsXa00
4446,Mecole Hardman,1.50,4,Sun,11,12,2024-11-24,26-257,KAN,@,CAR,W 30-27,1.50,1.50,1.5,1.5,4,5.4,0,0.0,6,22.2,WR,HardMe00
4447,Penny Hart,1.50,6,Sun,3,3,2022-09-25,26-082,SEA,,ATL,L 23-27,1.50,2.50,2.5,2.0,6,8.5,0,0.0,9,36.0,WR,HartPe01
4448,Malik Heath,1.50,11,Sun,12,13,2023-12-03,23-247,GNB,,KAN,W 27-19,1.50,2.50,2.5,2.0,11,17.2,0,0.0,11,50.0,WR,HeatMa00
4449,KhaDarel Hodge,1.50,13,Sun,3,3,2023-09-24,28-264,ATL,@,DET,L 6-20,1.50,2.50,2.5,2.0,13,19.4,0,0.0,20,74.1,WR,HodgKh00
4450,Mack Hollins,1.50,66,Sat,17,18,2023-01-07,29-113,LVR,,KAN,L 13-31,1.50,3.50,3.5,2.5,66,94.3,0,0.0,5,21.7,WR,HollMa00
4451,Xavier Hutchinson,1.50,12,Sun,6,6,2023-10-15,23-136,HOU,,NOR,W 20-13,1.50,1.50,1.5,1.5,12,19.0,0,0.0,9,34.6,WR,HutcXa00
4452,Xavier Hutchinson,1.50,41,Sun,13,14,2023-12-10,23-192,HOU,@,NYJ,L 6-30,1.50,3.50,3.5,2.5,41,73.2,0,0.0,1,3.4,WR,HutcXa00
4453,Richie James,1.50,48,Sun,17,18,2024-01-07,28-124,KAN,@,LAC,W 13-12,1.50,3.50,3.5,2.5,48,82.8,0,0.0,9,33.3,WR,JameRi00
4454,Justin Jefferson,1.50,46,Sun,16,17,2023-01-01,23-199,MIN,@,GNB,L 17-41,1.50,2.50,2.5,2.0,46,79.3,0,0.0,0,0.0,WR,JeffJu00
4455,Diontae Johnson,1.50,37,Sat,15,16,2023-12-23,27-171,PIT,,CIN,W 34-11,1.50,3.50,3.5,2.5,37,62.7,0,0.0,0,0.0,WR,JohnDi01
4456,Diontae Johnson,1.50,45,Sun,2,2,2024-09-15,28-072,CAR,,LAC,L 3-26,1.50,4.50,4.5,3.0,45,93.8,0,0.0,0,0.0,WR,JohnDi01
4457,Marvin Jones,1.50,31,Thu,15,16,2022-12-22,32-285,JAX,@,NYJ,W 19-3,1.50,4.50,4.5,3.0,31,43.1,0,0.0,0,0.0,WR,JoneMa02
4458,Tyler Lockett,1.50,23,Sun,16,17,2023-01-01,30-095,SEA,,NYJ,W 23-6,1.50,3.50,3.5,2.5,23,31.9,0,0.0,0,0.0,WR,LockTy00
4459,Tyler Lockett,1.50,57,Sun,2,2,2024-09-15,31-353,SEA,@,NWE,W 23-20 (OT),1.50,3.50,3.5,2.5,57,81.4,0,0.0,0,0.0,WR,LockTy00
4460,Drake London,1.50,56,Sun,1,1,2024-09-08,23-046,ATL,,PIT,L 10-18,1.50,3.50,3.5,2.5,56,100.0,0,0.0,0,0.0,WR,LondDr00
4461,Terrace Marshall Jr.,1.50,58,Sun,16,17,2023-01-01,22-206,CAR,@,TAM,L 24-30,1.50,3.50,3.5,2.5,58,87.9,0,0.0,0,0.0,WR,MarsTe00
4462,Terry McLaurin,1.50,70,Sun,4,4,2022-10-02,27-017,WAS,@,DAL,L 10-25,1.50,3.50,3.5,2.5,70,94.6,0,0.0,0,0.0,WR,McLaTe00
4463,Scott Miller,1.50,7,Sun,15,16,2023-12-24,26-146,ATL,,IND,W 29-10,1.50,2.50,2.5,2.0,7,10.9,0,0.0,3,10.7,WR,MillSc01
4464,Darnell Mooney,1.50,53,Sun,1,1,2024-09-08,26-315,ATL,,PIT,L 10-18,1.50,2.50,2.5,2.0,53,94.6,0,0.0,0,0.0,WR,MoonDa00
4465,D.J. Moore,1.50,60,Sun,3,3,2022-09-25,25-164,CAR,,NOR,W 22-14,1.50,2.50,2.5,2.0,60,98.4,0,0.0,1,3.4,WR,MoorD.00
4466,Elijah Moore,1.50,48,Thu,15,16,2022-12-22,22-270,NYJ,,JAX,L 3-19,1.50,3.50,3.5,2.5,48,81.4,0,0.0,0,0.0,WR,MoorEl00
4467,Skyy Moore,1.50,25,Mon,5,5,2022-10-10,22-030,KAN,,LVR,W 30-29,1.50,3.50,3.5,2.5,25,34.7,0,0.0,3,10.7,WR,MoorSk01
4468,Skyy Moore,1.50,41,Sun,7,7,2023-10-22,23-042,KAN,,LAC,W 31-17,1.50,3.50,3.5,2.5,41,60.3,0,0.0,0,0.0,WR,MoorSk01
4469,Jalen Nailor,1.50,12,Sun,10,11,2022-11-20,23-263,MIN,,DAL,L 3-40,1.50,2.50,2.5,2.0,12,21.1,0,0.0,13,46.4,WR,NailJa00
4470,Rome Odunze,1.50,56,Thu,16,17,2024-12-26,22-206,CHI,,SEA,L 3-6,1.50,2.50,2.5,2.0,56,91.8,0,0.0,0,0.0,WR,OdunRo00
4471,Bryce Oliver,1.50,20,Sun,17,18,2025-01-05,24-231,TEN,,HOU,L 14-23,1.50,2.50,2.5,2.0,20,32.3,0,0.0,14,60.9,WR,OlivBr02
4472,K.J. Osborn,1.50,51,Sun,13,14,2023-12-10,26-183,MIN,@,LVR,W 3-0,1.50,5.50,5.5,3.5,51,70.8,0,0.0,0,0.0,WR,OsboKJ00
4473,Josh Palmer,1.50,46,Sun,1,1,2024-09-08,24-352,LAC,,LVR,W 22-10,1.50,3.50,3.5,2.5,46,80.7,0,0.0,0,0.0,WR,PalmJo00
4474,DeVante Parker,1.50,15,Sun,16,17,2023-12-31,30-345,NWE,@,BUF,L 21-27,1.50,2.50,2.5,2.0,15,28.3,0,0.0,0,0.0,WR,ParkDe01
4475,Tim Patrick,1.50,40,Sun,17,18,2025-01-05,31-043,DET,,MIN,W 31-9,1.50,3.50,3.5,2.5,40,58.8,0,0.0,0,0.0,WR,PatrTi00
4476,Kyle Philips,1.50,4,Sun,17,18,2024-01-07,24-204,TEN,,JAX,W 28-20,1.50,3.50,3.5,2.5,4,7.3,0,0.0,0,0.0,WR,PhilKy01
4477,Alec Pierce,1.50,48,Sun,16,17,2023-01-01,22-244,IND,@,NYG,L 10-38,1.50,4.50,4.5,3.0,48,82.8,0,0.0,0,0.0,WR,PierAl00
4478,Alec Pierce,1.50,49,Sun,7,7,2024-10-20,24-171,IND,,MIA,W 16-10,1.50,3.50,3.5,2.5,49,79.0,0,0.0,0,0.0,WR,PierAl00
4479,Brandon Powell,1.50,20,Sun,10,11,2022-11-20,27-069,LAR,@,NOR,L 20-27,1.50,3.50,3.5,2.5,20,31.3,0,0.0,16,51.6,WR,PoweBr00
4480,Brandon Powell,1.50,40,Sun,15,16,2022-12-25,27-104,LAR,,DEN,W 51-14,1.50,4.50,4.5,3.0,40,61.5,0,0.0,7,26.9,WR,PoweBr00
4481,Byron Pringle,1.50,18,Sun,4,4,2023-10-01,29-318,WAS,@,PHI,L 31-34 (OT),1.50,2.50,2.5,2.0,18,23.1,0,0.0,3,9.7,WR,PrinBy00
4482,Kalif Raymond,1.50,23,Sun,13,14,2023-12-10,29-124,DET,@,CHI,L 13-28,1.50,4.50,4.5,3.0,23,35.4,0,0.0,3,12.5,WR,RaymKa00
4483,Josh Reynolds,1.50,46,Sun,9,10,2023-11-12,28-269,DET,@,LAC,W 41-38,1.50,3.50,3.5,2.5,46,69.7,0,0.0,0,0.0,WR,ReynJo00
4484,Calvin Ridley,1.50,38,Mon,4,4,2024-09-30,29-285,TEN,@,MIA,W 31-12,1.50,2.50,2.5,2.0,38,58.5,0,0.0,2,6.5,WR,RidlCa00
4485,Demarcus Robinson,1.50,9,Sun,9,9,2023-11-05,29-045,LAR,@,GNB,L 3-20,1.50,2.50,2.5,2.0,9,15.5,0,0.0,12,52.2,WR,RobiDe01
4486,Wan'Dale Robinson,1.50,45,Sun,8,8,2022-10-30,21-298,NYG,@,SEA,L 13-27,1.50,3.50,3.5,2.5,45,69.2,0,0.0,0,0.0,WR,RobiWa01
4487,Wan'Dale Robinson,1.50,52,Sun,9,10,2022-11-13,21-312,NYG,,HOU,W 24-16,1.50,3.50,3.5,2.5,52,75.4,0,0.0,0,0.0,WR,RobiWa01
4488,Curtis Samuel,1.50,17,Sun,1,1,2024-09-08,28-028,BUF,,ARI,W 34-28,1.50,3.50,3.5,2.5,17,27.4,0,0.0,0,0.0,WR,SamuCu00
4489,Curtis Samuel,1.50,22,Sun,4,4,2024-09-29,28-049,BUF,@,BAL,L 10-35,1.50,3.50,3.5,2.5,22,37.3,0,0.0,0,0.0,WR,SamuCu00
4490,Tyler Scott,1.50,44,Sun,16,17,2023-12-31,22-080,CHI,,ATL,W 37-17,1.50,3.50,3.5,2.5,44,59.5,0,0.0,0,0.0,WR,ScotTy00
4491,Darius Slayton,1.50,47,Sun,1,1,2023-09-10,26-241,NYG,,DAL,L 0-40,1.50,4.50,4.5,3.0,47,67.1,0,0.0,0,0.0,WR,SlayDa01
4492,Mason Tipton,1.50,29,Sun,6,6,2024-10-13,24-016,NOR,,TAM,L 27-51,1.50,2.50,2.5,2.0,29,41.4,0,0.0,9,24.3,WR,TiptMa00
4493,Laquon Treadwell,1.50,39,Sun,16,17,2023-01-01,27-201,SEA,,NYJ,W 23-6,1.50,3.50,3.5,2.5,39,54.2,0,0.0,6,24.0,WR,TreaLa00
4494,KaVontae Turpin,1.50,16,Sun,2,2,2023-09-17,27-046,DAL,,NYJ,W 30-10,1.50,2.50,2.5,2.0,16,18.4,0,0.0,9,32.1,WR,TurpKa00
4495,Tylan Wallace,1.50,7,Mon,12,12,2024-11-25,25-196,BAL,@,LAC,W 30-23,1.50,2.50,2.5,2.0,7,10.8,0,0.0,18,66.7,WR,WallTy00
4496,Parker Washington,1.50,44,Sun,13,14,2024-12-08,22-262,JAX,@,TEN,W 10-6,1.50,3.50,3.5,2.5,44,74.6,0,0.0,0,0.0,WR,WashPa01
4497,Justin Watson,1.50,34,Sun,12,13,2022-12-04,26-244,KAN,@,CIN,L 24-27,1.50,2.50,2.5,2.0,34,61.8,0,0.0,1,4.3,WR,WatsJu01
4498,Justin Watson,1.50,38,Sun,9,9,2023-11-05,27-215,KAN,,MIA,W 21-14,1.50,3.50,3.5,2.5,38,63.3,0,0.0,4,16.0,WR,WatsJu01
4499,Justin Watson,1.50,48,Sun,11,12,2024-11-24,28-234,KAN,@,CAR,W 30-27,1.50,2.50,2.5,2.0,48,64.9,0,0.0,2,7.4,WR,WatsJu01
4500,Mike Williams,1.50,6,Sun,10,11,2022-11-20,28-047,LAC,,KAN,L 27-30,1.50,2.50,2.5,2.0,6,9.2,0,0.0,0,0.0,WR,WillMi07
4501,Mike Williams,1.50,19,Sun,7,7,2024-10-20,30-016,NYJ,@,PIT,L 15-37,1.50,2.50,2.5,2.0,19,33.3,0,0.0,0,0.0,WR,WillMi07
4502,Mike Williams,1.50,15,Sun,14,15,2024-12-15,30-072,PIT,@,PHI,L 13-27,1.50,2.50,2.5,2.0,15,34.9,0,0.0,0,0.0,WR,WillMi07
4503,Michael Wilson,1.50,44,Mon,7,7,2024-10-21,24-241,ARI,,LAC,W 17-15,1.50,2.50,2.5,2.0,44,77.2,0,0.0,0,0.0,WR,WilsMi02
4504,Michael Woods II,1.50,10,Sun,6,6,2022-10-16,22-211,CLE,,NWE,L 15-38,1.50,2.50,2.5,2.0,10,14.3,0,0.0,6,20.7,WR,WoodMi00
4505,Michael Woods II,1.50,26,Sun,17,18,2023-01-08,22-295,CLE,@,PIT,L 14-28,1.50,2.50,2.5,2.0,26,40.6,0,0.0,10,45.5,WR,WoodMi00
4506,Robert Woods,1.50,45,Sun,9,10,2023-11-12,31-216,HOU,@,CIN,W 30-27,1.50,2.50,2.5,2.0,45,60.0,0,0.0,2,6.3,WR,WoodRo02
4507,Olamide Zaccheaus,1.50,26,Sun,1,1,2024-09-08,27-047,WAS,@,TAM,L 20-37,1.50,2.50,2.5,2.0,26,44.1,0,0.0,0,0.0,WR,ZaccOl01
4508,Robbie Chosen,1.40,51,Sun,3,3,2022-09-25,29-139,CAR,,NOR,W 22-14,1.40,2.40,2.4,1.9,51,83.6,0,0.0,1,3.4,WR,AndeRo04
4509,Tutu Atwell,1.40,45,Sun,15,16,2022-12-25,23-079,LAR,,DEN,W 51-14,1.40,3.40,3.4,2.4,45,69.2,0,0.0,0,0.0,WR,AtweTu00
4510,Rashod Bateman,1.40,37,Mon,15,16,2023-12-25,24-026,BAL,@,SFO,W 33-19,1.40,2.40,2.4,1.9,37,54.4,0,0.0,1,3.7,WR,BateRa00
4511,Odell Beckham Jr.,1.40,38,Sun,14,15,2023-12-17,31-042,BAL,@,JAX,W 23-7,1.40,2.40,2.4,1.9,38,54.3,0,0.0,0,0.0,WR,BeckOd00
4512,Braxton Berrios,1.40,27,Sun,14,15,2022-12-18,27-073,NYJ,,DET,L 17-20,1.40,2.40,2.4,1.9,27,42.9,0,0.0,11,39.3,WR,BerrBr00
4513,Kendrick Bourne,1.40,37,Sun,7,7,2024-10-20,29-077,NWE,@,JAX,L 16-32,1.40,2.40,2.4,1.9,37,61.7,0,0.0,0,0.0,WR,BourKe00
4514,Tyler Boyd,1.40,46,Sun,7,8,2024-10-27,29-347,TEN,@,DET,L 14-52,1.40,4.40,4.4,2.9,46,60.5,0,0.0,0,0.0,WR,BoydTy00
4515,Tyler Boyd,1.40,52,Sun,16,17,2024-12-29,30-044,TEN,@,JAX,L 13-20,1.40,3.40,3.4,2.4,52,75.4,0,0.0,0,0.0,WR,BoydTy00
4516,Parris Campbell,1.40,56,Mon,12,12,2022-11-28,25-135,IND,,PIT,L 17-24,1.40,3.40,3.4,2.4,56,87.5,0,0.0,0,0.0,WR,CampPa00
4517,DeAndre Carter,1.40,45,Sun,12,13,2022-12-04,29-238,LAC,@,LVR,L 20-27,1.40,2.40,2.4,1.9,45,60.0,0,0.0,10,33.3,WR,CartDe02
4518,DeAndre Carter,1.40,13,Sun,16,17,2023-01-01,29-266,LAC,,LAR,W 31-10,1.40,3.40,3.4,2.4,13,20.3,0,0.0,8,32.0,WR,CartDe02
4519,DJ Chark,1.40,40,Sun,17,18,2023-01-08,26-107,DET,@,GNB,W 20-16,1.40,4.40,4.4,2.9,40,64.5,0,0.0,0,0.0,WR,CharDJ00
4520,Randall Cobb,1.40,37,Sun,1,1,2022-09-11,32-020,GNB,@,MIN,L 7-23,1.40,3.40,3.4,2.4,37,60.7,0,0.0,0,0.0,WR,CobbRa00
4521,Corey Davis,1.40,57,Thu,15,16,2022-12-22,27-345,NYJ,,JAX,L 3-19,1.40,3.40,3.4,2.4,57,96.6,0,0.0,0,0.0,WR,DaviCo03
4522,Derius Davis,1.40,15,Sat,15,16,2023-12-23,23-103,LAC,,BUF,L 22-24,1.40,2.40,2.4,1.9,15,21.4,0,0.0,9,30.0,WR,DaviDe02
4523,Phillip Dorsett,1.40,39,Sun,16,17,2023-01-01,29-361,HOU,,JAX,L 3-31,1.40,4.40,4.4,2.9,39,55.7,0,0.0,0,0.0,WR,DorsPh00
4524,Greg Dortch,1.40,47,Sun,17,18,2024-01-07,25-223,ARI,,SEA,L 20-21,1.40,3.40,3.4,2.4,47,67.1,0,0.0,9,34.6,WR,DortGr01
4525,Jahan Dotson,1.40,34,Mon,10,10,2022-11-14,22-237,WAS,@,PHI,W 32-21,1.40,2.40,2.4,1.9,34,41.0,0,0.0,0,0.0,WR,DotsJa00
4526,Demario Douglas,1.40,20,Sun,7,7,2024-10-20,23-317,NWE,@,JAX,L 16-32,1.40,3.40,3.4,2.4,20,33.3,0,0.0,0,0.0,WR,DougDe00
4527,Josh Downs,1.40,48,Sun,12,13,2023-12-03,22-113,IND,@,TEN,W 31-28 (OT),1.40,4.40,4.4,2.9,48,67.6,0,0.0,0,0.0,WR,DownJo00
4528,Devin Duvernay,1.40,40,Sun,6,6,2022-10-16,25-034,BAL,@,NYG,L 20-24,1.40,2.40,2.4,1.9,40,67.8,0,0.0,10,38.5,WR,DuveDe00
4529,Ryan Flournoy,1.40,7,Sun,17,18,2025-01-05,25-070,DAL,,WAS,L 19-23,1.40,3.40,3.4,2.4,7,9.0,0,0.0,16,57.1,WR,FlouRy00
4530,Marvin Harrison Jr.,1.40,43,Sun,9,9,2024-11-03,22-084,ARI,,CHI,W 29-9,1.40,3.40,4.4,2.4,43,74.1,0,0.0,0,0.0,WR,HarrMa09
4531,N'Keal Harry,1.40,30,Mon,7,7,2022-10-24,24-311,CHI,@,NWE,W 33-14,1.40,2.40,2.4,1.9,30,42.3,0,0.0,0,0.0,WR,HarrNK00
4532,Malik Heath,1.40,45,Sun,5,5,2024-10-06,24-189,GNB,@,LAR,W 24-19,1.40,3.40,3.4,2.4,45,76.3,0,0.0,0,0.0,WR,HeatMa00
4533,Kendall Hinton,1.40,7,Sun,7,7,2022-10-23,25-246,DEN,,NYJ,L 9-16,1.40,2.40,2.4,1.9,7,8.9,0,0.0,12,42.9,WR,HintKe00
4534,Lil'Jordan Humphrey,1.40,14,Mon,9,10,2023-11-13,25-208,DEN,@,BUF,W 24-22,1.40,2.40,2.4,1.9,14,18.7,0,0.0,0,0.0,WR,HumpLi01
4535,Justin Jefferson,1.40,72,Sun,3,3,2022-09-25,23-101,MIN,,DET,W 28-24,1.40,4.40,4.4,2.9,72,100.0,0,0.0,0,0.0,WR,JeffJu00
4536,Van Jefferson,1.40,45,Sun,9,9,2023-11-05,27-102,ATL,,MIN,L 28-31,1.40,2.40,2.4,1.9,45,65.2,0,0.0,0,0.0,WR,JeffVa00
4537,Van Jefferson,1.40,54,Sun,2,2,2024-09-15,28-051,PIT,@,DEN,W 13-6,1.40,3.40,3.4,2.4,54,81.8,0,0.0,0,0.0,WR,JeffVa00
4538,Jerry Jeudy,1.40,34,Thu,6,6,2023-10-12,24-171,DEN,@,KAN,L 8-19,1.40,4.40,4.4,2.9,34,65.4,0,0.0,0,0.0,WR,JeudJe00
4539,Tom Kennedy,1.40,30,Sun,6,7,2022-10-23,26-086,DET,@,DAL,L 6-24,1.40,3.40,3.4,2.4,30,50.8,0,0.0,0,0.0,WR,KennTo01
4540,Keith Kirkwood,1.40,51,Sun,6,6,2022-10-16,27-294,NOR,,CIN,L 26-30,1.40,2.40,2.4,1.9,51,70.8,0,0.0,4,13.8,WR,KirkKe00
4541,Jake Kumerow,1.40,5,Sun,3,3,2022-09-25,30-220,BUF,@,MIA,L 19-21,1.40,3.40,3.4,2.4,5,5.4,0,0.0,3,13.6,WR,KumeJa00
4542,Jarvis Landry,1.40,32,Mon,13,13,2022-12-05,30-007,NOR,@,TAM,L 16-17,1.40,3.40,3.4,2.4,32,54.2,0,0.0,0,0.0,WR,LandJa00
4543,Ray-Ray McCloud,1.40,24,Mon,14,15,2024-12-16,28-062,ATL,@,LVR,W 15-9,1.40,2.40,2.4,1.9,24,41.4,0,0.0,4,16.0,WR,McClRa00
4544,Bo Melton,1.40,22,Mon,15,16,2024-12-23,25-219,GNB,,NOR,W 34-0,1.40,1.40,1.4,1.4,22,31.9,0,0.0,11,52.4,WR,MeltBo00
4545,John Metchie,1.40,11,Sun,8,9,2023-11-05,23-110,HOU,,TAM,W 39-37,1.40,2.40,2.4,1.9,11,15.3,0,0.0,1,3.0,WR,MetcJo00
4546,Ryan Miller,1.40,15,Sun,11,12,2024-11-24,24-278,TAM,@,NYG,W 30-7,1.40,2.40,2.4,1.9,15,23.1,0,0.0,13,65.0,WR,MillRy01
4547,Darnell Mooney,1.40,48,Thu,10,10,2023-11-09,26-011,CHI,,CAR,W 16-13,1.40,3.40,3.4,2.4,48,66.7,0,0.0,0,0.0,WR,MoonDa00
4548,Darnell Mooney,1.40,63,Sun,14,15,2023-12-17,26-049,CHI,@,CLE,L 17-20,1.40,3.40,3.4,2.4,63,86.3,0,0.0,0,0.0,WR,MoonDa00
4549,Chris Moore,1.40,41,Sun,2,2,2022-09-18,29-094,HOU,@,DEN,L 9-16,1.40,3.40,3.4,2.4,41,65.1,0,0.0,0,0.0,WR,MoorCh00
4550,David Moore,1.40,19,Sun,1,1,2024-09-08,29-237,CAR,@,NOR,L 10-47,1.40,2.40,2.4,1.9,19,32.2,0,0.0,3,10.0,WR,MoorDa03
4551,Elijah Moore,1.40,45,Sun,8,9,2023-11-05,23-223,CLE,,ARI,W 27-0,1.40,3.40,3.4,2.4,45,61.6,0,0.0,0,0.0,WR,MoorEl00
4552,Rondale Moore,1.40,42,Sun,2,2,2023-09-17,23-100,ARI,,NYG,L 28-31,1.40,2.40,2.4,1.9,42,64.6,0,0.0,0,0.0,WR,MoorRo02
4553,K.J. Osborn,1.40,42,Sun,1,1,2022-09-11,25-093,MIN,,GNB,W 23-7,1.40,4.40,4.4,2.9,42,67.7,0,0.0,0,0.0,WR,OsboKJ00
4554,DeVante Parker,1.40,23,Sun,8,8,2023-10-29,30-282,NWE,@,MIA,L 17-31,1.40,2.40,2.4,1.9,23,43.4,0,0.0,0,0.0,WR,ParkDe01
4555,Zach Pascal,1.40,31,Mon,2,2,2022-09-19,27-275,PHI,,MIN,W 24-7,1.40,3.40,3.4,2.4,31,42.5,0,0.0,11,52.4,WR,PascZa00
4556,Dante Pettis,1.40,34,Sun,13,13,2022-12-04,27-042,CHI,,GNB,L 19-28,1.40,2.40,2.4,1.9,34,65.4,0,0.0,3,12.5,WR,PettDa00
4557,Michael Pittman Jr.,1.40,41,Sun,9,9,2024-11-03,27-029,IND,@,MIN,L 13-21,1.40,2.40,2.4,1.9,41,75.9,0,0.0,1,4.5,WR,PittMi01
4558,Jalen Reagor,1.40,12,Sun,10,11,2022-11-20,23-322,MIN,,DAL,L 3-40,1.40,2.40,2.4,1.9,12,21.1,0,0.0,2,7.1,WR,ReagJa00
4559,Hunter Renfrow,1.40,29,Sun,14,15,2022-12-18,26-362,LVR,,NWE,W 30-24,1.40,2.40,2.4,1.9,29,42.6,0,0.0,6,18.8,WR,RenfHu00
4560,Hunter Renfrow,1.40,24,Sun,7,7,2023-10-22,27-305,LVR,@,CHI,L 12-30,1.40,3.40,3.4,2.4,24,36.9,0,0.0,0,0.0,WR,RenfHu00
4561,Josh Reynolds,1.40,48,Sun,7,8,2022-10-30,27-256,DET,,MIA,L 27-31,1.40,3.40,3.4,2.4,48,80.0,0,0.0,0,0.0,WR,ReynJo00
4562,Amari Rodgers,1.40,24,Sun,6,6,2022-10-16,23-023,GNB,,NYJ,L 10-27,1.40,2.40,2.4,1.9,24,32.9,0,0.0,6,20.7,WR,RodgAm00
4563,Tyler Scott,1.40,13,Sun,1,1,2023-09-10,21-333,CHI,,GNB,L 20-38,1.40,3.40,3.4,2.4,13,17.6,0,0.0,11,39.3,WR,ScotTy00
4564,Rashid Shaheed,1.40,38,Sun,16,17,2023-12-31,25-122,NOR,@,TAM,W 23-13,1.40,3.40,3.4,2.4,38,54.3,0,0.0,8,30.8,WR,ShahRa00
4565,Khalil Shakir,1.40,15,Sun,6,6,2022-10-16,22-255,BUF,@,KAN,W 24-20,1.40,2.40,2.4,1.9,15,20.5,0,0.0,3,13.0,WR,ShakKh00
4566,Ben Skowronek,1.40,59,Sun,9,10,2022-11-13,25-139,LAR,,ARI,L 17-27,1.40,3.40,3.4,2.4,59,98.3,0,0.0,0,0.0,WR,SkowBe00
4567,Darius Slayton,1.40,52,Mon,13,14,2023-12-11,26-333,NYG,,GNB,W 24-22,1.40,3.40,3.4,2.4,52,92.9,0,0.0,0,0.0,WR,SlayDa01
4568,DeVonta Smith,1.40,49,Sun,9,10,2024-11-10,25-362,PHI,@,DAL,W 34-6,1.40,3.40,3.4,2.4,49,72.1,0,0.0,0,0.0,WR,SmitDe07
4569,Ihmir Smith-Marsette,1.40,7,Sun,11,12,2023-11-26,24-089,CAR,@,TEN,L 10-17,1.40,2.40,2.4,1.9,7,9.5,0,0.0,11,45.8,WR,SmitIh00
4570,Jaxon Smith-Njigba,1.40,36,Sun,17,18,2024-01-07,21-327,SEA,@,ARI,W 21-20,1.40,4.40,4.4,2.9,36,65.5,0,0.0,0,0.0,WR,SmitJa06
4571,JuJu Smith-Schuster,1.40,26,Sun,4,4,2023-10-01,26-313,NWE,@,DAL,L 3-38,1.40,2.40,2.4,1.9,26,47.3,0,0.0,0,0.0,WR,SmitJu00
4572,Courtland Sutton,1.40,58,Mon,6,6,2022-10-17,27-007,DEN,@,LAC,L 16-19 (OT),1.40,3.40,3.4,2.4,58,100.0,0,0.0,0,0.0,WR,SuttCo00
4573,Mason Tipton,1.40,56,Sun,8,8,2024-10-27,24-030,NOR,@,LAC,L 8-26,1.40,3.40,3.4,2.4,56,76.7,0,0.0,2,5.9,WR,TiptMa00
4574,Jalen Tolbert,1.40,56,Sun,9,10,2024-11-10,25-257,DAL,,PHI,L 6-34,1.40,4.40,4.4,2.9,56,93.3,0,0.0,0,0.0,WR,TolbJa00
4575,Tylan Wallace,1.40,40,Sun,13,13,2024-12-01,25-202,BAL,,PHI,L 19-24,1.40,3.40,3.4,2.4,40,55.6,0,0.0,21,63.6,WR,WallTy00
4576,Casey Washington,1.40,7,Sun,7,7,2024-10-20,23-228,ATL,,SEA,L 14-34,1.40,2.40,2.4,1.9,7,9.6,0,0.0,7,26.9,WR,WashCa01
4577,Quez Watkins,1.40,31,Sun,17,18,2023-01-08,24-213,PHI,,NYG,W 22-16,1.40,3.40,3.4,2.4,31,42.5,0,0.0,1,3.6,WR,WatkQu00
4578,Nsimba Webster,1.40,10,Sun,14,15,2022-12-18,26-325,CHI,,PHI,L 20-25,1.40,3.40,3.4,2.4,10,16.9,0,0.0,10,40.0,WR,WebsNs00
4579,Dontayvion Wicks,1.40,30,Sun,14,15,2024-12-15,23-182,GNB,@,SEA,W 30-13,1.40,3.40,3.4,2.4,30,46.9,0,0.0,0,0.0,WR,WickDo00
4580,Olamide Zaccheaus,1.40,24,Sun,2,2,2024-09-15,27-054,WAS,,NYG,W 21-18,1.40,4.40,4.4,2.9,24,33.3,0,0.0,2,9.5,WR,ZaccOl01
4581,Olamide Zaccheaus,1.40,29,Sun,13,13,2024-12-01,27-131,WAS,,TEN,W 42-19,1.40,4.40,4.4,2.9,29,34.9,0,0.0,4,14.3,WR,ZaccOl01
4582,Nelson Agholor,1.30,36,Sun,2,2,2024-09-15,31-114,BAL,,LVR,L 23-26,1.30,2.30,2.3,1.8,36,55.4,0,0.0,0,0.0,WR,AghoNe00
4583,Robbie Chosen,1.30,17,Sun,16,17,2023-01-01,29-237,ARI,@,ATL,L 19-20,1.30,2.30,2.3,1.8,17,23.0,0,0.0,0,0.0,WR,AndeRo04
4584,Tutu Atwell,1.30,39,Sun,9,9,2023-11-05,24-029,LAR,@,GNB,L 3-20,1.30,5.30,5.3,3.3,39,67.2,0,0.0,0,0.0,WR,AtweTu00
4585,Kevin Austin,1.30,36,Sun,17,18,2025-01-05,24-281,NOR,@,TAM,L 19-27,1.30,2.30,2.3,1.8,36,54.5,0,0.0,6,21.4,WR,AustKe00
4586,Andre Baccellia,1.30,26,Sun,3,3,2022-09-25,25-261,ARI,,LAR,L 12-20,1.30,3.30,3.3,2.3,26,31.3,0,0.0,1,4.0,WR,BaccAn00
4587,Odell Beckham Jr.,1.30,16,Sun,10,11,2024-11-17,32-012,MIA,,LVR,W 34-19,1.30,3.30,3.3,2.3,16,23.5,0,0.0,0,0.0,WR,BeckOd00
4588,Odell Beckham Jr.,1.30,37,Sun,5,5,2023-10-08,30-337,BAL,@,PIT,L 10-17,1.30,3.30,3.3,2.3,37,52.9,0,0.0,0,0.0,WR,BeckOd00
4589,Odell Beckham Jr.,1.30,37,Mon,15,16,2023-12-25,31-050,BAL,@,SFO,W 33-19,1.30,3.30,3.3,2.3,37,54.4,0,0.0,0,0.0,WR,BeckOd00
4590,David Bell,1.30,44,Sun,6,6,2022-10-16,21-306,CLE,,NWE,L 15-38,1.30,2.30,2.3,1.8,44,62.9,0,0.0,7,24.1,WR,BellDa02
4591,Braxton Berrios,1.30,20,Sun,5,5,2023-10-08,28-002,MIA,,NYG,W 31-16,1.30,3.30,3.3,2.3,20,37.0,0,0.0,9,34.6,WR,BerrBr00
4592,Braxton Berrios,1.30,33,Mon,13,14,2023-12-11,28-066,MIA,,TEN,L 27-28,1.30,3.30,3.3,2.3,33,45.8,0,0.0,10,32.3,WR,BerrBr00
4593,Braxton Berrios,1.30,16,Sun,11,12,2022-11-27,27-052,NYJ,,CHI,W 31-10,1.30,2.30,2.3,1.8,16,25.4,0,0.0,8,32.0,WR,BerrBr00
4594,Jake Bobo,1.30,22,Sun,9,10,2023-11-12,25-100,SEA,,WAS,W 29-26,1.30,3.30,3.3,2.3,22,27.2,0,0.0,7,20.0,WR,BoboJa00
4595,Treylon Burks,1.30,35,Mon,4,4,2024-09-30,24-191,TEN,@,MIA,W 31-12,1.30,2.30,2.3,1.8,35,53.8,0,0.0,6,19.4,WR,BurkTr00
4596,Parris Campbell,1.30,36,Sun,3,3,2024-09-22,27-068,PHI,@,NOR,W 15-12,1.30,3.30,3.3,2.3,36,50.0,0,0.0,0,0.0,WR,CampPa00
4597,Parris Campbell,1.30,65,Sat,14,15,2022-12-17,25-154,IND,@,MIN,L 36-39 (OT),1.30,3.30,3.3,2.3,65,82.3,0,0.0,0,0.0,WR,CampPa00
4598,Nico Collins,1.30,3,Sun,13,14,2023-12-10,24-266,HOU,@,NYJ,L 6-30,1.30,2.30,2.3,1.8,3,5.4,0,0.0,0,0.0,WR,CollNi00
4599,Chris Conley,1.30,4,Mon,16,17,2024-12-30,32-066,SFO,,DET,L 34-40,1.30,2.30,2.3,1.8,4,6.3,0,0.0,14,51.9,WR,ConlCh00
4600,Brandin Cooks,1.30,32,Sun,5,5,2023-10-08,30-013,DAL,@,SFO,L 10-42,1.30,2.30,2.3,1.8,32,65.3,0,0.0,0,0.0,WR,CookBr00
4601,Pharoh Cooper,1.30,17,Sun,17,18,2023-01-08,27-307,ARI,@,SFO,L 13-38,1.30,3.30,3.3,2.3,17,32.7,0,0.0,12,46.2,WR,CoopPh00
4602,River Cracraft,1.30,25,Sun,3,3,2023-09-24,28-327,MIA,,DEN,W 70-20,1.30,2.30,2.3,1.8,25,34.2,0,0.0,0,0.0,WR,CracRi00
4603,Gabriel Davis,1.30,63,Sun,4,4,2022-10-02,23-184,BUF,@,BAL,W 23-20,1.30,2.30,2.3,1.8,63,98.4,0,0.0,0,0.0,WR,DaviGa01
4604,Gabriel Davis,1.30,42,Sun,7,7,2024-10-20,25-202,JAX,,NWE,W 32-16,1.30,2.30,2.3,1.8,42,68.9,0,0.0,0,0.0,WR,DaviGa01
4605,Tank Dell,1.30,43,Sun,2,2,2024-09-15,24-322,HOU,,CHI,W 19-13,1.30,2.30,2.3,1.8,43,69.4,0,0.0,0,0.0,WR,DellNa00
4606,Demario Douglas,1.30,55,Sun,17,18,2024-01-07,23-030,NWE,,NYJ,L 3-17,1.30,3.30,3.3,2.3,55,96.5,0,0.0,0,0.0,WR,DougDe00
4607,Demario Douglas,1.30,38,Sun,4,4,2024-09-29,23-296,NWE,@,SFO,L 13-30,1.30,4.30,4.3,2.8,38,59.4,0,0.0,0,0.0,WR,DougDe00
4608,Grant Dubose,1.30,26,Thu,2,2,2024-09-12,23-084,MIA,,BUF,L 10-31,1.30,2.30,2.3,1.8,26,34.2,0,0.0,0,0.0,WR,DuboGr00
4609,Ashton Dulin,1.30,24,Sun,2,2,2024-09-15,27-123,IND,@,GNB,L 10-16,1.30,2.30,2.3,1.8,24,42.9,0,0.0,14,63.6,WR,DuliAs00
4610,Ryan Flournoy,1.30,17,Sun,8,9,2024-11-03,25-007,DAL,@,ATL,L 21-27,1.30,2.30,2.3,1.8,17,22.1,0,0.0,13,50.0,WR,FlouRy00
4611,Russell Gage,1.30,26,Sun,1,1,2022-09-11,26-232,TAM,@,DAL,W 19-3,1.30,3.30,3.3,2.3,26,41.9,0,0.0,0,0.0,WR,GageRu00
4612,Michael Gallup,1.30,18,Thu,11,12,2023-11-23,27-264,DAL,,WAS,W 45-10,1.30,2.30,2.3,1.8,18,33.3,0,0.0,0,0.0,WR,GallMi00
4613,A.J. Green,1.30,48,Sun,1,1,2022-09-11,34-042,ARI,,KAN,L 21-44,1.30,3.30,3.3,2.3,48,73.8,0,0.0,0,0.0,WR,GreeA.00
4614,Deonte Harty,1.30,15,Mon,1,1,2023-09-11,25-281,BUF,@,NYJ,L 16-22 (OT),1.30,4.30,4.3,2.8,15,21.7,0,0.0,4,15.4,WR,HarrDe07
4615,Deonte Harty,1.30,13,Sun,3,3,2023-09-24,25-294,BUF,@,WAS,W 37-3,1.30,3.30,3.3,2.3,13,19.1,0,0.0,3,13.6,WR,HarrDe07
4616,Malik Heath,1.30,46,Sun,16,17,2023-12-31,23-275,GNB,@,MIN,W 33-10,1.30,2.30,2.3,1.8,46,62.2,0,0.0,3,12.5,WR,HeatMa00
4617,Tyreek Hill,1.30,62,Sun,6,7,2024-10-20,30-233,MIA,@,IND,L 10-16,1.30,2.30,2.3,1.8,62,89.9,0,0.0,0,0.0,WR,HillTy00
4618,Isaiah Hodgins,1.30,20,Sun,7,7,2023-10-22,25-001,NYG,,WAS,W 14-7,1.30,3.30,3.3,2.3,20,29.4,0,0.0,0,0.0,WR,HodgIs00
4619,KhaDarel Hodge,1.30,6,Sun,11,11,2022-11-20,27-321,ATL,,CHI,W 27-24,1.30,2.30,2.3,1.8,6,10.9,0,0.0,16,59.3,WR,HodgKh00
4620,Lil'Jordan Humphrey,1.30,20,Sun,11,12,2023-11-26,25-221,DEN,,CLE,W 29-12,1.30,2.30,2.3,1.8,20,29.9,0,0.0,0,0.0,WR,HumpLi01
4621,Xavier Hutchinson,1.30,8,Sun,14,15,2024-12-15,24-197,HOU,,MIA,W 20-12,1.30,2.30,2.3,1.8,8,16.0,0,0.0,8,32.0,WR,HutcXa00
4622,Jalin Hyatt,1.30,36,Mon,13,14,2023-12-11,22-077,NYG,,GNB,W 24-22,1.30,3.30,3.3,2.3,36,64.3,0,0.0,0,0.0,WR,HyatJa00
4623,Van Jefferson,1.30,22,Sun,11,12,2023-11-26,27-123,ATL,,NOR,W 24-15,1.30,2.30,2.3,1.8,22,35.5,0,0.0,0,0.0,WR,JeffVa00
4624,Van Jefferson,1.30,26,Sun,15,16,2023-12-24,27-151,ATL,,IND,W 29-10,1.30,2.30,2.3,1.8,26,40.6,0,0.0,0,0.0,WR,JeffVa00
4625,Van Jefferson,1.30,30,Sun,17,18,2024-01-07,27-165,ATL,@,NOR,L 17-48,1.30,3.30,3.3,2.3,30,49.2,0,0.0,0,0.0,WR,JeffVa00
4626,Jauan Jennings,1.30,36,Sun,5,5,2024-10-06,27-088,SFO,,ARI,L 23-24,1.30,2.30,2.3,1.8,36,56.3,0,0.0,0,0.0,WR,JennJa00
4627,Quentin Johnston,1.30,43,Sun,4,4,2024-09-29,23-023,LAC,,KAN,L 10-17,1.30,2.30,2.3,1.8,43,76.8,0,0.0,0,0.0,WR,JohnQu02
4628,Julio Jones,1.30,17,Sun,17,18,2024-01-07,34-338,PHI,@,NYG,L 10-27,1.30,3.30,3.3,2.3,17,26.2,0,0.0,0,0.0,WR,JoneJu02
4629,Velus Jones Jr.,1.30,5,Sun,16,17,2023-01-01,25-235,CHI,@,DET,L 10-41,1.30,1.30,1.3,1.3,5,9.6,0,0.0,18,60.0,WR,JoneVe00
4630,Zay Jones,1.30,24,Sun,13,14,2024-12-08,29-253,ARI,,SEA,L 18-30,1.30,2.30,2.3,1.8,24,33.8,0,0.0,0,0.0,WR,JoneZa00
4631,Tom Kennedy,1.30,19,Sun,10,11,2022-11-20,26-114,DET,@,NYG,W 31-18,1.30,2.30,2.3,1.8,19,28.4,0,0.0,1,3.8,WR,KennTo01
4632,Luke McCaffrey,1.30,24,Sun,13,13,2024-12-01,23-243,WAS,,TEN,W 42-19,1.30,3.30,3.3,2.3,24,28.9,0,0.0,8,28.6,WR,McCaLu00
4633,Luke McCaffrey,1.30,9,Sun,15,16,2024-12-22,23-264,WAS,,PHI,W 36-33,1.30,2.30,2.3,1.8,9,13.2,0,0.0,8,25.0,WR,McCaLu00
4634,Ray-Ray McCloud,1.30,58,Sun,6,6,2024-10-13,27-364,ATL,@,CAR,W 38-20,1.30,4.30,5.3,2.8,58,82.9,0,0.0,5,18.5,WR,McClRa00
4635,John Metchie,1.30,15,Sun,3,3,2023-09-24,23-068,HOU,@,JAX,W 37-17,1.30,3.30,3.3,2.3,15,26.8,0,0.0,4,13.8,WR,MetcJo00
4636,Scott Miller,1.30,20,Thu,8,8,2022-10-27,25-088,TAM,,BAL,L 22-27,1.30,3.30,3.3,2.3,20,29.4,0,0.0,10,32.3,WR,MillSc01
4637,Denzel Mims,1.30,6,Sun,14,15,2022-12-18,25-069,NYJ,,DET,L 17-20,1.30,2.30,2.3,1.8,6,9.5,0,0.0,0,0.0,WR,MimsDe00
4638,Marvin Mims,1.30,18,Sun,12,13,2023-12-03,21-259,DEN,@,HOU,L 17-22,1.30,2.30,2.3,1.8,18,30.0,0,0.0,15,46.9,WR,MimsMa00
4639,David Moore,1.30,24,Sun,5,5,2024-10-06,29-265,CAR,@,CHI,L 10-36,1.30,3.30,3.3,2.3,24,40.0,0,0.0,6,23.1,WR,MoorDa03
4640,Jalen Nailor,1.30,1,Sun,4,4,2022-10-02,23-214,MIN,@,NOR,W 28-25,1.30,2.30,2.3,1.8,1,1.4,0,0.0,18,58.1,WR,NailJa00
4641,Jalen Nailor,1.30,17,Sun,13,14,2023-12-10,24-283,MIN,@,LVR,W 3-0,1.30,3.30,3.3,2.3,17,23.6,0,0.0,7,31.8,WR,NailJa00
4642,Chris Olave,1.30,8,Sun,9,9,2024-11-03,24-129,NOR,@,CAR,L 22-23,1.30,2.30,2.3,1.8,8,10.1,0,0.0,0,0.0,WR,OlavCh00
4643,K.J. Osborn,1.30,39,Thu,11,12,2022-11-24,25-167,MIN,,NWE,W 33-26,1.30,2.30,2.3,1.8,39,56.5,0,0.0,0,0.0,WR,OsboKJ00
4644,Josh Palmer,1.30,37,Sun,2,2,2023-09-17,23-360,LAC,@,TEN,L 24-27 (OT),1.30,4.30,4.3,2.8,37,54.4,0,0.0,0,0.0,WR,PalmJo00
4645,Dante Pettis,1.30,47,Sun,14,15,2022-12-18,27-056,CHI,,PHI,L 20-25,1.30,2.30,2.3,1.8,47,79.7,0,0.0,2,8.0,WR,PettDa00
4646,Alec Pierce,1.30,65,Sat,14,15,2023-12-16,23-228,IND,,PIT,W 30-13,1.30,2.30,2.3,1.8,65,97.0,0,0.0,0,0.0,WR,PierAl00
4647,Ja'Lynn Polk,1.30,26,Thu,3,3,2024-09-19,22-161,NWE,@,NYJ,L 3-24,1.30,3.30,3.3,2.3,26,50.0,0,0.0,0,0.0,WR,PolkJa00
4648,Ja'Lynn Polk,1.30,60,Sun,5,5,2024-10-06,22-178,NWE,,MIA,L 10-15,1.30,2.30,2.3,1.8,60,100.0,0,0.0,0,0.0,WR,PolkJa00
4649,Brandon Powell,1.30,27,Sun,3,3,2024-09-22,29-010,MIN,,HOU,W 34-7,1.30,2.30,2.3,1.8,27,42.9,0,0.0,4,15.4,WR,PoweBr00
4650,Brandon Powell,1.30,17,Sun,10,11,2024-11-17,29-066,MIN,@,TEN,W 23-13,1.30,2.30,2.3,1.8,17,23.3,0,0.0,5,19.2,WR,PoweBr00
4651,Brandon Powell,1.30,3,Thu,1,1,2022-09-08,26-361,LAR,,BUF,L 10-31,1.30,2.30,2.3,1.8,3,4.5,0,0.0,11,57.9,WR,PoweBr00
4652,Josh Reynolds,1.30,50,Sat,16,17,2023-12-30,28-317,DET,@,DAL,L 19-20,1.30,2.30,2.3,1.8,50,72.5,0,0.0,0,0.0,WR,ReynJo00
4653,Demarcus Robinson,1.30,40,Sun,11,12,2023-11-26,29-066,LAR,@,ARI,W 37-14,1.30,3.30,3.3,2.3,40,59.7,0,0.0,15,53.6,WR,RobiDe01
4654,Curtis Samuel,1.30,37,Sun,12,12,2022-11-27,26-108,WAS,,ATL,W 19-13,1.30,1.30,1.3,1.3,37,59.7,0,0.0,0,0.0,WR,SamuCu00
4655,Khalil Shakir,1.30,24,Sun,6,6,2023-10-15,23-254,BUF,,NYG,W 14-9,1.30,2.30,2.3,1.8,24,39.3,0,0.0,7,33.3,WR,ShakKh00
4656,Sterling Shepard,1.30,20,Sun,5,5,2023-10-08,30-240,NYG,@,MIA,L 16-31,1.30,2.30,2.3,1.8,20,27.8,0,0.0,0,0.0,WR,ShepSt00
4657,Jaxon Smith-Njigba,1.30,30,Sun,1,1,2023-09-10,21-208,SEA,,LAR,L 13-30,1.30,4.30,4.3,2.8,30,58.8,0,0.0,0,0.0,WR,SmitJa06
4658,Jaxon Smith-Njigba,1.30,52,Sun,17,18,2025-01-05,22-326,SEA,@,LAR,W 30-25,1.30,5.30,5.3,3.3,52,94.5,0,0.0,0,0.0,WR,SmitJa06
4659,Amon-Ra St. Brown,1.30,60,Sun,1,1,2024-09-08,24-320,DET,,LAR,W 26-20 (OT),1.30,4.30,4.3,2.8,60,98.4,0,0.0,0,0.0,WR,StxxAm00
4660,Courtland Sutton,1.30,58,Sun,8,8,2022-10-30,27-020,DEN,@,JAX,W 21-17,1.30,2.30,2.3,1.8,58,95.1,0,0.0,0,0.0,WR,SuttCo00
4661,Courtland Sutton,1.30,54,Sun,5,5,2023-10-08,27-363,DEN,,NYJ,L 21-31,1.30,2.30,2.3,1.8,54,85.7,0,0.0,0,0.0,WR,SuttCo00
4662,Deven Thompkins,1.30,8,Sun,11,12,2024-11-24,24-337,CAR,,KAN,L 27-30,1.30,4.30,4.3,2.8,8,12.9,0,0.0,0,0.0,WR,ThomDe07
4663,Tyquan Thornton,1.30,61,Sun,8,8,2022-10-30,22-053,NWE,@,NYJ,W 22-17,1.30,2.30,2.3,1.8,61,78.2,0,0.0,0,0.0,WR,ThorTy00
4664,Tyquan Thornton,1.30,37,Sun,17,18,2023-01-08,22-123,NWE,@,BUF,L 23-35,1.30,2.30,2.3,1.8,37,54.4,0,0.0,0,0.0,WR,ThorTy00
4665,Cedric Tillman,1.30,60,Sun,15,16,2023-12-24,23-249,CLE,@,HOU,W 36-22,1.30,3.30,3.3,2.3,60,73.2,0,0.0,2,8.3,WR,TillCe01
4666,Kadarius Toney,1.30,13,Sun,7,7,2023-10-22,24-268,KAN,,LAC,W 31-17,1.30,2.30,2.3,1.8,13,19.1,0,0.0,0,0.0,WR,ToneKa00
4667,Tre Tucker,1.30,38,Sun,2,2,2024-09-15,23-191,LVR,@,BAL,W 26-23,1.30,3.30,3.3,2.3,38,60.3,0,0.0,4,12.1,WR,TuckTr00
4668,KaVontae Turpin,1.30,11,Sun,7,8,2023-10-29,27-088,DAL,,LAR,W 43-20,1.30,2.30,2.3,1.8,11,16.9,0,0.0,11,36.7,WR,TurpKa00
4669,Marquez Valdes-Scantling,1.30,45,Thu,2,2,2022-09-15,27-340,KAN,,LAC,W 27-24,1.30,3.30,3.3,2.3,45,78.9,0,0.0,0,0.0,WR,ValdMa00
4670,Marquez Valdes-Scantling,1.30,55,Sun,2,2,2023-09-17,28-342,KAN,@,JAX,W 17-9,1.30,3.30,3.3,2.3,55,82.1,0,0.0,0,0.0,WR,ValdMa00
4671,Justin Watson,1.30,29,Sun,3,3,2024-09-22,28-171,KAN,@,ATL,W 22-17,1.30,2.30,2.3,1.8,29,39.2,0,0.0,2,8.3,WR,WatsJu01
4672,Nick Westbrook-Ikhine,1.30,44,Sun,1,1,2022-09-11,25-174,TEN,,NYG,L 20-21,1.30,2.30,2.3,1.8,44,67.7,0,0.0,1,3.6,WR,WestNi00
4673,Nick Westbrook-Ikhine,1.30,34,Mon,2,2,2022-09-19,25-182,TEN,@,BUF,L 7-41,1.30,2.30,2.3,1.8,34,60.7,0,0.0,0,0.0,WR,WestNi00
4674,Cedrick Wilson Jr.,1.30,31,Mon,15,16,2024-12-23,29-033,NOR,@,GNB,L 0-34,1.30,2.30,2.3,1.8,31,55.4,0,0.0,7,33.3,WR,WilsCe01
4675,Robert Woods,1.30,46,Sun,1,1,2022-09-11,30-154,TEN,,NYG,L 20-21,1.30,2.30,2.3,1.8,46,70.8,0,0.0,0,0.0,WR,WoodRo02
4676,Robert Woods,1.30,20,Mon,11,11,2024-11-18,32-222,HOU,@,DAL,W 34-10,1.30,3.30,3.3,2.3,20,31.3,0,0.0,6,22.2,WR,WoodRo02
4677,Olamide Zaccheaus,1.30,47,Sun,13,13,2022-12-04,25-134,ATL,,PIT,L 16-19,1.30,3.30,3.3,2.3,47,87.0,0,0.0,0,0.0,WR,ZaccOl01
4678,Jamal Agnew,1.20,7,Sun,1,1,2022-09-11,27-161,JAX,@,WAS,L 22-28,1.20,2.20,2.2,1.7,7,10.0,0,0.0,8,33.3,WR,AgneJa00
4679,Jamal Agnew,1.20,31,Sun,15,16,2023-12-24,28-265,JAX,@,TAM,L 12-30,1.20,2.20,2.2,1.7,31,47.0,0,0.0,9,45.0,WR,AgneJa00
4680,Robbie Chosen,1.20,54,Sun,2,2,2022-09-18,29-132,CAR,@,NYG,L 16-19,1.20,4.20,5.2,2.7,54,93.1,0,0.0,0,0.0,WR,AndeRo04
4681,Tutu Atwell,1.20,11,Sun,15,16,2024-12-22,25-076,LAR,@,NYJ,W 19-9,1.20,2.20,2.2,1.7,11,21.2,0,0.0,0,0.0,WR,AtweTu00
4682,Calvin Austin III,1.20,20,Thu,13,14,2023-12-07,24-258,PIT,,NWE,L 18-21,1.20,1.20,1.2,1.2,20,28.6,0,0.0,8,28.6,WR,AustCa00
4683,Andre Baccellia,1.20,19,Sun,2,2,2022-09-18,25-254,ARI,@,LVR,W 29-23 (OT),1.20,3.20,3.2,2.2,19,21.8,0,0.0,3,14.3,WR,BaccAn00
4684,Javon Baker,1.20,39,Sun,17,18,2025-01-05,22-322,NWE,,BUF,W 23-16,1.20,2.20,2.2,1.7,39,60.9,0,0.0,0,0.0,WR,BakeJa00
4685,Rashod Bateman,1.20,28,Wed,16,17,2024-12-25,25-026,BAL,@,HOU,W 31-2,1.20,2.20,2.2,1.7,28,44.4,0,0.0,0,0.0,WR,BateRa00
4686,Cole Beasley,1.20,9,Sun,3,3,2022-09-25,33-152,TAM,,GNB,L 12-14,1.20,4.20,4.2,2.7,9,13.8,0,0.0,3,12.0,WR,BeasCo00
4687,David Bell,1.20,28,Sun,12,13,2023-12-03,22-354,CLE,@,LAR,L 19-36,1.20,3.20,3.2,2.2,28,39.4,0,0.0,6,18.2,WR,BellDa02
4688,Ronnie Bell,1.20,30,Sun,3,3,2024-09-22,24-238,SFO,@,LAR,L 24-27,1.20,2.20,2.2,1.7,30,42.3,0,0.0,0,0.0,WR,BellRo01
4689,Braxton Berrios,1.20,24,Sun,14,15,2023-12-17,28-072,MIA,,NYJ,W 30-0,1.20,2.20,2.2,1.7,24,39.3,0,0.0,7,29.2,WR,BerrBr00
4690,Kendrick Bourne,1.20,48,Sun,9,9,2022-11-06,27-094,NWE,,IND,W 26-3,1.20,4.20,4.2,2.7,48,76.2,0,0.0,0,0.0,WR,BourKe00
4691,Kendrick Bourne,1.20,24,Sun,17,18,2025-01-05,29-154,NWE,,BUF,W 23-16,1.20,3.20,3.2,2.2,24,37.5,0,0.0,0,0.0,WR,BourKe00
4692,Lynn Bowden Jr.,1.20,19,Sun,10,10,2023-11-12,26-029,NOR,@,MIN,L 19-27,1.20,2.20,2.2,1.7,19,28.4,0,0.0,6,20.7,WR,BowdLy00
4693,Jalen Brooks,1.20,13,Sun,16,17,2024-12-29,24-236,DAL,@,PHI,L 7-41,1.20,2.20,2.2,1.7,13,21.0,0,0.0,21,80.8,WR,BrooJa03
4694,Marquise Brown,1.20,58,Sun,11,11,2023-11-19,26-168,ARI,@,HOU,L 16-21,1.20,3.20,3.2,2.2,58,95.1,0,0.0,0,0.0,WR,BrowMa04
4695,Damiere Byrd,1.20,19,Sun,13,13,2022-12-04,29-311,ATL,,PIT,L 16-19,1.20,2.20,2.2,1.7,19,35.2,0,0.0,0,0.0,WR,ByrdDa00
4696,Damiere Byrd,1.20,19,Sun,16,17,2023-01-01,29-339,ATL,,ARI,W 20-19,1.20,2.20,2.2,1.7,19,30.6,0,0.0,0,0.0,WR,ByrdDa00
4697,Randall Cobb,1.20,46,Sun,3,3,2023-09-24,33-033,NYJ,,NWE,L 10-15,1.20,2.20,2.2,1.7,46,73.0,0,0.0,0,0.0,WR,CobbRa00
4698,Keelan Cole,1.20,50,Sun,11,12,2022-11-27,29-221,LVR,@,SEA,W 40-34 (OT),1.20,3.20,3.2,2.2,50,64.9,0,0.0,4,11.8,WR,ColeKe00
4699,Keelan Cole,1.20,40,Sun,3,3,2022-09-25,29-158,LVR,@,TEN,L 22-24,1.20,2.20,2.2,1.7,40,57.1,0,0.0,3,12.5,WR,ColeKe00
4700,Amari Cooper,1.20,27,Sun,12,13,2024-12-01,30-167,BUF,,SFO,W 35-10,1.20,4.20,4.2,2.7,27,46.6,0,0.0,0,0.0,WR,CoopAm00
4701,Jamison Crowder,1.20,24,Sun,11,11,2023-11-19,30-155,WAS,,NYG,L 19-31,1.20,3.20,3.2,2.2,24,29.6,0,0.0,7,24.1,WR,CrowJa00
4702,Jahan Dotson,1.20,46,Sun,14,15,2023-12-17,23-270,WAS,@,LAR,L 20-28,1.20,2.20,2.2,1.7,46,76.7,0,0.0,0,0.0,WR,DotsJa00
4703,Demario Douglas,1.20,39,Sun,1,1,2024-09-08,23-275,NWE,@,CIN,W 16-10,1.20,3.20,3.2,2.2,39,60.0,0,0.0,0,0.0,WR,DougDe00
4704,Demario Douglas,1.20,38,Sun,8,8,2024-10-27,23-324,NWE,,NYJ,W 25-22,1.20,3.20,3.2,2.2,38,56.7,0,0.0,0,0.0,WR,DougDe00
4705,Ashton Dulin,1.20,15,Sun,7,7,2024-10-20,27-158,IND,,MIA,W 16-10,1.20,1.20,1.2,1.2,15,24.2,0,0.0,23,85.2,WR,DuliAs00
4706,Alex Erickson,1.20,51,Sun,10,11,2023-11-19,31-013,LAC,@,GNB,L 20-23,1.20,2.20,2.2,1.7,51,78.5,0,0.0,0,0.0,WR,EricAl01
4707,Simi Fehoko,1.20,16,Sun,1,1,2022-09-11,24-310,DAL,,TAM,L 3-19,1.20,3.20,3.2,2.2,16,23.2,0,0.0,13,54.2,WR,FehoSi00
4708,Simi Fehoko,1.20,3,Mon,3,3,2022-09-26,24-325,DAL,@,NYG,W 23-16,1.20,2.20,2.2,1.7,3,4.7,0,0.0,7,24.1,WR,FehoSi00
4709,Troy Franklin,1.20,26,Sun,17,18,2025-01-05,21-334,DEN,,KAN,W 38-0,1.20,3.20,3.2,2.2,26,35.1,0,0.0,0,0.0,WR,FranTr00
4710,Jalen Guyton,1.20,17,Sat,15,16,2023-12-23,26-199,LAC,,BUF,L 22-24,1.20,2.20,2.2,1.7,17,24.3,0,0.0,0,0.0,WR,GuytJa01
4711,Mecole Hardman,1.20,16,Mon,10,11,2023-11-20,25-253,KAN,,PHI,L 17-21,1.20,3.20,3.2,2.2,16,20.3,0,0.0,2,7.7,WR,HardMe00
4712,Malik Heath,1.20,10,Sun,4,4,2024-09-29,24-182,GNB,,MIN,L 29-31,1.20,3.20,3.2,2.2,10,13.2,0,0.0,10,34.5,WR,HeatMa00
4713,Lil'Jordan Humphrey,1.20,25,Sun,12,13,2023-12-03,25-228,DEN,@,HOU,L 17-22,1.20,2.20,2.2,1.7,25,41.7,0,0.0,0,0.0,WR,HumpLi01
4714,Lil'Jordan Humphrey,1.20,38,Sun,13,14,2023-12-10,25-235,DEN,@,LAC,W 24-7,1.20,2.20,2.2,1.7,38,56.7,0,0.0,0,0.0,WR,HumpLi01
4715,Lil'Jordan Humphrey,1.20,33,Thu,7,7,2024-10-17,26-181,DEN,@,NOR,W 33-10,1.20,3.20,3.2,2.2,33,50.8,0,0.0,0,0.0,WR,HumpLi01
4716,Xavier Hutchinson,1.20,9,Sun,8,9,2023-11-05,23-157,HOU,,TAM,W 39-37,1.20,1.20,1.2,1.2,9,12.5,0,0.0,8,24.2,WR,HutcXa00
4717,Andrei Iosivas,1.20,64,Sat,17,18,2025-01-04,25-081,CIN,@,PIT,W 19-17,1.20,3.20,3.2,2.2,64,86.5,0,0.0,0,0.0,WR,IosiAn00
4718,Trenton Irwin,1.20,9,Sun,12,13,2022-12-04,26-359,CIN,,KAN,W 27-24,1.20,2.20,2.2,1.7,9,12.5,0,0.0,0,0.0,WR,IrwiTr00
4719,Trenton Irwin,1.20,12,Sun,16,18,2023-01-08,27-029,CIN,,BAL,W 27-16,1.20,2.20,2.2,1.7,12,18.2,0,0.0,0,0.0,WR,IrwiTr00
4720,Richie James,1.20,4,Sun,12,13,2023-12-03,28-089,KAN,@,GNB,L 19-27,1.20,2.20,2.2,1.7,4,6.0,0,0.0,8,36.4,WR,JameRi00
4721,Jerry Jeudy,1.20,10,Sun,2,2,2022-09-18,23-147,DEN,,HOU,W 16-9,1.20,2.20,2.2,1.7,10,13.9,0,0.0,0,0.0,WR,JeudJe00
4722,Brandon Johnson,1.20,37,Sun,3,3,2023-09-24,25-060,DEN,@,MIA,L 20-70,1.20,3.20,3.2,2.2,37,59.7,0,0.0,2,5.6,WR,JohnBr23
4723,Diontae Johnson,1.20,22,Sun,17,18,2025-01-05,28-184,HOU,@,TEN,W 23-14,1.20,3.20,3.2,2.2,22,36.7,0,0.0,1,4.3,WR,JohnDi01
4724,Quentin Johnston,1.20,31,Sun,12,13,2024-12-01,23-086,LAC,@,ATL,W 17-13,1.20,3.20,3.2,2.2,31,67.4,0,0.0,0,0.0,WR,JohnQu02
4725,Zay Jones,1.20,60,Sun,5,5,2022-10-09,27-193,JAX,,HOU,L 6-13,1.20,4.20,4.2,2.7,60,80.0,0,0.0,0,0.0,WR,JoneZa00
4726,Ray-Ray McCloud,1.20,7,Sun,11,12,2022-11-27,26-043,SFO,,NOR,W 13-0,1.20,2.20,2.2,1.7,7,10.0,0,0.0,5,29.4,WR,McClRa00
4727,Bo Melton,1.20,29,Sun,5,5,2024-10-06,25-141,GNB,@,LAR,W 24-19,1.20,2.20,2.2,1.7,29,49.2,0,0.0,1,4.5,WR,MeltBo00
4728,D.K. Metcalf,1.20,20,Sun,7,7,2022-10-23,24-313,SEA,@,LAC,W 37-23,1.20,2.20,2.2,1.7,20,28.2,0,0.0,0,0.0,WR,MetcDK00
4729,John Metchie,1.20,15,Sun,10,11,2023-11-19,23-124,HOU,,ARI,W 21-16,1.20,2.20,2.2,1.7,15,22.4,0,0.0,0,0.0,WR,MetcJo00
4730,John Metchie,1.20,37,Sun,16,17,2023-12-31,23-166,HOU,,TEN,W 26-3,1.20,2.20,2.2,1.7,37,60.7,0,0.0,0,0.0,WR,MetcJo00
4731,Dax Milne,1.20,5,Sun,3,3,2022-09-25,23-094,WAS,,PHI,L 8-24,1.20,2.20,2.2,1.7,5,6.5,0,0.0,11,42.3,WR,MilnDa00
4732,Denzel Mims,1.20,50,Sun,9,9,2022-11-06,25-027,NYJ,,BUF,W 20-17,1.20,2.20,2.2,1.7,50,83.3,0,0.0,0,0.0,WR,MimsDe00
4733,Marvin Mims,1.20,31,Sun,10,11,2023-11-19,21-245,DEN,,MIN,W 21-20,1.20,3.20,3.2,2.2,31,56.4,0,0.0,8,29.6,WR,MimsMa00
4734,Jonathan Mingo,1.20,30,Sun,16,17,2024-12-29,23-253,DAL,@,PHI,L 7-41,1.20,2.20,2.2,1.7,30,48.4,0,0.0,0,0.0,WR,MingJo00
4735,Chris Moore,1.20,59,Sun,12,13,2023-12-03,30-170,TEN,,IND,L 28-31 (OT),1.20,2.20,2.2,1.7,59,69.4,0,0.0,7,18.9,WR,MoorCh00
4736,Skyy Moore,1.20,23,Sun,12,13,2022-12-04,22-085,KAN,@,CIN,L 24-27,1.20,1.20,1.2,1.2,23,41.8,0,0.0,0,0.0,WR,MoorSk01
4737,Skyy Moore,1.20,29,Sun,14,15,2022-12-18,22-099,KAN,@,HOU,W 30-24 (OT),1.20,1.20,1.2,1.2,29,37.7,0,0.0,0,0.0,WR,MoorSk01
4738,Tim Patrick,1.20,33,Sun,2,2,2024-09-15,30-297,DET,,TAM,L 16-20,1.20,3.20,3.2,2.2,33,38.4,0,0.0,0,0.0,WR,PatrTi00
4739,Tim Patrick,1.20,44,Sun,8,9,2024-11-03,30-346,DET,@,GNB,W 24-14,1.20,3.20,3.2,2.2,44,77.2,0,0.0,0,0.0,WR,PatrTi00
4740,Donovan Peoples-Jones,1.20,66,Sun,1,1,2023-09-10,24-203,CLE,,CIN,W 24-3,1.20,2.20,2.2,1.7,66,89.2,0,0.0,10,32.3,WR,PeopDo00
4741,Dante Pettis,1.20,27,Sun,9,9,2022-11-06,27-014,CHI,,MIA,L 32-35,1.20,2.20,2.2,1.7,27,36.5,0,0.0,1,3.8,WR,PettDa00
4742,Dante Pettis,1.20,23,Sun,12,12,2022-11-27,27-035,CHI,@,NYJ,L 10-31,1.20,2.20,2.2,1.7,23,40.4,0,0.0,2,8.0,WR,PettDa00
4743,Brandon Powell,1.20,38,Sun,8,8,2023-10-29,28-047,MIN,@,GNB,W 24-10,1.20,2.20,2.2,1.7,38,52.8,0,0.0,5,21.7,WR,PoweBr00
4744,Brandon Powell,1.20,7,Mon,14,15,2024-12-16,29-095,MIN,,CHI,W 30-12,1.20,2.20,2.2,1.7,7,9.1,0,0.0,5,18.5,WR,PoweBr00
4745,Byron Pringle,1.20,20,Sun,10,10,2022-11-13,28-361,CHI,,DET,L 30-31,1.20,2.20,2.2,1.7,20,32.8,0,0.0,10,34.5,WR,PrinBy00
4746,Kalif Raymond,1.20,20,Sat,14,15,2023-12-16,29-130,DET,,DEN,W 42-17,1.20,2.20,2.2,1.7,20,30.3,0,0.0,7,24.1,WR,RaymKa00
4747,Kalif Raymond,1.20,37,Sun,1,1,2024-09-08,30-031,DET,,LAR,W 26-20 (OT),1.20,1.20,1.2,1.2,37,60.7,0,0.0,9,34.6,WR,RaymKa00
4748,Hunter Renfrow,1.20,33,Sun,4,4,2023-10-01,27-284,LVR,@,LAC,L 17-24,1.20,3.20,3.2,2.2,33,45.2,0,0.0,0,0.0,WR,RenfHu00
4749,Josh Reynolds,1.20,44,Sun,12,13,2023-12-03,28-290,DET,@,NOR,W 33-28,1.20,2.20,2.2,1.7,44,75.9,0,0.0,0,0.0,WR,ReynJo00
4750,Allen Robinson,1.20,47,Mon,2,2,2023-09-18,30-025,PIT,,CLE,W 26-22,1.20,3.20,3.2,2.2,47,87.0,0,0.0,0,0.0,WR,RobiAl02
4751,Allen Robinson,1.20,65,Thu,1,1,2022-09-08,29-015,LAR,,BUF,L 10-31,1.20,2.20,2.2,1.7,65,97.0,0,0.0,0,0.0,WR,RobiAl02
4752,Allen Robinson,1.20,54,Sun,5,5,2022-10-09,29-046,LAR,,DAL,L 10-22,1.20,4.20,4.2,2.7,54,83.1,0,0.0,0,0.0,WR,RobiAl02
4753,Demarcus Robinson,1.20,34,Mon,9,9,2022-11-07,28-047,BAL,@,NOR,W 27-13,1.20,2.20,2.2,1.7,34,50.0,0,0.0,1,3.8,WR,RobiDe01
4754,Tyler Scott,1.20,39,Sun,6,6,2023-10-15,22-003,CHI,,MIN,L 13-19,1.20,3.20,3.2,2.2,39,59.1,0,0.0,4,15.4,WR,ScotTy00
4755,Tyler Scott,1.20,15,Sun,17,18,2024-01-07,22-087,CHI,@,GNB,L 9-17,1.20,2.20,2.2,1.7,15,31.3,0,0.0,0,0.0,WR,ScotTy00
4756,Rashid Shaheed,1.20,6,Sun,10,10,2022-11-13,24-074,NOR,@,PIT,L 10-20,1.20,2.20,2.2,1.7,6,12.8,0,0.0,8,33.3,WR,ShahRa00
4757,Khalil Shakir,1.20,47,Sun,13,14,2023-12-10,23-310,BUF,@,KAN,W 20-17,1.20,2.20,2.2,1.7,47,61.0,0,0.0,4,16.7,WR,ShakKh00
4758,David Sills,1.20,26,Sun,5,5,2022-10-09,26-133,NYG,@,GNB,W 27-22,1.20,3.20,3.2,2.2,26,42.6,0,0.0,0,0.0,WR,SillDa01
4759,Cam Sims,1.20,49,Sun,7,7,2022-10-23,26-290,WAS,,GNB,W 23-21,1.20,2.20,2.2,1.7,49,66.2,0,0.0,0,0.0,WR,SimsCa00
4760,Cam Sims,1.20,28,Sun,9,9,2022-11-06,26-304,WAS,,MIN,L 17-20,1.20,2.20,2.2,1.7,28,43.8,0,0.0,9,32.1,WR,SimsCa00
4761,Ben Skowronek,1.20,24,Sun,12,13,2023-12-03,26-159,LAR,,CLE,W 36-19,1.20,3.20,3.2,2.2,24,37.5,0,0.0,24,72.7,WR,SkowBe00
4762,Ihmir Smith-Marsette,1.20,12,Sun,16,17,2023-12-31,24-124,CAR,@,JAX,L 0-26,1.20,4.20,4.2,2.7,12,22.2,0,0.0,4,17.4,WR,SmitIh00
4763,Shi Smith,1.20,41,Sun,1,1,2022-09-11,23-320,CAR,,CLE,L 24-26,1.20,2.20,2.2,1.7,41,77.4,0,0.0,0,0.0,WR,SmitSh03
4764,Adam Thielen,1.20,68,Sun,1,1,2023-09-10,33-019,CAR,@,ATL,L 10-24,1.20,3.20,3.2,2.2,68,88.3,0,0.0,0,0.0,WR,ThieAd00
4765,Adam Thielen,1.20,48,Sun,17,18,2024-01-07,33-138,CAR,,TAM,L 0-9,1.20,3.20,3.2,2.2,48,92.3,0,0.0,0,0.0,WR,ThieAd00
4766,Brian Thomas,1.20,38,Sun,10,10,2024-11-10,22-033,JAX,,MIN,L 7-12,1.20,3.20,3.2,2.2,38,86.4,0,0.0,0,0.0,WR,ThomBr06
4767,Jalen Tolbert,1.20,30,Sun,10,11,2023-11-19,24-265,DAL,@,CAR,W 33-10,1.20,3.20,3.2,2.2,30,41.7,0,0.0,17,63.0,WR,TolbJa00
4768,Jalen Tolbert,1.20,42,Sun,1,1,2024-09-08,25-194,DAL,@,CLE,W 33-17,1.20,2.20,2.2,1.7,42,66.7,0,0.0,7,19.4,WR,TolbJa00
4769,Kadarius Toney,1.20,9,Sun,8,9,2022-11-06,23-283,KAN,,TEN,W 20-17 (OT),1.20,3.20,3.2,2.2,9,9.0,0,0.0,0,0.0,WR,ToneKa00
4770,Marquez Valdes-Scantling,1.20,71,Sun,8,9,2022-11-06,28-027,KAN,,TEN,W 20-17 (OT),1.20,2.20,2.2,1.7,71,71.0,0,0.0,0,0.0,WR,ValdMa00
4771,Marquez Valdes-Scantling,1.20,43,Sun,5,5,2023-10-08,28-363,KAN,@,MIN,W 27-20,1.20,2.20,2.2,1.7,43,65.2,0,0.0,0,0.0,WR,ValdMa00
4772,Tylan Wallace,1.20,19,Sun,17,18,2023-01-08,23-240,BAL,@,CIN,L 16-27,1.20,2.20,2.2,1.7,19,24.4,0,0.0,9,30.0,WR,WallTy00
4773,Parker Washington,1.20,28,Sun,14,15,2023-12-17,21-271,JAX,,BAL,L 7-23,1.20,5.20,5.2,3.2,28,45.2,0,0.0,0,0.0,WR,WashPa01
4774,Christian Watson,1.20,6,Sun,8,8,2022-10-30,23-171,GNB,@,BUF,L 17-27,1.20,2.20,2.2,1.7,6,9.1,0,0.0,0,0.0,WR,WatsCh00
4775,Justin Watson,1.20,46,Sun,9,10,2022-11-13,26-223,KAN,,JAX,W 27-17,1.20,2.20,2.2,1.7,46,73.0,0,0.0,7,26.9,WR,WatsJu01
4776,Garrett Wilson,1.20,50,Sun,10,11,2022-11-20,22-121,NYJ,@,NWE,L 3-10,1.20,3.20,3.2,2.2,50,100.0,0,0.0,0,0.0,WR,WilsGa00
4777,Michael Woods II,1.20,63,Sun,13,14,2024-12-08,24-264,CLE,@,PIT,L 14-27,1.20,2.20,2.2,1.7,63,87.5,0,0.0,8,27.6,WR,WoodMi00
4778,Robert Woods,1.20,24,Sun,14,15,2024-12-15,32-249,HOU,,MIA,W 20-12,1.20,3.20,3.2,2.2,24,48.0,0,0.0,4,16.0,WR,WoodRo02
4779,Robert Woods,1.20,50,Sun,14,15,2022-12-18,30-252,TEN,@,LAC,L 14-17,1.20,3.20,3.2,2.2,50,80.6,0,0.0,0,0.0,WR,WoodRo02
4780,Davante Adams,1.10,44,Mon,8,8,2023-10-30,30-310,LVR,@,DET,L 14-26,1.10,2.10,2.1,1.6,44,95.7,0,0.0,0,0.0,WR,AdamDa01
4781,Keenan Allen,1.10,23,Sun,7,7,2022-10-23,30-179,LAC,,SEA,L 23-37,1.10,3.10,3.1,2.1,23,32.4,0,0.0,0,0.0,WR,AlleKe00
4782,Kayshon Boutte,1.10,26,Sun,10,10,2023-11-12,21-189,NWE,,IND,L 6-10,1.10,2.10,2.1,1.6,26,37.7,0,0.0,0,0.0,WR,BoutKa00
4783,Kayshon Boutte,1.10,15,Sun,4,4,2024-09-29,22-145,NWE,@,SFO,L 13-30,1.10,2.10,2.1,1.6,15,23.4,0,0.0,7,26.9,WR,BoutKa00
4784,Miles Boykin,1.10,5,Sun,5,5,2022-10-09,25-362,PIT,@,BUF,L 3-38,1.10,2.10,2.1,1.6,5,6.7,0,0.0,15,60.0,WR,BoykMi00
4785,Dyami Brown,1.10,17,Thu,5,5,2023-10-05,23-338,WAS,,CHI,L 20-40,1.10,2.10,2.1,1.6,17,24.3,0,0.0,18,60.0,WR,BrowDy00
4786,Dyami Brown,1.10,19,Sun,6,6,2024-10-13,24-347,WAS,@,BAL,L 23-30,1.10,2.10,2.1,1.6,19,32.2,0,0.0,7,24.1,WR,BrowDy00
4787,Treylon Burks,1.10,45,Sun,16,17,2023-12-31,23-283,TEN,@,HOU,L 3-26,1.10,3.10,3.1,2.1,45,81.8,0,0.0,0,0.0,WR,BurkTr00
4788,Jermaine Burton,1.10,39,Thu,10,10,2024-11-07,23-132,CIN,@,BAL,L 34-35,1.10,2.10,2.1,1.6,39,47.6,0,0.0,6,21.4,WR,BurtJe01
4789,Chase Claypool,1.10,29,Sun,11,11,2022-11-20,24-136,CHI,@,ATL,L 24-27,1.10,3.10,3.1,2.1,29,42.0,0,0.0,0,0.0,WR,ClayCh01
4790,Randall Cobb,1.10,19,Sun,17,18,2023-01-08,32-139,GNB,,DET,L 16-20,1.10,3.10,3.1,2.1,19,31.7,0,0.0,0,0.0,WR,CobbRa00
4791,Keelan Cole,1.10,29,Thu,13,14,2022-12-08,29-232,LVR,@,LAR,L 16-17,1.10,2.10,2.1,1.6,29,48.3,0,0.0,5,20.0,WR,ColeKe00
4792,Amari Cooper,1.10,63,Sun,2,2,2024-09-15,30-090,CLE,@,JAX,W 18-13,1.10,4.10,4.1,2.6,63,87.5,0,0.0,1,3.7,WR,CoopAm00
4793,Britain Covey,1.10,7,Sun,3,3,2024-09-22,27-188,PHI,@,NOR,W 15-12,1.10,2.10,2.1,1.6,7,9.7,0,0.0,2,11.8,WR,CoveBr00
4794,Greg Dortch,1.10,23,Sun,2,2,2024-09-15,26-109,ARI,,LAR,W 41-10,1.10,3.10,3.1,2.1,23,34.8,0,0.0,4,16.0,WR,DortGr01
4795,Jahan Dotson,1.10,49,Sun,4,4,2024-09-29,24-191,PHI,@,TAM,L 16-33,1.10,3.10,3.1,2.1,49,86.0,0,0.0,0,0.0,WR,DotsJa00
4796,Zay Flowers,1.10,52,Sun,9,9,2023-11-05,23-055,BAL,,SEA,W 37-3,1.10,2.10,2.1,1.6,52,68.4,0,0.0,0,0.0,WR,FlowZa00
4797,Troy Franklin,1.10,17,Sun,3,3,2024-09-22,21-229,DEN,@,TAM,W 26-7,1.10,3.10,3.1,2.1,17,25.0,0,0.0,0,0.0,WR,FranTr00
4798,Russell Gage,1.10,26,Mon,12,13,2022-12-05,26-317,TAM,,NOR,W 17-16,1.10,2.10,2.1,1.6,26,32.5,0,0.0,0,0.0,WR,GageRu00
4799,Kendall Hinton,1.10,41,Sun,12,13,2022-12-04,25-288,DEN,@,BAL,L 9-10,1.10,2.10,2.1,1.6,41,77.4,0,0.0,0,0.0,WR,HintKe00
4800,KhaDarel Hodge,1.10,37,Sun,5,5,2023-10-08,28-278,ATL,,HOU,W 21-19,1.10,2.10,2.1,1.6,37,48.1,0,0.0,17,58.6,WR,HodgKh00
4801,Lil'Jordan Humphrey,1.10,10,Sun,4,4,2023-10-01,25-165,DEN,@,CHI,W 31-28,1.10,2.10,2.1,1.6,10,20.8,0,0.0,0,0.0,WR,HumpLi01
4802,Lil'Jordan Humphrey,1.10,35,Sun,9,9,2024-11-03,26-198,DEN,@,BAL,L 10-41,1.10,3.10,3.1,2.1,35,48.6,0,0.0,0,0.0,WR,HumpLi01
4803,Lil'Jordan Humphrey,1.10,26,Sun,2,2,2022-09-18,24-152,NWE,@,PIT,W 17-14,1.10,2.10,2.1,1.6,26,38.2,0,0.0,2,9.1,WR,HumpLi01
4804,Xavier Hutchinson,1.10,41,Sun,7,7,2024-10-20,24-141,HOU,@,GNB,L 22-24,1.10,2.10,2.1,1.6,41,64.1,0,0.0,4,13.8,WR,HutcXa00
4805,Andy Isabella,1.10,32,Sun,3,3,2022-09-25,25-311,ARI,,LAR,L 12-20,1.10,2.10,2.1,1.6,32,38.6,0,0.0,0,0.0,WR,IsabAn00
4806,Rakim Jarrett,1.10,25,Sun,16,17,2024-12-29,23-340,TAM,,CAR,W 48-14,1.10,2.10,2.1,1.6,25,32.5,0,0.0,8,26.7,WR,JarrRa00
4807,Jerry Jeudy,1.10,41,Sun,11,12,2023-11-26,24-216,DEN,,CLE,W 29-12,1.10,3.10,3.1,2.1,41,61.2,0,0.0,0,0.0,WR,JeudJe00
4808,Collin Johnson,1.10,11,Sun,16,17,2023-12-31,26-099,CHI,,ATL,W 37-17,1.10,2.10,2.1,1.6,11,14.9,0,0.0,2,6.3,WR,JohnCo01
4809,Kameron Johnson,1.10,7,Sun,16,17,2024-12-29,22-287,TAM,,CAR,W 48-14,1.10,1.10,1.1,1.1,7,9.1,0,0.0,0,0.0,WR,JohnKa01
4810,Tyler Johnson,1.10,13,Sun,11,12,2024-11-24,26-091,LAR,,PHI,L 20-37,1.10,2.10,2.1,1.6,13,20.3,0,0.0,0,0.0,WR,JohnTy00
4811,Tim Jones,1.10,24,Sun,3,3,2023-09-24,25-131,JAX,,HOU,L 17-37,1.10,3.10,3.1,2.1,24,32.9,0,0.0,4,13.8,WR,JoneTi00
4812,Tim Jones,1.10,12,Sun,16,17,2024-12-29,26-227,JAX,,TEN,W 20-13,1.10,2.10,2.1,1.6,12,20.7,0,0.0,14,66.7,WR,JoneTi00
4813,Velus Jones Jr.,1.10,10,Sun,13,14,2023-12-10,26-213,CHI,,DET,W 28-13,1.10,2.10,2.1,1.6,10,14.1,0,0.0,7,29.2,WR,JoneVe00
4814,Zay Jones,1.10,57,Thu,15,16,2022-12-22,27-267,JAX,@,NYJ,W 19-3,1.10,2.10,2.1,1.6,57,79.2,0,0.0,0,0.0,WR,JoneZa00
4815,Mason Kinsey,1.10,4,Sun,14,15,2024-12-15,26-108,TEN,,CIN,L 27-37,1.10,2.10,2.1,1.6,4,5.7,0,0.0,1,4.5,WR,KinsMa00
4816,Christian Kirk,1.10,72,Sun,5,5,2022-10-09,25-325,JAX,,HOU,L 6-13,1.10,2.10,2.1,1.6,72,96.0,0,0.0,0,0.0,WR,KirkCh01
4817,Cooper Kupp,1.10,18,Sun,10,11,2023-11-19,30-157,LAR,,SEA,W 17-16,1.10,2.10,2.1,1.6,18,26.9,0,0.0,0,0.0,WR,KuppCo00
4818,Allen Lazard,1.10,47,Sun,2,2,2024-09-15,28-279,NYJ,@,TEN,W 24-17,1.10,3.10,3.1,2.1,47,82.5,0,0.0,0,0.0,WR,LazaAl00
4819,Terrace Marshall Jr.,1.10,47,Thu,9,10,2023-11-09,23-153,CAR,@,CHI,L 13-16,1.10,2.10,2.1,1.6,47,78.3,0,0.0,5,17.9,WR,MarsTe00
4820,Tyreik McAllister,1.10,4,Sun,4,4,2024-09-29,26-175,LVR,,CLE,W 20-16,1.10,1.10,1.1,1.1,4,6.8,0,0.0,6,23.1,WR,McAlTy00
4821,Ray-Ray McCloud,1.10,10,Sun,3,3,2022-09-25,25-345,SFO,@,DEN,L 10-11,1.10,2.10,2.1,1.6,10,17.9,0,0.0,13,46.4,WR,McClRa00
4822,Ray-Ray McCloud,1.10,30,Sun,8,8,2022-10-30,26-015,SFO,@,LAR,W 31-14,1.10,2.10,2.1,1.6,30,56.6,0,0.0,8,33.3,WR,McClRa00
4823,Jalen McMillan,1.10,41,Sun,11,12,2024-11-24,22-353,TAM,@,NYG,W 30-7,1.10,2.10,2.1,1.6,41,63.1,0,0.0,0,0.0,WR,McMiJa01
4824,Ryan Miller,1.10,52,Sun,10,10,2024-11-10,24-264,TAM,,SFO,L 20-23,1.10,2.10,2.1,1.6,52,85.2,0,0.0,6,20.7,WR,MillRy01
4825,Denzel Mims,1.10,18,Sun,11,12,2022-11-27,25-048,NYJ,,CHI,W 31-10,1.10,2.10,2.1,1.6,18,28.6,0,0.0,2,8.0,WR,MimsDe00
4826,Marvin Mims,1.10,25,Sun,13,14,2023-12-10,21-266,DEN,@,LAC,W 24-7,1.10,3.10,3.1,2.1,25,37.3,0,0.0,7,29.2,WR,MimsMa00
4827,Marvin Mims,1.10,27,Sat,14,15,2023-12-16,21-272,DEN,@,DET,L 17-42,1.10,1.10,1.1,1.1,27,42.2,0,0.0,11,37.9,WR,MimsMa00
4828,David Moore,1.10,14,Sun,13,14,2023-12-10,28-329,TAM,@,ATL,W 29-25,1.10,2.10,2.1,1.6,14,20.6,0,0.0,11,34.4,WR,MoorDa03
4829,Elijah Moore,1.10,43,Sun,4,4,2024-09-29,24-186,CLE,@,LVR,L 16-20,1.10,2.10,2.1,1.6,43,72.9,0,0.0,0,0.0,WR,MoorEl00
4830,Elijah Moore,1.10,43,Sun,5,5,2024-10-06,24-193,CLE,@,WAS,L 13-34,1.10,4.10,4.1,2.6,43,69.4,0,0.0,0,0.0,WR,MoorEl00
4831,Elijah Moore,1.10,39,Sun,5,5,2022-10-09,22-196,NYJ,,MIA,W 40-17,1.10,2.10,2.1,1.6,39,66.1,0,0.0,2,6.9,WR,MoorEl00
4832,Elijah Moore,1.10,39,Sun,17,18,2023-01-08,22-287,NYJ,@,MIA,L 6-11,1.10,2.10,2.1,1.6,39,69.6,0,0.0,0,0.0,WR,MoorEl00
4833,Skyy Moore,1.10,37,Sun,5,5,2023-10-08,23-028,KAN,@,MIN,W 27-20,1.10,3.10,3.1,2.1,37,56.1,0,0.0,0,0.0,WR,MoorSk01
4834,Puka Nacua,1.10,27,Sun,8,9,2024-11-03,23-158,LAR,@,SEA,W 26-20 (OT),1.10,2.10,2.1,1.6,27,35.1,0,0.0,0,0.0,WR,NacuPu00
4835,Jalen Nailor,1.10,14,Sun,4,4,2024-09-29,25-211,MIN,@,GNB,W 31-29,1.10,2.10,3.1,1.6,14,20.6,0,0.0,2,6.9,WR,NailJa00
4836,Rome Odunze,1.10,43,Sun,1,1,2024-09-08,22-097,CHI,,TEN,W 24-17,1.10,2.10,2.1,1.6,43,76.8,0,0.0,0,0.0,WR,OdunRo00
4837,Chris Olave,1.10,52,Sun,1,1,2024-09-08,24-073,NOR,,CAR,W 47-10,1.10,3.10,3.1,2.1,52,78.8,0,0.0,0,0.0,WR,OlavCh00
4838,Donovan Peoples-Jones,1.10,5,Sun,15,16,2023-12-24,24-308,DET,@,MIN,W 30-24,1.10,2.10,2.1,1.6,5,6.3,0,0.0,4,15.4,WR,PeopDo00
4839,Breshad Perriman,1.10,5,Thu,8,8,2022-10-27,29-047,TAM,,BAL,L 22-27,1.10,2.10,2.1,1.6,5,7.4,0,0.0,4,12.9,WR,PerrBr02
4840,Alec Pierce,1.10,50,Sun,8,8,2024-10-27,24-178,IND,@,HOU,L 20-23,1.10,2.10,2.1,1.6,50,78.1,0,0.0,0,0.0,WR,PierAl00
4841,Brandon Powell,1.10,6,Mon,4,4,2022-10-03,27-021,LAR,@,SFO,L 9-24,1.10,1.10,1.1,1.1,6,8.1,0,0.0,14,56.0,WR,PoweBr00
4842,Byron Pringle,1.10,2,Sun,3,3,2022-09-25,28-312,CHI,,HOU,W 23-20,1.10,2.10,2.1,1.6,2,3.2,0,0.0,2,6.9,WR,PrinBy00
4843,Kalif Raymond,1.10,19,Sat,16,17,2023-12-30,29-144,DET,@,DAL,L 19-20,1.10,2.10,2.1,1.6,19,27.5,0,0.0,4,15.4,WR,RaymKa00
4844,Kalif Raymond,1.10,4,Sun,17,18,2025-01-05,30-150,DET,,MIN,W 31-9,1.10,2.10,2.1,1.6,4,5.9,0,0.0,7,30.4,WR,RaymKa00
4845,Jalen Reagor,1.10,25,Sun,7,7,2023-10-22,24-293,NWE,,BUF,W 29-25,1.10,2.10,2.1,1.6,25,41.7,0,0.0,0,0.0,WR,ReagJa00
4846,Jalen Reagor,1.10,49,Sun,9,9,2023-11-05,24-307,NWE,,WAS,L 17-20,1.10,2.10,2.1,1.6,49,76.6,0,0.0,5,17.9,WR,ReagJa00
4847,Jalen Reagor,1.10,6,Sun,12,13,2023-12-03,24-335,NWE,,LAC,L 0-6,1.10,2.10,2.1,1.6,6,9.4,0,0.0,3,14.3,WR,ReagJa00
4848,Josh Reynolds,1.10,45,Sun,10,11,2023-11-19,28-276,DET,,CHI,W 31-26,1.10,2.10,2.1,1.6,45,72.6,0,0.0,0,0.0,WR,ReynJo00
4849,Josh Reynolds,1.10,40,Sun,17,18,2025-01-05,29-324,JAX,@,IND,L 23-26 (OT),1.10,2.10,2.1,1.6,40,58.0,0,0.0,0,0.0,WR,ReynJo00
4850,Allen Robinson,1.10,45,Sun,11,12,2023-11-26,30-094,PIT,@,CIN,W 16-10,1.10,2.10,2.1,1.6,45,63.4,0,0.0,1,4.2,WR,RobiAl02
4851,Deebo Samuel,1.10,9,Sun,6,6,2023-10-15,27-273,SFO,@,CLE,L 17-19,1.10,1.10,1.1,1.1,9,14.5,0,0.0,0,0.0,WR,SamuDe00
4852,Tyler Scott,1.10,38,Sun,8,8,2023-10-29,22-017,CHI,@,LAC,L 13-30,1.10,2.10,2.1,1.6,38,57.6,0,0.0,3,13.6,WR,ScotTy00
4853,Tyler Scott,1.10,26,Sun,13,14,2023-12-10,22-059,CHI,,DET,W 28-13,1.10,2.10,2.1,1.6,26,36.6,0,0.0,0,0.0,WR,ScotTy00
4854,Khalil Shakir,1.10,19,Sun,5,5,2023-10-08,23-247,BUF,,JAX,L 20-25,1.10,2.10,2.1,1.6,19,31.7,0,0.0,5,20.0,WR,ShakKh00
4855,Sterling Shepard,1.10,42,Sun,17,18,2025-01-05,31-330,TAM,,NOR,W 27-19,1.10,2.10,2.1,1.6,42,62.7,0,0.0,0,0.0,WR,ShepSt00
4856,Trent Sherfield,1.10,12,Sun,9,10,2024-11-10,28-259,MIN,@,JAX,W 12-7,1.10,2.10,2.1,1.6,12,14.3,0,0.0,13,68.4,WR,SherTr00
4857,Darius Slayton,1.10,39,Sun,4,4,2022-10-02,25-263,NYG,,CHI,W 20-12,1.10,2.10,2.1,1.6,39,60.0,0,0.0,0,0.0,WR,SlayDa01
4858,Darius Slayton,1.10,58,Sun,7,7,2024-10-20,27-282,NYG,,PHI,L 3-28,1.10,2.10,2.1,1.6,58,100.0,0,0.0,0,0.0,WR,SlayDa01
4859,Jeff Smith,1.10,12,Sun,5,5,2022-10-09,25-171,NYJ,,MIA,W 40-17,1.10,2.10,2.1,1.6,12,20.3,0,0.0,9,31.0,WR,SmitJe03
4860,JuJu Smith-Schuster,1.10,59,Sun,12,13,2023-12-03,27-011,NWE,,LAC,L 0-6,1.10,2.10,2.1,1.6,59,92.2,0,0.0,0,0.0,WR,SmitJu00
4861,Freddie Swain,1.10,50,Sun,15,16,2022-12-25,24-143,DEN,@,LAR,L 14-51,1.10,2.10,2.1,1.6,50,74.6,0,0.0,0,0.0,WR,SwaiFr00
4862,Trent Taylor,1.10,12,Sun,17,18,2025-01-05,30-250,SFO,@,ARI,L 24-47,1.10,2.10,2.1,1.6,12,15.8,0,0.0,8,24.2,WR,TaylTr02
4863,Deven Thompkins,1.10,32,Sun,2,2,2023-09-17,23-268,TAM,,CHI,W 27-17,1.10,1.10,1.1,1.1,32,45.1,0,0.0,9,33.3,WR,ThomDe07
4864,Deven Thompkins,1.10,15,Sun,9,10,2023-11-12,23-324,TAM,,TEN,W 20-6,1.10,2.10,2.1,1.6,15,23.1,0,0.0,6,26.1,WR,ThomDe07
4865,Deven Thompkins,1.10,13,Sun,12,13,2023-12-03,23-345,TAM,,CAR,W 21-18,1.10,2.10,2.1,1.6,13,21.0,0,0.0,12,41.4,WR,ThomDe07
4866,Jamari Thrash,1.10,14,Sun,10,11,2024-11-17,23-334,CLE,@,NOR,L 14-35,1.10,2.10,2.1,1.6,14,19.2,0,0.0,0,0.0,WR,ThraJa01
4867,Jamari Thrash,1.10,15,Mon,12,13,2024-12-02,23-349,CLE,@,DEN,L 32-41,1.10,3.10,3.1,2.1,15,17.4,0,0.0,0,0.0,WR,ThraJa01
4868,Mason Tipton,1.10,18,Sun,3,3,2024-09-22,23-361,NOR,,PHI,L 12-15,1.10,3.10,3.1,2.1,18,32.1,0,0.0,0,0.0,WR,TiptMa00
4869,KaVontae Turpin,1.10,6,Sun,8,8,2022-10-30,26-089,DAL,,CHI,W 49-29,1.10,1.10,1.1,1.1,6,10.3,0,0.0,9,31.0,WR,TurpKa00
4870,Devaughn Vele,1.10,29,Sun,9,9,2024-11-03,26-327,DEN,@,BAL,L 10-41,1.10,3.10,3.1,2.1,29,40.3,0,0.0,0,0.0,WR,VeleDe00
4871,Jaylen Waddle,1.10,59,Sun,6,7,2024-10-20,25-330,MIA,@,IND,L 10-16,1.10,2.10,2.1,1.6,59,85.5,0,0.0,0,0.0,WR,WaddJa00
4872,Tylan Wallace,1.10,24,Sat,17,18,2024-01-06,24-238,BAL,,PIT,L 10-17,1.10,2.10,2.1,1.6,24,42.1,0,0.0,8,29.6,WR,WallTy00
4873,Parker Washington,1.10,48,Sun,17,18,2024-01-07,21-292,JAX,@,TEN,L 20-28,1.10,2.10,2.1,1.6,48,67.6,0,0.0,4,18.2,WR,WashPa01
4874,Christian Watson,1.10,38,Sun,16,17,2023-01-01,23-234,GNB,,MIN,W 41-17,1.10,2.10,2.1,1.6,38,60.3,0,0.0,0,0.0,WR,WatsCh00
4875,Dontayvion Wicks,1.10,21,Sun,8,8,2024-10-27,23-133,GNB,@,JAX,W 30-27,1.10,3.10,3.1,2.1,21,30.0,0,0.0,0,0.0,WR,WickDo00
4876,Xavier Worthy,1.10,51,Sun,9,10,2024-11-10,21-197,KAN,,DEN,W 16-14,1.10,2.10,2.1,1.6,51,75.0,0,0.0,0,0.0,WR,WortXa00
4877,Olamide Zaccheaus,1.10,61,Sun,4,4,2023-10-01,26-070,PHI,,WAS,W 34-31 (OT),1.10,2.10,2.1,1.6,61,85.9,0,0.0,0,0.0,WR,ZaccOl01
4878,Nelson Agholor,1.00,29,Sun,4,4,2024-09-29,31-128,BAL,,BUF,W 35-10,1.00,3.00,3.0,2.0,29,50.9,0,0.0,0,0.0,WR,AghoNe00
4879,Tutu Atwell,1.00,41,Sun,16,17,2023-01-01,23-086,LAR,@,LAC,L 10-31,1.00,3.00,3.0,2.0,41,83.7,0,0.0,0,0.0,WR,AtweTu00
4880,Calvin Austin III,1.00,17,Thu,8,9,2023-11-02,24-223,PIT,,TEN,W 20-16,1.00,1.00,1.0,1.0,17,26.2,0,0.0,3,12.5,WR,AustCa00
4881,Calvin Austin III,1.00,9,Sun,12,13,2023-12-03,24-254,PIT,,ARI,L 10-24,1.00,2.00,2.0,1.5,9,14.8,0,0.0,5,20.8,WR,AustCa00
4882,Ronnie Bell,1.00,24,Sun,7,7,2024-10-20,24-266,SFO,,KAN,L 18-28,1.00,2.00,2.0,1.5,24,38.1,0,0.0,2,8.3,WR,BellRo01
4883,Braxton Berrios,1.00,30,Sun,16,17,2023-12-31,28-086,MIA,@,BAL,L 19-56,1.00,3.00,3.0,2.0,30,43.5,0,0.0,11,36.7,WR,BerrBr00
4884,Tyler Boyd,1.00,47,Sun,1,1,2023-09-10,28-299,CIN,@,CLE,L 3-24,1.00,3.00,3.0,2.0,47,83.9,0,0.0,0,0.0,WR,BoydTy00
4885,Jalen Brooks,1.00,28,Sun,2,2,2024-09-15,24-131,DAL,,NOR,L 19-44,1.00,2.00,2.0,1.5,28,40.0,0,0.0,17,63.0,WR,BrooJa03
4886,Jalen Brooks,1.00,37,Sun,5,5,2024-10-06,24-152,DAL,@,PIT,W 20-17,1.00,2.00,2.0,1.5,37,48.7,0,0.0,0,0.0,WR,BrooJa03
4887,Noah Brown,1.00,61,Sun,6,6,2022-10-16,26-283,DAL,@,PHI,L 17-26,1.00,2.00,2.0,1.5,61,91.0,0,0.0,2,8.3,WR,BrowNo00
4888,Noah Brown,1.00,44,Sun,17,18,2023-01-08,27-002,DAL,@,WAS,L 6-26,1.00,2.00,2.0,1.5,44,65.7,0,0.0,12,35.3,WR,BrowNo00
4889,Treylon Burks,1.00,9,Sun,5,6,2024-10-13,24-204,TEN,,IND,L 17-20,1.00,2.00,2.0,1.5,9,15.5,0,0.0,5,19.2,WR,BurkTr00
4890,Marquez Callaway,1.00,21,Sun,8,8,2022-10-30,24-217,NOR,,LVR,W 24-0,1.00,2.00,2.0,1.5,21,32.8,0,0.0,0,0.0,WR,CallMa01
4891,Parris Campbell,1.00,58,Sun,3,3,2022-09-25,25-071,IND,,KAN,W 20-17,1.00,3.00,3.0,2.0,58,81.7,0,0.0,0,0.0,WR,CampPa00
4892,Jalen Coker,1.00,22,Sun,7,7,2024-10-20,22-356,CAR,@,WAS,L 7-40,1.00,2.00,2.0,1.5,22,51.2,0,0.0,9,34.6,WR,CokeJa01
4893,Brandin Cooks,1.00,42,Sun,14,15,2023-12-17,30-083,DAL,@,BUF,L 10-31,1.00,3.00,3.0,2.0,42,73.7,0,0.0,0,0.0,WR,CookBr00
4894,Brandin Cooks,1.00,54,Sun,17,18,2025-01-05,31-102,DAL,,WAS,L 19-23,1.00,4.00,4.0,2.5,54,69.2,0,0.0,0,0.0,WR,CookBr00
4895,Amari Cooper,1.00,32,Sun,15,16,2024-12-22,30-188,BUF,,NWE,W 24-21,1.00,2.00,2.0,1.5,32,54.2,0,0.0,0,0.0,WR,CoopAm00
4896,Malachi Corley,1.00,12,Sun,11,11,2024-11-17,22-241,NYJ,,IND,L 27-28,1.00,2.00,2.0,1.5,12,23.5,0,0.0,0,0.0,WR,CorlMa00
4897,Derius Davis,1.00,11,Sun,2,2,2023-09-17,23-006,LAC,@,TEN,L 24-27 (OT),1.00,1.00,1.0,1.0,11,16.2,0,0.0,10,33.3,WR,DaviDe02
4898,Jahan Dotson,1.00,67,Sun,3,3,2022-09-25,22-187,WAS,,PHI,L 8-24,1.00,3.00,3.0,2.0,67,87.0,0,0.0,0,0.0,WR,DotsJa00
4899,Josh Downs,1.00,12,Sun,9,9,2023-11-05,22-085,IND,@,CAR,W 27-13,1.00,2.00,2.0,1.5,12,19.7,0,0.0,0,0.0,WR,DownJo00
4900,Devin Duvernay,1.00,16,Sun,9,9,2023-11-05,26-054,BAL,,SEA,W 37-3,1.00,3.00,3.0,2.0,16,21.1,0,0.0,9,33.3,WR,DuveDe00
4901,Bryan Edwards,1.00,14,Sun,5,5,2022-10-09,23-330,ATL,@,TAM,L 15-21,1.00,2.00,2.0,1.5,14,21.2,0,0.0,0,0.0,WR,EdwaBr01
4902,D'Wayne Eskridge,1.00,1,Thu,11,12,2023-11-23,26-245,SEA,,SFO,L 13-31,1.00,1.00,1.0,1.0,1,1.8,0,0.0,12,41.4,WR,EskrDW00
4903,Zay Flowers,1.00,39,Sun,4,4,2024-09-29,24-018,BAL,,BUF,W 35-10,1.00,2.00,2.0,1.5,39,68.4,0,0.0,0,0.0,WR,FlowZa00
4904,Michael Gallup,1.00,60,Sun,17,18,2023-01-08,26-310,DAL,@,WAS,L 6-26,1.00,2.00,2.0,1.5,60,89.6,0,0.0,0,0.0,WR,GallMi00
4905,Michael Gallup,1.00,39,Sun,1,1,2023-09-10,27-190,DAL,@,NYG,W 40-0,1.00,2.00,2.0,1.5,39,67.2,0,0.0,0,0.0,WR,GallMi00
4906,Marquise Goodwin,1.00,38,Thu,14,15,2022-12-15,32-026,SEA,,SFO,L 13-21,1.00,3.00,3.0,2.0,38,59.4,0,0.0,0,0.0,WR,GoodMa00
4907,Danny Gray,1.00,13,Sun,13,14,2022-12-11,23-254,SFO,,TAM,W 35-7,1.00,2.00,2.0,1.5,13,20.6,0,0.0,5,23.8,WR,GrayDa02
4908,KJ Hamler,1.00,39,Thu,5,5,2022-10-06,23-090,DEN,,IND,L 9-12 (OT),1.00,2.00,2.0,1.5,39,53.4,0,0.0,0,0.0,WR,HamlKJ00
4909,Mecole Hardman,1.00,13,Sun,9,9,2023-11-05,25-238,KAN,,MIA,W 21-14,1.00,4.00,4.0,2.5,13,21.7,0,0.0,10,40.0,WR,HardMe00
4910,Deonte Harty,1.00,15,Sun,4,4,2023-10-01,25-301,BUF,,MIA,W 48-20,1.00,3.00,3.0,2.0,15,25.9,0,0.0,3,10.7,WR,HarrDe07
4911,Deonte Harty,1.00,19,Sun,7,7,2023-10-22,25-322,BUF,@,NWE,L 25-29,1.00,2.00,2.0,1.5,19,26.8,0,0.0,2,8.3,WR,HarrDe07
4912,KhaDarel Hodge,1.00,19,Sun,14,15,2023-12-17,28-348,ATL,@,CAR,L 7-9,1.00,2.00,2.0,1.5,19,36.5,0,0.0,13,68.4,WR,HodgKh00
4913,Jalin Hyatt,1.00,45,Mon,4,4,2023-10-02,22-007,NYG,,SEA,L 3-24,1.00,3.00,3.0,2.0,45,60.0,0,0.0,0,0.0,WR,HyatJa00
4914,Andy Isabella,1.00,21,Sun,1,1,2022-09-11,25-297,ARI,,KAN,L 21-44,1.00,2.00,2.0,1.5,21,32.3,0,0.0,5,18.5,WR,IsabAn00
4915,DeSean Jackson,1.00,25,Sun,12,13,2022-12-04,36-003,BAL,,DEN,W 10-9,1.00,3.00,3.0,2.0,25,34.7,0,0.0,0,0.0,WR,JackDe00
4916,DeSean Jackson,1.00,15,Sat,15,16,2022-12-24,36-023,BAL,,ATL,W 17-9,1.00,2.00,2.0,1.5,15,28.8,0,0.0,0,0.0,WR,JackDe00
4917,Rakim Jarrett,1.00,50,Sun,10,10,2024-11-10,23-291,TAM,,SFO,L 20-23,1.00,3.00,3.0,2.0,50,82.0,0,0.0,0,0.0,WR,JarrRa00
4918,Jauan Jennings,1.00,26,Sun,17,18,2023-01-08,25-182,SFO,,ARI,W 38-13,1.00,2.00,2.0,1.5,26,41.9,0,0.0,0,0.0,WR,JennJa00
4919,Quentin Johnston,1.00,16,Sun,3,3,2023-09-24,22-018,LAC,@,MIN,W 28-24,1.00,3.00,3.0,2.0,16,24.2,0,0.0,0,0.0,WR,JohnQu02
4920,Charlie Jones,1.00,4,Sat,14,15,2023-12-16,25-048,CIN,,MIN,W 27-24 (OT),1.00,3.00,3.0,2.0,4,5.7,0,0.0,3,11.1,WR,JoneCh11
4921,Tim Jones,1.00,14,Sun,9,9,2024-11-03,26-171,JAX,@,PHI,L 23-28,1.00,2.00,2.0,1.5,14,25.9,0,0.0,18,78.3,WR,JoneTi00
4922,Velus Jones Jr.,1.00,3,Sun,4,4,2023-10-01,26-143,CHI,,DEN,L 28-31,1.00,1.00,1.0,1.0,3,4.2,0,0.0,14,53.8,WR,JoneVe00
4923,Zay Jones,1.00,54,Sun,11,12,2023-11-26,28-241,JAX,@,HOU,W 24-21,1.00,2.00,2.0,1.5,54,71.1,0,0.0,0,0.0,WR,JoneZa00
4924,Tyler Lockett,1.00,45,Sun,1,1,2023-09-10,30-347,SEA,,LAR,L 13-30,1.00,3.00,3.0,2.0,45,88.2,0,0.0,0,0.0,WR,LockTy00
4925,Tyler Lockett,1.00,40,Sun,16,17,2023-12-31,31-094,SEA,,PIT,L 23-30,1.00,2.00,2.0,1.5,40,81.6,0,0.0,0,0.0,WR,LockTy00
4926,Terry McLaurin,1.00,47,Thu,11,11,2024-11-14,29-060,WAS,@,PHI,L 18-26,1.00,2.00,2.0,1.5,47,71.2,0,0.0,0,0.0,WR,McLaTe00
4927,D.K. Metcalf,1.00,46,Sun,17,18,2024-01-07,26-024,SEA,@,ARI,W 21-20,1.00,2.00,2.0,1.5,46,83.6,0,0.0,0,0.0,WR,MetcDK00
4928,Scott Miller,1.00,18,Sun,5,5,2023-10-08,26-069,ATL,,HOU,W 21-19,1.00,3.00,3.0,2.0,18,23.4,0,0.0,6,20.7,WR,MillSc01
4929,Marvin Mims,1.00,9,Sun,2,2,2024-09-15,22-180,DEN,,PIT,L 6-13,1.00,2.00,2.0,1.5,9,14.8,0,0.0,12,48.0,WR,MimsMa00
4930,Adonai Mitchell,1.00,13,Sun,4,4,2024-09-29,21-357,IND,,PIT,W 27-24,1.00,1.00,1.0,1.0,13,19.7,0,0.0,0,0.0,WR,MitcAd00
4931,Adonai Mitchell,1.00,12,Sun,12,12,2024-11-24,22-047,IND,,DET,L 6-24,1.00,2.00,2.0,1.5,12,21.8,0,0.0,0,0.0,WR,MitcAd00
4932,D.J. Moore,1.00,54,Sun,17,18,2023-01-08,25-269,CAR,@,NOR,W 10-7,1.00,2.00,2.0,1.5,54,91.5,0,0.0,0,0.0,WR,MoorD.00
4933,Rome Odunze,1.00,47,Sun,4,4,2024-09-29,22-118,CHI,,LAR,W 24-18,1.00,2.00,2.0,1.5,47,78.3,0,0.0,0,0.0,WR,OdunRo00
4934,Chris Olave,1.00,50,Mon,5,5,2024-10-07,24-102,NOR,@,KAN,L 13-26,1.00,3.00,3.0,2.0,50,94.3,0,0.0,0,0.0,WR,OlavCh00
4935,Josh Palmer,1.00,39,Sun,14,15,2024-12-15,25-084,LAC,,TAM,L 17-40,1.00,3.00,3.0,2.0,39,75.0,0,0.0,0,0.0,WR,PalmJo00
4936,Trey Palmer,1.00,29,Sun,17,18,2024-01-07,22-280,TAM,@,CAR,W 9-0,1.00,3.00,3.0,2.0,29,44.6,0,0.0,0,0.0,WR,PalmTr00
4937,Zach Pascal,1.00,21,Sun,4,4,2023-10-01,28-287,ARI,@,SFO,L 16-35,1.00,4.00,4.0,2.5,21,29.6,0,0.0,15,68.2,WR,PascZa00
4938,Zach Pascal,1.00,21,Mon,9,10,2022-11-14,27-331,PHI,,WAS,L 21-32,1.00,2.00,2.0,1.5,21,42.0,0,0.0,17,65.4,WR,PascZa00
4939,Donovan Peoples-Jones,1.00,63,Thu,3,3,2022-09-22,23-215,CLE,,PIT,W 29-17,1.00,2.00,2.0,1.5,63,87.5,0,0.0,1,3.6,WR,PeopDo00
4940,Kyle Philips,1.00,11,Sun,10,11,2023-11-19,24-155,TEN,@,JAX,L 14-34,1.00,2.00,2.0,1.5,11,27.5,0,0.0,0,0.0,WR,PhilKy01
4941,Alec Pierce,1.00,65,Sun,5,5,2023-10-08,23-159,IND,,TEN,W 23-16,1.00,2.00,2.0,1.5,65,98.5,0,0.0,0,0.0,WR,PierAl00
4942,Byron Pringle,1.00,11,Thu,5,5,2023-10-05,29-322,WAS,,CHI,L 20-40,1.00,2.00,2.0,1.5,11,15.7,0,0.0,14,46.7,WR,PrinBy00
4943,Jayden Reed,1.00,43,Sun,7,7,2024-10-20,24-175,GNB,,HOU,W 24-22,1.00,3.00,3.0,2.0,43,74.1,0,0.0,4,13.8,WR,ReedJa03
4944,Allen Robinson,1.00,47,Thu,8,9,2023-11-02,30-070,PIT,,TEN,W 20-16,1.00,2.00,2.0,1.5,47,72.3,0,0.0,0,0.0,WR,RobiAl02
4945,Demarcus Robinson,1.00,39,Sun,4,4,2022-10-02,28-011,BAL,,BUF,L 20-23,1.00,3.00,3.0,2.0,39,55.7,0,0.0,0,0.0,WR,RobiDe01
4946,Wan'Dale Robinson,1.00,47,Sun,9,9,2024-11-03,23-303,NYG,,WAS,L 22-27,1.00,4.00,4.0,2.5,47,72.3,0,0.0,0,0.0,WR,RobiWa01
4947,Khalil Shakir,1.00,16,Thu,12,13,2022-12-01,22-301,BUF,@,NWE,W 24-10,1.00,2.00,2.0,1.5,16,21.3,0,0.0,2,8.3,WR,ShakKh00
4948,Laviska Shenault Jr.,1.00,7,Sun,8,8,2024-10-27,26-022,SEA,,BUF,L 10-31,1.00,2.00,2.0,1.5,7,13.7,0,0.0,11,47.8,WR,ShenLa00
4949,Sterling Shepard,1.00,44,Sun,10,10,2024-11-10,31-274,TAM,,SFO,L 20-23,1.00,2.00,2.0,1.5,44,72.1,0,0.0,0,0.0,WR,ShepSt00
4950,Ben Skowronek,1.00,36,Sun,7,8,2022-10-30,25-125,LAR,,SFO,L 14-31,1.00,2.00,2.0,1.5,36,62.1,0,0.0,9,37.5,WR,SkowBe00
4951,Ihmir Smith-Marsette,1.00,26,Sun,13,14,2023-12-10,24-103,CAR,@,NOR,L 6-28,1.00,1.00,1.0,1.0,26,32.5,0,0.0,8,33.3,WR,SmitIh00
4952,Jaxon Smith-Njigba,1.00,33,Sun,3,3,2023-09-24,21-222,SEA,,CAR,W 37-27,1.00,2.00,2.0,1.5,33,44.0,0,0.0,0,0.0,WR,SmitJa06
4953,JuJu Smith-Schuster,1.00,42,Thu,2,2,2022-09-15,25-297,KAN,,LAC,W 27-24,1.00,4.00,4.0,2.5,42,73.7,0,0.0,0,0.0,WR,SmitJu00
4954,JuJu Smith-Schuster,1.00,40,Fri,12,13,2024-11-29,28-007,KAN,,LVR,W 19-17,1.00,2.00,2.0,1.5,40,56.3,0,0.0,0,0.0,WR,SmitJu00
4955,JuJu Smith-Schuster,1.00,44,Sun,11,12,2023-11-26,27-004,NWE,@,NYG,L 7-10,1.00,3.00,3.0,2.0,44,64.7,0,0.0,0,0.0,WR,SmitJu00
4956,Keith Smith,1.00,28,Sun,6,6,2022-10-16,30-191,ATL,,SFO,W 28-14,1.00,2.00,2.0,1.5,28,48.3,0,0.0,16,72.7,WR,SmitKe03
4957,Tre'Quan Smith,1.00,52,Sun,5,5,2022-10-09,26-275,NOR,,SEA,W 39-32,1.00,2.00,2.0,1.5,52,67.5,0,0.0,0,0.0,WR,SmitTr03
4958,Cody Thompson,1.00,6,Mon,4,4,2023-10-02,27-264,SEA,@,NYG,W 24-3,1.00,2.00,2.0,1.5,6,10.9,0,0.0,11,47.8,WR,ThomCo04
4959,Deven Thompkins,1.00,18,Sun,1,1,2023-09-10,23-261,TAM,@,MIN,W 20-17,1.00,3.00,3.0,2.0,18,26.5,0,0.0,9,32.1,WR,ThomDe07
4960,Cedric Tillman,1.00,66,Sun,10,11,2023-11-19,23-214,CLE,,PIT,W 13-10,1.00,2.00,2.0,1.5,66,88.0,0,0.0,1,3.4,WR,TillCe01
4961,KaVontae Turpin,1.00,13,Thu,12,13,2023-11-30,27-120,DAL,,SEA,W 41-35,1.00,2.00,2.0,1.5,13,14.6,0,0.0,6,21.4,WR,TurpKa00
4962,KaVontae Turpin,1.00,32,Sun,6,6,2024-10-13,28-072,DAL,,DET,L 9-47,1.00,5.00,6.0,3.0,32,46.4,0,0.0,10,35.7,WR,TurpKa00
4963,Parker Washington,1.00,28,Sun,11,11,2024-11-17,22-241,JAX,@,DET,L 6-52,1.00,2.00,2.0,1.5,28,58.3,0,0.0,0,0.0,WR,WashPa01
4964,Quez Watkins,1.00,48,Sun,14,15,2022-12-18,24-192,PHI,@,CHI,W 25-20,1.00,5.00,5.0,3.0,48,65.8,0,0.0,1,4.0,WR,WatkQu00
4965,Justin Watson,1.00,11,Mon,5,5,2022-10-10,26-189,KAN,,LVR,W 30-29,1.00,2.00,2.0,1.5,11,15.3,0,0.0,3,10.7,WR,WatsJu01
4966,Kevin White,1.00,18,Mon,9,9,2022-11-07,30-135,NOR,,BAL,L 13-27,1.00,2.00,2.0,1.5,18,35.3,0,0.0,14,53.8,WR,WhitKe00
4967,Dontayvion Wicks,1.00,13,Mon,5,5,2023-10-09,22-115,GNB,@,LVR,L 13-17,1.00,2.00,2.0,1.5,13,22.4,0,0.0,0,0.0,WR,WickDo00
4968,Mike Williams,1.00,62,Sun,1,1,2022-09-11,27-342,LAC,,LVR,W 24-19,1.00,3.00,3.0,2.0,62,92.5,0,0.0,0,0.0,WR,WillMi07
4969,Garrett Wilson,1.00,57,Thu,15,16,2022-12-22,22-153,NYJ,,JAX,L 3-19,1.00,5.00,6.0,3.0,57,96.6,0,0.0,0,0.0,WR,WilsGa00
4970,Robert Woods,1.00,50,Sun,9,10,2022-11-13,30-217,TEN,,DEN,W 17-10,1.00,3.00,3.0,2.0,50,80.6,0,0.0,0,0.0,WR,WoodRo02
4971,Robert Woods,1.00,54,Sun,4,4,2024-09-29,32-172,HOU,,JAX,W 24-20,1.00,2.00,2.0,1.5,54,72.0,0,0.0,7,24.1,WR,WoodRo02
4972,Olamide Zaccheaus,1.00,34,Sun,5,5,2024-10-06,27-075,WAS,,CLE,W 34-13,1.00,2.00,2.0,1.5,34,50.7,0,0.0,7,22.6,WR,ZaccOl01
4973,Olamide Zaccheaus,1.00,28,Thu,11,11,2024-11-14,27-114,WAS,@,PHI,L 18-26,1.00,2.00,2.0,1.5,28,42.4,0,0.0,3,11.1,WR,ZaccOl01
4974,Tutu Atwell,0.90,2,Sun,6,6,2022-10-16,23-009,LAR,,CAR,W 24-10,0.90,0.90,0.9,0.9,2,3.1,0,0.0,0,0.0,WR,AtweTu00
4975,Tutu Atwell,0.90,25,Sun,12,13,2023-12-03,24-057,LAR,,CLE,W 36-19,0.90,1.90,1.9,1.4,25,39.1,0,0.0,0,0.0,WR,AtweTu00
4976,Calvin Austin III,0.90,13,Sun,9,10,2023-11-12,24-233,PIT,,GNB,W 23-19,0.90,1.90,1.9,1.4,13,20.0,0,0.0,4,13.8,WR,AustCa00
4977,Cole Beasley,0.90,11,Sat,14,15,2022-12-17,33-235,BUF,,MIA,W 32-29,0.90,1.90,1.9,1.4,11,14.1,0,0.0,0,0.0,WR,BeasCo00
4978,Cole Beasley,0.90,6,Sat,15,16,2022-12-24,33-242,BUF,@,CHI,W 35-13,0.90,1.90,1.9,1.4,6,9.4,0,0.0,0,0.0,WR,BeasCo00
4979,Odell Beckham Jr.,0.90,14,Thu,12,13,2024-11-28,32-023,MIA,@,GNB,L 17-30,0.90,1.90,1.9,1.4,14,19.7,0,0.0,0,0.0,WR,BeckOd00
4980,Braxton Berrios,0.90,24,Sun,17,18,2024-01-07,28-093,MIA,,BUF,L 14-21,0.90,2.90,2.9,1.9,24,46.2,0,0.0,5,27.8,WR,BerrBr00
4981,Braxton Berrios,0.90,20,Sun,12,13,2022-12-04,27-059,NYJ,@,MIN,L 22-27,0.90,2.90,2.9,1.9,20,23.5,0,0.0,18,56.3,WR,BerrBr00
4982,Jake Bobo,0.90,8,Thu,12,13,2023-11-30,25-118,SEA,@,DAL,L 35-41,0.90,1.90,1.9,1.4,8,11.6,0,0.0,9,32.1,WR,BoboJa00
4983,Jake Bobo,0.90,14,Sun,17,18,2024-01-07,25-156,SEA,@,ARI,W 21-20,0.90,1.90,1.9,1.4,14,25.5,0,0.0,5,19.2,WR,BoboJa00
4984,Kendrick Bourne,0.90,34,Sun,6,6,2024-10-13,29-070,NWE,,HOU,L 21-41,0.90,2.90,2.9,1.9,34,51.5,0,0.0,0,0.0,WR,BourKe00
4985,Treylon Burks,0.90,26,Sun,3,3,2024-09-22,24-183,TEN,,GNB,L 14-30,0.90,1.90,1.9,1.4,26,48.1,0,0.0,0,0.0,WR,BurkTr00
4986,DeAndre Carter,0.90,42,Sun,5,5,2022-10-09,29-182,LAC,@,CLE,W 30-28,0.90,2.90,2.9,1.9,42,59.2,0,0.0,7,25.9,WR,CartDe02
4987,DJ Chark,0.90,15,Sun,13,14,2024-12-08,28-076,LAC,@,KAN,L 17-19,0.90,1.90,1.9,1.4,15,25.0,0,0.0,0,0.0,WR,CharDJ00
4988,Amari Cooper,0.90,62,Sun,4,4,2022-10-02,28-107,CLE,@,ATL,L 20-23,0.90,1.90,1.9,1.4,62,84.9,0,0.0,0,0.0,WR,CoopAm00
4989,Jamison Crowder,0.90,45,Sun,3,3,2022-09-25,29-100,BUF,@,MIA,L 19-21,0.90,1.90,1.9,1.4,45,48.9,0,0.0,6,27.3,WR,CrowJa00
4990,Corey Davis,0.90,43,Sun,11,12,2022-11-27,27-320,NYJ,,CHI,W 31-10,0.90,1.90,1.9,1.4,43,68.3,0,0.0,0,0.0,WR,DaviCo03
4991,Derius Davis,0.90,7,Sun,1,1,2024-09-08,23-363,LAC,,LVR,W 22-10,0.90,0.90,0.9,0.9,7,12.3,0,0.0,8,28.6,WR,DaviDe02
4992,Greg Dortch,0.90,25,Sun,8,8,2024-10-27,26-151,ARI,@,MIA,W 28-27,0.90,1.90,1.9,1.4,25,37.9,0,0.0,7,26.9,WR,DortGr01
4993,Ashton Dulin,0.90,15,Sun,5,5,2024-10-06,27-144,IND,@,JAX,L 34-37,0.90,0.90,0.9,0.9,15,21.4,0,0.0,20,58.8,WR,DuliAs00
4994,Alex Erickson,0.90,45,Sun,13,14,2023-12-10,31-034,LAC,,DEN,L 7-24,0.90,1.90,1.9,1.4,45,66.2,0,0.0,5,20.8,WR,EricAl01
4995,Troy Franklin,0.90,27,Sun,8,8,2024-10-27,21-264,DEN,,CAR,W 28-14,0.90,1.90,1.9,1.4,27,37.0,0,0.0,0,0.0,WR,FranTr00
4996,Troy Franklin,0.90,20,Sun,10,10,2024-11-10,21-278,DEN,@,KAN,L 14-16,0.90,1.90,1.9,1.4,20,34.5,0,0.0,0,0.0,WR,FranTr00
4997,Troy Franklin,0.90,29,Sun,14,15,2024-12-15,21-313,DEN,,IND,W 31-13,0.90,2.90,2.9,1.9,29,46.0,0,0.0,0,0.0,WR,FranTr00
4998,Michael Gallup,0.90,29,Sun,14,15,2023-12-17,27-288,DAL,@,BUF,L 10-31,0.90,1.90,1.9,1.4,29,50.9,0,0.0,0,0.0,WR,GallMi00
4999,Danny Gray,0.90,4,Sun,16,17,2023-01-01,23-275,SFO,@,LVR,W 37-34 (OT),0.90,0.90,0.9,0.9,4,6.0,0,0.0,0,0.0,WR,GrayDa02
5000,Deonte Harty,0.90,11,Sun,2,2,2022-09-18,24-288,NOR,,TAM,L 10-20,0.90,1.90,1.9,1.4,11,16.2,0,0.0,12,46.2,WR,HarrDe07
5001,Malik Heath,0.90,23,Sun,17,18,2024-01-07,23-282,GNB,,CHI,W 17-9,0.90,3.90,3.9,2.4,23,38.3,0,0.0,0,0.0,WR,HeatMa00
5002,Isaiah Hodgins,0.90,45,Sun,10,11,2022-11-20,24-030,NYG,,DET,L 18-31,0.90,3.90,4.9,2.4,45,59.2,0,0.0,0,0.0,WR,HodgIs00
5003,KhaDarel Hodge,0.90,46,Sun,9,9,2024-11-03,29-305,ATL,,DAL,W 27-21,0.90,1.90,1.9,1.4,46,80.7,0,0.0,8,30.8,WR,HodgKh00
5004,KhaDarel Hodge,0.90,25,Sun,16,17,2024-12-29,29-361,ATL,@,WAS,L 24-30 (OT),0.90,1.90,1.9,1.4,25,39.1,0,0.0,17,63.0,WR,HodgKh00
5005,DeAndre Hopkins,0.90,29,Sun,2,2,2024-09-15,32-101,TEN,,NYJ,L 17-24,0.90,1.90,1.9,1.4,29,43.9,0,0.0,0,0.0,WR,HopkDe00
5006,Lil'Jordan Humphrey,0.90,31,Sun,4,4,2022-10-02,24-166,NWE,@,GNB,L 24-27 (OT),0.90,1.90,1.9,1.4,31,53.4,0,0.0,9,28.1,WR,HumpLi01
5007,Xavier Hutchinson,0.90,7,Sun,1,1,2023-09-10,23-101,HOU,@,BAL,L 9-25,0.90,1.90,1.9,1.4,7,9.1,0,0.0,7,28.0,WR,HutcXa00
5008,Jalin Hyatt,0.90,12,Sun,15,16,2024-12-22,23-088,NYG,@,ATL,L 7-34,0.90,1.90,1.9,1.4,12,20.3,0,0.0,0,0.0,WR,HyatJa00
5009,Andrei Iosivas,0.90,26,Sun,5,5,2023-10-08,23-358,CIN,@,ARI,W 34-20,0.90,1.90,1.9,1.4,26,31.7,0,0.0,10,37.0,WR,IosiAn00
5010,Andrei Iosivas,0.90,9,Sun,8,9,2023-11-05,24-021,CIN,,BUF,W 24-18,0.90,1.90,1.9,1.4,9,12.9,0,0.0,15,71.4,WR,IosiAn00
5011,DeSean Jackson,0.90,18,Sun,16,17,2023-01-01,36-031,BAL,,PIT,L 13-16,0.90,1.90,1.9,1.4,18,34.6,0,0.0,0,0.0,WR,JackDe00
5012,Rakim Jarrett,0.90,10,Thu,7,8,2023-10-26,22-275,TAM,@,BUF,L 18-24,0.90,1.90,1.9,1.4,10,14.7,0,0.0,11,42.3,WR,JarrRa00
5013,Rakim Jarrett,0.90,46,Mon,9,9,2024-11-04,23-285,TAM,@,KAN,L 24-30 (OT),0.90,1.90,1.9,1.4,46,83.6,0,0.0,2,7.1,WR,JarrRa00
5014,Van Jefferson,0.90,66,Sun,2,2,2023-09-17,27-053,LAR,,SFO,L 23-30,0.90,1.90,1.9,1.4,66,82.5,0,0.0,0,0.0,WR,JeffVa00
5015,Brandon Johnson,0.90,32,Sun,5,5,2023-10-08,25-074,DEN,,NYJ,L 21-31,0.90,1.90,1.9,1.4,32,50.8,0,0.0,0,0.0,WR,JohnBr23
5016,Brandon Johnson,0.90,5,Sun,5,5,2024-10-06,26-072,PIT,,DAL,L 17-20,0.90,1.90,1.9,1.4,5,8.6,0,0.0,0,0.0,WR,JohnBr23
5017,Quentin Johnston,0.90,22,Sun,1,1,2023-09-10,22-004,LAC,,MIA,L 34-36,0.90,2.90,2.9,1.9,22,27.2,0,0.0,0,0.0,WR,JohnQu02
5018,Christian Kirk,0.90,42,Sun,1,1,2023-09-10,26-296,JAX,@,IND,W 31-21,0.90,1.90,1.9,1.4,42,60.0,0,0.0,0,0.0,WR,KirkCh01
5019,Keith Kirkwood,0.90,9,Thu,15,16,2023-12-21,28-360,NOR,@,LAR,L 22-30,0.90,1.90,1.9,1.4,9,15.0,0,0.0,11,45.8,WR,KirkKe00
5020,Allen Lazard,0.90,54,Sun,16,17,2024-12-29,29-018,NYJ,@,BUF,L 14-40,0.90,1.90,1.9,1.4,54,85.7,0,0.0,0,0.0,WR,LazaAl00
5021,Xavier Legette,0.90,36,Sun,7,7,2024-10-20,23-265,CAR,@,WAS,L 7-40,0.90,2.90,2.9,1.9,36,83.7,0,0.0,9,34.6,WR,LegeXa00
5022,Xavier Legette,0.90,23,Sun,14,15,2024-12-15,23-321,CAR,,DAL,L 14-30,0.90,2.90,2.9,1.9,23,41.8,0,0.0,3,12.0,WR,LegeXa00
5023,Tyler Lockett,0.90,40,Sun,8,8,2024-10-27,32-029,SEA,,BUF,L 10-31,0.90,1.90,1.9,1.4,40,78.4,0,0.0,0,0.0,WR,LockTy00
5024,Drake London,0.90,40,Sun,7,7,2022-10-23,21-091,ATL,@,CIN,L 17-35,0.90,1.90,1.9,1.4,40,85.1,0,0.0,0,0.0,WR,LondDr00
5025,Terrace Marshall Jr.,0.90,4,Sun,7,8,2023-10-29,23-142,CAR,,HOU,W 15-13,0.90,1.90,1.9,1.4,4,6.0,0,0.0,0,0.0,WR,MarsTe00
5026,Ray-Ray McCloud,0.90,64,Sun,7,7,2024-10-20,28-005,ATL,,SEA,L 14-34,0.90,2.90,2.9,1.9,64,87.7,0,0.0,7,26.9,WR,McClRa00
5027,Isaiah McKenzie,0.90,37,Sun,6,6,2022-10-16,27-190,BUF,@,KAN,W 24-20,0.90,2.90,2.9,1.9,37,50.7,0,0.0,4,17.4,WR,McKeIs00
5028,John Metchie,0.90,24,Sun,12,13,2023-12-03,23-138,HOU,,DEN,W 22-17,0.90,1.90,1.9,1.4,24,35.3,0,0.0,7,21.9,WR,MetcJo00
5029,Marvin Mims,0.90,17,Sun,1,1,2023-09-10,21-175,DEN,,LVR,L 16-17,0.90,2.90,2.9,1.9,17,26.6,0,0.0,5,26.3,WR,MimsMa00
5030,Marvin Mims,0.90,16,Sun,3,3,2024-09-22,22-187,DEN,@,TAM,W 26-7,0.90,1.90,1.9,1.4,16,23.5,0,0.0,6,27.3,WR,MimsMa00
5031,Jonathan Mingo,0.90,61,Sun,15,16,2023-12-24,22-248,CAR,,GNB,L 30-33,0.90,1.90,1.9,1.4,61,92.4,0,0.0,0,0.0,WR,MingJo00
5032,Adonai Mitchell,0.90,15,Sun,6,6,2024-10-13,22-005,IND,@,TEN,W 20-17,0.90,2.90,2.9,1.9,15,21.4,0,0.0,0,0.0,WR,MitcAd00
5033,Adonai Mitchell,0.90,13,Sun,8,8,2024-10-27,22-019,IND,@,HOU,L 20-23,0.90,1.90,1.9,1.4,13,20.3,0,0.0,0,0.0,WR,MitcAd00
5034,Chris Moore,0.90,49,Sun,15,16,2023-12-24,30-191,TEN,,SEA,L 17-20,0.90,1.90,1.9,1.4,49,74.2,0,0.0,6,27.3,WR,MoorCh00
5035,Elijah Moore,0.90,71,Sun,1,1,2024-09-08,24-165,CLE,,DAL,L 17-33,0.90,3.90,3.9,2.4,71,93.4,0,0.0,0,0.0,WR,MoorEl00
5036,Gunner Olszewski,0.90,21,Mon,11,12,2022-11-28,26-002,PIT,@,IND,W 24-17,0.90,0.90,0.9,0.9,21,30.4,0,0.0,7,26.9,WR,OlszGu00
5037,K.J. Osborn,0.90,41,Sun,17,18,2024-01-07,26-211,MIN,@,DET,L 20-30,0.90,2.90,2.9,1.9,41,56.2,0,0.0,0,0.0,WR,OsboKJ00
5038,Josh Palmer,0.90,50,Sun,1,1,2022-09-11,22-354,LAC,,LVR,W 24-19,0.90,3.90,3.9,2.4,50,74.6,0,0.0,1,4.2,WR,PalmJo00
5039,DeVante Parker,0.90,57,Sun,1,1,2022-09-11,29-234,NWE,@,MIA,L 7-20,0.90,1.90,1.9,1.4,57,100.0,0,0.0,1,5.3,WR,ParkDe01
5040,Zach Pascal,0.90,23,Sun,2,2,2023-09-17,28-273,ARI,,NYG,L 28-31,0.90,1.90,1.9,1.4,23,35.4,0,0.0,17,60.7,WR,PascZa00
5041,Zach Pascal,0.90,29,Sun,10,11,2022-11-20,27-337,PHI,@,IND,W 17-16,0.90,1.90,1.9,1.4,29,42.6,0,0.0,16,64.0,WR,PascZa00
5042,Breshad Perriman,0.90,32,Sun,17,18,2023-01-08,29-120,TAM,@,ATL,L 17-30,0.90,1.90,1.9,1.4,32,58.2,0,0.0,4,14.3,WR,PerrBr02
5043,Dante Pettis,0.90,7,Sun,11,11,2024-11-17,29-025,NOR,,CLE,W 35-14,0.90,1.90,1.9,1.4,7,11.7,0,0.0,5,20.0,WR,PettDa00
5044,Alec Pierce,0.90,55,Sun,4,4,2024-09-29,24-150,IND,,PIT,W 27-24,0.90,1.90,1.9,1.4,55,83.3,0,0.0,0,0.0,WR,PierAl00
5045,Brandon Powell,0.90,19,Sun,8,9,2024-11-03,29-052,MIN,,IND,W 21-13,0.90,1.90,1.9,1.4,19,26.0,0,0.0,4,18.2,WR,PoweBr00
5046,Brandon Powell,0.90,37,Sun,16,17,2023-01-01,27-111,LAR,@,LAC,L 10-31,0.90,1.90,1.9,1.4,37,75.5,0,0.0,15,60.0,WR,PoweBr00
5047,Kendric Pryor,0.90,18,Sun,9,9,2024-11-03,26-302,CIN,,LVR,W 41-24,0.90,1.90,1.9,1.4,18,24.3,0,0.0,5,15.6,WR,PryoKe00
5048,Kalif Raymond,0.90,13,Sun,12,13,2023-12-03,29-117,DET,@,NOR,W 33-28,0.90,0.90,0.9,0.9,13,22.4,0,0.0,4,13.3,WR,RaymKa00
5049,Kalif Raymond,0.90,6,Mon,4,4,2024-09-30,30-053,DET,,SEA,W 42-29,0.90,1.90,1.9,1.4,6,11.3,0,0.0,8,27.6,WR,RaymKa00
5050,Calvin Ridley,0.90,39,Sun,3,3,2024-09-22,29-277,TEN,,GNB,L 14-30,0.90,1.90,1.9,1.4,39,72.2,0,0.0,0,0.0,WR,RidlCa00
5051,Calvin Ridley,0.90,48,Sun,5,6,2024-10-13,29-298,TEN,,IND,L 17-20,0.90,0.90,0.9,0.9,48,82.8,0,0.0,0,0.0,WR,RidlCa00
5052,Demarcus Robinson,0.90,50,Sun,6,7,2024-10-20,30-029,LAR,,LVR,W 20-15,0.90,1.90,1.9,1.4,50,90.9,0,0.0,0,0.0,WR,RobiDe01
5053,Demarcus Robinson,0.90,40,Sat,14,15,2022-12-17,28-087,BAL,@,CLE,L 3-13,0.90,6.90,7.9,3.9,40,63.5,0,0.0,0,0.0,WR,RobiDe01
5054,Demarcus Robinson,0.90,31,Sun,16,17,2023-01-01,28-102,BAL,,PIT,L 13-16,0.90,1.90,1.9,1.4,31,59.6,0,0.0,0,0.0,WR,RobiDe01
5055,Rashid Shaheed,0.90,19,Sun,11,12,2023-11-26,25-087,NOR,@,ATL,L 15-24,0.90,2.90,2.9,1.9,19,26.4,0,0.0,3,12.5,WR,ShahRa00
5056,Laviska Shenault Jr.,0.90,17,Sun,17,18,2023-01-08,24-095,CAR,@,NOR,W 10-7,0.90,1.90,1.9,1.4,17,28.8,0,0.0,0,0.0,WR,ShenLa00
5057,Laviska Shenault Jr.,0.90,3,Sun,10,11,2023-11-19,25-045,CAR,,DAL,L 10-33,0.90,2.90,2.9,1.9,3,5.1,0,0.0,12,44.4,WR,ShenLa00
5058,Trent Sherfield,0.90,21,Sun,9,9,2023-11-05,27-253,BUF,@,CIN,L 18-24,0.90,1.90,1.9,1.4,21,36.2,0,0.0,10,47.6,WR,SherTr00
5059,Trent Sherfield,0.90,15,Sun,13,14,2023-12-10,27-288,BUF,@,KAN,W 20-17,0.90,1.90,1.9,1.4,15,19.5,0,0.0,10,41.7,WR,SherTr00
5060,Trent Sherfield,0.90,25,Sun,2,2,2022-09-18,26-205,MIA,@,BAL,W 42-38,0.90,2.90,2.9,1.9,25,35.2,0,0.0,18,60.0,WR,SherTr00
5061,Steven Sims,0.90,24,Mon,11,12,2022-11-28,25-242,PIT,@,IND,W 24-17,0.90,2.90,2.9,1.9,24,34.8,0,0.0,7,26.9,WR,SimsSt00
5062,JuJu Smith-Schuster,0.90,68,Sun,10,10,2023-11-12,26-355,NWE,,IND,L 6-10,0.90,1.90,1.9,1.4,68,98.6,0,0.0,0,0.0,WR,SmitJu00
5063,Willie Snead,0.90,7,Sun,4,4,2023-10-01,30-349,SFO,,ARI,W 35-16,0.90,1.90,1.9,1.4,7,12.7,0,0.0,4,18.2,WR,SneaWi00
5064,Equanimeous St. Brown,0.90,31,Sun,10,10,2022-11-13,26-044,CHI,,DET,L 30-31,0.90,0.90,0.9,0.9,31,50.8,0,0.0,0,0.0,WR,St.BEq00
5065,Equanimeous St. Brown,0.90,59,Sun,4,4,2022-10-02,26-002,CHI,@,NYG,L 12-20,0.90,0.90,0.9,0.9,59,95.2,0,0.0,0,0.0,WR,St.BEq00
5066,Freddie Swain,0.90,38,Sun,14,15,2022-12-18,24-136,DEN,,ARI,W 24-15,0.90,1.90,1.9,1.4,38,55.1,0,0.0,0,0.0,WR,SwaiFr00
5067,Deven Thompkins,0.90,7,Sun,15,16,2024-12-22,24-365,CAR,,ARI,W 36-30 (OT),0.90,0.90,0.9,0.9,7,10.3,0,0.0,3,9.1,WR,ThomDe07
5068,Michael Thomas,0.90,2,Sun,10,10,2023-11-12,30-254,NOR,@,MIN,L 19-27,0.90,1.90,1.9,1.4,2,3.0,0,0.0,0,0.0,WR,ThomMi05
5069,Jalen Tolbert,0.90,25,Sat,16,17,2023-12-30,24-306,DAL,,DET,W 20-19,0.90,1.90,1.9,1.4,25,38.5,0,0.0,14,53.8,WR,TolbJa00
5070,Tre Tucker,0.90,15,Sun,10,10,2023-11-12,22-249,LVR,,NYJ,W 16-12,0.90,0.90,0.9,0.9,15,23.4,0,0.0,4,14.8,WR,TuckTr00
5071,DJ Turner,0.90,5,Sun,1,1,2024-09-08,27-234,LVR,@,LAC,L 10-22,0.90,1.90,1.9,1.4,5,8.3,0,0.0,23,82.1,WR,TurnDJ00
5072,KaVontae Turpin,0.90,2,Sun,9,10,2022-11-13,26-103,DAL,@,GNB,L 28-31 (OT),0.90,1.90,1.9,1.4,2,2.4,0,0.0,10,33.3,WR,TurpKa00
5073,Jalen Virgil,0.90,9,Sun,13,14,2022-12-11,24-151,DEN,,KAN,L 28-34,0.90,1.90,1.9,1.4,9,12.5,0,0.0,15,46.9,WR,VirgJa00
5074,Jaylen Waddle,0.90,24,Sun,12,13,2022-12-04,24-009,MIA,@,SFO,L 17-33,0.90,1.90,1.9,1.4,24,52.2,0,0.0,0,0.0,WR,WaddJa00
5075,Tylan Wallace,0.90,9,Sun,2,2,2022-09-18,23-128,BAL,,MIA,L 38-42,0.90,1.90,1.9,1.4,9,15.3,0,0.0,15,50.0,WR,WallTy00
5076,Malik Washington,0.90,25,Sun,6,7,2024-10-20,23-290,MIA,@,IND,L 10-16,0.90,2.90,2.9,1.9,25,36.2,0,0.0,4,14.8,WR,WashMa00
5077,Malik Washington,0.90,21,Sun,8,9,2024-11-03,23-304,MIA,@,BUF,L 27-30,0.90,0.90,0.9,0.9,21,34.4,0,0.0,8,32.0,WR,WashMa00
5078,Montrell Washington,0.90,4,Thu,5,5,2022-10-06,23-206,DEN,,IND,L 9-12 (OT),0.90,0.90,0.9,0.9,4,5.5,0,0.0,17,54.8,WR,WashMo00
5079,Sammy Watkins,0.90,60,Sun,9,9,2022-11-06,29-145,GNB,@,DET,L 9-15,0.90,1.90,1.9,1.4,60,81.1,0,0.0,0,0.0,WR,WatkSa00
5080,Christian Watson,0.90,22,Sun,2,2,2022-09-18,23-129,GNB,,CHI,W 27-10,0.90,3.90,3.9,2.4,22,32.4,0,0.0,3,13.6,WR,WatsCh00
5081,Nick Westbrook-Ikhine,0.90,42,Sun,5,5,2023-10-08,26-201,TEN,@,IND,L 16-23,0.90,1.90,1.9,1.4,42,70.0,0,0.0,0,0.0,WR,WestNi00
5082,Nick Westbrook-Ikhine,0.90,39,Sun,9,10,2023-11-12,26-236,TEN,@,TAM,L 6-20,0.90,1.90,1.9,1.4,39,61.9,0,0.0,2,8.7,WR,WestNi00
5083,Nick Westbrook-Ikhine,0.90,64,Sun,14,15,2024-12-15,27-269,TEN,,CIN,L 27-37,0.90,2.90,2.9,1.9,64,91.4,0,0.0,0,0.0,WR,WestNi00
5084,Dontayvion Wicks,0.90,10,Sun,6,6,2024-10-13,23-119,GNB,,ARI,W 34-13,0.90,1.90,1.9,1.4,10,13.7,0,0.0,0,0.0,WR,WickDo00
5085,Johnny Wilson,0.90,24,Sun,3,3,2024-09-22,23-172,PHI,@,NOR,W 15-12,0.90,1.90,1.9,1.4,24,33.3,0,0.0,4,23.5,WR,WilsJo03
5086,Michael Wilson,0.90,52,Sun,14,15,2024-12-15,24-296,ARI,,NWE,W 30-17,0.90,2.90,2.9,1.9,52,74.3,0,0.0,1,4.0,WR,WilsMi02
5087,Nelson Agholor,0.80,33,Sun,1,1,2022-09-11,29-110,NWE,@,MIA,L 7-20,0.80,3.80,4.8,2.3,33,57.9,0,0.0,0,0.0,WR,AghoNe00
5088,Jamal Agnew,0.80,9,Thu,15,16,2022-12-22,27-263,JAX,@,NYJ,W 19-3,0.80,1.80,1.8,1.3,9,12.5,0,0.0,7,31.8,WR,AgneJa00
5089,Jamal Agnew,0.80,7,Sat,17,18,2023-01-07,27-279,JAX,,TEN,W 20-16,0.80,1.80,1.8,1.3,7,14.3,0,0.0,7,29.2,WR,AgneJa00
5090,Calvin Austin III,0.80,41,Mon,2,2,2023-09-18,24-178,PIT,,CLE,W 26-22,0.80,1.80,1.8,1.3,41,75.9,0,0.0,9,29.0,WR,AustCa00
5091,Calvin Austin III,0.80,17,Sat,17,18,2024-01-06,24-288,PIT,@,BAL,W 17-10,0.80,0.80,0.8,0.8,17,27.4,0,0.0,9,33.3,WR,AustCa00
5092,Kevin Austin,0.80,41,Sun,14,15,2024-12-15,24-260,NOR,,WAS,L 19-20,0.80,1.80,1.8,1.3,41,74.5,0,0.0,5,20.0,WR,AustKe00
5093,Rashod Bateman,0.80,27,Sun,5,5,2023-10-08,23-313,BAL,@,PIT,L 10-17,0.80,1.80,1.8,1.3,27,38.6,0,0.0,0,0.0,WR,BateRa00
5094,Braxton Berrios,0.80,41,Sun,8,8,2023-10-29,28-023,MIA,,NWE,W 31-17,0.80,2.80,2.8,1.8,41,53.2,0,0.0,9,34.6,WR,BerrBr00
5095,Jake Bobo,0.80,26,Sun,10,11,2023-11-19,25-107,SEA,@,LAR,L 16-17,0.80,1.80,1.8,1.3,26,40.0,0,0.0,7,26.9,WR,BoboJa00
5096,Jake Bobo,0.80,16,Sun,15,16,2023-12-24,25-142,SEA,@,TEN,W 20-17,0.80,1.80,1.8,1.3,16,25.8,0,0.0,7,31.8,WR,BoboJa00
5097,Jake Bobo,0.80,15,Sun,11,12,2024-11-24,26-112,SEA,,ARI,W 16-6,0.80,1.80,1.8,1.3,15,23.4,0,0.0,17,70.8,WR,BoboJa00
5098,Jake Bobo,0.80,15,Sun,14,15,2024-12-15,26-133,SEA,,GNB,L 13-30,0.80,1.80,1.8,1.3,15,25.4,0,0.0,20,69.0,WR,BoboJa00
5099,Kendrick Bourne,0.80,24,Sun,10,11,2022-11-20,27-108,NWE,,NYJ,W 10-3,0.80,1.80,1.8,1.3,24,38.1,0,0.0,0,0.0,WR,BourKe00
5100,Kayshon Boutte,0.80,11,Sun,11,12,2023-11-26,21-203,NWE,@,NYG,L 7-10,0.80,1.80,1.8,1.3,11,16.2,0,0.0,0,0.0,WR,BoutKa00
5101,A.J. Brown,0.80,53,Mon,10,11,2023-11-20,26-143,PHI,@,KAN,W 21-17,0.80,1.80,1.8,1.3,53,94.6,0,0.0,0,0.0,WR,BrowAJ00
5102,Noah Brown,0.80,7,Sun,16,17,2023-12-31,27-359,HOU,,TEN,W 26-3,0.80,1.80,1.8,1.3,7,11.5,0,0.0,0,0.0,WR,BrowNo00
5103,Jermaine Burton,0.80,18,Sun,11,11,2024-11-17,23-142,CIN,@,LAC,L 27-34,0.80,1.80,1.8,1.3,18,22.0,0,0.0,6,16.2,WR,BurtJe01
5104,Dan Chisena,0.80,3,Sun,16,17,2024-12-29,27-308,CAR,@,TAM,L 14-48,0.80,1.80,1.8,1.3,3,6.4,0,0.0,16,53.3,WR,ChisDa00
5105,Chase Claypool,0.80,19,Sun,10,10,2022-11-13,24-129,CHI,,DET,L 30-31,0.80,1.80,1.8,1.3,19,31.1,0,0.0,0,0.0,WR,ClayCh01
5106,Chase Claypool,0.80,33,Sun,13,13,2022-12-04,24-150,CHI,,GNB,L 19-28,0.80,5.80,6.8,3.3,33,63.5,0,0.0,0,0.0,WR,ClayCh01
5107,Chase Claypool,0.80,5,Sun,14,15,2023-12-17,25-163,MIA,,NYJ,W 30-0,0.80,2.80,2.8,1.8,5,8.2,0,0.0,13,54.2,WR,ClayCh01
5108,Randall Cobb,0.80,26,Sun,6,6,2022-10-16,32-055,GNB,,NYJ,L 10-27,0.80,1.80,1.8,1.3,26,35.6,0,0.0,0,0.0,WR,CobbRa00
5109,Randall Cobb,0.80,23,Sun,4,4,2023-10-01,33-040,NYJ,,KAN,L 20-23,0.80,2.80,2.8,1.8,23,39.0,0,0.0,1,3.8,WR,CobbRa00
5110,Jalen Coker,0.80,56,Sun,15,16,2024-12-22,23-053,CAR,,ARI,W 36-30 (OT),0.80,2.80,2.8,1.8,56,82.4,0,0.0,0,0.0,WR,CokeJa01
5111,Pharoh Cooper,0.80,7,Sun,16,17,2023-01-01,27-300,ARI,@,ATL,L 19-20,0.80,0.80,0.8,0.8,7,9.5,0,0.0,11,44.0,WR,CoopPh00
5112,Malachi Corley,0.80,41,Sun,12,13,2024-12-01,22-255,NYJ,,SEA,L 21-26,0.80,0.80,0.8,0.8,41,60.3,0,0.0,0,0.0,WR,CorlMa00
5113,Jamison Crowder,0.80,4,Sun,17,18,2024-01-07,30-204,WAS,,DAL,L 10-38,0.80,1.80,1.8,1.3,4,8.2,0,0.0,0,0.0,WR,CrowJa00
5114,Derius Davis,0.80,9,Sun,3,3,2024-09-22,24-011,LAC,@,PIT,L 10-20,0.80,0.80,0.8,0.8,9,19.6,0,0.0,9,34.6,WR,DaviDe02
5115,Keelan Doss,0.80,29,Sun,17,18,2024-01-07,27-292,LAC,,KAN,L 12-13,0.80,1.80,1.8,1.3,29,34.9,0,0.0,0,0.0,WR,DossKe00
5116,Jahan Dotson,0.80,63,Sun,3,3,2024-09-22,24-184,PHI,@,NOR,W 15-12,0.80,2.80,2.8,1.8,63,87.5,0,0.0,0,0.0,WR,DotsJa00
5117,Jahan Dotson,0.80,29,Thu,10,11,2024-11-14,24-237,PHI,,WAS,W 26-18,0.80,1.80,1.8,1.3,29,40.8,0,0.0,0,0.0,WR,DotsJa00
5118,Devin Duvernay,0.80,35,Sun,4,4,2023-10-01,26-019,BAL,@,CLE,W 28-3,0.80,2.80,2.8,1.8,35,60.3,0,0.0,13,46.4,WR,DuveDe00
5119,D'Wayne Eskridge,0.80,2,Sun,16,17,2024-12-29,27-281,MIA,@,CLE,W 20-3,0.80,1.80,1.8,1.3,2,3.3,0,0.0,0,0.0,WR,EskrDW00
5120,Mike Evans,0.80,63,Sun,13,14,2023-12-10,30-111,TAM,@,ATL,W 29-25,0.80,1.80,1.8,1.3,63,92.6,0,0.0,0,0.0,WR,EvanMi00
5121,Jalen Guyton,0.80,22,Sun,13,14,2023-12-10,26-186,LAC,,DEN,L 7-24,0.80,1.80,1.8,1.3,22,32.4,0,0.0,0,0.0,WR,GuytJa01
5122,Mecole Hardman,0.80,21,Sun,7,8,2024-10-27,26-229,KAN,@,LVR,W 27-20,0.80,1.80,1.8,1.3,21,29.2,0,0.0,3,12.5,WR,HardMe00
5123,Kendall Hinton,0.80,12,Mon,6,6,2022-10-17,25-240,DEN,@,LAC,L 16-19 (OT),0.80,1.80,1.8,1.3,12,20.7,0,0.0,4,13.3,WR,HintKe00
5124,DeAndre Hopkins,0.80,17,Sun,1,1,2024-09-08,32-094,TEN,@,CHI,L 17-24,0.80,1.80,1.8,1.3,17,26.6,0,0.0,0,0.0,WR,HopkDe00
5125,Lil'Jordan Humphrey,0.80,19,Sun,6,6,2024-10-13,26-177,DEN,,LAC,L 16-23,0.80,1.80,1.8,1.3,19,34.5,0,0.0,0,0.0,WR,HumpLi01
5126,Xavier Hutchinson,0.80,26,Sun,16,17,2023-12-31,23-213,HOU,,TEN,W 26-3,0.80,2.80,2.8,1.8,26,42.6,0,0.0,6,25.0,WR,HutcXa00
5127,Xavier Hutchinson,0.80,34,Sat,15,16,2024-12-21,24-203,HOU,@,KAN,L 19-27,0.80,1.80,1.8,1.3,34,57.6,0,0.0,13,54.2,WR,HutcXa00
5128,Jalin Hyatt,0.80,18,Thu,12,13,2024-11-28,23-064,NYG,@,DAL,L 20-27,0.80,2.80,2.8,1.8,18,28.6,0,0.0,0,0.0,WR,HyatJa00
5129,Jauan Jennings,0.80,18,Sun,9,10,2023-11-12,26-125,SFO,@,JAX,W 34-3,0.80,1.80,1.8,1.3,18,29.0,0,0.0,0,0.0,WR,JennJa00
5130,Tyron Johnson,0.80,25,Thu,8,9,2022-11-03,26-299,HOU,,PHI,L 17-29,0.80,1.80,1.8,1.3,25,41.7,0,0.0,0,0.0,WR,JohnTy03
5131,Allen Lazard,0.80,50,Sun,6,6,2023-10-15,27-308,NYJ,,PHI,W 20-14,0.80,1.80,1.8,1.3,50,76.9,0,0.0,0,0.0,WR,LazaAl00
5132,Xavier Legette,0.80,22,Sun,5,5,2024-10-06,23-251,CAR,@,CHI,L 10-36,0.80,1.80,1.8,1.3,22,36.7,0,0.0,4,15.4,WR,LegeXa00
5133,Drake London,0.80,58,Sun,12,13,2023-12-03,22-132,ATL,@,NYJ,W 13-8,0.80,1.80,1.8,1.3,58,85.3,0,0.0,0,0.0,WR,LondDr00
5134,Terrace Marshall Jr.,0.80,41,Sun,12,12,2022-11-27,22-171,CAR,,DEN,W 23-10,0.80,1.80,1.8,1.3,41,62.1,0,0.0,1,3.3,WR,MarsTe00
5135,Luke McCaffrey,0.80,25,Sun,8,8,2024-10-27,23-208,WAS,,CHI,W 18-15,0.80,1.80,1.8,1.3,25,33.8,0,0.0,0,0.0,WR,McCaLu00
5136,Luke McCaffrey,0.80,18,Sun,12,12,2024-11-24,23-236,WAS,,DAL,L 26-34,0.80,1.80,1.8,1.3,18,25.7,0,0.0,5,13.2,WR,McCaLu00
5137,Bo Melton,0.80,16,Sun,2,2,2024-09-15,25-120,GNB,,IND,W 16-10,0.80,0.80,0.8,0.8,16,22.9,0,0.0,7,31.8,WR,MeltBo00
5138,Scott Miller,0.80,21,Sun,17,18,2023-01-08,25-161,TAM,@,ATL,L 17-30,0.80,1.80,1.8,1.3,21,38.2,0,0.0,19,67.9,WR,MillSc01
5139,Marvin Mims,0.80,21,Sun,8,8,2024-10-27,22-222,DEN,,CAR,W 28-14,0.80,1.80,1.8,1.3,21,28.8,0,0.0,10,41.7,WR,MimsMa00
5140,Jonathan Mingo,0.80,15,Sun,11,12,2024-11-24,23-218,DAL,@,WAS,W 34-26,0.80,1.80,1.8,1.3,15,22.7,0,0.0,0,0.0,WR,MingJo00
5141,D.J. Montgomery,0.80,61,Sun,15,16,2023-12-24,27-037,IND,@,ATL,L 10-29,0.80,1.80,1.8,1.3,61,85.9,0,0.0,1,3.6,WR,MontDJ01
5142,Darnell Mooney,0.80,52,Sun,1,1,2022-09-11,24-317,CHI,,SFO,W 19-10,0.80,1.80,1.8,1.3,52,89.7,0,0.0,0,0.0,WR,MoonDa00
5143,David Moore,0.80,17,Sun,17,18,2024-01-07,28-357,TAM,@,CAR,W 9-0,0.80,1.80,1.8,1.3,17,26.2,0,0.0,16,80.0,WR,MoorDa03
5144,Rondale Moore,0.80,36,Sun,9,9,2023-11-05,23-149,ARI,@,CLE,L 0-27,0.80,1.80,1.8,1.3,36,69.2,0,0.0,0,0.0,WR,MoorRo02
5145,Rondale Moore,0.80,47,Sun,14,15,2023-12-17,23-191,ARI,,SFO,L 29-45,0.80,2.80,2.8,1.8,47,63.5,0,0.0,0,0.0,WR,MoorRo02
5146,Skyy Moore,0.80,33,Sun,8,8,2023-10-29,23-049,KAN,@,DEN,L 9-24,0.80,1.80,1.8,1.3,33,54.1,0,0.0,0,0.0,WR,MoorSk01
5147,Bryce Oliver,0.80,14,Sun,14,15,2024-12-15,24-210,TEN,,CIN,L 27-37,0.80,1.80,1.8,1.3,14,20.0,0,0.0,1,4.5,WR,OlivBr02
5148,Trey Palmer,0.80,34,Mon,3,3,2023-09-25,22-176,TAM,,PHI,L 11-25,0.80,1.80,1.8,1.3,34,72.3,0,0.0,0,0.0,WR,PalmTr00
5149,Trey Palmer,0.80,58,Sun,13,14,2023-12-10,22-252,TAM,@,ATL,W 29-25,0.80,1.80,1.8,1.3,58,85.3,0,0.0,1,3.1,WR,PalmTr00
5150,DeVante Parker,0.80,35,Sun,7,7,2023-10-22,30-275,NWE,,BUF,W 29-25,0.80,1.80,1.8,1.3,35,58.3,0,0.0,0,0.0,WR,ParkDe01
5151,Zach Pascal,0.80,20,Thu,8,9,2022-11-03,27-320,PHI,@,HOU,W 29-17,0.80,1.80,1.8,1.3,20,30.8,0,0.0,10,43.5,WR,PascZa00
5152,Tim Patrick,0.80,34,Sun,3,3,2024-09-22,30-304,DET,@,ARI,W 20-13,0.80,1.80,1.8,1.3,34,50.0,0,0.0,0,0.0,WR,PatrTi00
5153,Dante Pettis,0.80,7,Sun,10,10,2024-11-10,29-018,NOR,,ATL,W 20-17,0.80,1.80,1.8,1.3,7,13.2,0,0.0,4,14.8,WR,PettDa00
5154,Brandon Powell,0.80,3,Sun,12,13,2024-12-01,29-080,MIN,,ARI,W 23-22,0.80,1.80,1.8,1.3,3,5.7,0,0.0,1,3.6,WR,PoweBr00
5155,Josh Reynolds,0.80,47,Sun,6,7,2022-10-23,27-249,DET,@,DAL,L 6-24,0.80,1.80,1.8,1.3,47,79.7,0,0.0,0,0.0,WR,ReynJo00
5156,Allen Robinson,0.80,50,Sun,4,4,2023-10-01,30-038,PIT,@,HOU,L 6-30,0.80,1.80,1.8,1.3,50,84.7,0,0.0,0,0.0,WR,RobiAl02
5157,Demarcus Robinson,0.80,49,Sun,5,5,2022-10-09,28-018,BAL,,CIN,W 19-17,0.80,1.80,1.8,1.3,49,75.4,0,0.0,0,0.0,WR,RobiDe01
5158,Rashid Shaheed,0.80,28,Sun,11,11,2022-11-20,24-081,NOR,,LAR,W 27-20,0.80,1.80,1.8,1.3,28,49.1,0,0.0,10,32.3,WR,ShahRa00
5159,Laviska Shenault Jr.,0.80,2,Sun,7,7,2022-10-23,24-018,CAR,,TAM,W 21-3,0.80,1.80,1.8,1.3,2,4.0,0,0.0,0,0.0,WR,ShenLa00
5160,Laviska Shenault Jr.,0.80,2,Sun,11,12,2023-11-26,25-052,CAR,@,TEN,L 10-17,0.80,1.80,1.8,1.3,2,2.7,0,0.0,5,20.8,WR,ShenLa00
5161,Trent Sherfield,0.80,21,Sun,1,1,2022-09-11,26-198,MIA,,NWE,W 20-7,0.80,1.80,1.8,1.3,21,35.0,0,0.0,13,68.4,WR,SherTr00
5162,Trent Sherfield,0.80,15,Sun,3,3,2024-09-22,28-210,MIN,,HOU,W 34-7,0.80,1.80,1.8,1.3,15,23.8,0,0.0,6,23.1,WR,SherTr00
5163,Trent Sherfield,0.80,22,Sun,4,4,2024-09-29,28-217,MIN,@,GNB,W 31-29,0.80,1.80,1.8,1.3,22,32.4,0,0.0,7,24.1,WR,SherTr00
5164,David Sills,0.80,23,Sun,6,6,2022-10-16,26-140,NYG,,BAL,W 24-20,0.80,1.80,1.8,1.3,23,35.4,0,0.0,0,0.0,WR,SillDa01
5165,Darius Slayton,0.80,43,Thu,12,13,2024-11-28,27-321,NYG,@,DAL,L 20-27,0.80,2.80,2.8,1.8,43,68.3,0,0.0,0,0.0,WR,SlayDa01
5166,JuJu Smith-Schuster,0.80,20,Sun,10,11,2024-11-17,27-361,KAN,@,BUF,L 21-30,0.80,1.80,1.8,1.3,20,36.4,0,0.0,0,0.0,WR,SmitJu00
5167,Tre'Quan Smith,0.80,15,Sun,12,12,2022-11-27,26-324,NOR,@,SFO,L 0-13,0.80,1.80,1.8,1.3,15,26.3,0,0.0,4,23.5,WR,SmitTr03
5168,Trent Taylor,0.80,11,Sun,11,12,2022-11-27,28-211,CIN,@,TEN,W 20-16,0.80,1.80,1.8,1.3,11,15.7,0,0.0,5,16.7,WR,TaylTr02
5169,Tyquan Thornton,0.80,52,Sat,15,16,2022-12-24,22-108,NWE,,CIN,L 18-22,0.80,1.80,1.8,1.3,52,92.9,0,0.0,0,0.0,WR,ThorTy00
5170,Cedric Tillman,0.80,57,Thu,16,17,2023-12-28,23-253,CLE,,NYJ,W 37-20,0.80,1.80,1.8,1.3,57,95.0,0,0.0,0,0.0,WR,TillCe01
5171,Cedric Tillman,0.80,31,Thu,11,12,2024-11-21,24-216,CLE,,PIT,W 24-19,0.80,2.80,3.8,1.8,31,53.4,0,0.0,0,0.0,WR,TillCe01
5172,Jalen Tolbert,0.80,13,Sun,10,11,2022-11-20,23-266,DAL,@,MIN,W 40-3,0.80,1.80,1.8,1.3,13,18.1,0,0.0,11,39.3,WR,TolbJa00
5173,Austin Trammell,0.80,10,Sun,12,13,2022-12-04,24-153,LAR,,SEA,L 23-27,0.80,1.80,1.8,1.3,10,15.6,0,0.0,1,3.7,WR,TramAu00
5174,KaVontae Turpin,0.80,9,Sun,15,16,2023-12-24,27-144,DAL,@,MIA,L 20-22,0.80,1.80,1.8,1.3,9,13.6,0,0.0,8,30.8,WR,TurpKa00
5175,Tylan Wallace,0.80,13,Sun,5,5,2022-10-09,23-149,BAL,,CIN,W 19-17,0.80,1.80,1.8,1.3,13,20.0,0,0.0,12,52.2,WR,WallTy00
5176,Tylan Wallace,0.80,9,Sun,11,11,2024-11-17,25-188,BAL,@,PIT,L 16-18,0.80,1.80,1.8,1.3,9,14.8,0,0.0,19,65.5,WR,WallTy00
5177,Tylan Wallace,0.80,14,Sun,14,15,2024-12-15,25-216,BAL,@,NYG,W 35-14,0.80,1.80,1.8,1.3,14,23.7,0,0.0,11,52.4,WR,WallTy00
5178,Malik Washington,0.80,14,Mon,4,4,2024-09-30,23-270,MIA,,TEN,L 12-31,0.80,1.80,1.8,1.3,14,23.3,0,0.0,0,0.0,WR,WashMa00
5179,Justin Watson,0.80,51,Sun,6,7,2024-10-20,28-199,KAN,@,SFO,W 28-18,0.80,1.80,1.8,1.3,51,72.9,0,0.0,3,12.5,WR,WatsJu01
5180,Garrett Wilson,0.80,24,Sun,6,6,2022-10-16,22-086,NYJ,@,GNB,W 27-10,0.80,1.80,1.8,1.3,24,43.6,0,0.0,0,0.0,WR,WilsGa00
5181,Robert Woods,0.80,13,Sun,12,12,2024-11-24,32-228,HOU,,TEN,L 27-32,0.80,1.80,1.8,1.3,13,23.2,0,0.0,5,14.3,WR,WoodRo02
5182,Olamide Zaccheaus,0.80,26,Sun,9,9,2023-11-05,26-105,PHI,,DAL,W 28-23,0.80,1.80,1.8,1.3,26,41.9,0,0.0,5,20.8,WR,ZaccOl01
5183,Olamide Zaccheaus,0.80,24,Sun,12,12,2024-11-24,27-124,WAS,,DAL,L 26-34,0.80,1.80,1.8,1.3,24,34.3,0,0.0,6,15.8,WR,ZaccOl01
5184,Maurice Alexander,0.70,1,Sun,7,8,2022-10-30,25-293,DET,,MIA,L 27-31,0.70,1.70,1.7,1.2,1,1.7,0,0.0,6,24.0,WR,AlexMa02
5185,Calvin Austin III,0.70,28,Sun,1,1,2024-09-08,25-168,PIT,@,ATL,W 18-10,0.70,1.70,1.7,1.2,28,41.2,0,0.0,4,16.0,WR,AustCa00
5186,Andre Baccellia,0.70,1,Sun,12,12,2022-11-27,25-324,ARI,,LAC,L 24-25,0.70,1.70,1.7,1.2,1,1.5,0,0.0,3,11.1,WR,BaccAn00
5187,Andre Baccellia,0.70,35,Sun,16,17,2023-01-01,25-359,ARI,@,ATL,L 19-20,0.70,1.70,1.7,1.2,35,47.3,0,0.0,2,8.0,WR,BaccAn00
5188,David Bell,0.70,34,Sun,7,7,2022-10-23,21-313,CLE,@,BAL,L 20-23,0.70,1.70,1.7,1.2,34,56.7,0,0.0,11,40.7,WR,BellDa02
5189,David Bell,0.70,35,Thu,16,17,2023-12-28,23-014,CLE,,NYJ,W 37-20,0.70,2.70,2.7,1.7,35,58.3,0,0.0,0,0.0,WR,BellDa02
5190,Ronnie Bell,0.70,9,Sun,4,4,2023-10-01,23-246,SFO,,ARI,W 35-16,0.70,1.70,1.7,1.2,9,16.4,0,0.0,5,22.7,WR,BellRo01
5191,Braxton Berrios,0.70,29,Sun,7,7,2023-10-22,28-016,MIA,@,PHI,L 17-31,0.70,1.70,1.7,1.2,29,59.2,0,0.0,7,31.8,WR,BerrBr00
5192,Tyler Boyd,0.70,38,Sun,13,14,2024-12-08,30-023,TEN,,JAX,L 6-10,0.70,1.70,1.7,1.2,38,59.4,0,0.0,0,0.0,WR,BoydTy00
5193,A.J. Brown,0.70,39,Mon,9,10,2022-11-14,25-137,PHI,,WAS,L 21-32,0.70,1.70,1.7,1.2,39,78.0,0,0.0,0,0.0,WR,BrowAJ00
5194,Dyami Brown,0.70,21,Sun,11,11,2023-11-19,24-018,WAS,,NYG,L 19-31,0.70,1.70,1.7,1.2,21,25.9,0,0.0,10,34.5,WR,BrowDy00
5195,Marquise Brown,0.70,44,Sun,17,18,2023-01-08,25-218,ARI,@,SFO,L 13-38,0.70,1.70,1.7,1.2,44,84.6,0,0.0,0,0.0,WR,BrowMa04
5196,Noah Brown,0.70,47,Thu,16,17,2022-12-29,26-357,DAL,@,TEN,W 27-13,0.70,1.70,1.7,1.2,47,58.8,0,0.0,3,12.0,WR,BrowNo00
5197,Jalen Camp,0.70,15,Thu,8,9,2022-11-03,24-116,HOU,,PHI,L 17-29,0.70,1.70,1.7,1.2,15,25.0,0,0.0,0,0.0,WR,CampJa03
5198,DeAndre Carter,0.70,3,Sun,7,8,2024-10-27,31-200,CHI,@,WAS,L 15-18,0.70,1.70,1.7,1.2,3,4.8,0,0.0,10,38.5,WR,CartDe02
5199,Brandin Cooks,0.70,58,Sun,8,9,2023-11-05,30-041,DAL,@,PHI,L 23-28,0.70,1.70,1.7,1.2,58,77.3,0,0.0,0,0.0,WR,CookBr00
5200,Britain Covey,0.70,1,Mon,15,16,2023-12-25,26-282,PHI,,NYG,W 33-25,0.70,1.70,1.7,1.2,1,1.3,0,0.0,5,17.2,WR,CoveBr00
5201,Jamison Crowder,0.70,11,Sun,4,4,2022-10-02,29-107,BUF,@,BAL,W 23-20,0.70,1.70,1.7,1.2,11,17.2,0,0.0,2,8.0,WR,CrowJa00
5202,Derius Davis,0.70,18,Sun,9,10,2023-11-12,23-062,LAC,,DET,L 38-41,0.70,2.70,2.7,1.7,18,25.0,0,0.0,8,26.7,WR,DaviDe02
5203,Greg Dortch,0.70,24,Sun,5,5,2024-10-06,26-130,ARI,@,SFO,W 24-23,0.70,1.70,1.7,1.2,24,41.4,0,0.0,2,8.3,WR,DortGr01
5204,Greg Dortch,0.70,19,Sun,12,13,2024-12-01,26-186,ARI,@,MIN,L 22-23,0.70,2.70,2.7,1.7,19,23.2,0,0.0,8,28.6,WR,DortGr01
5205,Jahan Dotson,0.70,36,Sun,12,13,2024-12-01,24-254,PHI,@,BAL,W 24-19,0.70,1.70,1.7,1.2,36,64.3,0,0.0,1,3.0,WR,DotsJa00
5206,Ashton Dulin,0.70,12,Sun,10,10,2024-11-10,27-179,IND,,BUF,L 20-30,0.70,0.70,0.7,0.7,12,18.8,0,0.0,20,80.0,WR,DuliAs00
5207,Ashton Dulin,0.70,18,Sun,3,3,2022-09-25,25-133,IND,,KAN,W 20-17,0.70,1.70,1.7,1.2,18,25.4,0,0.0,13,56.5,WR,DuliAs00
5208,Devin Duvernay,0.70,58,Sun,10,11,2022-11-20,25-069,BAL,,CAR,W 13-3,0.70,1.70,1.7,1.2,58,84.1,0,0.0,9,39.1,WR,DuveDe00
5209,Zay Flowers,0.70,59,Sun,14,15,2023-12-17,23-097,BAL,@,JAX,W 23-7,0.70,1.70,1.7,1.2,59,84.3,0,0.0,0,0.0,WR,FlowZa00
5210,A.J. Green,0.70,49,Sun,6,6,2022-10-16,34-077,ARI,@,SEA,L 9-19,0.70,2.70,2.7,1.7,49,69.0,0,0.0,0,0.0,WR,GreeA.00
5211,A.J. Green,0.70,45,Mon,13,14,2022-12-12,34-134,ARI,,NWE,L 13-27,0.70,1.70,1.7,1.2,45,60.0,0,0.0,0,0.0,WR,GreeA.00
5212,N'Keal Harry,0.70,17,Sun,17,18,2023-01-08,25-022,CHI,,MIN,L 13-29,0.70,1.70,1.7,1.2,17,33.3,0,0.0,0,0.0,WR,HarrNK00
5213,Malik Heath,0.70,15,Sun,10,11,2023-11-19,23-233,GNB,,LAC,W 23-20,0.70,1.70,1.7,1.2,15,20.8,0,0.0,10,38.5,WR,HeatMa00
5214,Tee Higgins,0.70,56,Sun,16,18,2023-01-08,23-355,CIN,,BAL,W 27-16,0.70,1.70,1.7,1.2,56,84.8,0,0.0,0,0.0,WR,HiggTe00
5215,Isaiah Hodgins,0.70,23,Sun,10,10,2024-11-10,26-020,NYG,@,CAR,L 17-20 (OT),0.70,1.70,1.7,1.2,23,30.7,0,0.0,0,0.0,WR,HodgIs00
5216,Mack Hollins,0.70,50,Sat,15,16,2022-12-24,29-099,LVR,@,PIT,L 10-13,0.70,1.70,1.7,1.2,50,94.3,0,0.0,2,9.1,WR,HollMa00
5217,Mack Hollins,0.70,35,Sun,14,15,2024-12-15,31-090,BUF,@,DET,W 48-42,0.70,1.70,1.7,1.2,35,50.0,0,0.0,16,44.4,WR,HollMa00
5218,DeAndre Hopkins,0.70,29,Wed,16,17,2024-12-25,32-202,KAN,@,PIT,W 29-10,0.70,2.70,2.7,1.7,29,46.8,0,0.0,0,0.0,WR,HopkDe00
5219,Jalin Hyatt,0.70,29,Sun,11,11,2023-11-19,22-055,NYG,@,WAS,W 31-19,0.70,1.70,1.7,1.2,29,52.7,0,0.0,0,0.0,WR,HyatJa00
5220,Trishton Jackson,0.70,11,Mon,7,7,2023-10-23,25-228,MIN,,SFO,W 22-17,0.70,1.70,1.7,1.2,11,15.7,0,0.0,1,4.5,WR,JackTr02
5221,Rakim Jarrett,0.70,16,Sun,2,2,2023-09-17,22-236,TAM,,CHI,W 27-17,0.70,1.70,1.7,1.2,16,22.5,0,0.0,7,25.9,WR,JarrRa00
5222,Jauan Jennings,0.70,24,Thu,11,12,2023-11-23,26-136,SFO,@,SEA,W 31-13,0.70,1.70,1.7,1.2,24,36.4,0,0.0,4,13.8,WR,JennJa00
5223,Quentin Johnston,0.70,10,Sun,2,2,2023-09-17,22-011,LAC,@,TEN,L 24-27 (OT),0.70,1.70,1.7,1.2,10,14.7,0,0.0,0,0.0,WR,JohnQu02
5224,Quentin Johnston,0.70,29,Sun,11,12,2023-11-26,22-081,LAC,,BAL,L 10-20,0.70,1.70,1.7,1.2,29,43.9,0,0.0,0,0.0,WR,JohnQu02
5225,Julio Jones,0.70,18,Sun,4,4,2022-10-02,33-241,TAM,,KAN,L 31-41,0.70,1.70,1.7,1.2,18,28.1,0,0.0,0,0.0,WR,JoneJu02
5226,Tim Jones,0.70,9,Sun,7,7,2022-10-23,24-160,JAX,,NYG,L 17-23,0.70,1.70,1.7,1.2,9,12.7,0,0.0,5,22.7,WR,JoneTi00
5227,Tim Jones,0.70,8,Sun,17,18,2024-01-07,25-236,JAX,@,TEN,L 20-28,0.70,1.70,1.7,1.2,8,11.3,0,0.0,14,63.6,WR,JoneTi00
5228,Ramel Keyton,0.70,27,Sun,9,9,2024-11-03,24-050,LVR,@,CIN,L 24-41,0.70,1.70,1.7,1.2,27,44.3,0,0.0,0,0.0,WR,KeytRa00
5229,Allen Lazard,0.70,67,Mon,14,15,2022-12-19,27-008,GNB,,LAR,W 24-12,0.70,1.70,1.7,1.2,67,94.4,0,0.0,0,0.0,WR,LazaAl00
5230,Terrace Marshall Jr.,0.70,26,Mon,14,15,2024-12-16,24-190,LVR,,ATL,L 9-15,0.70,1.70,1.7,1.2,26,38.8,0,0.0,0,0.0,WR,MarsTe00
5231,Isaiah McKenzie,0.70,2,Sun,2,2,2023-09-17,28-161,IND,@,HOU,W 31-20,0.70,1.70,1.7,1.2,2,3.5,0,0.0,3,10.3,WR,McKeIs00
5232,Isaiah McKenzie,0.70,9,Sun,7,7,2023-10-22,28-196,IND,,CLE,L 38-39,0.70,0.70,0.7,0.7,9,12.9,0,0.0,13,32.5,WR,McKeIs00
5233,Bo Melton,0.70,18,Sun,14,15,2023-12-17,24-213,GNB,,TAM,L 20-34,0.70,1.70,1.7,1.2,18,30.0,0,0.0,5,20.0,WR,MeltBo00
5234,Bo Melton,0.70,8,Sun,7,7,2024-10-20,25-155,GNB,,HOU,W 24-22,0.70,1.70,1.7,1.2,8,13.8,0,0.0,9,31.0,WR,MeltBo00
5235,John Metchie,0.70,9,Sun,4,4,2024-09-29,24-073,HOU,,JAX,W 24-20,0.70,1.70,1.7,1.2,9,12.0,0,0.0,0,0.0,WR,MetcJo00
5236,Scott Miller,0.70,15,Mon,12,13,2022-12-05,25-127,TAM,,NOR,W 17-16,0.70,1.70,1.7,1.2,15,18.8,0,0.0,7,25.9,WR,MillSc01
5237,Chris Moore,0.70,36,Sun,11,12,2022-11-27,29-164,HOU,@,MIA,L 15-30,0.70,2.70,2.7,1.7,36,59.0,0,0.0,10,33.3,WR,MoorCh00
5238,D.J. Moore,0.70,44,Sun,6,6,2022-10-16,25-185,CAR,@,LAR,L 10-24,0.70,3.70,3.7,2.2,44,100.0,0,0.0,0,0.0,WR,MoorD.00
5239,David Moore,0.70,23,Sun,15,16,2023-12-24,28-343,TAM,,JAX,W 30-12,0.70,1.70,1.7,1.2,23,31.1,0,0.0,12,60.0,WR,MoorDa03
5240,Rondale Moore,0.70,65,Sun,4,4,2022-10-02,22-115,ARI,@,CAR,W 26-16,0.70,3.70,3.7,2.2,65,85.5,0,0.0,0,0.0,WR,MoorRo02
5241,Skyy Moore,0.70,27,Sun,13,14,2022-12-11,22-092,KAN,@,DEN,W 34-28,0.70,1.70,1.7,1.2,27,39.7,0,0.0,0,0.0,WR,MoorSk01
5242,Gunner Olszewski,0.70,20,Sun,13,14,2022-12-11,26-015,PIT,,BAL,L 14-16,0.70,1.70,1.7,1.2,20,36.4,0,0.0,0,0.0,WR,OlszGu00
5243,K.J. Osborn,0.70,51,Sun,2,2,2024-09-15,27-097,NWE,,SEA,L 20-23 (OT),0.70,1.70,1.7,1.2,51,75.0,0,0.0,0,0.0,WR,OsboKJ00
5244,K.J. Osborn,0.70,71,Sun,11,11,2023-11-19,26-162,MIN,@,DEN,L 20-21,0.70,1.70,1.7,1.2,71,95.9,0,0.0,0,0.0,WR,OsboKJ00
5245,DeVante Parker,0.70,45,Sun,6,6,2023-10-15,30-268,NWE,@,LVR,L 17-21,0.70,1.70,1.7,1.2,45,75.0,0,0.0,0,0.0,WR,ParkDe01
5246,Zach Pascal,0.70,17,Sun,1,1,2022-09-11,27-267,PHI,@,DET,W 38-35,0.70,1.70,1.7,1.2,17,22.1,0,0.0,13,41.9,WR,PascZa00
5247,Donovan Peoples-Jones,0.70,76,Mon,2,2,2023-09-18,24-211,CLE,@,PIT,L 22-26,0.70,1.70,1.7,1.2,76,87.4,0,0.0,7,22.6,WR,PeopDo00
5248,Donovan Peoples-Jones,0.70,62,Sun,4,4,2023-10-01,24-224,CLE,,BAL,L 3-28,0.70,1.70,1.7,1.2,62,89.9,0,0.0,7,25.0,WR,PeopDo00
5249,A.T. Perry,0.70,53,Sun,11,12,2023-11-26,24-031,NOR,@,ATL,L 15-24,0.70,1.70,1.7,1.2,53,73.6,0,0.0,0,0.0,WR,PerrAT00
5250,Kyle Philips,0.70,18,Sun,5,5,2022-10-09,23-114,TEN,@,WAS,W 21-17,0.70,1.70,1.7,1.2,18,28.1,0,0.0,0,0.0,WR,PhilKy01
5251,Ja'Lynn Polk,0.70,23,Sun,12,12,2024-11-24,22-227,NWE,@,MIA,L 15-34,0.70,1.70,1.7,1.2,23,33.3,0,0.0,0,0.0,WR,PolkJa00
5252,Brandon Powell,0.70,5,Sun,9,10,2022-11-13,27-062,LAR,,ARI,L 17-27,0.70,0.70,0.7,0.7,5,8.3,0,0.0,16,57.1,WR,PoweBr00
5253,Brandon Powell,0.70,8,Mon,14,15,2022-12-19,27-098,LAR,@,GNB,L 12-24,0.70,1.70,1.7,1.2,8,17.8,0,0.0,10,47.6,WR,PoweBr00
5254,Byron Pringle,0.70,10,Sun,10,10,2023-11-12,29-360,WAS,@,SEA,L 26-29,0.70,1.70,1.7,1.2,10,16.4,0,0.0,10,28.6,WR,PrinBy00
5255,James Proche,0.70,18,Sun,5,5,2022-10-09,26-018,BAL,,CIN,W 19-17,0.70,1.70,1.7,1.2,18,27.7,0,0.0,0,0.0,WR,ProcJa00
5256,Jayden Reed,0.70,29,Mon,5,5,2023-10-09,23-164,GNB,@,LVR,L 13-17,0.70,1.70,1.7,1.2,29,50.0,0,0.0,4,16.7,WR,ReedJa03
5257,Hunter Renfrow,0.70,19,Mon,5,5,2023-10-09,27-292,LVR,,GNB,W 17-13,0.70,1.70,1.7,1.2,19,29.7,0,0.0,0,0.0,WR,RenfHu00
5258,Allen Robinson,0.70,73,Mon,4,4,2022-10-03,29-040,LAR,@,SFO,L 9-24,0.70,2.70,2.7,1.7,73,98.6,0,0.0,0,0.0,WR,RobiAl02
5259,Allen Robinson,0.70,11,Sun,10,11,2024-11-17,31-085,DET,,JAX,W 52-6,0.70,1.70,1.7,1.2,11,13.9,0,0.0,0,0.0,WR,RobiAl02
5260,Allen Robinson,0.70,38,Sun,6,7,2023-10-22,30-059,PIT,@,LAR,W 24-17,0.70,1.70,1.7,1.2,38,64.4,0,0.0,0,0.0,WR,RobiAl02
5261,Curtis Samuel,0.70,22,Sun,12,13,2024-12-01,28-112,BUF,,SFO,W 35-10,0.70,0.70,0.7,0.7,22,37.9,0,0.0,0,0.0,WR,SamuCu00
5262,Laviska Shenault Jr.,0.70,16,Sun,11,11,2022-11-20,24-046,CAR,@,BAL,L 3-13,0.70,4.70,4.7,2.7,16,28.1,0,0.0,0,0.0,WR,ShenLa00
5263,Laviska Shenault Jr.,0.70,10,Mon,2,2,2023-09-18,24-348,CAR,,NOR,L 17-20,0.70,0.70,0.7,0.7,10,16.7,0,0.0,14,51.9,WR,ShenLa00
5264,Laviska Shenault Jr.,0.70,11,Sun,3,3,2023-09-24,24-354,CAR,@,SEA,L 27-37,0.70,1.70,1.7,1.2,11,13.9,0,0.0,17,48.6,WR,ShenLa00
5265,Trent Sherfield,0.70,31,Sun,13,14,2022-12-11,26-289,MIA,@,LAC,L 17-23,0.70,1.70,1.7,1.2,31,60.8,0,0.0,4,13.8,WR,SherTr00
5266,Trent Sherfield,0.70,10,Sun,8,9,2024-11-03,28-252,MIN,,IND,W 21-13,0.70,1.70,1.7,1.2,10,13.7,0,0.0,12,54.5,WR,SherTr00
5267,Cam Sims,0.70,37,Sun,5,5,2022-10-09,26-276,WAS,,TEN,L 17-21,0.70,1.70,1.7,1.2,37,58.7,0,0.0,19,67.9,WR,SimsCa00
5268,Steven Sims,0.70,33,Sat,15,16,2022-12-24,25-268,PIT,,LVR,W 13-10,0.70,1.70,1.7,1.2,33,48.5,0,0.0,8,36.4,WR,SimsSt00
5269,Darius Slayton,0.70,59,Sun,3,3,2024-09-22,27-254,NYG,@,CLE,W 21-15,0.70,1.70,1.7,1.2,59,81.9,0,0.0,0,0.0,WR,SlayDa01
5270,Equanimeous St. Brown,0.70,23,Sun,12,12,2022-11-27,26-058,CHI,@,NYJ,L 10-31,0.70,1.70,1.7,1.2,23,40.4,0,0.0,0,0.0,WR,St.BEq00
5271,Malik Taylor,0.70,18,Mon,8,9,2023-11-06,27-320,NYJ,,LAC,L 6-27,0.70,1.70,1.7,1.2,18,22.2,0,0.0,11,36.7,WR,TaylMa01
5272,Deven Thompkins,0.70,11,Sun,13,14,2024-12-08,24-351,CAR,@,PHI,L 16-22,0.70,1.70,1.7,1.2,11,15.5,0,0.0,5,22.7,WR,ThomDe07
5273,Tyquan Thornton,0.70,25,Sun,5,5,2022-10-09,22-032,NWE,,DET,W 29-0,0.70,2.70,2.7,1.7,25,41.7,0,0.0,0,0.0,WR,ThorTy00
5274,Tyquan Thornton,0.70,12,Sun,9,9,2023-11-05,23-059,NWE,,WAS,L 17-20,0.70,1.70,1.7,1.2,12,18.8,0,0.0,0,0.0,WR,ThorTy00
5275,Samori Toure,0.70,12,Sun,13,13,2022-12-04,24-255,GNB,@,CHI,W 28-19,0.70,1.70,1.7,1.2,12,18.2,0,0.0,0,0.0,WR,TourSa00
5276,Tre Tucker,0.70,59,Sun,13,14,2024-12-08,23-275,LVR,@,TAM,L 13-28,0.70,2.70,2.7,1.7,59,88.1,0,0.0,0,0.0,WR,TuckTr00
5277,Marquez Valdes-Scantling,0.70,35,Sun,8,8,2023-10-29,29-019,KAN,@,DEN,L 9-24,0.70,2.70,3.7,1.7,35,57.4,0,0.0,0,0.0,WR,ValdMa00
5278,Marquez Valdes-Scantling,0.70,49,Mon,3,3,2024-09-23,29-349,BUF,,JAX,W 47-10,0.70,1.70,1.7,1.2,49,76.6,0,0.0,0,0.0,WR,ValdMa00
5279,Nick Westbrook-Ikhine,0.70,22,Sun,10,11,2023-11-19,26-243,TEN,@,JAX,L 14-34,0.70,1.70,1.7,1.2,22,55.0,0,0.0,3,12.0,WR,WestNi00
5280,Cedrick Wilson Jr.,0.70,21,Sun,10,10,2022-11-13,26-358,MIA,,CLE,W 39-17,0.70,1.70,1.7,1.2,21,30.4,0,0.0,1,4.3,WR,WilsCe01
5281,Michael Woods II,0.70,62,Sun,14,15,2024-12-15,24-271,CLE,,KAN,L 7-21,0.70,2.70,2.7,1.7,62,100.0,0,0.0,4,15.4,WR,WoodMi00
5282,Nelson Agholor,0.60,30,Thu,1,1,2024-09-05,31-104,BAL,@,KAN,L 20-27,0.60,1.60,1.6,1.1,30,37.5,0,0.0,0,0.0,WR,AghoNe00
5283,Tutu Atwell,0.60,38,Mon,14,15,2022-12-19,23-073,LAR,@,GNB,L 12-24,0.60,1.60,1.6,1.1,38,84.4,0,0.0,0,0.0,WR,AtweTu00
5284,Tutu Atwell,0.60,13,Mon,9,10,2024-11-11,25-035,LAR,,MIA,L 15-23,0.60,1.60,1.6,1.1,13,18.6,0,0.0,0,0.0,WR,AtweTu00
5285,Tutu Atwell,0.60,20,Thu,14,15,2024-12-12,25-066,LAR,@,SFO,W 12-6,0.60,1.60,1.6,1.1,20,30.8,0,0.0,0,0.0,WR,AtweTu00
5286,Calvin Austin III,0.60,30,Sun,2,2,2024-09-15,25-175,PIT,@,DEN,W 13-6,0.60,1.60,1.6,1.1,30,45.5,0,0.0,6,24.0,WR,AustCa00
5287,Calvin Austin III,0.60,44,Sun,5,5,2024-10-06,25-196,PIT,,DAL,L 17-20,0.60,1.60,1.6,1.1,44,75.9,0,0.0,1,4.2,WR,AustCa00
5288,Andre Baccellia,0.60,11,Sun,17,18,2023-01-08,26-001,ARI,@,SFO,L 13-38,0.60,1.60,1.6,1.1,11,21.2,0,0.0,3,11.5,WR,BaccAn00
5289,Rashod Bateman,0.60,50,Sun,3,3,2023-09-24,23-299,BAL,,IND,L 19-22 (OT),0.60,1.60,1.6,1.1,50,69.4,0,0.0,1,2.8,WR,BateRa00
5290,David Bell,0.60,20,Sun,2,2,2022-09-18,21-278,CLE,,NYJ,L 30-31,0.60,1.60,1.6,1.1,20,29.9,0,0.0,6,20.0,WR,BellDa02
5291,David Bell,0.60,40,Thu,3,3,2022-09-22,21-282,CLE,,PIT,W 29-17,0.60,1.60,1.6,1.1,40,55.6,0,0.0,11,39.3,WR,BellDa02
5292,David Bell,0.60,29,Sun,5,5,2022-10-09,21-299,CLE,,LAC,L 28-30,0.60,1.60,1.6,1.1,29,43.3,0,0.0,7,25.9,WR,BellDa02
5293,David Bell,0.60,10,Sun,5,6,2023-10-15,22-305,CLE,,SFO,W 19-17,0.60,1.60,1.6,1.1,10,13.2,0,0.0,0,0.0,WR,BellDa02
5294,David Bell,0.60,20,Sun,15,16,2023-12-24,23-010,CLE,@,HOU,W 36-22,0.60,1.60,1.6,1.1,20,24.4,0,0.0,2,8.3,WR,BellDa02
5295,Braxton Berrios,0.60,21,Sun,9,9,2022-11-06,27-031,NYJ,,BUF,W 20-17,0.60,1.60,1.6,1.1,21,35.0,0,0.0,6,26.1,WR,BerrBr00
5296,C.J. Board,0.60,16,Sun,12,13,2022-12-04,28-357,TEN,@,PHI,L 10-35,0.60,1.60,1.6,1.1,16,29.1,0,0.0,18,62.1,WR,BoarC.00
5297,Jake Bobo,0.60,12,Thu,11,12,2023-11-23,25-111,SEA,,SFO,L 13-31,0.60,1.60,1.6,1.1,12,21.4,0,0.0,7,24.1,WR,BoboJa00
5298,Jake Bobo,0.60,12,Sun,15,16,2024-12-22,26-140,SEA,,MIN,L 24-27,0.60,1.60,1.6,1.1,12,18.8,0,0.0,23,69.7,WR,BoboJa00
5299,Kendrick Bourne,0.60,16,Sun,5,5,2024-10-06,29-063,NWE,,MIA,L 10-15,0.60,1.60,1.6,1.1,16,26.7,0,0.0,0,0.0,WR,BourKe00
5300,Kayshon Boutte,0.60,60,Sun,12,12,2024-11-24,22-201,NWE,@,MIA,L 15-34,0.60,1.60,1.6,1.1,60,87.0,0,0.0,0,0.0,WR,BoutKa00
5301,Lynn Bowden Jr.,0.60,18,Sun,16,17,2023-12-31,26-078,NOR,@,TAM,W 23-13,0.60,1.60,1.6,1.1,18,25.7,0,0.0,2,7.7,WR,BowdLy00
5302,Miles Boykin,0.60,6,Thu,8,9,2023-11-02,27-021,PIT,,TEN,W 20-16,0.60,1.60,1.6,1.1,6,9.2,0,0.0,16,66.7,WR,BoykMi00
5303,Miles Boykin,0.60,17,Sat,15,16,2023-12-23,27-072,PIT,,CIN,W 34-11,0.60,1.60,1.6,1.1,17,28.8,0,0.0,17,70.8,WR,BoykMi00
5304,Dyami Brown,0.60,21,Sun,4,4,2022-10-02,22-335,WAS,@,DAL,L 10-25,0.60,1.60,1.6,1.1,21,28.4,0,0.0,8,26.7,WR,BrowDy00
5305,Dyami Brown,0.60,24,Sun,8,8,2024-10-27,24-361,WAS,,CHI,W 18-15,0.60,1.60,1.6,1.1,24,32.4,0,0.0,3,11.5,WR,BrowDy00
5306,Treylon Burks,0.60,46,Mon,13,14,2023-12-11,23-263,TEN,@,MIA,W 28-27,0.60,1.60,1.6,1.1,46,64.8,0,0.0,0,0.0,WR,BurkTr00
5307,Marquez Callaway,0.60,21,Sun,11,11,2022-11-20,24-238,NOR,,LAR,W 27-20,0.60,1.60,1.6,1.1,21,36.8,0,0.0,0,0.0,WR,CallMa01
5308,Parris Campbell,0.60,17,Sun,10,10,2023-11-12,26-119,NYG,@,DAL,L 17-49,0.60,1.60,1.6,1.1,17,29.8,0,0.0,8,25.8,WR,CampPa00
5309,DeAndre Carter,0.60,13,Sun,1,1,2024-09-08,31-151,CHI,,TEN,W 24-17,0.60,1.60,1.6,1.1,13,23.2,0,0.0,9,31.0,WR,CartDe02
5310,Dan Chisena,0.60,2,Sun,12,13,2024-12-01,27-280,CAR,,TAM,L 23-26 (OT),0.60,1.60,1.6,1.1,2,2.9,0,0.0,17,47.2,WR,ChisDa00
5311,River Cracraft,0.60,22,Sun,14,15,2024-12-15,30-044,MIA,@,HOU,L 12-20,0.60,1.60,1.6,1.1,22,32.4,0,0.0,0,0.0,WR,CracRi00
5312,River Cracraft,0.60,18,Sun,15,16,2024-12-22,30-051,MIA,,SFO,W 29-17,0.60,1.60,1.6,1.1,18,26.9,0,0.0,0,0.0,WR,CracRi00
5313,Jaelon Darden,0.60,7,Sun,6,6,2024-10-13,25-273,CLE,@,PHI,L 16-20,0.60,1.60,1.6,1.1,7,12.3,0,0.0,8,29.6,WR,DardJa00
5314,Derius Davis,0.60,12,Sun,12,13,2024-12-01,24-081,LAC,@,ATL,W 17-13,0.60,1.60,1.6,1.1,12,26.1,0,0.0,6,27.3,WR,DaviDe02
5315,Gabriel Davis,0.60,68,Sun,7,7,2023-10-22,24-204,BUF,@,NWE,L 25-29,0.60,1.60,1.6,1.1,68,95.8,0,0.0,0,0.0,WR,DaviGa01
5316,Phillip Dorsett,0.60,45,Sun,7,8,2022-10-30,29-298,HOU,,TEN,L 10-17,0.60,1.60,1.6,1.1,45,83.3,0,0.0,0,0.0,WR,DorsPh00
5317,Greg Dortch,0.60,27,Sun,4,4,2022-10-02,24-126,ARI,@,CAR,W 26-16,0.60,1.60,1.6,1.1,27,35.5,0,0.0,6,26.1,WR,DortGr01
5318,Jahan Dotson,0.60,56,Mon,2,2,2024-09-16,24-178,PHI,,ATL,L 21-22,0.60,1.60,1.6,1.1,56,78.9,0,0.0,0,0.0,WR,DotsJa00
5319,D'Wayne Eskridge,0.60,4,Sun,7,8,2024-10-27,27-218,MIA,,ARI,L 27-28,0.60,1.60,1.6,1.1,4,6.2,0,0.0,5,19.2,WR,EskrDW00
5320,D'Wayne Eskridge,0.60,6,Sun,2,2,2022-09-18,25-179,SEA,@,SFO,L 7-27,0.60,1.60,1.6,1.1,6,12.2,0,0.0,0,0.0,WR,EskrDW00
5321,Xavier Gipson,0.60,14,Sun,4,4,2024-09-29,23-205,NYJ,,DEN,L 9-10,0.60,1.60,1.6,1.1,14,18.9,0,0.0,11,39.3,WR,GipsXa00
5322,Mecole Hardman,0.60,14,Sun,2,2,2023-09-17,25-189,NYJ,@,DAL,L 10-30,0.60,1.60,1.6,1.1,14,29.8,0,0.0,0,0.0,WR,HardMe00
5323,Mecole Hardman,0.60,11,Sun,7,7,2023-10-22,25-224,KAN,,LAC,W 31-17,0.60,1.60,1.6,1.1,11,16.2,0,0.0,9,34.6,WR,HardMe00
5324,N'Keal Harry,0.60,21,Sun,9,9,2022-11-06,24-324,CHI,,MIA,L 32-35,0.60,1.60,1.6,1.1,21,28.4,0,0.0,0,0.0,WR,HarrNK00
5325,Xavier Hutchinson,0.60,36,Sat,17,18,2024-01-06,23-219,HOU,@,IND,W 23-19,0.60,1.60,1.6,1.1,36,64.3,0,0.0,0,0.0,WR,HutcXa00
5326,Xavier Hutchinson,0.60,57,Sun,10,10,2024-11-10,24-162,HOU,,DET,L 23-26,0.60,2.60,2.6,1.6,57,83.8,0,0.0,2,6.7,WR,HutcXa00
5327,Jalin Hyatt,0.60,64,Sun,6,6,2024-10-13,23-018,NYG,,CIN,L 7-17,0.60,1.60,1.6,1.1,64,81.0,0,0.0,0,0.0,WR,HyatJa00
5328,Trenton Irwin,0.60,33,Sun,1,1,2024-09-08,28-273,CIN,,NWE,L 10-16,0.60,1.60,1.6,1.1,33,64.7,0,0.0,0,0.0,WR,IrwiTr00
5329,Richie James,0.60,23,Thu,1,1,2023-09-07,28-002,KAN,,DET,L 20-21,0.60,1.60,1.6,1.1,23,35.4,0,0.0,10,37.0,WR,JameRi00
5330,Richie James,0.60,12,Sun,16,17,2023-12-31,28-117,KAN,,CIN,W 25-17,0.60,1.60,1.6,1.1,12,22.2,0,0.0,8,29.6,WR,JameRi00
5331,Rakim Jarrett,0.60,13,Sun,15,16,2024-12-22,23-333,TAM,@,DAL,L 24-26,0.60,1.60,1.6,1.1,13,18.1,0,0.0,6,20.0,WR,JarrRa00
5332,Collin Johnson,0.60,5,Sun,13,14,2024-12-08,27-076,CHI,@,SFO,L 13-38,0.60,1.60,1.6,1.1,5,9.4,0,0.0,17,68.0,WR,JohnCo01
5333,Diontae Johnson,0.60,5,Thu,10,10,2024-11-07,28-125,BAL,,CIN,W 35-34,0.60,1.60,1.6,1.1,5,7.9,0,0.0,1,3.6,WR,JohnDi01
5334,Tyler Johnson,0.60,27,Thu,7,8,2024-10-24,26-060,LAR,,MIN,W 30-20,0.60,1.60,1.6,1.1,27,37.5,0,0.0,0,0.0,WR,JohnTy00
5335,Charlie Jones,0.60,3,Mon,3,3,2023-09-25,24-331,CIN,,LAR,W 19-16,0.60,1.60,1.6,1.1,3,3.9,0,0.0,7,22.6,WR,JoneCh11
5336,Julio Jones,0.60,22,Mon,14,15,2023-12-18,34-318,PHI,@,SEA,L 17-20,0.60,1.60,1.6,1.1,22,31.9,0,0.0,0,0.0,WR,JoneJu02
5337,Velus Jones Jr.,0.60,12,Sun,12,12,2022-11-27,25-200,CHI,@,NYJ,L 10-31,0.60,0.60,0.6,0.6,12,21.1,0,0.0,16,64.0,WR,JoneVe00
5338,Mason Kinsey,0.60,3,Sun,15,16,2023-12-24,25-117,TEN,,SEA,L 17-20,0.60,1.60,1.6,1.1,3,4.5,0,0.0,3,13.6,WR,KinsMa00
5339,Mason Kinsey,0.60,14,Sun,15,16,2024-12-22,26-115,TEN,@,IND,L 30-38,0.60,1.60,1.6,1.1,14,23.0,0,0.0,4,13.3,WR,KinsMa00
5340,Terrace Marshall Jr.,0.60,15,Sun,13,14,2024-12-08,24-182,LVR,@,TAM,L 13-28,0.60,1.60,1.6,1.1,15,22.4,0,0.0,0,0.0,WR,MarsTe00
5341,Ray-Ray McCloud,0.60,9,Mon,4,4,2022-10-03,25-353,SFO,,LAR,W 24-9,0.60,1.60,1.6,1.1,9,18.0,0,0.0,8,32.0,WR,McClRa00
5342,Isaiah McKenzie,0.60,7,Sun,4,4,2023-10-01,28-175,IND,,LAR,L 23-29 (OT),0.60,1.60,1.6,1.1,7,10.9,0,0.0,3,11.1,WR,McKeIs00
5343,Isaiah McKenzie,0.60,23,Sat,15,16,2022-12-24,27-259,BUF,@,CHI,W 35-13,0.60,0.60,0.6,0.6,23,35.9,0,0.0,0,0.0,WR,McKeIs00
5344,Jalen McMillan,0.60,44,Sun,3,3,2024-09-22,22-290,TAM,,DEN,L 7-26,0.60,1.60,1.6,1.1,44,77.2,0,0.0,0,0.0,WR,McMiJa01
5345,John Metchie,0.60,19,Sun,11,12,2023-11-26,23-131,HOU,,JAX,L 21-24,0.60,1.60,1.6,1.1,19,31.7,0,0.0,0,0.0,WR,MetcJo00
5346,John Metchie,0.60,28,Sun,13,14,2023-12-10,23-145,HOU,@,NYJ,L 6-30,0.60,1.60,1.6,1.1,28,50.0,0,0.0,1,3.4,WR,MetcJo00
5347,John Metchie,0.60,40,Sun,12,12,2024-11-24,24-129,HOU,,TEN,L 27-32,0.60,1.60,1.6,1.1,40,71.4,0,0.0,1,2.9,WR,MetcJo00
5348,Scott Miller,0.60,8,Sun,7,7,2022-10-23,25-084,TAM,@,CAR,L 3-21,0.60,2.60,2.6,1.6,8,11.9,0,0.0,11,45.8,WR,MillSc01
5349,Dax Milne,0.60,2,Sun,2,2,2022-09-18,23-087,WAS,@,DET,L 27-36,0.60,1.60,1.6,1.1,2,2.7,0,0.0,12,37.5,WR,MilnDa00
5350,Jonathan Mingo,0.60,56,Sun,10,11,2023-11-19,22-213,CAR,,DAL,L 10-33,0.60,1.60,1.6,1.1,56,94.9,0,0.0,0,0.0,WR,MingJo00
5351,Darnell Mooney,0.60,57,Mon,12,12,2023-11-27,26-029,CHI,@,MIN,W 12-10,0.60,2.60,2.6,1.6,57,81.4,0,0.0,0,0.0,WR,MoonDa00
5352,Chris Moore,0.60,20,Sun,6,6,2023-10-15,30-121,TEN,,BAL,L 16-24,0.60,1.60,1.6,1.1,20,36.4,0,0.0,4,12.9,WR,MoorCh00
5353,D.J. Moore,0.60,69,Sun,13,14,2022-12-11,25-241,CAR,@,SEA,W 30-24,0.60,0.60,0.6,0.6,69,95.8,0,0.0,0,0.0,WR,MoorD.00
5354,Rondale Moore,0.60,37,Sun,13,13,2023-12-03,23-177,ARI,@,PIT,W 24-10,0.60,1.60,1.6,1.1,37,54.4,0,0.0,1,4.2,WR,MoorRo02
5355,Skyy Moore,0.60,16,Sun,9,10,2022-11-13,22-064,KAN,,JAX,W 27-17,0.60,1.60,1.6,1.1,16,25.4,0,0.0,1,3.8,WR,MoorSk01
5356,Gunner Olszewski,0.60,25,Sun,16,17,2023-01-01,26-036,PIT,@,BAL,W 16-13,0.60,0.60,0.6,0.6,25,35.7,0,0.0,9,39.1,WR,OlszGu00
5357,DeVante Parker,0.60,28,Sun,17,18,2024-01-07,30-352,NWE,,NYJ,L 3-17,0.60,1.60,1.6,1.1,28,49.1,0,0.0,0,0.0,WR,ParkDe01
5358,Zach Pascal,0.60,12,Sat,15,16,2022-12-24,28-006,PHI,@,DAL,L 34-40,0.60,1.60,1.6,1.1,12,16.9,0,0.0,16,51.6,WR,PascZa00
5359,Ja'Lynn Polk,0.60,35,Sun,1,1,2024-09-08,22-150,NWE,@,CIN,W 16-10,0.60,1.60,1.6,1.1,35,53.8,0,0.0,0,0.0,WR,PolkJa00
5360,Brandon Powell,0.60,26,Sun,11,12,2022-11-27,27-076,LAR,@,KAN,L 10-26,0.60,2.60,2.6,1.6,26,48.1,0,0.0,14,58.3,WR,PoweBr00
5361,Kalif Raymond,0.60,13,Sun,12,13,2022-12-04,28-118,DET,,JAX,W 40-14,0.60,2.60,2.6,1.6,13,17.1,0,0.0,3,11.5,WR,RaymKa00
5362,Jayden Reed,0.60,45,Sun,16,17,2024-12-29,24-245,GNB,@,MIN,L 25-27,0.60,1.60,1.6,1.1,45,71.4,0,0.0,2,7.4,WR,ReedJa03
5363,Hunter Renfrow,0.60,46,Sun,7,8,2022-10-30,26-313,LVR,@,NOR,L 0-24,0.60,1.60,1.6,1.1,46,79.3,0,0.0,1,5.3,WR,RenfHu00
5364,Wan'Dale Robinson,0.60,27,Sun,10,10,2023-11-12,22-311,NYG,@,DAL,L 17-49,0.60,2.60,2.6,1.6,27,47.4,0,0.0,0,0.0,WR,RobiWa01
5365,Wan'Dale Robinson,0.60,48,Thu,12,13,2024-11-28,23-328,NYG,@,DAL,L 20-27,0.60,2.60,2.6,1.6,48,76.2,0,0.0,0,0.0,WR,RobiWa01
5366,John Ross,0.60,12,Sun,4,4,2024-09-29,28-307,PHI,@,TAM,L 16-33,0.60,1.60,1.6,1.1,12,21.1,0,0.0,0,0.0,WR,RossJo00
5367,Justyn Ross,0.60,6,Thu,1,1,2023-09-07,23-266,KAN,,DET,L 20-21,0.60,1.60,1.6,1.1,6,9.2,0,0.0,9,33.3,WR,RossJu00
5368,Curtis Samuel,0.60,49,Thu,6,6,2022-10-13,26-063,WAS,@,CHI,W 12-7,0.60,2.60,2.6,1.6,49,86.0,0,0.0,0,0.0,WR,SamuCu00
5369,Curtis Samuel,0.60,44,Sun,16,17,2023-01-01,26-143,WAS,,CLE,L 10-24,0.60,1.60,1.6,1.1,44,63.8,0,0.0,0,0.0,WR,SamuCu00
5370,Curtis Samuel,0.60,31,Sun,10,10,2023-11-12,27-093,WAS,@,SEA,L 26-29,0.60,2.60,2.6,1.6,31,50.8,0,0.0,0,0.0,WR,SamuCu00
5371,Deebo Samuel,0.60,48,Sun,4,4,2023-10-01,27-259,SFO,,ARI,W 35-16,0.60,0.60,0.6,0.6,48,87.3,0,0.0,0,0.0,WR,SamuDe00
5372,Tyler Scott,0.60,10,Sun,3,3,2023-09-24,21-347,CHI,@,KAN,L 10-41,0.60,1.60,1.6,1.1,10,19.6,0,0.0,3,12.0,WR,ScotTy00
5373,Khalil Shakir,0.60,15,Sun,9,10,2022-11-13,22-283,BUF,,MIN,L 30-33 (OT),0.60,1.60,1.6,1.1,15,20.0,0,0.0,4,12.1,WR,ShakKh00
5374,Laviska Shenault Jr.,0.60,3,Sun,9,9,2022-11-06,24-032,CAR,@,CIN,L 21-42,0.60,0.60,0.6,0.6,3,6.1,0,0.0,0,0.0,WR,ShenLa00
5375,Laviska Shenault Jr.,0.60,3,Sun,2,2,2024-09-15,25-346,SEA,@,NWE,W 23-20 (OT),0.60,1.60,1.6,1.1,3,4.3,0,0.0,21,67.7,WR,ShenLa00
5376,Sterling Shepard,0.60,5,Mon,4,4,2023-10-02,30-234,NYG,,SEA,L 3-24,0.60,1.60,1.6,1.1,5,6.7,0,0.0,0,0.0,WR,ShepSt00
5377,Sterling Shepard,0.60,16,Sun,12,12,2023-11-26,30-289,NYG,,NWE,W 10-7,0.60,1.60,1.6,1.1,16,30.8,0,0.0,0,0.0,WR,ShepSt00
5378,Trent Sherfield,0.60,52,Sun,6,6,2022-10-16,26-233,MIA,,MIN,L 16-24,0.60,1.60,1.6,1.1,52,66.7,0,0.0,18,58.1,WR,SherTr00
5379,Trent Sherfield,0.60,12,Mon,14,15,2024-12-16,28-295,MIN,,CHI,W 30-12,0.60,1.60,1.6,1.1,12,15.6,0,0.0,18,66.7,WR,SherTr00
5380,Cam Sims,0.60,41,Thu,6,6,2022-10-13,26-280,WAS,@,CHI,W 12-7,0.60,1.60,1.6,1.1,41,71.9,0,0.0,7,35.0,WR,SimsCa00
5381,Ainias Smith,0.60,18,Sun,9,10,2024-11-10,23-163,PHI,@,DAL,W 34-6,0.60,2.60,2.6,1.6,18,26.5,0,0.0,0,0.0,WR,SmitAi00
5382,DeVonta Smith,0.60,74,Sun,5,5,2023-10-08,24-328,PHI,@,LAR,W 23-14,0.60,1.60,1.6,1.1,74,93.7,0,0.0,0,0.0,WR,SmitDe07
5383,Ihmir Smith-Marsette,0.60,9,Sun,17,18,2024-01-07,24-131,CAR,,TAM,L 0-9,0.60,1.60,1.6,1.1,9,17.3,0,0.0,7,35.0,WR,SmitIh00
5384,Jeff Smith,0.60,7,Sun,9,9,2022-11-06,25-199,NYJ,,BUF,W 20-17,0.60,1.60,1.6,1.1,7,11.7,0,0.0,7,30.4,WR,SmitJe03
5385,JuJu Smith-Schuster,0.60,27,Sun,5,5,2023-10-08,26-320,NWE,,NOR,L 0-34,0.60,3.60,3.6,2.1,27,50.0,0,0.0,0,0.0,WR,SmitJu00
5386,JuJu Smith-Schuster,0.60,41,Sun,11,12,2024-11-24,28-002,KAN,@,CAR,W 30-27,0.60,1.60,1.6,1.1,41,55.4,0,0.0,0,0.0,WR,SmitJu00
5387,Shi Smith,0.60,34,Sun,11,11,2022-11-20,24-025,CAR,@,BAL,L 3-13,0.60,4.60,5.6,2.6,34,59.6,0,0.0,7,30.4,WR,SmitSh03
5388,Tre'Quan Smith,0.60,19,Sun,17,18,2023-01-08,27-001,NOR,,CAR,L 7-10,0.60,1.60,1.6,1.1,19,31.7,0,0.0,0,0.0,WR,SmitTr03
5389,Xavier Smith,0.60,8,Sun,5,5,2024-10-06,27-015,LAR,,GNB,L 19-24,0.60,2.60,2.6,1.6,8,10.3,0,0.0,12,54.5,WR,SmitXa00
5390,Xavier Smith,0.60,5,Sun,17,18,2025-01-05,27-106,LAR,,SEA,L 25-30,0.60,0.60,0.6,0.6,5,7.6,0,0.0,12,44.4,WR,SmitXa00
5391,Equanimeous St. Brown,0.60,25,Sun,8,8,2022-10-30,26-030,CHI,@,DAL,L 29-49,0.60,1.60,1.6,1.1,25,31.6,0,0.0,0,0.0,WR,St.BEq00
5392,Malik Taylor,0.60,10,Sun,9,10,2023-11-12,27-326,NYJ,@,LVR,L 12-16,0.60,1.60,1.6,1.1,10,15.2,0,0.0,13,48.1,WR,TaylMa01
5393,Adam Thielen,0.60,66,Sat,15,16,2022-12-24,32-124,MIN,,NYG,W 27-24,0.60,1.60,1.6,1.1,66,91.7,0,0.0,0,0.0,WR,ThieAd00
5394,Deven Thompkins,0.60,10,Mon,3,3,2023-09-25,23-276,TAM,,PHI,L 11-25,0.60,2.60,2.6,1.6,10,21.3,0,0.0,6,30.0,WR,ThomDe07
5395,Tyquan Thornton,0.60,25,Sun,6,6,2023-10-15,23-038,NWE,@,LVR,L 17-21,0.60,1.60,1.6,1.1,25,41.7,0,0.0,0,0.0,WR,ThorTy00
5396,Mason Tipton,0.60,17,Sun,1,1,2024-09-08,23-347,NOR,,CAR,W 47-10,0.60,1.60,1.6,1.1,17,25.8,0,0.0,0,0.0,WR,TiptMa00
5397,Mason Tipton,0.60,29,Sun,4,4,2024-09-29,24-002,NOR,@,ATL,L 24-26,0.60,1.60,1.6,1.1,29,39.2,0,0.0,0,0.0,WR,TiptMa00
5398,Kadarius Toney,0.60,12,Sun,12,13,2023-12-03,24-310,KAN,@,GNB,L 19-27,0.60,0.60,0.6,0.6,12,17.9,0,0.0,0,0.0,WR,ToneKa00
5399,Samori Toure,0.60,23,Sun,2,2,2023-09-17,25-177,GNB,@,ATL,L 24-25,0.60,1.60,1.6,1.1,23,46.0,0,0.0,0,0.0,WR,TourSa00
5400,Austin Trammell,0.60,3,Sun,9,9,2023-11-05,25-124,LAR,@,GNB,L 3-20,0.60,1.60,1.6,1.1,3,5.2,0,0.0,9,39.1,WR,TramAu00
5401,DJ Turner,0.60,4,Thu,13,14,2022-12-08,25-324,LVR,@,LAR,L 16-17,0.60,0.60,0.6,0.6,4,6.7,0,0.0,10,40.0,WR,TurnDJ00
5402,KaVontae Turpin,0.60,19,Sun,2,2,2024-09-15,28-044,DAL,,NOR,L 19-44,0.60,2.60,2.6,1.6,19,27.1,0,0.0,9,33.3,WR,TurpKa00
5403,Marquez Valdes-Scantling,0.60,38,Sun,4,4,2023-10-01,28-356,KAN,@,NYJ,W 23-20,0.60,1.60,1.6,1.1,38,54.3,0,0.0,0,0.0,WR,ValdMa00
5404,Justin Watson,0.60,52,Sun,9,10,2024-11-10,28-220,KAN,,DEN,W 16-14,0.60,2.60,2.6,1.6,52,76.5,0,0.0,6,24.0,WR,WatsJu01
5405,Jordan Whittington,0.60,9,Sat,16,17,2024-12-28,24-088,LAR,,ARI,W 13-9,0.60,1.60,1.6,1.1,9,15.8,0,0.0,15,68.2,WR,WhitJo04
5406,Isaiah Williams,0.60,5,Sun,7,8,2024-10-27,23-272,DET,,TEN,W 52-14,0.60,2.60,2.6,1.6,5,10.4,0,0.0,3,9.1,WR,WillIs03
5407,Mike Williams,0.60,41,Thu,9,9,2024-10-31,30-027,NYJ,,HOU,W 21-13,0.60,1.60,1.6,1.1,41,70.7,0,0.0,0,0.0,WR,WillMi07
5408,Michael Woods II,0.60,12,Mon,8,8,2022-10-31,22-226,CLE,,CIN,W 32-13,0.60,1.60,1.6,1.1,12,16.7,0,0.0,8,34.8,WR,WoodMi00
5409,Robert Woods,0.60,38,Sun,7,8,2022-10-30,30-203,TEN,@,HOU,W 17-10,0.60,2.60,3.6,1.6,38,65.5,0,0.0,9,33.3,WR,WoodRo02
5410,Robert Woods,0.60,51,Sun,12,13,2022-12-04,30-238,TEN,@,PHI,L 10-35,0.60,1.60,1.6,1.1,51,92.7,0,0.0,0,0.0,WR,WoodRo02
5411,Jamal Agnew,0.50,25,Sun,2,2,2023-09-17,28-167,JAX,,KAN,L 9-17,0.50,1.50,1.5,1.0,25,37.3,0,0.0,8,36.4,WR,AgneJa00
5412,Keenan Allen,0.50,54,Sun,17,18,2025-01-05,32-253,CHI,@,GNB,W 24-22,0.50,3.50,4.5,3.0,54,87.1,0,0.0,0,0.0,WR,AlleKe00
5413,Robbie Chosen,0.50,17,Thu,2,2,2024-09-12,31-126,MIA,,BUF,L 10-31,0.50,1.50,1.5,1.0,17,22.4,0,0.0,0,0.0,WR,AndeRo04
5414,Calvin Austin III,0.50,18,Sun,11,12,2023-11-26,24-247,PIT,@,CIN,W 16-10,0.50,1.50,1.5,1.0,18,25.4,0,0.0,6,25.0,WR,AustCa00
5415,Kevin Austin,0.50,44,Sun,13,14,2024-12-08,24-253,NOR,@,NYG,W 14-11,0.50,1.50,1.5,1.0,44,64.7,0,0.0,3,10.3,WR,AustKe00
5416,Cole Beasley,0.50,4,Sun,4,4,2022-10-02,33-159,TAM,,KAN,L 31-41,0.50,1.50,1.5,1.0,4,6.3,0,0.0,8,26.7,WR,BeasCo00
5417,Miles Boykin,0.50,4,Mon,2,2,2023-09-18,26-341,PIT,,CLE,W 26-22,0.50,1.50,1.5,1.0,4,7.4,0,0.0,23,74.2,WR,BoykMi00
5418,Noah Brown,0.50,42,Sun,5,5,2022-10-09,26-276,DAL,@,LAR,W 22-10,0.50,1.50,1.5,1.0,42,76.4,0,0.0,6,20.0,WR,BrowNo00
5419,Noah Brown,0.50,55,Sat,15,16,2022-12-24,26-352,DAL,,PHI,W 40-34,0.50,1.50,1.5,1.0,55,75.3,0,0.0,1,3.2,WR,BrowNo00
5420,Treylon Burks,0.50,36,Sun,3,3,2023-09-24,23-185,TEN,@,CLE,L 3-27,0.50,1.50,1.5,1.0,36,75.0,0,0.0,0,0.0,WR,BurkTr00
5421,Marquez Callaway,0.50,56,Sun,5,5,2022-10-09,24-196,NOR,,SEA,W 39-32,0.50,2.50,2.5,1.5,56,72.7,0,0.0,6,17.6,WR,CallMa01
5422,DeAndre Carter,0.50,16,Sun,14,15,2022-12-18,29-252,LAC,,TEN,W 17-14,0.50,1.50,1.5,1.0,16,22.5,0,0.0,10,37.0,WR,CartDe02
5423,DeAndre Carter,0.50,1,Sun,9,10,2024-11-10,31-214,CHI,,NWE,L 3-19,0.50,1.50,1.5,1.0,1,1.7,0,0.0,11,40.7,WR,CartDe02
5424,DeAndre Carter,0.50,10,Sun,1,1,2023-09-10,30-153,LVR,@,DEN,W 17-16,0.50,1.50,1.5,1.0,10,16.9,0,0.0,7,36.8,WR,CartDe02
5425,Randall Cobb,0.50,32,Sun,15,16,2022-12-25,32-125,GNB,@,MIA,W 26-20,0.50,1.50,1.5,1.0,32,48.5,0,0.0,1,3.8,WR,CobbRa00
5426,Keelan Cole,0.50,10,Sat,17,18,2023-01-07,29-262,LVR,,KAN,L 13-31,0.50,1.50,1.5,1.0,10,14.3,0,0.0,0,0.0,WR,ColeKe00
5427,River Cracraft,0.50,15,Sun,17,18,2023-01-08,28-068,MIA,,NYJ,W 11-6,0.50,1.50,1.5,1.0,15,23.1,0,0.0,0,0.0,WR,CracRi00
5428,Jamison Crowder,0.50,3,Sun,1,1,2024-09-08,31-083,WAS,@,TAM,L 20-37,0.50,1.50,1.5,1.0,3,5.1,0,0.0,1,3.7,WR,CrowJa00
5429,Derius Davis,0.50,3,Sun,1,1,2023-09-10,22-364,LAC,,MIA,L 34-36,0.50,1.50,1.5,1.0,3,3.7,0,0.0,8,25.8,WR,DaviDe02
5430,Phillip Dorsett,0.50,26,Sun,11,12,2022-11-27,29-326,HOU,@,MIA,L 15-30,0.50,1.50,1.5,1.0,26,42.6,0,0.0,0,0.0,WR,DorsPh00
5431,Greg Dortch,0.50,12,Sun,11,12,2024-11-24,26-179,ARI,@,SEA,L 6-16,0.50,1.50,1.5,1.0,12,20.7,0,0.0,9,37.5,WR,DortGr01
5432,Greg Dortch,0.50,27,Sun,13,14,2024-12-08,26-193,ARI,,SEA,L 18-30,0.50,1.50,1.5,1.0,27,38.0,0,0.0,12,41.4,WR,DortGr01
5433,Jahan Dotson,0.50,24,Sun,13,14,2024-12-08,24-261,PHI,,CAR,W 22-16,0.50,1.50,1.5,1.0,24,41.4,0,0.0,0,0.0,WR,DotsJa00
5434,Devin Duvernay,0.50,50,Mon,9,9,2022-11-07,25-056,BAL,@,NOR,W 27-13,0.50,1.50,1.5,1.0,50,73.5,0,0.0,8,30.8,WR,DuveDe00
5435,Erik Ezukanma,0.50,10,Sun,2,2,2023-09-17,23-235,MIA,@,NWE,W 24-17,0.50,0.50,0.5,0.5,10,15.9,0,0.0,2,8.0,WR,EzukEr00
5436,Demetric Felton,0.50,4,Sat,14,15,2022-12-17,24-154,CLE,,BAL,W 13-3,0.50,1.50,1.5,1.0,4,6.1,0,0.0,0,0.0,WR,FeltDe00
5437,Xavier Gipson,0.50,4,Sun,17,18,2025-01-05,23-303,NYJ,,MIA,W 32-20,0.50,0.50,0.5,0.5,4,6.3,0,0.0,8,30.8,WR,GipsXa00
5438,A.J. Green,0.50,35,Sun,12,12,2022-11-27,34-119,ARI,,LAC,L 24-25,0.50,1.50,1.5,1.0,35,53.0,0,0.0,0,0.0,WR,GreeA.00
5439,Jalen Guyton,0.50,38,Sun,12,13,2023-12-03,26-179,LAC,@,NWE,W 6-0,0.50,1.50,1.5,1.0,38,62.3,0,0.0,0,0.0,WR,GuytJa01
5440,Isaiah Hodgins,0.50,15,Sun,6,6,2024-10-13,25-358,NYG,,CIN,L 7-17,0.50,1.50,1.5,1.0,15,19.0,0,0.0,0,0.0,WR,HodgIs00
5441,KhaDarel Hodge,0.50,15,Sun,16,17,2023-01-01,27-363,ATL,,ARI,W 20-19,0.50,1.50,1.5,1.0,15,24.2,0,0.0,15,60.0,WR,HodgKh00
5442,KhaDarel Hodge,0.50,20,Sun,15,16,2023-12-24,28-355,ATL,,IND,W 29-10,0.50,1.50,1.5,1.0,20,31.3,0,0.0,18,64.3,WR,HodgKh00
5443,Mack Hollins,0.50,36,Sun,4,4,2024-09-29,31-013,BUF,@,BAL,L 10-35,0.50,1.50,1.5,1.0,36,61.0,0,0.0,11,40.7,WR,HollMa00
5444,Xavier Hutchinson,0.50,65,Sun,14,15,2023-12-17,23-199,HOU,@,TEN,W 19-16 (OT),0.50,0.50,0.5,0.5,65,84.4,0,0.0,3,9.7,WR,HutcXa00
5445,Xavier Hutchinson,0.50,48,Sun,17,18,2025-01-05,24-218,HOU,@,TEN,W 23-14,0.50,1.50,1.5,1.0,48,80.0,0,0.0,9,39.1,WR,HutcXa00
5446,Jalin Hyatt,0.50,9,Sun,17,18,2024-01-07,22-104,NYG,,PHI,W 27-10,0.50,1.50,1.5,1.0,9,13.4,0,0.0,0,0.0,WR,HyatJa00
5447,Andrei Iosivas,0.50,18,Sat,14,15,2023-12-16,24-062,CIN,,MIN,W 27-24 (OT),0.50,1.50,1.5,1.0,18,25.7,0,0.0,18,66.7,WR,IosiAn00
5448,Andrei Iosivas,0.50,60,Sun,14,15,2024-12-15,25-061,CIN,@,TEN,W 37-27,0.50,1.50,1.5,1.0,60,87.0,0,0.0,0,0.0,WR,IosiAn00
5449,Trenton Irwin,0.50,16,Sun,14,15,2022-12-18,27-008,CIN,@,TAM,W 34-23,0.50,1.50,1.5,1.0,16,24.2,0,0.0,1,4.0,WR,IrwiTr00
5450,Trenton Irwin,0.50,35,Sun,2,2,2024-09-15,28-280,CIN,@,KAN,L 25-26,0.50,1.50,1.5,1.0,35,54.7,0,0.0,0,0.0,WR,IrwiTr00
5451,Van Jefferson,0.50,32,Sun,7,7,2023-10-22,27-088,ATL,@,TAM,W 16-13,0.50,1.50,1.5,1.0,32,49.2,0,0.0,0,0.0,WR,JeffVa00
5452,Jauan Jennings,0.50,26,Sun,3,3,2022-09-25,25-077,SFO,@,DEN,L 10-11,0.50,1.50,1.5,1.0,26,46.4,0,0.0,9,32.1,WR,JennJa00
5453,Jauan Jennings,0.50,22,Sun,13,14,2022-12-11,25-154,SFO,,TAM,W 35-7,0.50,1.50,1.5,1.0,22,34.9,0,0.0,3,14.3,WR,JennJa00
5454,Julio Jones,0.50,32,Mon,10,11,2023-11-20,34-290,PHI,@,KAN,W 21-17,0.50,2.50,2.5,1.5,32,57.1,0,0.0,0,0.0,WR,JoneJu02
5455,Julio Jones,0.50,20,Mon,15,16,2023-12-25,34-325,PHI,,NYG,W 33-25,0.50,1.50,1.5,1.0,20,26.7,0,0.0,0,0.0,WR,JoneJu02
5456,Julio Jones,0.50,22,Sun,15,16,2022-12-25,33-325,TAM,@,ARI,W 19-16 (OT),0.50,1.50,1.5,1.0,22,27.2,0,0.0,0,0.0,WR,JoneJu02
5457,Marvin Jones,0.50,20,Sun,6,6,2023-10-15,33-217,DET,@,TAM,W 20-6,0.50,1.50,1.5,1.0,20,28.6,0,0.0,0,0.0,WR,JoneMa02
5458,Terrace Marshall Jr.,0.50,48,Sun,17,18,2024-01-07,23-212,CAR,,TAM,L 0-9,0.50,1.50,1.5,1.0,48,92.3,0,0.0,0,0.0,WR,MarsTe00
5459,Luke McCaffrey,0.50,22,Sun,6,6,2024-10-13,23-194,WAS,@,BAL,L 23-30,0.50,1.50,1.5,1.0,22,37.3,0,0.0,0,0.0,WR,McCaLu00
5460,Terry McLaurin,0.50,68,Sun,16,17,2024-12-29,29-105,WAS,,ATL,W 30-24 (OT),0.50,1.50,1.5,1.0,68,81.9,0,0.0,0,0.0,WR,McLaTe00
5461,Bo Melton,0.50,23,Sun,11,12,2024-11-24,25-190,GNB,,SFO,W 38-10,0.50,0.50,0.5,0.5,23,31.9,0,0.0,6,24.0,WR,MeltBo00
5462,John Metchie,0.50,38,Sat,17,18,2024-01-06,23-172,HOU,@,IND,W 23-19,0.50,1.50,1.5,1.0,38,67.9,0,0.0,2,6.7,WR,MetcJo00
5463,Dax Milne,0.50,6,Thu,6,6,2022-10-13,23-112,WAS,@,CHI,W 12-7,0.50,1.50,1.5,1.0,6,10.5,0,0.0,4,20.0,WR,MilnDa00
5464,Jonathan Mingo,0.50,70,Sun,8,9,2023-11-05,22-199,CAR,,IND,L 13-27,0.50,1.50,1.5,1.0,70,98.6,0,0.0,3,10.7,WR,MingJo00
5465,Darnell Mooney,0.50,57,Sun,15,16,2023-12-24,26-056,CHI,,ARI,W 27-16,0.50,2.50,2.5,1.5,57,81.4,0,0.0,0,0.0,WR,MoonDa00
5466,Jason Moore,0.50,18,Sun,7,7,2022-10-23,27-122,LAC,,SEA,L 23-37,0.50,1.50,1.5,1.0,18,25.4,0,0.0,7,24.1,WR,MoorJa02
5467,Skyy Moore,0.50,11,Sat,15,16,2022-12-24,22-105,KAN,,SEA,W 24-10,0.50,1.50,1.5,1.0,11,20.8,0,0.0,1,4.2,WR,MoorSk01
5468,Skyy Moore,0.50,44,Sun,12,13,2023-12-03,23-084,KAN,@,GNB,L 19-27,0.50,1.50,1.5,1.0,44,65.7,0,0.0,0,0.0,WR,MoorSk01
5469,Jalen Nailor,0.50,41,Mon,14,15,2024-12-16,25-289,MIN,,CHI,W 30-12,0.50,1.50,1.5,1.0,41,53.2,0,0.0,1,3.7,WR,NailJa00
5470,Jalen Nailor,0.50,35,Sun,15,16,2024-12-22,25-295,MIN,@,SEA,W 27-24,0.50,1.50,1.5,1.0,35,53.0,0,0.0,0,0.0,WR,NailJa00
5471,K.J. Osborn,0.50,61,Sun,4,4,2022-10-02,25-114,MIN,@,NOR,W 28-25,0.50,1.50,1.5,1.0,61,84.7,0,0.0,0,0.0,WR,OsboKJ00
5472,Trey Palmer,0.50,47,Sun,6,7,2023-10-22,22-203,TAM,,ATL,L 13-16,0.50,1.50,1.5,1.0,47,64.4,0,0.0,0,0.0,WR,PalmTr00
5473,Trey Palmer,0.50,35,Sun,14,15,2023-12-17,22-259,TAM,@,GNB,W 34-20,0.50,1.50,1.5,1.0,35,56.5,0,0.0,0,0.0,WR,PalmTr00
5474,Zach Pascal,0.50,19,Sun,13,14,2022-12-11,27-358,PHI,@,NYG,W 48-22,0.50,1.50,1.5,1.0,19,27.9,0,0.0,20,64.5,WR,PascZa00
5475,Ricky Pearsall,0.50,30,Sun,13,14,2024-12-08,24-090,SFO,,CHI,W 38-13,0.50,1.50,1.5,1.0,30,49.2,0,0.0,0,0.0,WR,PearRi00
5476,Donovan Peoples-Jones,0.50,11,Sat,14,15,2023-12-16,24-300,DET,,DEN,W 42-17,0.50,1.50,1.5,1.0,11,16.7,0,0.0,3,10.3,WR,PeopDo00
5477,A.T. Perry,0.50,32,Sun,16,17,2023-12-31,24-066,NOR,@,TAM,W 23-13,0.50,1.50,1.5,1.0,32,45.7,0,0.0,0,0.0,WR,PerrAT00
5478,Alec Pierce,0.50,66,Sun,1,1,2023-09-10,23-131,IND,,JAX,L 21-31,0.50,1.50,1.5,1.0,66,91.7,0,0.0,0,0.0,WR,PierAl00
5479,Brandon Powell,0.50,4,Sun,3,3,2023-09-24,28-012,MIN,,LAC,L 24-28,0.50,1.50,1.5,1.0,4,4.9,0,0.0,3,12.0,WR,PoweBr00
5480,Byron Pringle,0.50,28,Sun,17,18,2023-01-08,29-052,CHI,,MIN,L 13-29,0.50,1.50,1.5,1.0,28,54.9,0,0.0,2,8.7,WR,PrinBy00
5481,Byron Pringle,0.50,8,Sun,14,15,2023-12-17,30-030,WAS,@,LAR,L 20-28,0.50,1.50,1.5,1.0,8,13.3,0,0.0,12,44.4,WR,PrinBy00
5482,Kalif Raymond,0.50,13,Sun,10,11,2023-11-19,29-103,DET,,CHI,W 31-26,0.50,1.50,1.5,1.0,13,21.0,0,0.0,3,11.5,WR,RaymKa00
5483,Hunter Renfrow,0.50,27,Sun,10,10,2023-11-12,27-326,LVR,,NYJ,W 16-12,0.50,1.50,1.5,1.0,27,42.2,0,0.0,0,0.0,WR,RenfHu00
5484,Josh Reynolds,0.50,31,Sun,16,17,2023-01-01,27-319,DET,,CHI,W 41-10,0.50,1.50,1.5,1.0,31,43.7,0,0.0,0,0.0,WR,ReynJo00
5485,Calvin Ridley,0.50,49,Thu,7,7,2023-10-19,28-303,JAX,@,NOR,W 31-24,0.50,1.50,1.5,1.0,49,87.5,0,0.0,0,0.0,WR,RidlCa00
5486,Wan'Dale Robinson,0.50,9,Sun,1,1,2022-09-11,21-249,NYG,@,TEN,W 21-20,0.50,1.50,1.5,1.0,9,15.0,0,0.0,0,0.0,WR,RobiWa01
5487,Curtis Samuel,0.50,13,Sun,11,11,2023-11-19,27-100,WAS,,NYG,L 19-31,0.50,1.50,1.5,1.0,13,16.0,0,0.0,0,0.0,WR,SamuCu00
5488,Tyler Scott,0.50,4,Mon,14,15,2024-12-16,23-065,CHI,@,MIN,L 12-30,0.50,1.50,1.5,1.0,4,6.0,0,0.0,0,0.0,WR,ScotTy00
5489,Khalil Shakir,0.50,16,Sun,3,3,2023-09-24,23-233,BUF,@,WAS,W 37-3,0.50,1.50,1.5,1.0,16,23.5,0,0.0,2,9.1,WR,ShakKh00
5490,Sterling Shepard,0.50,26,Sun,11,11,2023-11-19,30-282,NYG,@,WAS,W 31-19,0.50,1.50,1.5,1.0,26,47.3,0,0.0,0,0.0,WR,ShepSt00
5491,Trent Sherfield,0.50,16,Sun,7,7,2023-10-22,27-239,BUF,@,NWE,L 25-29,0.50,1.50,1.5,1.0,16,22.5,0,0.0,13,54.2,WR,SherTr00
5492,Trent Sherfield,0.50,27,Sun,3,3,2022-09-25,26-212,MIA,,BUF,W 21-19,0.50,1.50,1.5,1.0,27,62.8,0,0.0,15,68.2,WR,SherTr00
5493,Trent Sherfield,0.50,44,Sun,5,5,2022-10-09,26-226,MIA,@,NYJ,L 17-40,0.50,1.50,1.5,1.0,44,65.7,0,0.0,16,55.2,WR,SherTr00
5494,David Sills,0.50,47,Sun,4,4,2022-10-02,26-126,NYG,,CHI,W 20-12,0.50,1.50,1.5,1.0,47,72.3,0,0.0,0,0.0,WR,SillDa01
5495,David Sills,0.50,10,Sun,8,8,2022-10-30,26-154,NYG,@,SEA,L 13-27,0.50,1.50,1.5,1.0,10,15.4,0,0.0,0,0.0,WR,SillDa01
5496,Ben Skowronek,0.50,34,Sun,11,12,2022-11-27,25-153,LAR,@,KAN,L 10-26,0.50,2.50,2.5,1.5,34,63.0,0,0.0,15,62.5,WR,SkowBe00
5497,Jaxon Smith-Njigba,0.50,29,Mon,4,4,2023-10-02,21-230,SEA,@,NYG,W 24-3,0.50,3.50,3.5,2.0,29,52.7,0,0.0,0,0.0,WR,SmitJa06
5498,JuJu Smith-Schuster,0.50,53,Sun,3,3,2023-09-24,26-306,NWE,@,NYJ,W 15-10,0.50,1.50,1.5,1.0,53,73.6,0,0.0,1,3.2,WR,SmitJu00
5499,Willie Snead,0.50,25,Mon,15,16,2023-12-25,31-069,SFO,,BAL,L 19-33,0.50,1.50,1.5,1.0,25,35.7,0,0.0,10,37.0,WR,SneaWi00
5500,Trent Taylor,0.50,7,Mon,8,8,2022-10-31,28-184,CIN,@,CLE,L 13-32,0.50,1.50,1.5,1.0,7,13.2,0,0.0,2,8.7,WR,TaylTr02
5501,Tyquan Thornton,0.50,42,Sun,9,9,2022-11-06,22-060,NWE,,IND,W 26-3,0.50,1.50,1.5,1.0,42,66.7,0,0.0,0,0.0,WR,ThorTy00
5502,Tyquan Thornton,0.50,17,Sun,10,11,2022-11-20,22-074,NWE,,NYJ,W 10-3,0.50,1.50,1.5,1.0,17,27.0,0,0.0,0,0.0,WR,ThorTy00
5503,Tyquan Thornton,0.50,7,Sun,14,15,2023-12-17,23-101,NWE,,KAN,L 17-27,0.50,1.50,1.5,1.0,7,13.2,0,0.0,0,0.0,WR,ThorTy00
5504,Cedric Tillman,0.50,14,Sun,4,4,2023-10-01,23-165,CLE,,BAL,L 3-28,0.50,1.50,1.5,1.0,14,20.3,0,0.0,0,0.0,WR,TillCe01
5505,Kadarius Toney,0.50,5,Sun,14,15,2022-12-18,23-325,KAN,@,HOU,W 30-24 (OT),0.50,1.50,1.5,1.0,5,6.5,0,0.0,5,17.9,WR,ToneKa00
5506,Kadarius Toney,0.50,26,Sun,14,15,2023-12-17,24-324,KAN,@,NWE,W 27-17,0.50,2.50,2.5,1.5,26,40.0,0,0.0,0,0.0,WR,ToneKa00
5507,Austin Trammell,0.50,12,Thu,13,14,2022-12-08,24-157,LAR,,LVR,W 17-16,0.50,1.50,1.5,1.0,12,18.8,0,0.0,7,28.0,WR,TramAu00
5508,Tre Tucker,0.50,56,Sun,9,9,2024-11-03,23-240,LVR,@,CIN,L 24-41,0.50,2.50,2.5,1.5,56,91.8,0,0.0,0,0.0,WR,TuckTr00
5509,DJ Turner,0.50,48,Sun,11,12,2024-11-24,27-311,LVR,,DEN,L 19-29,0.50,2.50,2.5,1.5,48,62.3,0,0.0,21,61.8,WR,TurnDJ00
5510,KaVontae Turpin,0.50,10,Sun,17,18,2024-01-07,27-158,DAL,@,WAS,W 38-10,0.50,0.50,0.5,0.5,10,13.9,0,0.0,5,22.7,WR,TurpKa00
5511,Marquez Valdes-Scantling,0.50,32,Sun,9,9,2024-11-03,30-024,NOR,@,CAR,L 22-23,0.50,1.50,1.5,1.0,32,40.5,0,0.0,0,0.0,WR,ValdMa00
5512,Christian Watson,0.50,31,Sun,7,7,2024-10-20,25-161,GNB,,HOU,W 24-22,0.50,1.50,1.5,1.0,31,53.4,0,0.0,0,0.0,WR,WatsCh00
5513,Justin Watson,0.50,43,Sun,4,4,2023-10-01,27-180,KAN,@,NYJ,W 23-20,0.50,1.50,1.5,1.0,43,61.4,0,0.0,7,26.9,WR,WatsJu01
5514,Justin Watson,0.50,33,Sun,17,18,2025-01-05,28-276,KAN,@,DEN,L 0-38,0.50,1.50,1.5,1.0,33,97.1,0,0.0,9,39.1,WR,WatsJu01
5515,Michael Woods II,0.50,4,Sat,15,16,2022-12-24,22-280,CLE,,NOR,L 10-17,0.50,1.50,1.5,1.0,4,5.7,0,0.0,9,40.9,WR,WoodMi00
5516,Olamide Zaccheaus,0.50,57,Sun,6,6,2023-10-15,26-084,PHI,@,NYJ,L 14-20,0.50,1.50,1.5,1.0,57,81.4,0,0.0,0,0.0,WR,ZaccOl01
5517,Olamide Zaccheaus,0.50,30,Sun,8,8,2023-10-29,26-098,PHI,@,WAS,W 38-31,0.50,1.50,1.5,1.0,30,47.6,0,0.0,7,25.0,WR,ZaccOl01
5518,Davante Adams,0.40,50,Mon,15,16,2023-12-25,31-001,LVR,@,KAN,W 20-14,0.40,1.40,1.4,0.9,50,90.9,0,0.0,1,4.0,WR,AdamDa01
5519,Nelson Agholor,0.40,43,Sun,4,4,2023-10-01,30-130,BAL,@,CLE,W 28-3,0.40,1.40,1.4,0.9,43,74.1,0,0.0,0,0.0,WR,AghoNe00
5520,Nelson Agholor,0.40,37,Sun,5,5,2024-10-06,31-135,BAL,@,CIN,W 41-38 (OT),0.40,1.40,1.4,0.9,37,47.4,0,0.0,0,0.0,WR,AghoNe00
5521,Jamal Agnew,0.40,7,Sun,10,10,2022-11-13,27-224,JAX,@,KAN,L 17-27,0.40,3.40,3.4,1.9,7,10.9,0,0.0,7,26.9,WR,AgneJa00
5522,Calvin Austin III,0.40,23,Sun,13,14,2024-12-08,25-259,PIT,,CLE,W 27-14,0.40,1.40,1.4,0.9,23,35.4,0,0.0,5,17.2,WR,AustCa00
5523,Michael Bandy,0.40,5,Mon,6,6,2022-10-17,24-316,LAC,,DEN,W 19-16 (OT),0.40,1.40,1.4,0.9,5,5.4,0,0.0,2,6.7,WR,BandMi00
5524,Jake Bobo,0.40,14,Mon,14,15,2023-12-18,25-136,SEA,,PHI,W 20-17,0.40,1.40,1.4,0.9,14,23.0,0,0.0,9,33.3,WR,BoboJa00
5525,Jake Bobo,0.40,5,Sun,16,17,2023-12-31,25-149,SEA,,PIT,L 23-30,0.40,1.40,1.4,0.9,5,10.2,0,0.0,9,32.1,WR,BoboJa00
5526,Tyler Boyd,0.40,27,Sun,17,18,2024-01-07,29-053,CIN,,CLE,W 31-14,0.40,1.40,1.4,0.9,27,42.2,0,0.0,0,0.0,WR,BoydTy00
5527,Jalen Brooks,0.40,35,Sun,9,10,2024-11-10,24-187,DAL,,PHI,L 6-34,0.40,1.40,1.4,0.9,35,58.3,0,0.0,17,60.7,WR,BrooJa03
5528,Dyami Brown,0.40,18,Sun,4,4,2024-09-29,24-333,WAS,@,ARI,W 42-14,0.40,1.40,1.4,0.9,18,25.0,0,0.0,3,13.0,WR,BrowDy00
5529,Dyami Brown,0.40,25,Thu,11,11,2024-11-14,25-013,WAS,@,PHI,L 18-26,0.40,1.40,1.4,0.9,25,37.9,0,0.0,6,22.2,WR,BrowDy00
5530,Noah Brown,0.40,51,Thu,11,11,2024-11-14,28-313,WAS,@,PHI,L 18-26,0.40,1.40,1.4,0.9,51,77.3,0,0.0,0,0.0,WR,BrowNo00
5531,Randall Cobb,0.40,7,Sun,17,18,2024-01-07,33-138,NYJ,@,NWE,W 17-3,0.40,1.40,1.4,0.9,7,10.8,0,0.0,0,0.0,WR,CobbRa00
5532,Chris Conley,0.40,9,Sun,2,2,2024-09-15,31-326,SFO,@,MIN,L 17-23,0.40,1.40,1.4,0.9,9,12.9,0,0.0,13,56.5,WR,ConlCh00
5533,Malachi Corley,0.40,1,Sun,2,2,2024-09-15,22-178,NYJ,@,TEN,W 24-17,0.40,1.40,1.4,0.9,1,1.8,0,0.0,0,0.0,WR,CorlMa00
5534,Derius Davis,0.40,9,Sun,7,8,2023-10-29,23-048,LAC,,CHI,W 30-13,0.40,2.40,2.4,1.4,9,13.0,0,0.0,6,27.3,WR,DaviDe02
5535,Derius Davis,0.40,7,Mon,11,12,2024-11-25,24-075,LAC,,BAL,L 23-30,0.40,2.40,2.4,1.4,7,10.1,0,0.0,9,33.3,WR,DaviDe02
5536,Derius Davis,0.40,23,Sun,17,18,2025-01-05,24-116,LAC,@,LVR,W 34-20,0.40,1.40,1.4,0.9,23,30.7,0,0.0,8,27.6,WR,DaviDe02
5537,Jahan Dotson,0.40,50,Sun,11,12,2024-11-24,24-247,PHI,@,LAR,W 37-20,0.40,1.40,1.4,0.9,50,68.5,0,0.0,0,0.0,WR,DotsJa00
5538,Romeo Doubs,0.40,50,Mon,5,5,2023-10-09,23-179,GNB,@,LVR,L 13-17,0.40,1.40,1.4,0.9,50,86.2,0,0.0,0,0.0,WR,DoubRo00
5539,Devin Duvernay,0.40,3,Sun,2,2,2024-09-15,27-003,JAX,,CLE,L 13-18,0.40,0.40,0.4,0.4,3,5.0,0,0.0,11,40.7,WR,DuveDe00
5540,Devin Duvernay,0.40,9,Sun,16,17,2024-12-29,27-108,JAX,,TEN,W 20-13,0.40,1.40,1.4,0.9,9,15.5,0,0.0,6,28.6,WR,DuveDe00
5541,D'Wayne Eskridge,0.40,30,Sun,7,7,2022-10-23,25-214,SEA,@,LAC,W 37-23,0.40,0.40,0.4,0.4,30,42.3,0,0.0,3,10.3,WR,EskrDW00
5542,Michael Gallup,0.40,33,Sun,15,16,2023-12-24,27-295,DAL,@,MIA,L 20-22,0.40,2.40,2.4,1.4,33,50.0,0,0.0,0,0.0,WR,GallMi00
5543,Xavier Gipson,0.40,37,Sun,17,18,2024-01-07,22-305,NYJ,@,NWE,W 17-3,0.40,1.40,1.4,0.9,37,56.9,0,0.0,13,46.4,WR,GipsXa00
5544,Jalen Guyton,0.40,53,Sun,11,12,2023-11-26,26-172,LAC,,BAL,L 10-20,0.40,1.40,1.4,0.9,53,80.3,0,0.0,0,0.0,WR,GuytJa01
5545,Mecole Hardman,0.40,37,Sun,4,4,2022-10-02,24-204,KAN,@,TAM,W 41-31,0.40,1.40,1.4,0.9,37,46.3,0,0.0,0,0.0,WR,HardMe00
5546,Deonte Harty,0.40,7,Sun,1,1,2022-09-11,24-281,NOR,@,ATL,W 27-26,0.40,1.40,1.4,0.9,7,11.5,0,0.0,10,31.3,WR,HarrDe07
5547,Deonte Harty,0.40,15,Sun,2,2,2023-09-17,25-287,BUF,,LVR,W 38-10,0.40,2.40,2.4,1.4,15,19.2,0,0.0,3,13.6,WR,HarrDe07
5548,Marvin Harrison Jr.,0.40,55,Sun,1,1,2024-09-08,22-028,ARI,@,BUF,L 28-34,0.40,1.40,1.4,0.9,55,90.2,0,0.0,0,0.0,WR,HarrMa09
5549,Isaiah Hodgins,0.40,42,Sun,1,1,2023-09-10,24-324,NYG,,DAL,L 0-40,0.40,1.40,2.4,0.9,42,60.0,0,0.0,0,0.0,WR,HodgIs00
5550,Mack Hollins,0.40,6,Sun,13,14,2023-12-10,30-085,ATL,,TAM,L 25-29,0.40,1.40,1.4,0.9,6,8.3,0,0.0,15,46.9,WR,HollMa00
5551,DeAndre Hopkins,0.40,71,Sun,15,16,2022-12-25,30-202,ARI,,TAM,L 16-19 (OT),0.40,1.40,1.4,0.9,71,93.4,0,0.0,0,0.0,WR,HopkDe00
5552,Lil'Jordan Humphrey,0.40,21,Sun,2,2,2023-09-17,25-151,DEN,,WAS,L 33-35,0.40,1.40,1.4,0.9,21,31.8,0,0.0,0,0.0,WR,HumpLi01
5553,Lil'Jordan Humphrey,0.40,38,Sun,12,12,2024-11-24,26-219,DEN,@,LVR,W 29-19,0.40,2.40,2.4,1.4,38,55.9,0,0.0,0,0.0,WR,HumpLi01
5554,Trenton Irwin,0.40,37,Sun,16,17,2023-12-31,28-021,CIN,@,KAN,L 17-25,0.40,1.40,1.4,0.9,37,50.0,0,0.0,1,3.7,WR,IrwiTr00
5555,Trenton Irwin,0.40,16,Sun,8,8,2024-10-27,28-322,CIN,,PHI,L 17-37,0.40,1.40,1.4,0.9,16,27.6,0,0.0,0,0.0,WR,IrwiTr00
5556,Richie James,0.40,11,Sun,13,14,2023-12-10,28-096,KAN,,BUF,L 17-20,0.40,1.40,1.4,0.9,11,16.7,0,0.0,9,37.5,WR,JameRi00
5557,Jauan Jennings,0.40,35,Sun,2,2,2022-09-18,25-070,SFO,,SEA,W 27-7,0.40,1.40,1.4,0.9,35,46.1,0,0.0,4,17.4,WR,JennJa00
5558,Velus Jones Jr.,0.40,3,Sun,8,8,2023-10-29,26-171,CHI,@,LAC,L 13-30,0.40,1.40,1.4,0.9,3,4.5,0,0.0,15,68.2,WR,JoneVe00
5559,Velus Jones Jr.,0.40,13,Sun,15,16,2023-12-24,26-227,CHI,,ARI,W 27-16,0.40,0.40,0.4,0.4,13,18.6,0,0.0,8,27.6,WR,JoneVe00
5560,Keith Kirkwood,0.40,30,Sun,5,5,2022-10-09,27-287,NOR,,SEA,W 39-32,0.40,1.40,1.4,0.9,30,39.0,0,0.0,0,0.0,WR,KirkKe00
5561,Isaiah McKenzie,0.40,7,Sun,5,5,2023-10-08,28-182,IND,,TEN,W 23-16,0.40,0.40,0.4,0.4,7,10.6,0,0.0,6,27.3,WR,McKeIs00
5562,Racey McMath,0.40,13,Sat,17,18,2023-01-07,23-207,TEN,@,JAX,L 16-20,0.40,0.40,0.4,0.4,13,17.3,0,0.0,0,0.0,WR,McMaRa00
5563,Scott Miller,0.40,52,Sun,3,3,2022-09-25,25-056,TAM,,GNB,L 12-14,0.40,1.40,1.4,0.9,52,80.0,0,0.0,4,16.0,WR,MillSc01
5564,Scott Miller,0.40,28,Sun,6,6,2023-10-15,26-076,ATL,,WAS,L 16-24,0.40,1.40,1.4,0.9,28,33.7,0,0.0,5,20.8,WR,MillSc01
5565,Scott Miller,0.40,24,Sun,11,12,2023-11-26,26-118,ATL,,NOR,W 24-15,0.40,1.40,1.4,0.9,24,38.7,0,0.0,6,25.0,WR,MillSc01
5566,Dax Milne,0.40,26,Sun,7,7,2022-10-23,23-122,WAS,,GNB,W 23-21,0.40,1.40,1.4,0.9,26,35.1,0,0.0,6,20.7,WR,MilnDa00
5567,Dax Milne,0.40,9,Sun,8,8,2022-10-30,23-129,WAS,@,IND,W 17-16,0.40,1.40,1.4,0.9,9,14.8,0,0.0,4,15.4,WR,MilnDa00
5568,Denzel Mims,0.40,24,Sun,7,7,2022-10-23,25-013,NYJ,@,DEN,W 16-9,0.40,1.40,1.4,0.9,24,40.7,0,0.0,1,3.6,WR,MimsDe00
5569,Marvin Mims,0.40,25,Sun,9,9,2024-11-03,22-229,DEN,@,BAL,L 10-41,0.40,1.40,1.4,0.9,25,34.7,0,0.0,11,44.0,WR,MimsMa00
5570,Skyy Moore,0.40,45,Thu,1,1,2023-09-07,22-362,KAN,,DET,L 20-21,0.40,0.40,0.4,0.4,45,69.2,0,0.0,0,0.0,WR,MoorSk01
5571,Skyy Moore,0.40,40,Mon,10,11,2023-11-20,23-071,KAN,,PHI,L 17-21,0.40,1.40,1.4,0.9,40,50.6,0,0.0,3,11.5,WR,MoorSk01
5572,Jalen Nailor,0.40,42,Sun,9,10,2024-11-10,25-253,MIN,@,JAX,W 12-7,0.40,1.40,1.4,0.9,42,50.0,0,0.0,0,0.0,WR,NailJa00
5573,Chris Olave,0.40,53,Sun,4,4,2023-10-01,23-096,NOR,,TAM,L 9-26,0.40,1.40,1.4,0.9,53,81.5,0,0.0,0,0.0,WR,OlavCh00
5574,Gunner Olszewski,0.40,22,Sun,9,10,2022-11-13,25-352,PIT,,NOR,W 20-10,0.40,1.40,1.4,0.9,22,26.2,0,0.0,4,16.7,WR,OlszGu00
5575,Gunner Olszewski,0.40,13,Sun,17,18,2023-01-08,26-043,PIT,,CLE,W 28-14,0.40,0.40,0.4,0.4,13,17.8,0,0.0,1,4.5,WR,OlszGu00
5576,Josh Palmer,0.40,52,Sun,1,1,2023-09-10,23-353,LAC,,MIA,L 34-36,0.40,1.40,1.4,0.9,52,64.2,0,0.0,0,0.0,WR,PalmJo00
5577,Ja'Lynn Polk,0.40,43,Sun,6,6,2024-10-13,22-185,NWE,,HOU,L 21-41,0.40,1.40,1.4,0.9,43,65.2,0,0.0,8,24.2,WR,PolkJa00
5578,Brandon Powell,0.40,5,Sun,8,9,2022-11-06,27-055,LAR,@,TAM,L 13-16,0.40,1.40,1.4,0.9,5,8.8,0,0.0,17,51.5,WR,PoweBr00
5579,Byron Pringle,0.40,13,Sun,2,2,2023-09-17,29-304,WAS,@,DEN,W 35-33,0.40,1.40,1.4,0.9,13,17.8,0,0.0,14,46.7,WR,PrinBy00
5580,Kalif Raymond,0.40,13,Sun,3,3,2022-09-25,28-048,DET,@,MIN,L 24-28,0.40,1.40,1.4,0.9,13,16.7,0,0.0,3,10.7,WR,RaymKa00
5581,Jalen Reagor,0.40,19,Sun,13,14,2024-12-08,25-341,LAC,@,KAN,L 17-19,0.40,1.40,1.4,0.9,19,31.7,0,0.0,4,15.4,WR,ReagJa00
5582,Sterling Shepard,0.40,10,Sun,2,2,2023-09-17,30-219,NYG,@,ARI,W 31-28,0.40,1.40,1.4,0.9,10,14.7,0,0.0,0,0.0,WR,ShepSt00
5583,Ben Skowronek,0.40,54,Sun,10,11,2022-11-20,25-146,LAR,@,NOR,L 20-27,0.40,1.40,1.4,0.9,54,84.4,0,0.0,0,0.0,WR,SkowBe00
5584,Ben Skowronek,0.40,20,Sun,10,11,2024-11-17,27-143,PIT,,BAL,W 18-16,0.40,1.40,1.4,0.9,20,25.6,0,0.0,18,62.1,WR,SkowBe00
5585,JuJu Smith-Schuster,0.40,32,Sun,17,18,2025-01-05,28-044,KAN,@,DEN,L 0-38,0.40,1.40,1.4,0.9,32,94.1,0,0.0,0,0.0,WR,SmitJu00
5586,Equanimeous St. Brown,0.40,28,Thu,10,10,2023-11-09,27-040,CHI,,CAR,W 16-13,0.40,1.40,1.4,0.9,28,38.9,0,0.0,0,0.0,WR,St.BEq00
5587,Amon-Ra St. Brown,0.40,10,Sun,6,7,2022-10-23,22-364,DET,@,DAL,L 6-24,0.40,1.40,1.4,0.9,10,16.9,0,0.0,0,0.0,WR,StxxAm00
5588,Cedric Tillman,0.40,22,Sun,3,3,2024-09-22,24-156,CLE,,NYG,L 15-21,0.40,1.40,1.4,0.9,22,32.8,0,0.0,0,0.0,WR,TillCe01
5589,Jalen Tolbert,0.40,23,Mon,3,3,2022-09-26,23-211,DAL,@,NYG,W 23-16,0.40,1.40,1.4,0.9,23,35.9,0,0.0,1,3.4,WR,TolbJa00
5590,Samori Toure,0.40,19,Sun,7,7,2022-10-23,24-213,GNB,@,WAS,L 21-23,0.40,1.40,1.4,0.9,19,35.2,0,0.0,0,0.0,WR,TourSa00
5591,Tylan Wallace,0.40,13,Sun,6,6,2022-10-16,23-156,BAL,@,NYG,L 20-24,0.40,1.40,1.4,0.9,13,22.0,0,0.0,10,38.5,WR,WallTy00
5592,Montrell Washington,0.40,3,Sun,4,4,2022-10-02,23-202,DEN,@,LVR,L 23-32,0.40,1.40,1.4,0.9,3,5.7,0,0.0,18,56.3,WR,WashMo00
5593,Quez Watkins,0.40,52,Sun,5,5,2023-10-08,25-121,PHI,@,LAR,W 23-14,0.40,2.40,2.4,1.4,52,65.8,0,0.0,0,0.0,WR,WatkQu00
5594,Christian Watson,0.40,47,Sun,11,12,2024-11-24,25-196,GNB,,SFO,W 38-10,0.40,0.40,0.4,0.4,47,65.3,0,0.0,0,0.0,WR,WatsCh00
5595,Nick Westbrook-Ikhine,0.40,52,Sun,12,13,2022-12-04,25-258,TEN,@,PHI,L 10-35,0.40,1.40,1.4,0.9,52,94.5,1,1.4,1,3.4,WR,WestNi00
5596,Nick Westbrook-Ikhine,0.40,45,Thu,16,17,2022-12-29,25-283,TEN,,DAL,L 13-27,0.40,1.40,1.4,0.9,45,69.2,0,0.0,6,24.0,WR,WestNi00
5597,Jameson Williams,0.40,38,Sun,13,14,2023-12-10,22-259,DET,@,CHI,L 13-28,0.40,0.40,0.4,0.4,38,58.5,0,0.0,0,0.0,WR,WillJa11
5598,Olamide Zaccheaus,0.40,54,Sun,8,8,2022-10-30,25-099,ATL,,CAR,W 37-34 (OT),0.40,1.40,1.4,0.9,54,80.6,0,0.0,8,22.9,WR,ZaccOl01
5599,Nelson Agholor,0.30,54,Sun,14,15,2022-12-18,29-208,NWE,@,LVR,L 24-30,0.30,1.30,1.3,0.8,54,83.1,0,0.0,0,0.0,WR,AghoNe00
5600,Jamal Agnew,0.30,6,Sun,5,5,2022-10-09,27-189,JAX,,HOU,L 6-13,0.30,0.30,0.3,0.3,6,8.0,0,0.0,10,47.6,WR,AgneJa00
5601,Jake Bobo,0.30,18,Sun,2,2,2023-09-17,25-044,SEA,@,DET,W 37-31 (OT),0.30,1.30,1.3,0.8,18,25.0,0,0.0,13,46.4,WR,BoboJa00
5602,Jake Bobo,0.30,2,Sun,5,5,2024-10-06,26-063,SEA,,NYG,L 20-29,0.30,1.30,1.3,0.8,2,3.4,0,0.0,20,66.7,WR,BoboJa00
5603,Lynn Bowden Jr.,0.30,20,Sun,17,18,2024-01-07,26-085,NOR,,ATL,W 48-17,0.30,1.30,1.3,0.8,20,29.9,0,0.0,3,9.4,WR,BowdLy00
5604,Tyler Boyd,0.30,22,Sun,8,9,2024-11-03,29-354,TEN,,NWE,W 20-17 (OT),0.30,0.30,0.3,0.3,22,28.6,0,0.0,0,0.0,WR,BoydTy00
5605,Noah Brown,0.30,63,Sun,9,10,2022-11-13,26-311,DAL,@,GNB,L 28-31 (OT),0.30,1.30,1.3,0.8,63,75.9,0,0.0,5,16.7,WR,BrowNo00
5606,Treylon Burks,0.30,44,Sun,1,1,2024-09-08,24-169,TEN,@,CHI,L 17-24,0.30,1.30,1.3,0.8,44,68.8,0,0.0,0,0.0,WR,BurkTr00
5607,DeAndre Carter,0.30,18,Mon,5,5,2023-10-09,30-182,LVR,,GNB,W 17-13,0.30,0.30,0.3,0.3,18,28.1,0,0.0,9,37.5,WR,CartDe02
5608,DeAndre Carter,0.30,4,Sun,17,18,2024-01-07,30-272,LVR,,DEN,W 27-14,0.30,1.30,1.3,0.8,4,6.1,0,0.0,14,56.0,WR,CartDe02
5609,Chase Claypool,0.30,4,Sun,17,18,2024-01-07,25-184,MIA,,BUF,L 14-21,0.30,1.30,1.3,0.8,4,7.7,0,0.0,7,38.9,WR,ClayCh01
5610,Amari Cooper,0.30,38,Sun,8,8,2024-10-27,30-132,BUF,@,SEA,W 31-10,0.30,1.30,1.3,0.8,38,50.0,0,0.0,0,0.0,WR,CoopAm00
5611,Derius Davis,0.30,6,Sun,3,3,2023-09-24,23-013,LAC,@,MIN,W 28-24,0.30,1.30,1.3,0.8,6,9.1,0,0.0,8,32.0,WR,DaviDe02
5612,Gabriel Davis,0.30,26,Sun,11,11,2024-11-17,25-230,JAX,@,DET,L 6-52,0.30,1.30,1.3,0.8,26,54.2,0,0.0,0,0.0,WR,DaviGa01
5613,Greg Dortch,0.30,5,Sun,9,9,2022-11-06,24-161,ARI,,SEA,L 21-31,0.30,1.30,1.3,0.8,5,7.9,0,0.0,15,55.6,WR,DortGr01
5614,Colton Dowell,0.30,14,Sun,15,16,2023-12-24,24-249,TEN,,SEA,L 17-20,0.30,1.30,1.3,0.8,14,21.2,0,0.0,12,54.5,WR,DoweCo00
5615,Josh Downs,0.30,38,Sun,7,7,2024-10-20,23-069,IND,,MIA,W 16-10,0.30,1.30,1.3,0.8,38,61.3,0,0.0,6,22.2,WR,DownJo00
5616,Devin Duvernay,0.30,5,Sun,1,1,2024-09-08,26-362,JAX,@,MIA,L 17-20,0.30,0.30,0.3,0.3,5,9.4,0,0.0,8,32.0,WR,DuveDe00
5617,Devin Duvernay,0.30,7,Sun,5,5,2024-10-06,27-024,JAX,,IND,W 37-34,0.30,0.30,0.3,0.3,7,12.1,0,0.0,7,20.6,WR,DuveDe00
5618,Devin Duvernay,0.30,21,Sun,15,16,2024-12-22,27-101,JAX,@,LVR,L 14-19,0.30,1.30,1.3,0.8,21,31.3,0,0.0,11,40.7,WR,DuveDe00
5619,Bryan Edwards,0.30,3,Sun,8,8,2022-10-30,23-351,ATL,,CAR,W 37-34 (OT),0.30,1.30,1.3,0.8,3,4.5,0,0.0,0,0.0,WR,EdwaBr01
5620,D'Wayne Eskridge,0.30,19,Sun,8,8,2022-10-30,25-221,SEA,,NYG,W 27-13,0.30,1.30,1.3,0.8,19,29.7,0,0.0,4,13.3,WR,EskrDW00
5621,Erik Ezukanma,0.30,10,Sun,17,18,2023-01-08,22-348,MIA,,NYJ,W 11-6,0.30,1.30,1.3,0.8,10,15.4,0,0.0,0,0.0,WR,EzukEr00
5622,Ryan Flournoy,0.30,13,Sun,16,17,2024-12-29,25-063,DAL,@,PHI,L 7-41,0.30,1.30,1.3,0.8,13,21.0,0,0.0,13,50.0,WR,FlouRy00
5623,Michael Gallup,0.30,63,Sun,2,2,2023-09-17,27-197,DAL,,NYJ,W 30-10,0.30,1.30,1.3,0.8,63,72.4,0,0.0,0,0.0,WR,GallMi00
5624,Xavier Gipson,0.30,16,Sun,7,8,2023-10-29,22-235,NYJ,@,NYG,W 13-10 (OT),0.30,0.30,0.3,0.3,16,25.0,0,0.0,14,37.8,WR,GipsXa00
5625,Mecole Hardman,0.30,11,Sun,9,10,2024-11-10,26-243,KAN,,DEN,W 16-14,0.30,1.30,1.3,0.8,11,16.2,0,0.0,6,24.0,WR,HardMe00
5626,Penny Hart,0.30,2,Thu,14,15,2022-12-15,26-163,SEA,,SFO,L 13-21,0.30,1.30,1.3,0.8,2,3.1,0,0.0,8,28.6,WR,HartPe01
5627,Xavier Hutchinson,0.30,12,Sun,1,1,2024-09-08,24-099,HOU,@,IND,W 29-27,0.30,1.30,1.3,0.8,12,15.2,0,0.0,12,48.0,WR,HutcXa00
5628,Jha'Quan Jackson,0.30,23,Sun,8,9,2024-11-03,24-172,TEN,,NWE,W 20-17 (OT),0.30,1.30,1.3,0.8,23,29.9,0,0.0,8,30.8,WR,JackJh00
5629,Rakim Jarrett,0.30,13,Sun,4,4,2023-10-01,22-250,TAM,@,NOR,W 26-9,0.30,1.30,1.3,0.8,13,18.3,0,0.0,18,69.2,WR,JarrRa00
5630,Marcus Johnson,0.30,56,Sun,8,8,2022-10-30,28-086,NYG,@,SEA,L 13-27,0.30,1.30,1.3,0.8,56,86.2,0,0.0,2,6.7,WR,JohnMa07
5631,Julio Jones,0.30,16,Sun,7,7,2023-10-22,34-261,PHI,,MIA,W 31-17,0.30,1.30,1.3,0.8,16,22.2,0,0.0,0,0.0,WR,JoneJu02
5632,Tim Jones,0.30,11,Sun,12,13,2022-12-04,24-202,JAX,@,DET,L 14-40,0.30,1.30,1.3,0.8,11,19.6,0,0.0,13,50.0,WR,JoneTi00
5633,Zay Jones,0.30,17,Sun,8,8,2024-10-27,29-211,ARI,@,MIA,W 28-27,0.30,1.30,1.3,0.8,17,25.8,0,0.0,0,0.0,WR,JoneZa00
5634,Zay Jones,0.30,21,Sun,14,15,2024-12-15,29-260,ARI,,NWE,W 30-17,0.30,1.30,1.3,0.8,21,30.0,0,0.0,0,0.0,WR,JoneZa00
5635,Mason Kinsey,0.30,13,Sun,6,7,2022-10-23,24-055,TEN,,IND,W 19-10,0.30,1.30,1.3,0.8,13,22.0,0,0.0,0,0.0,WR,KinsMa00
5636,Drake London,0.30,46,Sun,9,9,2022-11-06,21-105,ATL,,LAC,L 17-20,0.30,3.30,4.3,1.8,46,75.4,0,0.0,0,0.0,WR,LondDr00
5637,Isaiah McKenzie,0.30,9,Sun,3,3,2023-09-24,28-168,IND,@,BAL,W 22-19 (OT),0.30,1.30,1.3,0.8,9,10.7,0,0.0,7,19.4,WR,McKeIs00
5638,Isaiah McKenzie,0.30,6,Sun,11,12,2023-11-26,28-231,IND,,TAM,W 27-20,0.30,0.30,0.3,0.3,6,8.2,0,0.0,9,33.3,WR,McKeIs00
5639,D.K. Metcalf,0.30,59,Sun,16,17,2023-01-01,25-018,SEA,,NYJ,W 23-6,0.30,1.30,1.3,0.8,59,81.9,0,0.0,0,0.0,WR,MetcDK00
5640,Elijah Moore,0.30,38,Sun,6,6,2024-10-13,24-200,CLE,@,PHI,L 16-20,0.30,1.30,1.3,0.8,38,66.7,0,0.0,0,0.0,WR,MoorEl00
5641,Gunner Olszewski,0.30,19,Sun,14,15,2022-12-18,26-022,PIT,@,CAR,W 24-16,0.30,1.30,1.3,0.8,19,27.9,0,0.0,0,0.0,WR,OlszGu00
5642,K.J. Osborn,0.30,37,Sat,14,15,2023-12-16,26-189,MIN,@,CIN,L 24-27 (OT),0.30,1.30,1.3,0.8,37,54.4,0,0.0,0,0.0,WR,OsboKJ00
5643,K.J. Osborn,0.30,42,Sun,4,4,2024-09-29,27-111,NWE,@,SFO,L 13-30,0.30,1.30,1.3,0.8,42,65.6,0,0.0,0,0.0,WR,OsboKJ00
5644,George Pickens,0.30,45,Sun,1,1,2022-09-11,21-191,PIT,@,CIN,W 23-20 (OT),0.30,1.30,1.3,0.8,45,71.4,0,0.0,0,0.0,WR,PickGe00
5645,George Pickens,0.30,50,Sat,17,18,2024-01-06,22-308,PIT,@,BAL,W 17-10,0.30,0.30,0.3,0.3,50,80.6,0,0.0,1,3.7,WR,PickGe00
5646,James Proche,0.30,3,Sun,4,4,2024-09-29,28-008,CLE,@,LVR,L 16-20,0.30,1.30,1.3,0.8,3,5.1,0,0.0,5,19.2,WR,ProcJa00
5647,Curtis Samuel,0.30,12,Thu,2,2,2024-09-12,28-032,BUF,@,MIA,W 31-10,0.30,1.30,1.3,0.8,12,26.7,0,0.0,0,0.0,WR,SamuCu00
5648,Anthony Schwartz,0.30,12,Sun,9,10,2022-11-13,22-069,CLE,@,MIA,L 17-39,0.30,1.30,1.3,0.8,12,17.9,0,0.0,8,34.8,WR,SchwAn00
5649,Trent Sherfield,0.30,11,Sun,5,5,2023-10-08,27-225,BUF,,JAX,L 20-25,0.30,1.30,1.3,0.8,11,18.3,0,0.0,8,32.0,WR,SherTr00
5650,Ben Skowronek,0.30,30,Mon,14,15,2022-12-19,25-175,LAR,@,GNB,L 12-24,0.30,1.30,1.3,0.8,30,66.7,0,0.0,0,0.0,WR,SkowBe00
5651,Ben Skowronek,0.30,12,Mon,3,3,2023-09-25,26-090,LAR,@,CIN,L 16-19,0.30,1.30,1.3,0.8,12,21.8,0,0.0,21,67.7,WR,SkowBe00
5652,Equanimeous St. Brown,0.30,4,Sun,17,18,2023-01-08,26-100,CHI,,MIN,L 13-29,0.30,1.30,1.3,0.8,4,7.8,0,0.0,0,0.0,WR,St.BEq00
5653,Deven Thompkins,0.30,14,Sun,5,6,2023-10-15,23-296,TAM,,DET,L 6-20,0.30,2.30,2.3,1.3,14,25.0,0,0.0,9,36.0,WR,ThomDe07
5654,Cedric Tillman,0.30,54,Sun,8,9,2023-11-05,23-200,CLE,,ARI,W 27-0,0.30,1.30,1.3,0.8,54,74.0,0,0.0,1,3.6,WR,TillCe01
5655,Cedric Tillman,0.30,26,Sun,1,1,2024-09-08,24-142,CLE,,DAL,L 17-33,0.30,1.30,1.3,0.8,26,34.2,0,0.0,6,16.7,WR,TillCe01
5656,Kadarius Toney,0.30,6,Mon,12,13,2024-12-02,25-310,CLE,@,DEN,L 32-41,0.30,0.30,0.3,0.3,6,7.0,0,0.0,0,0.0,WR,ToneKa00
5657,Samori Toure,0.30,7,Sun,6,7,2023-10-22,25-212,GNB,@,DEN,L 17-19,0.30,1.30,1.3,0.8,7,10.9,0,0.0,0,0.0,WR,TourSa00
5658,KaVontae Turpin,0.30,5,Sun,2,2,2022-09-18,26-047,DAL,,CIN,W 20-17,0.30,0.30,0.3,0.3,5,8.2,0,0.0,10,38.5,WR,TurpKa00
5659,KaVontae Turpin,0.30,6,Sun,7,7,2022-10-23,26-082,DAL,,DET,W 24-6,0.30,0.30,0.3,0.3,6,9.5,0,0.0,6,27.3,WR,TurpKa00
5660,Marquez Valdes-Scantling,0.30,38,Sun,16,17,2023-12-31,29-082,KAN,,CIN,W 25-17,0.30,1.30,1.3,0.8,38,70.4,0,0.0,0,0.0,WR,ValdMa00
5661,Malik Washington,0.30,23,Sun,11,12,2024-11-24,23-325,MIA,,NWE,W 34-15,0.30,1.30,1.3,0.8,23,33.8,0,0.0,8,28.6,WR,WashMa00
5662,Parker Washington,0.30,7,Sun,1,1,2024-09-08,22-171,JAX,@,MIA,L 17-20,0.30,1.30,1.3,0.8,7,13.2,0,0.0,4,16.0,WR,WashPa01
5663,Sammy Watkins,0.30,52,Sun,8,8,2022-10-30,29-138,GNB,@,BUF,L 17-27,0.30,1.30,1.3,0.8,52,78.8,0,0.0,0,0.0,WR,WatkSa00
5664,Cedrick Wilson Jr.,0.30,25,Sun,3,3,2024-09-22,28-307,NOR,,PHI,L 12-15,0.30,1.30,1.3,0.8,25,44.6,0,0.0,5,29.4,WR,WilsCe01
5665,Michael Woods II,0.30,68,Sun,16,17,2024-12-29,24-285,CLE,,MIA,L 3-20,0.30,1.30,1.3,0.8,68,86.1,0,0.0,4,17.4,WR,WoodMi00
5666,Davante Adams,0.20,42,Sun,7,8,2022-10-30,29-310,LVR,@,NOR,L 0-24,0.20,1.20,1.2,0.7,42,72.4,0,0.0,0,0.0,WR,AdamDa01
5667,Jordan Addison,0.20,21,Sun,15,16,2023-12-24,21-331,MIN,,DET,L 24-30,0.20,1.20,1.2,0.7,21,38.2,0,0.0,0,0.0,WR,AddiJo00
5668,Nelson Agholor,0.20,42,Sun,9,9,2023-11-05,30-165,BAL,,SEA,W 37-3,0.20,1.20,1.2,0.7,42,55.3,0,0.0,0,0.0,WR,AghoNe00
5669,Nelson Agholor,0.20,19,Sun,8,8,2022-10-30,29-159,NWE,@,NYJ,W 22-17,0.20,1.20,1.2,0.7,19,24.4,0,0.0,0,0.0,WR,AghoNe00
5670,Kayshon Boutte,0.20,18,Thu,3,3,2024-09-19,22-135,NWE,@,NYJ,L 3-24,0.20,1.20,1.2,0.7,18,34.6,0,0.0,0,0.0,WR,BoutKa00
5671,Parris Campbell,0.20,47,Sun,1,1,2023-09-10,26-056,NYG,,DAL,L 0-40,0.20,1.20,1.2,0.7,47,67.1,0,0.0,0,0.0,WR,CampPa00
5672,Malachi Corley,0.20,16,Sun,10,10,2024-11-10,22-234,NYJ,@,ARI,L 6-31,0.20,1.20,1.2,0.7,16,27.6,0,0.0,1,5.6,WR,CorlMa00
5673,Jaelon Darden,0.20,10,Sun,1,1,2022-09-11,23-240,TAM,@,DAL,W 19-3,0.20,0.20,0.2,0.2,10,16.1,0,0.0,5,20.8,WR,DardJa00
5674,Derius Davis,0.20,13,Sun,16,17,2023-12-31,23-111,LAC,@,DEN,L 9-16,0.20,0.20,0.2,0.2,13,20.0,0,0.0,10,35.7,WR,DaviDe02
5675,Greg Dortch,0.20,22,Sun,9,9,2023-11-05,25-160,ARI,@,CLE,L 0-27,0.20,1.20,1.2,0.7,22,42.3,0,0.0,12,42.9,WR,DortGr01
5676,Bryan Edwards,0.20,16,Sun,2,2,2022-09-18,23-309,ATL,@,LAR,L 27-31,0.20,1.20,1.2,0.7,16,26.2,0,0.0,0,0.0,WR,EdwaBr01
5677,Michael Gallup,0.20,68,Sun,14,15,2022-12-18,26-289,DAL,@,JAX,L 34-40 (OT),0.20,1.20,1.2,0.7,68,90.7,0,0.0,0,0.0,WR,GallMi00
5678,Antoine Green,0.20,7,Sun,2,2,2023-09-17,23-306,DET,,SEA,L 31-37 (OT),0.20,1.20,1.2,0.7,7,10.6,0,0.0,8,28.6,WR,GreeAn00
5679,Mecole Hardman,0.20,43,Sun,3,3,2022-09-25,24-197,KAN,@,IND,L 17-20,0.20,1.20,1.2,0.7,43,68.3,0,0.0,0,0.0,WR,HardMe00
5680,Penny Hart,0.20,18,Sat,15,16,2022-12-24,26-172,SEA,@,KAN,L 10-24,0.20,1.20,1.2,0.7,18,23.7,0,0.0,10,41.7,WR,HartPe01
5681,Lil'Jordan Humphrey,0.20,44,Sun,8,8,2024-10-27,26-191,DEN,,CAR,W 28-14,0.20,4.20,5.2,2.2,44,60.3,0,0.0,0,0.0,WR,HumpLi01
5682,Richie James,0.20,7,Sun,7,7,2022-10-23,27-048,NYG,@,JAX,W 23-17,0.20,1.20,1.2,0.7,7,9.1,0,0.0,2,9.1,WR,JameRi00
5683,Brandon Johnson,0.20,22,Sun,10,11,2022-11-20,24-117,DEN,,LVR,L 16-22 (OT),0.20,1.20,1.2,0.7,22,34.4,0,0.0,0,0.0,WR,JohnBr23
5684,Velus Jones Jr.,0.20,15,Sun,16,17,2023-12-31,26-234,CHI,,ATL,W 37-17,0.20,0.20,0.2,0.2,15,20.3,0,0.0,11,34.4,WR,JoneVe00
5685,Kwamie Lassiter II,0.20,5,Sun,5,5,2023-10-08,25-260,CIN,@,ARI,W 34-20,0.20,1.20,1.2,0.7,5,6.1,0,0.0,0,0.0,WR,LassKw00
5686,Jonathan Mingo,0.20,26,Thu,12,13,2024-11-28,23-222,DAL,,NYG,W 27-20,0.20,1.20,1.2,0.7,26,34.2,0,0.0,2,6.5,WR,MingJo00
5687,Adonai Mitchell,0.20,29,Sun,1,1,2024-09-08,21-336,IND,,HOU,L 27-29,0.20,1.20,1.2,0.7,29,64.4,0,0.0,0,0.0,WR,MitcAd00
5688,Gunner Olszewski,0.20,18,Sun,12,13,2022-12-04,26-008,PIT,@,ATL,W 19-16,0.20,0.20,0.2,0.2,18,27.7,0,0.0,3,12.0,WR,OlszGu00
5689,Donovan Peoples-Jones,0.20,68,Sat,15,16,2022-12-24,23-308,CLE,,NOR,L 10-17,0.20,1.20,1.2,0.7,68,97.1,0,0.0,6,27.3,WR,PeopDo00
5690,George Pickens,0.20,44,Sun,12,13,2022-12-04,21-275,PIT,@,ATL,W 19-16,0.20,1.20,1.2,0.7,44,67.7,0,0.0,0,0.0,WR,PickGe00
5691,Brandon Powell,0.20,9,Sun,17,18,2024-01-07,28-117,MIN,@,DET,L 20-30,0.20,1.20,1.2,0.7,9,12.3,0,0.0,5,17.9,WR,PoweBr00
5692,Byron Pringle,0.20,21,Sun,11,11,2023-11-19,30-002,WAS,,NYG,L 19-31,0.20,3.20,4.2,1.7,21,25.9,0,0.0,18,62.1,WR,PrinBy00
5693,Jalen Reagor,0.20,1,Sun,3,3,2022-09-25,23-266,MIN,,DET,W 28-24,0.20,1.20,1.2,0.7,1,1.4,0,0.0,3,10.7,WR,ReagJa00
5694,Allen Robinson,0.20,11,Sun,8,9,2024-11-03,31-071,DET,@,GNB,W 24-14,0.20,1.20,1.2,0.7,11,19.3,0,0.0,0,0.0,WR,RobiAl02
5695,Justyn Ross,0.20,10,Mon,15,16,2023-12-25,24-010,KAN,,LVR,L 14-20,0.20,1.20,1.2,0.7,10,13.2,0,0.0,0,0.0,WR,RossJu00
5696,Laviska Shenault Jr.,0.20,9,Sun,3,3,2024-09-22,25-353,SEA,,MIA,W 24-3,0.20,1.20,1.2,0.7,9,14.1,0,0.0,15,55.6,WR,ShenLa00
5697,Ainias Smith,0.20,5,Sun,8,9,2024-11-03,23-156,PHI,,JAX,W 28-23,0.20,1.20,1.2,0.7,5,6.3,0,0.0,0,0.0,WR,SmitAi00
5698,Shi Smith,0.20,41,Sun,2,2,2022-09-18,23-327,CAR,@,NYG,L 16-19,0.20,1.20,1.2,0.7,41,70.7,0,0.0,5,16.7,WR,SmitSh03
5699,Courtland Sutton,0.20,28,Sun,17,18,2024-01-07,28-089,DEN,@,LVR,L 14-27,0.20,1.20,1.2,0.7,28,45.9,0,0.0,0,0.0,WR,SuttCo00
5700,Adam Thielen,0.20,66,Sun,11,12,2023-11-26,33-096,CAR,@,TEN,L 10-17,0.20,1.20,1.2,0.7,66,89.2,0,0.0,0,0.0,WR,ThieAd00
5701,Tyquan Thornton,0.20,3,Sun,7,7,2023-10-22,23-045,NWE,,BUF,W 29-25,0.20,1.20,1.2,0.7,3,5.0,0,0.0,0,0.0,WR,ThorTy00
5702,Cedric Tillman,0.20,26,Sun,2,2,2024-09-15,24-149,CLE,@,JAX,W 18-13,0.20,1.20,1.2,0.7,26,36.1,0,0.0,1,3.7,WR,TillCe01
5703,Mason Tipton,0.20,19,Mon,5,5,2024-10-07,24-010,NOR,@,KAN,L 13-26,0.20,1.20,1.2,0.7,19,35.8,0,0.0,0,0.0,WR,TiptMa00
5704,Jalen Tolbert,0.20,48,Sun,9,10,2023-11-12,24-258,DAL,,NYG,W 49-17,0.20,2.20,2.2,1.2,48,61.5,0,0.0,22,71.0,WR,TolbJa00
5705,DJ Turner,0.20,8,Sun,2,2,2024-09-15,27-241,LVR,@,BAL,W 26-23,0.20,0.20,0.2,0.2,8,12.7,0,0.0,27,81.8,WR,TurnDJ00
5706,Tylan Wallace,0.20,22,Wed,16,17,2024-12-25,25-226,BAL,@,HOU,W 31-2,0.20,1.20,1.2,0.7,22,34.9,0,0.0,12,50.0,WR,WallTy00
5707,Montrell Washington,0.20,3,Sun,7,7,2022-10-23,23-223,DEN,,NYJ,L 9-16,0.20,0.20,0.2,0.2,3,3.8,0,0.0,16,57.1,WR,WashMo00
5708,Parker Washington,0.20,25,Sun,16,17,2023-12-31,21-285,JAX,,CAR,W 26-0,0.20,1.20,1.2,0.7,25,39.7,0,0.0,4,17.4,WR,WashPa01
5709,Cody White,0.20,10,Mon,11,12,2022-11-28,24-000,PIT,@,IND,W 24-17,0.20,1.20,1.2,0.7,10,14.5,0,0.0,9,34.6,WR,WhitCo05
5710,Jameson Williams,0.20,28,Sun,5,5,2023-10-08,22-196,DET,,CAR,W 42-24,0.20,2.20,2.2,1.2,28,46.7,0,0.0,2,7.4,WR,WillJa11
5711,Jameson Williams,0.20,48,Sun,3,3,2024-09-22,23-180,DET,@,ARI,W 20-13,0.20,1.20,1.2,0.7,48,70.6,0,0.0,0,0.0,WR,WillJa11
5712,Cedrick Wilson Jr.,0.20,47,Sun,14,15,2023-12-17,28-027,MIA,,NYJ,W 30-0,0.20,2.20,2.2,1.2,47,77.0,0,0.0,0,0.0,WR,WilsCe01
5713,Dyami Brown,0.16,7,Sun,17,18,2024-01-07,24-067,WAS,,DAL,L 10-38,0.16,0.16,0.2,0.2,7,14.3,0,0.0,12,54.5,WR,BrowDy00
5714,Jamal Agnew,0.10,7,Sun,2,2,2022-09-18,27-168,JAX,,IND,W 24-0,0.10,0.10,0.1,0.1,7,9.9,0,0.0,6,30.0,WR,AgneJa00
5715,Jamal Agnew,0.10,11,Sun,5,5,2023-10-08,28-188,JAX,@,BUF,W 25-20,0.10,0.10,0.1,0.1,11,12.5,0,0.0,10,40.0,WR,AgneJa00
5716,Calvin Austin III,0.10,7,Sun,6,7,2023-10-22,24-212,PIT,@,LAR,W 24-17,0.10,0.10,0.1,0.1,7,11.9,0,0.0,4,15.4,WR,AustCa00
5717,Odell Beckham Jr.,0.10,10,Sun,13,14,2024-12-08,32-033,MIA,,NYJ,W 32-26 (OT),0.10,1.10,1.1,0.6,10,13.9,0,0.0,0,0.0,WR,BeckOd00
5718,Jalen Brooks,0.10,9,Sun,17,18,2024-01-07,23-245,DAL,@,WAS,W 38-10,0.10,1.10,1.1,0.6,9,12.5,0,0.0,10,45.5,WR,BrooJa03
5719,Jaelon Darden,0.10,4,Sun,7,7,2022-10-23,23-282,TAM,@,CAR,L 3-21,0.10,1.10,1.1,0.6,4,6.0,0,0.0,8,33.3,WR,DardJa00
5720,Derius Davis,0.10,4,Sun,11,12,2023-11-26,23-076,LAC,,BAL,L 10-20,0.10,1.10,1.1,0.6,4,6.1,0,0.0,8,38.1,WR,DaviDe02
5721,Derius Davis,0.10,22,Sun,13,14,2024-12-08,24-088,LAC,@,KAN,L 17-19,0.10,2.10,2.1,1.1,22,36.7,0,0.0,9,34.6,WR,DaviDe02
5722,Gabriel Davis,0.10,54,Sun,6,6,2023-10-15,24-197,BUF,,NYG,W 14-9,0.10,3.10,4.1,1.6,54,88.5,0,0.0,0,0.0,WR,DaviGa01
5723,Devin Duvernay,0.10,29,Sun,13,14,2024-12-08,27-087,JAX,@,TEN,W 10-6,0.10,3.10,3.1,1.6,29,49.2,0,0.0,6,33.3,WR,DuveDe00
5724,Marquise Goodwin,0.10,5,Sun,3,3,2023-09-24,32-309,CLE,,TEN,W 27-3,0.10,0.10,0.1,0.1,5,7.0,0,0.0,0,0.0,WR,GoodMa00
5725,Andy Isabella,0.10,3,Sun,16,17,2023-01-01,26-044,BAL,,PIT,L 13-16,0.10,0.10,0.1,0.1,3,5.8,0,0.0,3,13.0,WR,IsabAn00
5726,Van Jefferson,0.10,49,Sun,1,1,2024-09-08,28-044,PIT,@,ATL,W 18-10,0.10,1.10,1.1,0.6,49,72.1,0,0.0,0,0.0,WR,JeffVa00
5727,Velus Jones Jr.,0.10,12,Sun,13,13,2022-12-04,25-207,CHI,,GNB,L 19-28,0.10,0.10,0.1,0.1,12,23.1,0,0.0,13,54.2,WR,JoneVe00
5728,Keith Kirkwood,0.10,17,Sun,5,5,2023-10-08,28-286,NOR,@,NWE,W 34-0,0.10,1.10,1.1,0.6,17,23.6,0,0.0,7,22.6,WR,KirkKe00
5729,Ray-Ray McCloud,0.10,13,Sun,5,5,2023-10-08,26-358,SFO,,DAL,W 42-10,0.10,1.10,1.1,0.6,13,18.3,0,0.0,8,29.6,WR,McClRa00
5730,Racey McMath,0.10,14,Sun,14,15,2022-12-18,23-187,TEN,@,LAC,L 14-17,0.10,1.10,1.1,0.6,14,22.6,0,0.0,5,18.5,WR,McMaRa00
5731,Bo Melton,0.10,26,Sun,17,18,2025-01-05,25-232,GNB,,CHI,L 22-24,0.10,0.10,0.1,0.1,26,40.0,0,0.0,7,25.9,WR,MeltBo00
5732,John Metchie,0.10,8,Sun,14,15,2023-12-17,23-152,HOU,@,TEN,W 19-16 (OT),0.10,1.10,1.1,0.6,8,10.4,0,0.0,0,0.0,WR,MetcJo00
5733,Ryan Miller,0.10,15,Sun,14,15,2024-12-15,24-299,TAM,@,LAC,W 40-17,0.10,1.10,1.1,0.6,15,20.8,0,0.0,14,51.9,WR,MillRy01
5734,Jonathan Mingo,0.10,30,Sun,2,2,2024-09-15,23-148,CAR,,LAC,L 3-26,0.10,1.10,1.1,0.6,30,62.5,0,0.0,6,25.0,WR,MingJo00
5735,Jonathan Mingo,0.10,30,Sun,6,6,2024-10-13,23-176,CAR,,ATL,L 20-38,0.10,1.10,1.1,0.6,30,45.5,0,0.0,8,29.6,WR,MingJo00
5736,Elijah Moore,0.10,51,Sun,16,17,2024-12-29,24-277,CLE,,MIA,L 3-20,0.10,1.10,1.1,0.6,51,64.6,0,0.0,0,0.0,WR,MoorEl00
5737,Breshad Perriman,0.10,24,Sun,9,9,2022-11-06,29-057,TAM,,LAR,W 16-13,0.10,1.10,1.1,0.6,24,28.6,0,0.0,9,27.3,WR,PerrBr02
5738,Brandon Powell,0.10,11,Sun,5,5,2022-10-09,27-027,LAR,,DAL,L 10-22,0.10,0.10,0.1,0.1,11,16.9,0,0.0,17,56.7,WR,PoweBr00
5739,Curtis Samuel,0.10,19,Sun,14,15,2024-12-15,28-126,BUF,@,DET,W 48-42,0.10,1.10,1.1,0.6,19,27.1,0,0.0,0,0.0,WR,SamuCu00
5740,Laviska Shenault Jr.,0.10,7,Sun,1,1,2024-09-08,25-339,SEA,,DEN,W 26-20,0.10,1.10,1.1,0.6,7,10.4,0,0.0,24,70.6,WR,ShenLa00
5741,Steven Sims,0.10,7,Sun,14,15,2023-12-17,26-261,HOU,@,TEN,W 19-16 (OT),0.10,1.10,1.1,0.6,7,9.1,0,0.0,12,38.7,WR,SimsSt00
5742,Equanimeous St. Brown,0.10,46,Thu,6,6,2022-10-13,26-013,CHI,,WAS,L 7-12,0.10,0.10,0.1,0.1,46,63.9,0,0.0,0,0.0,WR,St.BEq00
5743,Trent Taylor,0.10,10,Sun,10,11,2022-11-20,28-204,CIN,@,PIT,W 37-30,0.10,1.10,1.1,0.6,10,15.2,0,0.0,7,19.4,WR,TaylTr02
5744,Deven Thompkins,0.10,8,Sun,17,18,2024-01-07,24-015,TAM,@,CAR,W 9-0,0.10,1.10,1.1,0.6,8,12.3,0,0.0,7,35.0,WR,ThomDe07
5745,Kadarius Toney,0.10,12,Sun,8,8,2023-10-29,24-275,KAN,@,DEN,L 9-24,0.10,1.10,1.1,0.6,12,19.7,0,0.0,0,0.0,WR,ToneKa00
5746,Laquon Treadwell,0.10,18,Sun,12,13,2022-12-04,27-173,SEA,@,LAR,W 27-23,0.10,1.10,1.1,0.6,18,26.9,0,0.0,13,48.1,WR,TreaLa00
5747,Tre Tucker,0.10,22,Mon,15,16,2023-12-25,22-292,LVR,@,KAN,W 20-14,0.10,1.10,1.1,0.6,22,40.0,0,0.0,0,0.0,WR,TuckTr00
5748,Montrell Washington,0.10,3,Sun,8,8,2022-10-30,23-230,DEN,@,JAX,W 21-17,0.10,1.10,1.1,0.6,3,4.9,0,0.0,13,50.0,WR,WashMo00
5749,Robert Woods,0.10,24,Sun,10,10,2024-11-10,32-214,HOU,,DET,L 23-26,0.10,1.10,1.1,0.6,24,35.3,0,0.0,0,0.0,WR,WoodRo02
5750,Jordan Addison,0.00,28,Sun,4,4,2023-10-01,21-247,MIN,@,CAR,W 21-13,0.00,0.00,0.0,0.0,28,58.3,0,0.0,0,0.0,WR,AddiJo00
5751,Jordan Addison,0.00,58,Sun,17,18,2025-01-05,22-344,MIN,@,DET,L 9-31,0.00,1.00,1.0,0.5,58,89.2,0,0.0,0,0.0,WR,AddiJo00
5752,Nelson Agholor,0.00,24,Sun,1,1,2023-09-10,30-109,BAL,,HOU,W 25-9,0.00,0.00,0.0,0.0,24,37.5,0,0.0,0,0.0,WR,AghoNe00
5753,Nelson Agholor,0.00,27,Sun,8,8,2023-10-29,30-158,BAL,@,ARI,W 31-24,0.00,0.00,0.0,0.0,27,41.5,0,0.0,3,10.7,WR,AghoNe00
5754,Nelson Agholor,0.00,23,Sun,10,10,2023-11-12,30-172,BAL,,CLE,L 31-33,0.00,0.00,0.0,0.0,23,42.6,0,0.0,0,0.0,WR,AghoNe00
5755,Nelson Agholor,0.00,28,Sun,14,15,2023-12-17,30-207,BAL,@,JAX,W 23-7,0.00,0.00,0.0,0.0,28,40.0,0,0.0,0,0.0,WR,AghoNe00
5756,Nelson Agholor,0.00,24,Sun,11,11,2024-11-17,31-177,BAL,@,PIT,L 16-18,0.00,0.00,0.0,0.0,24,39.3,0,0.0,0,0.0,WR,AghoNe00
5757,Nelson Agholor,0.00,29,Mon,12,12,2024-11-25,31-185,BAL,@,LAC,W 30-23,0.00,0.00,0.0,0.0,29,44.6,0,0.0,0,0.0,WR,AghoNe00
5758,Nelson Agholor,0.00,40,Sun,13,13,2024-12-01,31-191,BAL,,PHI,L 19-24,0.00,0.00,0.0,0.0,40,55.6,0,0.0,0,0.0,WR,AghoNe00
5759,Nelson Agholor,0.00,7,Sun,5,5,2022-10-09,29-138,NWE,,DET,W 29-0,0.00,0.00,0.0,0.0,7,11.7,0,0.0,0,0.0,WR,AghoNe00
5760,Nelson Agholor,0.00,3,Mon,7,7,2022-10-24,29-153,NWE,,CHI,L 14-33,0.00,0.00,0.0,0.0,3,5.8,0,0.0,0,0.0,WR,AghoNe00
5761,Nelson Agholor,0.00,21,Sun,9,9,2022-11-06,29-166,NWE,,IND,W 26-3,0.00,0.00,0.0,0.0,21,33.3,0,0.0,0,0.0,WR,AghoNe00
5762,Nelson Agholor,0.00,19,Sat,15,16,2022-12-24,29-214,NWE,,CIN,L 18-22,0.00,0.00,0.0,0.0,19,33.9,0,0.0,0,0.0,WR,AghoNe00
5763,Nelson Agholor,0.00,27,Sun,16,17,2023-01-01,29-222,NWE,,MIA,W 23-21,0.00,0.00,0.0,0.0,27,45.0,0,0.0,0,0.0,WR,AghoNe00
5764,Nelson Agholor,0.00,4,Sun,17,18,2023-01-08,29-229,NWE,@,BUF,L 23-35,0.00,0.00,0.0,0.0,4,5.9,0,0.0,0,0.0,WR,AghoNe00
5765,Jamal Agnew,0.00,1,Sun,9,9,2022-11-06,27-217,JAX,,LVR,W 27-20,0.00,0.00,0.0,0.0,1,1.4,0,0.0,9,33.3,WR,AgneJa00
5766,Jamal Agnew,0.00,17,Sun,16,17,2023-01-01,27-273,JAX,@,HOU,W 31-3,0.00,1.00,0.8,0.3,17,27.0,0,0.0,8,32.0,WR,AgneJa00
5767,Jamal Agnew,0.00,3,Sun,1,1,2023-09-10,28-160,JAX,@,IND,W 31-21,0.00,0.00,-0.2,-0.2,3,4.3,0,0.0,9,32.1,WR,AgneJa00
5768,Jamal Agnew,0.00,20,Sun,6,6,2023-10-15,28-195,JAX,,IND,W 37-20,0.00,0.00,0.0,0.0,20,31.3,0,0.0,8,25.8,WR,AgneJa00
5769,Jamal Agnew,0.00,20,Sun,8,8,2023-10-29,28-209,JAX,@,PIT,W 20-10,0.00,0.00,0.0,0.0,20,28.2,0,0.0,11,42.3,WR,AgneJa00
5770,Jamal Agnew,0.00,3,Sun,9,10,2023-11-12,28-223,JAX,,SFO,L 3-34,0.00,0.00,0.0,0.0,3,5.3,0,0.0,3,13.0,WR,AgneJa00
5771,Maurice Alexander,0.00,2,Sun,4,4,2022-10-02,25-265,DET,,SEA,L 45-48,0.00,0.00,0.0,0.0,2,2.7,0,0.0,9,27.3,WR,AlexMa02
5772,Maurice Alexander,0.00,1,Sun,5,5,2022-10-09,25-272,DET,@,NWE,L 0-29,0.00,0.00,0.0,0.0,1,1.5,0,0.0,7,36.8,WR,AlexMa02
5773,Maurice Alexander,0.00,3,Sun,6,7,2022-10-23,25-286,DET,@,DAL,L 6-24,0.00,0.00,0.0,0.0,3,5.1,0,0.0,5,22.7,WR,AlexMa02
5774,Josh Ali,0.00,7,Sun,16,17,2023-01-01,23-304,ATL,,ARI,W 20-19,0.00,0.00,0.0,0.0,7,11.3,0,0.0,0,0.0,WR,AlixJo00
5775,Josh Ali,0.00,7,Sun,17,18,2023-01-08,23-311,ATL,,TAM,W 30-17,0.00,0.00,0.0,0.0,7,10.3,0,0.0,0,0.0,WR,AlixJo00
5776,Robbie Chosen,0.00,23,Sun,6,6,2022-10-16,29-160,CAR,@,LAR,L 10-24,0.00,0.00,0.0,0.0,23,52.3,0,0.0,0,0.0,WR,AndeRo04
5777,Robbie Chosen,0.00,12,Thu,7,7,2022-10-20,29-164,ARI,,NOR,W 42-34,0.00,0.00,0.0,0.0,12,18.2,0,0.0,0,0.0,WR,AndeRo04
5778,Robbie Chosen,0.00,7,Sun,8,8,2022-10-30,29-174,ARI,@,MIN,L 26-34,0.00,0.00,0.0,0.0,7,9.0,0,0.0,0,0.0,WR,AndeRo04
5779,Robbie Chosen,0.00,52,Sun,9,9,2022-11-06,29-181,ARI,,SEA,L 21-31,0.00,1.00,0.6,0.1,52,82.5,0,0.0,0,0.0,WR,AndeRo04
5780,Robbie Chosen,0.00,8,Sun,10,10,2022-11-13,29-188,ARI,@,LAR,W 27-17,0.00,0.00,0.0,0.0,8,11.8,0,0.0,0,0.0,WR,AndeRo04
5781,Robbie Chosen,0.00,33,Mon,11,11,2022-11-21,29-196,ARI,,SFO,L 10-38,0.00,0.00,0.0,0.0,33,46.5,0,0.0,0,0.0,WR,AndeRo04
5782,Robbie Chosen,0.00,24,Sun,14,15,2022-12-18,29-223,ARI,@,DEN,L 15-24,0.00,0.00,0.0,0.0,24,36.9,0,0.0,0,0.0,WR,AndeRo04
5783,Robbie Chosen,0.00,5,Sun,15,16,2022-12-25,29-230,ARI,,TAM,L 16-19 (OT),0.00,0.00,0.0,0.0,5,6.6,0,0.0,0,0.0,WR,AndeRo04
5784,Robbie Chosen,0.00,18,Sun,4,4,2023-10-01,30-145,MIA,@,BUF,L 20-48,0.00,0.00,0.0,0.0,18,27.7,0,0.0,0,0.0,WR,AndeRo04
5785,Robbie Chosen,0.00,10,Sun,5,5,2023-10-08,30-152,MIA,,NYG,W 31-16,0.00,0.00,0.0,0.0,10,18.5,0,0.0,0,0.0,WR,AndeRo04
5786,Robbie Chosen,0.00,17,Sun,6,6,2023-10-15,30-159,MIA,,CAR,W 42-21,0.00,0.00,0.0,0.0,17,25.4,0,0.0,0,0.0,WR,AndeRo04
5787,Robbie Chosen,0.00,23,Sun,14,15,2023-12-17,30-222,MIA,,NYJ,W 30-0,0.00,0.00,0.0,0.0,23,37.7,0,0.0,0,0.0,WR,AndeRo04
5788,Robbie Chosen,0.00,13,Sun,16,17,2023-12-31,30-236,MIA,@,BAL,L 19-56,0.00,0.00,0.0,0.0,13,18.8,0,0.0,0,0.0,WR,AndeRo04
5789,Robbie Chosen,0.00,2,Sun,17,18,2024-01-07,30-243,MIA,,BUF,L 14-21,0.00,0.00,0.0,0.0,2,3.8,0,0.0,0,0.0,WR,AndeRo04
5790,Robbie Chosen,0.00,12,Sun,1,1,2024-09-08,31-122,MIA,,JAX,W 20-17,0.00,0.00,0.0,0.0,12,16.9,0,0.0,0,0.0,WR,AndeRo04
5791,Tutu Atwell,0.00,7,Thu,1,1,2022-09-08,22-336,LAR,,BUF,L 10-31,0.00,0.00,0.0,0.0,7,10.4,0,0.0,0,0.0,WR,AtweTu00
5792,Tutu Atwell,0.00,2,Sun,2,2,2022-09-18,22-346,LAR,,ATL,W 31-27,0.00,0.00,0.0,0.0,2,3.2,0,0.0,0,0.0,WR,AtweTu00
5793,Tutu Atwell,0.00,3,Sun,3,3,2022-09-25,22-353,LAR,@,ARI,W 20-12,0.00,0.00,0.0,0.0,3,6.3,0,0.0,0,0.0,WR,AtweTu00
5794,Tutu Atwell,0.00,9,Sun,13,14,2023-12-10,24-064,LAR,@,BAL,L 31-37 (OT),0.00,0.00,0.0,0.0,9,11.7,0,0.0,0,0.0,WR,AtweTu00
5795,Tutu Atwell,0.00,4,Thu,15,16,2023-12-21,24-075,LAR,,NOR,W 30-22,0.00,0.00,0.0,0.0,4,5.7,0,0.0,0,0.0,WR,AtweTu00
5796,Tutu Atwell,0.00,4,Sun,16,17,2023-12-31,24-085,LAR,@,NYG,W 26-25,0.00,0.00,0.0,0.0,4,6.5,0,0.0,0,0.0,WR,AtweTu00
5797,Tutu Atwell,0.00,6,Sun,1,1,2024-09-08,24-337,LAR,@,DET,L 20-26 (OT),0.00,0.00,0.0,0.0,6,7.7,0,0.0,0,0.0,WR,AtweTu00
5798,Tutu Atwell,0.00,9,Sat,16,17,2024-12-28,25-082,LAR,,ARI,W 13-9,0.00,0.00,0.0,0.0,9,15.8,0,0.0,0,0.0,WR,AtweTu00
5799,Calvin Austin III,0.00,37,Sun,5,5,2023-10-08,24-198,PIT,,BAL,W 17-10,0.00,0.00,0.0,0.0,37,56.1,0,0.0,1,4.0,WR,AustCa00
5800,Calvin Austin III,0.00,10,Sun,10,11,2023-11-19,24-240,PIT,@,CLE,L 10-13,0.00,0.00,0.0,0.0,10,17.2,0,0.0,8,27.6,WR,AustCa00
5801,Calvin Austin III,0.00,9,Sat,14,15,2023-12-16,24-267,PIT,@,IND,L 13-30,0.00,0.00,0.0,0.0,9,15.5,0,0.0,2,7.7,WR,AustCa00
5802,Calvin Austin III,0.00,14,Sun,16,17,2023-12-31,24-282,PIT,@,SEA,W 30-23,0.00,0.00,0.0,0.0,14,19.4,0,0.0,4,14.3,WR,AustCa00
5803,Calvin Austin III,0.00,26,Sun,10,11,2024-11-17,25-238,PIT,,BAL,W 18-16,0.00,1.00,0.9,0.4,26,33.3,0,0.0,4,13.8,WR,AustCa00
5804,Andre Baccellia,0.00,8,Sun,1,1,2022-09-11,25-247,ARI,,KAN,L 21-44,0.00,0.00,0.0,0.0,8,12.3,0,0.0,1,3.7,WR,BaccAn00
5805,Andre Baccellia,0.00,6,Sun,4,4,2022-10-02,25-268,ARI,@,CAR,W 26-16,0.00,0.00,0.0,0.0,6,7.9,0,0.0,3,13.0,WR,BaccAn00
5806,Andre Baccellia,0.00,12,Sun,5,5,2022-10-09,25-275,ARI,,PHI,L 17-20,0.00,0.00,0.0,0.0,12,17.4,0,0.0,4,16.0,WR,BaccAn00
5807,Andre Baccellia,0.00,2,Sun,8,8,2023-10-29,26-295,ARI,,BAL,L 24-31,0.00,0.00,0.0,0.0,2,2.6,0,0.0,6,21.4,WR,BaccAn00
5808,Andre Baccellia,0.00,3,Sun,9,9,2023-11-05,26-302,ARI,@,CLE,L 0-27,0.00,0.00,0.0,0.0,3,5.8,0,0.0,0,0.0,WR,BaccAn00
5809,Andre Baccellia,0.00,5,Sun,11,11,2023-11-19,26-316,ARI,@,HOU,L 16-21,0.00,0.00,0.0,0.0,5,8.2,0,0.0,0,0.0,WR,BaccAn00
5810,Andre Baccellia,0.00,8,Sun,12,12,2023-11-26,26-323,ARI,,LAR,L 14-37,0.00,0.00,0.0,0.0,8,11.3,0,0.0,11,39.3,WR,BaccAn00
5811,Andre Baccellia,0.00,31,Sun,13,13,2023-12-03,26-330,ARI,@,PIT,W 24-10,0.00,0.00,0.0,0.0,31,45.6,0,0.0,1,4.2,WR,BaccAn00
5812,Alex Bachman,0.00,1,Sun,4,4,2024-09-29,28-123,LVR,,CLE,W 20-16,0.00,0.00,0.0,0.0,1,1.7,0,0.0,9,34.6,WR,BachAl00
5813,Alex Bachman,0.00,1,Sun,5,5,2024-10-06,28-130,LVR,@,DEN,L 18-34,0.00,0.00,0.0,0.0,1,1.4,0,0.0,16,53.3,WR,BachAl00
5814,Alex Bachman,0.00,36,Sun,7,7,2024-10-20,28-144,LVR,@,LAR,L 15-20,0.00,0.00,0.0,0.0,36,45.6,0,0.0,12,42.9,WR,BachAl00
5815,Alex Bachman,0.00,6,Sun,8,8,2024-10-27,28-151,LVR,,KAN,L 20-27,0.00,0.00,0.0,0.0,6,10.3,0,0.0,5,20.8,WR,BachAl00
5816,Javon Baker,0.00,6,Sun,2,2,2024-09-15,22-210,NWE,,SEA,L 20-23 (OT),0.00,0.00,0.0,0.0,6,8.8,0,0.0,5,16.1,WR,BakeJa00
5817,Javon Baker,0.00,4,Sun,9,9,2024-11-03,22-259,NWE,@,TEN,L 17-20 (OT),0.00,0.00,0.0,0.0,4,5.8,0,0.0,5,19.2,WR,BakeJa00
5818,Javon Baker,0.00,4,Sun,10,10,2024-11-10,22-266,NWE,@,CHI,W 19-3,0.00,0.00,0.0,0.0,4,6.3,0,0.0,5,18.5,WR,BakeJa00
5819,Javon Baker,0.00,5,Sun,11,11,2024-11-17,22-273,NWE,,LAR,L 22-28,0.00,0.00,0.0,0.0,5,6.6,0,0.0,2,7.4,WR,BakeJa00
5820,Javon Baker,0.00,11,Sun,12,12,2024-11-24,22-280,NWE,@,MIA,L 15-34,0.00,0.00,0.0,0.0,11,15.9,0,0.0,0,0.0,WR,BakeJa00
5821,Javon Baker,0.00,2,Sun,13,13,2024-12-01,22-287,NWE,,IND,L 24-25,0.00,0.00,0.0,0.0,2,2.8,0,0.0,0,0.0,WR,BakeJa00
5822,Javon Baker,0.00,8,Sun,15,16,2024-12-22,22-308,NWE,@,BUF,L 21-24,0.00,0.00,0.0,0.0,8,11.0,0,0.0,0,0.0,WR,BakeJa00
5823,Javon Baker,0.00,11,Sat,16,17,2024-12-28,22-314,NWE,,LAC,L 7-40,0.00,0.00,0.0,0.0,11,20.8,0,0.0,0,0.0,WR,BakeJa00
5824,Michael Bandy,0.00,5,Sun,5,5,2022-10-09,24-308,LAC,@,CLE,W 30-28,0.00,0.00,0.0,0.0,5,7.0,0,0.0,0,0.0,WR,BandMi00
5825,Michael Bandy,0.00,42,Sun,7,7,2022-10-23,24-322,LAC,,SEA,L 23-37,0.00,1.00,0.5,0.0,42,59.2,0,0.0,9,31.0,WR,BandMi00
5826,Michael Bandy,0.00,49,Sun,9,10,2022-11-13,24-343,LAC,@,SFO,L 16-22,0.00,0.00,0.0,0.0,49,84.5,0,0.0,6,21.4,WR,BandMi00
5827,Michael Bandy,0.00,8,Sun,10,11,2022-11-20,24-350,LAC,,KAN,L 27-30,0.00,0.00,0.0,0.0,8,12.3,0,0.0,7,24.1,WR,BandMi00
5828,Michael Bandy,0.00,2,Sun,11,12,2022-11-27,24-357,LAC,@,ARI,W 25-24,0.00,0.00,0.0,0.0,2,3.0,0,0.0,5,18.5,WR,BandMi00
5829,Michael Bandy,0.00,2,Sun,13,14,2022-12-11,25-006,LAC,,MIA,W 23-17,0.00,0.00,0.0,0.0,2,2.5,0,0.0,1,3.4,WR,BandMi00
5830,Michael Bandy,0.00,2,Sun,16,17,2023-12-31,26-026,DEN,,LAC,W 16-9,0.00,0.00,0.0,0.0,2,2.9,0,0.0,8,28.6,WR,BandMi00
5831,Rashod Bateman,0.00,13,Thu,8,8,2022-10-27,22-332,BAL,@,TAM,W 27-22,0.00,0.00,0.0,0.0,13,17.1,0,0.0,0,0.0,WR,BateRa00
5832,Rashod Bateman,0.00,27,Sat,17,18,2024-01-06,24-038,BAL,,PIT,L 10-17,0.00,0.00,0.0,0.0,27,47.4,0,0.0,0,0.0,WR,BateRa00
5833,Rashod Bateman,0.00,29,Sun,13,13,2024-12-01,25-002,BAL,,PHI,L 19-24,0.00,0.00,0.0,0.0,29,40.3,0,0.0,0,0.0,WR,BateRa00
5834,Odell Beckham Jr.,0.00,37,Sun,8,8,2023-10-29,30-358,BAL,@,ARI,W 31-24,0.00,0.00,0.0,0.0,37,56.9,0,0.0,0,0.0,WR,BeckOd00
5835,Odell Beckham Jr.,0.00,11,Sun,5,5,2024-10-06,31-336,MIA,@,NWE,W 15-10,0.00,0.00,0.0,0.0,11,14.1,0,0.0,0,0.0,WR,BeckOd00
5836,Odell Beckham Jr.,0.00,11,Sun,6,7,2024-10-20,31-350,MIA,@,IND,L 10-16,0.00,0.00,0.0,0.0,11,15.9,0,0.0,0,0.0,WR,BeckOd00
5837,Odell Beckham Jr.,0.00,11,Sun,7,8,2024-10-27,31-357,MIA,,ARI,L 27-28,0.00,0.00,0.0,0.0,11,16.9,0,0.0,0,0.0,WR,BeckOd00
5838,Odell Beckham Jr.,0.00,17,Sun,11,12,2024-11-24,32-019,MIA,,NWE,W 34-15,0.00,0.00,0.0,0.0,17,25.0,0,0.0,0,0.0,WR,BeckOd00
5839,David Bell,0.00,22,Sun,1,1,2022-09-11,21-271,CLE,@,CAR,W 26-24,0.00,0.00,0.0,0.0,22,27.5,0,0.0,2,6.3,WR,BellDa02
5840,David Bell,0.00,3,Sun,12,13,2022-12-04,21-355,CLE,@,HOU,W 27-14,0.00,0.00,0.0,0.0,3,4.8,0,0.0,1,3.2,WR,BellDa02
5841,David Bell,0.00,15,Sun,16,17,2023-01-01,22-018,CLE,@,WAS,W 24-10,0.00,0.00,0.0,0.0,15,26.3,0,0.0,5,23.8,WR,BellDa02
5842,David Bell,0.00,23,Sun,17,18,2023-01-08,22-025,CLE,@,PIT,L 14-28,0.00,0.00,0.0,0.0,23,35.9,0,0.0,7,31.8,WR,BellDa02
5843,David Bell,0.00,10,Sun,1,1,2023-09-10,22-270,CLE,,CIN,W 24-3,0.00,0.00,0.0,0.0,10,13.5,0,0.0,0,0.0,WR,BellDa02
5844,David Bell,0.00,10,Sun,3,3,2023-09-24,22-284,CLE,,TEN,W 27-3,0.00,0.00,0.0,0.0,10,14.1,0,0.0,2,8.3,WR,BellDa02
5845,David Bell,0.00,8,Sun,4,4,2023-10-01,22-291,CLE,,BAL,L 3-28,0.00,0.00,0.0,0.0,8,11.6,0,0.0,1,3.6,WR,BellDa02
5846,David Bell,0.00,3,Sun,6,7,2023-10-22,22-312,CLE,@,IND,W 39-38,0.00,0.00,0.0,0.0,3,4.0,0,0.0,7,17.5,WR,BellDa02
5847,David Bell,0.00,3,Sun,7,8,2023-10-29,22-319,CLE,@,SEA,L 20-24,0.00,0.00,0.0,0.0,3,3.8,0,0.0,6,23.1,WR,BellDa02
5848,David Bell,0.00,2,Sun,10,11,2023-11-19,22-340,CLE,,PIT,W 13-10,0.00,0.00,0.0,0.0,2,2.7,0,0.0,3,10.3,WR,BellDa02
5849,David Bell,0.00,13,Sun,11,12,2023-11-26,22-347,CLE,@,DEN,L 12-29,0.00,0.00,0.0,0.0,13,17.8,0,0.0,6,23.1,WR,BellDa02
5850,David Bell,0.00,5,Sun,14,15,2023-12-17,23-003,CLE,,CHI,W 20-17,0.00,0.00,0.0,0.0,5,7.2,0,0.0,0,0.0,WR,BellDa02
5851,Ronnie Bell,0.00,7,Sun,1,1,2023-09-10,23-225,SFO,@,PIT,W 30-7,0.00,0.00,0.0,0.0,7,10.3,0,0.0,4,15.4,WR,BellRo01
5852,Ronnie Bell,0.00,27,Sun,2,2,2023-09-17,23-232,SFO,@,LAR,W 30-23,0.00,0.00,0.0,0.0,27,47.4,0,0.0,15,53.6,WR,BellRo01
5853,Ronnie Bell,0.00,14,Sun,5,5,2023-10-08,23-253,SFO,,DAL,W 42-10,0.00,0.00,0.0,0.0,14,19.7,0,0.0,5,18.5,WR,BellRo01
5854,Ronnie Bell,0.00,1,Sun,6,6,2023-10-15,23-260,SFO,@,CLE,L 17-19,0.00,0.00,0.0,0.0,1,1.6,0,0.0,13,41.9,WR,BellRo01
5855,Ronnie Bell,0.00,5,Sun,8,8,2023-10-29,23-274,SFO,,CIN,L 17-31,0.00,0.00,0.0,0.0,5,8.5,0,0.0,7,28.0,WR,BellRo01
5856,Ronnie Bell,0.00,5,Sun,10,11,2023-11-19,23-295,SFO,,TAM,W 27-14,0.00,0.00,0.0,0.0,5,8.3,0,0.0,4,18.2,WR,BellRo01
5857,Ronnie Bell,0.00,6,Thu,11,12,2023-11-23,23-299,SFO,@,SEA,W 31-13,0.00,0.00,0.0,0.0,6,9.1,0,0.0,7,24.1,WR,BellRo01
5858,Ronnie Bell,0.00,7,Sun,12,13,2023-12-03,23-309,SFO,@,PHI,W 42-19,0.00,0.00,0.0,0.0,7,11.9,0,0.0,5,19.2,WR,BellRo01
5859,Ronnie Bell,0.00,8,Sun,14,15,2023-12-17,23-323,SFO,@,ARI,W 45-29,0.00,0.00,0.0,0.0,8,14.3,0,0.0,3,9.7,WR,BellRo01
5860,Ronnie Bell,0.00,10,Sun,16,17,2023-12-31,23-337,SFO,@,WAS,W 27-10,0.00,0.00,0.0,0.0,10,14.3,0,0.0,6,28.6,WR,BellRo01
5861,Ronnie Bell,0.00,13,Mon,1,1,2024-09-09,24-225,SFO,,NYJ,W 32-19,0.00,0.00,0.0,0.0,13,18.1,0,0.0,0,0.0,WR,BellRo01
5862,Ronnie Bell,0.00,6,Sun,2,2,2024-09-15,24-231,SFO,@,MIN,L 17-23,0.00,0.00,0.0,0.0,6,8.6,0,0.0,1,4.3,WR,BellRo01
5863,Ronnie Bell,0.00,10,Sun,5,5,2024-10-06,24-252,SFO,,ARI,L 23-24,0.00,0.00,0.0,0.0,10,15.6,0,0.0,1,4.2,WR,BellRo01
5864,Ronnie Bell,0.00,15,Sun,8,8,2024-10-27,24-273,SFO,,DAL,W 30-24,0.00,0.00,0.0,0.0,15,22.1,0,0.0,1,3.3,WR,BellRo01
5865,Ronnie Bell,0.00,10,Sun,9,10,2024-11-10,24-287,SFO,@,TAM,W 23-20,0.00,0.00,0.0,0.0,10,15.6,0,0.0,6,20.7,WR,BellRo01
5866,Ronnie Bell,0.00,5,Sun,11,12,2024-11-24,24-301,SFO,@,GNB,L 10-38,0.00,0.00,0.0,0.0,5,10.2,0,0.0,0,0.0,WR,BellRo01
5867,Trinity Benson,0.00,13,Sun,9,10,2022-11-13,25-301,DET,@,CHI,W 31-30,0.00,0.00,0.0,0.0,13,21.0,0,0.0,0,0.0,WR,BensTr00
5868,Jared Bernhardt,0.00,2,Sun,2,2,2022-09-18,25-006,ATL,@,LAR,L 27-31,0.00,0.00,0.0,0.0,2,3.3,0,0.0,0,0.0,WR,BernJa00
5869,Jared Bernhardt,0.00,7,Sun,3,3,2022-09-25,25-013,ATL,@,SEA,W 27-23,0.00,0.00,0.0,0.0,7,12.3,0,0.0,0,0.0,WR,BernJa00
5870,Braxton Berrios,0.00,24,Sun,3,3,2022-09-25,26-354,NYJ,,CIN,L 12-27,0.00,0.00,-0.2,-0.2,24,30.8,0,0.0,9,34.6,WR,BerrBr00
5871,Braxton Berrios,0.00,30,Sun,8,8,2022-10-30,27-024,NYJ,,NWE,L 17-22,0.00,0.00,0.0,0.0,30,50.8,0,0.0,10,35.7,WR,BerrBr00
5872,Braxton Berrios,0.00,6,Sun,10,11,2022-11-20,27-045,NYJ,@,NWE,L 3-10,0.00,0.00,0.0,0.0,6,12.0,0,0.0,10,33.3,WR,BerrBr00
5873,Braxton Berrios,0.00,2,Sun,17,18,2023-01-08,27-094,NYJ,@,MIA,L 6-11,0.00,0.00,0.0,0.0,2,3.6,0,0.0,11,50.0,WR,BerrBr00
5874,Braxton Berrios,0.00,17,Sun,9,9,2023-11-05,28-030,MIA,@,KAN,L 14-21,0.00,0.00,0.0,0.0,17,27.0,0,0.0,10,40.0,WR,BerrBr00
5875,Braxton Berrios,0.00,38,Fri,11,12,2023-11-24,28-049,MIA,@,NYJ,W 34-13,0.00,0.00,0.0,0.0,38,54.3,0,0.0,9,37.5,WR,BerrBr00
5876,Braxton Berrios,0.00,25,Sun,12,13,2023-12-03,28-058,MIA,@,WAS,W 45-15,0.00,0.00,0.0,0.0,25,41.0,0,0.0,8,28.6,WR,BerrBr00
5877,Braxton Berrios,0.00,30,Sun,15,16,2023-12-24,28-079,MIA,,DAL,W 22-20,0.00,0.00,0.0,0.0,30,46.2,0,0.0,8,30.8,WR,BerrBr00
5878,Braxton Berrios,0.00,26,Sun,1,1,2024-09-08,28-338,MIA,,JAX,W 20-17,0.00,0.00,0.0,0.0,26,36.6,0,0.0,8,32.0,WR,BerrBr00
5879,Braxton Berrios,0.00,34,Thu,2,2,2024-09-12,28-342,MIA,,BUF,L 10-31,0.00,0.00,0.0,0.0,34,44.7,0,0.0,9,42.9,WR,BerrBr00
5880,Braxton Berrios,0.00,17,Sun,3,3,2024-09-22,28-352,MIA,@,SEA,L 3-24,0.00,0.00,0.0,0.0,17,27.9,0,0.0,10,37.0,WR,BerrBr00
5881,Braxton Berrios,0.00,15,Mon,4,4,2024-09-30,28-360,MIA,,TEN,L 12-31,0.00,0.00,0.0,0.0,15,25.0,0,0.0,12,38.7,WR,BerrBr00
5882,Braxton Berrios,0.00,15,Sun,5,5,2024-10-06,29-000,MIA,@,NWE,W 15-10,0.00,0.00,0.0,0.0,15,19.2,0,0.0,9,34.6,WR,BerrBr00
5883,Braxton Berrios,0.00,5,Sun,6,7,2024-10-20,29-014,MIA,@,IND,L 10-16,0.00,0.00,0.0,0.0,5,7.2,0,0.0,10,37.0,WR,BerrBr00
5884,Stanley Berryhill,0.00,1,Sun,8,9,2022-11-06,24-150,DET,,GNB,W 15-9,0.00,0.00,0.0,0.0,1,1.6,0,0.0,7,53.8,WR,BerrSt00
5885,Stanley Berryhill,0.00,2,Sun,9,10,2022-11-13,24-157,DET,@,CHI,W 31-30,0.00,0.00,0.0,0.0,2,3.2,0,0.0,7,24.1,WR,BerrSt00
5886,Stanley Berryhill,0.00,3,Sun,10,11,2022-11-20,24-164,DET,@,NYG,W 31-18,0.00,0.00,0.0,0.0,3,4.5,0,0.0,11,42.3,WR,BerrSt00
5887,Chris Blair,0.00,9,Sun,11,12,2023-11-26,26-051,ATL,,NOR,W 24-15,0.00,0.00,0.0,0.0,9,14.5,0,0.0,10,41.7,WR,BlaiCh00
5888,Chris Blair,0.00,1,Sun,16,17,2024-12-29,27-084,ATL,@,WAS,L 24-30 (OT),0.00,0.00,0.0,0.0,1,1.6,0,0.0,5,18.5,WR,BlaiCh00
5889,Chris Blair,0.00,1,Sun,17,18,2025-01-05,27-091,ATL,,CAR,L 38-44 (OT),0.00,0.00,0.0,0.0,1,1.3,0,0.0,7,22.6,WR,BlaiCh00
5890,Jake Bobo,0.00,12,Sun,1,1,2023-09-10,25-037,SEA,,LAR,L 13-30,0.00,0.00,0.0,0.0,12,23.5,0,0.0,12,42.9,WR,BoboJa00
5891,Jake Bobo,0.00,21,Mon,4,4,2023-10-02,25-059,SEA,@,NYG,W 24-3,0.00,0.00,0.0,0.0,21,38.2,0,0.0,3,13.0,WR,BoboJa00
5892,Jake Bobo,0.00,9,Sun,8,9,2023-11-05,25-093,SEA,@,BAL,L 3-37,0.00,0.00,0.0,0.0,9,18.4,0,0.0,11,40.7,WR,BoboJa00
5893,Jake Bobo,0.00,10,Sun,13,14,2023-12-10,25-128,SEA,@,SFO,L 16-28,0.00,0.00,0.0,0.0,10,16.9,0,0.0,10,37.0,WR,BoboJa00
5894,Jake Bobo,0.00,20,Sun,1,1,2024-09-08,26-035,SEA,,DEN,W 26-20,0.00,0.00,0.0,0.0,20,29.9,0,0.0,26,76.5,WR,BoboJa00
5895,Jake Bobo,0.00,19,Sun,3,3,2024-09-22,26-049,SEA,,MIA,W 24-3,0.00,0.00,0.0,0.0,19,29.7,0,0.0,20,74.1,WR,BoboJa00
5896,Jake Bobo,0.00,29,Sun,7,7,2024-10-20,26-077,SEA,@,ATL,W 34-14,0.00,0.00,0.0,0.0,29,48.3,0,0.0,17,65.4,WR,BoboJa00
5897,Jake Bobo,0.00,42,Sun,9,9,2024-11-03,26-091,SEA,,LAR,L 20-26 (OT),0.00,0.00,0.0,0.0,42,52.5,0,0.0,25,78.1,WR,BoboJa00
5898,Jake Bobo,0.00,6,Sun,10,11,2024-11-17,26-105,SEA,@,SFO,W 20-17,0.00,0.00,0.0,0.0,6,10.0,0,0.0,14,66.7,WR,BoboJa00
5899,Jake Bobo,0.00,19,Sun,12,13,2024-12-01,26-119,SEA,@,NYJ,W 26-21,0.00,0.00,0.0,0.0,19,29.7,0,0.0,15,62.5,WR,BoboJa00
5900,Jake Bobo,0.00,17,Sun,13,14,2024-12-08,26-126,SEA,@,ARI,W 30-18,0.00,0.00,0.0,0.0,17,26.6,0,0.0,20,69.0,WR,BoboJa00
5901,Jake Bobo,0.00,14,Thu,16,17,2024-12-26,26-144,SEA,@,CHI,W 6-3,0.00,0.00,0.0,0.0,14,26.9,0,0.0,18,85.7,WR,BoboJa00
5902,Kendrick Bourne,0.00,34,Sun,5,5,2022-10-09,27-066,NWE,,DET,W 29-0,0.00,1.00,1.0,0.5,34,56.7,0,0.0,0,0.0,WR,BourKe00
5903,Kendrick Bourne,0.00,54,Sun,8,8,2022-10-30,27-087,NWE,@,NYJ,W 22-17,0.00,0.00,0.0,0.0,54,69.2,0,0.0,1,3.6,WR,BourKe00
5904,Kendrick Bourne,0.00,11,Sun,14,15,2022-12-18,27-136,NWE,@,LVR,L 24-30,0.00,0.00,0.0,0.0,11,16.9,0,0.0,0,0.0,WR,BourKe00
5905,Kendrick Bourne,0.00,52,Sun,8,8,2024-10-27,29-084,NWE,,NYJ,W 25-22,0.00,0.00,0.0,0.0,52,77.6,0,0.0,0,0.0,WR,BourKe00
5906,Kayshon Boutte,0.00,55,Sun,1,1,2023-09-10,21-126,NWE,,PHI,L 20-25,0.00,0.00,0.0,0.0,55,68.8,0,0.0,0,0.0,WR,BoutKa00
5907,Kayshon Boutte,0.00,5,Sun,15,16,2023-12-24,21-231,NWE,@,DEN,W 26-23,0.00,0.00,0.0,0.0,5,8.6,0,0.0,0,0.0,WR,BoutKa00
5908,Kayshon Boutte,0.00,19,Sun,17,18,2024-01-07,21-245,NWE,,NYJ,L 3-17,0.00,0.00,0.0,0.0,19,33.3,0,0.0,0,0.0,WR,BoutKa00
5909,Lynn Bowden Jr.,0.00,14,Sun,9,9,2022-11-06,25-023,NWE,,IND,W 26-3,0.00,0.00,0.0,0.0,14,22.2,0,0.0,0,0.0,WR,BowdLy00
5910,Lynn Bowden Jr.,0.00,5,Sun,3,3,2023-09-24,25-345,NOR,@,GNB,L 17-18,0.00,0.00,0.0,0.0,5,8.2,0,0.0,0,0.0,WR,BowdLy00
5911,Lynn Bowden Jr.,0.00,11,Sun,4,4,2023-10-01,25-352,NOR,,TAM,L 9-26,0.00,0.00,0.0,0.0,11,16.9,0,0.0,0,0.0,WR,BowdLy00
5912,Lynn Bowden Jr.,0.00,9,Sun,5,5,2023-10-08,25-359,NOR,@,NWE,W 34-0,0.00,0.00,0.0,0.0,9,12.5,0,0.0,0,0.0,WR,BowdLy00
5913,Lynn Bowden Jr.,0.00,9,Sun,6,6,2023-10-15,26-001,NOR,@,HOU,L 13-20,0.00,0.00,0.0,0.0,9,11.0,0,0.0,5,19.2,WR,BowdLy00
5914,Lynn Bowden Jr.,0.00,13,Thu,7,7,2023-10-19,26-005,NOR,,JAX,L 24-31,0.00,0.00,0.0,0.0,13,14.4,0,0.0,6,18.8,WR,BowdLy00
5915,Lynn Bowden Jr.,0.00,24,Sun,8,8,2023-10-29,26-015,NOR,@,IND,W 38-27,0.00,0.00,0.0,0.0,24,36.4,0,0.0,6,17.6,WR,BowdLy00
5916,Lynn Bowden Jr.,0.00,14,Sun,9,9,2023-11-05,26-022,NOR,,CHI,W 24-17,0.00,0.00,0.0,0.0,14,22.2,0,0.0,4,16.7,WR,BowdLy00
5917,Lynn Bowden Jr.,0.00,48,Sun,12,13,2023-12-03,26-050,NOR,,DET,L 28-33,0.00,1.00,0.9,0.4,48,71.6,0,0.0,12,40.0,WR,BowdLy00
5918,Lynn Bowden Jr.,0.00,13,Thu,15,16,2023-12-21,26-068,NOR,@,LAR,L 22-30,0.00,0.00,0.0,0.0,13,21.7,0,0.0,7,29.2,WR,BowdLy00
5919,Tyler Boyd,0.00,2,Sun,13,14,2022-12-11,28-026,CIN,,CLE,W 23-10,0.00,0.00,0.0,0.0,2,3.0,0,0.0,0,0.0,WR,BoydTy00
5920,Tyler Boyd,0.00,33,Sun,9,10,2024-11-10,29-361,TEN,@,LAC,L 17-27,0.00,0.00,0.0,0.0,33,61.1,0,0.0,0,0.0,WR,BoydTy00
5921,Miles Boykin,0.00,8,Sun,1,1,2022-09-11,25-334,PIT,@,CIN,W 23-20 (OT),0.00,0.00,0.0,0.0,8,12.7,0,0.0,21,65.6,WR,BoykMi00
5922,Miles Boykin,0.00,5,Sun,4,4,2022-10-02,25-355,PIT,,NYJ,L 20-24,0.00,0.00,0.0,0.0,5,7.8,0,0.0,15,57.7,WR,BoykMi00
5923,Miles Boykin,0.00,4,Sun,6,6,2022-10-16,26-004,PIT,,TAM,W 20-18,0.00,0.00,0.0,0.0,4,6.3,0,0.0,15,53.6,WR,BoykMi00
5924,Miles Boykin,0.00,7,Sun,7,7,2022-10-23,26-011,PIT,@,MIA,L 10-16,0.00,0.00,0.0,0.0,7,9.3,0,0.0,14,53.8,WR,BoykMi00
5925,Miles Boykin,0.00,8,Sun,8,8,2022-10-30,26-018,PIT,@,PHI,L 13-35,0.00,0.00,0.0,0.0,8,10.5,0,0.0,15,55.6,WR,BoykMi00
5926,Miles Boykin,0.00,14,Sun,9,10,2022-11-13,26-032,PIT,,NOR,W 20-10,0.00,0.00,0.0,0.0,14,16.7,0,0.0,10,41.7,WR,BoykMi00
5927,Miles Boykin,0.00,3,Sun,10,11,2022-11-20,26-039,PIT,,CIN,L 30-37,0.00,0.00,0.0,0.0,3,4.1,0,0.0,4,11.1,WR,BoykMi00
5928,Miles Boykin,0.00,8,Sun,12,13,2022-12-04,26-053,PIT,@,ATL,W 19-16,0.00,0.00,0.0,0.0,8,12.3,0,0.0,13,52.0,WR,BoykMi00
5929,Miles Boykin,0.00,10,Sun,13,14,2022-12-11,26-060,PIT,,BAL,L 14-16,0.00,0.00,0.0,0.0,10,18.2,0,0.0,11,52.4,WR,BoykMi00
5930,Miles Boykin,0.00,25,Sun,14,15,2022-12-18,26-067,PIT,@,CAR,W 24-16,0.00,1.00,1.0,0.5,25,36.8,0,0.0,13,52.0,WR,BoykMi00
5931,Miles Boykin,0.00,14,Sat,15,16,2022-12-24,26-073,PIT,,LVR,W 13-10,0.00,0.00,0.0,0.0,14,20.6,0,0.0,10,45.5,WR,BoykMi00
5932,Miles Boykin,0.00,10,Sun,16,17,2023-01-01,26-081,PIT,@,BAL,W 16-13,0.00,0.00,0.0,0.0,10,14.3,0,0.0,13,56.5,WR,BoykMi00
5933,Miles Boykin,0.00,11,Sun,17,18,2023-01-08,26-088,PIT,,CLE,W 28-14,0.00,0.00,0.0,0.0,11,15.1,0,0.0,12,54.5,WR,BoykMi00
5934,Miles Boykin,0.00,5,Sun,1,1,2023-09-10,26-333,PIT,,SFO,L 7-30,0.00,0.00,0.0,0.0,5,7.9,0,0.0,17,65.4,WR,BoykMi00
5935,Miles Boykin,0.00,8,Sun,3,3,2023-09-24,26-347,PIT,@,LVR,W 23-18,0.00,0.00,0.0,0.0,8,12.9,0,0.0,21,72.4,WR,BoykMi00
5936,Miles Boykin,0.00,6,Sun,4,4,2023-10-01,26-354,PIT,@,HOU,L 6-30,0.00,0.00,0.0,0.0,6,10.2,0,0.0,17,68.0,WR,BoykMi00
5937,Miles Boykin,0.00,12,Sun,5,5,2023-10-08,26-361,PIT,,BAL,W 17-10,0.00,0.00,0.0,0.0,12,18.2,0,0.0,20,80.0,WR,BoykMi00
5938,Miles Boykin,0.00,5,Sun,7,8,2023-10-29,27-017,PIT,,JAX,L 10-20,0.00,0.00,0.0,0.0,5,7.5,0,0.0,18,69.2,WR,BoykMi00
5939,Miles Boykin,0.00,9,Sun,9,10,2023-11-12,27-031,PIT,,GNB,W 23-19,0.00,0.00,0.0,0.0,9,13.8,0,0.0,19,65.5,WR,BoykMi00
5940,Miles Boykin,0.00,6,Sun,10,11,2023-11-19,27-038,PIT,@,CLE,L 10-13,0.00,0.00,0.0,0.0,6,10.3,0,0.0,23,79.3,WR,BoykMi00
5941,Miles Boykin,0.00,8,Sun,11,12,2023-11-26,27-045,PIT,@,CIN,W 16-10,0.00,0.00,0.0,0.0,8,11.3,0,0.0,18,75.0,WR,BoykMi00
5942,Miles Boykin,0.00,12,Sun,12,13,2023-12-03,27-052,PIT,,ARI,L 10-24,0.00,0.00,0.0,0.0,12,19.7,0,0.0,16,66.7,WR,BoykMi00
5943,Miles Boykin,0.00,8,Thu,13,14,2023-12-07,27-056,PIT,,NWE,L 18-21,0.00,0.00,0.0,0.0,8,11.4,0,0.0,21,75.0,WR,BoykMi00
5944,Miles Boykin,0.00,4,Sat,14,15,2023-12-16,27-065,PIT,@,IND,L 13-30,0.00,0.00,0.0,0.0,4,6.9,0,0.0,15,57.7,WR,BoykMi00
5945,Miles Boykin,0.00,6,Sun,16,17,2023-12-31,27-080,PIT,@,SEA,W 30-23,0.00,0.00,0.0,0.0,6,8.3,0,0.0,15,53.6,WR,BoykMi00
5946,Miles Boykin,0.00,5,Sat,17,18,2024-01-06,27-086,PIT,@,BAL,W 17-10,0.00,0.00,0.0,0.0,5,8.1,0,0.0,22,81.5,WR,BoykMi00
5947,Jalen Brooks,0.00,15,Sun,2,2,2023-09-17,23-133,DAL,,NYJ,W 30-10,0.00,0.00,0.0,0.0,15,17.2,0,0.0,13,46.4,WR,BrooJa03
5948,Jalen Brooks,0.00,5,Mon,6,6,2023-10-16,23-162,DAL,@,LAC,W 20-17,0.00,0.00,0.0,0.0,5,7.8,0,0.0,11,44.0,WR,BrooJa03
5949,Jalen Brooks,0.00,16,Sun,10,11,2023-11-19,23-196,DAL,@,CAR,W 33-10,0.00,0.00,0.0,0.0,16,22.2,0,0.0,12,44.4,WR,BrooJa03
5950,Jalen Brooks,0.00,2,Sat,16,17,2023-12-30,23-237,DAL,,DET,W 20-19,0.00,0.00,0.0,0.0,2,3.1,0,0.0,10,38.5,WR,BrooJa03
5951,Jalen Brooks,0.00,8,Thu,4,4,2024-09-26,24-142,DAL,@,NYG,W 20-15,0.00,0.00,0.0,0.0,8,14.3,0,0.0,15,60.0,WR,BrooJa03
5952,Jalen Brooks,0.00,41,Sun,7,8,2024-10-27,24-173,DAL,@,SFO,L 24-30,0.00,0.00,0.0,0.0,41,66.1,0,0.0,12,40.0,WR,BrooJa03
5953,Jalen Brooks,0.00,23,Thu,12,13,2024-11-28,24-205,DAL,,NYG,W 27-20,0.00,1.00,1.0,0.5,23,30.3,0,0.0,19,61.3,WR,BrooJa03
5954,Jalen Brooks,0.00,16,Sun,17,18,2025-01-05,24-243,DAL,,WAS,L 19-23,0.00,0.00,0.0,0.0,16,20.5,0,0.0,21,75.0,WR,BrooJa03
5955,Dyami Brown,0.00,3,Sun,1,1,2022-09-11,22-314,WAS,,JAX,W 28-22,0.00,0.00,0.0,0.0,3,3.9,0,0.0,5,20.8,WR,BrowDy00
5956,Dyami Brown,0.00,1,Sun,2,2,2022-09-18,22-321,WAS,@,DET,L 27-36,0.00,0.00,0.0,0.0,1,1.4,0,0.0,7,21.9,WR,BrowDy00
5957,Dyami Brown,0.00,12,Sun,3,3,2022-09-25,22-328,WAS,,PHI,L 8-24,0.00,0.00,0.0,0.0,12,15.6,0,0.0,4,15.4,WR,BrowDy00
5958,Dyami Brown,0.00,3,Thu,6,6,2022-10-13,22-346,WAS,@,CHI,W 12-7,0.00,0.00,0.0,0.0,3,5.3,0,0.0,2,10.0,WR,BrowDy00
5959,Dyami Brown,0.00,20,Sun,9,9,2022-11-06,23-005,WAS,,MIN,L 17-20,0.00,0.00,0.0,0.0,20,31.3,0,0.0,1,3.6,WR,BrowDy00
5960,Dyami Brown,0.00,6,Sun,11,11,2022-11-20,23-019,WAS,@,HOU,W 23-10,0.00,0.00,0.0,0.0,6,8.8,0,0.0,3,11.1,WR,BrowDy00
5961,Dyami Brown,0.00,17,Sun,13,13,2022-12-04,23-033,WAS,@,NYG,T 20-20 (OT),0.00,0.00,0.0,0.0,17,20.0,0,0.0,0,0.0,WR,BrowDy00
5962,Dyami Brown,0.00,7,Sat,15,16,2022-12-24,23-053,WAS,@,SFO,L 20-37,0.00,0.00,0.0,0.0,7,9.6,0,0.0,7,25.9,WR,BrowDy00
5963,Dyami Brown,0.00,11,Sun,16,17,2023-01-01,23-061,WAS,,CLE,L 10-24,0.00,0.00,0.0,0.0,11,15.9,0,0.0,7,33.3,WR,BrowDy00
5964,Dyami Brown,0.00,8,Sun,17,18,2023-01-08,23-068,WAS,,DAL,W 26-6,0.00,0.00,0.0,0.0,8,12.1,0,0.0,9,26.5,WR,BrowDy00
5965,Dyami Brown,0.00,19,Sun,1,1,2023-09-10,23-313,WAS,,ARI,W 20-16,0.00,0.00,0.0,0.0,19,26.8,0,0.0,5,17.9,WR,BrowDy00
5966,Dyami Brown,0.00,12,Sun,3,3,2023-09-24,23-327,WAS,,BUF,L 3-37,0.00,0.00,0.0,0.0,12,22.2,0,0.0,2,9.1,WR,BrowDy00
5967,Dyami Brown,0.00,11,Sun,6,6,2023-10-15,23-348,WAS,@,ATL,W 24-16,0.00,0.00,0.0,0.0,11,21.6,0,0.0,3,12.5,WR,BrowDy00
5968,Dyami Brown,0.00,11,Sun,7,7,2023-10-22,23-355,WAS,@,NYG,L 7-14,0.00,0.00,0.0,0.0,11,15.9,0,0.0,15,51.7,WR,BrowDy00
5969,Dyami Brown,0.00,22,Sun,8,8,2023-10-29,23-362,WAS,,PHI,L 31-38,0.00,0.00,0.0,0.0,22,30.6,0,0.0,8,28.6,WR,BrowDy00
5970,Dyami Brown,0.00,19,Thu,12,12,2023-11-23,24-022,WAS,@,DAL,L 10-45,0.00,0.00,0.0,0.0,19,24.4,0,0.0,13,52.0,WR,BrowDy00
5971,Dyami Brown,0.00,11,Sun,13,13,2023-12-03,24-032,WAS,,MIA,L 15-45,0.00,1.00,1.0,0.5,11,20.0,0,0.0,16,57.1,WR,BrowDy00
5972,Dyami Brown,0.00,6,Sun,14,15,2023-12-17,24-046,WAS,@,LAR,L 20-28,0.00,0.00,0.0,0.0,6,10.0,0,0.0,15,55.6,WR,BrowDy00
5973,Dyami Brown,0.00,13,Sun,15,16,2023-12-24,24-053,WAS,@,NYJ,L 28-30,0.00,0.00,0.0,0.0,13,21.3,0,0.0,21,58.3,WR,BrowDy00
5974,Dyami Brown,0.00,2,Sun,16,17,2023-12-31,24-060,WAS,,SFO,L 10-27,0.00,0.00,0.0,0.0,2,4.3,0,0.0,13,61.9,WR,BrowDy00
5975,Dyami Brown,0.00,33,Sun,1,1,2024-09-08,24-312,WAS,@,TAM,L 20-37,0.00,0.00,0.0,0.0,33,55.9,0,0.0,8,29.6,WR,BrowDy00
5976,Dyami Brown,0.00,10,Sun,10,10,2024-11-10,25-009,WAS,,PIT,L 27-28,0.00,2.00,0.7,-0.3,10,15.6,0,0.0,5,15.6,WR,BrowDy00
5977,Jason Brownlee,0.00,2,Sun,7,8,2023-10-29,24-272,NYJ,@,NYG,W 13-10 (OT),0.00,0.00,0.0,0.0,2,3.1,0,0.0,3,8.1,WR,BrowJa07
5978,Jason Brownlee,0.00,19,Sun,10,11,2023-11-19,24-293,NYJ,@,BUF,L 6-32,0.00,0.00,0.0,0.0,19,33.3,0,0.0,2,7.4,WR,BrowJa07
5979,Jason Brownlee,0.00,34,Sun,12,13,2023-12-03,24-307,NYJ,,ATL,L 8-13,0.00,0.00,0.0,0.0,34,50.0,0,0.0,1,3.6,WR,BrowJa07
5980,Jason Brownlee,0.00,54,Sun,17,18,2024-01-07,24-342,NYJ,@,NWE,W 17-3,0.00,0.00,0.0,0.0,54,83.1,0,0.0,4,14.3,WR,BrowJa07
5981,John Brown,0.00,12,Thu,12,13,2022-12-01,32-242,BUF,@,NWE,W 24-10,0.00,0.00,0.0,0.0,12,16.0,0,0.0,0,0.0,WR,BrowJo02
5982,John Brown,0.00,3,Sun,13,14,2022-12-11,32-252,BUF,,NYJ,W 20-12,0.00,0.00,0.0,0.0,3,5.1,0,0.0,0,0.0,WR,BrowJo02
5983,Marquise Brown,0.00,36,Sun,13,13,2023-12-03,26-182,ARI,@,PIT,W 24-10,0.00,0.00,0.0,0.0,36,52.9,0,0.0,0,0.0,WR,BrowMa04
5984,Marquise Brown,0.00,24,Sun,14,15,2023-12-17,26-196,ARI,,SFO,L 29-45,0.00,0.00,0.0,0.0,24,32.4,0,0.0,0,0.0,WR,BrowMa04
5985,Noah Brown,0.00,34,Thu,11,12,2022-11-24,26-322,DAL,,NYG,W 28-20,0.00,0.00,0.0,0.0,34,45.3,0,0.0,1,4.3,WR,BrowNo00
5986,Noah Brown,0.00,55,Sun,12,13,2023-12-03,27-331,HOU,,DEN,W 22-17,0.00,0.00,0.0,0.0,55,80.9,0,0.0,0,0.0,WR,BrowNo00
5987,Noah Brown,0.00,37,Sun,13,14,2023-12-10,27-338,HOU,@,NYJ,L 6-30,0.00,0.00,0.0,0.0,37,66.1,0,0.0,1,3.4,WR,BrowNo00
5988,Treylon Burks,0.00,35,Sun,7,8,2023-10-29,23-220,TEN,,ATL,W 28-23,0.00,0.00,0.0,0.0,35,51.5,0,0.0,1,2.9,WR,BurkTr00
5989,Treylon Burks,0.00,10,Sun,12,13,2023-12-03,23-255,TEN,,IND,L 28-31 (OT),0.00,0.00,0.0,0.0,10,11.8,0,0.0,0,0.0,WR,BurkTr00
5990,Treylon Burks,0.00,38,Sun,17,18,2024-01-07,23-290,TEN,,JAX,W 28-20,0.00,0.00,0.0,0.0,38,69.1,0,0.0,0,0.0,WR,BurkTr00
5991,Treylon Burks,0.00,33,Sun,2,2,2024-09-15,24-176,TEN,,NYJ,L 17-24,0.00,0.00,0.0,0.0,33,50.0,0,0.0,2,7.7,WR,BurkTr00
5992,Jermaine Burton,0.00,4,Sun,1,1,2024-09-08,23-072,CIN,,NWE,L 10-16,0.00,0.00,0.0,0.0,4,7.8,0,0.0,0,0.0,WR,BurtJe01
5993,Jermaine Burton,0.00,3,Mon,3,3,2024-09-23,23-087,CIN,,WAS,L 33-38,0.00,0.00,0.0,0.0,3,4.8,0,0.0,0,0.0,WR,BurtJe01
5994,Jermaine Burton,0.00,4,Sun,4,4,2024-09-29,23-093,CIN,@,CAR,W 34-24,0.00,0.00,0.0,0.0,4,6.0,0,0.0,0,0.0,WR,BurtJe01
5995,Jermaine Burton,0.00,1,Sun,5,5,2024-10-06,23-100,CIN,,BAL,L 38-41 (OT),0.00,0.00,0.0,0.0,1,1.5,0,0.0,0,0.0,WR,BurtJe01
5996,Jermaine Burton,0.00,3,Sun,7,7,2024-10-20,23-114,CIN,@,CLE,W 21-14,0.00,0.00,0.0,0.0,3,5.5,0,0.0,0,0.0,WR,BurtJe01
5997,Jermaine Burton,0.00,2,Sun,12,13,2024-12-01,23-156,CIN,,PIT,L 38-44,0.00,0.00,0.0,0.0,2,3.2,0,0.0,8,24.2,WR,BurtJe01
5998,Jermaine Burton,0.00,9,Mon,13,14,2024-12-09,23-164,CIN,@,DAL,W 27-20,0.00,0.00,0.0,0.0,9,12.7,0,0.0,5,18.5,WR,BurtJe01
5999,Jermaine Burton,0.00,3,Sun,14,15,2024-12-15,23-170,CIN,@,TEN,W 37-27,0.00,0.00,0.0,0.0,3,4.3,0,0.0,4,18.2,WR,BurtJe01
6000,Jermaine Burton,0.00,6,Sun,15,16,2024-12-22,23-177,CIN,,CLE,W 24-6,0.00,0.00,0.0,0.0,6,10.7,0,0.0,2,9.5,WR,BurtJe01
6001,Jermaine Burton,0.00,5,Sat,16,17,2024-12-28,23-183,CIN,,DEN,W 30-24 (OT),0.00,0.00,0.0,0.0,5,5.6,0,0.0,6,24.0,WR,BurtJe01
6002,Terrell Bynum,0.00,1,Sun,10,11,2023-11-19,25-108,LAC,@,GNB,L 20-23,0.00,0.00,0.0,0.0,1,1.5,0,0.0,0,0.0,WR,BynuTe00
6003,Damiere Byrd,0.00,11,Sun,4,4,2022-10-02,29-248,ATL,,CLE,W 23-20,0.00,0.00,0.0,0.0,11,20.0,0,0.0,0,0.0,WR,ByrdDa00
6004,Damiere Byrd,0.00,21,Sun,5,5,2022-10-09,29-255,ATL,@,TAM,L 15-21,0.00,0.00,0.0,0.0,21,31.8,0,0.0,0,0.0,WR,ByrdDa00
6005,Damiere Byrd,0.00,11,Sun,6,6,2022-10-16,29-262,ATL,,SFO,W 28-14,0.00,0.00,0.0,0.0,11,19.0,0,0.0,0,0.0,WR,ByrdDa00
6006,Damiere Byrd,0.00,29,Sun,9,9,2022-11-06,29-283,ATL,,LAC,L 17-20,0.00,0.00,0.0,0.0,29,47.5,0,0.0,0,0.0,WR,ByrdDa00
6007,Damiere Byrd,0.00,22,Sun,12,12,2022-11-27,29-304,ATL,@,WAS,L 13-19,0.00,0.00,0.0,0.0,22,38.6,0,0.0,0,0.0,WR,ByrdDa00
6008,Damiere Byrd,0.00,30,Sun,14,15,2022-12-18,29-325,ATL,@,NOR,L 18-21,0.00,0.00,0.0,0.0,30,40.5,0,0.0,0,0.0,WR,ByrdDa00
6009,Damiere Byrd,0.00,20,Sun,17,18,2023-01-08,29-346,ATL,,TAM,W 30-17,0.00,1.00,1.0,0.5,20,29.4,0,0.0,0,0.0,WR,ByrdDa00
6010,Damiere Byrd,0.00,19,Sun,9,9,2023-11-05,30-282,ATL,,MIN,L 28-31,0.00,0.00,0.0,0.0,19,27.5,0,0.0,0,0.0,WR,ByrdDa00
6011,Lawrence Cager,0.00,12,Sun,8,8,2022-10-30,25-071,NYG,@,SEA,L 13-27,0.00,0.00,0.0,0.0,12,18.5,0,0.0,0,0.0,WR,CageLa01
6012,Lawrence Cager,0.00,1,Sun,14,15,2022-12-18,25-120,NYG,@,WAS,W 20-12,0.00,0.00,0.0,0.0,1,1.6,0,0.0,0,0.0,WR,CageLa01
6013,Lawrence Cager,0.00,10,Sun,1,1,2022-09-11,25-022,NYJ,,BAL,L 9-24,0.00,0.00,0.0,0.0,10,11.9,0,0.0,11,40.7,WR,CageLa01
6014,Marquez Callaway,0.00,20,Sun,1,1,2022-09-11,24-168,NOR,@,ATL,W 27-26,0.00,0.00,0.0,0.0,20,32.8,0,0.0,0,0.0,WR,CallMa01
6015,Marquez Callaway,0.00,17,Sun,2,2,2022-09-18,24-175,NOR,,TAM,L 10-20,0.00,0.00,0.0,0.0,17,25.0,0,0.0,4,15.4,WR,CallMa01
6016,Marquez Callaway,0.00,13,Mon,13,13,2022-12-05,24-253,NOR,@,TAM,L 16-17,0.00,0.00,0.0,0.0,13,22.0,0,0.0,0,0.0,WR,CallMa01
6017,Marquez Callaway,0.00,9,Sun,14,15,2022-12-18,24-266,NOR,,ATL,W 21-18,0.00,0.00,0.0,0.0,9,16.4,0,0.0,0,0.0,WR,CallMa01
6018,Marquez Callaway,0.00,26,Sat,15,16,2022-12-24,24-272,NOR,@,CLE,W 17-10,0.00,0.00,0.0,0.0,26,48.1,0,0.0,0,0.0,WR,CallMa01
6019,Marquez Callaway,0.00,8,Sun,17,18,2023-01-08,24-287,NOR,,CAR,L 7-10,0.00,0.00,0.0,0.0,8,13.3,0,0.0,0,0.0,WR,CallMa01
6020,Marquez Callaway,0.00,11,Sun,12,13,2023-12-03,25-251,NOR,,DET,L 28-33,0.00,0.00,0.0,0.0,11,16.4,0,0.0,0,0.0,WR,CallMa01
6021,Marquez Callaway,0.00,4,Sun,13,14,2023-12-10,25-258,NOR,,CAR,W 28-6,0.00,0.00,0.0,0.0,4,7.7,0,0.0,0,0.0,WR,CallMa01
6022,Marquez Callaway,0.00,13,Sun,14,15,2023-12-17,25-265,NOR,,NYG,W 24-6,0.00,0.00,0.0,0.0,13,21.0,0,0.0,0,0.0,WR,CallMa01
6023,Marquez Callaway,0.00,3,Mon,9,9,2024-11-04,26-222,TAM,@,KAN,L 24-30 (OT),0.00,0.00,0.0,0.0,3,5.5,0,0.0,0,0.0,WR,CallMa01
6024,Marquez Callaway,0.00,2,Sun,10,10,2024-11-10,26-228,TAM,,SFO,L 20-23,0.00,0.00,0.0,0.0,2,3.3,0,0.0,0,0.0,WR,CallMa01
6025,Jalen Camp,0.00,6,Sun,13,14,2022-12-11,24-154,HOU,@,DAL,L 23-27,0.00,0.00,0.0,0.0,6,9.1,0,0.0,2,7.1,WR,CampJa03
6026,Parris Campbell,0.00,43,Sun,2,2,2022-09-18,25-064,IND,@,JAX,L 0-24,0.00,0.00,0.0,0.0,43,86.0,0,0.0,0,0.0,WR,CampPa00
6027,Parris Campbell,0.00,4,Sun,7,7,2023-10-22,26-098,NYG,,WAS,W 14-7,0.00,0.00,0.0,0.0,4,5.9,0,0.0,2,6.9,WR,CampPa00
6028,Parris Campbell,0.00,3,Sun,8,8,2023-10-29,26-105,NYG,,NYJ,L 10-13 (OT),0.00,0.00,0.0,0.0,3,4.0,0,0.0,3,8.1,WR,CampPa00
6029,Parris Campbell,0.00,11,Sun,11,11,2023-11-19,26-126,NYG,@,WAS,W 31-19,0.00,0.00,0.0,0.0,11,20.0,0,0.0,5,17.2,WR,CampPa00
6030,Parris Campbell,0.00,6,Sun,12,12,2023-11-26,26-133,NYG,,NWE,W 10-7,0.00,1.00,0.8,0.3,6,11.5,0,0.0,2,8.7,WR,CampPa00
6031,Parris Campbell,0.00,15,Mon,2,2,2024-09-16,27-062,PHI,,ATL,L 21-22,0.00,0.00,0.0,0.0,15,21.1,0,0.0,0,0.0,WR,CampPa00
6032,Parris Campbell,0.00,13,Sun,6,7,2024-10-20,27-096,PHI,@,NYG,W 28-3,0.00,0.00,0.0,0.0,13,19.7,0,0.0,0,0.0,WR,CampPa00
6033,Parris Campbell,0.00,28,Sun,12,13,2024-12-01,27-138,PHI,@,BAL,W 24-19,0.00,0.00,0.0,0.0,28,50.0,0,0.0,8,24.2,WR,CampPa00
6034,DeAndre Carter,0.00,4,Sun,6,6,2024-10-13,31-186,CHI,,JAX,W 35-16,0.00,0.00,0.0,0.0,4,6.1,0,0.0,8,33.3,WR,CartDe02
6035,DeAndre Carter,0.00,3,Sun,10,11,2024-11-17,31-221,CHI,,GNB,L 19-20,0.00,0.00,0.0,0.0,3,4.2,0,0.0,5,27.8,WR,CartDe02
6036,DeAndre Carter,0.00,2,Thu,12,13,2024-11-28,31-232,CHI,@,DET,L 20-23,0.00,0.00,0.0,0.0,2,3.0,0,0.0,8,33.3,WR,CartDe02
6037,DeAndre Carter,0.00,12,Sun,13,14,2022-12-11,29-245,LAC,,MIA,W 23-17,0.00,1.00,1.0,0.5,12,15.0,0,0.0,11,37.9,WR,CartDe02
6038,DeAndre Carter,0.00,13,Mon,15,16,2022-12-26,29-260,LAC,@,IND,W 20-3,0.00,0.00,0.0,0.0,13,19.1,0,0.0,5,27.8,WR,CartDe02
6039,DeAndre Carter,0.00,9,Sun,2,2,2023-09-17,30-160,LVR,@,BUF,L 10-38,0.00,0.00,0.0,0.0,9,22.5,0,0.0,8,36.4,WR,CartDe02
6040,DeAndre Carter,0.00,8,Sun,4,4,2023-10-01,30-174,LVR,@,LAC,L 17-24,0.00,0.00,0.0,0.0,8,11.0,0,0.0,10,40.0,WR,CartDe02
6041,DeAndre Carter,0.00,6,Sun,6,6,2023-10-15,30-188,LVR,,NWE,W 21-17,0.00,0.00,0.0,0.0,6,8.6,0,0.0,8,32.0,WR,CartDe02
6042,DeAndre Carter,0.00,3,Sun,7,7,2023-10-22,30-195,LVR,@,CHI,L 12-30,0.00,0.00,0.0,0.0,3,4.6,0,0.0,10,43.5,WR,CartDe02
6043,DeAndre Carter,0.00,1,Mon,8,8,2023-10-30,30-203,LVR,@,DET,L 14-26,0.00,0.00,0.0,0.0,1,2.2,0,0.0,8,32.0,WR,CartDe02
6044,DeAndre Carter,0.00,3,Sun,11,11,2023-11-19,30-223,LVR,@,MIA,L 13-20,0.00,0.00,0.0,0.0,3,4.9,0,0.0,8,30.8,WR,CartDe02
6045,DeAndre Carter,0.00,7,Sun,12,12,2023-11-26,30-230,LVR,,KAN,L 17-31,0.00,0.00,0.0,0.0,7,12.1,0,0.0,10,38.5,WR,CartDe02
6046,DeAndre Carter,0.00,2,Sun,13,14,2023-12-10,30-244,LVR,,MIN,L 0-3,0.00,0.00,0.0,0.0,2,3.7,0,0.0,12,54.5,WR,CartDe02
6047,DeAndre Carter,0.00,5,Thu,14,15,2023-12-14,30-248,LVR,,LAC,W 63-21,0.00,0.00,0.0,0.0,5,7.8,0,0.0,9,24.3,WR,CartDe02
6048,DeAndre Carter,0.00,2,Sun,16,17,2023-12-31,30-265,LVR,@,IND,L 20-23,0.00,0.00,0.0,0.0,2,2.7,0,0.0,13,43.3,WR,CartDe02
6049,Joshua Cephus,0.00,6,Sun,13,14,2024-12-08,23-278,JAX,@,TEN,W 10-6,0.00,0.00,0.0,0.0,6,10.2,0,0.0,0,0.0,WR,CephJo00
6050,Quintez Cephus,0.00,2,Sun,1,1,2022-09-11,24-163,DET,,PHI,L 35-38,0.00,0.00,0.0,0.0,2,2.9,0,0.0,8,25.8,WR,CephQu00
6051,Quintez Cephus,0.00,6,Sun,2,2,2022-09-18,24-170,DET,,WAS,W 36-27,0.00,0.00,0.0,0.0,6,9.8,0,0.0,15,46.9,WR,CephQu00
6052,Quintez Cephus,0.00,10,Sun,3,3,2022-09-25,24-177,DET,@,MIN,L 24-28,0.00,0.00,0.0,0.0,10,12.8,0,0.0,11,39.3,WR,CephQu00
6053,DJ Chark,0.00,40,Sun,2,2,2022-09-18,25-360,DET,,WAS,W 36-27,0.00,0.00,0.0,0.0,40,65.6,0,0.0,0,0.0,WR,CharDJ00
6054,DJ Chark,0.00,11,Sun,10,11,2022-11-20,26-058,DET,@,NYG,W 31-18,0.00,0.00,0.0,0.0,11,16.4,0,0.0,0,0.0,WR,CharDJ00
6055,DJ Chark,0.00,44,Sun,10,11,2023-11-19,27-057,CAR,,DAL,L 10-33,0.00,0.00,0.0,0.0,44,74.6,0,0.0,0,0.0,WR,CharDJ00
6056,DJ Chark,0.00,1,Sun,9,10,2024-11-10,28-048,LAC,,TEN,W 27-17,0.00,0.00,0.0,0.0,1,1.7,0,0.0,0,0.0,WR,CharDJ00
6057,DJ Chark,0.00,2,Sun,12,13,2024-12-01,28-069,LAC,@,ATL,W 17-13,0.00,0.00,0.0,0.0,2,4.3,0,0.0,0,0.0,WR,CharDJ00
6058,DJ Chark,0.00,12,Thu,15,16,2024-12-19,28-087,LAC,,DEN,W 34-27,0.00,0.00,0.0,0.0,12,18.5,0,0.0,0,0.0,WR,CharDJ00
6059,DJ Chark,0.00,29,Sat,16,17,2024-12-28,28-096,LAC,@,NWE,W 40-7,0.00,0.00,0.0,0.0,29,36.7,0,0.0,0,0.0,WR,CharDJ00
6060,Irvin Charles,0.00,2,Sun,5,5,2023-10-08,26-178,NYJ,@,DEN,W 31-21,0.00,0.00,0.0,0.0,2,3.1,0,0.0,21,65.6,WR,CharIr00
6061,Irvin Charles,0.00,5,Sun,6,6,2023-10-15,26-185,NYJ,,PHI,W 20-14,0.00,0.00,0.0,0.0,5,7.7,0,0.0,14,63.6,WR,CharIr00
6062,Irvin Charles,0.00,4,Mon,8,9,2023-11-06,26-207,NYJ,,LAC,L 6-27,0.00,0.00,0.0,0.0,4,4.9,0,0.0,23,76.7,WR,CharIr00
6063,Irvin Charles,0.00,4,Sun,9,10,2023-11-12,26-213,NYJ,@,LVR,L 12-16,0.00,0.00,0.0,0.0,4,6.1,0,0.0,18,66.7,WR,CharIr00
6064,Irvin Charles,0.00,2,Fri,11,12,2023-11-24,26-225,NYJ,,MIA,L 13-34,0.00,0.00,0.0,0.0,2,3.4,0,0.0,16,66.7,WR,CharIr00
6065,Irvin Charles,0.00,2,Sun,13,14,2023-12-10,26-241,NYJ,,HOU,W 30-6,0.00,0.00,0.0,0.0,2,2.9,0,0.0,22,75.9,WR,CharIr00
6066,Irvin Charles,0.00,2,Sun,14,15,2023-12-17,26-248,NYJ,@,MIA,L 0-30,0.00,0.00,0.0,0.0,2,3.4,0,0.0,14,58.3,WR,CharIr00
6067,Irvin Charles,0.00,6,Thu,16,17,2023-12-28,26-259,NYJ,@,CLE,L 20-37,0.00,0.00,0.0,0.0,6,8.2,0,0.0,19,63.3,WR,CharIr00
6068,Irvin Charles,0.00,16,Sun,17,18,2024-01-07,26-269,NYJ,@,NWE,W 17-3,0.00,0.00,0.0,0.0,16,24.6,0,0.0,23,82.1,WR,CharIr00
6069,Irvin Charles,0.00,1,Sun,5,5,2024-10-06,27-176,NYJ,@,MIN,L 17-23,0.00,0.00,0.0,0.0,1,1.4,0,0.0,21,72.4,WR,CharIr00
6070,Irvin Charles,0.00,1,Mon,6,6,2024-10-14,27-184,NYJ,,BUF,L 20-23,0.00,0.00,0.0,0.0,1,1.6,0,0.0,13,52.0,WR,CharIr00
6071,Irvin Charles,0.00,1,Sun,7,7,2024-10-20,27-190,NYJ,@,PIT,L 15-37,0.00,0.00,0.0,0.0,1,1.8,0,0.0,18,62.1,WR,CharIr00
6072,Irvin Charles,0.00,2,Sun,8,8,2024-10-27,27-197,NYJ,@,NWE,L 22-25,0.00,0.00,0.0,0.0,2,3.2,0,0.0,19,73.1,WR,CharIr00
6073,Irvin Charles,0.00,5,Sun,10,10,2024-11-10,27-211,NYJ,@,ARI,L 6-31,0.00,0.00,0.0,0.0,5,8.6,0,0.0,11,61.1,WR,CharIr00
6074,Dan Chisena,0.00,1,Sun,13,13,2023-12-03,26-281,ARI,@,PIT,W 24-10,0.00,0.00,0.0,0.0,1,1.5,0,0.0,12,50.0,WR,ChisDa00
6075,Dan Chisena,0.00,1,Sun,11,12,2024-11-24,27-273,CAR,,KAN,L 27-30,0.00,0.00,0.0,0.0,1,1.6,0,0.0,8,29.6,WR,ChisDa00
6076,Dan Chisena,0.00,6,Sun,13,14,2024-12-08,27-287,CAR,@,PHI,L 16-22,0.00,0.00,0.0,0.0,6,8.5,0,0.0,5,22.7,WR,ChisDa00
6077,Dan Chisena,0.00,3,Sun,17,18,2025-01-05,27-315,CAR,@,ATL,W 44-38 (OT),0.00,0.00,0.0,0.0,3,4.5,0,0.0,18,58.1,WR,ChisDa00
6078,Chase Claypool,0.00,47,Sun,4,4,2022-10-02,24-087,PIT,,NYJ,L 20-24,0.00,0.00,0.0,0.0,47,73.4,0,0.0,0,0.0,WR,ClayCh01
6079,Chase Claypool,0.00,19,Sun,16,17,2023-01-01,24-178,CHI,@,DET,L 10-41,0.00,0.00,0.0,0.0,19,36.5,0,0.0,0,0.0,WR,ClayCh01
6080,Chase Claypool,0.00,58,Sun,1,1,2023-09-10,25-065,CHI,,GNB,L 20-38,0.00,0.00,0.0,0.0,58,78.4,0,0.0,0,0.0,WR,ClayCh01
6081,Chase Claypool,0.00,4,Sun,7,7,2023-10-22,25-107,MIA,@,PHI,L 17-31,0.00,0.00,0.0,0.0,4,8.2,0,0.0,10,45.5,WR,ClayCh01
6082,Chase Claypool,0.00,14,Sun,9,9,2023-11-05,25-121,MIA,@,KAN,L 14-21,0.00,0.00,0.0,0.0,14,22.2,0,0.0,9,36.0,WR,ClayCh01
6083,Chase Claypool,0.00,3,Sun,15,16,2023-12-24,25-170,MIA,,DAL,W 22-20,0.00,0.00,0.0,0.0,3,4.6,0,0.0,13,50.0,WR,ClayCh01
6084,Chase Claypool,0.00,10,Sun,16,17,2023-12-31,25-177,MIA,@,BAL,L 19-56,0.00,0.00,0.0,0.0,10,14.5,0,0.0,14,46.7,WR,ClayCh01
6085,Tyrie Cleveland,0.00,27,Sun,9,10,2022-11-13,25-054,DEN,@,TEN,L 10-17,0.00,0.00,0.0,0.0,27,33.8,0,0.0,23,79.3,WR,ClevTy00
6086,Tyrie Cleveland,0.00,8,Mon,1,1,2022-09-12,24-357,DEN,@,SEA,L 16-17,0.00,0.00,0.0,0.0,8,12.1,0,0.0,11,57.9,WR,ClevTy00
6087,Tyrie Cleveland,0.00,10,Thu,5,5,2022-10-06,25-016,DEN,,IND,L 9-12 (OT),0.00,0.00,0.0,0.0,10,13.7,0,0.0,13,41.9,WR,ClevTy00
6088,Randall Cobb,0.00,22,Mon,1,1,2023-09-11,33-020,NYJ,,BUF,W 22-16 (OT),0.00,0.00,0.0,0.0,22,40.7,0,0.0,1,3.8,WR,CobbRa00
6089,Randall Cobb,0.00,23,Sun,2,2,2023-09-17,33-026,NYJ,@,DAL,L 10-30,0.00,0.00,0.0,0.0,23,48.9,0,0.0,0,0.0,WR,CobbRa00
6090,Randall Cobb,0.00,23,Sun,5,5,2023-10-08,33-047,NYJ,@,DEN,W 31-21,0.00,0.00,0.0,0.0,23,35.4,0,0.0,1,3.1,WR,CobbRa00
6091,Randall Cobb,0.00,36,Sun,6,6,2023-10-15,33-054,NYJ,,PHI,W 20-14,0.00,0.00,2.0,2.0,36,55.4,0,0.0,3,13.6,WR,CobbRa00
6092,Randall Cobb,0.00,7,Fri,11,12,2023-11-24,33-094,NYJ,,MIA,L 13-34,0.00,0.00,0.0,0.0,7,12.1,0,0.0,1,4.2,WR,CobbRa00
6093,Randall Cobb,0.00,7,Sun,14,15,2023-12-17,33-117,NYJ,@,MIA,L 0-30,0.00,0.00,0.0,0.0,7,12.1,0,0.0,0,0.0,WR,CobbRa00
6094,Randall Cobb,0.00,3,Thu,16,17,2023-12-28,33-128,NYJ,@,CLE,L 20-37,0.00,0.00,0.0,0.0,3,4.1,0,0.0,0,0.0,WR,CobbRa00
6095,Randall Cobb,0.00,33,Sun,13,13,2022-12-04,32-104,GNB,@,CHI,W 28-19,0.00,0.00,0.0,0.0,33,50.0,0,0.0,1,4.2,WR,CobbRa00
6096,Jalen Coker,0.00,7,Sun,4,4,2024-09-29,22-335,CAR,,CIN,L 24-34,0.00,0.00,0.0,0.0,7,10.0,0,0.0,7,25.0,WR,CokeJa01
6097,Keelan Cole,0.00,49,Sun,4,4,2022-10-02,29-165,LVR,,DEN,W 32-23,0.00,0.00,0.0,0.0,49,65.3,0,0.0,5,15.6,WR,ColeKe00
6098,Keelan Cole,0.00,5,Mon,5,5,2022-10-10,29-173,LVR,@,KAN,L 29-30,0.00,0.00,0.0,0.0,5,7.8,0,0.0,3,10.7,WR,ColeKe00
6099,Keelan Cole,0.00,9,Sun,8,9,2022-11-06,29-200,LVR,@,JAX,L 20-27,0.00,0.00,0.0,0.0,9,15.3,0,0.0,0,0.0,WR,ColeKe00
6100,Keelan Cole,0.00,48,Sun,9,10,2022-11-13,29-207,LVR,,IND,L 20-25,0.00,0.00,0.0,0.0,48,68.6,0,0.0,3,13.0,WR,ColeKe00
6101,Keelan Cole,0.00,35,Sun,12,13,2022-12-04,29-228,LVR,,LAC,W 27-20,0.00,0.00,0.0,0.0,35,57.4,0,0.0,4,13.3,WR,ColeKe00
6102,Keelan Cole,0.00,12,Sat,15,16,2022-12-24,29-248,LVR,@,PIT,L 10-13,0.00,0.00,0.0,0.0,12,22.6,0,0.0,0,0.0,WR,ColeKe00
6103,Keelan Cole,0.00,4,Sun,16,17,2023-01-01,29-256,LVR,,SFO,L 34-37 (OT),0.00,0.00,0.0,0.0,4,5.7,0,0.0,0,0.0,WR,ColeKe00
6104,Keon Coleman,0.00,41,Thu,2,2,2024-09-12,21-118,BUF,@,MIA,W 31-10,0.00,0.00,0.0,0.0,41,91.1,0,0.0,0,0.0,WR,ColeKe02
6105,Chris Conley,0.00,13,Sun,7,8,2022-10-30,30-005,TEN,@,HOU,W 17-10,0.00,0.00,0.0,0.0,13,22.4,0,0.0,0,0.0,WR,ConlCh00
6106,Chris Conley,0.00,9,Sun,8,9,2022-11-06,30-012,TEN,@,KAN,L 17-20 (OT),0.00,0.00,0.0,0.0,9,17.6,0,0.0,0,0.0,WR,ConlCh00
6107,Chris Conley,0.00,5,Sat,15,16,2022-12-24,30-060,TEN,,HOU,L 14-19,0.00,0.00,0.0,0.0,5,8.2,0,0.0,8,33.3,WR,ConlCh00
6108,Chris Conley,0.00,18,Thu,16,17,2022-12-29,30-065,TEN,,DAL,L 13-27,0.00,0.00,0.0,0.0,18,27.7,0,0.0,12,48.0,WR,ConlCh00
6109,Chris Conley,0.00,14,Sat,17,18,2023-01-07,30-074,TEN,@,JAX,L 16-20,0.00,0.00,0.0,0.0,14,18.7,0,0.0,5,20.8,WR,ConlCh00
6110,Chris Conley,0.00,10,Sun,1,1,2022-09-11,29-321,HOU,,IND,T 20-20 (OT),0.00,0.00,0.0,0.0,10,14.3,0,0.0,0,0.0,WR,ConlCh00
6111,Chris Conley,0.00,20,Sun,2,2,2022-09-18,29-328,HOU,@,DEN,L 9-16,0.00,0.00,0.0,0.0,20,31.7,0,0.0,1,3.8,WR,ConlCh00
6112,Chris Conley,0.00,9,Thu,3,3,2023-09-21,30-331,SFO,,NYG,W 30-12,0.00,0.00,0.0,0.0,9,10.8,0,0.0,0,0.0,WR,ConlCh00
6113,Chris Conley,0.00,1,Mon,7,7,2023-10-23,30-363,SFO,@,MIN,L 17-22,0.00,0.00,0.0,0.0,1,1.9,0,0.0,6,27.3,WR,ConlCh00
6114,Chris Conley,0.00,9,Sun,12,13,2023-12-03,31-039,SFO,@,PHI,W 42-19,0.00,0.00,0.0,0.0,9,15.3,0,0.0,3,11.5,WR,ConlCh00
6115,Chris Conley,0.00,8,Sun,13,14,2023-12-10,31-046,SFO,,SEA,W 28-16,0.00,0.00,0.0,0.0,8,14.8,0,0.0,11,40.7,WR,ConlCh00
6116,Chris Conley,0.00,6,Sun,14,15,2023-12-17,31-053,SFO,@,ARI,W 45-29,0.00,0.00,0.0,0.0,6,10.7,0,0.0,17,54.8,WR,ConlCh00
6117,Chris Conley,0.00,12,Mon,15,16,2023-12-25,31-061,SFO,,BAL,L 19-33,0.00,0.00,0.0,0.0,12,17.1,0,0.0,14,51.9,WR,ConlCh00
6118,Chris Conley,0.00,22,Sun,16,17,2023-12-31,31-067,SFO,@,WAS,W 27-10,0.00,0.00,0.0,0.0,22,31.4,0,0.0,12,57.1,WR,ConlCh00
6119,Chris Conley,0.00,29,Mon,1,1,2024-09-09,31-320,SFO,,NYJ,W 32-19,0.00,0.00,0.0,0.0,29,40.3,0,0.0,16,61.5,WR,ConlCh00
6120,Chris Conley,0.00,20,Sun,3,3,2024-09-22,31-333,SFO,@,LAR,L 24-27,0.00,0.00,0.0,0.0,20,28.2,0,0.0,14,51.9,WR,ConlCh00
6121,Chris Conley,0.00,5,Sun,4,4,2024-09-29,31-340,SFO,,NWE,W 30-13,0.00,0.00,0.0,0.0,5,7.9,0,0.0,14,53.8,WR,ConlCh00
6122,Chris Conley,0.00,6,Thu,6,6,2024-10-10,31-351,SFO,@,SEA,W 36-24,0.00,0.00,0.0,0.0,6,9.2,0,0.0,13,43.3,WR,ConlCh00
6123,Chris Conley,0.00,44,Sun,7,7,2024-10-20,31-361,SFO,,KAN,L 18-28,0.00,0.00,0.0,0.0,44,69.8,0,0.0,14,58.3,WR,ConlCh00
6124,Chris Conley,0.00,52,Sun,8,8,2024-10-27,32-002,SFO,,DAL,W 30-24,0.00,0.00,0.0,0.0,52,76.5,0,0.0,2,6.7,WR,ConlCh00
6125,Chris Conley,0.00,3,Sun,10,11,2024-11-17,32-023,SFO,,SEA,L 17-20,0.00,0.00,0.0,0.0,3,4.8,0,0.0,14,66.7,WR,ConlCh00
6126,Chris Conley,0.00,4,Sun,11,12,2024-11-24,32-030,SFO,@,GNB,L 10-38,0.00,0.00,0.0,0.0,4,8.2,0,0.0,17,68.0,WR,ConlCh00
6127,Chris Conley,0.00,3,Sun,12,13,2024-12-01,32-037,SFO,@,BUF,L 10-35,0.00,0.00,0.0,0.0,3,6.3,0,0.0,15,60.0,WR,ConlCh00
6128,Chris Conley,0.00,15,Sun,13,14,2024-12-08,32-044,SFO,,CHI,W 38-13,0.00,0.00,0.0,0.0,15,24.6,0,0.0,18,72.0,WR,ConlCh00
6129,Chris Conley,0.00,3,Thu,14,15,2024-12-12,32-048,SFO,,LAR,L 6-12,0.00,0.00,0.0,0.0,3,5.6,0,0.0,20,74.1,WR,ConlCh00
6130,Chris Conley,0.00,4,Sun,15,16,2024-12-22,32-058,SFO,@,MIA,L 17-29,0.00,0.00,0.0,0.0,4,6.3,0,0.0,17,60.7,WR,ConlCh00
6131,Elijah Cooks,0.00,10,Sun,6,6,2023-10-15,25-002,JAX,,IND,W 37-20,0.00,0.00,0.0,0.0,10,15.6,0,0.0,1,3.2,WR,CookEl00
6132,Elijah Cooks,0.00,5,Thu,7,7,2023-10-19,25-006,JAX,@,NOR,W 31-24,0.00,0.00,0.0,0.0,5,8.9,0,0.0,3,9.4,WR,CookEl00
6133,Elijah Cooks,0.00,7,Sun,8,8,2023-10-29,25-016,JAX,@,PIT,W 20-10,0.00,0.00,0.0,0.0,7,9.9,0,0.0,6,23.1,WR,CookEl00
6134,Elijah Cooks,0.00,17,Sun,9,10,2023-11-12,25-030,JAX,,SFO,L 3-34,0.00,0.00,0.0,0.0,17,29.8,0,0.0,3,13.0,WR,CookEl00
6135,Elijah Cooks,0.00,7,Sun,13,14,2023-12-10,25-058,JAX,@,CLE,L 27-31,0.00,0.00,0.0,0.0,7,9.2,0,0.0,6,17.6,WR,CookEl00
6136,Elijah Cooks,0.00,14,Sun,14,15,2023-12-17,25-065,JAX,,BAL,L 7-23,0.00,0.00,0.0,0.0,14,22.6,0,0.0,8,36.4,WR,CookEl00
6137,Elijah Cooks,0.00,25,Sun,16,17,2023-12-31,25-079,JAX,,CAR,W 26-0,0.00,0.00,0.0,0.0,25,39.7,0,0.0,1,4.3,WR,CookEl00
6138,Elijah Cooks,0.00,9,Sun,17,18,2024-01-07,25-086,JAX,@,TEN,L 20-28,0.00,0.00,0.0,0.0,9,12.7,0,0.0,5,22.7,WR,CookEl00
6139,Elijah Cooks,0.00,3,Sun,9,9,2024-11-03,26-021,JAX,@,PHI,L 23-28,0.00,0.00,0.0,0.0,3,5.6,0,0.0,0,0.0,WR,CookEl00
6140,Elijah Cooks,0.00,7,Sun,12,13,2024-12-01,26-049,JAX,,HOU,L 20-23,0.00,0.00,0.0,0.0,7,10.0,0,0.0,4,14.8,WR,CookEl00
6141,Amari Cooper,0.00,32,Sun,14,15,2024-12-15,30-181,BUF,@,DET,W 48-42,0.00,0.00,0.0,0.0,32,45.7,0,0.0,0,0.0,WR,CoopAm00
6142,Pharoh Cooper,0.00,1,Sun,15,16,2022-12-25,27-293,ARI,,TAM,L 16-19 (OT),0.00,0.00,0.0,0.0,1,1.3,0,0.0,11,33.3,WR,CoopPh00
6143,Malachi Corley,0.00,1,Mon,1,1,2024-09-09,22-172,NYJ,@,SFO,L 19-32,0.00,0.00,0.0,0.0,1,2.0,0,0.0,0,0.0,WR,CorlMa00
6144,Malachi Corley,0.00,6,Sun,8,8,2024-10-27,22-220,NYJ,@,NWE,L 22-25,0.00,0.00,0.0,0.0,6,9.7,0,0.0,0,0.0,WR,CorlMa00
6145,Keke Coutee,0.00,1,Sun,9,9,2022-11-06,25-296,IND,@,NWE,L 3-26,0.00,0.00,0.0,0.0,1,1.6,0,0.0,7,21.2,WR,CoutKe00
6146,Keke Coutee,0.00,1,Sun,10,10,2022-11-13,25-303,IND,@,LVR,W 25-20,0.00,1.00,2.0,0.5,1,1.5,0,0.0,5,21.7,WR,CoutKe00
6147,Britain Covey,0.00,4,Sun,7,8,2022-10-30,25-226,PHI,,PIT,W 35-13,0.00,0.00,0.0,0.0,4,7.0,0,0.0,8,29.6,WR,CoveBr00
6148,Britain Covey,0.00,1,Thu,8,9,2022-11-03,25-230,PHI,@,HOU,W 29-17,0.00,0.00,0.0,0.0,1,1.5,0,0.0,8,34.8,WR,CoveBr00
6149,Britain Covey,0.00,9,Sun,12,13,2022-12-04,25-261,PHI,,TEN,W 35-10,0.00,0.00,0.0,0.0,9,12.3,0,0.0,7,24.1,WR,CoveBr00
6150,Britain Covey,0.00,5,Sun,13,14,2022-12-11,25-268,PHI,@,NYG,W 48-22,0.00,0.00,0.0,0.0,5,7.4,0,0.0,12,38.7,WR,CoveBr00
6151,Britain Covey,0.00,4,Mon,3,3,2023-09-25,26-191,PHI,@,TAM,W 25-11,0.00,0.00,0.0,0.0,4,5.0,0,0.0,6,30.0,WR,CoveBr00
6152,Britain Covey,0.00,6,Sun,4,4,2023-10-01,26-197,PHI,,WAS,W 34-31 (OT),0.00,0.00,0.0,0.0,6,8.5,0,0.0,5,16.1,WR,CoveBr00
6153,Britain Covey,0.00,2,Sun,6,6,2023-10-15,26-211,PHI,@,NYJ,L 14-20,0.00,0.00,0.0,0.0,2,2.9,0,0.0,4,18.2,WR,CoveBr00
6154,Britain Covey,0.00,7,Sun,7,7,2023-10-22,26-218,PHI,,MIA,W 31-17,0.00,0.00,0.0,0.0,7,9.7,0,0.0,3,13.6,WR,CoveBr00
6155,Britain Covey,0.00,1,Mon,10,11,2023-11-20,26-247,PHI,@,KAN,W 21-17,0.00,0.00,0.0,0.0,1,1.8,0,0.0,6,23.1,WR,CoveBr00
6156,Britain Covey,0.00,2,Sun,13,14,2023-12-10,26-267,PHI,@,DAL,L 13-33,0.00,0.00,0.0,0.0,2,3.6,0,0.0,1,4.0,WR,CoveBr00
6157,Britain Covey,0.00,9,Fri,1,1,2024-09-06,27-172,PHI,,GNB,W 34-29,0.00,0.00,0.0,0.0,9,11.8,0,0.0,3,9.7,WR,CoveBr00
6158,Britain Covey,0.00,3,Sun,11,12,2024-11-24,27-251,PHI,@,LAR,W 37-20,0.00,0.00,0.0,0.0,3,4.1,0,0.0,4,14.3,WR,CoveBr00
6159,Britain Covey,0.00,8,Sun,12,13,2024-12-01,27-258,PHI,@,BAL,W 24-19,0.00,0.00,0.0,0.0,8,14.3,0,0.0,4,12.1,WR,CoveBr00
6160,Jacob Cowing,0.00,4,Sun,4,4,2024-09-29,23-238,SFO,,NWE,W 30-13,0.00,0.00,0.0,0.0,4,6.3,0,0.0,4,15.4,WR,CowiJa00
6161,Jacob Cowing,0.00,1,Thu,6,6,2024-10-10,23-249,SFO,@,SEA,W 36-24,0.00,0.00,0.0,0.0,1,1.5,0,0.0,4,13.3,WR,CowiJa00
6162,Jacob Cowing,0.00,12,Sun,8,8,2024-10-27,23-266,SFO,,DAL,W 30-24,0.00,0.00,0.0,0.0,12,17.6,0,0.0,4,13.3,WR,CowiJa00
6163,Jacob Cowing,0.00,1,Sun,10,11,2024-11-17,23-287,SFO,,SEA,L 17-20,0.00,0.00,0.0,0.0,1,1.6,0,0.0,2,9.5,WR,CowiJa00
6164,Jacob Cowing,0.00,1,Sun,12,13,2024-12-01,23-301,SFO,@,BUF,L 10-35,0.00,0.00,0.0,0.0,1,2.1,0,0.0,3,12.0,WR,CowiJa00
6165,Jacob Cowing,0.00,3,Sun,13,14,2024-12-08,23-308,SFO,,CHI,W 38-13,0.00,0.00,0.0,0.0,3,4.9,0,0.0,6,24.0,WR,CowiJa00
6166,Jacob Cowing,0.00,4,Thu,14,15,2024-12-12,23-312,SFO,,LAR,L 6-12,0.00,0.00,0.0,0.0,4,7.4,0,0.0,6,22.2,WR,CowiJa00
6167,Jacob Cowing,0.00,10,Sun,15,16,2024-12-22,23-322,SFO,@,MIA,L 17-29,0.00,0.00,0.0,0.0,10,15.6,0,0.0,2,7.1,WR,CowiJa00
6168,Jacob Cowing,0.00,5,Mon,16,17,2024-12-30,23-330,SFO,,DET,L 34-40,0.00,0.00,0.0,0.0,5,7.8,0,0.0,0,0.0,WR,CowiJa00
6169,River Cracraft,0.00,10,Sun,1,1,2022-09-11,27-314,MIA,,NWE,W 20-7,0.00,0.00,0.0,0.0,10,16.7,0,0.0,4,21.1,WR,CracRi00
6170,River Cracraft,0.00,10,Thu,4,4,2022-09-29,27-332,MIA,@,CIN,L 15-27,0.00,0.00,0.0,0.0,10,15.6,0,0.0,0,0.0,WR,CracRi00
6171,River Cracraft,0.00,14,Sun,5,5,2022-10-09,27-342,MIA,@,NYJ,L 17-40,0.00,0.00,0.0,0.0,14,20.9,0,0.0,3,10.3,WR,CracRi00
6172,River Cracraft,0.00,17,Sun,6,6,2022-10-16,27-349,MIA,,MIN,L 16-24,0.00,0.00,0.0,0.0,17,21.8,0,0.0,0,0.0,WR,CracRi00
6173,River Cracraft,0.00,6,Sun,7,7,2022-10-23,27-356,MIA,,PIT,W 16-10,0.00,0.00,0.0,0.0,6,9.7,0,0.0,0,0.0,WR,CracRi00
6174,River Cracraft,0.00,17,Sun,16,17,2023-01-01,28-061,MIA,@,NWE,L 21-23,0.00,0.00,0.0,0.0,17,23.9,0,0.0,0,0.0,WR,CracRi00
6175,River Cracraft,0.00,21,Sun,10,11,2023-11-19,29-018,MIA,,LVR,W 20-13,0.00,0.00,0.0,0.0,21,30.0,0,0.0,1,3.8,WR,CracRi00
6176,River Cracraft,0.00,24,Fri,11,12,2023-11-24,29-023,MIA,@,NYJ,W 34-13,0.00,0.00,0.0,0.0,24,34.3,0,0.0,4,16.7,WR,CracRi00
6177,River Cracraft,0.00,14,Mon,13,14,2023-12-11,29-040,MIA,,TEN,L 27-28,0.00,0.00,0.0,0.0,14,19.4,0,0.0,1,3.2,WR,CracRi00
6178,River Cracraft,0.00,8,Sun,14,15,2023-12-17,29-046,MIA,,NYJ,W 30-0,0.00,0.00,0.0,0.0,8,13.1,0,0.0,0,0.0,WR,CracRi00
6179,River Cracraft,0.00,15,Sun,16,17,2023-12-31,29-060,MIA,@,BAL,L 19-56,0.00,0.00,0.0,0.0,15,21.7,0,0.0,0,0.0,WR,CracRi00
6180,River Cracraft,0.00,4,Mon,9,10,2024-11-11,30-010,MIA,@,LAR,W 23-15,0.00,0.00,0.0,0.0,4,7.5,0,0.0,4,14.3,WR,CracRi00
6181,River Cracraft,0.00,6,Sun,10,11,2024-11-17,30-016,MIA,,LVR,W 34-19,0.00,0.00,0.0,0.0,6,8.8,0,0.0,1,4.3,WR,CracRi00
6182,River Cracraft,0.00,16,Sun,11,12,2024-11-24,30-023,MIA,,NWE,W 34-15,0.00,0.00,0.0,0.0,16,23.5,0,0.0,10,35.7,WR,CracRi00
6183,River Cracraft,0.00,9,Thu,12,13,2024-11-28,30-027,MIA,@,GNB,L 17-30,0.00,0.00,0.0,0.0,9,12.7,0,0.0,8,33.3,WR,CracRi00
6184,Jamison Crowder,0.00,1,Sun,3,3,2023-09-24,30-099,WAS,,BUF,L 3-37,0.00,0.00,0.0,0.0,1,1.9,0,0.0,1,4.5,WR,CrowJa00
6185,Jamison Crowder,0.00,6,Sun,10,10,2023-11-12,30-148,WAS,@,SEA,L 26-29,0.00,0.00,0.0,0.0,6,9.8,0,0.0,5,14.3,WR,CrowJa00
6186,Jamison Crowder,0.00,11,Thu,12,12,2023-11-23,30-159,WAS,@,DAL,L 10-45,0.00,0.00,0.0,0.0,11,14.1,0,0.0,3,12.0,WR,CrowJa00
6187,Jamison Crowder,0.00,5,Sun,13,13,2023-12-03,30-169,WAS,,MIA,L 15-45,0.00,0.00,0.0,0.0,5,9.1,0,0.0,3,10.7,WR,CrowJa00
6188,Jamison Crowder,0.00,3,Sun,14,15,2023-12-17,30-183,WAS,@,LAR,L 20-28,0.00,0.00,0.0,0.0,3,5.0,0,0.0,3,11.1,WR,CrowJa00
6189,Jamison Crowder,0.00,12,Sun,16,17,2023-12-31,30-197,WAS,,SFO,L 10-27,0.00,0.00,0.0,0.0,12,26.1,0,0.0,2,9.5,WR,CrowJa00
6190,Jamison Crowder,0.00,9,Mon,3,3,2024-09-23,31-098,WAS,@,CIN,W 38-33,0.00,0.00,0.0,0.0,9,15.3,0,0.0,1,3.8,WR,CrowJa00
6191,Frank Darby,0.00,7,Sun,3,3,2022-09-25,25-017,ATL,@,SEA,W 27-23,0.00,0.00,0.0,0.0,7,12.3,0,0.0,0,0.0,WR,DarbFr00
6192,Frank Darby,0.00,3,Sun,11,11,2022-11-20,25-073,ATL,,CHI,W 27-24,0.00,0.00,0.0,0.0,3,5.5,0,0.0,14,51.9,WR,DarbFr00
6193,Frank Darby,0.00,5,Sat,15,16,2022-12-24,25-107,ATL,@,BAL,L 9-17,0.00,0.00,0.0,0.0,5,7.0,0,0.0,3,14.3,WR,DarbFr00
6194,Frank Darby,0.00,11,Sun,16,17,2023-01-01,25-115,ATL,,ARI,W 20-19,0.00,0.00,0.0,0.0,11,17.7,0,0.0,7,28.0,WR,DarbFr00
6195,Jaelon Darden,0.00,8,Sun,2,2,2022-09-18,23-247,TAM,@,NOR,W 20-10,0.00,0.00,0.0,0.0,8,11.9,0,0.0,5,19.2,WR,DardJa00
6196,Jaelon Darden,0.00,6,Sun,4,4,2022-10-02,23-261,TAM,,KAN,L 31-41,0.00,0.00,0.0,0.0,6,9.4,0,0.0,1,3.3,WR,DardJa00
6197,Jaelon Darden,0.00,11,Sun,5,5,2022-10-09,23-268,TAM,,ATL,W 21-15,0.00,0.00,0.0,0.0,11,13.9,0,0.0,6,27.3,WR,DardJa00
6198,Jaelon Darden,0.00,2,Sun,16,17,2023-01-01,23-352,CLE,@,WAS,W 24-10,0.00,0.00,0.0,0.0,2,3.5,0,0.0,1,4.8,WR,DardJa00
6199,Jaelon Darden,0.00,1,Sun,17,18,2023-01-08,23-359,CLE,@,PIT,L 14-28,0.00,0.00,0.0,0.0,1,1.6,0,0.0,3,13.6,WR,DardJa00
6200,Jaelon Darden,0.00,11,Sun,7,7,2024-10-20,25-280,CLE,,CIN,L 14-21,0.00,0.00,0.0,0.0,11,13.1,0,0.0,8,28.6,WR,DardJa00
6201,Jaelon Darden,0.00,4,Sun,8,8,2024-10-27,25-287,CLE,,BAL,W 29-24,0.00,0.00,0.0,0.0,4,5.8,0,0.0,4,13.8,WR,DardJa00
6202,Corey Davis,0.00,13,Sun,7,7,2022-10-23,27-285,NYJ,@,DEN,W 16-9,0.00,0.00,0.0,0.0,13,22.0,0,0.0,0,0.0,WR,DaviCo03
6203,Derius Davis,0.00,2,Mon,5,6,2023-10-16,23-035,LAC,,DAL,L 17-20,0.00,0.00,0.0,0.0,2,2.7,0,0.0,9,36.0,WR,DaviDe02
6204,Derius Davis,0.00,7,Sun,10,11,2023-11-19,23-069,LAC,@,GNB,L 20-23,0.00,1.00,0.7,0.2,7,10.8,0,0.0,9,34.6,WR,DaviDe02
6205,Derius Davis,0.00,7,Sun,12,13,2023-12-03,23-083,LAC,@,NWE,W 6-0,0.00,0.00,0.0,0.0,7,11.5,0,0.0,8,38.1,WR,DaviDe02
6206,Derius Davis,0.00,4,Thu,14,15,2023-12-14,23-094,LAC,@,LVR,L 21-63,0.00,1.00,-0.2,-1.7,4,6.2,0,0.0,16,43.2,WR,DaviDe02
6207,Derius Davis,0.00,14,Sun,2,2,2024-09-15,24-004,LAC,@,CAR,W 26-3,0.00,0.00,0.0,0.0,14,20.3,0,0.0,9,37.5,WR,DaviDe02
6208,Derius Davis,0.00,2,Sun,8,9,2024-11-03,24-053,LAC,@,CLE,W 27-10,0.00,0.00,0.0,0.0,2,3.5,0,0.0,7,24.1,WR,DaviDe02
6209,Derius Davis,0.00,2,Sun,14,15,2024-12-15,24-095,LAC,,TAM,L 17-40,0.00,0.00,0.0,0.0,2,3.8,0,0.0,9,33.3,WR,DaviDe02
6210,Gabriel Davis,0.00,54,Sun,9,9,2023-11-05,24-218,BUF,@,CIN,L 18-24,0.00,0.00,0.0,0.0,54,93.1,0,0.0,0,0.0,WR,DaviGa01
6211,Gabriel Davis,0.00,67,Sun,11,11,2023-11-19,24-232,BUF,,NYJ,W 32-6,0.00,0.00,0.0,0.0,67,88.2,0,0.0,0,0.0,WR,DaviGa01
6212,Gabriel Davis,0.00,63,Sun,13,14,2023-12-10,24-253,BUF,@,KAN,W 20-17,0.00,0.00,0.0,0.0,63,81.8,0,0.0,0,0.0,WR,DaviGa01
6213,Gabriel Davis,0.00,49,Sun,14,15,2023-12-17,24-260,BUF,,DAL,W 31-10,0.00,0.00,0.0,0.0,49,72.1,0,0.0,0,0.0,WR,DaviGa01
6214,Gabriel Davis,0.00,18,Sun,17,18,2024-01-07,24-281,BUF,@,MIA,W 21-14,0.00,0.00,0.0,0.0,18,23.1,0,0.0,0,0.0,WR,DaviGa01
6215,Gabriel Davis,0.00,46,Sun,4,4,2024-09-29,25-181,JAX,@,HOU,L 20-24,0.00,1.00,0.8,0.3,46,79.3,0,0.0,0,0.0,WR,DaviGa01
6216,Gabriel Davis,0.00,9,Sun,8,8,2024-10-27,25-209,JAX,,GNB,L 27-30,0.00,0.00,0.0,0.0,9,15.8,0,0.0,0,0.0,WR,DaviGa01
6217,Kaden Davis,0.00,15,Sat,17,18,2025-01-04,26-101,CLE,@,BAL,L 10-35,0.00,0.00,0.0,0.0,15,25.4,0,0.0,11,44.0,WR,DaviKa02
6218,Tank Dell,0.00,9,Sun,12,13,2023-12-03,24-035,HOU,,DEN,W 22-17,0.00,0.00,0.0,0.0,9,13.2,0,0.0,0,0.0,WR,DellNa00
6219,Tank Dell,0.00,46,Sun,7,7,2024-10-20,24-357,HOU,@,GNB,L 22-24,0.00,0.00,0.0,0.0,46,71.9,0,0.0,2,6.9,WR,DellNa00
6220,Phillip Dorsett,0.00,11,Sun,4,4,2022-10-02,29-270,HOU,,LAC,L 24-34,0.00,0.00,0.0,0.0,11,19.3,0,0.0,0,0.0,WR,DorsPh00
6221,Phillip Dorsett,0.00,11,Sun,5,5,2022-10-09,29-277,HOU,@,JAX,W 13-6,0.00,0.00,0.0,0.0,11,19.0,0,0.0,0,0.0,WR,DorsPh00
6222,Phillip Dorsett,0.00,14,Sun,10,11,2022-11-20,29-319,HOU,,WAS,L 10-23,0.00,0.00,0.0,0.0,14,25.0,0,0.0,0,0.0,WR,DorsPh00
6223,Phillip Dorsett,0.00,54,Sun,14,15,2022-12-18,29-347,HOU,,KAN,L 24-30 (OT),0.00,0.00,0.0,0.0,54,85.7,0,0.0,0,0.0,WR,DorsPh00
6224,Phillip Dorsett,0.00,6,Sun,1,1,2023-09-10,30-248,DEN,,LVR,L 16-17,0.00,0.00,0.0,0.0,6,9.4,0,0.0,0,0.0,WR,DorsPh00
6225,Phillip Dorsett,0.00,28,Sun,16,17,2023-12-31,30-360,DEN,,LAC,W 16-9,0.00,0.00,0.0,0.0,28,40.6,0,0.0,0,0.0,WR,DorsPh00
6226,Phillip Dorsett,0.00,4,Sun,1,1,2022-09-11,29-249,HOU,,IND,T 20-20 (OT),0.00,0.00,0.0,0.0,4,5.7,0,0.0,0,0.0,WR,DorsPh00
6227,Greg Dortch,0.00,2,Sun,5,5,2022-10-09,24-133,ARI,,PHI,L 17-20,0.00,0.00,0.0,0.0,2,2.9,0,0.0,5,20.0,WR,DortGr01
6228,Greg Dortch,0.00,4,Sun,6,6,2022-10-16,24-140,ARI,@,SEA,L 9-19,0.00,0.00,0.0,0.0,4,5.6,0,0.0,12,46.2,WR,DortGr01
6229,Greg Dortch,0.00,2,Sun,10,10,2022-11-13,24-168,ARI,@,LAR,W 27-17,0.00,0.00,0.0,0.0,2,2.9,0,0.0,6,21.4,WR,DortGr01
6230,Greg Dortch,0.00,4,Mon,13,14,2022-12-12,24-197,ARI,,NWE,L 13-27,0.00,0.00,0.0,0.0,4,5.3,0,0.0,8,30.8,WR,DortGr01
6231,Greg Dortch,0.00,6,Sun,14,15,2022-12-18,24-203,ARI,@,DEN,L 15-24,0.00,0.00,0.0,0.0,6,9.2,0,0.0,16,57.1,WR,DortGr01
6232,Greg Dortch,0.00,1,Sun,4,4,2023-10-01,25-125,ARI,@,SFO,L 16-35,0.00,0.00,0.0,0.0,1,1.4,0,0.0,11,50.0,WR,DortGr01
6233,Greg Dortch,0.00,1,Sun,5,5,2023-10-08,25-132,ARI,,CIN,L 20-34,0.00,0.00,0.0,0.0,1,1.8,0,0.0,12,44.4,WR,DortGr01
6234,Greg Dortch,0.00,16,Sun,6,6,2023-10-15,25-139,ARI,@,LAR,L 9-26,0.00,0.00,0.0,0.0,16,21.1,0,0.0,11,40.7,WR,DortGr01
6235,Greg Dortch,0.00,4,Sun,7,7,2023-10-22,25-146,ARI,@,SEA,L 10-20,0.00,0.00,0.0,0.0,4,6.1,0,0.0,10,41.7,WR,DortGr01
6236,Greg Dortch,0.00,1,Sun,10,10,2023-11-12,25-167,ARI,,ATL,W 25-23,0.00,0.00,0.0,0.0,1,1.5,0,0.0,10,38.5,WR,DortGr01
6237,Greg Dortch,0.00,22,Sun,9,9,2024-11-03,26-158,ARI,,CHI,W 29-9,0.00,0.00,0.0,0.0,22,37.9,0,0.0,8,28.6,WR,DortGr01
6238,Greg Dortch,0.00,15,Sun,10,10,2024-11-10,26-165,ARI,,NYJ,W 31-6,0.00,1.00,0.9,0.4,15,25.4,0,0.0,5,27.8,WR,DortGr01
6239,Keelan Doss,0.00,5,Sun,4,4,2023-10-01,27-194,LAC,,LVR,W 24-17,0.00,0.00,0.0,0.0,5,7.7,0,0.0,4,16.0,WR,DossKe00
6240,Keelan Doss,0.00,12,Mon,5,6,2023-10-16,27-209,LAC,,DAL,L 17-20,0.00,0.00,0.0,0.0,12,16.4,0,0.0,2,8.0,WR,DossKe00
6241,Keelan Doss,0.00,3,Sun,6,7,2023-10-22,27-215,LAC,@,KAN,L 17-31,0.00,0.00,0.0,0.0,3,4.8,0,0.0,0,0.0,WR,DossKe00
6242,Jahan Dotson,0.00,38,Sun,12,12,2022-11-27,22-250,WAS,,ATL,W 19-13,0.00,0.00,0.0,0.0,38,61.3,0,0.0,0,0.0,WR,DotsJa00
6243,Jahan Dotson,0.00,41,Sun,6,6,2023-10-15,23-207,WAS,@,ATL,W 24-16,0.00,0.00,0.0,0.0,41,80.4,0,0.0,0,0.0,WR,DotsJa00
6244,Jahan Dotson,0.00,58,Sun,10,10,2023-11-12,23-235,WAS,@,SEA,L 26-29,0.00,0.00,0.0,0.0,58,95.1,0,0.0,0,0.0,WR,DotsJa00
6245,Jahan Dotson,0.00,39,Sun,16,17,2023-12-31,23-284,WAS,,SFO,L 10-27,0.00,0.00,0.0,0.0,39,84.8,0,0.0,0,0.0,WR,DotsJa00
6246,Jahan Dotson,0.00,32,Fri,1,1,2024-09-06,24-168,PHI,,GNB,W 34-29,0.00,0.00,0.0,0.0,32,42.1,0,0.0,0,0.0,WR,DotsJa00
6247,Jahan Dotson,0.00,38,Sun,6,7,2024-10-20,24-212,PHI,@,NYG,W 28-3,0.00,0.00,0.0,0.0,38,57.6,0,0.0,0,0.0,WR,DotsJa00
6248,Jahan Dotson,0.00,26,Sun,7,8,2024-10-27,24-219,PHI,@,CIN,W 37-17,0.00,0.00,0.0,0.0,26,42.6,0,0.0,0,0.0,WR,DotsJa00
6249,Jahan Dotson,0.00,36,Sun,14,15,2024-12-15,24-268,PHI,,PIT,W 27-13,0.00,0.00,0.0,0.0,36,45.0,0,0.0,0,0.0,WR,DotsJa00
6250,Jahan Dotson,0.00,47,Sun,15,16,2024-12-22,24-275,PHI,@,WAS,L 33-36,0.00,0.00,0.0,0.0,47,63.5,0,0.0,0,0.0,WR,DotsJa00
6251,Jahan Dotson,0.00,30,Sun,16,17,2024-12-29,24-282,PHI,,DAL,W 41-7,0.00,0.00,0.0,0.0,30,46.2,0,0.0,0,0.0,WR,DotsJa00
6252,Romeo Doubs,0.00,48,Sun,7,7,2022-10-23,22-193,GNB,@,WAS,L 21-23,0.00,0.00,0.0,0.0,48,88.9,0,0.0,0,0.0,WR,DoubRo00
6253,Romeo Doubs,0.00,23,Sun,17,18,2023-01-08,22-270,GNB,,DET,L 16-20,0.00,0.00,0.0,0.0,23,38.3,0,0.0,0,0.0,WR,DoubRo00
6254,Romeo Doubs,0.00,11,Sun,17,18,2024-01-07,23-269,GNB,,CHI,W 17-9,0.00,0.00,0.0,0.0,11,18.3,0,0.0,0,0.0,WR,DoubRo00
6255,Demario Douglas,0.00,38,Sun,2,2,2024-09-15,23-282,NWE,,SEA,L 20-23 (OT),0.00,0.00,0.0,0.0,38,55.9,0,0.0,0,0.0,WR,DougDe00
6256,Colton Dowell,0.00,15,Sun,4,4,2023-10-01,24-165,TEN,,CIN,W 27-3,0.00,0.00,0.0,0.0,15,22.7,0,0.0,9,42.9,WR,DoweCo00
6257,Colton Dowell,0.00,1,Sun,6,6,2023-10-15,24-179,TEN,,BAL,L 16-24,0.00,0.00,0.0,0.0,1,1.8,0,0.0,14,45.2,WR,DoweCo00
6258,Colton Dowell,0.00,7,Sun,10,11,2023-11-19,24-214,TEN,@,JAX,L 14-34,0.00,0.00,0.0,0.0,7,17.5,0,0.0,15,60.0,WR,DoweCo00
6259,Colton Dowell,0.00,4,Sun,11,12,2023-11-26,24-221,TEN,,CAR,W 17-10,0.00,0.00,0.0,0.0,4,7.5,0,0.0,13,54.2,WR,DoweCo00
6260,Colton Dowell,0.00,3,Sun,12,13,2023-12-03,24-228,TEN,,IND,L 28-31 (OT),0.00,0.00,0.0,0.0,3,3.5,0,0.0,22,59.5,WR,DoweCo00
6261,Colton Dowell,0.00,2,Mon,13,14,2023-12-11,24-236,TEN,@,MIA,W 28-27,0.00,0.00,0.0,0.0,2,2.8,0,0.0,19,61.3,WR,DoweCo00
6262,Colton Dowell,0.00,3,Sun,14,15,2023-12-17,24-242,TEN,,HOU,L 16-19 (OT),0.00,0.00,0.0,0.0,3,4.8,0,0.0,18,58.1,WR,DoweCo00
6263,Colton Dowell,0.00,2,Sun,16,17,2023-12-31,24-256,TEN,@,HOU,L 3-26,0.00,0.00,0.0,0.0,2,3.6,0,0.0,10,41.7,WR,DoweCo00
6264,Dylan Drummond,0.00,5,Sun,5,5,2023-10-08,23-264,DET,,CAR,W 42-24,0.00,0.00,0.0,0.0,5,8.3,0,0.0,3,11.1,WR,DrumDy00
6265,Grant Dubose,0.00,13,Sun,1,1,2024-09-08,23-080,MIA,,JAX,W 20-17,0.00,0.00,0.0,0.0,13,18.3,0,0.0,0,0.0,WR,DuboGr00
6266,Grant Dubose,0.00,11,Sun,14,15,2024-12-15,23-178,MIA,@,HOU,L 12-20,0.00,1.00,0.8,0.3,11,16.2,0,0.0,0,0.0,WR,DuboGr00
6267,Ashton Dulin,0.00,20,Sun,10,10,2022-11-13,25-182,IND,@,LVR,W 25-20,0.00,0.00,0.0,0.0,20,30.8,0,0.0,17,73.9,WR,DuliAs00
6268,Ashton Dulin,0.00,13,Sun,11,11,2022-11-20,25-189,IND,,PHI,L 16-17,0.00,0.00,0.0,0.0,13,20.0,0,0.0,16,64.0,WR,DuliAs00
6269,Ashton Dulin,0.00,22,Mon,12,12,2022-11-28,25-197,IND,,PIT,L 17-24,0.00,0.00,0.0,0.0,22,34.4,0,0.0,15,57.7,WR,DuliAs00
6270,Ashton Dulin,0.00,9,Mon,15,16,2022-12-26,25-225,IND,,LAC,L 3-20,0.00,0.00,0.0,0.0,9,17.3,0,0.0,5,27.8,WR,DuliAs00
6271,Ashton Dulin,0.00,14,Sun,17,18,2023-01-08,25-238,IND,,HOU,L 31-32,0.00,0.00,0.0,0.0,14,19.2,0,0.0,17,63.0,WR,DuliAs00
6272,Ashton Dulin,0.00,14,Sun,3,3,2024-09-22,27-130,IND,,CHI,W 21-16,0.00,0.00,0.0,0.0,14,25.0,0,0.0,17,73.9,WR,DuliAs00
6273,Ashton Dulin,0.00,11,Sun,4,4,2024-09-29,27-137,IND,,PIT,W 27-24,0.00,0.00,0.0,0.0,11,16.7,0,0.0,16,59.3,WR,DuliAs00
6274,Ashton Dulin,0.00,11,Sun,6,6,2024-10-13,27-151,IND,@,TEN,W 20-17,0.00,0.00,0.0,0.0,11,15.7,0,0.0,18,69.2,WR,DuliAs00
6275,Ashton Dulin,0.00,10,Sun,8,8,2024-10-27,27-165,IND,@,HOU,L 20-23,0.00,0.00,0.0,0.0,10,15.6,0,0.0,28,84.8,WR,DuliAs00
6276,Ashton Dulin,0.00,16,Sun,11,11,2024-11-17,27-186,IND,@,NYJ,W 28-27,0.00,0.00,0.0,0.0,16,22.9,0,0.0,25,80.6,WR,DuliAs00
6277,Ashton Dulin,0.00,10,Sun,12,12,2024-11-24,27-193,IND,,DET,L 6-24,0.00,0.00,0.0,0.0,10,18.2,0,0.0,14,58.3,WR,DuliAs00
6278,Ashton Dulin,0.00,9,Sun,15,16,2024-12-22,27-221,IND,,TEN,W 38-30,0.00,0.00,0.0,0.0,9,14.5,0,0.0,19,63.3,WR,DuliAs00
6279,Ashton Dulin,0.00,6,Sun,16,17,2024-12-29,27-228,IND,@,NYG,L 33-45,0.00,0.00,0.0,0.0,6,7.8,0,0.0,19,59.4,WR,DuliAs00
6280,Ashton Dulin,0.00,8,Sun,17,18,2025-01-05,27-235,IND,,JAX,W 26-23 (OT),0.00,0.00,0.0,0.0,8,10.3,0,0.0,27,77.1,WR,DuliAs00
6281,Devin Duvernay,0.00,35,Sun,13,14,2022-12-11,25-090,BAL,@,PIT,W 16-14,0.00,0.00,0.0,0.0,35,57.4,0,0.0,5,23.8,WR,DuveDe00
6282,Devin Duvernay,0.00,7,Sun,1,1,2023-09-10,25-363,BAL,,HOU,W 25-9,0.00,0.00,0.0,0.0,7,10.9,0,0.0,9,36.0,WR,DuveDe00
6283,Devin Duvernay,0.00,18,Sun,3,3,2023-09-24,26-012,BAL,,IND,L 19-22 (OT),0.00,0.00,0.0,0.0,18,25.0,0,0.0,17,47.2,WR,DuveDe00
6284,Devin Duvernay,0.00,6,Sun,5,5,2023-10-08,26-026,BAL,@,PIT,L 10-17,0.00,0.00,0.0,0.0,6,8.6,0,0.0,11,44.0,WR,DuveDe00
6285,Devin Duvernay,0.00,15,Sun,6,6,2023-10-15,26-033,BAL,@,TEN,W 24-16,0.00,0.00,0.0,0.0,15,21.1,0,0.0,14,45.2,WR,DuveDe00
6286,Devin Duvernay,0.00,9,Sun,7,7,2023-10-22,26-040,BAL,,DET,W 38-6,0.00,0.00,0.0,0.0,9,15.0,0,0.0,7,33.3,WR,DuveDe00
6287,Devin Duvernay,0.00,2,Sun,8,8,2023-10-29,26-047,BAL,@,ARI,W 31-24,0.00,0.00,0.0,0.0,2,3.1,0,0.0,14,50.0,WR,DuveDe00
6288,Devin Duvernay,0.00,4,Sun,10,10,2023-11-12,26-061,BAL,,CLE,L 31-33,0.00,0.00,0.0,0.0,4,7.4,0,0.0,13,41.9,WR,DuveDe00
6289,Devin Duvernay,0.00,2,Sun,12,12,2023-11-26,26-075,BAL,@,LAC,W 20-10,0.00,0.00,0.0,0.0,2,2.8,0,0.0,6,28.6,WR,DuveDe00
6290,Devin Duvernay,0.00,11,Mon,3,3,2024-09-23,27-011,JAX,@,BUF,L 10-47,0.00,1.00,0.9,0.4,11,15.5,0,0.0,10,40.0,WR,DuveDe00
6291,Devin Duvernay,0.00,6,Sun,4,4,2024-09-29,27-017,JAX,@,HOU,L 20-24,0.00,0.00,0.0,0.0,6,10.3,0,0.0,11,37.9,WR,DuveDe00
6292,Devin Duvernay,0.00,14,Sun,11,11,2024-11-17,27-066,JAX,@,DET,L 6-52,0.00,0.00,0.0,0.0,14,29.2,0,0.0,9,34.6,WR,DuveDe00
6293,Devin Duvernay,0.00,6,Sun,17,18,2025-01-05,27-115,JAX,@,IND,L 23-26 (OT),0.00,0.00,0.0,0.0,6,8.7,0,0.0,12,34.3,WR,DuveDe00
6294,Bryan Edwards,0.00,35,Sun,1,1,2022-09-11,23-302,ATL,,NOR,L 26-27,0.00,0.00,0.0,0.0,35,46.7,0,0.0,0,0.0,WR,EdwaBr01
6295,Bryan Edwards,0.00,12,Sun,6,6,2022-10-16,23-337,ATL,,SFO,W 28-14,0.00,0.00,0.0,0.0,12,20.7,0,0.0,0,0.0,WR,EdwaBr01
6296,Bryan Edwards,0.00,5,Sun,7,7,2022-10-23,23-344,ATL,@,CIN,L 17-35,0.00,0.00,0.0,0.0,5,10.6,0,0.0,0,0.0,WR,EdwaBr01
6297,Bryan Edwards,0.00,6,Thu,10,10,2022-11-10,23-362,ATL,@,CAR,L 15-25,0.00,0.00,0.0,0.0,6,9.5,0,0.0,0,0.0,WR,EdwaBr01
6298,Alex Erickson,0.00,14,Sun,17,18,2025-01-05,32-060,NWE,,BUF,W 23-16,0.00,0.00,0.0,0.0,14,21.9,0,0.0,8,32.0,WR,EricAl01
6299,D'Wayne Eskridge,0.00,17,Mon,4,4,2024-09-30,27-191,MIA,,TEN,L 12-31,0.00,0.00,0.0,0.0,17,28.3,0,0.0,7,22.6,WR,EskrDW00
6300,D'Wayne Eskridge,0.00,2,Sun,8,9,2024-11-03,27-225,MIA,@,BUF,L 27-30,0.00,0.00,0.0,0.0,2,3.3,0,0.0,7,28.0,WR,EskrDW00
6301,D'Wayne Eskridge,0.00,4,Sun,13,14,2024-12-08,27-260,MIA,,NYJ,W 32-26 (OT),0.00,0.00,0.0,0.0,4,5.6,0,0.0,4,12.9,WR,EskrDW00
6302,D'Wayne Eskridge,0.00,5,Mon,1,1,2022-09-12,25-173,SEA,,DEN,W 17-16,0.00,1.00,1.0,0.5,5,9.1,0,0.0,0,0.0,WR,EskrDW00
6303,D'Wayne Eskridge,0.00,12,Sun,3,3,2022-09-25,25-186,SEA,,ATL,L 23-27,0.00,0.00,0.0,0.0,12,16.9,0,0.0,0,0.0,WR,EskrDW00
6304,D'Wayne Eskridge,0.00,25,Sun,5,5,2022-10-09,25-200,SEA,@,NOR,L 32-39,0.00,0.00,0.0,0.0,25,48.1,0,0.0,0,0.0,WR,EskrDW00
6305,D'Wayne Eskridge,0.00,39,Sun,9,9,2022-11-06,25-228,SEA,@,ARI,W 31-21,0.00,0.00,0.0,0.0,39,53.4,0,0.0,4,14.8,WR,EskrDW00
6306,D'Wayne Eskridge,0.00,3,Sun,7,8,2023-10-29,26-220,SEA,,CLE,W 24-20,0.00,0.00,-0.5,-0.5,3,5.2,0,0.0,10,38.5,WR,EskrDW00
6307,D'Wayne Eskridge,0.00,14,Sun,10,11,2023-11-19,26-241,SEA,@,LAR,L 16-17,0.00,0.00,0.0,0.0,14,21.5,0,0.0,13,50.0,WR,EskrDW00
6308,Erik Ezukanma,0.00,11,Sun,3,3,2024-09-22,24-241,MIA,@,SEA,L 3-24,0.00,0.00,0.0,0.0,11,18.0,0,0.0,0,0.0,WR,EzukEr00
6309,Erik Ezukanma,0.00,7,Sun,15,16,2024-12-22,24-332,MIA,,SFO,W 29-17,0.00,0.00,0.0,0.0,7,10.4,0,0.0,0,0.0,WR,EzukEr00
6310,Simi Fehoko,0.00,4,Mon,8,9,2023-11-06,26-001,LAC,@,NYJ,W 27-6,0.00,0.00,0.0,0.0,4,6.9,0,0.0,6,20.0,WR,FehoSi00
6311,Simi Fehoko,0.00,3,Sun,9,10,2023-11-12,26-007,LAC,,DET,L 38-41,0.00,0.00,0.0,0.0,3,4.2,0,0.0,14,46.7,WR,FehoSi00
6312,Simi Fehoko,0.00,1,Sun,10,11,2023-11-19,26-014,LAC,@,GNB,L 20-23,0.00,0.00,0.0,0.0,1,1.5,0,0.0,5,19.2,WR,FehoSi00
6313,Simi Fehoko,0.00,9,Sun,1,1,2024-09-08,26-308,LAC,,LVR,W 22-10,0.00,0.00,0.0,0.0,9,15.8,0,0.0,10,35.7,WR,FehoSi00
6314,Simi Fehoko,0.00,28,Sun,2,2,2024-09-15,26-315,LAC,@,CAR,W 26-3,0.00,0.00,0.0,0.0,28,40.6,0,0.0,13,54.2,WR,FehoSi00
6315,Simi Fehoko,0.00,12,Sun,4,4,2024-09-29,26-329,LAC,,KAN,L 10-17,0.00,0.00,0.0,0.0,12,21.4,0,0.0,16,66.7,WR,FehoSi00
6316,Simi Fehoko,0.00,52,Sun,7,8,2024-10-27,26-357,LAC,,NOR,W 26-8,0.00,0.00,0.0,0.0,52,78.8,0,0.0,1,2.9,WR,FehoSi00
6317,Simi Fehoko,0.00,9,Sun,8,9,2024-11-03,26-364,LAC,@,CLE,W 27-10,0.00,0.00,0.0,0.0,9,15.8,0,0.0,17,58.6,WR,FehoSi00
6318,Simi Fehoko,0.00,6,Sun,2,2,2022-09-18,24-317,DAL,,CIN,W 20-17,0.00,0.00,0.0,0.0,6,9.8,0,0.0,6,23.1,WR,FehoSi00
6319,Simi Fehoko,0.00,10,Sun,4,4,2022-10-02,24-331,DAL,,WAS,W 25-10,0.00,0.00,0.0,0.0,10,16.4,0,0.0,8,26.7,WR,FehoSi00
6320,Simi Fehoko,0.00,1,Sun,5,5,2022-10-09,24-338,DAL,@,LAR,W 22-10,0.00,0.00,0.0,0.0,1,1.8,0,0.0,9,30.0,WR,FehoSi00
6321,Demetric Felton,0.00,11,Sun,1,1,2022-09-11,24-057,CLE,@,CAR,W 26-24,0.00,0.00,0.0,0.0,11,13.8,0,0.0,10,31.3,WR,FeltDe00
6322,Demetric Felton,0.00,12,Sun,2,2,2022-09-18,24-064,CLE,,NYJ,L 30-31,0.00,1.00,0.9,0.4,12,17.9,0,0.0,11,36.7,WR,FeltDe00
6323,Demetric Felton,0.00,38,Sun,12,13,2022-12-04,24-141,CLE,@,HOU,W 27-14,0.00,0.00,0.0,0.0,38,60.3,0,0.0,8,25.8,WR,FeltDe00
6324,Demetric Felton,0.00,9,Sun,13,14,2022-12-11,24-148,CLE,@,CIN,L 10-23,0.00,0.00,0.0,0.0,9,12.5,0,0.0,5,20.8,WR,FeltDe00
6325,Ethan Fernea,0.00,1,Sun,7,7,2022-10-23,24-235,IND,@,TEN,L 10-19,0.00,0.00,0.0,0.0,1,1.6,0,0.0,9,37.5,WR,FernEt00
6326,Ethan Fernea,0.00,2,Sun,15,16,2023-12-24,25-297,IND,@,ATL,L 10-29,0.00,0.00,0.0,0.0,2,2.8,0,0.0,12,42.9,WR,FernEt00
6327,Dez Fitzpatrick,0.00,10,Sun,17,18,2025-01-05,27-019,LAC,@,LVR,W 34-20,0.00,0.00,0.0,0.0,10,13.3,0,0.0,0,0.0,WR,FitzDe00
6328,Dez Fitzpatrick,0.00,5,Sun,5,5,2022-10-09,24-296,TEN,@,WAS,W 21-17,0.00,0.00,0.0,0.0,5,7.8,0,0.0,0,0.0,WR,FitzDe00
6329,Ryan Flournoy,0.00,10,Sun,5,5,2024-10-06,24-345,DAL,@,PIT,W 20-17,0.00,0.00,0.0,0.0,10,13.2,0,0.0,15,62.5,WR,FlouRy00
6330,Ryan Flournoy,0.00,2,Sun,7,8,2024-10-27,25-000,DAL,@,SFO,L 24-30,0.00,0.00,0.0,0.0,2,3.2,0,0.0,20,66.7,WR,FlouRy00
6331,Ryan Flournoy,0.00,16,Sun,9,10,2024-11-10,25-014,DAL,,PHI,L 6-34,0.00,0.00,0.0,0.0,16,26.7,0,0.0,14,50.0,WR,FlouRy00
6332,Ryan Flournoy,0.00,10,Sun,11,12,2024-11-24,25-028,DAL,@,WAS,W 34-26,0.00,0.00,0.0,0.0,10,15.2,0,0.0,6,15.8,WR,FlouRy00
6333,Ryan Flournoy,0.00,1,Mon,13,14,2024-12-09,25-043,DAL,,CIN,L 20-27,0.00,0.00,0.0,0.0,1,1.7,0,0.0,15,55.6,WR,FlouRy00
6334,Bryce Ford-Wheaton,0.00,1,Sun,2,2,2024-09-15,24-190,NYG,@,WAS,L 18-21,0.00,0.00,0.0,0.0,1,1.8,0,0.0,13,61.9,WR,FordBr00
6335,Bryce Ford-Wheaton,0.00,1,Sun,7,7,2024-10-20,24-225,NYG,,PHI,L 3-28,0.00,0.00,0.0,0.0,1,1.7,0,0.0,31,96.9,WR,FordBr00
6336,Troy Franklin,0.00,12,Sun,2,2,2024-09-15,21-222,DEN,,PIT,L 6-13,0.00,0.00,0.0,0.0,12,19.7,0,0.0,0,0.0,WR,FranTr00
6337,Troy Franklin,0.00,19,Sun,4,4,2024-09-29,21-236,DEN,@,NYJ,W 10-9,0.00,2.00,1.8,0.8,19,31.1,0,0.0,0,0.0,WR,FranTr00
6338,Troy Franklin,0.00,20,Sat,16,17,2024-12-28,21-326,DEN,@,CIN,L 24-30 (OT),0.00,1.00,0.9,0.4,20,33.3,0,0.0,0,0.0,WR,FranTr00
6339,Michael Gallup,0.00,42,Sun,7,7,2022-10-23,26-233,DAL,,DET,W 24-6,0.00,0.00,0.0,0.0,42,66.7,0,0.0,0,0.0,WR,GallMi00
6340,Michael Gallup,0.00,41,Thu,12,13,2023-11-30,27-271,DAL,,SEA,W 41-35,0.00,0.00,0.0,0.0,41,46.1,0,0.0,0,0.0,WR,GallMi00
6341,Michael Gallup,0.00,20,Sat,16,17,2023-12-30,27-301,DAL,,DET,W 20-19,0.00,0.00,0.0,0.0,20,30.8,0,0.0,0,0.0,WR,GallMi00
6342,Michael Gallup,0.00,20,Sun,17,18,2024-01-07,27-309,DAL,@,WAS,W 38-10,0.00,0.00,0.0,0.0,20,27.8,0,0.0,0,0.0,WR,GallMi00
6343,Kaylon Geiger,0.00,1,Sun,2,2,2022-09-18,24-321,TAM,@,NOR,W 20-10,0.00,0.00,0.0,0.0,1,1.5,0,0.0,8,30.8,WR,GeigKa00
6344,Kaylon Geiger,0.00,4,Sun,3,3,2022-09-25,24-328,TAM,,GNB,L 12-14,0.00,0.00,0.0,0.0,4,6.2,0,0.0,10,40.0,WR,GeigKa00
6345,Kaylon Geiger,0.00,4,Sun,5,5,2022-10-09,24-342,TAM,,ATL,W 21-15,0.00,0.00,0.0,0.0,4,5.1,0,0.0,1,4.5,WR,GeigKa00
6346,Tanner Gentry,0.00,11,Sun,5,5,2022-10-09,27-295,BUF,,PIT,W 38-3,0.00,0.00,0.0,0.0,11,19.6,0,0.0,1,4.0,WR,GentTa00
6347,Tanner Gentry,0.00,7,Sun,10,11,2022-11-20,27-337,BUF,,CLE,W 31-23,0.00,0.00,0.0,0.0,7,10.8,0,0.0,0,0.0,WR,GentTa00
6348,Tanner Gentry,0.00,2,Thu,11,12,2022-11-24,27-341,BUF,@,DET,W 28-25,0.00,0.00,0.0,0.0,2,2.6,0,0.0,0,0.0,WR,GentTa00
6349,Xavier Gipson,0.00,1,Mon,1,1,2023-09-11,22-187,NYJ,,BUF,W 22-16 (OT),0.00,0.00,6.0,6.0,1,1.9,0,0.0,8,30.8,WR,GipsXa00
6350,Xavier Gipson,0.00,30,Mon,1,1,2024-09-09,23-185,NYJ,@,SFO,L 19-32,0.00,0.00,0.0,0.0,30,58.8,0,0.0,10,38.5,WR,GipsXa00
6351,Xavier Gipson,0.00,6,Sun,2,2,2024-09-15,23-191,NYJ,@,TEN,W 24-17,0.00,0.00,0.0,0.0,6,10.5,0,0.0,8,30.8,WR,GipsXa00
6352,Xavier Gipson,0.00,2,Sun,5,5,2024-10-06,23-212,NYJ,@,MIN,L 17-23,0.00,0.00,0.0,0.0,2,2.8,0,0.0,10,34.5,WR,GipsXa00
6353,Xavier Gipson,0.00,13,Mon,6,6,2024-10-14,23-220,NYJ,,BUF,L 20-23,0.00,0.00,0.0,0.0,13,20.6,0,0.0,8,32.0,WR,GipsXa00
6354,Xavier Gipson,0.00,1,Sun,7,7,2024-10-20,23-226,NYJ,@,PIT,L 15-37,0.00,0.00,0.0,0.0,1,1.8,0,0.0,12,41.4,WR,GipsXa00
6355,Xavier Gipson,0.00,10,Thu,9,9,2024-10-31,23-237,NYJ,,HOU,W 21-13,0.00,0.00,0.0,0.0,10,17.2,0,0.0,8,30.8,WR,GipsXa00
6356,Xavier Gipson,0.00,24,Sun,10,10,2024-11-10,23-247,NYJ,@,ARI,L 6-31,0.00,0.00,0.0,0.0,24,41.4,0,0.0,6,33.3,WR,GipsXa00
6357,Xavier Gipson,0.00,19,Sun,12,13,2024-12-01,23-268,NYJ,,SEA,L 21-26,0.00,1.00,0.9,0.4,19,27.9,1,1.6,9,37.5,WR,GipsXa00
6358,Xavier Gipson,0.00,1,Sun,13,14,2024-12-08,23-275,NYJ,@,MIA,L 26-32 (OT),0.00,0.00,0.0,0.0,1,1.5,0,0.0,10,32.3,WR,GipsXa00
6359,Xavier Gipson,0.00,1,Sun,14,15,2024-12-15,23-282,NYJ,@,JAX,W 32-25,0.00,0.00,0.0,0.0,1,1.7,0,0.0,8,28.6,WR,GipsXa00
6360,Xavier Gipson,0.00,9,Sun,16,17,2024-12-29,23-296,NYJ,@,BUF,L 14-40,0.00,0.00,0.0,0.0,9,14.3,0,0.0,9,40.9,WR,GipsXa00
6361,Kenny Golladay,0.00,2,Sun,2,2,2022-09-18,28-319,NYG,,CAR,W 19-16,0.00,0.00,0.0,0.0,2,2.7,0,0.0,0,0.0,WR,GollKe00
6362,Kenny Golladay,0.00,24,Mon,3,3,2022-09-26,28-327,NYG,,DAL,L 16-23,0.00,0.00,0.0,0.0,24,33.3,0,0.0,0,0.0,WR,GollKe00
6363,Kenny Golladay,0.00,27,Sun,4,4,2022-10-02,28-333,NYG,,CHI,W 20-12,0.00,0.00,0.0,0.0,27,41.5,0,0.0,0,0.0,WR,GollKe00
6364,Kenny Golladay,0.00,26,Sun,9,10,2022-11-13,29-010,NYG,,HOU,W 24-16,0.00,0.00,0.0,0.0,26,37.7,0,0.0,0,0.0,WR,GollKe00
6365,Kenny Golladay,0.00,19,Thu,11,12,2022-11-24,29-021,NYG,@,DAL,L 20-28,0.00,0.00,0.0,0.0,19,29.7,0,0.0,0,0.0,WR,GollKe00
6366,Kenny Golladay,0.00,11,Sun,13,14,2022-12-11,29-038,NYG,,PHI,L 22-48,0.00,0.00,0.0,0.0,11,17.2,0,0.0,0,0.0,WR,GollKe00
6367,Kenny Golladay,0.00,1,Sun,14,15,2022-12-18,29-045,NYG,@,WAS,W 20-12,0.00,0.00,0.0,0.0,1,1.6,0,0.0,0,0.0,WR,GollKe00
6368,Kenny Golladay,0.00,2,Sat,15,16,2022-12-24,29-051,NYG,@,MIN,L 24-27,0.00,0.00,0.0,0.0,2,2.9,0,0.0,0,0.0,WR,GollKe00
6369,Kenny Golladay,0.00,7,Sun,16,17,2023-01-01,29-059,NYG,,IND,W 38-10,0.00,0.00,0.0,0.0,7,11.1,0,0.0,0,0.0,WR,GollKe00
6370,Marquise Goodwin,0.00,26,Sun,2,2,2022-09-18,31-303,SEA,@,SFO,L 7-27,0.00,0.00,0.0,0.0,26,53.1,0,0.0,0,0.0,WR,GoodMa00
6371,Marquise Goodwin,0.00,29,Sun,4,4,2022-10-02,31-317,SEA,@,DET,W 48-45,0.00,0.00,0.0,0.0,29,41.4,0,0.0,1,3.0,WR,GoodMa00
6372,Marquise Goodwin,0.00,39,Sat,15,16,2022-12-24,32-035,SEA,@,KAN,L 10-24,0.00,0.00,0.0,0.0,39,51.3,0,0.0,0,0.0,WR,GoodMa00
6373,Marquise Goodwin,0.00,10,Sun,1,1,2023-09-10,32-295,CLE,,CIN,W 24-3,0.00,0.00,0.0,0.0,10,13.5,0,0.0,0,0.0,WR,GoodMa00
6374,Marquise Goodwin,0.00,15,Mon,2,2,2023-09-18,32-303,CLE,@,PIT,L 22-26,0.00,0.00,0.0,0.0,15,17.2,0,0.0,0,0.0,WR,GoodMa00
6375,Marquise Goodwin,0.00,4,Sun,4,4,2023-10-01,32-316,CLE,,BAL,L 3-28,0.00,1.00,1.0,0.5,4,5.8,0,0.0,0,0.0,WR,GoodMa00
6376,Marquise Goodwin,0.00,9,Sun,7,8,2023-10-29,32-344,CLE,@,SEA,L 20-24,0.00,0.00,-0.5,-0.5,9,11.5,0,0.0,0,0.0,WR,GoodMa00
6377,Marquise Goodwin,0.00,8,Sun,8,9,2023-11-05,32-351,CLE,,ARI,W 27-0,0.00,0.00,0.0,0.0,8,11.0,0,0.0,0,0.0,WR,GoodMa00
6378,Marquise Goodwin,0.00,9,Sun,13,14,2023-12-10,33-021,CLE,,JAX,W 31-27,0.00,0.00,0.0,0.0,9,11.8,0,0.0,0,0.0,WR,GoodMa00
6379,Marquise Goodwin,0.00,11,Sun,15,16,2023-12-24,33-035,CLE,@,HOU,W 36-22,0.00,0.00,0.0,0.0,11,13.4,0,0.0,0,0.0,WR,GoodMa00
6380,Marquise Goodwin,0.00,11,Thu,16,17,2023-12-28,33-039,CLE,,NYJ,W 37-20,0.00,0.00,0.0,0.0,11,18.3,0,0.0,0,0.0,WR,GoodMa00
6381,Josh Gordon,0.00,18,Mon,2,2,2022-09-19,31-159,TEN,@,BUF,L 7-41,0.00,0.00,0.0,0.0,18,32.1,0,0.0,1,3.7,WR,GordJo02
6382,Josh Gordon,0.00,6,Sun,3,3,2022-09-25,31-165,TEN,,LVR,W 24-22,0.00,0.00,0.0,0.0,6,10.3,0,0.0,0,0.0,WR,GordJo02
6383,Anthony Gould,0.00,7,Sun,1,1,2024-09-08,23-155,IND,,HOU,L 27-29,0.00,0.00,0.0,0.0,7,15.6,0,0.0,9,36.0,WR,GoulAn00
6384,Anthony Gould,0.00,1,Sun,2,2,2024-09-15,23-162,IND,@,GNB,L 10-16,0.00,0.00,0.0,0.0,1,1.8,0,0.0,8,36.4,WR,GoulAn00
6385,Anthony Gould,0.00,3,Sun,3,3,2024-09-22,23-169,IND,,CHI,W 21-16,0.00,0.00,0.0,0.0,3,5.4,0,0.0,8,34.8,WR,GoulAn00
6386,Danny Gray,0.00,7,Sun,2,2,2022-09-18,23-170,SFO,,SEA,W 27-7,0.00,0.00,0.0,0.0,7,9.2,0,0.0,0,0.0,WR,GrayDa02
6387,Danny Gray,0.00,6,Sun,3,3,2022-09-25,23-177,SFO,@,DEN,L 10-11,0.00,0.00,0.0,0.0,6,10.7,0,0.0,0,0.0,WR,GrayDa02
6388,Danny Gray,0.00,7,Sun,5,5,2022-10-09,23-191,SFO,@,CAR,W 37-15,0.00,0.00,0.0,0.0,7,10.4,0,0.0,0,0.0,WR,GrayDa02
6389,Danny Gray,0.00,8,Sun,7,7,2022-10-23,23-205,SFO,,KAN,L 23-44,0.00,0.00,0.0,0.0,8,10.1,0,0.0,0,0.0,WR,GrayDa02
6390,Danny Gray,0.00,5,Sun,8,8,2022-10-30,23-212,SFO,@,LAR,W 31-14,0.00,0.00,0.0,0.0,5,9.4,0,0.0,0,0.0,WR,GrayDa02
6391,Danny Gray,0.00,10,Mon,10,11,2022-11-21,23-234,SFO,@,ARI,W 38-10,0.00,0.00,0.0,0.0,10,17.2,0,0.0,0,0.0,WR,GrayDa02
6392,Danny Gray,0.00,2,Sun,11,12,2022-11-27,23-240,SFO,,NOR,W 13-0,0.00,0.00,0.0,0.0,2,2.9,0,0.0,0,0.0,WR,GrayDa02
6393,Danny Gray,0.00,4,Sun,12,13,2022-12-04,23-247,SFO,,MIA,W 33-17,0.00,0.00,0.0,0.0,4,4.8,0,0.0,0,0.0,WR,GrayDa02
6394,Danny Gray,0.00,2,Thu,14,15,2022-12-15,23-258,SFO,@,SEA,W 21-13,0.00,0.00,0.0,0.0,2,3.1,0,0.0,8,28.6,WR,GrayDa02
6395,Danny Gray,0.00,2,Sat,15,16,2022-12-24,23-267,SFO,,WAS,W 37-20,0.00,0.00,0.0,0.0,2,3.8,0,0.0,4,14.8,WR,GrayDa02
6396,Danny Gray,0.00,17,Sun,17,18,2023-01-08,23-282,SFO,,ARI,W 38-13,0.00,0.00,0.0,0.0,17,27.4,0,0.0,2,7.7,WR,GrayDa02
6397,A.J. Green,0.00,28,Sun,3,3,2022-09-25,34-056,ARI,,LAR,L 12-20,0.00,0.00,0.0,0.0,28,33.7,0,0.0,0,0.0,WR,GreeA.00
6398,A.J. Green,0.00,37,Sun,8,8,2022-10-30,34-091,ARI,@,MIN,L 26-34,0.00,0.00,0.0,0.0,37,47.4,0,0.0,0,0.0,WR,GreeA.00
6399,A.J. Green,0.00,1,Sun,9,9,2022-11-06,34-098,ARI,,SEA,L 21-31,0.00,0.00,0.0,0.0,1,1.6,0,0.0,0,0.0,WR,GreeA.00
6400,A.J. Green,0.00,37,Sun,14,15,2022-12-18,34-140,ARI,@,DEN,L 15-24,0.00,0.00,0.0,0.0,37,56.9,0,0.0,0,0.0,WR,GreeA.00
6401,A.J. Green,0.00,20,Sun,15,16,2022-12-25,34-147,ARI,,TAM,L 16-19 (OT),0.00,0.00,0.0,0.0,20,26.3,0,0.0,0,0.0,WR,GreeA.00
6402,Antoine Green,0.00,14,Sun,3,3,2023-09-24,23-313,DET,,ATL,W 20-6,0.00,0.00,0.0,0.0,14,20.0,0,0.0,6,22.2,WR,GreeAn00
6403,Antoine Green,0.00,15,Thu,4,4,2023-09-28,23-317,DET,@,GNB,W 34-20,0.00,0.00,0.0,0.0,15,20.0,0,0.0,9,30.0,WR,GreeAn00
6404,Antoine Green,0.00,11,Sun,5,5,2023-10-08,23-327,DET,,CAR,W 42-24,0.00,0.00,0.0,0.0,11,18.3,0,0.0,6,22.2,WR,GreeAn00
6405,Antoine Green,0.00,4,Sun,6,6,2023-10-15,23-334,DET,@,TAM,W 20-6,0.00,0.00,0.0,0.0,4,5.7,0,0.0,8,32.0,WR,GreeAn00
6406,Antoine Green,0.00,33,Sun,7,7,2023-10-22,23-341,DET,@,BAL,L 6-38,0.00,0.00,0.0,0.0,33,44.0,0,0.0,11,52.4,WR,GreeAn00
6407,Antoine Green,0.00,5,Mon,8,8,2023-10-30,23-349,DET,,LVR,W 26-14,0.00,0.00,0.0,0.0,5,5.8,0,0.0,7,28.0,WR,GreeAn00
6408,Antoine Green,0.00,7,Sun,9,10,2023-11-12,23-362,DET,@,LAC,W 41-38,0.00,0.00,0.0,0.0,7,10.6,0,0.0,8,26.7,WR,GreeAn00
6409,Antoine Green,0.00,10,Sun,17,18,2024-01-07,24-053,DET,,MIN,W 30-20,0.00,0.00,0.0,0.0,10,17.5,0,0.0,8,28.6,WR,GreeAn00
6410,Jalen Guyton,0.00,33,Mon,8,9,2023-11-06,26-152,LAC,@,NYJ,W 27-6,0.00,0.00,0.0,0.0,33,56.9,0,0.0,0,0.0,WR,GuytJa01
6411,Jalen Guyton,0.00,3,Sun,16,17,2023-12-31,26-207,LAC,@,DEN,L 9-16,0.00,0.00,0.0,0.0,3,4.6,0,0.0,0,0.0,WR,GuytJa01
6412,Jalen Guyton,0.00,5,Sun,1,1,2022-09-11,25-096,LAC,,LVR,W 24-19,0.00,0.00,0.0,0.0,5,7.5,0,0.0,0,0.0,WR,GuytJa01
6413,Jalen Guyton,0.00,8,Thu,2,2,2022-09-15,25-100,LAC,@,KAN,L 24-27,0.00,0.00,0.0,0.0,8,10.7,0,0.0,0,0.0,WR,GuytJa01
6414,KJ Hamler,0.00,40,Mon,1,1,2022-09-12,23-066,DEN,@,SEA,L 16-17,0.00,0.00,0.0,0.0,40,60.6,0,0.0,0,0.0,WR,HamlKJ00
6415,KJ Hamler,0.00,19,Sun,3,3,2022-09-25,23-079,DEN,,SFO,W 11-10,0.00,0.00,0.0,0.0,19,25.7,0,0.0,0,0.0,WR,HamlKJ00
6416,Mecole Hardman,0.00,2,Sun,3,3,2023-09-24,25-196,NYJ,,NWE,L 10-15,0.00,0.00,0.0,0.0,2,3.2,0,0.0,0,0.0,WR,HardMe00
6417,Mecole Hardman,0.00,6,Sun,4,4,2023-10-01,25-203,NYJ,,KAN,L 20-23,0.00,0.00,0.0,0.0,6,10.2,0,0.0,1,3.8,WR,HardMe00
6418,Mecole Hardman,0.00,6,Sun,6,6,2023-10-15,25-217,NYJ,,PHI,W 20-14,0.00,0.00,0.0,0.0,6,9.2,0,0.0,0,0.0,WR,HardMe00
6419,Mecole Hardman,0.00,5,Sun,16,17,2023-12-31,25-294,KAN,,CIN,W 25-17,0.00,0.00,0.0,0.0,5,9.3,0,0.0,0,0.0,WR,HardMe00
6420,Mecole Hardman,0.00,1,Sun,2,2,2024-09-15,26-187,KAN,,CIN,W 26-25,0.00,0.00,0.0,0.0,1,1.5,0,0.0,9,34.6,WR,HardMe00
6421,Mecole Hardman,0.00,3,Sun,3,3,2024-09-22,26-194,KAN,@,ATL,W 22-17,0.00,0.00,0.0,0.0,3,4.1,0,0.0,7,29.2,WR,HardMe00
6422,Mecole Hardman,0.00,10,Sun,4,4,2024-09-29,26-201,KAN,@,LAC,W 17-10,0.00,0.00,0.0,0.0,10,16.1,0,0.0,9,37.5,WR,HardMe00
6423,Mecole Hardman,0.00,8,Fri,12,13,2024-11-29,26-262,KAN,,LVR,W 19-17,0.00,0.00,0.0,0.0,8,11.3,0,0.0,8,25.8,WR,HardMe00
6424,Deonte Harty,0.00,6,Thu,8,8,2023-10-26,25-326,BUF,,TAM,W 24-18,0.00,0.00,0.0,0.0,6,8.7,0,0.0,6,23.1,WR,HarrDe07
6425,Deonte Harty,0.00,3,Sun,9,9,2023-11-05,25-336,BUF,@,CIN,L 18-24,0.00,0.00,0.0,0.0,3,5.2,0,0.0,3,14.3,WR,HarrDe07
6426,Deonte Harty,0.00,4,Mon,10,10,2023-11-13,25-344,BUF,,DEN,L 22-24,0.00,0.00,0.0,0.0,4,7.4,0,0.0,5,18.5,WR,HarrDe07
6427,Deonte Harty,0.00,14,Sun,11,11,2023-11-19,25-350,BUF,,NYJ,W 32-6,0.00,0.00,-0.2,-0.2,14,18.4,0,0.0,7,25.9,WR,HarrDe07
6428,Deonte Harty,0.00,2,Sun,14,15,2023-12-17,26-013,BUF,,DAL,W 31-10,0.00,0.00,0.0,0.0,2,2.9,0,0.0,6,25.0,WR,HarrDe07
6429,Deonte Harty,0.00,3,Sun,16,17,2023-12-31,26-027,BUF,,NWE,W 27-21,0.00,0.00,0.0,0.0,3,4.3,0,0.0,4,13.8,WR,HarrDe07
6430,Deonte Harty,0.00,4,Sun,5,5,2022-10-09,24-309,NOR,,SEA,W 39-32,0.00,0.00,0.0,0.0,4,5.2,0,0.0,2,5.9,WR,HarrDe07
6431,Deonte Harty,0.00,4,Thu,1,1,2024-09-05,26-276,BAL,@,KAN,L 20-27,0.00,0.00,0.0,0.0,4,5.0,0,0.0,9,34.6,WR,HarrDe07
6432,Deonte Harty,0.00,1,Sun,2,2,2024-09-15,26-286,BAL,,LVR,L 23-26,0.00,0.00,0.0,0.0,1,1.5,0,0.0,10,30.3,WR,HarrDe07
6433,Deonte Harty,0.00,1,Sun,4,4,2024-09-29,26-300,BAL,,BUF,W 35-10,0.00,0.00,0.0,0.0,1,1.8,0,0.0,9,33.3,WR,HarrDe07
6434,Jacob Harris,0.00,1,Sun,2,2,2022-09-18,25-155,LAR,,ATL,W 31-27,0.00,0.00,0.0,0.0,1,1.6,0,0.0,12,52.2,WR,HarrJa03
6435,Jacob Harris,0.00,7,Sun,3,3,2023-09-24,26-161,JAX,,HOU,L 17-37,0.00,0.00,0.0,0.0,7,9.6,0,0.0,17,58.6,WR,HarrJa03
6436,Jacob Harris,0.00,7,Sun,4,4,2023-10-01,26-168,JAX,,ATL,W 23-7,0.00,0.00,0.0,0.0,7,10.6,0,0.0,8,36.4,WR,HarrJa03
6437,Marvin Harrison Jr.,0.00,8,Sun,6,6,2024-10-13,22-063,ARI,@,GNB,L 13-34,0.00,0.00,0.0,0.0,8,13.8,0,0.0,0,0.0,WR,HarrMa09
6438,N'Keal Harry,0.00,1,Sun,5,5,2023-10-08,25-295,MIN,,KAN,L 20-27,0.00,0.00,0.0,0.0,1,1.4,0,0.0,5,20.8,WR,HarrNK00
6439,N'Keal Harry,0.00,1,Sun,6,6,2023-10-15,25-302,MIN,@,CHI,W 19-13,0.00,0.00,0.0,0.0,1,1.8,0,0.0,4,15.4,WR,HarrNK00
6440,N'Keal Harry,0.00,4,Mon,7,7,2023-10-23,25-310,MIN,,SFO,W 22-17,0.00,0.00,0.0,0.0,4,5.7,0,0.0,5,22.7,WR,HarrNK00
6441,N'Keal Harry,0.00,4,Sun,8,8,2023-10-29,25-316,MIN,@,GNB,W 24-10,0.00,0.00,0.0,0.0,4,5.6,0,0.0,4,17.4,WR,HarrNK00
6442,N'Keal Harry,0.00,6,Sun,9,9,2023-11-05,25-323,MIN,@,ATL,W 31-28,0.00,0.00,0.0,0.0,6,8.0,0,0.0,7,21.2,WR,HarrNK00
6443,N'Keal Harry,0.00,4,Sun,10,10,2023-11-12,25-330,MIN,,NOR,W 27-19,0.00,0.00,0.0,0.0,4,5.5,0,0.0,6,20.7,WR,HarrNK00
6444,N'Keal Harry,0.00,2,Sun,11,11,2023-11-19,25-337,MIN,@,DEN,L 20-21,0.00,0.00,0.0,0.0,2,2.7,0,0.0,7,25.9,WR,HarrNK00
6445,N'Keal Harry,0.00,1,Mon,12,12,2023-11-27,25-345,MIN,,CHI,L 10-12,0.00,0.00,0.0,0.0,1,1.8,0,0.0,5,25.0,WR,HarrNK00
6446,N'Keal Harry,0.00,28,Sat,15,16,2022-12-24,25-007,CHI,,BUF,L 13-35,0.00,0.00,0.0,0.0,28,44.4,0,0.0,0,0.0,WR,HarrNK00
6447,Penny Hart,0.00,1,Sun,2,2,2022-09-18,26-075,SEA,@,SFO,L 7-27,0.00,0.00,0.0,0.0,1,2.0,0,0.0,9,39.1,WR,HartPe01
6448,Penny Hart,0.00,2,Sun,4,4,2022-10-02,26-089,SEA,@,DET,W 48-45,0.00,0.00,0.0,0.0,2,2.9,0,0.0,12,36.4,WR,HartPe01
6449,Penny Hart,0.00,1,Sun,5,5,2022-10-09,26-096,SEA,@,NOR,L 32-39,0.00,0.00,0.0,0.0,1,1.9,0,0.0,5,14.7,WR,HartPe01
6450,Penny Hart,0.00,1,Sun,9,9,2022-11-06,26-124,SEA,@,ARI,W 31-21,0.00,0.00,0.0,0.0,1,1.4,0,0.0,14,51.9,WR,HartPe01
6451,Penny Hart,0.00,3,Sun,10,10,2022-11-13,26-131,SEA,@,TAM,L 16-21,0.00,0.00,0.0,0.0,3,5.8,0,0.0,3,14.3,WR,HartPe01
6452,Malik Heath,0.00,29,Sun,1,1,2023-09-10,23-163,GNB,@,CHI,W 38-20,0.00,0.00,0.0,0.0,29,48.3,0,0.0,4,14.3,WR,HeatMa00
6453,Malik Heath,0.00,10,Sun,2,2,2023-09-17,23-170,GNB,@,ATL,L 24-25,0.00,0.00,0.0,0.0,10,20.0,0,0.0,7,25.9,WR,HeatMa00
6454,Malik Heath,0.00,11,Sun,3,3,2023-09-24,23-177,GNB,,NOR,W 18-17,0.00,0.00,0.0,0.0,11,13.9,0,0.0,4,16.0,WR,HeatMa00
6455,Malik Heath,0.00,7,Sun,8,9,2023-11-05,23-219,GNB,,LAR,W 20-3,0.00,0.00,0.0,0.0,7,9.7,0,0.0,2,8.7,WR,HeatMa00
6456,Malik Heath,0.00,3,Sun,9,10,2023-11-12,23-226,GNB,@,PIT,L 19-23,0.00,0.00,0.0,0.0,3,4.4,0,0.0,6,20.7,WR,HeatMa00
6457,Malik Heath,0.00,51,Sun,15,16,2023-12-24,23-268,GNB,@,CAR,W 33-30,0.00,1.00,1.0,0.5,51,77.3,0,0.0,0,0.0,WR,HeatMa00
6458,Malik Heath,0.00,11,Sun,3,3,2024-09-22,24-175,GNB,@,TEN,W 30-14,0.00,0.00,0.0,0.0,11,17.5,0,0.0,4,14.3,WR,HeatMa00
6459,Malik Heath,0.00,17,Sun,6,6,2024-10-13,24-196,GNB,,ARI,W 34-13,0.00,0.00,0.0,0.0,17,23.3,0,0.0,4,14.8,WR,HeatMa00
6460,Malik Heath,0.00,1,Sun,7,7,2024-10-20,24-203,GNB,,HOU,W 24-22,0.00,0.00,0.0,0.0,1,1.7,0,0.0,6,20.7,WR,HeatMa00
6461,Malik Heath,0.00,1,Sun,8,8,2024-10-27,24-210,GNB,@,JAX,W 30-27,0.00,0.00,0.0,0.0,1,1.4,0,0.0,6,18.2,WR,HeatMa00
6462,Malik Heath,0.00,3,Sun,10,11,2024-11-17,24-231,GNB,@,CHI,W 20-19,0.00,0.00,0.0,0.0,3,6.5,0,0.0,5,27.8,WR,HeatMa00
6463,Malik Heath,0.00,1,Thu,12,13,2024-11-28,24-242,GNB,,MIA,W 30-17,0.00,0.00,0.0,0.0,1,1.9,0,0.0,3,12.5,WR,HeatMa00
6464,Malik Heath,0.00,6,Thu,13,14,2024-12-05,24-249,GNB,@,DET,L 31-34,0.00,0.00,0.0,0.0,6,12.0,0,0.0,7,25.0,WR,HeatMa00
6465,Rashard Higgins,0.00,6,Sun,3,3,2022-09-25,27-353,CAR,,NOR,W 22-14,0.00,0.00,0.0,0.0,6,9.8,0,0.0,0,0.0,WR,HiggRa00
6466,Rashard Higgins,0.00,3,Sun,4,4,2022-10-02,27-360,CAR,,ARI,L 16-26,0.00,0.00,0.0,0.0,3,5.8,0,0.0,0,0.0,WR,HiggRa00
6467,Tee Higgins,0.00,10,Sun,5,5,2022-10-09,23-264,CIN,@,BAL,L 17-19,0.00,0.00,0.0,0.0,10,15.9,0,0.0,0,0.0,WR,HiggTe00
6468,Tee Higgins,0.00,1,Sun,13,14,2022-12-11,23-327,CIN,,CLE,W 23-10,0.00,0.00,0.0,0.0,1,1.5,0,0.0,0,0.0,WR,HiggTe00
6469,Tee Higgins,0.00,53,Sun,1,1,2023-09-10,24-235,CIN,@,CLE,L 3-24,0.00,0.00,0.0,0.0,53,94.6,0,0.0,0,0.0,WR,HiggTe00
6470,Kendall Hinton,0.00,1,Sun,8,8,2022-10-30,25-253,DEN,@,JAX,W 21-17,0.00,0.00,0.0,0.0,1,1.6,0,0.0,4,15.4,WR,HintKe00
6471,Kendall Hinton,0.00,33,Sun,16,17,2023-01-01,25-316,DEN,@,KAN,L 24-27,0.00,0.00,0.0,0.0,33,47.1,0,0.0,9,31.0,WR,HintKe00
6472,Isaiah Hodgins,0.00,33,Thu,3,3,2023-09-21,24-335,NYG,@,SFO,L 12-30,0.00,0.00,0.0,0.0,33,66.0,0,0.0,0,0.0,WR,HodgIs00
6473,Isaiah Hodgins,0.00,18,Sun,6,6,2023-10-15,24-359,NYG,@,BUF,L 9-14,0.00,0.00,0.0,0.0,18,23.4,0,0.0,0,0.0,WR,HodgIs00
6474,Isaiah Hodgins,0.00,48,Sun,8,8,2023-10-29,25-008,NYG,,NYJ,L 10-13 (OT),0.00,0.00,0.0,0.0,48,64.0,0,0.0,0,0.0,WR,HodgIs00
6475,Isaiah Hodgins,0.00,31,Sun,9,9,2023-11-05,25-015,NYG,@,LVR,L 6-30,0.00,0.00,0.0,0.0,31,49.2,0,0.0,0,0.0,WR,HodgIs00
6476,Isaiah Hodgins,0.00,34,Sun,10,10,2023-11-12,25-022,NYG,@,DAL,L 17-49,0.00,0.00,0.0,0.0,34,59.6,0,0.0,0,0.0,WR,HodgIs00
6477,Isaiah Hodgins,0.00,18,Sun,14,15,2023-12-17,25-057,NYG,@,NOR,L 6-24,0.00,0.00,0.0,0.0,18,29.0,0,0.0,0,0.0,WR,HodgIs00
6478,Isaiah Hodgins,0.00,27,Mon,15,16,2023-12-25,25-065,NYG,@,PHI,L 25-33,0.00,0.00,0.0,0.0,27,42.9,0,0.0,0,0.0,WR,HodgIs00
6479,Isaiah Hodgins,0.00,25,Sun,5,5,2024-10-06,25-351,NYG,@,SEA,W 29-20,0.00,0.00,0.0,0.0,25,34.7,0,0.0,0,0.0,WR,HodgIs00
6480,Isaiah Hodgins,0.00,3,Sun,6,6,2022-10-16,23-360,BUF,@,KAN,W 24-20,0.00,0.00,0.0,0.0,3,4.1,0,0.0,3,13.0,WR,HodgIs00
6481,KhaDarel Hodge,0.00,11,Sun,3,3,2022-09-25,27-265,ATL,@,SEA,W 27-23,0.00,0.00,0.0,0.0,11,19.3,0,0.0,12,48.0,WR,HodgKh00
6482,KhaDarel Hodge,0.00,18,Sun,4,4,2022-10-02,27-272,ATL,,CLE,W 23-20,0.00,0.00,0.0,0.0,18,32.7,0,0.0,11,42.3,WR,HodgKh00
6483,KhaDarel Hodge,0.00,7,Sun,6,6,2022-10-16,27-286,ATL,,SFO,W 28-14,0.00,0.00,0.0,0.0,7,12.1,0,0.0,13,59.1,WR,HodgKh00
6484,KhaDarel Hodge,0.00,2,Sun,7,7,2022-10-23,27-293,ATL,@,CIN,L 17-35,0.00,0.00,0.0,0.0,2,4.3,0,0.0,15,60.0,WR,HodgKh00
6485,KhaDarel Hodge,0.00,3,Sun,8,8,2022-10-30,27-300,ATL,,CAR,W 37-34 (OT),0.00,0.00,0.0,0.0,3,4.5,0,0.0,19,54.3,WR,HodgKh00
6486,KhaDarel Hodge,0.00,8,Sun,12,12,2022-11-27,27-328,ATL,@,WAS,L 13-19,0.00,0.00,0.0,0.0,8,14.0,0,0.0,15,62.5,WR,HodgKh00
6487,KhaDarel Hodge,0.00,6,Sun,13,13,2022-12-04,27-335,ATL,,PIT,L 16-19,0.00,0.00,0.0,0.0,6,11.1,0,0.0,16,64.0,WR,HodgKh00
6488,KhaDarel Hodge,0.00,13,Sun,14,15,2022-12-18,27-349,ATL,@,NOR,L 18-21,0.00,0.00,0.0,0.0,13,17.6,0,0.0,17,77.3,WR,HodgKh00
6489,KhaDarel Hodge,0.00,14,Sat,15,16,2022-12-24,27-355,ATL,@,BAL,L 9-17,0.00,0.00,0.0,0.0,14,19.7,0,0.0,14,66.7,WR,HodgKh00
6490,KhaDarel Hodge,0.00,20,Sun,17,18,2023-01-08,28-005,ATL,,TAM,W 30-17,0.00,0.00,0.0,0.0,20,29.4,0,0.0,19,67.9,WR,HodgKh00
6491,KhaDarel Hodge,0.00,7,Sun,1,1,2023-09-10,28-250,ATL,,CAR,W 24-10,0.00,0.00,0.0,0.0,7,13.5,0,0.0,13,50.0,WR,HodgKh00
6492,KhaDarel Hodge,0.00,11,Sun,2,2,2023-09-17,28-257,ATL,,GNB,W 25-24,0.00,0.00,0.0,0.0,11,13.4,0,0.0,17,63.0,WR,HodgKh00
6493,KhaDarel Hodge,0.00,29,Sun,6,6,2023-10-15,28-285,ATL,,WAS,L 16-24,0.00,0.00,0.0,0.0,29,34.9,0,0.0,18,75.0,WR,HodgKh00
6494,KhaDarel Hodge,0.00,28,Sun,10,10,2023-11-12,28-313,ATL,@,ARI,L 23-25,0.00,0.00,0.0,0.0,28,39.4,0,0.0,17,65.4,WR,HodgKh00
6495,KhaDarel Hodge,0.00,27,Sun,11,12,2023-11-26,28-327,ATL,,NOR,W 24-15,0.00,0.00,0.0,0.0,27,43.5,0,0.0,9,37.5,WR,HodgKh00
6496,KhaDarel Hodge,0.00,21,Sun,12,13,2023-12-03,28-334,ATL,@,NYJ,W 13-8,0.00,0.00,0.0,0.0,21,30.9,0,0.0,22,78.6,WR,HodgKh00
6497,KhaDarel Hodge,0.00,17,Sun,16,17,2023-12-31,28-362,ATL,@,CHI,L 17-37,0.00,0.00,0.0,0.0,17,28.8,0,0.0,19,59.4,WR,HodgKh00
6498,KhaDarel Hodge,0.00,17,Sun,17,18,2024-01-07,29-004,ATL,@,NOR,L 17-48,0.00,0.00,0.0,0.0,17,27.9,0,0.0,21,65.6,WR,HodgKh00
6499,KhaDarel Hodge,0.00,2,Sun,1,1,2024-09-08,29-249,ATL,,PIT,L 10-18,0.00,0.00,0.0,0.0,2,3.6,0,0.0,17,68.0,WR,HodgKh00
6500,KhaDarel Hodge,0.00,2,Sun,3,3,2024-09-22,29-263,ATL,,KAN,L 17-22,0.00,0.00,0.0,0.0,2,3.3,0,0.0,15,62.5,WR,HodgKh00
6501,KhaDarel Hodge,0.00,3,Sun,4,4,2024-09-29,29-270,ATL,,NOR,W 26-24,0.00,0.00,6.0,6.0,3,5.4,0,0.0,18,64.3,WR,HodgKh00
6502,KhaDarel Hodge,0.00,8,Sun,6,6,2024-10-13,29-284,ATL,@,CAR,W 38-20,0.00,0.00,0.0,0.0,8,11.4,0,0.0,17,63.0,WR,HodgKh00
6503,KhaDarel Hodge,0.00,18,Sun,7,7,2024-10-20,29-291,ATL,,SEA,L 14-34,0.00,0.00,0.0,0.0,18,24.7,0,0.0,17,65.4,WR,HodgKh00
6504,KhaDarel Hodge,0.00,1,Sun,8,8,2024-10-27,29-298,ATL,@,TAM,W 31-26,0.00,0.00,0.0,0.0,1,1.6,0,0.0,17,63.0,WR,HodgKh00
6505,KhaDarel Hodge,0.00,1,Sun,10,10,2024-11-10,29-312,ATL,@,NOR,L 17-20,0.00,0.00,0.0,0.0,1,1.3,0,0.0,16,59.3,WR,HodgKh00
6506,KhaDarel Hodge,0.00,6,Sun,12,13,2024-12-01,29-333,ATL,,LAC,L 13-17,0.00,0.00,0.0,0.0,6,7.4,0,0.0,10,45.5,WR,HodgKh00
6507,KhaDarel Hodge,0.00,1,Sun,13,14,2024-12-08,29-340,ATL,@,MIN,L 21-42,0.00,0.00,0.0,0.0,1,1.4,0,0.0,15,55.6,WR,HodgKh00
6508,KhaDarel Hodge,0.00,5,Mon,14,15,2024-12-16,29-348,ATL,@,LVR,W 15-9,0.00,0.00,0.0,0.0,5,8.6,0,0.0,8,32.0,WR,HodgKh00
6509,Cody Hollister,0.00,19,Mon,2,2,2022-09-19,28-305,TEN,@,BUF,L 7-41,0.00,0.00,0.0,0.0,19,33.9,0,0.0,14,51.9,WR,HollCo00
6510,Cody Hollister,0.00,14,Sun,3,3,2022-09-25,28-311,TEN,,LVR,W 24-22,0.00,0.00,0.0,0.0,14,24.1,0,0.0,10,41.7,WR,HollCo00
6511,Cody Hollister,0.00,11,Sun,4,4,2022-10-02,28-318,TEN,@,IND,W 24-17,0.00,0.00,0.0,0.0,11,20.4,0,0.0,9,39.1,WR,HollCo00
6512,Cody Hollister,0.00,20,Sun,5,5,2022-10-09,28-325,TEN,@,WAS,W 21-17,0.00,0.00,0.0,0.0,20,31.3,0,0.0,18,64.3,WR,HollCo00
6513,Cody Hollister,0.00,32,Sun,7,8,2022-10-30,28-346,TEN,@,HOU,W 17-10,0.00,0.00,0.0,0.0,32,55.2,0,0.0,16,59.3,WR,HollCo00
6514,Cody Hollister,0.00,25,Sun,8,9,2022-11-06,28-353,TEN,@,KAN,L 17-20 (OT),0.00,0.00,0.0,0.0,25,49.0,0,0.0,17,54.8,WR,HollCo00
6515,Cody Hollister,0.00,9,Sun,9,10,2022-11-13,28-360,TEN,,DEN,W 17-10,0.00,0.00,0.0,0.0,9,14.5,0,0.0,15,51.7,WR,HollCo00
6516,Cody Hollister,0.00,7,Thu,10,11,2022-11-17,28-364,TEN,@,GNB,W 27-17,0.00,0.00,0.0,0.0,7,10.6,0,0.0,13,59.1,WR,HollCo00
6517,Cody Hollister,0.00,4,Sun,11,12,2022-11-27,29-009,TEN,,CIN,L 16-20,0.00,0.00,0.0,0.0,4,7.0,0,0.0,14,46.7,WR,HollCo00
6518,Mack Hollins,0.00,61,Mon,5,5,2022-10-10,29-024,LVR,@,KAN,L 29-30,0.00,0.00,0.0,0.0,61,95.3,0,0.0,7,25.0,WR,HollMa00
6519,Mack Hollins,0.00,46,Sun,4,4,2023-10-01,30-015,ATL,@,JAX,L 7-23,0.00,0.00,0.0,0.0,46,79.3,0,0.0,0,0.0,WR,HollMa00
6520,Mack Hollins,0.00,23,Sun,7,7,2023-10-22,30-036,ATL,@,TAM,W 16-13,0.00,0.00,0.0,0.0,23,35.4,0,0.0,14,66.7,WR,HollMa00
6521,Mack Hollins,0.00,15,Sun,15,16,2023-12-24,30-099,ATL,,IND,W 29-10,0.00,0.00,0.0,0.0,15,23.4,0,0.0,18,64.3,WR,HollMa00
6522,Mack Hollins,0.00,17,Sun,16,17,2023-12-31,30-106,ATL,@,CHI,L 17-37,0.00,0.00,0.0,0.0,17,28.8,0,0.0,19,59.4,WR,HollMa00
6523,Mack Hollins,0.00,13,Sun,17,18,2024-01-07,30-113,ATL,@,NOR,L 17-48,0.00,0.00,0.0,0.0,13,21.3,0,0.0,21,65.6,WR,HollMa00
6524,Mack Hollins,0.00,32,Thu,2,2,2024-09-12,30-362,BUF,@,MIA,W 31-10,0.00,0.00,0.0,0.0,32,71.1,0,0.0,10,47.6,WR,HollMa00
6525,Mack Hollins,0.00,41,Sun,7,7,2024-10-20,31-034,BUF,,TEN,W 34-10,0.00,0.00,0.0,0.0,41,74.5,1,1.4,16,57.1,WR,HollMa00
6526,Mack Hollins,0.00,35,Sun,8,8,2024-10-27,31-041,BUF,@,SEA,W 31-10,0.00,0.00,0.0,0.0,35,46.1,0,0.0,3,13.0,WR,HollMa00
6527,DeAndre Hopkins,0.00,44,Sun,6,7,2024-10-20,32-136,TEN,@,BUF,L 10-34,0.00,1.00,0.8,0.3,44,60.3,0,0.0,0,0.0,WR,HopkDe00
6528,Jesper Horsted,0.00,2,Sun,2,2,2022-09-18,25-203,LVR,,ARI,L 23-29 (OT),0.00,0.00,0.0,0.0,2,3.0,0,0.0,12,57.1,WR,HorsJe00
6529,Jesper Horsted,0.00,3,Sun,4,4,2022-10-02,25-217,LVR,,DEN,W 32-23,0.00,0.00,0.0,0.0,3,4.0,0,0.0,16,50.0,WR,HorsJe00
6530,Jesper Horsted,0.00,5,Sun,6,7,2022-10-23,25-238,LVR,,HOU,W 38-20,0.00,0.00,0.0,0.0,5,8.9,0,0.0,6,22.2,WR,HorsJe00
6531,Jesper Horsted,0.00,2,Sun,7,8,2022-10-30,25-245,LVR,@,NOR,L 0-24,0.00,0.00,0.0,0.0,2,3.4,0,0.0,12,63.2,WR,HorsJe00
6532,Jesper Horsted,0.00,3,Sun,8,9,2022-11-06,25-252,LVR,@,JAX,L 20-27,0.00,0.00,0.0,0.0,3,5.1,0,0.0,12,44.4,WR,HorsJe00
6533,Jesper Horsted,0.00,4,Sun,9,10,2022-11-13,25-259,LVR,,IND,L 20-25,0.00,0.00,0.0,0.0,4,5.7,0,0.0,13,56.5,WR,HorsJe00
6534,Jesper Horsted,0.00,1,Sun,16,17,2023-01-01,25-308,LVR,,SFO,L 34-37 (OT),0.00,0.00,0.0,0.0,1,1.4,0,0.0,17,51.5,WR,HorsJe00
6535,Dennis Houston,0.00,21,Sun,2,2,2022-09-18,23-147,DAL,,CIN,W 20-17,0.00,0.00,0.0,0.0,21,34.4,0,0.0,4,15.4,WR,HousDe01
6536,Lil'Jordan Humphrey,0.00,13,Sun,3,3,2023-09-24,25-158,DEN,@,MIA,L 20-70,0.00,0.00,0.0,0.0,13,21.0,0,0.0,0,0.0,WR,HumpLi01
6537,Lil'Jordan Humphrey,0.00,8,Sun,5,5,2023-10-08,25-172,DEN,,NYJ,L 21-31,0.00,0.00,0.0,0.0,8,12.7,0,0.0,0,0.0,WR,HumpLi01
6538,Lil'Jordan Humphrey,0.00,15,Thu,6,6,2023-10-12,25-176,DEN,@,KAN,L 8-19,0.00,0.00,0.0,0.0,15,28.8,0,0.0,0,0.0,WR,HumpLi01
6539,Lil'Jordan Humphrey,0.00,20,Sun,7,7,2023-10-22,25-186,DEN,,GNB,W 19-17,0.00,0.00,0.0,0.0,20,33.9,0,0.0,0,0.0,WR,HumpLi01
6540,Lil'Jordan Humphrey,0.00,22,Sun,8,8,2023-10-29,25-193,DEN,,KAN,W 24-9,0.00,0.00,0.0,0.0,22,31.0,0,0.0,0,0.0,WR,HumpLi01
6541,Lil'Jordan Humphrey,0.00,19,Sun,10,11,2023-11-19,25-214,DEN,,MIN,W 21-20,0.00,0.00,0.0,0.0,19,34.5,0,0.0,0,0.0,WR,HumpLi01
6542,Lil'Jordan Humphrey,0.00,40,Sun,15,16,2023-12-24,25-249,DEN,,NWE,L 23-26,0.00,0.00,0.0,0.0,40,58.0,0,0.0,0,0.0,WR,HumpLi01
6543,Lil'Jordan Humphrey,0.00,36,Sun,17,18,2024-01-07,25-263,DEN,@,LVR,L 14-27,0.00,0.00,0.0,0.0,36,59.0,0,0.0,0,0.0,WR,HumpLi01
6544,Lil'Jordan Humphrey,0.00,21,Sun,1,1,2024-09-08,26-142,DEN,@,SEA,L 20-26,0.00,0.00,0.0,0.0,21,30.4,0,0.0,0,0.0,WR,HumpLi01
6545,Lil'Jordan Humphrey,0.00,42,Sun,4,4,2024-09-29,26-163,DEN,@,NYJ,W 10-9,0.00,0.00,0.0,0.0,42,68.9,0,0.0,0,0.0,WR,HumpLi01
6546,Lil'Jordan Humphrey,0.00,21,Mon,13,13,2024-12-02,26-227,DEN,,CLE,W 41-32,0.00,0.00,0.0,0.0,21,31.8,0,0.0,0,0.0,WR,HumpLi01
6547,Lil'Jordan Humphrey,0.00,21,Sun,14,15,2024-12-15,26-240,DEN,,IND,W 31-13,0.00,0.00,0.0,0.0,21,33.3,0,0.0,0,0.0,WR,HumpLi01
6548,Lil'Jordan Humphrey,0.00,23,Thu,15,16,2024-12-19,26-244,DEN,@,LAC,L 27-34,0.00,0.00,0.0,0.0,23,35.9,0,0.0,0,0.0,WR,HumpLi01
6549,Lil'Jordan Humphrey,0.00,27,Sat,16,17,2024-12-28,26-253,DEN,@,CIN,L 24-30 (OT),0.00,0.00,0.0,0.0,27,45.0,0,0.0,0,0.0,WR,HumpLi01
6550,Lil'Jordan Humphrey,0.00,3,Sun,1,1,2022-09-11,24-145,NWE,@,MIA,L 7-20,0.00,0.00,0.0,0.0,3,5.3,0,0.0,1,5.3,WR,HumpLi01
6551,Lil'Jordan Humphrey,0.00,54,Sun,3,3,2022-09-25,24-159,NWE,,BAL,L 26-37,0.00,0.00,0.0,0.0,54,81.8,0,0.0,10,37.0,WR,HumpLi01
6552,Lil'Jordan Humphrey,0.00,14,Sun,5,5,2022-10-09,24-173,NWE,,DET,W 29-0,0.00,0.00,0.0,0.0,14,23.3,0,0.0,1,5.3,WR,HumpLi01
6553,Xavier Hutchinson,0.00,18,Sun,2,2,2023-09-17,23-108,HOU,,IND,L 20-31,0.00,0.00,0.0,0.0,18,21.4,0,0.0,10,34.5,WR,HutcXa00
6554,Xavier Hutchinson,0.00,8,Sun,5,5,2023-10-08,23-129,HOU,@,ATL,L 19-21,0.00,0.00,0.0,0.0,8,13.8,0,0.0,16,55.2,WR,HutcXa00
6555,Xavier Hutchinson,0.00,5,Sun,7,8,2023-10-29,23-150,HOU,@,CAR,L 13-15,0.00,0.00,0.0,0.0,5,8.6,0,0.0,8,33.3,WR,HutcXa00
6556,Xavier Hutchinson,0.00,6,Sun,10,11,2023-11-19,23-171,HOU,,ARI,W 21-16,0.00,0.00,0.0,0.0,6,9.0,0,0.0,2,11.1,WR,HutcXa00
6557,Xavier Hutchinson,0.00,9,Sun,2,2,2024-09-15,24-106,HOU,,CHI,W 19-13,0.00,0.00,0.0,0.0,9,14.5,0,0.0,4,13.3,WR,HutcXa00
6558,Xavier Hutchinson,0.00,12,Sun,3,3,2024-09-22,24-113,HOU,@,MIN,L 7-34,0.00,0.00,0.0,0.0,12,17.9,0,0.0,8,30.8,WR,HutcXa00
6559,Xavier Hutchinson,0.00,13,Sun,4,4,2024-09-29,24-120,HOU,,JAX,W 24-20,0.00,0.00,0.0,0.0,13,17.3,0,0.0,14,48.3,WR,HutcXa00
6560,Xavier Hutchinson,0.00,33,Sun,6,6,2024-10-13,24-134,HOU,@,NWE,W 41-21,0.00,0.00,0.0,0.0,33,50.0,0,0.0,0,0.0,WR,HutcXa00
6561,Xavier Hutchinson,0.00,59,Thu,9,9,2024-10-31,24-152,HOU,@,NYJ,L 13-21,0.00,0.00,0.0,0.0,59,74.7,0,0.0,0,0.0,WR,HutcXa00
6562,Xavier Hutchinson,0.00,28,Mon,11,11,2024-11-18,24-170,HOU,@,DAL,W 34-10,0.00,0.00,0.0,0.0,28,43.8,0,0.0,4,14.8,WR,HutcXa00
6563,Xavier Hutchinson,0.00,8,Sun,12,12,2024-11-24,24-176,HOU,,TEN,L 27-32,0.00,0.00,0.0,0.0,8,14.3,0,0.0,12,34.3,WR,HutcXa00
6564,Jalin Hyatt,0.00,25,Sun,1,1,2023-09-10,21-350,NYG,,DAL,L 0-40,0.00,0.00,0.0,0.0,25,35.7,0,0.0,0,0.0,WR,HyatJa00
6565,Jalin Hyatt,0.00,16,Thu,3,3,2023-09-21,21-361,NYG,@,SFO,L 12-30,0.00,0.00,0.0,0.0,16,32.0,0,0.0,0,0.0,WR,HyatJa00
6566,Jalin Hyatt,0.00,33,Sun,5,5,2023-10-08,22-013,NYG,@,MIA,L 16-31,0.00,0.00,0.0,0.0,33,45.8,0,0.0,0,0.0,WR,HyatJa00
6567,Jalin Hyatt,0.00,25,Sun,8,8,2023-10-29,22-034,NYG,,NYJ,L 10-13 (OT),0.00,0.00,0.0,0.0,25,33.3,0,0.0,0,0.0,WR,HyatJa00
6568,Jalin Hyatt,0.00,17,Sun,10,10,2023-11-12,22-048,NYG,@,DAL,L 17-49,0.00,0.00,0.0,0.0,17,29.8,0,0.0,0,0.0,WR,HyatJa00
6569,Jalin Hyatt,0.00,44,Sun,14,15,2023-12-17,22-083,NYG,@,NOR,L 6-24,0.00,0.00,0.0,0.0,44,71.0,0,0.0,0,0.0,WR,HyatJa00
6570,Jalin Hyatt,0.00,35,Mon,15,16,2023-12-25,22-091,NYG,@,PHI,L 25-33,0.00,0.00,0.0,0.0,35,55.6,0,0.0,0,0.0,WR,HyatJa00
6571,Jalin Hyatt,0.00,16,Sun,1,1,2024-09-08,22-349,NYG,,MIN,L 6-28,0.00,0.00,0.0,0.0,16,22.5,0,0.0,0,0.0,WR,HyatJa00
6572,Jalin Hyatt,0.00,12,Sun,2,2,2024-09-15,22-356,NYG,@,WAS,L 18-21,0.00,0.00,0.0,0.0,12,21.4,0,0.0,0,0.0,WR,HyatJa00
6573,Jalin Hyatt,0.00,10,Sun,3,3,2024-09-22,22-363,NYG,@,CLE,W 21-15,0.00,0.00,0.0,0.0,10,13.9,0,0.0,0,0.0,WR,HyatJa00
6574,Jalin Hyatt,0.00,13,Thu,4,4,2024-09-26,23-001,NYG,,DAL,L 15-20,0.00,0.00,0.0,0.0,13,18.8,0,0.0,0,0.0,WR,HyatJa00
6575,Jalin Hyatt,0.00,48,Sun,5,5,2024-10-06,23-011,NYG,@,SEA,W 29-20,0.00,0.00,0.0,0.0,48,66.7,0,0.0,0,0.0,WR,HyatJa00
6576,Jalin Hyatt,0.00,3,Sun,7,7,2024-10-20,23-025,NYG,,PHI,L 3-28,0.00,0.00,0.0,0.0,3,5.2,0,0.0,0,0.0,WR,HyatJa00
6577,Jalin Hyatt,0.00,4,Sun,9,9,2024-11-03,23-039,NYG,,WAS,L 22-27,0.00,0.00,0.0,0.0,4,6.2,0,0.0,0,0.0,WR,HyatJa00
6578,Jalin Hyatt,0.00,25,Sun,11,12,2024-11-24,23-060,NYG,,TAM,L 7-30,0.00,0.00,0.0,0.0,25,42.4,0,0.0,0,0.0,WR,HyatJa00
6579,Jalin Hyatt,0.00,18,Sun,13,14,2024-12-08,23-074,NYG,,NOR,L 11-14,0.00,0.00,0.0,0.0,18,23.1,0,0.0,0,0.0,WR,HyatJa00
6580,Jalin Hyatt,0.00,20,Sun,14,15,2024-12-15,23-081,NYG,,BAL,L 14-35,0.00,0.00,0.0,0.0,20,29.4,0,0.0,0,0.0,WR,HyatJa00
6581,Jalin Hyatt,0.00,10,Sun,16,17,2024-12-29,23-095,NYG,,IND,W 45-33,0.00,0.00,0.0,0.0,10,17.9,0,0.0,0,0.0,WR,HyatJa00
6582,Jalin Hyatt,0.00,18,Sun,17,18,2025-01-05,23-102,NYG,@,PHI,L 13-20,0.00,0.00,0.0,0.0,18,34.0,0,0.0,0,0.0,WR,HyatJa00
6583,Andrei Iosivas,0.00,1,Sun,1,1,2023-09-10,23-330,CIN,@,CLE,L 3-24,0.00,0.00,0.0,0.0,1,1.8,0,0.0,25,80.6,WR,IosiAn00
6584,Andrei Iosivas,0.00,2,Sun,2,2,2023-09-17,23-337,CIN,,BAL,L 24-27,0.00,0.00,0.0,0.0,2,3.3,0,0.0,15,60.0,WR,IosiAn00
6585,Andrei Iosivas,0.00,8,Mon,3,3,2023-09-25,23-345,CIN,,LAR,W 19-16,0.00,0.00,0.0,0.0,8,10.4,0,0.0,20,64.5,WR,IosiAn00
6586,Andrei Iosivas,0.00,10,Sun,4,4,2023-10-01,23-351,CIN,@,TEN,L 3-27,0.00,0.00,0.0,0.0,10,18.9,0,0.0,15,71.4,WR,IosiAn00
6587,Andrei Iosivas,0.00,18,Sun,9,10,2023-11-12,24-028,CIN,,HOU,L 27-30,0.00,0.00,0.0,0.0,18,28.1,0,0.0,1,3.1,WR,IosiAn00
6588,Andrei Iosivas,0.00,7,Mon,12,13,2023-12-04,24-050,CIN,@,JAX,W 34-31 (OT),0.00,0.00,0.0,0.0,7,9.6,0,0.0,18,56.3,WR,IosiAn00
6589,Andrei Iosivas,0.00,10,Sun,13,14,2023-12-10,24-056,CIN,,IND,W 34-14,0.00,0.00,0.0,0.0,10,16.7,0,0.0,17,63.0,WR,IosiAn00
6590,Andrei Iosivas,0.00,20,Sun,16,17,2023-12-31,24-077,CIN,@,KAN,L 17-25,0.00,0.00,0.0,0.0,20,27.0,0,0.0,17,63.0,WR,IosiAn00
6591,Andrei Iosivas,0.00,39,Sun,7,7,2024-10-20,25-005,CIN,@,CLE,W 21-14,0.00,0.00,0.0,0.0,39,70.9,0,0.0,1,3.6,WR,IosiAn00
6592,Andrei Iosivas,0.00,51,Sun,8,8,2024-10-27,25-012,CIN,,PHI,L 17-37,0.00,0.00,0.0,0.0,51,87.9,0,0.0,0,0.0,WR,IosiAn00
6593,Trenton Irwin,0.00,12,Sun,1,1,2023-09-10,27-274,CIN,@,CLE,L 3-24,0.00,0.00,0.0,0.0,12,21.4,0,0.0,0,0.0,WR,IrwiTr00
6594,Trenton Irwin,0.00,11,Sun,2,2,2023-09-17,27-281,CIN,,BAL,L 24-27,0.00,0.00,0.0,0.0,11,18.3,0,0.0,0,0.0,WR,IrwiTr00
6595,Trenton Irwin,0.00,24,Sun,6,6,2023-10-15,27-309,CIN,,SEA,W 17-13,0.00,0.00,0.0,0.0,24,44.4,0,0.0,3,13.0,WR,IrwiTr00
6596,Trenton Irwin,0.00,14,Sun,8,9,2023-11-05,27-330,CIN,,BUF,W 24-18,0.00,0.00,0.0,0.0,14,20.0,0,0.0,3,14.3,WR,IrwiTr00
6597,Trenton Irwin,0.00,12,Sun,13,14,2023-12-10,28-000,CIN,,IND,W 34-14,0.00,0.00,0.0,0.0,12,20.0,0,0.0,0,0.0,WR,IrwiTr00
6598,Trenton Irwin,0.00,10,Sat,14,15,2023-12-16,28-006,CIN,,MIN,W 27-24 (OT),0.00,0.00,0.0,0.0,10,14.3,0,0.0,0,0.0,WR,IrwiTr00
6599,Trenton Irwin,0.00,3,Sun,6,6,2024-10-13,28-308,CIN,@,NYG,W 17-7,0.00,0.00,0.0,0.0,3,5.7,0,0.0,0,0.0,WR,IrwiTr00
6600,Trenton Irwin,0.00,22,Sun,9,9,2024-11-03,28-329,CIN,,LVR,W 41-24,0.00,0.00,0.0,0.0,22,29.7,0,0.0,5,15.6,WR,IrwiTr00
6601,Trenton Irwin,0.00,12,Thu,10,10,2024-11-07,28-333,CIN,@,BAL,L 34-35,0.00,0.00,0.0,0.0,12,14.6,0,0.0,6,21.4,WR,IrwiTr00
6602,Trenton Irwin,0.00,4,Sun,11,11,2024-11-17,28-343,CIN,@,LAC,L 27-34,0.00,0.00,0.0,0.0,4,4.9,0,0.0,6,16.2,WR,IrwiTr00
6603,Andy Isabella,0.00,14,Sun,4,4,2022-10-02,25-318,ARI,@,CAR,W 26-16,0.00,0.00,0.0,0.0,14,18.4,0,0.0,0,0.0,WR,IsabAn00
6604,Andy Isabella,0.00,3,Sat,15,16,2022-12-24,26-036,BAL,,ATL,W 17-9,0.00,0.00,0.0,0.0,3,5.8,0,0.0,5,23.8,WR,IsabAn00
6605,Andy Isabella,0.00,2,Sun,12,12,2023-11-26,27-008,BUF,@,PHI,L 34-37 (OT),0.00,0.00,0.0,0.0,2,2.1,0,0.0,12,33.3,WR,IsabAn00
6606,DeSean Jackson,0.00,20,Sat,14,15,2022-12-17,36-016,BAL,@,CLE,L 3-13,0.00,0.00,0.0,0.0,20,31.7,0,0.0,0,0.0,WR,JackDe00
6607,Jermaine Jackson,0.00,3,Sun,9,9,2024-11-03,24-154,NOR,@,CAR,L 22-23,0.00,0.00,-0.1,-0.1,3,3.8,0,0.0,11,37.9,WR,JackJe01
6608,Jermaine Jackson,0.00,1,Sun,10,10,2024-11-10,24-161,NOR,,ATL,W 20-17,0.00,0.00,0.0,0.0,1,1.9,0,0.0,7,25.9,WR,JackJe01
6609,Jha'Quan Jackson,0.00,1,Sun,2,2,2024-09-15,24-123,TEN,,NYJ,L 17-24,0.00,0.00,0.0,0.0,1,1.5,0,0.0,11,42.3,WR,JackJh00
6610,Jha'Quan Jackson,0.00,1,Sun,5,6,2024-10-13,24-151,TEN,,IND,L 17-20,0.00,0.00,0.0,0.0,1,1.7,0,0.0,10,38.5,WR,JackJh00
6611,Jha'Quan Jackson,0.00,1,Sun,6,7,2024-10-20,24-158,TEN,@,BUF,L 10-34,0.00,0.00,0.0,0.0,1,1.4,0,0.0,12,42.9,WR,JackJh00
6612,Jha'Quan Jackson,0.00,4,Sun,7,8,2024-10-27,24-165,TEN,@,DET,L 14-52,0.00,0.00,0.0,0.0,4,5.3,0,0.0,14,42.4,WR,JackJh00
6613,Jha'Quan Jackson,0.00,11,Sun,9,10,2024-11-10,24-179,TEN,@,LAC,L 17-27,0.00,0.00,0.0,0.0,11,20.4,0,0.0,9,34.6,WR,JackJh00
6614,Jha'Quan Jackson,0.00,1,Sun,10,11,2024-11-17,24-186,TEN,,MIN,L 13-23,0.00,0.00,0.0,0.0,1,1.7,0,0.0,10,38.5,WR,JackJh00
6615,Lucky Jackson,0.00,1,Sun,15,16,2023-12-24,26-160,MIN,,DET,L 24-30,0.00,0.00,0.0,0.0,1,1.8,0,0.0,12,46.2,WR,JackLu00
6616,Lucky Jackson,0.00,1,Sun,16,17,2023-12-31,26-167,MIN,,GNB,L 10-33,0.00,0.00,0.0,0.0,1,1.9,0,0.0,8,33.3,WR,JackLu00
6617,Lucky Jackson,0.00,1,Sun,17,18,2024-01-07,26-174,MIN,@,DET,L 20-30,0.00,0.00,0.0,0.0,1,1.4,0,0.0,12,42.9,WR,JackLu00
6618,Shedrick Jackson,0.00,5,Thu,10,11,2023-11-16,24-027,CIN,@,BAL,L 20-34,0.00,0.00,0.0,0.0,5,8.2,0,0.0,19,59.4,WR,JackSh01
6619,Trishton Jackson,0.00,1,Sun,3,3,2023-09-24,25-199,MIN,,LAC,L 24-28,0.00,0.00,0.0,0.0,1,1.2,0,0.0,6,24.0,WR,JackTr02
6620,Trishton Jackson,0.00,4,Sun,6,6,2023-10-15,25-220,MIN,@,CHI,W 19-13,0.00,0.00,0.0,0.0,4,7.0,0,0.0,2,7.7,WR,JackTr02
6621,Trishton Jackson,0.00,9,Sun,8,8,2023-10-29,25-234,MIN,@,GNB,W 24-10,0.00,0.00,0.0,0.0,9,12.5,0,0.0,0,0.0,WR,JackTr02
6622,Trishton Jackson,0.00,2,Sun,10,10,2023-11-12,25-248,MIN,,NOR,W 27-19,0.00,0.00,0.0,0.0,2,2.7,0,0.0,0,0.0,WR,JackTr02
6623,Trishton Jackson,0.00,5,Sun,2,2,2024-09-15,26-190,MIN,,SFO,W 23-17,0.00,0.00,0.0,0.0,5,9.3,0,0.0,1,4.3,WR,JackTr02
6624,Trishton Jackson,0.00,5,Sun,3,3,2024-09-22,26-197,MIN,,HOU,W 34-7,0.00,0.00,0.0,0.0,5,7.9,0,0.0,1,3.8,WR,JackTr02
6625,Richie James,0.00,9,Sun,11,12,2023-11-26,28-082,KAN,@,LVR,W 31-17,0.00,0.00,0.0,0.0,9,15.0,0,0.0,7,26.9,WR,JameRi00
6626,Rakim Jarrett,0.00,6,Sun,1,1,2023-09-10,22-229,TAM,@,MIN,W 20-17,0.00,0.00,0.0,0.0,6,8.8,0,0.0,5,17.9,WR,JarrRa00
6627,Rakim Jarrett,0.00,6,Mon,3,3,2023-09-25,22-244,TAM,,PHI,L 11-25,0.00,0.00,0.0,0.0,6,12.8,0,0.0,10,50.0,WR,JarrRa00
6628,Rakim Jarrett,0.00,7,Sun,5,6,2023-10-15,22-264,TAM,,DET,L 6-20,0.00,0.00,0.0,0.0,7,12.5,0,0.0,8,32.0,WR,JarrRa00
6629,Rakim Jarrett,0.00,21,Sun,6,7,2023-10-22,22-271,TAM,,ATL,L 13-16,0.00,0.00,0.0,0.0,21,28.8,0,0.0,11,52.4,WR,JarrRa00
6630,Rakim Jarrett,0.00,8,Sun,8,9,2023-11-05,22-285,TAM,@,HOU,L 37-39,0.00,0.00,0.0,0.0,8,12.1,0,0.0,23,69.7,WR,JarrRa00
6631,Rakim Jarrett,0.00,14,Sun,9,10,2023-11-12,22-292,TAM,,TEN,W 20-6,0.00,0.00,0.0,0.0,14,21.5,0,0.0,13,56.5,WR,JarrRa00
6632,Rakim Jarrett,0.00,11,Sun,12,13,2024-12-01,23-312,TAM,@,CAR,W 26-23 (OT),0.00,0.00,0.0,0.0,11,13.8,0,0.0,11,30.6,WR,JarrRa00
6633,Rakim Jarrett,0.00,10,Sun,13,14,2024-12-08,23-319,TAM,,LVR,W 28-13,0.00,0.00,0.0,0.0,10,16.1,0,0.0,1,4.3,WR,JarrRa00
6634,Rakim Jarrett,0.00,7,Sun,14,15,2024-12-15,23-326,TAM,@,LAC,W 40-17,0.00,0.00,0.0,0.0,7,9.7,0,0.0,4,14.8,WR,JarrRa00
6635,Rakim Jarrett,0.00,7,Sun,17,18,2025-01-05,23-347,TAM,,NOR,W 27-19,0.00,0.00,0.0,0.0,7,10.4,0,0.0,8,28.6,WR,JarrRa00
6636,Van Jefferson,0.00,31,Sun,7,8,2022-10-30,26-096,LAR,,SFO,L 14-31,0.00,0.00,0.0,0.0,31,53.4,0,0.0,0,0.0,WR,JeffVa00
6637,Van Jefferson,0.00,20,Sun,8,9,2022-11-06,26-103,LAR,@,TAM,L 13-16,0.00,0.00,0.0,0.0,20,35.1,0,0.0,0,0.0,WR,JeffVa00
6638,Van Jefferson,0.00,2,Sun,5,5,2023-10-08,27-074,LAR,,PHI,L 14-23,0.00,0.00,0.0,0.0,2,3.6,0,0.0,0,0.0,WR,JeffVa00
6639,Van Jefferson,0.00,11,Sun,3,3,2024-09-22,28-058,PIT,,LAC,W 20-10,0.00,0.00,0.0,0.0,11,16.2,0,0.0,0,0.0,WR,JeffVa00
6640,Van Jefferson,0.00,43,Sun,6,6,2024-10-13,28-079,PIT,@,LVR,W 32-13,0.00,0.00,0.0,0.0,43,64.2,0,0.0,1,4.0,WR,JeffVa00
6641,Van Jefferson,0.00,55,Sun,9,10,2024-11-10,28-107,PIT,@,WAS,W 28-27,0.00,0.00,0.0,0.0,55,70.5,0,0.0,0,0.0,WR,JeffVa00
6642,Van Jefferson,0.00,43,Sun,10,11,2024-11-17,28-114,PIT,,BAL,W 18-16,0.00,0.00,0.0,0.0,43,55.1,0,0.0,0,0.0,WR,JeffVa00
6643,Van Jefferson,0.00,35,Sun,14,15,2024-12-15,28-142,PIT,@,PHI,L 13-27,0.00,1.00,1.0,0.5,35,81.4,0,0.0,0,0.0,WR,JeffVa00
6644,Van Jefferson,0.00,32,Wed,16,17,2024-12-25,28-152,PIT,,KAN,L 10-29,0.00,0.00,0.0,0.0,32,42.7,0,0.0,0,0.0,WR,JeffVa00
6645,Van Jefferson,0.00,22,Sun,6,6,2023-10-15,27-081,ATL,,WAS,L 16-24,0.00,0.00,0.0,0.0,22,26.5,0,0.0,0,0.0,WR,JeffVa00
6646,Van Jefferson,0.00,26,Sun,10,10,2023-11-12,27-109,ATL,@,ARI,L 23-25,0.00,0.00,0.0,0.0,26,36.6,0,0.0,0,0.0,WR,JeffVa00
6647,Van Jefferson,0.00,36,Sun,12,13,2023-12-03,27-130,ATL,@,NYJ,W 13-8,0.00,0.00,0.0,0.0,36,52.9,0,0.0,0,0.0,WR,JeffVa00
6648,Van Jefferson,0.00,32,Sun,13,14,2023-12-10,27-137,ATL,,TAM,L 25-29,0.00,0.00,0.0,0.0,32,44.4,0,0.0,0,0.0,WR,JeffVa00
6649,Van Jefferson,0.00,13,Sun,14,15,2023-12-17,27-144,ATL,@,CAR,L 7-9,0.00,0.00,0.0,0.0,13,25.0,0,0.0,0,0.0,WR,JeffVa00
6650,Jauan Jennings,0.00,22,Mon,10,11,2022-11-21,25-134,SFO,@,ARI,W 38-10,0.00,0.00,0.0,0.0,22,37.9,0,0.0,3,11.5,WR,JennJa00
6651,Jauan Jennings,0.00,22,Sun,1,1,2023-09-10,26-062,SFO,@,PIT,W 30-7,0.00,0.00,0.0,0.0,22,32.4,0,0.0,5,19.2,WR,JennJa00
6652,Jauan Jennings,0.00,50,Sun,8,8,2023-10-29,26-111,SFO,,CIN,L 17-31,0.00,0.00,0.0,0.0,50,84.7,0,0.0,0,0.0,WR,JennJa00
6653,Jauan Jennings,0.00,20,Sun,10,11,2023-11-19,26-132,SFO,,TAM,W 27-14,0.00,0.00,0.0,0.0,20,33.3,0,0.0,0,0.0,WR,JennJa00
6654,Jauan Jennings,0.00,18,Sun,13,14,2023-12-10,26-153,SFO,,SEA,W 28-16,0.00,0.00,0.0,0.0,18,33.3,0,0.0,5,18.5,WR,JennJa00
6655,Jerry Jeudy,0.00,1,Sun,9,10,2022-11-13,23-203,DEN,@,TEN,L 10-17,0.00,0.00,0.0,0.0,1,1.3,0,0.0,0,0.0,WR,JeudJe00
6656,Brandon Johnson,0.00,25,Sun,12,13,2022-12-04,24-131,DEN,@,BAL,L 9-10,0.00,0.00,0.0,0.0,25,47.2,0,0.0,0,0.0,WR,JohnBr23
6657,Brandon Johnson,0.00,53,Sun,13,14,2022-12-11,24-138,DEN,,KAN,L 28-34,0.00,0.00,0.0,0.0,53,73.6,0,0.0,0,0.0,WR,JohnBr23
6658,Brandon Johnson,0.00,14,Sun,16,17,2023-01-01,24-159,DEN,@,KAN,L 24-27,0.00,0.00,0.0,0.0,14,20.0,0,0.0,3,10.3,WR,JohnBr23
6659,Brandon Johnson,0.00,16,Thu,6,6,2023-10-12,25-078,DEN,@,KAN,L 8-19,0.00,0.00,0.0,0.0,16,30.8,0,0.0,0,0.0,WR,JohnBr23
6660,Brandon Johnson,0.00,22,Sun,7,7,2023-10-22,25-088,DEN,,GNB,W 19-17,0.00,0.00,0.0,0.0,22,37.3,0,0.0,0,0.0,WR,JohnBr23
6661,Brandon Johnson,0.00,9,Sun,12,13,2023-12-03,25-130,DEN,@,HOU,L 17-22,0.00,0.00,0.0,0.0,9,15.0,0,0.0,0,0.0,WR,JohnBr23
6662,Brandon Johnson,0.00,11,Sun,13,14,2023-12-10,25-137,DEN,@,LAC,W 24-7,0.00,0.00,0.0,0.0,11,16.4,0,0.0,0,0.0,WR,JohnBr23
6663,Brandon Johnson,0.00,4,Sat,14,15,2023-12-16,25-143,DEN,@,DET,L 17-42,0.00,0.00,0.0,0.0,4,6.3,0,0.0,0,0.0,WR,JohnBr23
6664,Brandon Johnson,0.00,10,Sun,7,7,2024-10-20,26-086,PIT,,NYJ,W 37-15,0.00,0.00,0.0,0.0,10,14.7,0,0.0,0,0.0,WR,JohnBr23
6665,Brandon Johnson,0.00,4,Mon,8,8,2024-10-28,26-094,PIT,,NYG,W 26-18,0.00,0.00,0.0,0.0,4,6.1,0,0.0,0,0.0,WR,JohnBr23
6666,Cade Johnson,0.00,1,Sun,8,8,2022-10-30,24-203,SEA,,NYG,W 27-13,0.00,0.00,0.0,0.0,1,1.6,0,0.0,0,0.0,WR,JohnCa03
6667,Cade Johnson,0.00,26,Sun,16,17,2023-01-01,24-266,SEA,,NYJ,W 23-6,0.00,0.00,0.0,0.0,26,36.1,0,0.0,0,0.0,WR,JohnCa03
6668,Collin Johnson,0.00,13,Sun,15,16,2023-12-24,26-092,CHI,,ARI,W 27-16,0.00,0.00,0.0,0.0,13,18.6,0,0.0,0,0.0,WR,JohnCo01
6669,Collin Johnson,0.00,16,Sun,17,18,2024-01-07,26-106,CHI,@,GNB,L 9-17,0.00,0.00,0.0,0.0,16,33.3,0,0.0,2,11.1,WR,JohnCo01
6670,Collin Johnson,0.00,1,Sun,2,2,2024-09-15,26-358,CHI,@,HOU,L 13-19,0.00,0.00,0.0,0.0,1,1.4,0,0.0,6,20.0,WR,JohnCo01
6671,Collin Johnson,0.00,2,Sun,3,3,2024-09-22,26-365,CHI,@,IND,L 16-21,0.00,0.00,0.0,0.0,2,2.2,0,0.0,13,56.5,WR,JohnCo01
6672,Collin Johnson,0.00,2,Thu,12,13,2024-11-28,27-066,CHI,@,DET,L 20-23,0.00,0.00,0.0,0.0,2,3.0,0,0.0,14,58.3,WR,JohnCo01
6673,Collin Johnson,0.00,11,Mon,14,15,2024-12-16,27-084,CHI,@,MIN,L 12-30,0.00,0.00,0.0,0.0,11,16.4,0,0.0,18,66.7,WR,JohnCo01
6674,Collin Johnson,0.00,6,Sun,15,16,2024-12-22,27-090,CHI,,DET,L 17-34,0.00,0.00,0.0,0.0,6,9.4,0,0.0,15,60.0,WR,JohnCo01
6675,Collin Johnson,0.00,4,Thu,16,17,2024-12-26,27-094,CHI,,SEA,L 3-6,0.00,0.00,0.0,0.0,4,6.6,0,0.0,16,76.2,WR,JohnCo01
6676,Collin Johnson,0.00,1,Sun,17,18,2025-01-05,27-104,CHI,@,GNB,W 24-22,0.00,0.00,0.0,0.0,1,1.6,0,0.0,18,66.7,WR,JohnCo01
6677,Diontae Johnson,0.00,17,Sun,9,9,2024-11-03,28-121,BAL,,DEN,W 41-10,0.00,0.00,0.0,0.0,17,29.8,0,0.0,0,0.0,WR,JohnDi01
6678,Diontae Johnson,0.00,11,Sun,11,11,2024-11-17,28-135,BAL,@,PIT,L 16-18,0.00,0.00,0.0,0.0,11,18.0,0,0.0,0,0.0,WR,JohnDi01
6679,Diontae Johnson,0.00,6,Mon,12,12,2024-11-25,28-143,BAL,@,LAC,W 30-23,0.00,0.00,0.0,0.0,6,9.2,0,0.0,0,0.0,WR,JohnDi01
6680,Jaylen Johnson,0.00,1,Sun,7,8,2024-10-27,24-154,LAC,,NOR,W 26-8,0.00,0.00,0.0,0.0,1,1.5,0,0.0,3,8.8,WR,JohnJa07
6681,Johnny Johnson,0.00,9,Sun,17,18,2023-01-08,23-249,HOU,@,IND,W 32-31,0.00,0.00,0.0,0.0,9,13.8,0,0.0,0,0.0,WR,JohnJo12
6682,Johnny Johnson,0.00,4,Sat,17,18,2024-01-06,24-247,HOU,@,IND,W 23-19,0.00,0.00,0.0,0.0,4,7.1,0,0.0,5,16.7,WR,JohnJo12
6683,Kameron Johnson,0.00,11,Sun,1,1,2024-09-08,22-175,TAM,,WAS,W 37-20,0.00,0.00,0.0,0.0,11,17.2,0,0.0,9,33.3,WR,JohnKa01
6684,Kameron Johnson,0.00,25,Sun,4,4,2024-09-29,22-196,TAM,,PHI,W 33-16,0.00,0.00,0.0,0.0,25,32.5,0,0.0,5,18.5,WR,JohnKa01
6685,Kameron Johnson,0.00,4,Thu,5,5,2024-10-03,22-200,TAM,@,ATL,L 30-36 (OT),0.00,0.00,0.0,0.0,4,7.5,0,0.0,1,3.1,WR,JohnKa01
6686,Marcus Johnson,0.00,1,Sun,4,4,2022-10-02,28-058,NYG,,CHI,W 20-12,0.00,0.00,0.0,0.0,1,1.5,0,0.0,0,0.0,WR,JohnMa07
6687,Marcus Johnson,0.00,61,Sun,7,7,2022-10-23,28-079,NYG,@,JAX,W 23-17,0.00,0.00,0.0,0.0,61,79.2,0,0.0,4,18.2,WR,JohnMa07
6688,Marcus Johnson,0.00,4,Sun,9,10,2022-11-13,28-100,NYG,,HOU,W 24-16,0.00,0.00,0.0,0.0,4,5.8,0,0.0,5,16.7,WR,JohnMa07
6689,Marcus Johnson,0.00,4,Sun,10,11,2022-11-20,28-107,NYG,,DET,L 18-31,0.00,0.00,0.0,0.0,4,5.3,0,0.0,10,38.5,WR,JohnMa07
6690,Marcus Johnson,0.00,7,Thu,11,12,2022-11-24,28-111,NYG,@,DAL,L 20-28,0.00,0.00,0.0,0.0,7,10.9,0,0.0,13,56.5,WR,JohnMa07
6691,Marcus Johnson,0.00,10,Sun,12,13,2022-12-04,28-121,NYG,,WAS,T 20-20 (OT),0.00,0.00,0.0,0.0,10,15.2,0,0.0,20,58.8,WR,JohnMa07
6692,Marcus Johnson,0.00,6,Sun,13,14,2022-12-11,28-128,NYG,,PHI,L 22-48,0.00,0.00,0.0,0.0,6,9.4,0,0.0,21,67.7,WR,JohnMa07
6693,Marcus Johnson,0.00,2,Sun,14,15,2022-12-18,28-135,NYG,@,WAS,W 20-12,0.00,0.00,0.0,0.0,2,3.2,0,0.0,15,60.0,WR,JohnMa07
6694,Marcus Johnson,0.00,3,Sat,15,16,2022-12-24,28-141,NYG,@,MIN,L 24-27,0.00,0.00,0.0,0.0,3,4.3,0,0.0,17,58.6,WR,JohnMa07
6695,Marcus Johnson,0.00,11,Sun,16,17,2023-01-01,28-149,NYG,,IND,W 38-10,0.00,0.00,0.0,0.0,11,17.5,0,0.0,13,54.2,WR,JohnMa07
6696,Quentin Johnston,0.00,35,Mon,5,6,2023-10-16,22-040,LAC,,DAL,L 17-20,0.00,0.00,0.0,0.0,35,47.9,0,0.0,0,0.0,WR,JohnQu02
6697,Quentin Johnston,0.00,45,Mon,11,12,2024-11-25,23-080,LAC,,BAL,L 23-30,0.00,0.00,0.0,0.0,45,65.2,0,0.0,0,0.0,WR,JohnQu02
6698,Tyler Johnson,0.00,4,Sun,4,4,2022-10-02,24-038,HOU,,LAC,L 24-34,0.00,0.00,0.0,0.0,4,7.0,0,0.0,0,0.0,WR,JohnTy00
6699,Tyler Johnson,0.00,25,Sun,5,5,2022-10-09,24-045,HOU,@,JAX,W 13-6,0.00,0.00,0.0,0.0,25,43.1,0,0.0,0,0.0,WR,JohnTy00
6700,Tyler Johnson,0.00,10,Sun,4,4,2024-09-29,26-035,LAR,@,CHI,L 18-24,0.00,0.00,0.0,0.0,10,16.4,0,0.0,0,0.0,WR,JohnTy00
6701,Tyler Johnson,0.00,11,Sun,5,5,2024-10-06,26-042,LAR,,GNB,L 19-24,0.00,0.00,0.0,0.0,11,14.1,0,0.0,0,0.0,WR,JohnTy00
6702,Tyler Johnson,0.00,7,Sun,10,11,2024-11-17,26-084,LAR,@,NWE,W 28-22,0.00,0.00,0.0,0.0,7,13.5,0,0.0,0,0.0,WR,JohnTy00
6703,Tyler Johnson,0.00,8,Sun,12,13,2024-12-01,26-098,LAR,@,NOR,W 21-14,0.00,0.00,0.0,0.0,8,14.3,0,0.0,0,0.0,WR,JohnTy00
6704,Tyler Johnson,0.00,16,Sun,13,14,2024-12-08,26-105,LAR,,BUF,W 44-42,0.00,0.00,0.0,0.0,16,20.8,0,0.0,0,0.0,WR,JohnTy00
6705,Tyler Johnson,0.00,5,Thu,14,15,2024-12-12,26-109,LAR,@,SFO,W 12-6,0.00,0.00,0.0,0.0,5,7.7,0,0.0,0,0.0,WR,JohnTy00
6706,Tyron Johnson,0.00,5,Sun,7,8,2022-10-30,26-295,HOU,,TEN,L 10-17,0.00,0.00,0.0,0.0,5,9.3,0,0.0,0,0.0,WR,JohnTy03
6707,Tyron Johnson,0.00,3,Sun,1,1,2022-09-11,26-246,LVR,@,LAC,L 19-24,0.00,0.00,0.0,0.0,3,5.2,0,0.0,0,0.0,WR,JohnTy03
6708,Tyron Johnson,0.00,1,Sun,4,4,2022-10-02,26-267,LVR,,DEN,W 32-23,0.00,0.00,0.0,0.0,1,1.3,0,0.0,3,9.4,WR,JohnTy03
6709,Charlie Jones,0.00,1,Thu,10,11,2023-11-16,25-018,CIN,@,BAL,L 20-34,0.00,0.00,0.0,0.0,1,1.6,0,0.0,5,15.6,WR,JoneCh11
6710,Charlie Jones,0.00,4,Sun,11,12,2023-11-26,25-028,CIN,,PIT,L 10-16,0.00,0.00,0.0,0.0,4,9.3,0,0.0,4,16.7,WR,JoneCh11
6711,Charlie Jones,0.00,1,Mon,12,13,2023-12-04,25-036,CIN,@,JAX,W 34-31 (OT),0.00,0.00,0.0,0.0,1,1.4,0,0.0,6,18.8,WR,JoneCh11
6712,Charlie Jones,0.00,3,Sun,13,14,2023-12-10,25-042,CIN,,IND,W 34-14,0.00,0.00,0.0,0.0,3,5.0,0,0.0,4,14.8,WR,JoneCh11
6713,Charlie Jones,0.00,7,Sat,15,16,2023-12-23,25-055,CIN,@,PIT,L 11-34,0.00,1.00,0.9,0.4,7,10.9,0,0.0,5,20.8,WR,JoneCh11
6714,Charlie Jones,0.00,2,Sun,2,2,2024-09-15,25-322,CIN,@,KAN,L 25-26,0.00,0.00,0.0,0.0,2,3.1,0,0.0,2,7.7,WR,JoneCh11
6715,Charlie Jones,0.00,2,Mon,3,3,2024-09-23,25-330,CIN,,WAS,L 33-38,0.00,0.00,0.0,0.0,2,3.2,0,0.0,0,0.0,WR,JoneCh11
6716,Charlie Jones,0.00,3,Sun,4,4,2024-09-29,25-336,CIN,@,CAR,W 34-24,0.00,0.00,0.0,0.0,3,4.5,0,0.0,3,10.7,WR,JoneCh11
6717,Charlie Jones,0.00,5,Sun,5,5,2024-10-06,25-343,CIN,,BAL,L 38-41 (OT),0.00,0.00,0.0,0.0,5,7.5,0,0.0,11,31.4,WR,JoneCh11
6718,Charlie Jones,0.00,2,Sun,6,6,2024-10-13,25-350,CIN,@,NYG,W 17-7,0.00,0.00,0.0,0.0,2,3.8,0,0.0,6,27.3,WR,JoneCh11
6719,Charlie Jones,0.00,4,Sun,8,8,2024-10-27,25-364,CIN,,PHI,L 17-37,0.00,0.00,0.0,0.0,4,6.9,0,0.0,9,37.5,WR,JoneCh11
6720,Julio Jones,0.00,19,Sun,9,9,2023-11-05,34-275,PHI,,DAL,W 28-23,0.00,0.00,0.0,0.0,19,30.6,0,0.0,0,0.0,WR,JoneJu02
6721,Julio Jones,0.00,47,Sun,11,12,2023-11-26,34-296,PHI,,BUF,W 37-34 (OT),0.00,1.00,1.0,0.5,47,71.2,0,0.0,0,0.0,WR,JoneJu02
6722,Julio Jones,0.00,10,Sun,12,13,2023-12-03,34-303,PHI,,SFO,L 19-42,0.00,0.00,0.0,0.0,10,13.9,0,0.0,0,0.0,WR,JoneJu02
6723,Julio Jones,0.00,13,Sun,13,14,2023-12-10,34-310,PHI,@,DAL,L 13-33,0.00,0.00,0.0,0.0,13,23.6,0,0.0,0,0.0,WR,JoneJu02
6724,Marvin Jones,0.00,43,Sun,4,4,2022-10-02,32-204,JAX,@,PHI,L 21-29,0.00,0.00,0.0,0.0,43,91.5,0,0.0,0,0.0,WR,JoneMa02
6725,Marvin Jones,0.00,39,Sun,8,8,2022-10-30,32-232,JAX,,DEN,L 17-21,0.00,0.00,0.0,0.0,39,54.2,0,0.0,0,0.0,WR,JoneMa02
6726,Marvin Jones,0.00,34,Sun,2,2,2023-09-17,33-189,DET,,SEA,L 31-37 (OT),0.00,0.00,0.0,0.0,34,51.5,0,0.0,0,0.0,WR,JoneMa02
6727,Marvin Jones,0.00,29,Sun,3,3,2023-09-24,33-196,DET,,ATL,W 20-6,0.00,0.00,0.0,0.0,29,41.4,0,0.0,0,0.0,WR,JoneMa02
6728,Marvin Jones,0.00,21,Thu,4,4,2023-09-28,33-200,DET,@,GNB,W 34-20,0.00,0.00,0.0,0.0,21,28.0,0,0.0,0,0.0,WR,JoneMa02
6729,Tim Jones,0.00,2,Sun,1,1,2022-09-11,24-118,JAX,@,WAS,L 22-28,0.00,0.00,0.0,0.0,2,2.9,0,0.0,9,37.5,WR,JoneTi00
6730,Tim Jones,0.00,4,Sun,3,3,2022-09-25,24-132,JAX,@,LAC,W 38-10,0.00,0.00,0.0,0.0,4,5.3,0,0.0,13,54.2,WR,JoneTi00
6731,Tim Jones,0.00,26,Sun,4,4,2022-10-02,24-139,JAX,@,PHI,L 21-29,0.00,0.00,0.0,0.0,26,55.3,0,0.0,5,20.8,WR,JoneTi00
6732,Tim Jones,0.00,1,Sun,5,5,2022-10-09,24-146,JAX,,HOU,L 6-13,0.00,0.00,0.0,0.0,1,1.3,0,0.0,9,42.9,WR,JoneTi00
6733,Tim Jones,0.00,2,Sun,8,8,2022-10-30,24-167,JAX,,DEN,L 17-21,0.00,0.00,0.0,0.0,2,2.8,0,0.0,8,30.8,WR,JoneTi00
6734,Tim Jones,0.00,2,Sun,9,9,2022-11-06,24-174,JAX,,LVR,W 27-20,0.00,0.00,0.0,0.0,2,2.9,0,0.0,9,33.3,WR,JoneTi00
6735,Tim Jones,0.00,5,Sun,10,10,2022-11-13,24-181,JAX,@,KAN,L 17-27,0.00,0.00,0.0,0.0,5,7.8,0,0.0,6,23.1,WR,JoneTi00
6736,Tim Jones,0.00,5,Sun,11,12,2022-11-27,24-195,JAX,,BAL,W 28-27,0.00,0.00,0.0,0.0,5,7.9,0,0.0,7,25.9,WR,JoneTi00
6737,Tim Jones,0.00,12,Sun,13,14,2022-12-11,24-209,JAX,@,TEN,W 36-22,0.00,0.00,0.0,0.0,12,16.7,0,0.0,11,42.3,WR,JoneTi00
6738,Tim Jones,0.00,9,Sun,14,15,2022-12-18,24-216,JAX,,DAL,W 40-34 (OT),0.00,0.00,0.0,0.0,9,12.9,0,0.0,10,30.3,WR,JoneTi00
6739,Tim Jones,0.00,19,Thu,15,16,2022-12-22,24-220,JAX,@,NYJ,W 19-3,0.00,0.00,0.0,0.0,19,26.4,0,0.0,10,45.5,WR,JoneTi00
6740,Tim Jones,0.00,10,Sun,16,17,2023-01-01,24-230,JAX,@,HOU,W 31-3,0.00,0.00,0.0,0.0,10,15.9,0,0.0,8,32.0,WR,JoneTi00
6741,Tim Jones,0.00,1,Sat,17,18,2023-01-07,24-236,JAX,,TEN,W 20-16,0.00,0.00,0.0,0.0,1,2.0,0,0.0,7,29.2,WR,JoneTi00
6742,Tim Jones,0.00,2,Sun,1,1,2023-09-10,25-117,JAX,@,IND,W 31-21,0.00,0.00,0.0,0.0,2,2.9,0,0.0,15,53.6,WR,JoneTi00
6743,Tim Jones,0.00,6,Sun,2,2,2023-09-17,25-124,JAX,,KAN,L 9-17,0.00,0.00,0.0,0.0,6,9.0,0,0.0,11,50.0,WR,JoneTi00
6744,Tim Jones,0.00,39,Sun,4,4,2023-10-01,25-138,JAX,,ATL,W 23-7,0.00,1.00,0.9,0.4,39,59.1,0,0.0,9,40.9,WR,JoneTi00
6745,Tim Jones,0.00,23,Sun,5,5,2023-10-08,25-145,JAX,@,BUF,W 25-20,0.00,0.00,0.0,0.0,23,26.1,0,0.0,9,36.0,WR,JoneTi00
6746,Tim Jones,0.00,13,Sun,6,6,2023-10-15,25-152,JAX,,IND,W 37-20,0.00,0.00,0.0,0.0,13,20.3,0,0.0,9,29.0,WR,JoneTi00
6747,Tim Jones,0.00,25,Sun,8,8,2023-10-29,25-166,JAX,@,PIT,W 20-10,0.00,0.00,0.0,0.0,25,35.2,0,0.0,15,57.7,WR,JoneTi00
6748,Tim Jones,0.00,14,Sun,10,11,2023-11-19,25-187,JAX,,TEN,W 34-14,0.00,0.00,0.0,0.0,14,19.7,0,0.0,11,44.0,WR,JoneTi00
6749,Tim Jones,0.00,5,Sun,11,12,2023-11-26,25-194,JAX,@,HOU,W 24-21,0.00,0.00,0.0,0.0,5,6.6,0,0.0,14,53.8,WR,JoneTi00
6750,Tim Jones,0.00,17,Mon,12,13,2023-12-04,25-202,JAX,,CIN,L 31-34 (OT),0.00,0.00,0.0,0.0,17,24.6,0,0.0,14,43.8,WR,JoneTi00
6751,Tim Jones,0.00,10,Sun,13,14,2023-12-10,25-208,JAX,@,CLE,L 27-31,0.00,0.00,0.0,0.0,10,13.2,0,0.0,17,50.0,WR,JoneTi00
6752,Tim Jones,0.00,22,Sun,14,15,2023-12-17,25-215,JAX,,BAL,L 7-23,0.00,0.00,0.0,0.0,22,35.5,0,0.0,10,45.5,WR,JoneTi00
6753,Tim Jones,0.00,39,Sun,16,17,2023-12-31,25-229,JAX,,CAR,W 26-0,0.00,0.00,0.0,0.0,39,61.9,0,0.0,14,60.9,WR,JoneTi00
6754,Tim Jones,0.00,1,Sun,1,1,2024-09-08,26-115,JAX,@,MIA,L 17-20,0.00,0.00,0.0,0.0,1,1.9,0,0.0,16,64.0,WR,JoneTi00
6755,Tim Jones,0.00,6,Mon,3,3,2024-09-23,26-130,JAX,@,BUF,L 10-47,0.00,0.00,0.0,0.0,6,8.5,0,0.0,15,60.0,WR,JoneTi00
6756,Tim Jones,0.00,5,Sun,4,4,2024-09-29,26-136,JAX,@,HOU,L 20-24,0.00,0.00,0.0,0.0,5,8.6,0,0.0,20,69.0,WR,JoneTi00
6757,Tim Jones,0.00,14,Sun,5,5,2024-10-06,26-143,JAX,,IND,W 37-34,0.00,0.00,0.0,0.0,14,24.1,0,0.0,21,61.8,WR,JoneTi00
6758,Tim Jones,0.00,10,Sun,6,6,2024-10-13,26-150,JAX,@,CHI,L 16-35,0.00,0.00,0.0,0.0,10,16.1,0,0.0,16,66.7,WR,JoneTi00
6759,Tim Jones,0.00,10,Sun,7,7,2024-10-20,26-157,JAX,,NWE,W 32-16,0.00,0.00,0.0,0.0,10,16.4,0,0.0,16,72.7,WR,JoneTi00
6760,Tim Jones,0.00,6,Sun,10,10,2024-11-10,26-178,JAX,,MIN,L 7-12,0.00,0.00,0.0,0.0,6,13.6,0,0.0,13,68.4,WR,JoneTi00
6761,Tim Jones,0.00,4,Sun,11,11,2024-11-17,26-185,JAX,@,DET,L 6-52,0.00,0.00,0.0,0.0,4,8.3,0,0.0,16,61.5,WR,JoneTi00
6762,Tim Jones,0.00,18,Sun,12,13,2024-12-01,26-199,JAX,,HOU,L 20-23,0.00,0.00,0.0,0.0,18,25.7,0,0.0,19,70.4,WR,JoneTi00
6763,Tim Jones,0.00,14,Sun,13,14,2024-12-08,26-206,JAX,@,TEN,W 10-6,0.00,0.00,0.0,0.0,14,23.7,0,0.0,14,77.8,WR,JoneTi00
6764,Tim Jones,0.00,11,Sun,14,15,2024-12-15,26-213,JAX,,NYJ,L 25-32,0.00,0.00,0.0,0.0,11,13.1,0,0.0,18,64.3,WR,JoneTi00
6765,Tim Jones,0.00,6,Sun,15,16,2024-12-22,26-220,JAX,@,LVR,L 14-19,0.00,0.00,0.0,0.0,6,9.0,0,0.0,20,74.1,WR,JoneTi00
6766,Tim Jones,0.00,11,Sun,17,18,2025-01-05,26-234,JAX,@,IND,L 23-26 (OT),0.00,0.00,0.0,0.0,11,15.9,0,0.0,23,65.7,WR,JoneTi00
6767,Velus Jones Jr.,0.00,8,Sun,11,11,2022-11-20,25-193,CHI,@,ATL,L 24-27,0.00,0.00,0.0,0.0,8,11.6,0,0.0,12,44.4,WR,JoneVe00
6768,Velus Jones Jr.,0.00,4,Sun,2,2,2023-09-17,26-129,CHI,@,TAM,L 17-27,0.00,0.00,-0.3,-0.3,4,7.5,0,0.0,17,63.0,WR,JoneVe00
6769,Velus Jones Jr.,0.00,5,Thu,5,5,2023-10-05,26-147,CHI,@,WAS,W 40-20,0.00,0.00,0.0,0.0,5,7.8,0,0.0,18,60.0,WR,JoneVe00
6770,Velus Jones Jr.,0.00,8,Sun,7,7,2023-10-22,26-164,CHI,,LVR,W 30-12,0.00,1.00,1.0,0.5,8,11.3,0,0.0,14,60.9,WR,JoneVe00
6771,Velus Jones Jr.,0.00,10,Sun,9,9,2023-11-05,26-178,CHI,@,NOR,L 17-24,0.00,0.00,0.0,0.0,10,14.7,0,0.0,13,54.2,WR,JoneVe00
6772,Velus Jones Jr.,0.00,1,Mon,12,12,2023-11-27,26-200,CHI,@,MIN,W 12-10,0.00,0.00,0.0,0.0,1,1.4,0,0.0,9,45.0,WR,JoneVe00
6773,Velus Jones Jr.,0.00,11,Sun,17,18,2024-01-07,26-241,CHI,@,GNB,L 9-17,0.00,0.00,0.0,0.0,11,22.9,0,0.0,8,44.4,WR,JoneVe00
6774,Velus Jones Jr.,0.00,3,Sun,16,17,2024-12-29,27-232,CAR,@,TAM,L 14-48,0.00,0.00,0.0,0.0,3,6.4,0,0.0,10,33.3,WR,JoneVe00
6775,Velus Jones Jr.,0.00,13,Mon,7,7,2022-10-24,25-166,CHI,@,NWE,W 33-14,0.00,0.00,0.0,0.0,13,18.3,0,0.0,1,4.0,WR,JoneVe00
6776,Zay Jones,0.00,44,Sun,2,2,2023-09-17,28-171,JAX,,KAN,L 9-17,0.00,0.00,0.0,0.0,44,65.7,0,0.0,0,0.0,WR,JoneZa00
6777,Zay Jones,0.00,11,Mon,7,7,2024-10-21,29-205,ARI,,LAC,W 17-15,0.00,0.00,0.0,0.0,11,19.3,0,0.0,0,0.0,WR,JoneZa00
6778,Zay Jones,0.00,11,Sun,9,9,2024-11-03,29-218,ARI,,CHI,W 29-9,0.00,0.00,0.0,0.0,11,19.0,0,0.0,0,0.0,WR,JoneZa00
6779,Zay Jones,0.00,23,Sun,10,10,2024-11-10,29-225,ARI,,NYJ,W 31-6,0.00,0.00,0.0,0.0,23,39.0,0,0.0,0,0.0,WR,JoneZa00
6780,Zay Jones,0.00,22,Sun,11,12,2024-11-24,29-239,ARI,@,SEA,L 6-16,0.00,0.00,0.0,0.0,22,37.9,0,0.0,0,0.0,WR,JoneZa00
6781,Zay Jones,0.00,32,Sun,12,13,2024-12-01,29-246,ARI,@,MIN,L 22-23,0.00,0.00,0.0,0.0,32,39.0,0,0.0,0,0.0,WR,JoneZa00
6782,Zay Jones,0.00,27,Sun,15,16,2024-12-22,29-267,ARI,@,CAR,L 30-36 (OT),0.00,0.00,0.0,0.0,27,38.6,0,0.0,0,0.0,WR,JoneZa00
6783,Marcus Kemp,0.00,6,Sun,7,7,2022-10-23,27-070,KAN,@,SFO,W 44-23,0.00,0.00,0.0,0.0,6,9.4,0,0.0,21,75.0,WR,KempMa00
6784,Marcus Kemp,0.00,4,Sun,10,11,2022-11-20,27-098,KAN,@,LAC,W 30-27,0.00,0.00,0.0,0.0,4,6.2,0,0.0,17,58.6,WR,KempMa00
6785,Tom Kennedy,0.00,35,Sun,5,5,2022-10-09,26-072,DET,@,NWE,L 0-29,0.00,0.00,0.0,0.0,35,53.0,0,0.0,1,5.3,WR,KennTo01
6786,Tom Kennedy,0.00,4,Thu,11,12,2022-11-24,26-118,DET,,BUF,L 25-28,0.00,0.00,0.0,0.0,4,5.6,0,0.0,0,0.0,WR,KennTo01
6787,Tom Kennedy,0.00,4,Sun,1,1,2024-09-08,28-041,DET,,LAR,W 26-20 (OT),0.00,0.00,0.0,0.0,4,6.6,0,0.0,6,23.1,WR,KennTo01
6788,Tom Kennedy,0.00,5,Sun,2,2,2024-09-15,28-048,DET,,TAM,L 16-20,0.00,0.00,0.0,0.0,5,5.8,0,0.0,5,19.2,WR,KennTo01
6789,Tom Kennedy,0.00,4,Sun,15,16,2024-12-22,28-146,DET,@,CHI,W 34-17,0.00,0.00,0.0,0.0,4,6.2,0,0.0,3,12.0,WR,KennTo01
6790,Tom Kennedy,0.00,3,Mon,16,17,2024-12-30,28-154,DET,@,SFO,W 40-34,0.00,0.00,0.0,0.0,3,4.2,0,0.0,6,22.2,WR,KennTo01
6791,Ramel Keyton,0.00,5,Sun,10,11,2024-11-17,24-064,LVR,@,MIA,L 19-34,0.00,0.00,0.0,0.0,5,7.7,0,0.0,7,30.4,WR,KeytRa00
6792,Ramel Keyton,0.00,3,Sun,11,12,2024-11-24,24-071,LVR,,DEN,L 19-29,0.00,0.00,0.0,0.0,3,3.9,0,0.0,8,23.5,WR,KeytRa00
6793,Ramel Keyton,0.00,1,Mon,14,15,2024-12-16,24-093,LVR,,ATL,L 9-15,0.00,0.00,0.0,0.0,1,1.5,0,0.0,5,20.0,WR,KeytRa00
6794,Ramel Keyton,0.00,4,Sun,15,16,2024-12-22,24-099,LVR,,JAX,W 19-14,0.00,0.00,0.0,0.0,4,5.4,0,0.0,11,40.7,WR,KeytRa00
6795,Ramel Keyton,0.00,3,Sun,16,17,2024-12-29,24-106,LVR,@,NOR,W 25-10,0.00,0.00,0.0,0.0,3,3.9,0,0.0,13,46.4,WR,KeytRa00
6796,Ramel Keyton,0.00,1,Sun,17,18,2025-01-05,24-113,LVR,,LAC,L 20-34,0.00,0.00,0.0,0.0,1,2.0,0,0.0,16,55.2,WR,KeytRa00
6797,Mason Kinsey,0.00,2,Sun,3,3,2023-09-24,25-026,TEN,@,CLE,L 3-27,0.00,0.00,0.0,0.0,2,4.2,0,0.0,3,12.5,WR,KinsMa00
6798,Mason Kinsey,0.00,1,Sun,4,4,2023-10-01,25-033,TEN,,CIN,W 27-3,0.00,0.00,0.0,0.0,1,1.5,0,0.0,5,23.8,WR,KinsMa00
6799,Mason Kinsey,0.00,2,Sun,14,15,2023-12-17,25-110,TEN,,HOU,L 16-19 (OT),0.00,0.00,0.0,0.0,2,3.2,0,0.0,6,19.4,WR,KinsMa00
6800,Mason Kinsey,0.00,5,Sun,16,17,2023-12-31,25-124,TEN,@,HOU,L 3-26,0.00,0.00,0.0,0.0,5,9.1,0,0.0,4,16.7,WR,KinsMa00
6801,Mason Kinsey,0.00,12,Sun,17,18,2024-01-07,25-131,TEN,,JAX,W 28-20,0.00,0.00,0.0,0.0,12,21.8,0,0.0,1,4.5,WR,KinsMa00
6802,Mason Kinsey,0.00,8,Sun,7,8,2024-10-27,26-059,TEN,@,DET,L 14-52,0.00,0.00,0.0,0.0,8,10.5,0,0.0,19,57.6,WR,KinsMa00
6803,Mason Kinsey,0.00,2,Sun,13,14,2024-12-08,26-101,TEN,,JAX,L 6-10,0.00,0.00,0.0,0.0,2,3.1,0,0.0,5,27.8,WR,KinsMa00
6804,Mason Kinsey,0.00,6,Sun,16,17,2024-12-29,26-122,TEN,@,JAX,L 13-20,0.00,0.00,0.0,0.0,6,8.7,0,0.0,8,38.1,WR,KinsMa00
6805,Mason Kinsey,0.00,37,Sun,17,18,2025-01-05,26-129,TEN,,HOU,L 14-23,0.00,0.00,0.0,0.0,37,59.7,0,0.0,4,17.4,WR,KinsMa00
6806,Christian Kirk,0.00,53,Sun,2,2,2024-09-15,27-302,JAX,,CLE,L 13-18,0.00,1.00,0.9,0.4,53,88.3,0,0.0,0,0.0,WR,KirkCh01
6807,Keith Kirkwood,0.00,16,Sat,15,16,2022-12-24,27-363,NOR,@,CLE,W 17-10,0.00,0.00,0.0,0.0,16,29.6,0,0.0,6,27.3,WR,KirkKe00
6808,Keith Kirkwood,0.00,28,Sun,16,17,2023-01-01,28-006,NOR,@,PHI,W 20-10,0.00,0.00,0.0,0.0,28,40.6,0,0.0,8,30.8,WR,KirkKe00
6809,Keith Kirkwood,0.00,28,Sun,17,18,2023-01-08,28-013,NOR,,CAR,L 7-10,0.00,0.00,0.0,0.0,28,46.7,0,0.0,10,50.0,WR,KirkKe00
6810,Keith Kirkwood,0.00,22,Sun,1,1,2023-09-10,28-258,NOR,,TEN,W 16-15,0.00,0.00,0.0,0.0,22,33.8,0,0.0,11,39.3,WR,KirkKe00
6811,Keith Kirkwood,0.00,17,Mon,2,2,2023-09-18,28-266,NOR,@,CAR,W 20-17,0.00,0.00,0.0,0.0,17,22.1,0,0.0,0,0.0,WR,KirkKe00
6812,Keith Kirkwood,0.00,17,Sun,3,3,2023-09-24,28-272,NOR,@,GNB,L 17-18,0.00,0.00,0.0,0.0,17,27.9,0,0.0,4,16.0,WR,KirkKe00
6813,Keith Kirkwood,0.00,19,Sun,4,4,2023-10-01,28-279,NOR,,TAM,L 9-26,0.00,0.00,0.0,0.0,19,29.2,0,0.0,10,38.5,WR,KirkKe00
6814,Keith Kirkwood,0.00,15,Sun,6,6,2023-10-15,28-293,NOR,@,HOU,L 13-20,0.00,0.00,0.0,0.0,15,18.3,0,0.0,9,34.6,WR,KirkKe00
6815,Keith Kirkwood,0.00,14,Thu,7,7,2023-10-19,28-297,NOR,,JAX,L 24-31,0.00,0.00,0.0,0.0,14,15.6,0,0.0,6,18.8,WR,KirkKe00
6816,Keith Kirkwood,0.00,17,Sun,12,13,2023-12-03,28-342,NOR,,DET,L 28-33,0.00,0.00,0.0,0.0,17,25.4,0,0.0,1,3.3,WR,KirkKe00
6817,Keith Kirkwood,0.00,23,Sun,13,14,2023-12-10,28-349,NOR,,CAR,W 28-6,0.00,0.00,0.0,0.0,23,44.2,0,0.0,5,20.8,WR,KirkKe00
6818,Keith Kirkwood,0.00,16,Sun,16,17,2023-12-31,29-005,NOR,@,TAM,W 23-13,0.00,0.00,0.0,0.0,16,22.9,0,0.0,8,30.8,WR,KirkKe00
6819,Jake Kumerow,0.00,14,Thu,1,1,2022-09-08,30-203,BUF,@,LAR,W 31-10,0.00,0.00,0.0,0.0,14,23.7,0,0.0,11,57.9,WR,KumeJa00
6820,Jake Kumerow,0.00,7,Sun,7,8,2022-10-30,30-255,BUF,,GNB,W 27-17,0.00,0.00,0.0,0.0,7,11.9,0,0.0,13,59.1,WR,KumeJa00
6821,Jake Kumerow,0.00,5,Sun,8,9,2022-11-06,30-262,BUF,@,NYJ,L 17-20,0.00,0.00,0.0,0.0,5,8.1,0,0.0,14,60.9,WR,KumeJa00
6822,Jake Kumerow,0.00,8,Sun,9,10,2022-11-13,30-269,BUF,,MIN,L 30-33 (OT),0.00,0.00,0.0,0.0,8,10.7,0,0.0,11,33.3,WR,KumeJa00
6823,Cooper Kupp,0.00,40,Sun,9,10,2022-11-13,29-151,LAR,,ARI,L 17-27,0.00,3.00,2.9,1.4,40,66.7,0,0.0,0,0.0,WR,KuppCo00
6824,Cooper Kupp,0.00,55,Thu,14,15,2024-12-12,31-180,LAR,@,SFO,W 12-6,0.00,0.00,0.0,0.0,55,84.6,0,0.0,0,0.0,WR,KuppCo00
6825,Jarvis Landry,0.00,19,Sun,14,15,2022-12-18,30-020,NOR,,ATL,W 21-18,0.00,0.00,0.0,0.0,19,34.5,0,0.0,0,0.0,WR,LandJa00
6826,Kwamie Lassiter II,0.00,8,Sun,11,12,2022-11-27,24-310,CIN,@,TEN,W 20-16,0.00,0.00,0.0,0.0,8,11.4,0,0.0,0,0.0,WR,LassKw00
6827,Allen Lazard,0.00,37,Sun,10,11,2023-11-19,27-343,NYJ,@,BUF,L 6-32,0.00,0.00,0.0,0.0,37,64.9,0,0.0,0,0.0,WR,LazaAl00
6828,Allen Lazard,0.00,32,Sun,12,13,2023-12-03,27-357,NYJ,,ATL,L 8-13,0.00,0.00,0.0,0.0,32,47.1,0,0.0,0,0.0,WR,LazaAl00
6829,Allen Lazard,0.00,49,Sun,13,14,2023-12-10,27-364,NYJ,,HOU,W 30-6,0.00,0.00,0.0,0.0,49,72.1,0,0.0,0,0.0,WR,LazaAl00
6830,Allen Lazard,0.00,24,Sun,15,16,2023-12-24,28-013,NYJ,,WAS,W 30-28,0.00,0.00,0.0,0.0,24,26.7,0,0.0,0,0.0,WR,LazaAl00
6831,Allen Lazard,0.00,46,Sun,14,15,2024-12-15,29-004,NYJ,@,JAX,W 32-25,0.00,0.00,0.0,0.0,46,79.3,0,0.0,0,0.0,WR,LazaAl00
6832,Xavier Legette,0.00,20,Sun,2,2,2024-09-15,23-230,CAR,,LAC,L 3-26,0.00,0.00,0.0,0.0,20,41.7,0,0.0,6,25.0,WR,LegeXa00
6833,Tyler Lockett,0.00,43,Sun,13,14,2024-12-08,32-071,SEA,@,ARI,W 30-18,0.00,0.00,0.0,0.0,43,67.2,0,0.0,0,0.0,WR,LockTy00
6834,Drake London,0.00,47,Sun,1,1,2023-09-10,22-048,ATL,,CAR,W 24-10,0.00,0.00,0.0,0.0,47,90.4,0,0.0,0,0.0,WR,LondDr00
6835,Terrace Marshall Jr.,0.00,6,Sun,2,2,2022-09-18,22-101,CAR,@,NYG,L 16-19,0.00,0.00,0.0,0.0,6,10.3,0,0.0,0,0.0,WR,MarsTe00
6836,Terrace Marshall Jr.,0.00,20,Sun,6,6,2022-10-16,22-129,CAR,@,LAR,L 10-24,0.00,0.00,0.0,0.0,20,45.5,0,0.0,0,0.0,WR,MarsTe00
6837,Terrace Marshall Jr.,0.00,22,Mon,2,2,2023-09-18,23-101,CAR,,NOR,L 17-20,0.00,0.00,0.0,0.0,22,36.7,0,0.0,0,0.0,WR,MarsTe00
6838,Terrace Marshall Jr.,0.00,22,Sun,6,6,2023-10-15,23-128,CAR,@,MIA,L 21-42,0.00,0.00,0.0,0.0,22,31.9,0,0.0,2,6.7,WR,MarsTe00
6839,Terrace Marshall Jr.,0.00,31,Sun,8,9,2023-11-05,23-149,CAR,,IND,L 13-27,0.00,0.00,0.0,0.0,31,43.7,0,0.0,1,3.6,WR,MarsTe00
6840,Terrace Marshall Jr.,0.00,7,Sun,10,11,2024-11-17,24-161,LVR,@,MIA,L 19-34,0.00,0.00,0.0,0.0,7,10.8,0,0.0,0,0.0,WR,MarsTe00
6841,Terrace Marshall Jr.,0.00,16,Fri,12,13,2024-11-29,24-173,LVR,@,KAN,L 17-19,0.00,0.00,0.0,0.0,16,23.5,0,0.0,0,0.0,WR,MarsTe00
6842,Terrace Marshall Jr.,0.00,34,Sun,15,16,2024-12-22,24-196,LVR,,JAX,W 19-14,0.00,0.00,0.0,0.0,34,45.9,0,0.0,0,0.0,WR,MarsTe00
6843,Terrace Marshall Jr.,0.00,14,Sun,17,18,2025-01-05,24-210,LVR,,LAC,L 20-34,0.00,0.00,0.0,0.0,14,27.5,0,0.0,0,0.0,WR,MarsTe00
6844,Tay Martin,0.00,1,Sun,8,8,2022-10-30,24-320,SFO,@,LAR,W 31-14,0.00,0.00,0.0,0.0,1,1.9,0,0.0,5,20.8,WR,MartTa00
6845,Tay Martin,0.00,3,Sun,16,17,2023-12-31,26-017,SFO,@,WAS,W 27-10,0.00,0.00,0.0,0.0,3,4.3,0,0.0,4,19.0,WR,MartTa00
6846,Luke McCaffrey,0.00,40,Sun,2,2,2024-09-15,23-166,WAS,,NYG,W 21-18,0.00,0.00,0.0,0.0,40,55.6,0,0.0,0,0.0,WR,McCaLu00
6847,Luke McCaffrey,0.00,26,Sun,7,7,2024-10-20,23-201,WAS,,CAR,W 40-7,0.00,0.00,0.0,0.0,26,37.7,0,0.0,0,0.0,WR,McCaLu00
6848,Luke McCaffrey,0.00,23,Sun,9,9,2024-11-03,23-215,WAS,@,NYG,W 27-22,0.00,0.00,0.0,0.0,23,37.1,0,0.0,0,0.0,WR,McCaLu00
6849,Luke McCaffrey,0.00,20,Thu,11,11,2024-11-14,23-226,WAS,@,PHI,L 18-26,0.00,0.00,0.0,0.0,20,30.3,0,0.0,2,7.4,WR,McCaLu00
6850,Luke McCaffrey,0.00,12,Sun,14,15,2024-12-15,23-257,WAS,@,NOR,W 20-19,0.00,1.00,1.0,0.5,12,15.4,0,0.0,5,20.0,WR,McCaLu00
6851,Luke McCaffrey,0.00,22,Sun,16,17,2024-12-29,23-271,WAS,,ATL,W 30-24 (OT),0.00,0.00,0.0,0.0,22,26.5,0,0.0,6,22.2,WR,McCaLu00
6852,Luke McCaffrey,0.00,20,Sun,17,18,2025-01-05,23-278,WAS,@,DAL,W 23-19,0.00,0.00,0.0,0.0,20,34.5,0,0.0,11,39.3,WR,McCaLu00
6853,Ray-Ray McCloud,0.00,18,Sun,5,5,2022-10-09,25-359,SFO,@,CAR,W 37-15,0.00,0.00,0.0,0.0,18,26.9,0,0.0,8,28.6,WR,McClRa00
6854,Ray-Ray McCloud,0.00,20,Sun,6,6,2022-10-16,26-001,SFO,@,ATL,L 14-28,0.00,0.00,0.0,0.0,20,33.3,0,0.0,10,45.5,WR,McClRa00
6855,Ray-Ray McCloud,0.00,8,Mon,10,11,2022-11-21,26-037,SFO,@,ARI,W 38-10,0.00,0.00,0.0,0.0,8,13.8,0,0.0,7,26.9,WR,McClRa00
6856,Ray-Ray McCloud,0.00,7,Sun,12,13,2022-12-04,26-050,SFO,,MIA,W 33-17,0.00,0.00,0.0,0.0,7,8.3,0,0.0,8,26.7,WR,McClRa00
6857,Ray-Ray McCloud,0.00,12,Sun,17,18,2023-01-08,26-085,SFO,,ARI,W 38-13,0.00,0.00,0.0,0.0,12,19.4,0,0.0,6,23.1,WR,McClRa00
6858,Ray-Ray McCloud,0.00,3,Sun,1,1,2023-09-10,26-330,SFO,@,PIT,W 30-7,0.00,0.00,0.0,0.0,3,4.4,0,0.0,8,30.8,WR,McClRa00
6859,Ray-Ray McCloud,0.00,4,Sun,2,2,2023-09-17,26-337,SFO,@,LAR,W 30-23,0.00,0.00,0.0,0.0,4,7.0,0,0.0,7,25.0,WR,McClRa00
6860,Ray-Ray McCloud,0.00,38,Thu,3,3,2023-09-21,26-341,SFO,,NYG,W 30-12,0.00,0.00,0.0,0.0,38,45.8,0,0.0,10,35.7,WR,McClRa00
6861,Ray-Ray McCloud,0.00,2,Sun,10,11,2023-11-19,27-035,SFO,,TAM,W 27-14,0.00,0.00,0.0,0.0,2,3.3,0,0.0,6,27.3,WR,McClRa00
6862,Lance McCutcheon,0.00,1,Mon,4,4,2022-10-03,23-217,LAR,@,SFO,L 9-24,0.00,0.00,0.0,0.0,1,1.4,0,0.0,11,44.0,WR,McCuLa01
6863,Lance McCutcheon,0.00,3,Sun,9,10,2022-11-13,23-258,LAR,,ARI,L 17-27,0.00,0.00,0.0,0.0,3,5.0,0,0.0,12,42.9,WR,McCuLa01
6864,Lance McCutcheon,0.00,10,Sun,10,11,2022-11-20,23-265,LAR,@,NOR,L 20-27,0.00,0.00,0.0,0.0,10,15.6,0,0.0,13,41.9,WR,McCuLa01
6865,Lance McCutcheon,0.00,26,Sun,11,12,2022-11-27,23-272,LAR,@,KAN,L 10-26,0.00,0.00,0.0,0.0,26,48.1,0,0.0,9,37.5,WR,McCuLa01
6866,Lance McCutcheon,0.00,1,Mon,14,15,2022-12-19,23-294,LAR,@,GNB,L 12-24,0.00,0.00,0.0,0.0,1,2.2,0,0.0,9,42.9,WR,McCuLa01
6867,Lance McCutcheon,0.00,8,Sun,15,16,2022-12-25,23-300,LAR,,DEN,W 51-14,0.00,0.00,0.0,0.0,8,12.3,0,0.0,14,53.8,WR,McCuLa01
6868,Lance McCutcheon,0.00,6,Sun,16,17,2023-01-01,23-307,LAR,@,LAC,L 10-31,0.00,0.00,0.0,0.0,6,12.2,0,0.0,9,36.0,WR,McCuLa01
6869,Lance McCutcheon,0.00,1,Sun,17,18,2023-01-08,23-314,LAR,@,SEA,L 16-19 (OT),0.00,0.00,0.0,0.0,1,1.6,0,0.0,14,42.4,WR,McCuLa01
6870,Kyric McGowan,0.00,1,Sun,7,7,2022-10-23,22-356,WAS,,GNB,W 23-21,0.00,0.00,0.0,0.0,1,1.4,0,0.0,12,41.4,WR,McGoKy00
6871,Kyric McGowan,0.00,9,Sun,8,8,2022-10-30,22-363,WAS,@,IND,W 17-16,0.00,0.00,0.0,0.0,9,14.8,0,0.0,7,26.9,WR,McGoKy00
6872,Isaiah McKenzie,0.00,26,Sun,10,11,2022-11-20,27-225,BUF,,CLE,W 31-23,0.00,0.00,0.0,0.0,26,40.0,0,0.0,0,0.0,WR,McKeIs00
6873,Isaiah McKenzie,0.00,1,Sun,1,1,2023-09-10,28-154,IND,,JAX,L 21-31,0.00,0.00,0.0,0.0,1,1.4,0,0.0,5,17.9,WR,McKeIs00
6874,Isaiah McKenzie,0.00,5,Sun,8,8,2023-10-29,28-203,IND,,NOR,L 27-38,0.00,0.00,0.0,0.0,5,7.0,0,0.0,11,32.4,WR,McKeIs00
6875,Isaiah McKenzie,0.00,6,Sun,12,13,2023-12-03,28-238,IND,@,TEN,W 31-28 (OT),0.00,0.00,0.0,0.0,6,8.5,0,0.0,14,37.8,WR,McKeIs00
6876,Terry McLaurin,0.00,45,Sun,13,13,2023-12-03,28-079,WAS,,MIA,L 15-45,0.00,0.00,0.0,0.0,45,81.8,0,0.0,0,0.0,WR,McLaTe00
6877,Racey McMath,0.00,22,Sun,13,14,2022-12-11,23-180,TEN,,JAX,L 22-36,0.00,0.00,0.0,0.0,22,32.8,0,0.0,6,23.1,WR,McMaRa00
6878,Jalen McMillan,0.00,14,Sun,6,6,2024-10-13,22-311,TAM,@,NOR,W 51-27,0.00,0.00,0.0,0.0,14,18.2,0,0.0,6,16.2,WR,McMiJa01
6879,Bub Means,0.00,6,Sun,1,1,2024-09-08,23-242,NOR,,CAR,W 47-10,0.00,0.00,0.0,0.0,6,9.1,0,0.0,2,6.7,WR,MeanBu00
6880,Bub Means,0.00,6,Sun,2,2,2024-09-15,23-249,NOR,@,DAL,W 44-19,0.00,0.00,0.0,0.0,6,10.2,0,0.0,2,7.4,WR,MeanBu00
6881,Bub Means,0.00,6,Sun,4,4,2024-09-29,23-263,NOR,@,ATL,L 24-26,0.00,0.00,0.0,0.0,6,8.1,0,0.0,0,0.0,WR,MeanBu00
6882,Bub Means,0.00,1,Mon,5,5,2024-10-07,23-271,NOR,@,KAN,L 13-26,0.00,0.00,0.0,0.0,1,1.9,0,0.0,3,12.5,WR,MeanBu00
6883,Bo Melton,0.00,2,Thu,11,12,2023-11-23,24-189,GNB,@,DET,W 29-22,0.00,0.00,0.0,0.0,2,3.6,0,0.0,6,26.1,WR,MeltBo00
6884,Bo Melton,0.00,8,Fri,1,1,2024-09-06,25-111,GNB,@,PHI,L 29-34,0.00,0.00,0.0,0.0,8,11.9,0,0.0,9,29.0,WR,MeltBo00
6885,Bo Melton,0.00,17,Sun,3,3,2024-09-22,25-127,GNB,@,TEN,W 30-14,0.00,0.00,0.0,0.0,17,27.0,0,0.0,6,21.4,WR,MeltBo00
6886,Bo Melton,0.00,12,Sun,8,8,2024-10-27,25-162,GNB,@,JAX,W 30-27,0.00,0.00,0.0,0.0,12,17.1,0,0.0,17,51.5,WR,MeltBo00
6887,Bo Melton,0.00,5,Sun,10,11,2024-11-17,25-183,GNB,@,CHI,W 20-19,0.00,0.00,0.0,0.0,5,10.9,0,0.0,4,22.2,WR,MeltBo00
6888,Bo Melton,0.00,9,Thu,12,13,2024-11-28,25-194,GNB,,MIA,W 30-17,0.00,0.00,0.0,0.0,9,16.7,0,0.0,7,29.2,WR,MeltBo00
6889,Bo Melton,0.00,9,Thu,13,14,2024-12-05,25-201,GNB,@,DET,L 31-34,0.00,0.00,0.0,0.0,9,18.0,0,0.0,9,32.1,WR,MeltBo00
6890,Bo Melton,0.00,2,Sun,14,15,2024-12-15,25-211,GNB,@,SEA,W 30-13,0.00,0.00,0.0,0.0,2,3.1,0,0.0,10,34.5,WR,MeltBo00
6891,Kirk Merritt,0.00,11,Mon,13,13,2022-12-05,25-334,NOR,@,TAM,L 16-17,0.00,0.00,0.0,0.0,11,18.6,0,0.0,17,63.0,WR,MerrKi00
6892,Kirk Merritt,0.00,3,Sat,15,16,2022-12-24,25-353,NOR,@,CLE,W 17-10,0.00,0.00,0.0,0.0,3,5.6,0,0.0,7,31.8,WR,MerrKi00
6893,Kirk Merritt,0.00,17,Sun,16,17,2023-01-01,25-361,NOR,@,PHI,W 20-10,0.00,0.00,0.0,0.0,17,24.6,0,0.0,14,53.8,WR,MerrKi00
6894,Kirk Merritt,0.00,2,Sun,1,1,2023-09-10,26-248,NOR,,TEN,W 16-15,0.00,0.00,0.0,0.0,2,3.1,0,0.0,6,21.4,WR,MerrKi00
6895,John Metchie,0.00,16,Sun,6,6,2023-10-15,23-089,HOU,,NOR,W 20-13,0.00,0.00,0.0,0.0,16,25.4,0,0.0,0,0.0,WR,MetcJo00
6896,John Metchie,0.00,7,Sun,7,8,2023-10-29,23-103,HOU,@,CAR,L 13-15,0.00,0.00,0.0,0.0,7,12.1,0,0.0,0,0.0,WR,MetcJo00
6897,John Metchie,0.00,18,Sun,15,16,2023-12-24,23-159,HOU,,CLE,L 22-36,0.00,0.00,0.0,0.0,18,24.0,0,0.0,0,0.0,WR,MetcJo00
6898,John Metchie,0.00,3,Sun,5,5,2024-10-06,24-080,HOU,,BUF,W 23-20,0.00,0.00,0.0,0.0,3,4.4,0,0.0,5,16.1,WR,MetcJo00
6899,John Metchie,0.00,25,Sun,6,6,2024-10-13,24-087,HOU,@,NWE,W 41-21,0.00,0.00,0.0,0.0,25,37.9,0,0.0,0,0.0,WR,MetcJo00
6900,John Metchie,0.00,23,Sun,7,7,2024-10-20,24-094,HOU,@,GNB,L 22-24,0.00,0.00,0.0,0.0,23,35.9,0,0.0,0,0.0,WR,MetcJo00
6901,John Metchie,0.00,50,Thu,9,9,2024-10-31,24-105,HOU,@,NYJ,L 13-21,0.00,0.00,0.0,0.0,50,63.3,0,0.0,0,0.0,WR,MetcJo00
6902,Anthony Miller,0.00,1,Sat,15,16,2024-12-21,30-073,BAL,,PIT,W 34-17,0.00,0.00,0.0,0.0,1,1.6,0,0.0,0,0.0,WR,MillAn02
6903,Ryan Miller,0.00,3,Sun,12,13,2023-12-03,23-286,TAM,,CAR,W 21-18,0.00,0.00,0.0,0.0,3,4.8,0,0.0,12,41.4,WR,MillRy01
6904,Ryan Miller,0.00,9,Sun,12,13,2024-12-01,24-285,TAM,@,CAR,W 26-23 (OT),0.00,0.00,0.0,0.0,9,11.3,0,0.0,20,55.6,WR,MillRy01
6905,Ryan Miller,0.00,4,Sun,13,14,2024-12-08,24-292,TAM,,LVR,W 28-13,0.00,0.00,0.0,0.0,4,6.5,0,0.0,14,60.9,WR,MillRy01
6906,Ryan Miller,0.00,8,Sun,17,18,2025-01-05,24-320,TAM,,NOR,W 27-19,0.00,0.00,0.0,0.0,8,11.9,0,0.0,15,53.6,WR,MillRy01
6907,Scott Miller,0.00,2,Sun,6,6,2022-10-16,25-077,TAM,@,PIT,L 18-20,0.00,0.00,0.0,0.0,2,2.8,0,0.0,8,28.6,WR,MillSc01
6908,Scott Miller,0.00,3,Sun,11,12,2022-11-27,25-119,TAM,@,CLE,L 17-23 (OT),0.00,0.00,0.0,0.0,3,4.3,0,0.0,6,19.4,WR,MillSc01
6909,Scott Miller,0.00,11,Sun,13,14,2022-12-11,25-133,TAM,@,SFO,L 7-35,0.00,0.00,0.0,0.0,11,14.5,0,0.0,7,33.3,WR,MillSc01
6910,Scott Miller,0.00,8,Sun,14,15,2022-12-18,25-140,TAM,,CIN,L 23-34,0.00,0.00,0.0,0.0,8,10.8,0,0.0,10,40.0,WR,MillSc01
6911,Scott Miller,0.00,4,Sun,15,16,2022-12-25,25-147,TAM,@,ARI,W 19-16 (OT),0.00,0.00,0.0,0.0,4,4.9,0,0.0,23,69.7,WR,MillSc01
6912,Scott Miller,0.00,10,Sun,1,1,2023-09-10,26-041,ATL,,CAR,W 24-10,0.00,0.00,0.0,0.0,10,19.2,0,0.0,7,26.9,WR,MillSc01
6913,Scott Miller,0.00,10,Sun,2,2,2023-09-17,26-048,ATL,,GNB,W 25-24,0.00,0.00,0.0,0.0,10,12.2,0,0.0,6,22.2,WR,MillSc01
6914,Scott Miller,0.00,10,Sun,3,3,2023-09-24,26-055,ATL,@,DET,L 6-20,0.00,0.00,0.0,0.0,10,14.9,0,0.0,8,29.6,WR,MillSc01
6915,Scott Miller,0.00,14,Sun,4,4,2023-10-01,26-062,ATL,@,JAX,L 7-23,0.00,0.00,0.0,0.0,14,24.1,0,0.0,8,36.4,WR,MillSc01
6916,Scott Miller,0.00,21,Sun,9,9,2023-11-05,26-097,ATL,,MIN,L 28-31,0.00,0.00,0.0,0.0,21,30.4,0,0.0,11,33.3,WR,MillSc01
6917,Scott Miller,0.00,17,Sun,12,13,2023-12-03,26-125,ATL,@,NYJ,W 13-8,0.00,0.00,0.0,0.0,17,25.0,0,0.0,3,10.7,WR,MillSc01
6918,Scott Miller,0.00,18,Sun,13,14,2023-12-10,26-132,ATL,,TAM,L 25-29,0.00,0.00,0.0,0.0,18,25.0,0,0.0,6,18.8,WR,MillSc01
6919,Scott Miller,0.00,10,Sun,14,15,2023-12-17,26-139,ATL,@,CAR,L 7-9,0.00,0.00,0.0,0.0,10,19.2,0,0.0,2,10.5,WR,MillSc01
6920,Scott Miller,0.00,8,Sun,16,17,2023-12-31,26-153,ATL,@,CHI,L 17-37,0.00,0.00,0.0,0.0,8,13.6,0,0.0,8,25.0,WR,MillSc01
6921,Scott Miller,0.00,17,Sun,1,1,2024-09-08,27-039,PIT,@,ATL,W 18-10,0.00,0.00,0.0,0.0,17,25.0,0,0.0,3,12.0,WR,MillSc01
6922,Scott Miller,0.00,14,Sun,2,2,2024-09-15,27-046,PIT,@,DEN,W 13-6,0.00,0.00,0.0,0.0,14,21.2,0,0.0,0,0.0,WR,MillSc01
6923,Scott Miller,0.00,9,Sun,4,4,2024-09-29,27-060,PIT,@,IND,L 24-27,0.00,0.00,0.0,0.0,9,12.9,0,0.0,3,11.1,WR,MillSc01
6924,Scott Miller,0.00,13,Sun,5,5,2024-10-06,27-067,PIT,,DAL,L 17-20,0.00,0.00,0.0,0.0,13,22.4,0,0.0,0,0.0,WR,MillSc01
6925,Scott Miller,0.00,14,Sun,6,6,2024-10-13,27-074,PIT,@,LVR,W 32-13,0.00,0.00,0.0,0.0,14,20.9,0,0.0,1,4.0,WR,MillSc01
6926,Scott Miller,0.00,7,Sun,7,7,2024-10-20,27-081,PIT,,NYJ,W 37-15,0.00,0.00,0.0,0.0,7,10.3,0,0.0,0,0.0,WR,MillSc01
6927,Scott Miller,0.00,11,Mon,8,8,2024-10-28,27-089,PIT,,NYG,W 26-18,0.00,0.00,0.0,0.0,11,16.7,0,0.0,0,0.0,WR,MillSc01
6928,Scott Miller,0.00,7,Sun,10,11,2024-11-17,27-109,PIT,,BAL,W 18-16,0.00,0.00,0.0,0.0,7,9.0,0,0.0,1,3.4,WR,MillSc01
6929,Scott Miller,0.00,10,Sun,14,15,2024-12-15,27-137,PIT,@,PHI,L 13-27,0.00,0.00,0.0,0.0,10,23.3,0,0.0,1,4.0,WR,MillSc01
6930,Scott Miller,0.00,26,Sat,15,16,2024-12-21,27-143,PIT,@,BAL,L 17-34,0.00,0.00,0.0,0.0,26,43.3,0,0.0,0,0.0,WR,MillSc01
6931,Scott Miller,0.00,10,Wed,16,17,2024-12-25,27-147,PIT,,KAN,L 10-29,0.00,0.00,0.0,0.0,10,13.3,0,0.0,0,0.0,WR,MillSc01
6932,Dax Milne,0.00,6,Sun,1,1,2022-09-11,23-080,WAS,,JAX,W 28-22,0.00,0.00,0.0,0.0,6,7.8,0,0.0,9,37.5,WR,MilnDa00
6933,Dax Milne,0.00,2,Sun,4,4,2022-10-02,23-101,WAS,@,DAL,L 10-25,0.00,0.00,0.0,0.0,2,2.7,0,0.0,13,43.3,WR,MilnDa00
6934,Dax Milne,0.00,1,Sun,5,5,2022-10-09,23-108,WAS,,TEN,L 17-21,0.00,0.00,0.0,0.0,1,1.6,0,0.0,12,42.9,WR,MilnDa00
6935,Dax Milne,0.00,8,Mon,10,10,2022-11-14,23-144,WAS,@,PHI,W 32-21,0.00,0.00,0.0,0.0,8,9.6,0,0.0,4,15.4,WR,MilnDa00
6936,Dax Milne,0.00,5,Sun,11,11,2022-11-20,23-150,WAS,@,HOU,W 23-10,0.00,0.00,0.0,0.0,5,7.4,0,0.0,7,25.9,WR,MilnDa00
6937,Dax Milne,0.00,1,Sat,15,16,2022-12-24,23-184,WAS,@,SFO,L 20-37,0.00,0.00,0.0,0.0,1,1.4,0,0.0,5,18.5,WR,MilnDa00
6938,Dax Milne,0.00,2,Sun,17,18,2023-01-08,23-199,WAS,,DAL,W 26-6,0.00,0.00,0.0,0.0,2,3.0,0,0.0,12,35.3,WR,MilnDa00
6939,Denzel Mims,0.00,16,Sun,12,13,2022-12-04,25-055,NYJ,@,MIN,L 22-27,0.00,0.00,0.0,0.0,16,18.8,0,0.0,0,0.0,WR,MimsDe00
6940,Denzel Mims,0.00,11,Sun,16,17,2023-01-01,25-083,NYJ,@,SEA,L 6-23,0.00,0.00,0.0,0.0,11,15.7,0,0.0,0,0.0,WR,MimsDe00
6941,Denzel Mims,0.00,5,Sun,17,18,2023-01-08,25-090,NYJ,@,MIA,L 6-11,0.00,0.00,0.0,0.0,5,8.9,0,0.0,0,0.0,WR,MimsDe00
6942,Marvin Mims,0.00,12,Thu,6,6,2023-10-12,21-207,DEN,@,KAN,L 8-19,0.00,0.00,0.0,0.0,12,23.1,0,0.0,8,38.1,WR,MimsMa00
6943,Marvin Mims,0.00,18,Sun,7,7,2023-10-22,21-217,DEN,,GNB,W 19-17,0.00,0.00,-1.1,-1.1,18,30.5,0,0.0,7,28.0,WR,MimsMa00
6944,Marvin Mims,0.00,28,Sun,8,8,2023-10-29,21-224,DEN,,KAN,W 24-9,0.00,1.00,1.0,0.5,28,39.4,0,0.0,5,22.7,WR,MimsMa00
6945,Marvin Mims,0.00,52,Mon,9,10,2023-11-13,21-239,DEN,@,BUF,W 24-22,0.00,0.00,-0.3,-0.3,52,69.3,0,0.0,7,25.9,WR,MimsMa00
6946,Marvin Mims,0.00,12,Sun,1,1,2024-09-08,22-173,DEN,@,SEA,L 20-26,0.00,0.00,0.0,0.0,12,17.4,0,0.0,14,41.2,WR,MimsMa00
6947,Marvin Mims,0.00,10,Sun,4,4,2024-09-29,22-194,DEN,@,NYJ,W 10-9,0.00,0.00,0.0,0.0,10,16.4,0,0.0,13,46.4,WR,MimsMa00
6948,Marvin Mims,0.00,17,Sun,6,6,2024-10-13,22-208,DEN,,LAC,L 16-23,0.00,0.00,0.0,0.0,17,30.9,0,0.0,10,37.0,WR,MimsMa00
6949,Jonathan Mingo,0.00,24,Mon,10,11,2024-11-18,23-212,DAL,,HOU,L 10-34,0.00,0.00,0.0,0.0,24,28.9,0,0.0,0,0.0,WR,MingJo00
6950,Jonathan Mingo,0.00,14,Mon,13,14,2024-12-09,23-233,DAL,,CIN,L 20-27,0.00,0.00,0.0,0.0,14,23.3,0,0.0,4,14.8,WR,MingJo00
6951,Jonathan Mingo,0.00,13,Sun,14,15,2024-12-15,23-239,DAL,@,CAR,W 30-14,0.00,0.00,0.0,0.0,13,17.8,0,0.0,4,16.0,WR,MingJo00
6952,Jonathan Mingo,0.00,15,Sun,15,16,2024-12-22,23-246,DAL,,TAM,W 26-24,0.00,0.00,0.0,0.0,15,25.0,0,0.0,2,6.7,WR,MingJo00
6953,Jonathan Mingo,0.00,53,Sun,16,17,2023-12-31,22-255,CAR,@,JAX,L 0-26,0.00,2.00,2.0,1.0,53,98.1,0,0.0,0,0.0,WR,MingJo00
6954,Jonathan Mingo,0.00,11,Sun,7,7,2024-10-20,23-183,CAR,@,WAS,L 7-40,0.00,0.00,0.0,0.0,11,25.6,0,0.0,12,46.2,WR,MingJo00
6955,Jonathan Mingo,0.00,33,Sun,8,8,2024-10-27,23-190,CAR,@,DEN,L 14-28,0.00,0.00,0.0,0.0,33,54.1,0,0.0,8,33.3,WR,MingJo00
6956,Jonathan Mingo,0.00,15,Sun,9,9,2024-11-03,23-197,CAR,,NOR,W 23-22,0.00,0.00,0.0,0.0,15,28.3,0,0.0,9,31.0,WR,MingJo00
6957,Adonai Mitchell,0.00,7,Sun,3,3,2024-09-22,21-350,IND,,CHI,W 21-16,0.00,0.00,0.0,0.0,7,12.5,0,0.0,0,0.0,WR,MitcAd00
6958,Adonai Mitchell,0.00,36,Sun,13,13,2024-12-01,22-054,IND,@,NWE,W 25-24,0.00,0.00,0.0,0.0,36,58.1,0,0.0,0,0.0,WR,MitcAd00
6959,Adonai Mitchell,0.00,37,Sun,14,15,2024-12-15,22-068,IND,@,DEN,L 13-31,0.00,0.00,-2.0,-3.0,37,48.7,0,0.0,0,0.0,WR,MitcAd00
6960,Adonai Mitchell,0.00,16,Sun,17,18,2025-01-05,22-089,IND,,JAX,W 26-23 (OT),0.00,0.00,0.0,0.0,16,20.5,0,0.0,0,0.0,WR,MitcAd00
6961,D.J. Montgomery,0.00,3,Sun,11,12,2023-11-26,27-009,IND,,TAM,W 27-20,0.00,0.00,0.0,0.0,3,4.1,0,0.0,9,33.3,WR,MontDJ01
6962,D.J. Montgomery,0.00,3,Sun,12,13,2023-12-03,27-016,IND,@,TEN,W 31-28 (OT),0.00,0.00,0.0,0.0,3,4.2,0,0.0,14,37.8,WR,MontDJ01
6963,D.J. Montgomery,0.00,5,Sun,13,14,2023-12-10,27-023,IND,@,CIN,L 14-34,0.00,0.00,0.0,0.0,5,7.8,0,0.0,10,37.0,WR,MontDJ01
6964,D.J. Montgomery,0.00,4,Sun,16,17,2023-12-31,27-044,IND,,LVR,W 23-20,0.00,0.00,0.0,0.0,4,7.1,0,0.0,7,23.3,WR,MontDJ01
6965,D.J. Montgomery,0.00,6,Sat,17,18,2024-01-06,27-050,IND,,HOU,L 19-23,0.00,0.00,0.0,0.0,6,9.1,0,0.0,8,26.7,WR,MontDJ01
6966,Darnell Mooney,0.00,18,Sun,12,12,2022-11-27,25-029,CHI,@,NYJ,L 10-31,0.00,0.00,0.0,0.0,18,31.6,0,0.0,0,0.0,WR,MoonDa00
6967,Darnell Mooney,0.00,15,Sun,2,2,2023-09-17,25-323,CHI,@,TAM,L 17-27,0.00,0.00,0.0,0.0,15,28.3,0,0.0,0,0.0,WR,MoonDa00
6968,Darnell Mooney,0.00,36,Sun,3,3,2023-09-24,25-330,CHI,@,KAN,L 10-41,0.00,0.00,0.0,0.0,36,70.6,0,0.0,0,0.0,WR,MoonDa00
6969,Darnell Mooney,0.00,50,Thu,5,5,2023-10-05,25-341,CHI,@,WAS,W 40-20,0.00,0.00,0.0,0.0,50,78.1,0,0.0,0,0.0,WR,MoonDa00
6970,Darnell Mooney,0.00,53,Mon,14,15,2024-12-16,27-048,ATL,@,LVR,W 15-9,0.00,0.00,0.0,0.0,53,91.4,0,0.0,0,0.0,WR,MoonDa00
6971,Darnell Mooney,0.00,37,Sun,2,2,2022-09-18,24-324,CHI,@,GNB,L 10-27,0.00,1.00,0.6,0.1,37,90.2,0,0.0,0,0.0,WR,MoonDa00
6972,Chris Moore,0.00,1,Sun,1,1,2024-09-08,31-084,ARI,@,BUF,L 28-34,0.00,0.00,0.0,0.0,1,1.6,0,0.0,0,0.0,WR,MoorCh00
6973,Chris Moore,0.00,9,Sun,2,2,2024-09-15,31-091,ARI,,LAR,W 41-10,0.00,0.00,0.0,0.0,9,13.6,0,0.0,0,0.0,WR,MoorCh00
6974,Chris Moore,0.00,3,Sun,3,3,2024-09-22,31-098,ARI,,DET,L 13-20,0.00,0.00,0.0,0.0,3,5.1,0,0.0,0,0.0,WR,MoorCh00
6975,Chris Moore,0.00,6,Sun,4,4,2024-09-29,31-105,ARI,,WAS,L 14-42,0.00,0.00,0.0,0.0,6,10.2,0,0.0,0,0.0,WR,MoorCh00
6976,Chris Moore,0.00,8,Sun,5,5,2024-10-06,31-112,ARI,@,SFO,W 24-23,0.00,0.00,0.0,0.0,8,13.8,0,0.0,0,0.0,WR,MoorCh00
6977,Chris Moore,0.00,32,Sun,4,4,2022-10-02,29-108,HOU,,LAC,L 24-34,0.00,0.00,0.0,0.0,32,56.1,0,0.0,0,0.0,WR,MoorCh00
6978,Chris Moore,0.00,34,Sun,7,8,2022-10-30,29-136,HOU,,TEN,L 10-17,0.00,0.00,0.0,0.0,34,63.0,0,0.0,1,3.7,WR,MoorCh00
6979,Chris Moore,0.00,9,Sun,1,1,2023-09-10,30-086,TEN,@,NOR,L 15-16,0.00,0.00,0.0,0.0,9,14.3,0,0.0,10,35.7,WR,MoorCh00
6980,Chris Moore,0.00,37,Sun,5,5,2023-10-08,30-114,TEN,@,IND,L 16-23,0.00,0.00,0.0,0.0,37,61.7,0,0.0,1,4.5,WR,MoorCh00
6981,Chris Moore,0.00,28,Sun,7,8,2023-10-29,30-135,TEN,,ATL,W 28-23,0.00,0.00,0.0,0.0,28,41.2,0,0.0,9,25.7,WR,MoorCh00
6982,David Moore,0.00,2,Sun,2,2,2024-09-15,29-244,CAR,,LAC,L 3-26,0.00,0.00,0.0,0.0,2,4.2,0,0.0,9,37.5,WR,MoorDa03
6983,David Moore,0.00,19,Sun,3,3,2024-09-22,29-251,CAR,@,LVR,W 36-22,0.00,0.00,0.0,0.0,19,25.7,0,0.0,11,36.7,WR,MoorDa03
6984,David Moore,0.00,9,Sun,4,4,2024-09-29,29-258,CAR,,CIN,L 24-34,0.00,0.00,0.0,0.0,9,12.9,0,0.0,2,7.1,WR,MoorDa03
6985,David Moore,0.00,14,Sun,7,7,2024-10-20,29-279,CAR,@,WAS,L 7-40,0.00,0.00,0.0,0.0,14,32.6,0,0.0,6,23.1,WR,MoorDa03
6986,David Moore,0.00,11,Sun,11,12,2023-11-26,28-315,TAM,@,IND,L 20-27,0.00,0.00,0.0,0.0,11,18.3,0,0.0,10,37.0,WR,MoorDa03
6987,David Moore,0.00,8,Sun,12,13,2023-12-03,28-322,TAM,,CAR,W 21-18,0.00,0.00,0.0,0.0,8,12.9,0,0.0,3,10.3,WR,MoorDa03
6988,David Moore,0.00,16,Sun,16,17,2023-12-31,28-350,TAM,,NOR,L 13-23,0.00,0.00,0.0,0.0,16,28.6,0,0.0,10,38.5,WR,MoorDa03
6989,Elijah Moore,0.00,32,Sun,6,6,2022-10-16,22-203,NYJ,@,GNB,W 27-10,0.00,0.00,0.0,0.0,32,58.2,0,0.0,1,3.4,WR,MoorEl00
6990,Elijah Moore,0.00,10,Sun,8,8,2022-10-30,22-217,NYJ,,NWE,L 17-22,0.00,0.00,0.0,0.0,10,16.9,0,0.0,0,0.0,WR,MoorEl00
6991,Elijah Moore,0.00,27,Sun,9,9,2022-11-06,22-224,NYJ,,BUF,W 20-17,0.00,0.00,0.0,0.0,27,45.0,0,0.0,0,0.0,WR,MoorEl00
6992,Elijah Moore,0.00,57,Sun,4,4,2023-10-01,23-188,CLE,,BAL,L 3-28,0.00,2.00,2.0,1.0,57,82.6,0,0.0,0,0.0,WR,MoorEl00
6993,Elijah Moore,0.00,6,Sun,17,18,2024-01-07,23-286,CLE,@,CIN,L 14-31,0.00,0.00,0.0,0.0,6,11.3,0,0.0,0,0.0,WR,MoorEl00
6994,Elijah Moore,0.00,53,Sun,14,15,2024-12-15,24-263,CLE,,KAN,L 7-21,0.00,2.00,1.9,0.9,53,85.5,0,0.0,0,0.0,WR,MoorEl00
6995,Jason Moore,0.00,8,Sun,8,9,2022-11-06,27-136,LAC,@,ATL,W 20-17,0.00,0.00,0.0,0.0,8,11.6,0,0.0,4,16.7,WR,MoorJa02
6996,Jason Moore,0.00,4,Sun,9,10,2022-11-13,27-143,LAC,@,SFO,L 16-22,0.00,0.00,0.0,0.0,4,6.9,0,0.0,0,0.0,WR,MoorJa02
6997,Jason Moore,0.00,4,Sun,4,4,2022-10-02,27-101,LAC,@,HOU,W 34-24,0.00,0.00,0.0,0.0,4,5.7,0,0.0,5,17.2,WR,MoorJa02
6998,Jason Moore,0.00,15,Sun,5,5,2022-10-09,27-108,LAC,@,CLE,W 30-28,0.00,0.00,0.0,0.0,15,21.1,0,0.0,5,18.5,WR,MoorJa02
6999,Jason Moore,0.00,5,Mon,6,6,2022-10-17,27-116,LAC,,DEN,W 19-16 (OT),0.00,0.00,0.0,0.0,5,5.4,0,0.0,4,13.3,WR,MoorJa02
7000,Rondale Moore,0.00,2,Mon,11,11,2022-11-21,22-165,ARI,,SFO,L 10-38,0.00,0.00,-0.6,-0.6,2,2.8,0,0.0,0,0.0,WR,MoorRo02
7001,Rondale Moore,0.00,54,Sun,4,4,2023-10-01,23-114,ARI,@,SFO,L 16-35,0.00,0.00,0.0,0.0,54,76.1,0,0.0,0,0.0,WR,MoorRo02
7002,Skyy Moore,0.00,2,Thu,2,2,2022-09-15,22-005,KAN,,LAC,W 27-24,0.00,0.00,0.0,0.0,2,3.5,0,0.0,7,21.9,WR,MoorSk01
7003,Skyy Moore,0.00,26,Sun,8,9,2022-11-06,22-057,KAN,,TEN,W 20-17 (OT),0.00,0.00,0.0,0.0,26,26.0,0,0.0,1,3.2,WR,MoorSk01
7004,Skyy Moore,0.00,23,Sun,13,14,2023-12-10,23-091,KAN,,BUF,L 17-20,0.00,0.00,0.0,0.0,23,34.8,0,0.0,0,0.0,WR,MoorSk01
7005,Skyy Moore,0.00,16,Sun,14,15,2023-12-17,23-098,KAN,@,NWE,W 27-17,0.00,0.00,0.0,0.0,16,24.6,0,0.0,0,0.0,WR,MoorSk01
7006,Skyy Moore,0.00,10,Thu,1,1,2024-09-05,23-361,KAN,,BAL,W 27-20,0.00,0.00,0.0,0.0,10,18.5,0,0.0,0,0.0,WR,MoorSk01
7007,Skyy Moore,0.00,5,Sun,2,2,2024-09-15,24-005,KAN,,CIN,W 26-25,0.00,0.00,0.0,0.0,5,7.7,0,0.0,3,11.5,WR,MoorSk01
7008,Skyy Moore,0.00,15,Sun,3,3,2024-09-22,24-012,KAN,@,ATL,W 22-17,0.00,0.00,0.0,0.0,15,20.3,0,0.0,5,20.8,WR,MoorSk01
7009,Skyy Moore,0.00,13,Sun,4,4,2024-09-29,24-019,KAN,@,LAC,W 17-10,0.00,0.00,0.0,0.0,13,21.0,0,0.0,3,12.5,WR,MoorSk01
7010,Skyy Moore,0.00,6,Mon,5,5,2024-10-07,24-027,KAN,,NOR,W 26-13,0.00,0.00,0.0,0.0,6,7.1,0,0.0,3,12.5,WR,MoorSk01
7011,Skyy Moore,0.00,33,Sun,6,7,2024-10-20,24-040,KAN,@,SFO,W 28-18,0.00,0.00,0.0,0.0,33,47.1,0,0.0,4,16.7,WR,MoorSk01
7012,Jalen Moreno-Cropper,0.00,12,Sun,9,10,2024-11-10,23-191,DAL,,PHI,L 6-34,0.00,0.00,0.0,0.0,12,20.0,0,0.0,3,10.7,WR,MoreJa01
7013,Stanley Morgan Jr.,0.00,5,Sun,1,1,2022-09-11,26-004,CIN,,PIT,L 20-23 (OT),0.00,0.00,0.0,0.0,5,5.0,0,0.0,21,65.6,WR,MorgSt02
7014,Stanley Morgan Jr.,0.00,3,Sun,2,2,2022-09-18,26-011,CIN,@,DAL,L 17-20,0.00,0.00,0.0,0.0,3,4.3,0,0.0,19,73.1,WR,MorgSt02
7015,Stanley Morgan Jr.,0.00,6,Sun,3,3,2022-09-25,26-018,CIN,@,NYJ,W 27-12,0.00,0.00,0.0,0.0,6,8.8,0,0.0,16,61.5,WR,MorgSt02
7016,Stanley Morgan Jr.,0.00,1,Thu,4,4,2022-09-29,26-022,CIN,,MIA,W 27-15,0.00,0.00,0.0,0.0,1,1.6,0,0.0,18,64.3,WR,MorgSt02
7017,Stanley Morgan Jr.,0.00,8,Sun,5,5,2022-10-09,26-032,CIN,@,BAL,L 17-19,0.00,0.00,0.0,0.0,8,12.7,0,0.0,15,65.2,WR,MorgSt02
7018,Stanley Morgan Jr.,0.00,2,Sun,6,6,2022-10-16,26-039,CIN,@,NOR,W 30-26,0.00,0.00,0.0,0.0,2,3.5,0,0.0,19,65.5,WR,MorgSt02
7019,Stanley Morgan Jr.,0.00,10,Sun,9,9,2022-11-06,26-060,CIN,,CAR,W 42-21,0.00,0.00,0.0,0.0,10,13.5,0,0.0,17,58.6,WR,MorgSt02
7020,Stanley Morgan Jr.,0.00,8,Sun,10,11,2022-11-20,26-074,CIN,@,PIT,W 37-30,0.00,0.00,0.0,0.0,8,12.1,0,0.0,23,63.9,WR,MorgSt02
7021,Stanley Morgan Jr.,0.00,5,Sun,11,12,2022-11-27,26-081,CIN,@,TEN,W 20-16,0.00,0.00,0.0,0.0,5,7.1,0,0.0,20,66.7,WR,MorgSt02
7022,Stanley Morgan Jr.,0.00,6,Sun,12,13,2022-12-04,26-088,CIN,,KAN,W 27-24,0.00,0.00,0.0,0.0,6,8.3,0,0.0,13,56.5,WR,MorgSt02
7023,Stanley Morgan Jr.,0.00,5,Sun,13,14,2022-12-11,26-095,CIN,,CLE,W 23-10,0.00,0.00,0.0,0.0,5,7.5,0,0.0,18,75.0,WR,MorgSt02
7024,Stanley Morgan Jr.,0.00,10,Sun,14,15,2022-12-18,26-102,CIN,@,TAM,W 34-23,0.00,0.00,0.0,0.0,10,15.2,0,0.0,17,68.0,WR,MorgSt02
7025,Stanley Morgan Jr.,0.00,2,Sat,15,16,2022-12-24,26-108,CIN,@,NWE,W 22-18,0.00,0.00,0.0,0.0,2,2.4,0,0.0,17,68.0,WR,MorgSt02
7026,Stanley Morgan Jr.,0.00,6,Sun,16,18,2023-01-08,26-123,CIN,,BAL,W 27-16,0.00,0.00,0.0,0.0,6,9.1,0,0.0,21,70.0,WR,MorgSt02
7027,Stanley Morgan Jr.,0.00,4,Sun,9,10,2023-11-12,27-066,CIN,,HOU,L 27-30,0.00,0.00,0.0,0.0,4,6.3,0,0.0,20,62.5,WR,MorgSt02
7028,Jalen Nailor,0.00,1,Sun,12,13,2022-12-04,23-277,MIN,,NYJ,W 27-22,0.00,0.00,0.0,0.0,1,1.5,0,0.0,21,65.6,WR,NailJa00
7029,Jalen Nailor,0.00,1,Sat,14,15,2022-12-17,23-290,MIN,,IND,W 39-36 (OT),0.00,0.00,0.0,0.0,1,1.1,0,0.0,30,69.8,WR,NailJa00
7030,Jalen Nailor,0.00,1,Thu,2,2,2023-09-14,24-196,MIN,@,PHI,L 28-34,0.00,0.00,0.0,0.0,1,1.7,0,0.0,17,58.6,WR,NailJa00
7031,Jalen Nailor,0.00,3,Sun,11,11,2023-11-19,24-262,MIN,@,DEN,L 20-21,0.00,0.00,0.0,0.0,3,4.1,0,0.0,0,0.0,WR,NailJa00
7032,Jalen Nailor,0.00,6,Mon,12,12,2023-11-27,24-270,MIN,,CHI,L 10-12,0.00,0.00,0.0,0.0,6,10.9,0,0.0,7,35.0,WR,NailJa00
7033,Jalen Nailor,0.00,41,Sun,5,5,2024-10-06,25-218,MIN,,NYJ,W 23-17,0.00,0.00,0.0,0.0,41,56.2,0,0.0,0,0.0,WR,NailJa00
7034,Jalen Nailor,0.00,32,Sun,10,11,2024-11-17,25-260,MIN,@,TEN,W 23-13,0.00,0.00,0.0,0.0,32,43.8,0,0.0,0,0.0,WR,NailJa00
7035,Jalen Nailor,0.00,24,Sun,13,14,2024-12-08,25-281,MIN,,ATL,W 42-21,0.00,0.00,0.0,0.0,24,40.0,0,0.0,0,0.0,WR,NailJa00
7036,Bryce Oliver,0.00,5,Sun,8,9,2024-11-03,24-168,TEN,,NWE,W 20-17 (OT),0.00,0.00,0.0,0.0,5,6.5,0,0.0,4,15.4,WR,OlivBr02
7037,Bryce Oliver,0.00,10,Sun,11,12,2024-11-24,24-189,TEN,@,HOU,W 32-27,0.00,0.00,0.0,0.0,10,14.9,0,0.0,6,17.1,WR,OlivBr02
7038,Bryce Oliver,0.00,2,Sun,15,16,2024-12-22,24-217,TEN,@,IND,L 30-38,0.00,0.00,0.0,0.0,2,3.3,0,0.0,7,23.3,WR,OlivBr02
7039,Bryce Oliver,0.00,5,Sun,16,17,2024-12-29,24-224,TEN,@,JAX,L 13-20,0.00,0.00,0.0,0.0,5,7.2,0,0.0,3,14.3,WR,OlivBr02
7040,Gunner Olszewski,0.00,9,Sun,1,1,2022-09-11,25-289,PIT,@,CIN,W 23-20 (OT),0.00,0.00,0.0,0.0,9,14.3,0,0.0,9,28.1,WR,OlszGu00
7041,Gunner Olszewski,0.00,3,Thu,3,3,2022-09-22,25-300,PIT,@,CLE,L 17-29,0.00,0.00,0.0,0.0,3,5.1,0,0.0,10,35.7,WR,OlszGu00
7042,Gunner Olszewski,0.00,9,Sun,4,4,2022-10-02,25-310,PIT,,NYJ,L 20-24,0.00,0.00,0.0,0.0,9,14.1,0,0.0,10,38.5,WR,OlszGu00
7043,Gunner Olszewski,0.00,10,Sun,7,7,2022-10-23,25-331,PIT,@,MIA,L 10-16,0.00,0.00,0.0,0.0,10,13.3,0,0.0,11,42.3,WR,OlszGu00
7044,Gunner Olszewski,0.00,8,Sat,15,16,2022-12-24,26-028,PIT,,LVR,W 13-10,0.00,0.00,0.0,0.0,8,11.8,0,0.0,1,4.5,WR,OlszGu00
7045,Gunner Olszewski,0.00,2,Sun,14,15,2023-12-17,27-021,NYG,@,NOR,L 6-24,0.00,0.00,0.0,0.0,2,3.2,0,0.0,10,43.5,WR,OlszGu00
7046,Gunner Olszewski,0.00,3,Mon,15,16,2023-12-25,27-029,NYG,@,PHI,L 25-33,0.00,0.00,0.0,0.0,3,4.8,0,0.0,9,31.0,WR,OlszGu00
7047,Gunner Olszewski,0.00,2,Sun,16,17,2023-12-31,27-035,NYG,,LAR,L 25-26,0.00,0.00,6.0,6.0,2,2.7,0,0.0,10,33.3,WR,OlszGu00
7048,Gunner Olszewski,0.00,1,Sun,17,18,2024-01-07,27-042,NYG,,PHI,W 27-10,0.00,0.00,0.0,0.0,1,1.5,0,0.0,8,30.8,WR,OlszGu00
7049,K.J. Osborn,0.00,39,Thu,3,3,2024-09-19,27-101,NWE,@,NYJ,L 3-24,0.00,0.00,0.0,0.0,39,75.0,0,0.0,0,0.0,WR,OsboKJ00
7050,K.J. Osborn,0.00,9,Sun,8,8,2024-10-27,27-139,NWE,,NYJ,W 25-22,0.00,0.00,0.0,0.0,9,13.4,0,0.0,0,0.0,WR,OsboKJ00
7051,K.J. Osborn,0.00,29,Sun,10,10,2024-11-10,27-153,NWE,@,CHI,W 19-3,0.00,0.00,0.0,0.0,29,45.3,0,0.0,0,0.0,WR,OsboKJ00
7052,K.J. Osborn,0.00,53,Sun,8,9,2022-11-06,25-149,MIN,@,WAS,W 20-17,0.00,0.00,0.0,0.0,53,80.3,0,0.0,0,0.0,WR,OsboKJ00
7053,K.J. Osborn,0.00,33,Sun,16,17,2023-12-31,26-204,MIN,,GNB,L 10-33,0.00,0.00,0.0,0.0,33,62.3,0,0.0,0,0.0,WR,OsboKJ00
7054,K.J. Osborn,0.00,19,Sun,16,17,2024-12-29,27-202,WAS,,ATL,W 30-24 (OT),0.00,0.00,0.0,0.0,19,22.9,0,0.0,0,0.0,WR,OsboKJ00
7055,Josh Palmer,0.00,37,Sun,16,17,2023-01-01,23-101,LAC,,LAR,W 31-10,0.00,0.00,0.0,0.0,37,57.8,0,0.0,0,0.0,WR,PalmJo00
7056,Trey Palmer,0.00,10,Sun,2,2,2024-09-15,23-166,TAM,@,DET,W 20-16,0.00,0.00,0.0,0.0,10,20.8,0,0.0,3,11.5,WR,PalmTr00
7057,Trey Palmer,0.00,12,Sun,3,3,2024-09-22,23-173,TAM,,DEN,L 7-26,0.00,0.00,0.0,0.0,12,21.1,0,0.0,5,22.7,WR,PalmTr00
7058,Trey Palmer,0.00,15,Sun,10,10,2024-11-10,23-222,TAM,,SFO,L 20-23,0.00,0.00,0.0,0.0,15,24.6,0,0.0,1,3.4,WR,PalmTr00
7059,Trey Palmer,0.00,15,Sun,12,13,2024-12-01,23-243,TAM,@,CAR,W 26-23 (OT),0.00,0.00,0.0,0.0,15,18.8,0,0.0,5,13.9,WR,PalmTr00
7060,Trey Palmer,0.00,7,Sun,13,14,2024-12-08,23-250,TAM,,LVR,W 28-13,0.00,0.00,0.0,0.0,7,11.3,0,0.0,4,17.4,WR,PalmTr00
7061,Trey Palmer,0.00,17,Sun,14,15,2024-12-15,23-257,TAM,@,LAC,W 40-17,0.00,0.00,0.0,0.0,17,23.6,0,0.0,3,11.1,WR,PalmTr00
7062,Trey Palmer,0.00,23,Sun,16,17,2024-12-29,23-271,TAM,,CAR,W 48-14,0.00,0.00,0.0,0.0,23,29.9,0,0.0,6,20.0,WR,PalmTr00
7063,Trey Palmer,0.00,8,Sun,17,18,2025-01-05,23-278,TAM,,NOR,W 27-19,0.00,0.00,0.0,0.0,8,11.9,0,0.0,3,10.7,WR,PalmTr00
7064,DeVante Parker,0.00,52,Sun,2,2,2022-09-18,29-241,NWE,@,PIT,W 17-14,0.00,0.00,0.0,0.0,52,76.5,0,0.0,0,0.0,WR,ParkDe01
7065,DeVante Parker,0.00,31,Sun,5,5,2022-10-09,29-262,NWE,,DET,W 29-0,0.00,0.00,0.0,0.0,31,51.7,0,0.0,0,0.0,WR,ParkDe01
7066,DeVante Parker,0.00,1,Sun,8,8,2022-10-30,29-283,NWE,@,NYJ,W 22-17,0.00,0.00,0.0,0.0,1,1.3,0,0.0,0,0.0,WR,ParkDe01
7067,Zach Pascal,0.00,5,Sun,1,1,2023-09-10,28-266,ARI,@,WAS,L 16-20,0.00,0.00,0.0,0.0,5,8.1,0,0.0,20,71.4,WR,PascZa00
7068,Zach Pascal,0.00,14,Sun,3,3,2023-09-24,28-280,ARI,,DAL,W 28-16,0.00,0.00,0.0,0.0,14,23.0,0,0.0,15,60.0,WR,PascZa00
7069,Zach Pascal,0.00,10,Sun,5,5,2023-10-08,28-294,ARI,,CIN,L 20-34,0.00,0.00,0.0,0.0,10,17.5,0,0.0,18,66.7,WR,PascZa00
7070,Zach Pascal,0.00,11,Sun,6,6,2023-10-15,28-301,ARI,@,LAR,L 9-26,0.00,0.00,0.0,0.0,11,14.5,0,0.0,17,63.0,WR,PascZa00
7071,Zach Pascal,0.00,11,Sun,8,8,2023-10-29,28-315,ARI,,BAL,L 24-31,0.00,0.00,0.0,0.0,11,14.3,0,0.0,6,21.4,WR,PascZa00
7072,Zach Pascal,0.00,31,Sun,9,9,2023-11-05,28-322,ARI,@,CLE,L 0-27,0.00,0.00,0.0,0.0,31,59.6,0,0.0,17,60.7,WR,PascZa00
7073,Zach Pascal,0.00,3,Sun,10,10,2023-11-12,28-329,ARI,,ATL,W 25-23,0.00,0.00,0.0,0.0,3,4.6,0,0.0,17,65.4,WR,PascZa00
7074,Zach Pascal,0.00,7,Sun,12,12,2023-11-26,28-343,ARI,,LAR,L 14-37,0.00,0.00,0.0,0.0,7,9.9,0,0.0,0,0.0,WR,PascZa00
7075,Zach Pascal,0.00,21,Sun,14,15,2023-12-17,28-364,ARI,,SFO,L 29-45,0.00,0.00,0.0,0.0,21,28.4,0,0.0,17,54.8,WR,PascZa00
7076,Zach Pascal,0.00,9,Sun,15,16,2023-12-24,29-006,ARI,@,CHI,L 16-27,0.00,0.00,0.0,0.0,9,14.8,0,0.0,16,55.2,WR,PascZa00
7077,Zach Pascal,0.00,17,Sun,16,17,2023-12-31,29-013,ARI,@,PHI,W 35-31,0.00,0.00,0.0,0.0,17,22.4,0,0.0,15,60.0,WR,PascZa00
7078,Zach Pascal,0.00,19,Sun,17,18,2024-01-07,29-020,ARI,,SEA,L 20-21,0.00,0.00,0.0,0.0,19,27.1,0,0.0,12,46.2,WR,PascZa00
7079,Zach Pascal,0.00,4,Sun,1,1,2024-09-08,29-265,ARI,@,BUF,L 28-34,0.00,0.00,0.0,0.0,4,6.6,0,0.0,17,63.0,WR,PascZa00
7080,Zach Pascal,0.00,8,Sun,2,2,2024-09-15,29-272,ARI,,LAR,W 41-10,0.00,0.00,0.0,0.0,8,12.1,0,0.0,15,60.0,WR,PascZa00
7081,Zach Pascal,0.00,1,Sun,3,3,2024-09-22,29-279,ARI,,DET,L 13-20,0.00,0.00,0.0,0.0,1,1.7,0,0.0,16,69.6,WR,PascZa00
7082,Zach Pascal,0.00,6,Sun,4,4,2024-09-29,29-286,ARI,,WAS,L 14-42,0.00,0.00,0.0,0.0,6,10.2,0,0.0,15,65.2,WR,PascZa00
7083,Zach Pascal,0.00,10,Sun,5,5,2024-10-06,29-293,ARI,@,SFO,W 24-23,0.00,0.00,0.0,0.0,10,17.2,0,0.0,14,58.3,WR,PascZa00
7084,Zach Pascal,0.00,8,Sun,6,6,2024-10-13,29-300,ARI,@,GNB,L 13-34,0.00,0.00,0.0,0.0,8,13.8,0,0.0,17,63.0,WR,PascZa00
7085,Zach Pascal,0.00,2,Mon,7,7,2024-10-21,29-308,ARI,,LAC,W 17-15,0.00,0.00,0.0,0.0,2,3.5,0,0.0,14,63.6,WR,PascZa00
7086,Zach Pascal,0.00,2,Sun,8,8,2024-10-27,29-314,ARI,@,MIA,W 28-27,0.00,0.00,0.0,0.0,2,3.0,0,0.0,17,65.4,WR,PascZa00
7087,Zach Pascal,0.00,3,Sun,9,9,2024-11-03,29-321,ARI,,CHI,W 29-9,0.00,0.00,0.0,0.0,3,5.2,0,0.0,19,67.9,WR,PascZa00
7088,Zach Pascal,0.00,7,Sun,10,10,2024-11-10,29-328,ARI,,NYJ,W 31-6,0.00,0.00,0.0,0.0,7,11.9,0,0.0,11,61.1,WR,PascZa00
7089,Zach Pascal,0.00,1,Sun,11,12,2024-11-24,29-342,ARI,@,SEA,L 6-16,0.00,0.00,0.0,0.0,1,1.7,0,0.0,16,66.7,WR,PascZa00
7090,Zach Pascal,0.00,2,Sun,13,14,2024-12-08,29-356,ARI,,SEA,L 18-30,0.00,0.00,0.0,0.0,2,2.8,0,0.0,19,65.5,WR,PascZa00
7091,Zach Pascal,0.00,3,Sun,14,15,2024-12-15,29-363,ARI,,NWE,W 30-17,0.00,0.00,0.0,0.0,3,4.3,0,0.0,15,60.0,WR,PascZa00
7092,Zach Pascal,0.00,11,Sun,17,18,2025-01-05,30-018,ARI,,SFO,W 47-24,0.00,0.00,0.0,0.0,11,16.9,0,0.0,20,60.6,WR,PascZa00
7093,Zach Pascal,0.00,20,Sun,4,4,2022-10-02,27-288,PHI,,JAX,W 29-21,0.00,0.00,0.0,0.0,20,24.4,0,0.0,15,62.5,WR,PascZa00
7094,Zach Pascal,0.00,13,Sun,5,5,2022-10-09,27-295,PHI,@,ARI,W 20-17,0.00,0.00,0.0,0.0,13,17.8,0,0.0,13,52.0,WR,PascZa00
7095,Zach Pascal,0.00,9,Sun,6,6,2022-10-16,27-302,PHI,,DAL,W 26-17,0.00,0.00,0.0,0.0,9,12.7,0,0.0,10,41.7,WR,PascZa00
7096,Zach Pascal,0.00,9,Sun,11,12,2022-11-27,27-344,PHI,,GNB,W 40-33,0.00,0.00,0.0,0.0,9,11.3,0,0.0,7,22.6,WR,PascZa00
7097,Zach Pascal,0.00,18,Sun,14,15,2022-12-18,28-000,PHI,@,CHI,W 25-20,0.00,0.00,0.0,0.0,18,24.7,0,0.0,16,64.0,WR,PascZa00
7098,Zach Pascal,0.00,20,Sun,16,17,2023-01-01,28-014,PHI,,NOR,L 10-20,0.00,0.00,0.0,0.0,20,36.4,0,0.0,18,69.2,WR,PascZa00
7099,Zach Pascal,0.00,19,Sun,17,18,2023-01-08,28-021,PHI,,NYG,W 22-16,0.00,0.00,0.0,0.0,19,26.0,0,0.0,19,67.9,WR,PascZa00
7100,Tim Patrick,0.00,37,Sun,7,8,2024-10-27,30-339,DET,,TEN,W 52-14,0.00,0.00,0.0,0.0,37,77.1,0,0.0,0,0.0,WR,PatrTi00
7101,Tim Patrick,0.00,32,Sun,9,10,2024-11-10,30-353,DET,@,HOU,W 26-23,0.00,0.00,0.0,0.0,32,49.2,0,0.0,0,0.0,WR,PatrTi00
7102,Tim Patrick,0.00,42,Sun,15,16,2024-12-22,31-029,DET,@,CHI,W 34-17,0.00,0.00,0.0,0.0,42,64.6,0,0.0,0,0.0,WR,PatrTi00
7103,Tim Patrick,0.00,40,Mon,16,17,2024-12-30,31-037,DET,@,SFO,W 40-34,0.00,0.00,2.0,2.0,40,56.3,0,0.0,0,0.0,WR,PatrTi00
7104,Ricky Pearsall,0.00,37,Sun,10,11,2024-11-17,24-069,SFO,,SEA,L 17-20,0.00,0.00,0.0,0.0,37,58.7,0,0.0,0,0.0,WR,PearRi00
7105,Ricky Pearsall,0.00,33,Sun,11,12,2024-11-24,24-076,SFO,@,GNB,L 10-38,0.00,0.00,0.0,0.0,33,67.3,0,0.0,4,16.0,WR,PearRi00
7106,Ricky Pearsall,0.00,35,Sun,12,13,2024-12-01,24-083,SFO,@,BUF,L 10-35,0.00,0.00,0.0,0.0,35,72.9,0,0.0,0,0.0,WR,PearRi00
7107,Donovan Peoples-Jones,0.00,52,Sun,2,2,2022-09-18,23-211,CLE,,NYJ,L 30-31,0.00,0.00,0.0,0.0,52,77.6,0,0.0,1,3.3,WR,PeopDo00
7108,Donovan Peoples-Jones,0.00,61,Sun,5,6,2023-10-15,24-238,CLE,,SFO,W 19-17,0.00,0.00,0.0,0.0,61,80.3,0,0.0,1,3.2,WR,PeopDo00
7109,Donovan Peoples-Jones,0.00,65,Sun,7,8,2023-10-29,24-252,CLE,@,SEA,L 20-24,0.00,0.00,0.0,0.0,65,83.3,0,0.0,2,7.7,WR,PeopDo00
7110,Donovan Peoples-Jones,0.00,3,Sun,10,11,2023-11-19,24-273,DET,,CHI,W 31-26,0.00,0.00,0.0,0.0,3,4.8,0,0.0,7,26.9,WR,PeopDo00
7111,Donovan Peoples-Jones,0.00,8,Thu,11,12,2023-11-23,24-277,DET,,GNB,L 22-29,0.00,0.00,0.0,0.0,8,9.5,0,0.0,0,0.0,WR,PeopDo00
7112,Donovan Peoples-Jones,0.00,12,Sun,12,13,2023-12-03,24-287,DET,@,NOR,W 33-28,0.00,0.00,0.0,0.0,12,20.7,0,0.0,0,0.0,WR,PeopDo00
7113,Donovan Peoples-Jones,0.00,3,Sat,16,17,2023-12-30,24-314,DET,@,DAL,L 19-20,0.00,0.00,0.0,0.0,3,4.3,0,0.0,5,19.2,WR,PeopDo00
7114,A.T. Perry,0.00,8,Sun,8,8,2023-10-29,24-003,NOR,@,IND,W 38-27,0.00,0.00,0.0,0.0,8,12.1,0,0.0,0,0.0,WR,PerrAT00
7115,A.T. Perry,0.00,16,Sun,9,9,2023-11-05,24-010,NOR,,CHI,W 24-17,0.00,0.00,0.0,0.0,16,25.4,0,0.0,0,0.0,WR,PerrAT00
7116,Breshad Perriman,0.00,2,Sun,6,6,2022-10-16,29-036,TAM,@,PIT,L 18-20,0.00,0.00,0.0,0.0,2,2.8,0,0.0,0,0.0,WR,PerrBr02
7117,Breshad Perriman,0.00,10,Sun,7,7,2022-10-23,29-043,TAM,@,CAR,L 3-21,0.00,0.00,0.0,0.0,10,14.9,0,0.0,2,8.3,WR,PerrBr02
7118,Breshad Perriman,0.00,18,Sun,10,10,2022-11-13,29-064,TAM,,SEA,W 21-16,0.00,0.00,0.0,0.0,18,24.0,0,0.0,6,28.6,WR,PerrBr02
7119,Breshad Perriman,0.00,8,Sun,11,12,2022-11-27,29-078,TAM,@,CLE,L 17-23 (OT),0.00,0.00,0.0,0.0,8,11.6,0,0.0,6,19.4,WR,PerrBr02
7120,Breshad Perriman,0.00,7,Sun,14,15,2022-12-18,29-099,TAM,,CIN,L 23-34,0.00,0.00,0.0,0.0,7,9.5,0,0.0,4,16.0,WR,PerrBr02
7121,Breshad Perriman,0.00,26,Sun,1,1,2022-09-11,29-001,TAM,@,DAL,W 19-3,0.00,0.00,-0.7,-0.7,26,41.9,0,0.0,4,16.7,WR,PerrBr02
7122,Dante Pettis,0.00,21,Sun,13,14,2024-12-08,29-046,NOR,@,NYG,W 14-11,0.00,0.00,0.0,0.0,21,30.9,0,0.0,8,27.6,WR,PettDa00
7123,Dante Pettis,0.00,18,Sun,11,11,2022-11-20,27-028,CHI,@,ATL,L 24-27,0.00,0.00,0.0,0.0,18,26.1,0,0.0,3,11.1,WR,PettDa00
7124,Dante Pettis,0.00,14,Sun,16,17,2023-01-01,27-070,CHI,@,DET,L 10-41,0.00,0.00,0.0,0.0,14,26.9,0,0.0,1,3.3,WR,PettDa00
7125,Dante Pettis,0.00,23,Sun,2,2,2022-09-18,26-330,CHI,@,GNB,L 10-27,0.00,0.00,0.0,0.0,23,56.1,0,0.0,2,9.1,WR,PettDa00
7126,Dante Pettis,0.00,36,Sun,3,3,2022-09-25,26-337,CHI,,HOU,W 23-20,0.00,0.00,0.0,0.0,36,57.1,0,0.0,6,20.7,WR,PettDa00
7127,Dante Pettis,0.00,36,Sun,4,4,2022-10-02,26-344,CHI,@,NYG,L 12-20,0.00,0.00,0.0,0.0,36,58.1,0,0.0,0,0.0,WR,PettDa00
7128,Dante Pettis,0.00,30,Sun,5,5,2022-10-09,26-351,CHI,@,MIN,L 22-29,0.00,0.00,0.0,0.0,30,60.0,0,0.0,0,0.0,WR,PettDa00
7129,Kyle Philips,0.00,2,Sun,4,4,2022-10-02,23-107,TEN,@,IND,W 24-17,0.00,0.00,0.0,0.0,2,3.7,0,0.0,0,0.0,WR,PhilKy01
7130,Kyle Philips,0.00,13,Sun,5,5,2023-10-08,24-113,TEN,@,IND,L 16-23,0.00,0.00,0.0,0.0,13,21.7,0,0.0,1,4.5,WR,PhilKy01
7131,Kyle Philips,0.00,12,Sun,11,12,2023-11-26,24-162,TEN,,CAR,W 17-10,0.00,1.00,0.7,0.2,12,22.6,0,0.0,0,0.0,WR,PhilKy01
7132,Kyle Philips,0.00,3,Mon,13,14,2023-12-11,24-177,TEN,@,MIA,W 28-27,0.00,0.00,0.0,0.0,3,4.2,0,0.0,0,0.0,WR,PhilKy01
7133,George Pickens,0.00,65,Sun,8,8,2022-10-30,21-240,PIT,@,PHI,L 13-35,0.00,0.00,0.0,0.0,65,85.5,0,0.0,0,0.0,WR,PickGe00
7134,George Pickens,0.00,58,Thu,8,9,2023-11-02,22-243,PIT,,TEN,W 20-16,0.00,2.00,1.9,0.9,58,89.2,0,0.0,0,0.0,WR,PickGe00
7135,George Pickens,0.00,56,Sat,17,18,2025-01-04,23-306,PIT,,CIN,L 17-19,0.00,1.00,1.0,0.5,56,91.8,0,0.0,0,0.0,WR,PickGe00
7136,Alec Pierce,0.00,47,Sun,1,1,2022-09-11,22-132,IND,@,HOU,T 20-20 (OT),0.00,0.00,0.0,0.0,47,51.1,0,0.0,0,0.0,WR,PierAl00
7137,Alec Pierce,0.00,42,Sun,10,10,2022-11-13,22-195,IND,@,LVR,W 25-20,0.00,0.00,0.0,0.0,42,64.6,0,0.0,0,0.0,WR,PierAl00
7138,Alec Pierce,0.00,45,Mon,12,12,2022-11-28,22-210,IND,,PIT,L 17-24,0.00,0.00,0.0,0.0,45,70.3,0,0.0,0,0.0,WR,PierAl00
7139,Alec Pierce,0.00,61,Sat,14,15,2022-12-17,22-229,IND,@,MIN,L 36-39 (OT),0.00,0.00,0.0,0.0,61,77.2,0,0.0,0,0.0,WR,PierAl00
7140,Alec Pierce,0.00,61,Sun,9,9,2023-11-05,23-187,IND,@,CAR,W 27-13,0.00,0.00,0.0,0.0,61,100.0,0,0.0,1,3.6,WR,PierAl00
7141,Alec Pierce,0.00,64,Sat,17,18,2024-01-06,23-249,IND,,HOU,L 19-23,0.00,0.00,0.0,0.0,64,97.0,0,0.0,1,3.3,WR,PierAl00
7142,Alec Pierce,0.00,62,Sun,6,6,2024-10-13,24-164,IND,@,TEN,W 20-17,0.00,0.00,0.0,0.0,62,88.6,0,0.0,0,0.0,WR,PierAl00
7143,Alec Pierce,0.00,35,Sun,14,15,2024-12-15,24-227,IND,@,DEN,L 13-31,0.00,0.00,0.0,0.0,35,46.1,0,0.0,0,0.0,WR,PierAl00
7144,Ja'Lynn Polk,0.00,34,Sun,7,7,2024-10-20,22-192,NWE,@,JAX,L 16-32,0.00,0.00,0.0,0.0,34,56.7,0,0.0,0,0.0,WR,PolkJa00
7145,Ja'Lynn Polk,0.00,9,Sun,9,9,2024-11-03,22-206,NWE,@,TEN,L 17-20 (OT),0.00,0.00,0.0,0.0,9,13.0,0,0.0,0,0.0,WR,PolkJa00
7146,Ja'Lynn Polk,0.00,31,Sun,11,11,2024-11-17,22-220,NWE,,LAR,L 22-28,0.00,0.00,0.0,0.0,31,40.8,0,0.0,0,0.0,WR,PolkJa00
7147,Ja'Lynn Polk,0.00,20,Sun,13,13,2024-12-01,22-234,NWE,,IND,L 24-25,0.00,0.00,0.0,0.0,20,27.8,0,0.0,0,0.0,WR,PolkJa00
7148,Ja'Lynn Polk,0.00,20,Sun,14,15,2024-12-15,22-248,NWE,@,ARI,L 17-30,0.00,0.00,0.0,0.0,20,39.2,0,0.0,0,0.0,WR,PolkJa00
7149,Ja'Lynn Polk,0.00,3,Sun,15,16,2024-12-22,22-255,NWE,@,BUF,L 21-24,0.00,0.00,0.0,0.0,3,4.1,0,0.0,0,0.0,WR,PolkJa00
7150,Ja'Lynn Polk,0.00,12,Sat,16,17,2024-12-28,22-261,NWE,,LAC,L 7-40,0.00,0.00,0.0,0.0,12,22.6,0,0.0,0,0.0,WR,PolkJa00
7151,Brandon Powell,0.00,6,Sun,2,2,2022-09-18,27-006,LAR,,ATL,W 31-27,0.00,1.00,-1.0,-1.5,6,9.5,0,0.0,11,47.8,WR,PoweBr00
7152,Brandon Powell,0.00,3,Sun,7,8,2022-10-30,27-048,LAR,,SFO,L 14-31,0.00,0.00,0.0,0.0,3,5.2,0,0.0,14,58.3,WR,PoweBr00
7153,Brandon Powell,0.00,14,Thu,13,14,2022-12-08,27-087,LAR,,LVR,W 17-16,0.00,0.00,0.0,0.0,14,21.9,0,0.0,12,48.0,WR,PoweBr00
7154,Brandon Powell,0.00,1,Sun,4,4,2023-10-01,28-019,MIN,@,CAR,W 21-13,0.00,0.00,0.0,0.0,1,2.1,0,0.0,5,22.7,WR,PoweBr00
7155,Brandon Powell,0.00,36,Sun,13,14,2023-12-10,28-089,MIN,@,LVR,W 3-0,0.00,0.00,0.0,0.0,36,50.0,0,0.0,8,36.4,WR,PoweBr00
7156,Brandon Powell,0.00,2,Sat,14,15,2023-12-16,28-095,MIN,@,CIN,L 24-27 (OT),0.00,0.00,0.0,0.0,2,2.9,0,0.0,4,14.8,WR,PoweBr00
7157,Brandon Powell,0.00,9,Sun,16,17,2023-12-31,28-110,MIN,,GNB,L 10-33,0.00,0.00,0.0,0.0,9,17.0,0,0.0,2,8.3,WR,PoweBr00
7158,Brandon Powell,0.00,30,Sun,1,1,2024-09-08,28-362,MIN,@,NYG,W 28-6,0.00,0.00,0.0,0.0,30,54.5,0,0.0,6,25.0,WR,PoweBr00
7159,Brandon Powell,0.00,23,Sun,4,4,2024-09-29,29-017,MIN,@,GNB,W 31-29,0.00,0.00,0.0,0.0,23,33.8,0,0.0,3,10.3,WR,PoweBr00
7160,Brandon Powell,0.00,6,Sun,5,5,2024-10-06,29-024,MIN,,NYJ,W 23-17,0.00,0.00,0.0,0.0,6,8.2,0,0.0,7,24.1,WR,PoweBr00
7161,Brandon Powell,0.00,2,Sun,6,7,2024-10-20,29-038,MIN,,DET,L 29-31,0.00,0.00,0.0,0.0,2,3.3,0,0.0,8,25.8,WR,PoweBr00
7162,Brandon Powell,0.00,6,Thu,7,8,2024-10-24,29-042,MIN,@,LAR,L 20-30,0.00,0.00,0.0,0.0,6,12.0,0,0.0,8,32.0,WR,PoweBr00
7163,Brandon Powell,0.00,11,Sun,9,10,2024-11-10,29-059,MIN,@,JAX,W 12-7,0.00,0.00,0.0,0.0,11,13.1,0,0.0,5,26.3,WR,PoweBr00
7164,Brandon Powell,0.00,6,Sun,11,12,2024-11-24,29-073,MIN,@,CHI,W 30-27 (OT),0.00,0.00,0.0,0.0,6,8.5,0,0.0,7,22.6,WR,PoweBr00
7165,Brandon Powell,0.00,10,Sun,13,14,2024-12-08,29-087,MIN,,ATL,W 42-21,0.00,0.00,0.0,0.0,10,16.7,0,0.0,2,7.4,WR,PoweBr00
7166,Brandon Powell,0.00,4,Sun,15,16,2024-12-22,29-101,MIN,@,SEA,W 27-24,0.00,0.00,0.0,0.0,4,6.1,0,0.0,11,33.3,WR,PoweBr00
7167,Brandon Powell,0.00,4,Sun,16,17,2024-12-29,29-108,MIN,,GNB,W 27-25,0.00,0.00,0.0,0.0,4,5.6,0,0.0,4,14.8,WR,PoweBr00
7168,Brandon Powell,0.00,6,Sun,17,18,2025-01-05,29-115,MIN,@,DET,L 9-31,0.00,0.00,0.0,0.0,6,9.2,0,0.0,2,8.7,WR,PoweBr00
7169,Cornell Powell,0.00,1,Sun,10,11,2022-11-20,25-021,KAN,@,LAC,W 30-27,0.00,0.00,0.0,0.0,1,1.5,0,0.0,15,51.7,WR,PoweCo00
7170,Cornell Powell,0.00,2,Sun,11,12,2022-11-27,25-028,KAN,,LAR,W 26-10,0.00,0.00,0.0,0.0,2,2.6,0,0.0,8,33.3,WR,PoweCo00
7171,Byron Pringle,0.00,14,Sun,2,2,2022-09-18,28-305,CHI,@,GNB,L 10-27,0.00,0.00,0.0,0.0,14,34.1,0,0.0,6,27.3,WR,PrinBy00
7172,Byron Pringle,0.00,6,Sun,3,3,2023-09-24,29-311,WAS,,BUF,L 3-37,0.00,0.00,0.0,0.0,6,11.1,0,0.0,1,4.5,WR,PrinBy00
7173,Byron Pringle,0.00,4,Sun,6,6,2023-10-15,29-332,WAS,@,ATL,W 24-16,0.00,0.00,0.0,0.0,4,7.8,0,0.0,12,50.0,WR,PrinBy00
7174,Byron Pringle,0.00,7,Sun,8,8,2023-10-29,29-346,WAS,,PHI,L 31-38,0.00,0.00,0.0,0.0,7,9.7,0,0.0,15,53.6,WR,PrinBy00
7175,Byron Pringle,0.00,16,Sun,13,13,2023-12-03,30-016,WAS,,MIA,L 15-45,0.00,0.00,0.0,0.0,16,29.1,0,0.0,14,50.0,WR,PrinBy00
7176,Byron Pringle,0.00,11,Sun,15,16,2023-12-24,30-037,WAS,@,NYJ,L 28-30,0.00,0.00,0.0,0.0,11,18.0,0,0.0,18,50.0,WR,PrinBy00
7177,Byron Pringle,0.00,10,Sun,16,17,2023-12-31,30-044,WAS,,SFO,L 10-27,0.00,0.00,0.0,0.0,10,21.7,0,0.0,13,61.9,WR,PrinBy00
7178,Byron Pringle,0.00,9,Sun,17,18,2024-01-07,30-051,WAS,,DAL,L 10-38,0.00,0.00,0.0,0.0,9,18.4,0,0.0,12,54.5,WR,PrinBy00
7179,Byron Pringle,0.00,14,Sun,11,11,2022-11-20,29-003,CHI,@,ATL,L 24-27,0.00,0.00,0.0,0.0,14,20.3,0,0.0,6,22.2,WR,PrinBy00
7180,Byron Pringle,0.00,20,Sun,13,13,2022-12-04,29-017,CHI,,GNB,L 19-28,0.00,0.00,0.0,0.0,20,38.5,0,0.0,7,29.2,WR,PrinBy00
7181,Byron Pringle,0.00,39,Sun,16,17,2023-01-01,29-045,CHI,@,DET,L 10-41,0.00,0.00,0.0,0.0,39,75.0,0,0.0,2,6.7,WR,PrinBy00
7182,James Proche,0.00,6,Sun,8,9,2023-11-05,27-045,CLE,,ARI,W 27-0,0.00,0.00,0.0,0.0,6,8.2,0,0.0,10,35.7,WR,ProcJa00
7183,James Proche,0.00,50,Sun,17,18,2024-01-07,27-108,CLE,@,CIN,L 14-31,0.00,0.00,0.0,0.0,50,94.3,0,0.0,18,62.1,WR,ProcJa00
7184,James Proche,0.00,1,Sun,2,2,2024-09-15,27-360,CLE,@,JAX,W 18-13,0.00,0.00,0.0,0.0,1,1.4,0,0.0,8,29.6,WR,ProcJa00
7185,James Proche,0.00,1,Sun,3,3,2024-09-22,28-001,CLE,,NYG,L 15-21,0.00,0.00,0.0,0.0,1,1.5,0,0.0,7,26.9,WR,ProcJa00
7186,James Proche,0.00,5,Sun,5,5,2024-10-06,28-015,CLE,@,WAS,L 13-34,0.00,0.00,0.0,0.0,5,8.1,0,0.0,6,19.4,WR,ProcJa00
7187,James Proche,0.00,2,Sat,17,18,2025-01-04,28-105,CLE,@,BAL,L 10-35,0.00,0.00,0.0,0.0,2,3.4,0,0.0,10,40.0,WR,ProcJa00
7188,James Proche,0.00,5,Sun,1,1,2022-09-11,25-355,BAL,@,NYJ,W 24-9,0.00,0.00,0.0,0.0,5,8.9,0,0.0,1,3.7,WR,ProcJa00
7189,James Proche,0.00,5,Sun,4,4,2022-10-02,26-011,BAL,,BUF,L 20-23,0.00,0.00,0.0,0.0,5,7.1,0,0.0,0,0.0,WR,ProcJa00
7190,James Proche,0.00,4,Sun,6,6,2022-10-16,26-025,BAL,@,NYG,L 20-24,0.00,0.00,0.0,0.0,4,6.8,0,0.0,1,3.8,WR,ProcJa00
7191,James Proche,0.00,8,Sun,7,7,2022-10-23,26-032,BAL,,CLE,W 23-20,0.00,0.00,0.0,0.0,8,12.5,0,0.0,2,7.4,WR,ProcJa00
7192,James Proche,0.00,17,Sun,10,11,2022-11-20,26-060,BAL,,CAR,W 13-3,0.00,0.00,0.0,0.0,17,24.6,0,0.0,1,4.3,WR,ProcJa00
7193,James Proche,0.00,14,Sun,11,12,2022-11-27,26-067,BAL,@,JAX,L 27-28,0.00,0.00,0.0,0.0,14,19.4,0,0.0,0,0.0,WR,ProcJa00
7194,James Proche,0.00,4,Sun,13,14,2022-12-11,26-081,BAL,@,PIT,W 16-14,0.00,0.00,0.0,0.0,4,6.6,0,0.0,9,42.9,WR,ProcJa00
7195,James Proche,0.00,3,Sat,14,15,2022-12-17,26-087,BAL,@,CLE,L 3-13,0.00,0.00,0.0,0.0,3,4.8,0,0.0,2,11.1,WR,ProcJa00
7196,James Proche,0.00,4,Sun,16,17,2023-01-01,26-102,BAL,,PIT,L 13-16,0.00,0.00,0.0,0.0,4,7.7,0,0.0,11,47.8,WR,ProcJa00
7197,James Proche,0.00,33,Sun,17,18,2023-01-08,26-109,BAL,@,CIN,L 16-27,0.00,0.00,0.0,0.0,33,42.3,0,0.0,16,53.3,WR,ProcJa00
7198,Kalif Raymond,0.00,8,Sun,1,1,2022-09-11,28-034,DET,,PHI,L 35-38,0.00,0.00,0.0,0.0,8,11.6,0,0.0,3,9.7,WR,RaymKa00
7199,Kalif Raymond,0.00,6,Sun,2,2,2022-09-18,28-041,DET,,WAS,W 36-27,0.00,0.00,0.0,0.0,6,9.8,0,0.0,8,25.0,WR,RaymKa00
7200,Kalif Raymond,0.00,5,Sun,3,3,2024-09-22,30-045,DET,@,ARI,W 20-13,0.00,0.00,0.0,0.0,5,7.4,0,0.0,8,34.8,WR,RaymKa00
7201,Kalif Raymond,0.00,22,Sun,8,9,2024-11-03,30-087,DET,@,GNB,W 24-14,0.00,1.00,1.0,0.5,22,38.6,0,0.0,3,13.6,WR,RaymKa00
7202,Kalif Raymond,0.00,16,Sun,9,10,2024-11-10,30-094,DET,@,HOU,W 26-23,0.00,0.00,0.0,0.0,16,24.6,0,0.0,11,36.7,WR,RaymKa00
7203,Kalif Raymond,0.00,10,Sun,11,12,2024-11-24,30-108,DET,@,IND,W 24-6,0.00,0.00,0.0,0.0,10,13.9,0,0.0,6,25.0,WR,RaymKa00
7204,Jalen Reagor,0.00,3,Sun,4,4,2022-10-02,23-273,MIN,@,NOR,W 28-25,0.00,0.00,0.0,0.0,3,4.2,0,0.0,4,12.9,WR,ReagJa00
7205,Jalen Reagor,0.00,1,Sun,6,6,2022-10-16,23-287,MIN,@,MIA,W 24-16,0.00,0.00,0.0,0.0,1,1.9,0,0.0,7,22.6,WR,ReagJa00
7206,Jalen Reagor,0.00,4,Sun,7,8,2022-10-30,23-301,MIN,,ARI,W 34-26,0.00,0.00,0.0,0.0,4,5.6,0,0.0,3,10.0,WR,ReagJa00
7207,Jalen Reagor,0.00,2,Sun,8,9,2022-11-06,23-308,MIN,@,WAS,W 20-17,0.00,0.00,0.0,0.0,2,3.0,0,0.0,5,17.9,WR,ReagJa00
7208,Jalen Reagor,0.00,7,Sun,13,14,2022-12-11,23-343,MIN,@,DET,L 23-34,0.00,0.00,0.0,0.0,7,10.8,0,0.0,3,10.3,WR,ReagJa00
7209,Jalen Reagor,0.00,7,Sat,14,15,2022-12-17,23-349,MIN,,IND,W 39-36 (OT),0.00,0.00,-0.5,-0.5,7,7.8,0,0.0,7,16.3,WR,ReagJa00
7210,Jalen Reagor,0.00,12,Sun,16,17,2023-01-01,23-364,MIN,@,GNB,L 17-41,0.00,0.00,0.0,0.0,12,20.7,0,0.0,3,10.7,WR,ReagJa00
7211,Jalen Reagor,0.00,19,Sun,8,9,2024-11-03,25-306,LAC,@,CLE,W 27-10,0.00,1.00,1.0,0.5,19,33.3,0,0.0,3,10.3,WR,ReagJa00
7212,Jalen Reagor,0.00,18,Sun,9,10,2024-11-10,25-313,LAC,,TEN,W 27-17,0.00,0.00,-0.2,-0.2,18,30.5,0,0.0,4,15.4,WR,ReagJa00
7213,Jalen Reagor,0.00,13,Sun,10,11,2024-11-17,25-320,LAC,,CIN,W 34-27,0.00,0.00,0.0,0.0,13,19.4,0,0.0,6,16.2,WR,ReagJa00
7214,Jalen Reagor,0.00,13,Sun,12,13,2024-12-01,25-334,LAC,@,ATL,W 17-13,0.00,0.00,0.0,0.0,13,28.3,0,0.0,4,18.2,WR,ReagJa00
7215,Jalen Reagor,0.00,14,Sun,6,6,2023-10-15,24-286,NWE,@,LVR,L 17-21,0.00,0.00,0.0,0.0,14,23.3,0,0.0,0,0.0,WR,ReagJa00
7216,Jalen Reagor,0.00,31,Sun,8,8,2023-10-29,24-300,NWE,@,MIA,L 17-31,0.00,0.00,0.0,0.0,31,58.5,0,0.0,0,0.0,WR,ReagJa00
7217,Jalen Reagor,0.00,1,Sun,10,10,2023-11-12,24-314,NWE,,IND,L 6-10,0.00,0.00,0.0,0.0,1,1.4,0,0.0,0,0.0,WR,ReagJa00
7218,Jalen Reagor,0.00,20,Thu,13,14,2023-12-07,24-339,NWE,@,PIT,W 21-18,0.00,0.00,0.0,0.0,20,35.1,0,0.0,0,0.0,WR,ReagJa00
7219,Jalen Reagor,0.00,29,Sun,14,15,2023-12-17,24-349,NWE,,KAN,L 17-27,0.00,0.00,0.0,0.0,29,54.7,0,0.0,6,20.0,WR,ReagJa00
7220,Jayden Reed,0.00,25,Thu,13,14,2024-12-05,24-221,GNB,@,DET,L 31-34,0.00,0.00,0.0,0.0,25,50.0,0,0.0,2,7.1,WR,ReedJa03
7221,Nikko Remigio,0.00,5,Sun,14,15,2024-12-15,25-041,KAN,@,CLE,W 21-7,0.00,0.00,0.0,0.0,5,6.7,0,0.0,8,30.8,WR,RemiNi00
7222,Nikko Remigio,0.00,2,Sat,15,16,2024-12-21,25-047,KAN,,HOU,W 27-19,0.00,0.00,0.0,0.0,2,2.7,0,0.0,7,29.2,WR,RemiNi00
7223,Nikko Remigio,0.00,1,Wed,16,17,2024-12-25,25-051,KAN,@,PIT,W 29-10,0.00,0.00,0.0,0.0,1,1.6,0,0.0,8,32.0,WR,RemiNi00
7224,Hunter Renfrow,0.00,13,Sun,1,1,2023-09-10,27-263,LVR,@,DEN,W 17-16,0.00,0.00,0.0,0.0,13,22.0,0,0.0,0,0.0,WR,RenfHu00
7225,Hunter Renfrow,0.00,7,Sun,6,6,2023-10-15,27-298,LVR,,NWE,W 21-17,0.00,0.00,0.0,0.0,7,10.0,0,0.0,2,8.0,WR,RenfHu00
7226,Hunter Renfrow,0.00,27,Thu,14,15,2023-12-14,27-358,LVR,,LAC,W 63-21,0.00,0.00,0.0,0.0,27,42.2,0,0.0,0,0.0,WR,RenfHu00
7227,Hunter Renfrow,0.00,11,Mon,15,16,2023-12-25,28-004,LVR,@,KAN,W 20-14,0.00,0.00,0.0,0.0,11,20.0,0,0.0,1,4.0,WR,RenfHu00
7228,Hunter Renfrow,0.00,12,Sun,16,17,2023-12-31,28-010,LVR,@,IND,L 20-23,0.00,0.00,0.0,0.0,12,16.0,0,0.0,0,0.0,WR,RenfHu00
7229,Hunter Renfrow,0.00,5,Sun,17,18,2024-01-07,28-017,LVR,,DEN,W 27-14,0.00,0.00,0.0,0.0,5,7.6,0,0.0,0,0.0,WR,RenfHu00
7230,Josh Reynolds,0.00,28,Sun,14,15,2024-12-15,29-303,JAX,,NYJ,L 25-32,0.00,0.00,0.0,0.0,28,33.3,0,0.0,0,0.0,WR,ReynJo00
7231,Josh Reynolds,0.00,29,Sun,15,16,2024-12-22,29-310,JAX,@,LVR,L 14-19,0.00,0.00,0.0,0.0,29,43.3,0,0.0,0,0.0,WR,ReynJo00
7232,Josh Reynolds,0.00,28,Sun,16,17,2024-12-29,29-317,JAX,,TEN,W 20-13,0.00,0.00,0.0,0.0,28,48.3,0,0.0,0,0.0,WR,ReynJo00
7233,Josh Reynolds,0.00,26,Sun,4,4,2024-09-29,29-226,DEN,@,NYJ,W 10-9,0.00,0.00,0.0,0.0,26,42.6,0,0.0,0,0.0,WR,ReynJo00
7234,Josh Reynolds,0.00,8,Thu,11,12,2022-11-24,27-281,DET,,BUF,L 25-28,0.00,0.00,0.0,0.0,8,11.3,0,0.0,0,0.0,WR,ReynJo00
7235,Josh Reynolds,0.00,40,Sun,14,15,2022-12-18,27-305,DET,@,NYJ,W 20-17,0.00,0.00,0.0,0.0,40,58.8,0,0.0,0,0.0,WR,ReynJo00
7236,Josh Reynolds,0.00,54,Sun,3,3,2023-09-24,28-220,DET,,ATL,W 20-6,0.00,0.00,0.0,0.0,54,77.1,0,0.0,0,0.0,WR,ReynJo00
7237,Brenden Rice,0.00,3,Mon,6,7,2024-10-21,22-217,LAC,@,ARI,L 15-17,0.00,0.00,0.0,0.0,3,4.5,0,0.0,3,13.6,WR,RiceBr00
7238,Rashee Rice,0.00,4,Sun,4,4,2024-09-29,24-160,KAN,@,LAC,W 17-10,0.00,0.00,0.0,0.0,4,6.5,0,0.0,0,0.0,WR,RiceRa01
7239,Allen Robinson,0.00,1,Sun,3,3,2024-09-22,31-029,DET,@,ARI,W 20-13,0.00,0.00,0.0,0.0,1,1.5,0,0.0,0,0.0,WR,RobiAl02
7240,Allen Robinson,0.00,9,Sun,5,6,2024-10-13,31-050,DET,@,DAL,W 47-9,0.00,0.00,0.0,0.0,9,13.2,0,0.0,0,0.0,WR,RobiAl02
7241,Allen Robinson,0.00,21,Sun,7,8,2024-10-27,31-064,DET,,TEN,W 52-14,0.00,0.00,0.0,0.0,21,43.8,0,0.0,0,0.0,WR,RobiAl02
7242,Allen Robinson,0.00,4,Sun,9,10,2024-11-10,31-078,DET,@,HOU,W 26-23,0.00,0.00,0.0,0.0,4,6.2,0,0.0,0,0.0,WR,RobiAl02
7243,Allen Robinson,0.00,4,Sun,11,12,2024-11-24,31-092,DET,@,IND,W 24-6,0.00,0.00,0.0,0.0,4,5.6,0,0.0,0,0.0,WR,RobiAl02
7244,Allen Robinson,0.00,7,Thu,12,13,2024-11-28,31-096,DET,,CHI,W 23-20,0.00,0.00,0.0,0.0,7,10.0,0,0.0,0,0.0,WR,RobiAl02
7245,Allen Robinson,0.00,5,Thu,13,14,2024-12-05,31-103,DET,,GNB,W 34-31,0.00,0.00,0.0,0.0,5,6.3,0,0.0,0,0.0,WR,RobiAl02
7246,Allen Robinson,0.00,6,Sun,14,15,2024-12-15,31-113,DET,,BUF,L 42-48,0.00,0.00,0.0,0.0,6,7.6,0,0.0,0,0.0,WR,RobiAl02
7247,Allen Robinson,0.00,4,Sun,15,16,2024-12-22,31-120,DET,@,CHI,W 34-17,0.00,0.00,0.0,0.0,4,6.2,0,0.0,0,0.0,WR,RobiAl02
7248,Allen Robinson,0.00,46,Sun,7,8,2023-10-29,30-066,PIT,,JAX,L 10-20,0.00,0.00,0.0,0.0,46,68.7,0,0.0,0,0.0,WR,RobiAl02
7249,Allen Robinson,0.00,50,Sun,9,10,2023-11-12,30-080,PIT,,GNB,W 23-19,0.00,0.00,0.0,0.0,50,76.9,0,0.0,0,0.0,WR,RobiAl02
7250,Allen Robinson,0.00,48,Sun,16,17,2023-12-31,30-129,PIT,@,SEA,W 30-23,0.00,0.00,0.0,0.0,48,66.7,0,0.0,1,3.6,WR,RobiAl02
7251,Allen Robinson,0.00,42,Sat,17,18,2024-01-06,30-135,PIT,@,BAL,W 17-10,0.00,0.00,0.0,0.0,42,67.7,0,0.0,1,3.7,WR,RobiAl02
7252,Demarcus Robinson,0.00,3,Sun,1,1,2023-09-10,28-354,LAR,@,SEA,W 30-13,0.00,0.00,0.0,0.0,3,3.7,0,0.0,0,0.0,WR,RobiDe01
7253,Demarcus Robinson,0.00,6,Sun,2,2,2023-09-17,28-361,LAR,,SFO,L 23-30,0.00,0.00,0.0,0.0,6,7.5,0,0.0,5,17.9,WR,RobiDe01
7254,Demarcus Robinson,0.00,1,Mon,3,3,2023-09-25,29-004,LAR,@,CIN,L 16-19,0.00,0.00,0.0,0.0,1,1.8,0,0.0,4,12.9,WR,RobiDe01
7255,Demarcus Robinson,0.00,7,Sun,4,4,2023-10-01,29-010,LAR,@,IND,W 29-23 (OT),0.00,0.00,0.0,0.0,7,8.5,0,0.0,7,25.9,WR,RobiDe01
7256,Demarcus Robinson,0.00,26,Sun,17,18,2024-01-07,29-108,LAR,@,SFO,W 21-20,0.00,0.00,0.0,0.0,26,38.8,0,0.0,0,0.0,WR,RobiDe01
7257,Demarcus Robinson,0.00,47,Sun,13,14,2024-12-08,30-078,LAR,,BUF,W 44-42,0.00,0.00,0.0,0.0,47,61.0,0,0.0,0,0.0,WR,RobiDe01
7258,Demarcus Robinson,0.00,51,Thu,14,15,2024-12-12,30-082,LAR,@,SFO,W 12-6,0.00,0.00,0.0,0.0,51,78.5,0,0.0,0,0.0,WR,RobiDe01
7259,Demarcus Robinson,0.00,38,Sun,15,16,2024-12-22,30-092,LAR,@,NYJ,W 19-9,0.00,0.00,0.0,0.0,38,73.1,0,0.0,0,0.0,WR,RobiDe01
7260,Demarcus Robinson,0.00,45,Sat,16,17,2024-12-28,30-098,LAR,,ARI,W 13-9,0.00,0.00,0.0,0.0,45,78.9,0,0.0,0,0.0,WR,RobiDe01
7261,Demarcus Robinson,0.00,22,Sun,3,3,2022-09-25,28-004,BAL,@,NWE,W 37-26,0.00,0.00,0.0,0.0,22,36.7,0,0.0,0,0.0,WR,RobiDe01
7262,Demarcus Robinson,0.00,15,Sun,7,7,2022-10-23,28-032,BAL,,CLE,W 23-20,0.00,0.00,0.0,0.0,15,23.4,0,0.0,0,0.0,WR,RobiDe01
7263,Amari Rodgers,0.00,4,Sun,4,4,2023-10-01,24-008,IND,,LAR,L 23-29 (OT),0.00,0.00,0.0,0.0,4,6.3,0,0.0,0,0.0,WR,RodgAm00
7264,Amari Rodgers,0.00,1,Sun,5,5,2023-10-08,24-015,IND,,TEN,W 23-16,0.00,0.00,0.0,0.0,1,1.5,0,0.0,5,22.7,WR,RodgAm00
7265,Amari Rodgers,0.00,20,Sun,6,6,2023-10-15,24-022,IND,@,JAX,L 20-37,0.00,0.00,0.0,0.0,20,25.6,0,0.0,18,58.1,WR,RodgAm00
7266,Amari Rodgers,0.00,17,Sun,12,13,2022-12-04,23-072,HOU,,CLE,L 14-27,0.00,0.00,0.0,0.0,17,26.2,0,0.0,0,0.0,WR,RodgAm00
7267,Amari Rodgers,0.00,1,Sun,2,2,2022-09-18,22-360,GNB,,CHI,W 27-10,0.00,0.00,0.0,0.0,1,1.5,0,0.0,7,31.8,WR,RodgAm00
7268,Amari Rodgers,0.00,3,Sun,3,3,2022-09-25,23-002,GNB,@,TAM,W 14-12,0.00,0.00,0.0,0.0,3,4.8,0,0.0,11,44.0,WR,RodgAm00
7269,Amari Rodgers,0.00,1,Sun,5,5,2022-10-09,23-016,GNB,,NYG,L 22-27,0.00,0.00,0.0,0.0,1,1.6,0,0.0,6,23.1,WR,RodgAm00
7270,Amari Rodgers,0.00,19,Sun,9,9,2022-11-06,23-044,GNB,@,DET,L 9-15,0.00,0.00,0.0,0.0,19,25.7,0,0.0,6,46.2,WR,RodgAm00
7271,Justyn Ross,0.00,9,Sun,2,2,2023-09-17,23-276,KAN,@,JAX,W 17-9,0.00,0.00,0.0,0.0,9,13.4,0,0.0,7,31.8,WR,RossJu00
7272,Justyn Ross,0.00,29,Sun,3,3,2023-09-24,23-283,KAN,,CHI,W 41-10,0.00,0.00,0.0,0.0,29,37.7,0,0.0,9,36.0,WR,RossJu00
7273,Justyn Ross,0.00,4,Sun,4,4,2023-10-01,23-290,KAN,@,NYJ,W 23-20,0.00,0.00,0.0,0.0,4,5.7,0,0.0,11,42.3,WR,RossJu00
7274,Justyn Ross,0.00,10,Thu,6,6,2023-10-12,23-301,KAN,,DEN,W 19-8,0.00,0.00,0.0,0.0,10,14.1,0,0.0,7,33.3,WR,RossJu00
7275,Justyn Ross,0.00,17,Sun,7,7,2023-10-22,23-311,KAN,,LAC,W 31-17,0.00,0.00,0.0,0.0,17,25.0,0,0.0,10,38.5,WR,RossJu00
7276,Justyn Ross,0.00,7,Sun,16,17,2023-12-31,24-016,KAN,,CIN,W 25-17,0.00,0.00,0.0,0.0,7,13.0,0,0.0,4,14.8,WR,RossJu00
7277,Justyn Ross,0.00,7,Mon,8,9,2024-11-04,24-325,KAN,,TAM,W 30-24 (OT),0.00,0.00,0.0,0.0,7,8.2,0,0.0,0,0.0,WR,RossJu00
7278,Justyn Ross,0.00,7,Sun,9,10,2024-11-10,24-331,KAN,,DEN,W 16-14,0.00,0.00,0.0,0.0,7,10.3,0,0.0,0,0.0,WR,RossJu00
7279,Curtis Samuel,0.00,34,Sun,5,5,2024-10-06,28-056,BUF,@,HOU,L 20-23,0.00,1.00,0.9,0.4,34,55.7,0,0.0,0,0.0,WR,SamuCu00
7280,Curtis Samuel,0.00,2,Sun,7,7,2024-10-20,28-070,BUF,,TEN,W 34-10,0.00,0.00,0.0,0.0,2,3.6,0,0.0,0,0.0,WR,SamuCu00
7281,Curtis Samuel,0.00,17,Sun,9,9,2024-11-03,28-084,BUF,,MIA,W 30-27,0.00,0.00,0.0,0.0,17,25.8,0,0.0,0,0.0,WR,SamuCu00
7282,Curtis Samuel,0.00,35,Sun,17,18,2023-01-08,26-150,WAS,,DAL,W 26-6,0.00,1.00,0.4,-0.1,35,53.0,0,0.0,0,0.0,WR,SamuCu00
7283,Deebo Samuel,0.00,4,Sun,7,7,2024-10-20,28-279,SFO,,KAN,L 18-28,0.00,0.00,0.0,0.0,4,6.3,0,0.0,0,0.0,WR,SamuDe00
7284,Deebo Samuel,0.00,36,Sun,12,13,2024-12-01,28-321,SFO,@,BUF,L 10-35,0.00,4.00,5.0,2.0,36,75.0,0,0.0,6,24.0,WR,SamuDe00
7285,Braylon Sanders,0.00,13,Sat,14,15,2022-12-17,23-330,MIA,@,BUF,L 29-32,0.00,0.00,0.0,0.0,13,22.0,0,0.0,0,0.0,WR,SandBr00
7286,Braylon Sanders,0.00,7,Sun,15,16,2022-12-25,23-338,MIA,,GNB,L 20-26,0.00,0.00,0.0,0.0,7,14.0,0,0.0,0,0.0,WR,SandBr00
7287,Anthony Schwartz,0.00,12,Sun,2,2,2022-09-18,22-013,CLE,,NYJ,L 30-31,0.00,0.00,0.0,0.0,12,17.9,0,0.0,3,10.0,WR,SchwAn00
7288,Anthony Schwartz,0.00,5,Thu,3,3,2022-09-22,22-017,CLE,,PIT,W 29-17,0.00,0.00,0.0,0.0,5,6.9,0,0.0,8,28.6,WR,SchwAn00
7289,Anthony Schwartz,0.00,11,Sun,4,4,2022-10-02,22-027,CLE,@,ATL,L 20-23,0.00,0.00,0.0,0.0,11,15.1,0,0.0,9,34.6,WR,SchwAn00
7290,Anthony Schwartz,0.00,8,Sun,5,5,2022-10-09,22-034,CLE,,LAC,L 28-30,0.00,0.00,0.0,0.0,8,11.9,0,0.0,8,29.6,WR,SchwAn00
7291,Anthony Schwartz,0.00,12,Sun,6,6,2022-10-16,22-041,CLE,,NWE,L 15-38,0.00,0.00,0.0,0.0,12,17.1,0,0.0,7,24.1,WR,SchwAn00
7292,Anthony Schwartz,0.00,8,Sun,10,11,2022-11-20,22-076,CLE,@,BUF,L 23-31,0.00,0.00,0.0,0.0,8,10.7,0,0.0,12,40.0,WR,SchwAn00
7293,Tyler Scott,0.00,12,Sun,2,2,2023-09-17,21-340,CHI,@,TAM,L 17-27,0.00,0.00,0.0,0.0,12,22.6,0,0.0,4,14.8,WR,ScotTy00
7294,Tyler Scott,0.00,15,Thu,5,5,2023-10-05,21-358,CHI,@,WAS,W 40-20,0.00,0.00,0.0,0.0,15,23.4,0,0.0,9,30.0,WR,ScotTy00
7295,Tyler Scott,0.00,40,Sun,9,9,2023-11-05,22-024,CHI,@,NOR,L 17-24,0.00,0.00,-0.5,-0.5,40,58.8,0,0.0,5,20.8,WR,ScotTy00
7296,Tyler Scott,0.00,12,Mon,12,12,2023-11-27,22-046,CHI,@,MIN,W 12-10,0.00,0.00,0.0,0.0,12,17.1,0,0.0,0,0.0,WR,ScotTy00
7297,Tyler Scott,0.00,29,Sun,15,16,2023-12-24,22-073,CHI,,ARI,W 27-16,0.00,0.00,0.0,0.0,29,41.4,0,0.0,0,0.0,WR,ScotTy00
7298,Tyler Scott,0.00,3,Sun,2,2,2024-09-15,22-339,CHI,@,HOU,L 13-19,0.00,0.00,0.0,0.0,3,4.3,0,0.0,0,0.0,WR,ScotTy00
7299,Tyler Scott,0.00,2,Sun,3,3,2024-09-22,22-346,CHI,@,IND,L 16-21,0.00,0.00,0.0,0.0,2,2.2,0,0.0,0,0.0,WR,ScotTy00
7300,Tyler Scott,0.00,2,Sun,4,4,2024-09-29,22-353,CHI,,LAR,W 24-18,0.00,0.00,0.0,0.0,2,3.3,0,0.0,0,0.0,WR,ScotTy00
7301,Tyler Scott,0.00,3,Sun,5,5,2024-10-06,22-360,CHI,,CAR,W 36-10,0.00,0.00,0.0,0.0,3,4.0,0,0.0,0,0.0,WR,ScotTy00
7302,Tyler Scott,0.00,3,Sun,6,6,2024-10-13,23-001,CHI,,JAX,W 35-16,0.00,0.00,0.0,0.0,3,4.5,0,0.0,3,12.5,WR,ScotTy00
7303,Tyler Scott,0.00,1,Sun,8,9,2024-11-03,23-022,CHI,@,ARI,L 9-29,0.00,0.00,0.0,0.0,1,1.4,0,0.0,2,7.1,WR,ScotTy00
7304,Tyler Scott,0.00,1,Sun,10,11,2024-11-17,23-036,CHI,,GNB,L 19-20,0.00,0.00,0.0,0.0,1,1.4,0,0.0,0,0.0,WR,ScotTy00
7305,Tyler Scott,0.00,1,Sun,15,16,2024-12-22,23-071,CHI,,DET,L 17-34,0.00,0.00,0.0,0.0,1,1.6,0,0.0,9,36.0,WR,ScotTy00
7306,Rashid Shaheed,0.00,5,Mon,9,9,2022-11-07,24-068,NOR,,BAL,L 13-27,0.00,0.00,0.0,0.0,5,9.8,0,0.0,10,38.5,WR,ShahRa00
7307,Rashid Shaheed,0.00,44,Sun,3,3,2023-09-24,25-024,NOR,@,GNB,L 17-18,0.00,0.00,6.0,6.0,44,72.1,0,0.0,8,32.0,WR,ShahRa00
7308,Rashid Shaheed,0.00,42,Sun,3,3,2024-09-22,26-022,NOR,,PHI,L 12-15,0.00,0.00,0.0,0.0,42,75.0,0,0.0,5,29.4,WR,ShahRa00
7309,Khalil Shakir,0.00,24,Mon,2,2,2022-09-19,22-228,BUF,,TEN,W 41-7,0.00,0.00,0.0,0.0,24,35.3,0,0.0,0,0.0,WR,ShakKh00
7310,Khalil Shakir,0.00,17,Sun,7,8,2022-10-30,22-269,BUF,,GNB,W 27-17,0.00,0.00,0.0,0.0,17,28.8,0,0.0,2,9.1,WR,ShakKh00
7311,Khalil Shakir,0.00,9,Sun,8,9,2022-11-06,22-276,BUF,@,NYJ,L 17-20,0.00,0.00,0.0,0.0,9,14.5,0,0.0,0,0.0,WR,ShakKh00
7312,Khalil Shakir,0.00,16,Sun,10,11,2022-11-20,22-290,BUF,,CLE,W 31-23,0.00,0.00,0.0,0.0,16,24.6,0,0.0,0,0.0,WR,ShakKh00
7313,Khalil Shakir,0.00,34,Thu,11,12,2022-11-24,22-294,BUF,@,DET,W 28-25,0.00,0.00,0.0,0.0,34,44.2,0,0.0,1,3.8,WR,ShakKh00
7314,Khalil Shakir,0.00,12,Sun,13,14,2022-12-11,22-311,BUF,,NYJ,W 20-12,0.00,0.00,0.0,0.0,12,20.3,0,0.0,0,0.0,WR,ShakKh00
7315,Khalil Shakir,0.00,22,Sat,14,15,2022-12-17,22-317,BUF,,MIA,W 32-29,0.00,0.00,0.0,0.0,22,28.2,0,0.0,0,0.0,WR,ShakKh00
7316,Khalil Shakir,0.00,7,Mon,1,1,2023-09-11,23-220,BUF,@,NYJ,L 16-22 (OT),0.00,0.00,0.0,0.0,7,10.1,0,0.0,6,23.1,WR,ShakKh00
7317,Khalil Shakir,0.00,16,Sun,4,4,2023-10-01,23-240,BUF,,MIA,W 48-20,0.00,0.00,0.0,0.0,16,27.6,0,0.0,4,14.3,WR,ShakKh00
7318,Khalil Shakir,0.00,33,Sun,14,15,2023-12-17,23-317,BUF,,DAL,W 31-10,0.00,0.00,0.0,0.0,33,48.5,0,0.0,3,12.5,WR,ShakKh00
7319,Tyrell Shavers,0.00,16,Sun,5,5,2024-10-06,25-049,BUF,@,HOU,L 20-23,0.00,0.00,0.0,0.0,16,26.2,0,0.0,8,25.8,WR,ShavTy00
7320,Tyrell Shavers,0.00,6,Sun,10,10,2024-11-10,25-084,BUF,@,IND,W 30-20,0.00,0.00,0.0,0.0,6,8.1,0,0.0,0,0.0,WR,ShavTy00
7321,Laviska Shenault Jr.,0.00,4,Sun,4,4,2022-10-02,23-362,CAR,,ARI,L 16-26,0.00,0.00,0.0,0.0,4,7.7,0,0.0,1,4.3,WR,ShenLa00
7322,Laviska Shenault Jr.,0.00,13,Sun,14,15,2022-12-18,24-074,CAR,,PIT,L 16-24,0.00,0.00,0.0,0.0,13,28.3,0,0.0,2,8.0,WR,ShenLa00
7323,Laviska Shenault Jr.,0.00,7,Sun,14,15,2024-12-15,26-071,LAC,,TAM,L 17-40,0.00,0.00,0.0,0.0,7,13.5,0,0.0,13,48.1,WR,ShenLa00
7324,Laviska Shenault Jr.,0.00,5,Sun,5,5,2024-10-06,26-001,SEA,,NYG,L 20-29,0.00,0.00,0.0,0.0,5,8.6,0,0.0,16,53.3,WR,ShenLa00
7325,Laviska Shenault Jr.,0.00,3,Sun,9,9,2024-11-03,26-029,SEA,,LAR,L 20-26 (OT),0.00,0.00,0.0,0.0,3,3.8,0,0.0,18,56.3,WR,ShenLa00
7326,Laviska Shenault Jr.,0.00,1,Sun,10,11,2024-11-17,26-043,SEA,@,SFO,W 20-17,0.00,0.00,0.0,0.0,1,1.7,0,0.0,3,14.3,WR,ShenLa00
7327,Sterling Shepard,0.00,4,Sun,3,3,2024-09-22,31-225,TAM,,DEN,L 7-26,0.00,0.00,0.0,0.0,4,7.0,0,0.0,0,0.0,WR,ShepSt00
7328,Sterling Shepard,0.00,14,Sun,1,1,2023-09-10,30-212,NYG,,DAL,L 0-40,0.00,0.00,0.0,0.0,14,20.0,0,0.0,0,0.0,WR,ShepSt00
7329,Sterling Shepard,0.00,2,Thu,3,3,2023-09-21,30-223,NYG,@,SFO,L 12-30,0.00,0.00,0.0,0.0,2,4.0,0,0.0,0,0.0,WR,ShepSt00
7330,Sterling Shepard,0.00,1,Sun,6,6,2023-10-15,30-247,NYG,@,BUF,L 9-14,0.00,0.00,0.0,0.0,1,1.3,0,0.0,0,0.0,WR,ShepSt00
7331,Sterling Shepard,0.00,1,Sun,9,9,2023-11-05,30-268,NYG,@,LVR,L 6-30,0.00,0.00,0.0,0.0,1,1.6,0,0.0,0,0.0,WR,ShepSt00
7332,Sterling Shepard,0.00,3,Sun,14,15,2023-12-17,30-310,NYG,@,NOR,L 6-24,0.00,0.00,0.0,0.0,3,4.8,0,0.0,0,0.0,WR,ShepSt00
7333,Sterling Shepard,0.00,1,Mon,15,16,2023-12-25,30-318,NYG,@,PHI,L 25-33,0.00,0.00,0.0,0.0,1,1.6,0,0.0,0,0.0,WR,ShepSt00
7334,Sterling Shepard,0.00,5,Sun,16,17,2023-12-31,30-324,NYG,,LAR,L 25-26,0.00,0.00,0.0,0.0,5,6.8,0,0.0,0,0.0,WR,ShepSt00
7335,Trent Sherfield,0.00,11,Mon,1,1,2023-09-11,27-198,BUF,@,NYJ,L 16-22 (OT),0.00,0.00,0.0,0.0,11,15.9,0,0.0,10,38.5,WR,SherTr00
7336,Trent Sherfield,0.00,32,Sun,2,2,2023-09-17,27-204,BUF,,LVR,W 38-10,0.00,0.00,0.0,0.0,32,41.0,0,0.0,10,45.5,WR,SherTr00
7337,Trent Sherfield,0.00,22,Sun,6,6,2023-10-15,27-232,BUF,,NYG,W 14-9,0.00,0.00,0.0,0.0,22,36.1,0,0.0,6,28.6,WR,SherTr00
7338,Trent Sherfield,0.00,22,Thu,8,8,2023-10-26,27-243,BUF,,TAM,W 24-18,0.00,0.00,0.0,0.0,22,31.9,0,0.0,11,42.3,WR,SherTr00
7339,Trent Sherfield,0.00,9,Mon,10,10,2023-11-13,27-261,BUF,,DEN,L 22-24,0.00,0.00,0.0,0.0,9,16.7,0,0.0,3,11.1,WR,SherTr00
7340,Trent Sherfield,0.00,10,Sun,11,11,2023-11-19,27-267,BUF,,NYJ,W 32-6,0.00,0.00,0.0,0.0,10,13.2,0,0.0,13,48.1,WR,SherTr00
7341,Trent Sherfield,0.00,19,Sun,12,12,2023-11-26,27-274,BUF,@,PHI,L 34-37 (OT),0.00,0.00,0.0,0.0,19,20.0,0,0.0,7,19.4,WR,SherTr00
7342,Trent Sherfield,0.00,39,Sun,14,15,2023-12-17,27-295,BUF,,DAL,W 31-10,0.00,0.00,0.0,0.0,39,57.4,0,0.0,6,25.0,WR,SherTr00
7343,Trent Sherfield,0.00,33,Sat,15,16,2023-12-23,27-301,BUF,@,LAC,W 24-22,0.00,0.00,0.0,0.0,33,60.0,0,0.0,6,20.0,WR,SherTr00
7344,Trent Sherfield,0.00,19,Sun,16,17,2023-12-31,27-309,BUF,,NWE,W 27-21,0.00,0.00,0.0,0.0,19,27.5,0,0.0,6,20.7,WR,SherTr00
7345,Trent Sherfield,0.00,32,Sat,14,15,2022-12-17,26-295,MIA,@,BUF,L 29-32,0.00,0.00,0.0,0.0,32,54.2,0,0.0,11,36.7,WR,SherTr00
7346,Trent Sherfield,0.00,42,Sun,17,18,2023-01-08,26-317,MIA,,NYJ,W 11-6,0.00,0.00,0.0,0.0,42,64.6,0,0.0,7,31.8,WR,SherTr00
7347,Trent Sherfield,0.00,17,Sun,1,1,2024-09-08,28-196,MIN,@,NYG,W 28-6,0.00,0.00,0.0,0.0,17,30.9,0,0.0,7,29.2,WR,SherTr00
7348,Trent Sherfield,0.00,9,Sun,5,5,2024-10-06,28-224,MIN,,NYJ,W 23-17,0.00,0.00,0.0,0.0,9,12.3,0,0.0,10,34.5,WR,SherTr00
7349,Trent Sherfield,0.00,4,Sun,6,7,2024-10-20,28-238,MIN,,DET,L 29-31,0.00,0.00,0.0,0.0,4,6.7,0,0.0,20,64.5,WR,SherTr00
7350,Trent Sherfield,0.00,11,Sun,11,12,2024-11-24,28-273,MIN,@,CHI,W 30-27 (OT),0.00,0.00,0.0,0.0,11,15.5,0,0.0,17,54.8,WR,SherTr00
7351,Trent Sherfield,0.00,2,Sun,12,13,2024-12-01,28-280,MIN,,ARI,W 23-22,0.00,0.00,0.0,0.0,2,3.8,0,0.0,14,50.0,WR,SherTr00
7352,Trent Sherfield,0.00,10,Sun,13,14,2024-12-08,28-287,MIN,,ATL,W 42-21,0.00,0.00,0.0,0.0,10,16.7,0,0.0,12,44.4,WR,SherTr00
7353,Trent Sherfield,0.00,7,Sun,15,16,2024-12-22,28-301,MIN,@,SEA,W 27-24,0.00,0.00,0.0,0.0,7,10.6,0,0.0,15,45.5,WR,SherTr00
7354,Trent Sherfield,0.00,7,Sun,16,17,2024-12-29,28-308,MIN,,GNB,W 27-25,0.00,0.00,0.0,0.0,7,9.7,0,0.0,16,59.3,WR,SherTr00
7355,Trent Sherfield,0.00,6,Sun,17,18,2025-01-05,28-315,MIN,@,DET,L 9-31,0.00,0.00,0.0,0.0,6,9.2,0,0.0,13,56.5,WR,SherTr00
7356,David Sills,0.00,27,Sun,1,1,2022-09-11,26-105,NYG,@,TEN,W 21-20,0.00,0.00,0.0,0.0,27,45.0,0,0.0,0,0.0,WR,SillDa01
7357,David Sills,0.00,1,Sun,12,13,2022-12-04,26-189,NYG,,WAS,T 20-20 (OT),0.00,0.00,0.0,0.0,1,1.5,0,0.0,0,0.0,WR,SillDa01
7358,David Sills,0.00,4,Mon,9,10,2023-11-13,27-168,DEN,@,BUF,W 24-22,0.00,0.00,0.0,0.0,4,5.3,0,0.0,0,0.0,WR,SillDa01
7359,David Sills,0.00,7,Sun,10,11,2023-11-19,27-174,DEN,,MIN,W 21-20,0.00,0.00,0.0,0.0,7,12.7,0,0.0,0,0.0,WR,SillDa01
7360,David Sills,0.00,5,Sun,11,12,2023-11-26,27-181,DEN,,CLE,W 29-12,0.00,0.00,0.0,0.0,5,7.5,0,0.0,0,0.0,WR,SillDa01
7361,Cam Sims,0.00,8,Sun,1,1,2022-09-11,26-248,WAS,,JAX,W 28-22,0.00,0.00,0.0,0.0,8,10.4,0,0.0,17,70.8,WR,SimsCa00
7362,Cam Sims,0.00,8,Sun,2,2,2022-09-18,26-255,WAS,@,DET,L 27-36,0.00,0.00,0.0,0.0,8,10.8,0,0.0,21,65.6,WR,SimsCa00
7363,Cam Sims,0.00,8,Sun,3,3,2022-09-25,26-262,WAS,,PHI,L 8-24,0.00,0.00,0.0,0.0,8,10.4,0,0.0,19,73.1,WR,SimsCa00
7364,Cam Sims,0.00,5,Sun,4,4,2022-10-02,26-269,WAS,@,DAL,L 10-25,0.00,0.00,0.0,0.0,5,6.8,0,0.0,22,73.3,WR,SimsCa00
7365,Cam Sims,0.00,27,Mon,10,10,2022-11-14,26-312,WAS,@,PHI,W 32-21,0.00,0.00,0.0,0.0,27,32.5,0,0.0,14,53.8,WR,SimsCa00
7366,Cam Sims,0.00,9,Sun,12,12,2022-11-27,26-325,WAS,,ATL,W 19-13,0.00,0.00,0.0,0.0,9,14.5,0,0.0,15,62.5,WR,SimsCa00
7367,Cam Sims,0.00,7,Sun,13,13,2022-12-04,26-332,WAS,@,NYG,T 20-20 (OT),0.00,1.00,0.8,0.3,7,8.2,0,0.0,22,64.7,WR,SimsCa00
7368,Cam Sims,0.00,5,Sun,14,15,2022-12-18,26-346,WAS,,NYG,L 12-20,0.00,0.00,0.0,0.0,5,7.9,0,0.0,13,52.0,WR,SimsCa00
7369,Cam Sims,0.00,5,Sat,15,16,2022-12-24,26-352,WAS,@,SFO,L 20-37,0.00,0.00,0.0,0.0,5,6.8,0,0.0,15,55.6,WR,SimsCa00
7370,Cam Sims,0.00,12,Sun,17,18,2023-01-08,27-002,WAS,,DAL,W 26-6,0.00,0.00,0.0,0.0,12,18.2,0,0.0,24,70.6,WR,SimsCa00
7371,Steven Sims,0.00,3,Sun,5,5,2022-10-09,25-192,PIT,@,BUF,L 3-38,0.00,0.00,0.0,0.0,3,4.0,0,0.0,8,32.0,WR,SimsSt00
7372,Steven Sims,0.00,6,Sun,6,6,2022-10-16,25-199,PIT,,TAM,W 20-18,0.00,0.00,-0.5,-0.5,6,9.4,0,0.0,10,35.7,WR,SimsSt00
7373,Steven Sims,0.00,32,Sun,10,11,2022-11-20,25-234,PIT,,CIN,L 30-37,0.00,0.00,-0.3,-0.3,32,43.8,0,0.0,11,30.6,WR,SimsSt00
7374,Steven Sims,0.00,1,Sun,11,12,2023-11-26,26-240,HOU,,JAX,L 21-24,0.00,0.00,0.0,0.0,1,1.7,0,0.0,8,30.8,WR,SimsSt00
7375,Steven Sims,0.00,1,Sun,6,6,2024-10-13,27-196,HOU,@,NWE,W 41-21,0.00,0.00,0.0,0.0,1,1.5,0,0.0,10,30.3,WR,SimsSt00
7376,Steven Sims,0.00,5,Thu,9,9,2024-10-31,27-214,HOU,@,NYJ,L 13-21,0.00,0.00,0.0,0.0,5,6.3,0,0.0,9,34.6,WR,SimsSt00
7377,Steven Sims,0.00,2,Sun,10,10,2024-11-10,27-224,HOU,,DET,L 23-26,0.00,0.00,0.0,0.0,2,2.9,0,0.0,9,30.0,WR,SimsSt00
7378,Ben Skowronek,0.00,6,Sun,2,2,2024-09-15,27-080,PIT,@,DEN,W 13-6,0.00,0.00,0.0,0.0,6,9.1,0,0.0,12,48.0,WR,SkowBe00
7379,Ben Skowronek,0.00,5,Sun,9,10,2024-11-10,27-136,PIT,@,WAS,W 28-27,0.00,0.00,0.0,0.0,5,6.4,0,0.0,23,71.9,WR,SkowBe00
7380,Ben Skowronek,0.00,2,Thu,11,12,2024-11-21,27-147,PIT,@,CLE,L 19-24,0.00,0.00,0.0,0.0,2,2.9,0,0.0,12,60.0,WR,SkowBe00
7381,Ben Skowronek,0.00,20,Sun,13,14,2024-12-08,27-164,PIT,,CLE,W 27-14,0.00,0.00,0.0,0.0,20,30.8,0,0.0,19,65.5,WR,SkowBe00
7382,Ben Skowronek,0.00,5,Sat,17,18,2025-01-04,27-191,PIT,,CIN,L 17-19,0.00,0.00,0.0,0.0,5,8.2,0,0.0,12,46.2,WR,SkowBe00
7383,Ben Skowronek,0.00,37,Sun,8,9,2022-11-06,25-132,LAR,@,TAM,L 13-16,0.00,0.00,0.0,0.0,37,64.9,0,0.0,5,15.2,WR,SkowBe00
7384,Ben Skowronek,0.00,21,Sun,1,1,2023-09-10,26-075,LAR,@,SEA,W 30-13,0.00,0.00,0.0,0.0,21,25.9,0,0.0,16,57.1,WR,SkowBe00
7385,Ben Skowronek,0.00,22,Sun,4,4,2023-10-01,26-096,LAR,@,IND,W 29-23 (OT),0.00,0.00,0.0,0.0,22,26.8,0,0.0,18,66.7,WR,SkowBe00
7386,Ben Skowronek,0.00,6,Sun,5,5,2023-10-08,26-103,LAR,,PHI,L 14-23,0.00,0.00,0.0,0.0,6,10.7,0,0.0,12,60.0,WR,SkowBe00
7387,Ben Skowronek,0.00,3,Sun,6,6,2023-10-15,26-110,LAR,,ARI,W 26-9,0.00,0.00,0.0,0.0,3,5.3,0,0.0,18,66.7,WR,SkowBe00
7388,Ben Skowronek,0.00,13,Sun,7,7,2023-10-22,26-117,LAR,,PIT,L 17-24,0.00,0.00,0.0,0.0,13,19.1,0,0.0,17,65.4,WR,SkowBe00
7389,Ben Skowronek,0.00,15,Sun,9,9,2023-11-05,26-131,LAR,@,GNB,L 3-20,0.00,0.00,-0.2,-0.2,15,25.9,0,0.0,21,91.3,WR,SkowBe00
7390,Ben Skowronek,0.00,9,Sun,10,11,2023-11-19,26-145,LAR,,SEA,W 17-16,0.00,0.00,0.0,0.0,9,13.4,0,0.0,17,65.4,WR,SkowBe00
7391,Ben Skowronek,0.00,14,Sun,11,12,2023-11-26,26-152,LAR,@,ARI,W 37-14,0.00,1.00,0.9,0.4,14,20.9,0,0.0,21,75.0,WR,SkowBe00
7392,Ben Skowronek,0.00,6,Sun,13,14,2023-12-10,26-166,LAR,@,BAL,L 31-37 (OT),0.00,0.00,0.0,0.0,6,7.8,0,0.0,30,81.1,WR,SkowBe00
7393,Ben Skowronek,0.00,3,Sun,14,15,2023-12-17,26-173,LAR,,WAS,W 28-20,0.00,0.00,0.0,0.0,3,4.0,0,0.0,18,66.7,WR,SkowBe00
7394,Ben Skowronek,0.00,1,Thu,15,16,2023-12-21,26-177,LAR,,NOR,W 30-22,0.00,0.00,0.0,0.0,1,1.4,0,0.0,16,66.7,WR,SkowBe00
7395,Ben Skowronek,0.00,1,Sun,16,17,2023-12-31,26-187,LAR,@,NYG,W 26-25,0.00,0.00,0.0,0.0,1,1.6,0,0.0,25,83.3,WR,SkowBe00
7396,Matthew Slater,0.00,3,Sun,2,2,2022-09-18,37-009,NWE,@,PIT,W 17-14,0.00,0.00,0.0,0.0,3,4.4,0,0.0,18,81.8,WR,SlatMa00
7397,Matthew Slater,0.00,2,Sun,5,5,2022-10-09,37-030,NWE,,DET,W 29-0,0.00,0.00,0.0,0.0,2,3.3,0,0.0,12,63.2,WR,SlatMa00
7398,Matthew Slater,0.00,2,Sun,6,6,2022-10-16,37-037,NWE,@,CLE,W 38-15,0.00,0.00,0.0,0.0,2,2.9,0,0.0,22,75.9,WR,SlatMa00
7399,Matthew Slater,0.00,3,Sun,8,8,2022-10-30,37-051,NWE,@,NYJ,W 22-17,0.00,0.00,0.0,0.0,3,3.8,0,0.0,22,78.6,WR,SlatMa00
7400,Matthew Slater,0.00,2,Mon,13,14,2022-12-12,37-094,NWE,@,ARI,W 27-13,0.00,0.00,0.0,0.0,2,3.4,0,0.0,21,80.8,WR,SlatMa00
7401,Matthew Slater,0.00,2,Sun,16,17,2023-01-01,37-114,NWE,,MIA,W 23-21,0.00,0.00,0.0,0.0,2,3.3,0,0.0,23,85.2,WR,SlatMa00
7402,Darius Slayton,0.00,4,Sun,2,2,2022-09-18,25-249,NYG,,CAR,W 19-16,0.00,0.00,0.0,0.0,4,5.5,0,0.0,0,0.0,WR,SlayDa01
7403,Darius Slayton,0.00,14,Mon,3,3,2022-09-26,25-257,NYG,,DAL,L 16-23,0.00,0.00,0.0,0.0,14,19.4,0,0.0,0,0.0,WR,SlayDa01
7404,Darius Slayton,0.00,3,Sun,17,18,2023-01-08,25-361,NYG,@,PHI,L 16-22,0.00,0.00,0.0,0.0,3,4.8,0,0.0,0,0.0,WR,SlayDa01
7405,Darius Slayton,0.00,74,Sun,8,8,2023-10-29,26-290,NYG,,NYJ,L 10-13 (OT),0.00,1.00,0.9,0.4,74,98.7,0,0.0,0,0.0,WR,SlayDa01
7406,Darius Slayton,0.00,34,Sun,11,12,2024-11-24,27-317,NYG,,TAM,L 7-30,0.00,0.00,0.0,0.0,34,57.6,0,0.0,0,0.0,WR,SlayDa01
7407,Darius Slayton,0.00,48,Sun,17,18,2025-01-05,27-359,NYG,@,PHI,L 13-20,0.00,0.00,0.0,0.0,48,90.6,0,0.0,0,0.0,WR,SlayDa01
7408,Ainias Smith,0.00,8,Sun,7,8,2024-10-27,23-149,PHI,@,CIN,W 37-17,0.00,0.00,0.0,0.0,8,13.1,0,0.0,0,0.0,WR,SmitAi00
7409,Ainias Smith,0.00,6,Thu,10,11,2024-11-14,23-167,PHI,,WAS,W 26-18,0.00,0.00,0.0,0.0,6,8.5,0,0.0,0,0.0,WR,SmitAi00
7410,Ainias Smith,0.00,7,Sun,11,12,2024-11-24,23-177,PHI,@,LAR,W 37-20,0.00,0.00,0.0,0.0,7,9.6,0,0.0,0,0.0,WR,SmitAi00
7411,Ainias Smith,0.00,5,Sun,16,17,2024-12-29,23-212,PHI,,DAL,W 41-7,0.00,0.00,0.0,0.0,5,7.7,0,0.0,0,0.0,WR,SmitAi00
7412,Brandon Smith,0.00,1,Sun,14,15,2024-12-15,26-005,NYJ,@,JAX,W 32-25,0.00,0.00,0.0,0.0,1,1.7,0,0.0,0,0.0,WR,SmitBr07
7413,DeVonta Smith,0.00,74,Sun,1,1,2022-09-11,23-301,PHI,@,DET,W 38-35,0.00,0.00,0.0,0.0,74,96.1,0,0.0,2,6.5,WR,SmitDe07
7414,DeVonta Smith,0.00,53,Sun,6,7,2024-10-20,25-341,PHI,@,NYG,W 28-3,0.00,1.00,0.8,0.3,53,80.3,0,0.0,0,0.0,WR,SmitDe07
7415,Ihmir Smith-Marsette,0.00,1,Sun,7,7,2024-10-20,25-052,NYG,,PHI,L 3-28,0.00,0.00,0.0,0.0,1,1.7,0,0.0,14,43.8,WR,SmitIh00
7416,Ihmir Smith-Marsette,0.00,1,Sun,9,9,2024-11-03,25-066,NYG,,WAS,L 22-27,0.00,0.00,0.0,0.0,1,1.5,0,0.0,8,36.4,WR,SmitIh00
7417,Ihmir Smith-Marsette,0.00,1,Thu,12,13,2024-11-28,25-091,NYG,@,DAL,L 20-27,0.00,0.00,0.0,0.0,1,1.6,0,0.0,11,35.5,WR,SmitIh00
7418,Ihmir Smith-Marsette,0.00,3,Sun,14,15,2024-12-15,25-108,NYG,,BAL,L 14-35,0.00,0.00,0.0,0.0,3,4.4,0,0.0,8,38.1,WR,SmitIh00
7419,Ihmir Smith-Marsette,0.00,1,Sun,15,16,2024-12-22,25-115,NYG,@,ATL,L 7-34,0.00,0.00,0.0,0.0,1,1.7,0,0.0,9,37.5,WR,SmitIh00
7420,Ihmir Smith-Marsette,0.00,3,Sun,13,14,2022-12-11,23-104,KAN,@,DEN,W 34-28,0.00,0.00,0.0,0.0,3,4.4,0,0.0,0,0.0,WR,SmitIh00
7421,Ihmir Smith-Marsette,0.00,9,Sat,17,18,2023-01-07,23-131,KAN,@,LVR,W 31-13,0.00,0.00,0.0,0.0,9,15.3,0,0.0,1,4.3,WR,SmitIh00
7422,Ihmir Smith-Marsette,0.00,2,Sun,1,1,2023-09-10,24-012,CAR,@,ATL,L 10-24,0.00,0.00,0.0,0.0,2,2.6,0,0.0,8,30.8,WR,SmitIh00
7423,Ihmir Smith-Marsette,0.00,3,Sun,3,3,2023-09-24,24-026,CAR,@,SEA,L 27-37,0.00,0.00,0.0,0.0,3,3.8,0,0.0,9,25.7,WR,SmitIh00
7424,Ihmir Smith-Marsette,0.00,5,Sun,4,4,2023-10-01,24-033,CAR,,MIN,L 13-21,0.00,0.00,0.0,0.0,5,6.9,0,0.0,6,27.3,WR,SmitIh00
7425,Ihmir Smith-Marsette,0.00,6,Sun,6,6,2023-10-15,24-047,CAR,@,MIA,L 21-42,0.00,0.00,0.0,0.0,6,8.7,0,0.0,7,23.3,WR,SmitIh00
7426,Ihmir Smith-Marsette,0.00,1,Sun,10,11,2023-11-19,24-082,CAR,,DAL,L 10-33,0.00,0.00,0.0,0.0,1,1.7,0,0.0,11,40.7,WR,SmitIh00
7427,Ihmir Smith-Marsette,0.00,12,Sun,12,13,2023-12-03,24-096,CAR,@,TAM,L 18-21,0.00,0.00,0.0,0.0,12,16.7,0,0.0,12,41.4,WR,SmitIh00
7428,Ihmir Smith-Marsette,0.00,3,Sun,1,1,2022-09-11,23-013,CHI,,SFO,W 19-10,0.00,0.00,0.0,0.0,3,5.2,0,0.0,0,0.0,WR,SmitIh00
7429,Ihmir Smith-Marsette,0.00,5,Sun,3,3,2022-09-25,23-027,CHI,,HOU,W 23-20,0.00,0.00,0.0,0.0,5,7.9,0,0.0,1,3.4,WR,SmitIh00
7430,Ihmir Smith-Marsette,0.00,6,Sun,4,4,2022-10-02,23-034,CHI,@,NYG,L 12-20,0.00,0.00,0.0,0.0,6,9.7,0,0.0,0,0.0,WR,SmitIh00
7431,Ihmir Smith-Marsette,0.00,25,Thu,6,6,2022-10-13,23-045,CHI,,WAS,L 7-12,0.00,0.00,-0.1,-0.1,25,34.7,0,0.0,0,0.0,WR,SmitIh00
7432,Jeff Smith,0.00,10,Sun,1,1,2022-09-11,25-143,NYJ,,BAL,L 9-24,0.00,0.00,0.0,0.0,10,11.9,0,0.0,8,29.6,WR,SmitJe03
7433,Jeff Smith,0.00,8,Sun,3,3,2022-09-25,25-157,NYJ,,CIN,L 12-27,0.00,0.00,0.0,0.0,8,10.3,0,0.0,8,30.8,WR,SmitJe03
7434,Jeff Smith,0.00,7,Sun,4,4,2022-10-02,25-164,NYJ,@,PIT,W 24-20,0.00,0.00,0.0,0.0,7,10.0,0,0.0,7,26.9,WR,SmitJe03
7435,Jeff Smith,0.00,8,Sun,6,6,2022-10-16,25-178,NYJ,@,GNB,W 27-10,0.00,0.00,0.0,0.0,8,14.5,0,0.0,12,41.4,WR,SmitJe03
7436,Jeff Smith,0.00,35,Sun,7,7,2022-10-23,25-185,NYJ,@,DEN,W 16-9,0.00,0.00,0.0,0.0,35,59.3,0,0.0,5,17.9,WR,SmitJe03
7437,Jeff Smith,0.00,2,Sun,10,11,2022-11-20,25-213,NYJ,@,NWE,L 3-10,0.00,0.00,0.0,0.0,2,4.0,0,0.0,8,26.7,WR,SmitJe03
7438,JuJu Smith-Schuster,0.00,12,Thu,1,1,2024-09-05,27-288,KAN,,BAL,W 27-20,0.00,0.00,0.0,0.0,12,22.2,0,0.0,0,0.0,WR,SmitJu00
7439,JuJu Smith-Schuster,0.00,13,Sun,2,2,2024-09-15,27-298,KAN,,CIN,W 26-25,0.00,0.00,0.0,0.0,13,20.0,0,0.0,0,0.0,WR,SmitJu00
7440,JuJu Smith-Schuster,0.00,32,Sun,4,4,2024-09-29,27-312,KAN,@,LAC,W 17-10,0.00,0.00,0.0,0.0,32,51.6,0,0.0,0,0.0,WR,SmitJu00
7441,JuJu Smith-Schuster,0.00,7,Sun,6,7,2024-10-20,27-333,KAN,@,SFO,W 28-18,0.00,0.00,0.0,0.0,7,10.0,0,0.0,0,0.0,WR,SmitJu00
7442,JuJu Smith-Schuster,0.00,27,Sat,15,16,2024-12-21,28-029,KAN,,HOU,W 27-19,0.00,0.00,0.0,0.0,27,36.5,0,0.0,0,0.0,WR,SmitJu00
7443,Keith Smith,0.00,24,Sun,1,1,2022-09-11,30-156,ATL,,NOR,L 26-27,0.00,0.00,0.0,0.0,24,32.0,0,0.0,21,65.6,WR,SmitKe03
7444,Keith Smith,0.00,15,Sun,2,2,2022-09-18,30-163,ATL,@,LAR,L 27-31,0.00,0.00,0.0,0.0,15,24.6,1,1.6,14,60.9,WR,SmitKe03
7445,Keith Smith,0.00,23,Sun,3,3,2022-09-25,30-170,ATL,@,SEA,W 27-23,0.00,0.00,0.0,0.0,23,40.4,0,0.0,15,60.0,WR,SmitKe03
7446,Keith Smith,0.00,15,Sun,4,4,2022-10-02,30-177,ATL,,CLE,W 23-20,0.00,0.00,0.0,0.0,15,27.3,0,0.0,17,65.4,WR,SmitKe03
7447,Keith Smith,0.00,17,Sun,5,5,2022-10-09,30-184,ATL,@,TAM,L 15-21,0.00,0.00,0.0,0.0,17,25.8,0,0.0,17,77.3,WR,SmitKe03
7448,Keith Smith,0.00,14,Sun,7,7,2022-10-23,30-198,ATL,@,CIN,L 17-35,0.00,0.00,0.0,0.0,14,29.8,0,0.0,15,60.0,WR,SmitKe03
7449,Keith Smith,0.00,16,Sun,8,8,2022-10-30,30-205,ATL,,CAR,W 37-34 (OT),0.00,0.00,0.0,0.0,16,23.9,0,0.0,19,54.3,WR,SmitKe03
7450,Keith Smith,0.00,15,Sun,9,9,2022-11-06,30-212,ATL,,LAC,L 17-20,0.00,0.00,0.0,0.0,15,24.6,0,0.0,12,50.0,WR,SmitKe03
7451,Keith Smith,0.00,6,Thu,10,10,2022-11-10,30-216,ATL,@,CAR,L 15-25,0.00,0.00,0.0,0.0,6,9.5,0,0.0,20,69.0,WR,SmitKe03
7452,Keith Smith,0.00,12,Sun,11,11,2022-11-20,30-226,ATL,,CHI,W 27-24,0.00,0.00,0.0,0.0,12,21.8,0,0.0,13,48.1,WR,SmitKe03
7453,Keith Smith,0.00,9,Sun,12,12,2022-11-27,30-233,ATL,@,WAS,L 13-19,0.00,0.00,0.0,0.0,9,15.8,0,0.0,12,50.0,WR,SmitKe03
7454,Keith Smith,0.00,15,Sun,13,13,2022-12-04,30-240,ATL,,PIT,L 16-19,0.00,0.00,0.0,0.0,15,27.8,0,0.0,14,56.0,WR,SmitKe03
7455,Keith Smith,0.00,11,Sun,14,15,2022-12-18,30-254,ATL,@,NOR,L 18-21,0.00,0.00,0.0,0.0,11,14.9,0,0.0,14,63.6,WR,SmitKe03
7456,Keith Smith,0.00,7,Sat,15,16,2022-12-24,30-260,ATL,@,BAL,L 9-17,0.00,0.00,0.0,0.0,7,9.9,0,0.0,11,52.4,WR,SmitKe03
7457,Keith Smith,0.00,12,Sun,16,17,2023-01-01,30-268,ATL,,ARI,W 20-19,0.00,0.00,0.0,0.0,12,19.4,0,0.0,12,48.0,WR,SmitKe03
7458,Keith Smith,0.00,20,Sun,17,18,2023-01-08,30-275,ATL,,TAM,W 30-17,0.00,0.00,0.0,0.0,20,29.4,0,0.0,19,67.9,WR,SmitKe03
7459,Shi Smith,0.00,39,Sun,4,4,2022-10-02,23-341,CAR,,ARI,L 16-26,0.00,0.00,0.0,0.0,39,75.0,0,0.0,3,13.0,WR,SmitSh03
7460,Shi Smith,0.00,24,Sun,6,6,2022-10-16,23-355,CAR,@,LAR,L 10-24,0.00,0.00,0.0,0.0,24,54.5,0,0.0,5,19.2,WR,SmitSh03
7461,Shi Smith,0.00,25,Sun,7,7,2022-10-23,23-362,CAR,,TAM,W 21-3,0.00,0.00,0.0,0.0,25,50.0,0,0.0,6,25.0,WR,SmitSh03
7462,Shi Smith,0.00,38,Sun,8,8,2022-10-30,24-004,CAR,@,ATL,L 34-37 (OT),0.00,0.00,0.0,0.0,38,47.5,0,0.0,4,11.4,WR,SmitSh03
7463,Shi Smith,0.00,30,Sun,17,18,2023-01-08,24-074,CAR,@,NOR,W 10-7,0.00,0.00,0.0,0.0,30,50.8,0,0.0,0,0.0,WR,SmitSh03
7464,Tre'Quan Smith,0.00,10,Sun,8,8,2023-10-29,27-295,DEN,,KAN,W 24-9,0.00,0.00,0.0,0.0,10,14.1,0,0.0,0,0.0,WR,SmitTr03
7465,Tre'Quan Smith,0.00,38,Sun,8,8,2022-10-30,26-296,NOR,,LVR,W 24-0,0.00,0.00,0.0,0.0,38,59.4,0,0.0,0,0.0,WR,SmitTr03
7466,Tre'Quan Smith,0.00,7,Sun,10,10,2022-11-13,26-310,NOR,@,PIT,L 10-20,0.00,0.00,0.0,0.0,7,14.9,0,0.0,5,20.8,WR,SmitTr03
7467,Tre'Quan Smith,0.00,10,Sun,11,11,2022-11-20,26-317,NOR,,LAR,W 27-20,0.00,0.00,0.0,0.0,10,17.5,0,0.0,5,16.1,WR,SmitTr03
7468,Tre'Quan Smith,0.00,11,Mon,13,13,2022-12-05,26-332,NOR,@,TAM,L 16-17,0.00,0.00,0.0,0.0,11,18.6,0,0.0,8,29.6,WR,SmitTr03
7469,Tre'Quan Smith,0.00,18,Sun,14,15,2022-12-18,26-345,NOR,,ATL,W 21-18,0.00,0.00,0.0,0.0,18,32.7,0,0.0,4,18.2,WR,SmitTr03
7470,Tre'Quan Smith,0.00,33,Sat,15,16,2022-12-24,26-351,NOR,@,CLE,W 17-10,0.00,0.00,0.0,0.0,33,61.1,0,0.0,3,13.6,WR,SmitTr03
7471,Tre'Quan Smith,0.00,13,Sun,16,17,2023-01-01,26-359,NOR,@,PHI,W 20-10,0.00,0.00,0.0,0.0,13,18.8,0,0.0,0,0.0,WR,SmitTr03
7472,Xavier Smith,0.00,2,Sun,4,4,2024-09-29,27-008,LAR,@,CHI,L 18-24,0.00,0.00,0.0,0.0,2,3.3,0,0.0,10,38.5,WR,SmitXa00
7473,Xavier Smith,0.00,4,Thu,7,8,2024-10-24,27-033,LAR,,MIN,W 30-20,0.00,0.00,0.0,0.0,4,5.6,0,0.0,12,48.0,WR,SmitXa00
7474,Xavier Smith,0.00,1,Sun,8,9,2024-11-03,27-043,LAR,@,SEA,W 26-20 (OT),0.00,0.00,0.0,0.0,1,1.3,0,0.0,19,59.4,WR,SmitXa00
7475,Xavier Smith,0.00,3,Sun,10,11,2024-11-17,27-057,LAR,@,NWE,W 28-22,0.00,0.00,0.0,0.0,3,5.8,0,0.0,12,44.4,WR,SmitXa00
7476,Xavier Smith,0.00,2,Sun,12,13,2024-12-01,27-071,LAR,@,NOR,W 21-14,0.00,0.00,0.0,0.0,2,3.6,0,0.0,7,33.3,WR,SmitXa00
7477,Xavier Smith,0.00,3,Sun,15,16,2024-12-22,27-092,LAR,@,NYJ,W 19-9,0.00,0.00,0.0,0.0,3,5.8,0,0.0,2,12.5,WR,SmitXa00
7478,Willie Snead,0.00,5,Sun,6,6,2022-10-16,29-364,SFO,@,ATL,L 14-28,0.00,0.00,0.0,0.0,5,8.3,0,0.0,6,27.3,WR,SneaWi00
7479,Willie Snead,0.00,21,Sun,8,8,2022-10-30,30-013,SFO,@,LAR,W 31-14,0.00,0.00,0.0,0.0,21,39.6,0,0.0,7,29.2,WR,SneaWi00
7480,Willie Snead,0.00,3,Thu,14,15,2022-12-15,30-059,SFO,@,SEA,W 21-13,0.00,0.00,0.0,0.0,3,4.7,0,0.0,17,60.7,WR,SneaWi00
7481,Willie Snead,0.00,1,Sat,15,16,2022-12-24,30-068,SFO,,WAS,W 37-20,0.00,0.00,0.0,0.0,1,1.9,0,0.0,8,29.6,WR,SneaWi00
7482,Willie Snead,0.00,1,Sun,8,8,2023-10-29,31-012,SFO,,CIN,L 17-31,0.00,0.00,0.0,0.0,1,1.7,0,0.0,9,36.0,WR,SneaWi00
7483,Willie Snead,0.00,14,Sun,9,10,2023-11-12,31-026,SFO,@,JAX,W 34-3,0.00,0.00,0.0,0.0,14,22.6,0,0.0,0,0.0,WR,SneaWi00
7484,Equanimeous St. Brown,0.00,1,Thu,7,7,2024-10-17,28-017,NOR,,DEN,L 10-33,0.00,0.00,0.0,0.0,1,1.4,0,0.0,8,27.6,WR,St.BEq00
7485,Equanimeous St. Brown,0.00,34,Sun,8,8,2024-10-27,28-027,NOR,@,LAC,L 8-26,0.00,0.00,0.0,0.0,34,46.6,0,0.0,1,2.9,WR,St.BEq00
7486,Equanimeous St. Brown,0.00,52,Sun,9,9,2022-11-06,26-037,CHI,,MIA,L 32-35,0.00,0.00,0.0,0.0,52,70.3,0,0.0,0,0.0,WR,St.BEq00
7487,Equanimeous St. Brown,0.00,24,Thu,5,5,2023-10-05,27-005,CHI,@,WAS,W 40-20,0.00,0.00,0.0,0.0,24,37.5,0,0.0,1,3.3,WR,St.BEq00
7488,Equanimeous St. Brown,0.00,34,Mon,12,12,2023-11-27,27-058,CHI,@,MIN,W 12-10,0.00,0.00,0.0,0.0,34,48.6,0,0.0,0,0.0,WR,St.BEq00
7489,Equanimeous St. Brown,0.00,29,Sun,16,17,2023-12-31,27-092,CHI,,ATL,W 37-17,0.00,0.00,0.0,0.0,29,39.2,0,0.0,0,0.0,WR,St.BEq00
7490,Mike Strachan,0.00,6,Sun,3,3,2022-09-25,25-043,IND,,KAN,W 20-17,0.00,0.00,0.0,0.0,6,8.5,0,0.0,0,0.0,WR,StraMi03
7491,Mike Strachan,0.00,9,Sun,4,4,2022-10-02,25-050,IND,,TEN,L 17-24,0.00,0.00,0.0,0.0,9,13.6,0,0.0,0,0.0,WR,StraMi03
7492,Mike Strachan,0.00,7,Thu,5,5,2022-10-06,25-054,IND,@,DEN,W 12-9 (OT),0.00,0.00,0.0,0.0,7,8.9,0,0.0,0,0.0,WR,StraMi03
7493,Mike Strachan,0.00,19,Sun,6,6,2022-10-16,25-064,IND,,JAX,W 34-27,0.00,0.00,0.0,0.0,19,23.5,0,0.0,0,0.0,WR,StraMi03
7494,Mike Strachan,0.00,8,Sun,10,11,2023-11-19,26-098,CAR,,DAL,L 10-33,0.00,0.00,0.0,0.0,8,13.6,0,0.0,3,11.1,WR,StraMi03
7495,Mike Strachan,0.00,31,Sun,12,13,2023-12-03,26-112,CAR,@,TAM,L 18-21,0.00,0.00,0.0,0.0,31,43.1,0,0.0,12,41.4,WR,StraMi03
7496,Mike Strachan,0.00,2,Sun,13,14,2023-12-10,26-119,CAR,@,NOR,L 6-28,0.00,0.00,0.0,0.0,2,2.5,0,0.0,5,20.8,WR,StraMi03
7497,Mike Strachan,0.00,2,Sun,7,7,2022-10-23,25-071,IND,@,TEN,L 10-19,0.00,0.00,0.0,0.0,2,3.1,0,0.0,0,0.0,WR,StraMi03
7498,Mike Strachan,0.00,17,Sun,8,8,2022-10-30,25-078,IND,,WAS,L 16-17,0.00,0.00,0.0,0.0,17,29.3,0,0.0,0,0.0,WR,StraMi03
7499,Mike Strachan,0.00,12,Sun,9,9,2022-11-06,25-085,IND,@,NWE,L 3-26,0.00,0.00,0.0,0.0,12,19.4,0,0.0,0,0.0,WR,StraMi03
7500,Mike Strachan,0.00,6,Sun,13,13,2022-12-04,25-113,IND,@,DAL,L 19-54,0.00,0.00,0.0,0.0,6,8.3,0,0.0,0,0.0,WR,StraMi03
7501,Mike Strachan,0.00,1,Mon,15,16,2022-12-26,25-135,IND,,LAC,L 3-20,0.00,0.00,0.0,0.0,1,1.9,0,0.0,0,0.0,WR,StraMi03
7502,Mike Strachan,0.00,3,Sun,16,17,2023-01-01,25-141,IND,@,NYG,L 10-38,0.00,0.00,0.0,0.0,3,5.2,0,0.0,0,0.0,WR,StraMi03
7503,Mike Strachan,0.00,3,Sun,17,18,2023-01-08,25-148,IND,,HOU,L 31-32,0.00,0.00,0.0,0.0,3,4.1,0,0.0,0,0.0,WR,StraMi03
7504,Courtland Sutton,0.00,23,Sun,12,13,2022-12-04,27-055,DEN,@,BAL,L 9-10,0.00,0.00,0.0,0.0,23,43.4,0,0.0,0,0.0,WR,SuttCo00
7505,Courtland Sutton,0.00,9,Sun,15,16,2023-12-24,28-075,DEN,,NWE,L 23-26,0.00,0.00,0.0,0.0,9,13.0,0,0.0,0,0.0,WR,SuttCo00
7506,Courtland Sutton,0.00,56,Thu,7,7,2024-10-17,29-007,DEN,@,NOR,W 33-10,0.00,0.00,0.0,0.0,56,86.2,0,0.0,1,3.4,WR,SuttCo00
7507,Freddie Swain,0.00,7,Sun,13,14,2022-12-11,24-129,MIA,@,LAC,L 17-23,0.00,0.00,0.0,0.0,7,13.7,0,0.0,0,0.0,WR,SwaiFr00
7508,Malik Taylor,0.00,23,Sun,7,8,2023-10-29,27-312,NYJ,@,NYG,W 13-10 (OT),0.00,0.00,0.0,0.0,23,35.9,0,0.0,9,24.3,WR,TaylMa01
7509,Trent Taylor,0.00,4,Sun,1,1,2023-09-10,29-133,CHI,,GNB,L 20-38,0.00,0.00,0.0,0.0,4,5.4,0,0.0,5,17.9,WR,TaylTr02
7510,Trent Taylor,0.00,23,Sun,2,2,2023-09-17,29-140,CHI,@,TAM,L 17-27,0.00,0.00,0.0,0.0,23,43.4,0,0.0,4,14.8,WR,TaylTr02
7511,Trent Taylor,0.00,2,Sun,6,6,2023-10-15,29-168,CHI,,MIN,L 13-19,0.00,0.00,0.0,0.0,2,3.0,0,0.0,6,23.1,WR,TaylTr02
7512,Trent Taylor,0.00,6,Sun,7,7,2023-10-22,29-175,CHI,,LVR,W 30-12,0.00,0.00,0.0,0.0,6,8.5,0,0.0,3,13.0,WR,TaylTr02
7513,Trent Taylor,0.00,10,Sun,8,8,2023-10-29,29-182,CHI,@,LAC,L 13-30,0.00,0.00,-0.2,-0.2,10,15.2,0,0.0,2,9.1,WR,TaylTr02
7514,Trent Taylor,0.00,5,Sun,9,9,2023-11-05,29-189,CHI,@,NOR,L 17-24,0.00,0.00,0.0,0.0,5,7.4,0,0.0,6,25.0,WR,TaylTr02
7515,Trent Taylor,0.00,6,Thu,10,10,2023-11-09,29-193,CHI,,CAR,W 16-13,0.00,0.00,0.0,0.0,6,8.3,0,0.0,6,21.4,WR,TaylTr02
7516,Trent Taylor,0.00,5,Sun,11,11,2023-11-19,29-203,CHI,@,DET,L 26-31,0.00,0.00,0.0,0.0,5,6.7,0,0.0,3,11.5,WR,TaylTr02
7517,Trent Taylor,0.00,4,Mon,12,12,2023-11-27,29-211,CHI,@,MIN,W 12-10,0.00,0.00,0.0,0.0,4,5.7,0,0.0,3,15.0,WR,TaylTr02
7518,Trent Taylor,0.00,10,Sun,13,14,2023-12-10,29-224,CHI,,DET,W 28-13,0.00,0.00,0.0,0.0,10,14.1,0,0.0,4,16.7,WR,TaylTr02
7519,Trent Taylor,0.00,4,Sun,15,16,2023-12-24,29-238,CHI,,ARI,W 27-16,0.00,0.00,0.0,0.0,4,5.7,0,0.0,6,20.7,WR,TaylTr02
7520,Trent Taylor,0.00,27,Sun,16,17,2023-12-31,29-245,CHI,,ATL,W 37-17,0.00,0.00,0.0,0.0,27,36.5,0,0.0,3,9.4,WR,TaylTr02
7521,Trent Taylor,0.00,12,Sun,17,18,2024-01-07,29-252,CHI,@,GNB,L 9-17,0.00,0.00,0.0,0.0,12,25.0,0,0.0,0,0.0,WR,TaylTr02
7522,Trent Taylor,0.00,14,Sun,1,1,2022-09-11,28-134,CIN,,PIT,L 20-23 (OT),0.00,0.00,0.0,0.0,14,14.0,0,0.0,8,25.0,WR,TaylTr02
7523,Trent Taylor,0.00,2,Sun,3,3,2022-09-25,28-148,CIN,@,NYJ,W 27-12,0.00,0.00,0.0,0.0,2,2.9,0,0.0,3,11.5,WR,TaylTr02
7524,Trent Taylor,0.00,2,Thu,4,4,2022-09-29,28-152,CIN,,MIA,W 27-15,0.00,0.00,0.0,0.0,2,3.1,0,0.0,4,14.3,WR,TaylTr02
7525,Trent Taylor,0.00,1,Sun,5,5,2022-10-09,28-162,CIN,@,BAL,L 17-19,0.00,0.00,0.0,0.0,1,1.6,0,0.0,2,8.7,WR,TaylTr02
7526,Trent Taylor,0.00,13,Sun,7,7,2022-10-23,28-176,CIN,,ATL,W 35-17,0.00,0.00,0.0,0.0,13,19.1,0,0.0,6,24.0,WR,TaylTr02
7527,Trent Taylor,0.00,5,Sun,12,13,2022-12-04,28-218,CIN,,KAN,W 27-24,0.00,0.00,-0.3,-0.3,5,6.9,0,0.0,2,8.7,WR,TaylTr02
7528,Trent Taylor,0.00,1,Sun,14,15,2022-12-18,28-232,CIN,@,TAM,W 34-23,0.00,0.00,0.0,0.0,1,1.5,0,0.0,3,12.0,WR,TaylTr02
7529,Trent Taylor,0.00,1,Sat,15,16,2022-12-24,28-238,CIN,@,NWE,W 22-18,0.00,0.00,0.0,0.0,1,1.2,0,0.0,6,24.0,WR,TaylTr02
7530,Trent Taylor,0.00,2,Sun,5,5,2024-10-06,30-159,SFO,,ARI,L 23-24,0.00,0.00,0.0,0.0,2,3.1,0,0.0,2,8.3,WR,TaylTr02
7531,Cody Thompson,0.00,2,Sun,1,1,2023-09-10,27-242,SEA,,LAR,L 13-30,0.00,0.00,0.0,0.0,2,3.9,0,0.0,12,42.9,WR,ThomCo04
7532,Cody Thompson,0.00,1,Sun,2,2,2023-09-17,27-249,SEA,@,DET,W 37-31 (OT),0.00,0.00,0.0,0.0,1,1.4,0,0.0,11,39.3,WR,ThomCo04
7533,Cody Thompson,0.00,7,Sun,3,3,2023-09-24,27-256,SEA,,CAR,W 37-27,0.00,0.00,0.0,0.0,7,9.3,0,0.0,20,57.1,WR,ThomCo04
7534,Cody Thompson,0.00,4,Sun,5,6,2023-10-15,27-277,SEA,@,CIN,L 13-17,0.00,0.00,0.0,0.0,4,5.4,0,0.0,12,52.2,WR,ThomCo04
7535,Cody Thompson,0.00,3,Sun,6,7,2023-10-22,27-284,SEA,,ARI,W 20-10,0.00,0.00,0.0,0.0,3,5.0,0,0.0,12,50.0,WR,ThomCo04
7536,Cody Thompson,0.00,3,Thu,5,5,2024-10-03,28-266,TAM,@,ATL,L 30-36 (OT),0.00,0.00,0.0,0.0,3,5.7,0,0.0,3,9.4,WR,ThomCo04
7537,Deven Thompkins,0.00,4,Sun,15,16,2022-12-25,23-002,TAM,@,ARI,W 19-16 (OT),0.00,0.00,0.0,0.0,4,4.9,0,0.0,13,39.4,WR,ThomDe07
7538,Deven Thompkins,0.00,9,Sun,16,17,2023-01-01,23-009,TAM,,CAR,W 30-24,0.00,0.00,0.0,0.0,9,11.5,0,0.0,9,29.0,WR,ThomDe07
7539,Deven Thompkins,0.00,11,Thu,7,8,2023-10-26,23-307,TAM,@,BUF,L 18-24,0.00,0.00,0.0,0.0,11,16.2,0,0.0,9,34.6,WR,ThomDe07
7540,Deven Thompkins,0.00,9,Sun,8,9,2023-11-05,23-317,TAM,@,HOU,L 37-39,0.00,0.00,0.0,0.0,9,13.6,0,0.0,11,33.3,WR,ThomDe07
7541,Deven Thompkins,0.00,4,Sun,11,12,2023-11-26,23-338,TAM,@,IND,L 20-27,0.00,0.00,0.0,0.0,4,6.7,0,0.0,8,29.6,WR,ThomDe07
7542,Deven Thompkins,0.00,5,Sun,13,14,2023-12-10,23-352,TAM,@,ATL,W 29-25,0.00,0.00,0.0,0.0,5,7.4,0,0.0,10,31.3,WR,ThomDe07
7543,Deven Thompkins,0.00,11,Sun,14,15,2023-12-17,23-359,TAM,@,GNB,W 34-20,0.00,0.00,-0.1,-0.1,11,17.7,0,0.0,7,28.0,WR,ThomDe07
7544,Deven Thompkins,0.00,14,Sun,15,16,2023-12-24,24-001,TAM,,JAX,W 30-12,0.00,0.00,0.0,0.0,14,18.9,0,0.0,4,20.0,WR,ThomDe07
7545,Deven Thompkins,0.00,7,Sun,16,17,2023-12-31,24-008,TAM,,NOR,L 13-23,0.00,1.00,1.0,0.5,7,12.5,0,0.0,13,50.0,WR,ThomDe07
7546,Deven Thompkins,0.00,8,Sun,9,9,2024-11-03,24-316,CAR,,NOR,W 23-22,0.00,0.00,-0.2,-0.2,8,15.1,0,0.0,0,0.0,WR,ThomDe07
7547,Deven Thompkins,0.00,6,Sun,10,10,2024-11-10,24-323,CAR,,NYG,W 20-17 (OT),0.00,0.00,0.0,0.0,6,10.0,0,0.0,0,0.0,WR,ThomDe07
7548,Deven Thompkins,0.00,6,Sun,12,13,2024-12-01,24-344,CAR,,TAM,L 23-26 (OT),0.00,0.00,0.0,0.0,6,8.6,0,0.0,5,13.9,WR,ThomDe07
7549,Deven Thompkins,0.00,5,Sun,14,15,2024-12-15,24-358,CAR,,DAL,L 14-30,0.00,0.00,0.0,0.0,5,9.1,0,0.0,10,40.0,WR,ThomDe07
7550,Mike Thomas,0.00,1,Sun,2,2,2022-09-18,28-033,CIN,@,DAL,L 17-20,0.00,0.00,0.0,0.0,1,1.4,0,0.0,5,19.2,WR,ThomMi04
7551,Mike Thomas,0.00,9,Sun,3,3,2022-09-25,28-040,CIN,@,NYJ,W 27-12,0.00,0.00,0.0,0.0,9,13.2,0,0.0,0,0.0,WR,ThomMi04
7552,Mike Thomas,0.00,4,Thu,4,4,2022-09-29,28-044,CIN,,MIA,W 27-15,0.00,0.00,0.0,0.0,4,6.3,0,0.0,5,17.9,WR,ThomMi04
7553,Mike Thomas,0.00,4,Sun,6,6,2022-10-16,28-061,CIN,@,NOR,W 30-26,0.00,0.00,0.0,0.0,4,7.0,0,0.0,7,24.1,WR,ThomMi04
7554,Mike Thomas,0.00,13,Sun,7,7,2022-10-23,28-068,CIN,,ATL,W 35-17,0.00,0.00,0.0,0.0,13,19.1,0,0.0,16,64.0,WR,ThomMi04
7555,Mike Thomas,0.00,24,Mon,8,8,2022-10-31,28-076,CIN,@,CLE,L 13-32,0.00,0.00,0.0,0.0,24,45.3,0,0.0,3,13.0,WR,ThomMi04
7556,Mike Thomas,0.00,22,Sun,9,9,2022-11-06,28-082,CIN,,CAR,W 42-21,0.00,0.00,0.0,0.0,22,29.7,0,0.0,5,17.2,WR,ThomMi04
7557,Mike Thomas,0.00,7,Sun,10,11,2022-11-20,28-096,CIN,@,PIT,W 37-30,0.00,0.00,0.0,0.0,7,10.6,0,0.0,6,16.7,WR,ThomMi04
7558,Michael Thomas,0.00,40,Sun,9,9,2023-11-05,30-247,NOR,,CHI,W 24-17,0.00,0.00,0.0,0.0,40,63.5,0,0.0,0,0.0,WR,ThomMi05
7559,Tyquan Thornton,0.00,20,Thu,11,12,2022-11-24,22-078,NWE,@,MIN,L 26-33,0.00,0.00,0.0,0.0,20,36.4,0,0.0,0,0.0,WR,ThorTy00
7560,Tyquan Thornton,0.00,31,Sun,2,2,2024-09-15,24-008,NWE,,SEA,L 20-23 (OT),0.00,0.00,0.0,0.0,31,45.6,0,0.0,0,0.0,WR,ThorTy00
7561,Tyquan Thornton,0.00,17,Thu,3,3,2024-09-19,24-012,NWE,@,NYJ,L 3-24,0.00,0.00,0.0,0.0,17,32.7,0,0.0,0,0.0,WR,ThorTy00
7562,Tyquan Thornton,0.00,13,Sun,4,4,2024-09-29,24-022,NWE,@,SFO,L 13-30,0.00,0.00,0.0,0.0,13,20.3,0,0.0,0,0.0,WR,ThorTy00
7563,Tyquan Thornton,0.00,1,Sun,5,5,2024-10-06,24-029,NWE,,MIA,L 10-15,0.00,0.00,0.0,0.0,1,1.7,0,0.0,0,0.0,WR,ThorTy00
7564,Jamari Thrash,0.00,7,Sun,7,7,2024-10-20,23-306,CLE,,CIN,L 14-21,0.00,0.00,0.0,0.0,7,8.3,0,0.0,1,3.6,WR,ThraJa01
7565,Jamari Thrash,0.00,4,Sun,9,9,2024-11-03,23-320,CLE,,LAC,L 10-27,0.00,0.00,0.0,0.0,4,5.1,0,0.0,0,0.0,WR,ThraJa01
7566,Jamari Thrash,0.00,12,Thu,11,12,2024-11-21,23-338,CLE,,PIT,W 24-19,0.00,0.00,0.0,0.0,12,20.7,0,0.0,0,0.0,WR,ThraJa01
7567,Jamari Thrash,0.00,11,Sun,14,15,2024-12-15,23-362,CLE,,KAN,L 7-21,0.00,0.00,0.0,0.0,11,17.7,0,0.0,0,0.0,WR,ThraJa01
7568,Jamari Thrash,0.00,18,Sun,15,16,2024-12-22,24-003,CLE,@,CIN,L 6-24,0.00,0.00,0.0,0.0,18,27.3,0,0.0,0,0.0,WR,ThraJa01
7569,Jamari Thrash,0.00,30,Sun,16,17,2024-12-29,24-010,CLE,,MIA,L 3-20,0.00,0.00,0.0,0.0,30,38.0,0,0.0,0,0.0,WR,ThraJa01
7570,Jamari Thrash,0.00,32,Sat,17,18,2025-01-04,24-016,CLE,@,BAL,L 10-35,0.00,0.00,0.0,0.0,32,54.2,0,0.0,0,0.0,WR,ThraJa01
7571,Cedric Tillman,0.00,11,Sun,1,1,2023-09-10,23-144,CLE,,CIN,W 24-3,0.00,0.00,0.0,0.0,11,14.9,0,0.0,0,0.0,WR,TillCe01
7572,Cedric Tillman,0.00,9,Mon,2,2,2023-09-18,23-152,CLE,@,PIT,L 22-26,0.00,0.00,0.0,0.0,9,10.3,0,0.0,4,12.9,WR,TillCe01
7573,Cedric Tillman,0.00,11,Sun,3,3,2023-09-24,23-158,CLE,,TEN,W 27-3,0.00,0.00,0.0,0.0,11,15.5,0,0.0,0,0.0,WR,TillCe01
7574,Cedric Tillman,0.00,66,Sun,9,10,2023-11-12,23-207,CLE,@,BAL,W 33-31,0.00,0.00,0.0,0.0,66,84.6,0,0.0,0,0.0,WR,TillCe01
7575,Cedric Tillman,0.00,9,Sun,4,4,2024-09-29,24-163,CLE,@,LVR,L 16-20,0.00,0.00,0.0,0.0,9,15.3,0,0.0,0,0.0,WR,TillCe01
7576,Cedric Tillman,0.00,20,Sun,5,5,2024-10-06,24-170,CLE,@,WAS,L 13-34,0.00,0.00,0.0,0.0,20,32.3,0,0.0,1,3.2,WR,TillCe01
7577,Cedric Tillman,0.00,21,Sun,6,6,2024-10-13,24-177,CLE,@,PHI,L 16-20,0.00,0.00,-0.5,-0.5,21,36.8,0,0.0,5,18.5,WR,TillCe01
7578,Mitchell Tinsley,0.00,3,Sun,2,2,2023-09-17,24-002,WAS,@,DEN,W 35-33,0.00,0.00,0.0,0.0,3,4.1,0,0.0,0,0.0,WR,TinsMi00
7579,Mason Tipton,0.00,15,Sun,2,2,2024-09-15,23-354,NOR,@,DAL,W 44-19,0.00,0.00,0.0,0.0,15,25.4,0,0.0,0,0.0,WR,TiptMa00
7580,Mason Tipton,0.00,60,Sun,9,9,2024-11-03,24-037,NOR,@,CAR,L 22-23,0.00,0.00,0.0,0.0,60,75.9,0,0.0,0,0.0,WR,TiptMa00
7581,Mason Tipton,0.00,29,Sun,10,10,2024-11-10,24-044,NOR,,ATL,W 20-17,0.00,0.00,0.0,0.0,29,54.7,0,0.0,0,0.0,WR,TiptMa00
7582,Mason Tipton,0.00,28,Mon,15,16,2024-12-23,24-087,NOR,@,GNB,L 0-34,0.00,0.00,0.0,0.0,28,50.0,0,0.0,0,0.0,WR,TiptMa00
7583,Jalen Tolbert,0.00,3,Sun,6,6,2022-10-16,23-231,DAL,@,PHI,L 17-26,0.00,0.00,0.0,0.0,3,4.5,0,0.0,10,41.7,WR,TolbJa00
7584,Jalen Tolbert,0.00,1,Sun,7,7,2022-10-23,23-238,DAL,,DET,W 24-6,0.00,0.00,0.0,0.0,1,1.6,0,0.0,6,27.3,WR,TolbJa00
7585,Jalen Tolbert,0.00,25,Sun,8,8,2022-10-30,23-245,DAL,,CHI,W 49-29,0.00,0.00,0.0,0.0,25,43.1,0,0.0,0,0.0,WR,TolbJa00
7586,Jalen Tolbert,0.00,8,Sun,9,10,2022-11-13,23-259,DAL,@,GNB,L 28-31 (OT),0.00,0.00,0.0,0.0,8,9.6,0,0.0,10,33.3,WR,TolbJa00
7587,Jalen Tolbert,0.00,4,Thu,11,12,2022-11-24,23-270,DAL,,NYG,W 28-20,0.00,0.00,0.0,0.0,4,5.3,0,0.0,7,30.4,WR,TolbJa00
7588,Jalen Tolbert,0.00,12,Sun,12,13,2022-12-04,23-280,DAL,,IND,W 54-19,0.00,0.00,0.0,0.0,12,17.6,0,0.0,8,25.8,WR,TolbJa00
7589,Jalen Tolbert,0.00,16,Sun,1,1,2023-09-10,24-195,DAL,@,NYG,W 40-0,0.00,0.00,0.0,0.0,16,27.6,0,0.0,15,62.5,WR,TolbJa00
7590,Jalen Tolbert,0.00,14,Sun,3,3,2023-09-24,24-209,DAL,@,ARI,L 16-28,0.00,0.00,0.0,0.0,14,17.3,0,0.0,13,52.0,WR,TolbJa00
7591,Jalen Tolbert,0.00,22,Sun,5,5,2023-10-08,24-223,DAL,@,SFO,L 10-42,0.00,0.00,0.0,0.0,22,44.9,0,0.0,18,66.7,WR,TolbJa00
7592,Jalen Tolbert,0.00,29,Sun,7,8,2023-10-29,24-244,DAL,,LAR,W 43-20,0.00,0.00,0.0,0.0,29,44.6,0,0.0,21,70.0,WR,TolbJa00
7593,Jalen Tolbert,0.00,37,Sun,13,14,2023-12-10,24-286,DAL,,PHI,W 33-13,0.00,0.00,0.0,0.0,37,45.1,0,0.0,17,68.0,WR,TolbJa00
7594,Jalen Tolbert,0.00,28,Sun,14,15,2023-12-17,24-293,DAL,@,BUF,L 10-31,0.00,0.00,0.0,0.0,28,49.1,0,0.0,10,41.7,WR,TolbJa00
7595,Jalen Tolbert,0.00,39,Mon,13,14,2024-12-09,25-286,DAL,,CIN,L 20-27,0.00,0.00,0.0,0.0,39,65.0,0,0.0,0,0.0,WR,TolbJa00
7596,Kadarius Toney,0.00,14,Sun,10,11,2022-11-20,23-297,KAN,@,LAC,W 30-27,0.00,0.00,0.0,0.0,14,21.5,0,0.0,1,3.4,WR,ToneKa00
7597,Kadarius Toney,0.00,16,Thu,1,1,2023-09-07,24-223,KAN,,DET,L 20-21,0.00,1.00,1.0,0.5,16,24.6,0,0.0,0,0.0,WR,ToneKa00
7598,Kadarius Toney,0.00,2,Sun,3,3,2023-09-24,24-240,KAN,,CHI,W 41-10,0.00,1.00,0.9,0.4,2,2.6,0,0.0,1,4.0,WR,ToneKa00
7599,Kadarius Toney,0.00,6,Sun,10,11,2024-11-17,25-295,CLE,@,NOR,L 14-35,0.00,0.00,-0.7,-0.7,6,8.2,0,0.0,0,0.0,WR,ToneKa00
7600,Kadarius Toney,0.00,28,Sun,2,2,2022-09-18,23-234,NYG,,CAR,W 19-16,0.00,2.00,2.0,1.0,28,38.4,0,0.0,0,0.0,WR,ToneKa00
7601,Samori Toure,0.00,12,Sun,10,10,2022-11-13,24-234,GNB,,DAL,W 31-28 (OT),0.00,0.00,0.0,0.0,12,18.8,0,0.0,0,0.0,WR,TourSa00
7602,Samori Toure,0.00,4,Thu,11,11,2022-11-17,24-238,GNB,,TEN,L 17-27,0.00,0.00,0.0,0.0,4,6.6,0,0.0,0,0.0,WR,TourSa00
7603,Samori Toure,0.00,2,Sun,12,12,2022-11-27,24-248,GNB,@,PHI,L 33-40,0.00,0.00,0.0,0.0,2,4.1,0,0.0,0,0.0,WR,TourSa00
7604,Samori Toure,0.00,2,Mon,14,15,2022-12-19,24-270,GNB,,LAR,W 24-12,0.00,0.00,0.0,0.0,2,2.8,0,0.0,0,0.0,WR,TourSa00
7605,Samori Toure,0.00,6,Sun,15,16,2022-12-25,24-276,GNB,@,MIA,W 26-20,0.00,0.00,0.0,0.0,6,9.1,0,0.0,0,0.0,WR,TourSa00
7606,Samori Toure,0.00,11,Sun,16,17,2023-01-01,24-283,GNB,,MIN,W 41-17,0.00,0.00,0.0,0.0,11,17.5,0,0.0,2,7.1,WR,TourSa00
7607,Samori Toure,0.00,2,Sun,17,18,2023-01-08,24-290,GNB,,DET,L 16-20,0.00,0.00,0.0,0.0,2,3.3,0,0.0,0,0.0,WR,TourSa00
7608,Samori Toure,0.00,33,Sun,3,3,2023-09-24,25-184,GNB,,NOR,W 18-17,0.00,0.00,2.0,2.0,33,41.8,0,0.0,0,0.0,WR,TourSa00
7609,Samori Toure,0.00,3,Mon,5,5,2023-10-09,25-199,GNB,@,LVR,L 13-17,0.00,0.00,0.0,0.0,3,5.2,0,0.0,0,0.0,WR,TourSa00
7610,Samori Toure,0.00,4,Sun,7,8,2023-10-29,25-219,GNB,,MIN,L 10-24,0.00,0.00,0.0,0.0,4,5.9,0,0.0,0,0.0,WR,TourSa00
7611,Samori Toure,0.00,3,Thu,11,12,2023-11-23,25-244,GNB,@,DET,W 29-22,0.00,0.00,0.0,0.0,3,5.4,0,0.0,0,0.0,WR,TourSa00
7612,Samori Toure,0.00,7,Sun,15,16,2023-12-24,25-275,GNB,@,CAR,W 33-30,0.00,0.00,0.0,0.0,7,10.6,0,0.0,0,0.0,WR,TourSa00
7613,Samori Toure,0.00,9,Sun,16,17,2023-12-31,25-282,GNB,@,MIN,W 33-10,0.00,1.00,-0.6,-2.1,9,12.2,0,0.0,1,4.2,WR,TourSa00
7614,Austin Trammell,0.00,14,Mon,14,15,2022-12-19,24-168,LAR,@,GNB,L 12-24,0.00,0.00,0.0,0.0,14,31.1,0,0.0,5,23.8,WR,TramAu00
7615,Austin Trammell,0.00,9,Sun,15,16,2022-12-25,24-174,LAR,,DEN,W 51-14,0.00,0.00,0.0,0.0,9,13.8,0,0.0,2,7.7,WR,TramAu00
7616,Austin Trammell,0.00,2,Sun,16,17,2023-01-01,24-181,LAR,@,LAC,L 10-31,0.00,0.00,0.0,0.0,2,4.1,0,0.0,6,24.0,WR,TramAu00
7617,Austin Trammell,0.00,7,Sun,17,18,2023-01-08,24-188,LAR,@,SEA,L 16-19 (OT),0.00,0.00,0.0,0.0,7,11.5,0,0.0,5,15.2,WR,TramAu00
7618,Austin Trammell,0.00,1,Sun,2,2,2023-09-17,25-075,LAR,,SFO,L 23-30,0.00,0.00,0.0,0.0,1,1.3,0,0.0,6,21.4,WR,TramAu00
7619,Austin Trammell,0.00,1,Sun,5,5,2023-10-08,25-096,LAR,,PHI,L 14-23,0.00,0.00,0.0,0.0,1,1.8,0,0.0,9,45.0,WR,TramAu00
7620,Austin Trammell,0.00,2,Sun,7,7,2023-10-22,25-110,LAR,,PIT,L 17-24,0.00,0.00,0.0,0.0,2,2.9,0,0.0,10,38.5,WR,TramAu00
7621,Austin Trammell,0.00,2,Sun,8,8,2023-10-29,25-117,LAR,@,DAL,L 20-43,0.00,0.00,0.0,0.0,2,3.2,0,0.0,10,33.3,WR,TramAu00
7622,Austin Trammell,0.00,3,Sun,11,12,2023-11-26,25-145,LAR,@,ARI,W 37-14,0.00,0.00,0.0,0.0,3,4.5,0,0.0,9,32.1,WR,TramAu00
7623,Austin Trammell,0.00,1,Sun,12,13,2023-12-03,25-152,LAR,,CLE,W 36-19,0.00,0.00,0.0,0.0,1,1.6,0,0.0,11,33.3,WR,TramAu00
7624,Austin Trammell,0.00,2,Sun,13,14,2023-12-10,25-159,LAR,@,BAL,L 31-37 (OT),0.00,0.00,0.0,0.0,2,2.6,0,0.0,12,32.4,WR,TramAu00
7625,Austin Trammell,0.00,1,Sun,14,15,2023-12-17,25-166,LAR,,WAS,W 28-20,0.00,0.00,0.0,0.0,1,1.3,0,0.0,10,37.0,WR,TramAu00
7626,Austin Trammell,0.00,1,Sun,16,17,2023-12-31,25-180,LAR,@,NYG,W 26-25,0.00,0.00,0.0,0.0,1,1.6,0,0.0,10,33.3,WR,TramAu00
7627,Austin Trammell,0.00,6,Sun,17,18,2024-01-07,25-187,LAR,@,SFO,W 21-20,0.00,0.00,0.0,0.0,6,9.0,0,0.0,7,36.8,WR,TramAu00
7628,Laquon Treadwell,0.00,17,Sun,4,4,2023-10-01,28-109,BAL,@,CLE,W 28-3,0.00,0.00,0.0,0.0,17,29.3,0,0.0,18,64.3,WR,TreaLa00
7629,Laquon Treadwell,0.00,5,Sun,16,17,2023-12-31,28-200,BAL,,MIA,W 56-19,0.00,0.00,0.0,0.0,5,8.8,0,0.0,18,60.0,WR,TreaLa00
7630,Laquon Treadwell,0.00,7,Sun,13,13,2024-12-01,29-170,IND,@,NWE,W 25-24,0.00,0.00,0.0,0.0,7,11.3,0,0.0,12,52.2,WR,TreaLa00
7631,Laquon Treadwell,0.00,7,Sun,11,12,2022-11-27,27-166,SEA,,LVR,L 34-40 (OT),0.00,0.00,0.0,0.0,7,10.8,0,0.0,2,5.9,WR,TreaLa00
7632,Laquon Treadwell,0.00,4,Sun,13,14,2022-12-11,27-180,SEA,,CAR,L 24-30,0.00,0.00,0.0,0.0,4,7.4,0,0.0,9,32.1,WR,TreaLa00
7633,Laquon Treadwell,0.00,5,Sun,17,18,2023-01-08,27-208,SEA,,LAR,W 19-16 (OT),0.00,0.00,0.0,0.0,5,7.1,0,0.0,6,18.2,WR,TreaLa00
7634,Brycen Tremayne,0.00,5,Sun,5,5,2024-10-06,24-323,WAS,,CLE,W 34-13,0.00,1.00,0.8,0.3,5,7.5,0,0.0,13,41.9,WR,TremBr00
7635,Brycen Tremayne,0.00,16,Sun,16,17,2024-12-29,25-041,WAS,,ATL,W 30-24 (OT),0.00,0.00,0.0,0.0,16,19.3,0,0.0,14,51.9,WR,TremBr00
7636,Tre Tucker,0.00,12,Sun,3,3,2023-09-24,22-200,LVR,,PIT,L 18-23,0.00,0.00,0.0,0.0,12,16.7,0,0.0,5,17.2,WR,TuckTr00
7637,Tre Tucker,0.00,18,Sun,4,4,2023-10-01,22-207,LVR,@,LAC,L 17-24,0.00,0.00,0.0,0.0,18,24.7,0,0.0,5,20.0,WR,TuckTr00
7638,Tre Tucker,0.00,6,Mon,8,8,2023-10-30,22-236,LVR,@,DET,L 14-26,0.00,0.00,0.0,0.0,6,13.0,0,0.0,3,12.0,WR,TuckTr00
7639,Tre Tucker,0.00,13,Sun,12,12,2023-11-26,22-263,LVR,,KAN,L 17-31,0.00,0.00,0.0,0.0,13,22.4,0,0.0,4,15.4,WR,TuckTr00
7640,Tre Tucker,0.00,3,Sun,13,14,2023-12-10,22-277,LVR,,MIN,L 0-3,0.00,0.00,0.0,0.0,3,5.6,0,0.0,1,4.5,WR,TuckTr00
7641,Tre Tucker,0.00,60,Sun,6,6,2024-10-13,23-219,LVR,,PIT,L 13-32,0.00,0.00,0.0,0.0,60,95.2,0,0.0,0,0.0,WR,TuckTr00
7642,DJ Turner,0.00,5,Sun,7,8,2022-10-30,25-285,LVR,@,NOR,L 0-24,0.00,0.00,0.0,0.0,5,8.6,0,0.0,6,31.6,WR,TurnDJ00
7643,DJ Turner,0.00,2,Sun,9,10,2022-11-13,25-299,LVR,,IND,L 20-25,0.00,0.00,0.0,0.0,2,2.9,0,0.0,6,26.1,WR,TurnDJ00
7644,DJ Turner,0.00,2,Sun,11,12,2022-11-27,25-313,LVR,@,SEA,W 40-34 (OT),0.00,0.00,0.0,0.0,2,2.6,0,0.0,9,26.5,WR,TurnDJ00
7645,DJ Turner,0.00,3,Sun,12,13,2022-12-04,25-320,LVR,,LAC,W 27-20,0.00,0.00,0.0,0.0,3,4.9,0,0.0,8,26.7,WR,TurnDJ00
7646,DJ Turner,0.00,3,Sun,9,9,2023-11-05,26-291,LVR,,NYG,W 30-6,0.00,0.00,0.0,0.0,3,5.0,0,0.0,18,75.0,WR,TurnDJ00
7647,DJ Turner,0.00,3,Thu,14,15,2023-12-14,26-330,LVR,,LAC,W 63-21,0.00,0.00,0.0,0.0,3,4.7,0,0.0,23,62.2,WR,TurnDJ00
7648,DJ Turner,0.00,4,Mon,15,16,2023-12-25,26-341,LVR,@,KAN,W 20-14,0.00,0.00,0.0,0.0,4,7.3,0,0.0,16,64.0,WR,TurnDJ00
7649,DJ Turner,0.00,2,Sun,17,18,2024-01-07,26-354,LVR,,DEN,W 27-14,0.00,0.00,0.0,0.0,2,3.0,0,0.0,18,72.0,WR,TurnDJ00
7650,DJ Turner,0.00,8,Sun,3,3,2024-09-22,27-248,LVR,,CAR,L 22-36,0.00,0.00,0.0,0.0,8,12.5,0,0.0,26,86.7,WR,TurnDJ00
7651,DJ Turner,0.00,21,Sun,9,9,2024-11-03,27-290,LVR,@,CIN,L 24-41,0.00,0.00,0.0,0.0,21,34.4,0,0.0,13,40.6,WR,TurnDJ00
7652,Malik Turner,0.00,1,Sun,1,1,2022-09-11,26-224,SFO,@,CHI,L 10-19,0.00,0.00,0.0,0.0,1,1.5,0,0.0,18,75.0,WR,TurnMa00
7653,KaVontae Turpin,0.00,2,Sun,1,1,2022-09-11,26-040,DAL,,TAM,L 3-19,0.00,0.00,0.0,0.0,2,2.9,0,0.0,10,41.7,WR,TurpKa00
7654,KaVontae Turpin,0.00,8,Mon,3,3,2022-09-26,26-055,DAL,@,NYG,W 23-16,0.00,0.00,0.0,0.0,8,12.5,0,0.0,8,27.6,WR,TurpKa00
7655,KaVontae Turpin,0.00,5,Sun,4,4,2022-10-02,26-061,DAL,,WAS,W 25-10,0.00,0.00,0.0,0.0,5,8.2,0,0.0,9,30.0,WR,TurpKa00
7656,KaVontae Turpin,0.00,3,Sun,5,5,2022-10-09,26-068,DAL,@,LAR,W 22-10,0.00,0.00,0.0,0.0,3,5.5,0,0.0,10,33.3,WR,TurpKa00
7657,KaVontae Turpin,0.00,2,Sun,6,6,2022-10-16,26-075,DAL,@,PHI,L 17-26,0.00,0.00,0.0,0.0,2,3.0,0,0.0,10,41.7,WR,TurpKa00
7658,KaVontae Turpin,0.00,6,Sun,10,11,2022-11-20,26-110,DAL,@,MIN,W 40-3,0.00,0.00,0.0,0.0,6,8.3,0,0.0,9,32.1,WR,TurpKa00
7659,KaVontae Turpin,0.00,2,Thu,11,12,2022-11-24,26-114,DAL,,NYG,W 28-20,0.00,0.00,0.0,0.0,2,2.7,0,0.0,8,34.8,WR,TurpKa00
7660,KaVontae Turpin,0.00,5,Sun,12,13,2022-12-04,26-124,DAL,,IND,W 54-19,0.00,0.00,0.0,0.0,5,7.4,0,0.0,8,25.8,WR,TurpKa00
7661,KaVontae Turpin,0.00,2,Sun,14,15,2022-12-18,26-138,DAL,@,JAX,L 34-40 (OT),0.00,0.00,0.0,0.0,2,2.7,0,0.0,9,27.3,WR,TurpKa00
7662,KaVontae Turpin,0.00,5,Sat,15,16,2022-12-24,26-144,DAL,,PHI,W 40-34,0.00,0.00,0.0,0.0,5,6.8,0,0.0,7,22.6,WR,TurpKa00
7663,KaVontae Turpin,0.00,2,Thu,16,17,2022-12-29,26-149,DAL,@,TEN,W 27-13,0.00,0.00,0.0,0.0,2,2.5,0,0.0,8,32.0,WR,TurpKa00
7664,KaVontae Turpin,0.00,2,Sun,3,3,2023-09-24,27-053,DAL,@,ARI,L 16-28,0.00,0.00,0.0,0.0,2,2.5,0,0.0,8,32.0,WR,TurpKa00
7665,KaVontae Turpin,0.00,2,Mon,6,6,2023-10-16,27-075,DAL,@,LAC,W 20-17,0.00,0.00,0.0,0.0,2,3.1,0,0.0,9,36.0,WR,TurpKa00
7666,KaVontae Turpin,0.00,1,Sun,14,15,2023-12-17,27-137,DAL,@,BUF,L 10-31,0.00,0.00,0.0,0.0,1,1.8,0,0.0,9,37.5,WR,TurpKa00
7667,KaVontae Turpin,0.00,1,Sat,16,17,2023-12-30,27-150,DAL,,DET,W 20-19,0.00,0.00,0.0,0.0,1,1.5,0,0.0,10,38.5,WR,TurpKa00
7668,KaVontae Turpin,0.00,6,Sun,1,1,2024-09-08,28-037,DAL,@,CLE,W 33-17,0.00,0.00,6.0,6.0,6,9.5,0,0.0,11,30.6,WR,TurpKa00
7669,KaVontae Turpin,0.00,7,Thu,4,4,2024-09-26,28-055,DAL,@,NYG,W 20-15,0.00,0.00,0.0,0.0,7,12.5,0,0.0,7,28.0,WR,TurpKa00
7670,KaVontae Turpin,0.00,8,Sun,9,10,2024-11-10,28-100,DAL,,PHI,L 6-34,0.00,0.00,0.0,0.0,8,13.3,0,0.0,11,39.3,WR,TurpKa00
7671,Marquez Valdes-Scantling,0.00,47,Sun,16,17,2024-12-29,30-080,NOR,,LVR,L 10-25,0.00,0.00,0.0,0.0,47,78.3,0,0.0,0,0.0,WR,ValdMa00
7672,Marquez Valdes-Scantling,0.00,55,Sun,6,6,2022-10-16,28-006,KAN,,BUF,L 20-24,0.00,0.00,0.0,0.0,55,82.1,0,0.0,0,0.0,WR,ValdMa00
7673,Marquez Valdes-Scantling,0.00,23,Sat,15,16,2022-12-24,28-075,KAN,,SEA,W 24-10,0.00,0.00,0.0,0.0,23,43.4,0,0.0,0,0.0,WR,ValdMa00
7674,Marquez Valdes-Scantling,0.00,40,Thu,6,6,2023-10-12,29-002,KAN,,DEN,W 19-8,0.00,0.00,0.0,0.0,40,56.3,0,0.0,0,0.0,WR,ValdMa00
7675,Marquez Valdes-Scantling,0.00,37,Mon,10,11,2023-11-20,29-041,KAN,,PHI,L 17-21,0.00,0.00,0.0,0.0,37,46.8,0,0.0,0,0.0,WR,ValdMa00
7676,Marquez Valdes-Scantling,0.00,32,Sun,11,12,2023-11-26,29-047,KAN,@,LVR,W 31-17,0.00,1.00,0.9,0.4,32,53.3,0,0.0,0,0.0,WR,ValdMa00
7677,Marquez Valdes-Scantling,0.00,61,Mon,15,16,2023-12-25,29-076,KAN,,LVR,L 14-20,0.00,0.00,0.0,0.0,61,80.3,0,0.0,0,0.0,WR,ValdMa00
7678,Marquez Valdes-Scantling,0.00,4,Thu,2,2,2024-09-12,29-338,BUF,@,MIA,W 31-10,0.00,0.00,0.0,0.0,4,8.9,0,0.0,0,0.0,WR,ValdMa00
7679,Marquez Valdes-Scantling,0.00,25,Sun,4,4,2024-09-29,29-355,BUF,@,BAL,L 10-35,0.00,0.00,0.0,0.0,25,42.4,0,0.0,0,0.0,WR,ValdMa00
7680,Marquez Valdes-Scantling,0.00,28,Sun,5,5,2024-10-06,29-362,BUF,@,HOU,L 20-23,0.00,0.00,0.0,0.0,28,45.9,0,0.0,0,0.0,WR,ValdMa00
7681,Marquez Valdes-Scantling,0.00,22,Mon,6,6,2024-10-14,30-004,BUF,@,NYJ,W 23-20,0.00,0.00,0.0,0.0,22,31.9,0,0.0,0,0.0,WR,ValdMa00
7682,Devaughn Vele,0.00,38,Sun,14,15,2024-12-15,27-003,DEN,,IND,W 31-13,0.00,0.00,0.0,0.0,38,60.3,0,0.0,0,0.0,WR,VeleDe00
7683,Binjimen Victor,0.00,4,Mon,9,9,2022-11-07,25-296,BAL,@,NOR,W 27-13,0.00,0.00,0.0,0.0,4,5.9,0,0.0,2,7.7,WR,VictBi01
7684,Binjimen Victor,0.00,1,Sun,12,13,2022-12-04,25-323,BAL,,DEN,W 10-9,0.00,0.00,0.0,0.0,1,1.4,0,0.0,3,11.5,WR,VictBi01
7685,Jalen Virgil,0.00,7,Sun,10,11,2022-11-20,24-130,DEN,,LVR,L 16-22 (OT),0.00,0.00,0.0,0.0,7,10.9,0,0.0,6,20.7,WR,VirgJa00
7686,Jalen Virgil,0.00,4,Sun,12,13,2022-12-04,24-144,DEN,@,BAL,L 9-10,0.00,0.00,0.0,0.0,4,7.5,0,0.0,7,26.9,WR,VirgJa00
7687,Jalen Virgil,0.00,1,Sun,14,15,2022-12-18,24-158,DEN,,ARI,W 24-15,0.00,0.00,0.0,0.0,1,1.4,0,0.0,15,53.6,WR,VirgJa00
7688,Jalen Virgil,0.00,19,Sun,15,16,2022-12-25,24-165,DEN,@,LAR,L 14-51,0.00,0.00,0.0,0.0,19,28.4,0,0.0,15,57.7,WR,VirgJa00
7689,Jalen Virgil,0.00,4,Sun,16,17,2023-01-01,24-172,DEN,@,KAN,L 24-27,0.00,0.00,0.0,0.0,4,5.7,0,0.0,19,65.5,WR,VirgJa00
7690,Jalen Virgil,0.00,2,Sun,17,18,2023-01-08,24-179,DEN,,LAC,W 31-28,0.00,0.00,0.0,0.0,2,3.1,0,0.0,22,71.0,WR,VirgJa00
7691,Jalen Virgil,0.00,11,Sun,8,8,2024-10-27,26-106,BUF,@,SEA,W 31-10,0.00,0.00,0.0,0.0,11,14.5,0,0.0,10,43.5,WR,VirgJa00
7692,Jalen Virgil,0.00,3,Sun,9,9,2024-11-03,26-113,BUF,,MIA,W 30-27,0.00,0.00,0.0,0.0,3,4.5,0,0.0,8,32.0,WR,VirgJa00
7693,Jalen Virgil,0.00,4,Sun,10,10,2024-11-10,26-120,BUF,@,IND,W 30-20,0.00,0.00,0.0,0.0,4,5.4,0,0.0,10,40.0,WR,VirgJa00
7694,Jalen Virgil,0.00,3,Sun,11,11,2024-11-17,26-127,BUF,,KAN,W 30-21,0.00,0.00,0.0,0.0,3,4.1,0,0.0,16,66.7,WR,VirgJa00
7695,Jalen Virgil,0.00,15,Sun,12,13,2024-12-01,26-141,BUF,,SFO,W 35-10,0.00,0.00,0.0,0.0,15,25.9,0,0.0,15,60.0,WR,VirgJa00
7696,Jalen Virgil,0.00,1,Sun,13,14,2024-12-08,26-148,BUF,@,LAR,L 42-44,0.00,0.00,0.0,0.0,1,1.7,0,0.0,9,27.3,WR,VirgJa00
7697,Jaylen Waddle,0.00,52,Sun,8,9,2024-11-03,25-344,MIA,@,BUF,L 27-30,0.00,2.00,7.6,6.6,52,85.2,0,0.0,0,0.0,WR,WaddJa00
7698,Jaylen Waddle,0.00,26,Sun,14,15,2024-12-15,26-020,MIA,@,HOU,L 12-20,0.00,0.00,0.0,0.0,26,38.2,0,0.0,0,0.0,WR,WaddJa00
7699,Devontez Walker,0.00,4,Sun,9,9,2024-11-03,23-137,BAL,,DEN,W 41-10,0.00,0.00,0.0,0.0,4,7.0,0,0.0,17,68.0,WR,WalkDe01
7700,Devontez Walker,0.00,2,Mon,12,12,2024-11-25,23-159,BAL,@,LAC,W 30-23,0.00,0.00,0.0,0.0,2,3.1,0,0.0,12,44.4,WR,WalkDe01
7701,Devontez Walker,0.00,9,Sat,15,16,2024-12-21,23-185,BAL,,PIT,W 34-17,0.00,0.00,0.0,0.0,9,14.5,0,0.0,21,77.8,WR,WalkDe01
7702,Devontez Walker,0.00,16,Wed,16,17,2024-12-25,23-189,BAL,@,HOU,W 31-2,0.00,0.00,0.0,0.0,16,25.4,0,0.0,17,70.8,WR,WalkDe01
7703,Devontez Walker,0.00,15,Sat,17,18,2025-01-04,23-199,BAL,,CLE,W 35-10,0.00,0.00,0.0,0.0,15,21.4,0,0.0,19,76.0,WR,WalkDe01
7704,Tylan Wallace,0.00,6,Sun,1,1,2022-09-11,23-121,BAL,@,NYJ,W 24-9,0.00,0.00,0.0,0.0,6,10.7,0,0.0,16,59.3,WR,WallTy00
7705,Tylan Wallace,0.00,9,Sun,3,3,2022-09-25,23-135,BAL,@,NWE,W 37-26,0.00,0.00,0.0,0.0,9,15.0,0,0.0,14,51.9,WR,WallTy00
7706,Tylan Wallace,0.00,6,Sun,4,4,2022-10-02,23-142,BAL,,BUF,L 20-23,0.00,0.00,0.0,0.0,6,8.6,0,0.0,15,60.0,WR,WallTy00
7707,Tylan Wallace,0.00,2,Sun,10,11,2022-11-20,23-191,BAL,,CAR,W 13-3,0.00,0.00,0.0,0.0,2,2.9,0,0.0,14,60.9,WR,WallTy00
7708,Tylan Wallace,0.00,1,Sun,2,2,2023-09-17,24-127,BAL,@,CIN,W 27-24,0.00,0.00,0.0,0.0,1,1.3,0,0.0,14,56.0,WR,WallTy00
7709,Tylan Wallace,0.00,12,Sun,9,9,2023-11-05,24-176,BAL,,SEA,W 37-3,0.00,0.00,0.0,0.0,12,15.8,0,0.0,15,55.6,WR,WallTy00
7710,Tylan Wallace,0.00,3,Thu,11,11,2023-11-16,24-187,BAL,,CIN,W 34-20,0.00,0.00,0.0,0.0,3,4.5,0,0.0,20,62.5,WR,WallTy00
7711,Tylan Wallace,0.00,2,Sun,12,12,2023-11-26,24-197,BAL,@,LAC,W 20-10,0.00,0.00,0.0,0.0,2,2.8,0,0.0,13,61.9,WR,WallTy00
7712,Tylan Wallace,0.00,5,Sun,13,14,2023-12-10,24-211,BAL,,LAR,W 37-31 (OT),0.00,0.00,6.0,6.0,5,6.9,0,0.0,25,67.6,WR,WallTy00
7713,Tylan Wallace,0.00,3,Sun,14,15,2023-12-17,24-218,BAL,@,JAX,W 23-7,0.00,0.00,0.0,0.0,3,4.3,0,0.0,10,45.5,WR,WallTy00
7714,Tylan Wallace,0.00,5,Mon,15,16,2023-12-25,24-226,BAL,@,SFO,W 33-19,0.00,0.00,0.0,0.0,5,7.4,0,0.0,17,63.0,WR,WallTy00
7715,Tylan Wallace,0.00,10,Sun,16,17,2023-12-31,24-232,BAL,,MIA,W 56-19,0.00,0.00,0.0,0.0,10,17.5,0,0.0,19,63.3,WR,WallTy00
7716,Tylan Wallace,0.00,9,Thu,1,1,2024-09-05,25-115,BAL,@,KAN,L 20-27,0.00,0.00,0.0,0.0,9,11.3,0,0.0,14,53.8,WR,WallTy00
7717,Tylan Wallace,0.00,7,Sun,2,2,2024-09-15,25-125,BAL,,LVR,L 23-26,0.00,0.00,0.0,0.0,7,10.8,0,0.0,15,45.5,WR,WallTy00
7718,Tylan Wallace,0.00,14,Sun,3,3,2024-09-22,25-132,BAL,@,DAL,W 28-25,0.00,0.00,0.0,0.0,14,22.2,0,0.0,16,57.1,WR,WallTy00
7719,Tylan Wallace,0.00,10,Sun,4,4,2024-09-29,25-139,BAL,,BUF,W 35-10,0.00,0.00,0.0,0.0,10,17.5,0,0.0,17,63.0,WR,WallTy00
7720,Tylan Wallace,0.00,5,Sun,6,6,2024-10-13,25-153,BAL,,WAS,W 30-23,0.00,0.00,0.0,0.0,5,7.4,0,0.0,15,51.7,WR,WallTy00
7721,Tylan Wallace,0.00,10,Mon,7,7,2024-10-21,25-161,BAL,@,TAM,W 41-31,0.00,0.00,0.0,0.0,10,16.9,0,0.0,18,62.1,WR,WallTy00
7722,Tylan Wallace,0.00,6,Sun,8,8,2024-10-27,25-167,BAL,@,CLE,L 24-29,0.00,0.00,0.0,0.0,6,8.8,0,0.0,17,58.6,WR,WallTy00
7723,Tylan Wallace,0.00,20,Sun,9,9,2024-11-03,25-174,BAL,,DEN,W 41-10,0.00,0.00,0.0,0.0,20,35.1,0,0.0,16,64.0,WR,WallTy00
7724,Tylan Wallace,0.00,25,Sat,15,16,2024-12-21,25-222,BAL,,PIT,W 34-17,0.00,0.00,0.0,0.0,25,40.3,0,0.0,13,48.1,WR,WallTy00
7725,Tylan Wallace,0.00,51,Sat,17,18,2025-01-04,25-236,BAL,,CLE,W 35-10,0.00,0.00,0.0,0.0,51,72.9,0,0.0,4,16.0,WR,WallTy00
7726,Casey Washington,0.00,2,Sun,11,11,2024-11-17,23-256,ATL,@,DEN,L 6-38,0.00,0.00,0.0,0.0,2,3.4,0,0.0,11,42.3,WR,WashCa01
7727,James Washington,0.00,11,Sun,13,14,2022-12-11,26-253,DAL,,HOU,W 27-23,0.00,0.00,0.0,0.0,11,15.5,0,0.0,7,25.0,WR,WashJa00
7728,James Washington,0.00,4,Sun,14,15,2022-12-18,26-260,DAL,@,JAX,L 34-40 (OT),0.00,0.00,0.0,0.0,4,5.3,0,0.0,6,18.2,WR,WashJa00
7729,Malik Washington,0.00,20,Sun,5,5,2024-10-06,23-276,MIA,@,NWE,W 15-10,0.00,0.00,0.0,0.0,20,25.6,0,0.0,3,11.5,WR,WashMa00
7730,Malik Washington,0.00,16,Sun,7,8,2024-10-27,23-297,MIA,,ARI,L 27-28,0.00,0.00,0.0,0.0,16,24.6,0,0.0,15,57.7,WR,WashMa00
7731,Malik Washington,0.00,30,Sun,13,14,2024-12-08,23-339,MIA,,NYJ,W 32-26 (OT),0.00,0.00,0.0,0.0,30,41.7,0,0.0,10,32.3,WR,WashMa00
7732,Montrell Washington,0.00,14,Sun,3,3,2022-09-25,23-195,DEN,,SFO,W 11-10,0.00,0.00,0.0,0.0,14,18.9,0,0.0,13,46.4,WR,WashMo00
7733,Montrell Washington,0.00,7,Sun,9,10,2022-11-13,23-244,DEN,@,TEN,L 10-17,0.00,0.00,0.0,0.0,7,8.8,0,0.0,14,48.3,WR,WashMo00
7734,Montrell Washington,0.00,6,Sun,10,11,2022-11-20,23-251,DEN,,LVR,L 16-22 (OT),0.00,0.00,0.0,0.0,6,9.4,0,0.0,14,48.3,WR,WashMo00
7735,Montrell Washington,0.00,7,Sun,11,12,2022-11-27,23-258,DEN,@,CAR,L 10-23,0.00,1.00,0.8,0.3,7,11.7,0,0.0,17,56.7,WR,WashMo00
7736,Montrell Washington,0.00,8,Sun,12,13,2022-12-04,23-265,DEN,@,BAL,L 9-10,0.00,0.00,-0.1,-0.1,8,15.1,0,0.0,11,42.3,WR,WashMo00
7737,Montrell Washington,0.00,4,Sun,13,14,2022-12-11,23-272,DEN,,KAN,L 28-34,0.00,0.00,0.0,0.0,4,5.6,0,0.0,16,50.0,WR,WashMo00
7738,Montrell Washington,0.00,1,Sun,14,15,2022-12-18,23-279,DEN,,ARI,W 24-15,0.00,0.00,0.0,0.0,1,1.4,0,0.0,13,46.4,WR,WashMo00
7739,Montrell Washington,0.00,3,Sun,15,16,2022-12-25,23-286,DEN,@,LAR,L 14-51,0.00,0.00,0.0,0.0,3,4.5,0,0.0,19,73.1,WR,WashMo00
7740,Montrell Washington,0.00,2,Sun,11,12,2023-11-26,24-257,KAN,@,LVR,W 31-17,0.00,0.00,0.0,0.0,2,3.3,0,0.0,2,7.7,WR,WashMo00
7741,Montrell Washington,0.00,5,Sun,7,8,2024-10-27,25-227,KAN,@,LVR,W 27-20,0.00,0.00,0.0,0.0,5,6.9,0,0.0,5,20.8,WR,WashMo00
7742,Parker Washington,0.00,1,Sun,4,4,2023-10-01,21-194,JAX,,ATL,W 23-7,0.00,0.00,0.0,0.0,1,1.5,0,0.0,1,4.5,WR,WashPa01
7743,Parker Washington,0.00,10,Sun,10,11,2023-11-19,21-243,JAX,,TEN,W 34-14,0.00,0.00,0.0,0.0,10,14.1,0,0.0,5,20.0,WR,WashPa01
7744,Parker Washington,0.00,1,Sun,11,12,2023-11-26,21-250,JAX,@,HOU,W 24-21,0.00,0.00,0.0,0.0,1,1.3,0,0.0,4,15.4,WR,WashPa01
7745,Parker Washington,0.00,13,Sun,2,2,2024-09-15,22-178,JAX,,CLE,L 13-18,0.00,0.00,0.0,0.0,13,21.7,0,0.0,3,11.1,WR,WashPa01
7746,Parker Washington,0.00,14,Sun,4,4,2024-09-29,22-192,JAX,@,HOU,L 20-24,0.00,0.00,0.0,0.0,14,24.1,0,0.0,0,0.0,WR,WashPa01
7747,Parker Washington,0.00,8,Sun,5,5,2024-10-06,22-199,JAX,,IND,W 37-34,0.00,0.00,0.0,0.0,8,13.8,0,0.0,0,0.0,WR,WashPa01
7748,Parker Washington,0.00,18,Sun,6,6,2024-10-13,22-206,JAX,@,CHI,L 16-35,0.00,0.00,0.0,0.0,18,29.0,0,0.0,2,8.3,WR,WashPa01
7749,Parker Washington,0.00,21,Sun,7,7,2024-10-20,22-213,JAX,,NWE,W 32-16,0.00,0.00,6.0,6.0,21,34.4,0,0.0,8,36.4,WR,WashPa01
7750,Parker Washington,0.00,23,Sun,10,10,2024-11-10,22-234,JAX,,MIN,L 7-12,0.00,0.00,0.0,0.0,23,52.3,0,0.0,0,0.0,WR,WashPa01
7751,Scotty Washington,0.00,22,Sat,15,16,2022-12-24,25-151,NWE,,CIN,L 18-22,0.00,0.00,0.0,0.0,22,39.3,0,0.0,0,0.0,WR,WashSc00
7752,Quez Watkins,0.00,41,Sun,1,1,2022-09-11,24-094,PHI,@,DET,W 38-35,0.00,0.00,0.0,0.0,41,53.2,0,0.0,6,19.4,WR,WatkQu00
7753,Quez Watkins,0.00,33,Sun,3,3,2022-09-25,24-108,PHI,@,WAS,W 24-8,0.00,0.00,0.0,0.0,33,47.1,0,0.0,1,3.8,WR,WatkQu00
7754,Quez Watkins,0.00,49,Sun,4,4,2022-10-02,24-115,PHI,,JAX,W 29-21,0.00,0.00,0.0,0.0,49,59.8,0,0.0,0,0.0,WR,WatkQu00
7755,Quez Watkins,0.00,42,Sun,6,6,2022-10-16,24-129,PHI,,DAL,W 26-17,0.00,1.00,0.7,0.2,42,59.2,0,0.0,0,0.0,WR,WatkQu00
7756,Quez Watkins,0.00,37,Sun,7,8,2022-10-30,24-143,PHI,,PIT,W 35-13,0.00,0.00,0.0,0.0,37,64.9,0,0.0,0,0.0,WR,WatkQu00
7757,Quez Watkins,0.00,28,Sun,16,17,2023-01-01,24-206,PHI,,NOR,L 10-20,0.00,0.00,0.0,0.0,28,50.9,0,0.0,0,0.0,WR,WatkQu00
7758,Quez Watkins,0.00,11,Thu,2,2,2023-09-14,25-097,PHI,,MIN,W 34-28,0.00,0.00,0.0,0.0,11,14.3,0,0.0,0,0.0,WR,WatkQu00
7759,Quez Watkins,0.00,16,Sun,11,12,2023-11-26,25-170,PHI,,BUF,W 37-34 (OT),0.00,0.00,0.0,0.0,16,24.2,0,0.0,0,0.0,WR,WatkQu00
7760,Quez Watkins,0.00,26,Sun,13,14,2023-12-10,25-184,PHI,@,DAL,L 13-33,0.00,0.00,0.0,0.0,26,47.3,0,0.0,0,0.0,WR,WatkQu00
7761,Quez Watkins,0.00,36,Mon,14,15,2023-12-18,25-192,PHI,@,SEA,L 17-20,0.00,0.00,0.0,0.0,36,52.2,0,0.0,0,0.0,WR,WatkQu00
7762,Quez Watkins,0.00,1,Mon,15,16,2023-12-25,25-199,PHI,,NYG,W 33-25,0.00,0.00,0.0,0.0,1,1.3,0,0.0,0,0.0,WR,WatkQu00
7763,Sammy Watkins,0.00,22,Sun,16,17,2023-01-01,29-201,BAL,,PIT,L 13-16,0.00,0.00,0.0,0.0,22,42.3,0,0.0,0,0.0,WR,WatkSa00
7764,Sammy Watkins,0.00,22,Thu,11,11,2022-11-17,29-156,GNB,,TEN,L 17-27,0.00,0.00,0.0,0.0,22,36.1,0,0.0,0,0.0,WR,WatkSa00
7765,Sammy Watkins,0.00,4,Sun,12,12,2022-11-27,29-166,GNB,@,PHI,L 33-40,0.00,0.00,0.0,0.0,4,8.2,0,0.0,0,0.0,WR,WatkSa00
7766,Sammy Watkins,0.00,7,Sun,13,13,2022-12-04,29-173,GNB,@,CHI,W 28-19,0.00,0.00,0.0,0.0,7,10.6,0,0.0,0,0.0,WR,WatkSa00
7767,Christian Watson,0.00,18,Sun,5,5,2022-10-09,23-150,GNB,,NYG,L 22-27,0.00,1.00,0.8,0.3,18,28.6,0,0.0,4,15.4,WR,WatsCh00
7768,Christian Watson,0.00,41,Sun,2,2,2024-09-15,25-126,GNB,,IND,W 16-10,0.00,0.00,0.0,0.0,41,58.6,0,0.0,0,0.0,WR,WatsCh00
7769,Christian Watson,0.00,9,Sun,4,4,2024-09-29,25-140,GNB,,MIN,L 29-31,0.00,0.00,0.0,0.0,9,11.8,0,0.0,0,0.0,WR,WatsCh00
7770,Christian Watson,0.00,10,Sun,17,18,2025-01-05,25-238,GNB,,CHI,L 22-24,0.00,0.00,0.0,0.0,10,15.4,0,0.0,0,0.0,WR,WatsCh00
7771,Justin Watson,0.00,39,Sat,15,16,2024-12-21,28-261,KAN,,HOU,W 27-19,0.00,0.00,0.0,0.0,39,52.7,0,0.0,2,8.3,WR,WatsJu01
7772,Justin Watson,0.00,16,Sun,1,1,2022-09-11,26-160,KAN,@,ARI,W 44-21,0.00,0.00,0.0,0.0,16,22.9,0,0.0,9,33.3,WR,WatsJu01
7773,Justin Watson,0.00,10,Sun,3,3,2022-09-25,26-174,KAN,@,IND,L 17-20,0.00,0.00,0.0,0.0,10,15.9,0,0.0,6,26.1,WR,WatsJu01
7774,Justin Watson,0.00,14,Sun,4,4,2022-10-02,26-181,KAN,@,TAM,W 41-31,0.00,0.00,0.0,0.0,14,17.5,0,0.0,1,3.3,WR,WatsJu01
7775,Justin Watson,0.00,7,Sun,6,6,2022-10-16,26-195,KAN,,BUF,L 20-24,0.00,0.00,0.0,0.0,7,10.4,0,0.0,1,4.3,WR,WatsJu01
7776,Justin Watson,0.00,44,Sun,13,14,2022-12-11,26-251,KAN,@,DEN,W 34-28,0.00,0.00,0.0,0.0,44,64.7,0,0.0,7,21.9,WR,WatsJu01
7777,Justin Watson,0.00,50,Sun,14,15,2022-12-18,26-258,KAN,@,HOU,W 30-24 (OT),0.00,0.00,0.0,0.0,50,64.9,0,0.0,2,7.1,WR,WatsJu01
7778,Justin Watson,0.00,39,Sat,15,16,2022-12-24,26-264,KAN,,SEA,W 24-10,0.00,0.00,0.0,0.0,39,73.6,0,0.0,10,41.7,WR,WatsJu01
7779,Justin Watson,0.00,28,Thu,6,6,2023-10-12,27-191,KAN,,DEN,W 19-8,0.00,0.00,0.0,0.0,28,39.4,0,0.0,5,23.8,WR,WatsJu01
7780,Justin Watson,0.00,40,Sun,12,13,2023-12-03,27-243,KAN,@,GNB,L 19-27,0.00,0.00,0.0,0.0,40,59.7,0,0.0,11,50.0,WR,WatsJu01
7781,Justin Watson,0.00,18,Sun,17,18,2024-01-07,27-278,KAN,@,LAC,W 13-12,0.00,0.00,0.0,0.0,18,31.0,0,0.0,4,14.8,WR,WatsJu01
7782,Justin Watson,0.00,59,Mon,5,5,2024-10-07,28-186,KAN,,NOR,W 26-13,0.00,0.00,0.0,0.0,59,70.2,0,0.0,4,16.7,WR,WatsJu01
7783,Justin Watson,0.00,35,Sun,13,14,2024-12-08,28-248,KAN,,LAC,W 19-17,0.00,0.00,0.0,0.0,35,50.7,0,0.0,4,15.4,WR,WatsJu01
7784,Justin Watson,0.00,42,Sun,14,15,2024-12-15,28-255,KAN,@,CLE,W 21-7,0.00,0.00,0.0,0.0,42,56.0,0,0.0,6,23.1,WR,WatsJu01
7785,Jared Wayne,0.00,16,Sun,13,13,2024-12-01,24-055,HOU,@,JAX,W 23-20,0.00,0.00,0.0,0.0,16,25.4,0,0.0,15,55.6,WR,WaynJa01
7786,Jared Wayne,0.00,8,Sat,15,16,2024-12-21,24-075,HOU,@,KAN,L 19-27,0.00,0.00,0.0,0.0,8,13.6,0,0.0,2,8.3,WR,WaynJa01
7787,Jared Wayne,0.00,16,Wed,16,17,2024-12-25,24-079,HOU,,BAL,L 2-31,0.00,0.00,0.0,0.0,16,28.6,0,0.0,7,29.2,WR,WaynJa01
7788,Xavier Weaver,0.00,41,Sun,6,6,2024-10-13,24-001,ARI,@,GNB,L 13-34,0.00,0.00,0.0,0.0,41,70.7,0,0.0,0,0.0,WR,WeavXa00
7789,Xavier Weaver,0.00,16,Sun,17,18,2025-01-05,24-085,ARI,,SFO,W 47-24,0.00,0.00,0.0,0.0,16,24.6,0,0.0,0,0.0,WR,WeavXa00
7790,Raleigh Webb,0.00,1,Sun,10,11,2022-11-20,24-327,NWE,,NYJ,W 10-3,0.00,0.00,0.0,0.0,1,1.6,0,0.0,16,53.3,WR,WebbRa02
7791,Nick Westbrook-Ikhine,0.00,35,Sun,4,4,2022-10-02,25-195,TEN,@,IND,W 24-17,0.00,0.00,0.0,0.0,35,64.8,0,0.0,0,0.0,WR,WestNi00
7792,Nick Westbrook-Ikhine,0.00,45,Sun,6,7,2022-10-23,25-216,TEN,,IND,W 19-10,0.00,0.00,0.0,0.0,45,76.3,0,0.0,0,0.0,WR,WestNi00
7793,Nick Westbrook-Ikhine,0.00,43,Sun,7,8,2022-10-30,25-223,TEN,@,HOU,W 17-10,0.00,0.00,0.0,0.0,43,74.1,0,0.0,3,11.1,WR,WestNi00
7794,Nick Westbrook-Ikhine,0.00,40,Sun,8,9,2022-11-06,25-230,TEN,@,KAN,L 17-20 (OT),0.00,0.00,0.0,0.0,40,78.4,1,1.0,1,3.2,WR,WestNi00
7795,Nick Westbrook-Ikhine,0.00,51,Sun,14,15,2022-12-18,25-272,TEN,@,LAC,L 14-17,0.00,0.00,0.0,0.0,51,82.3,0,0.0,0,0.0,WR,WestNi00
7796,Nick Westbrook-Ikhine,0.00,43,Sat,17,18,2023-01-07,25-292,TEN,@,JAX,L 16-20,0.00,0.00,0.0,0.0,43,57.3,0,0.0,9,37.5,WR,WestNi00
7797,Nick Westbrook-Ikhine,0.00,39,Sun,3,3,2023-09-24,26-187,TEN,@,CLE,L 3-27,0.00,0.00,0.0,0.0,39,81.3,0,0.0,11,45.8,WR,WestNi00
7798,Nick Westbrook-Ikhine,0.00,12,Sun,1,1,2024-09-08,27-171,TEN,@,CHI,L 17-24,0.00,0.00,0.0,0.0,12,18.8,0,0.0,20,69.0,WR,WestNi00
7799,Nick Westbrook-Ikhine,0.00,10,Sun,2,2,2024-09-15,27-178,TEN,,NYJ,L 17-24,0.00,0.00,0.0,0.0,10,15.2,0,0.0,19,73.1,WR,WestNi00
7800,Nick Westbrook-Ikhine,0.00,13,Sun,3,3,2024-09-22,27-185,TEN,,GNB,L 14-30,0.00,0.00,0.0,0.0,13,24.1,0,0.0,19,67.9,WR,WestNi00
7801,Nick Westbrook-Ikhine,0.00,17,Mon,4,4,2024-09-30,27-193,TEN,@,MIA,W 31-12,0.00,0.00,0.0,0.0,17,26.2,0,0.0,20,64.5,WR,WestNi00
7802,Cody White,0.00,4,Sun,10,11,2024-11-17,25-355,SEA,@,SFO,W 20-17,0.00,0.00,0.0,0.0,4,6.7,0,0.0,14,66.7,WR,WhitCo05
7803,Cody White,0.00,17,Sun,11,12,2024-11-24,25-362,SEA,,ARI,W 16-6,0.00,0.00,0.0,0.0,17,26.6,0,0.0,12,50.0,WR,WhitCo05
7804,Cody White,0.00,6,Sun,12,13,2024-12-01,26-003,SEA,@,NYJ,W 26-21,0.00,0.00,0.0,0.0,6,9.4,0,0.0,12,50.0,WR,WhitCo05
7805,Jordan Whittington,0.00,2,Sun,1,1,2024-09-08,23-343,LAR,@,DET,L 20-26 (OT),0.00,0.00,0.0,0.0,2,2.6,0,0.0,14,53.8,WR,WhitJo04
7806,Jordan Whittington,0.00,9,Sun,6,7,2024-10-20,24-019,LAR,,LVR,W 20-15,0.00,0.00,0.0,0.0,9,16.4,0,0.0,1,3.6,WR,WhitJo04
7807,Jordan Whittington,0.00,5,Mon,9,10,2024-11-11,24-041,LAR,,MIA,L 15-23,0.00,0.00,0.0,0.0,5,7.1,0,0.0,17,60.7,WR,WhitJo04
7808,Jordan Whittington,0.00,5,Sun,10,11,2024-11-17,24-047,LAR,@,NWE,W 28-22,0.00,0.00,0.0,0.0,5,9.6,0,0.0,16,59.3,WR,WhitJo04
7809,Jordan Whittington,0.00,6,Sun,12,13,2024-12-01,24-061,LAR,@,NOR,W 21-14,0.00,0.00,0.0,0.0,6,10.7,0,0.0,13,61.9,WR,WhitJo04
7810,Jordan Whittington,0.00,10,Sun,13,14,2024-12-08,24-068,LAR,,BUF,W 44-42,0.00,0.00,0.0,0.0,10,13.0,0,0.0,18,54.5,WR,WhitJo04
7811,Jordan Whittington,0.00,10,Thu,14,15,2024-12-12,24-072,LAR,@,SFO,W 12-6,0.00,0.00,0.0,0.0,10,15.4,0,0.0,20,74.1,WR,WhitJo04
7812,Jordan Whittington,0.00,12,Sun,15,16,2024-12-22,24-082,LAR,@,NYJ,W 19-9,0.00,0.00,0.0,0.0,12,23.1,0,0.0,9,56.3,WR,WhitJo04
7813,Kevin White,0.00,12,Sun,6,6,2022-10-16,30-113,NOR,,CIN,L 26-30,0.00,0.00,0.0,0.0,12,16.7,0,0.0,7,24.1,WR,WhitKe00
7814,Kevin White,0.00,30,Sun,8,8,2022-10-30,30-127,NOR,,LVR,W 24-0,0.00,0.00,0.0,0.0,30,46.9,0,0.0,9,47.4,WR,WhitKe00
7815,Kevin White,0.00,31,Sun,10,10,2022-11-13,30-141,NOR,@,PIT,L 10-20,0.00,0.00,0.0,0.0,31,66.0,0,0.0,10,41.7,WR,WhitKe00
7816,Kevin White,0.00,1,Sun,11,11,2022-11-20,30-148,NOR,,LAR,W 27-20,0.00,0.00,0.0,0.0,1,1.8,0,0.0,11,35.5,WR,WhitKe00
7817,Kevin White,0.00,18,Sun,12,12,2022-11-27,30-155,NOR,@,SFO,L 0-13,0.00,0.00,0.0,0.0,18,31.6,0,0.0,5,29.4,WR,WhitKe00
7818,Dontayvion Wicks,0.00,37,Sun,1,1,2023-09-10,22-086,GNB,@,CHI,W 38-20,0.00,0.00,0.0,0.0,37,61.7,0,0.0,0,0.0,WR,WickDo00
7819,Dontayvion Wicks,0.00,33,Thu,4,4,2023-09-28,22-104,GNB,,DET,L 20-34,0.00,0.00,0.0,0.0,33,57.9,0,0.0,0,0.0,WR,WickDo00
7820,Dontayvion Wicks,0.00,31,Fri,1,1,2024-09-06,23-082,GNB,@,PHI,L 29-34,0.00,0.00,0.0,0.0,31,46.3,0,0.0,0,0.0,WR,WickDo00
7821,Dontayvion Wicks,0.00,29,Sun,3,3,2024-09-22,23-098,GNB,@,TEN,W 30-14,0.00,0.00,0.0,0.0,29,46.0,0,0.0,0,0.0,WR,WickDo00
7822,Dontayvion Wicks,0.00,35,Sun,9,9,2024-11-03,23-140,GNB,,DET,L 14-24,0.00,0.00,0.0,0.0,35,53.8,0,0.0,0,0.0,WR,WickDo00
7823,Dontayvion Wicks,0.00,16,Sun,10,11,2024-11-17,23-154,GNB,@,CHI,W 20-19,0.00,0.00,0.0,0.0,16,34.8,0,0.0,0,0.0,WR,WickDo00
7824,Kristian Wilkerson,0.00,13,Sun,1,1,2023-09-10,26-243,LVR,@,DEN,W 17-16,0.00,0.00,0.0,0.0,13,22.0,0,0.0,0,0.0,WR,WilkKr00
7825,Kristian Wilkerson,0.00,29,Sun,2,2,2023-09-17,26-250,LVR,@,BUF,L 10-38,0.00,0.00,0.0,0.0,29,72.5,0,0.0,0,0.0,WR,WilkKr00
7826,Kristian Wilkerson,0.00,18,Sun,7,7,2024-10-20,27-284,LVR,@,LAR,L 15-20,0.00,0.00,0.0,0.0,18,22.8,0,0.0,6,21.4,WR,WilkKr00
7827,Isaiah Williams,0.00,3,Sun,8,9,2024-11-03,23-279,DET,@,GNB,W 24-14,0.00,0.00,0.0,0.0,3,5.3,0,0.0,3,13.6,WR,WillIs03
7828,Isaiah Williams,0.00,3,Sun,12,13,2024-12-01,23-307,CIN,,PIT,L 38-44,0.00,0.00,0.0,0.0,3,4.8,0,0.0,1,3.0,WR,WillIs03
7829,Isaiah Williams,0.00,4,Mon,13,14,2024-12-09,23-315,CIN,@,DAL,W 27-20,0.00,0.00,0.0,0.0,4,5.6,0,0.0,4,14.8,WR,WillIs03
7830,Isaiah Williams,0.00,3,Sun,15,16,2024-12-22,23-328,CIN,,CLE,W 24-6,0.00,0.00,0.0,0.0,3,5.4,0,0.0,4,19.0,WR,WillIs03
7831,Isaiah Williams,0.00,4,Sat,16,17,2024-12-28,23-334,CIN,,DEN,W 30-24 (OT),0.00,0.00,0.0,0.0,4,4.4,0,0.0,4,16.0,WR,WillIs03
7832,Isaiah Williams,0.00,5,Sat,17,18,2025-01-04,23-341,CIN,@,PIT,W 19-17,0.00,0.00,0.0,0.0,5,6.8,0,0.0,9,34.6,WR,WillIs03
7833,Jameson Williams,0.00,8,Sun,12,13,2022-12-04,21-253,DET,,JAX,W 40-14,0.00,0.00,0.0,0.0,8,10.5,0,0.0,0,0.0,WR,WillJa11
7834,Jameson Williams,0.00,13,Sun,14,15,2022-12-18,21-267,DET,@,NYJ,W 20-17,0.00,0.00,0.0,0.0,13,19.1,0,0.0,0,0.0,WR,WillJa11
7835,Jameson Williams,0.00,11,Sat,15,16,2022-12-24,21-273,DET,@,CAR,L 23-37,0.00,0.00,0.0,0.0,11,16.7,0,0.0,0,0.0,WR,WillJa11
7836,Jameson Williams,0.00,15,Sun,17,18,2023-01-08,21-288,DET,@,GNB,W 20-16,0.00,0.00,0.0,0.0,15,24.2,0,0.0,0,0.0,WR,WillJa11
7837,Jameson Williams,0.00,33,Sun,7,7,2023-10-22,22-210,DET,@,BAL,L 6-38,0.00,0.00,0.0,0.0,33,44.0,0,0.0,0,0.0,WR,WillJa11
7838,Jameson Williams,0.00,43,Sun,6,7,2024-10-20,23-208,DET,@,MIN,W 31-29,0.00,1.00,0.6,0.1,43,75.4,0,0.0,0,0.0,WR,WillJa11
7839,Mike Williams,0.00,9,Mon,1,1,2024-09-09,29-341,NYJ,@,SFO,L 19-32,0.00,0.00,0.0,0.0,9,17.6,0,0.0,0,0.0,WR,WillMi07
7840,Mike Williams,0.00,32,Mon,6,6,2024-10-14,30-010,NYJ,,BUF,L 20-23,0.00,0.00,0.0,0.0,32,50.8,0,0.0,0,0.0,WR,WillMi07
7841,Mike Williams,0.00,36,Sun,8,8,2024-10-27,30-023,NYJ,@,NWE,L 22-25,0.00,0.00,0.0,0.0,36,58.1,0,0.0,0,0.0,WR,WillMi07
7842,Mike Williams,0.00,25,Sun,10,11,2024-11-17,30-044,PIT,,BAL,W 18-16,0.00,0.00,0.0,0.0,25,32.1,0,0.0,0,0.0,WR,WillMi07
7843,Mike Williams,0.00,19,Thu,11,12,2024-11-21,30-048,PIT,@,CLE,L 19-24,0.00,0.00,0.0,0.0,19,27.5,0,0.0,0,0.0,WR,WillMi07
7844,Mike Williams,0.00,17,Sun,12,13,2024-12-01,30-058,PIT,@,CIN,W 44-38,0.00,0.00,0.0,0.0,17,24.6,0,0.0,0,0.0,WR,WillMi07
7845,Mike Williams,0.00,31,Wed,16,17,2024-12-25,30-082,PIT,,KAN,L 10-29,0.00,0.00,0.0,0.0,31,41.3,0,0.0,0,0.0,WR,WillMi07
7846,Preston Williams,0.00,2,Sun,17,18,2023-01-08,25-287,CAR,@,NOR,W 10-7,0.00,0.00,0.0,0.0,2,3.4,0,0.0,7,35.0,WR,WillPr01
7847,Cedrick Wilson Jr.,0.00,22,Sun,2,2,2022-09-18,26-302,MIA,@,BAL,W 42-38,0.00,0.00,0.0,0.0,22,31.0,0,0.0,0,0.0,WR,WilsCe01
7848,Cedrick Wilson Jr.,0.00,5,Sun,3,3,2022-09-25,26-309,MIA,,BUF,W 21-19,0.00,0.00,0.0,0.0,5,11.6,0,0.0,0,0.0,WR,WilsCe01
7849,Cedrick Wilson Jr.,0.00,15,Sun,6,6,2022-10-16,26-330,MIA,,MIN,L 16-24,0.00,0.00,0.0,0.0,15,19.2,0,0.0,0,0.0,WR,WilsCe01
7850,Cedrick Wilson Jr.,0.00,4,Sun,7,7,2022-10-23,26-337,MIA,,PIT,W 16-10,0.00,0.00,0.0,0.0,4,6.5,0,0.0,6,23.1,WR,WilsCe01
7851,Cedrick Wilson Jr.,0.00,14,Sun,8,8,2022-10-30,26-344,MIA,@,DET,W 31-27,0.00,0.00,0.0,0.0,14,20.6,0,0.0,3,12.0,WR,WilsCe01
7852,Cedrick Wilson Jr.,0.00,9,Sun,12,13,2022-12-04,27-014,MIA,@,SFO,L 17-33,0.00,0.00,0.0,0.0,9,19.6,0,0.0,4,13.3,WR,WilsCe01
7853,Cedrick Wilson Jr.,0.00,13,Sun,15,16,2022-12-25,27-035,MIA,,GNB,L 20-26,0.00,0.00,0.0,0.0,13,26.0,0,0.0,2,7.7,WR,WilsCe01
7854,Cedrick Wilson Jr.,0.00,11,Sun,16,17,2023-01-01,27-042,MIA,@,NWE,L 21-23,0.00,0.00,0.0,0.0,11,15.5,0,0.0,5,18.5,WR,WilsCe01
7855,Cedrick Wilson Jr.,0.00,34,Sun,3,3,2023-09-24,27-308,MIA,,DEN,W 70-20,0.00,0.00,0.0,0.0,34,46.6,0,0.0,0,0.0,WR,WilsCe01
7856,Cedrick Wilson Jr.,0.00,25,Sun,6,6,2023-10-15,27-329,MIA,,CAR,W 42-21,0.00,0.00,0.0,0.0,25,37.3,0,0.0,1,3.3,WR,WilsCe01
7857,Cedrick Wilson Jr.,0.00,27,Fri,11,12,2023-11-24,28-004,MIA,@,NYJ,W 34-13,0.00,0.00,0.0,0.0,27,38.6,0,0.0,1,4.2,WR,WilsCe01
7858,Cedrick Wilson Jr.,0.00,33,Sun,12,13,2023-12-03,28-013,MIA,@,WAS,W 45-15,0.00,0.00,0.0,0.0,33,54.1,0,0.0,3,10.7,WR,WilsCe01
7859,Cedrick Wilson Jr.,0.00,12,Sun,2,2,2024-09-15,28-300,NOR,@,DAL,W 44-19,0.00,0.00,0.0,0.0,12,20.3,0,0.0,8,29.6,WR,WilsCe01
7860,Cedrick Wilson Jr.,0.00,14,Sun,4,4,2024-09-29,28-314,NOR,@,ATL,L 24-26,0.00,0.00,0.0,0.0,14,18.9,0,0.0,14,50.0,WR,WilsCe01
7861,Cedrick Wilson Jr.,0.00,12,Mon,5,5,2024-10-07,28-322,NOR,@,KAN,L 13-26,0.00,0.00,0.0,0.0,12,22.6,0,0.0,10,41.7,WR,WilsCe01
7862,Cedrick Wilson Jr.,0.00,10,Sun,11,11,2024-11-17,28-363,NOR,,CLE,W 35-14,0.00,0.00,0.0,0.0,10,16.7,0,0.0,6,24.0,WR,WilsCe01
7863,Johnny Wilson,0.00,10,Fri,1,1,2024-09-06,23-156,PHI,,GNB,W 34-29,0.00,0.00,0.0,0.0,10,13.2,0,0.0,7,22.6,WR,WilsJo03
7864,Johnny Wilson,0.00,19,Mon,2,2,2024-09-16,23-166,PHI,,ATL,L 21-22,0.00,0.00,0.0,0.0,19,26.8,0,0.0,0,0.0,WR,WilsJo03
7865,Johnny Wilson,0.00,32,Sun,4,4,2024-09-29,23-179,PHI,@,TAM,L 16-33,0.00,0.00,0.0,0.0,32,56.1,0,0.0,6,22.2,WR,WilsJo03
7866,Johnny Wilson,0.00,4,Sun,5,6,2024-10-13,23-193,PHI,,CLE,W 20-16,0.00,0.00,0.0,0.0,4,6.5,0,0.0,9,33.3,WR,WilsJo03
7867,Johnny Wilson,0.00,11,Sun,6,7,2024-10-20,23-200,PHI,@,NYG,W 28-3,0.00,0.00,0.0,0.0,11,16.7,0,0.0,2,6.3,WR,WilsJo03
7868,Johnny Wilson,0.00,6,Sun,7,8,2024-10-27,23-207,PHI,@,CIN,W 37-17,0.00,0.00,0.0,0.0,6,9.8,0,0.0,4,16.7,WR,WilsJo03
7869,Johnny Wilson,0.00,35,Sun,8,9,2024-11-03,23-214,PHI,,JAX,W 28-23,0.00,0.00,0.0,0.0,35,44.3,0,0.0,5,21.7,WR,WilsJo03
7870,Johnny Wilson,0.00,13,Thu,10,11,2024-11-14,23-225,PHI,,WAS,W 26-18,0.00,0.00,0.0,0.0,13,18.3,0,0.0,7,25.9,WR,WilsJo03
7871,Johnny Wilson,0.00,51,Sun,11,12,2024-11-24,23-235,PHI,@,LAR,W 37-20,0.00,0.00,0.0,0.0,51,69.9,0,0.0,6,21.4,WR,WilsJo03
7872,Johnny Wilson,0.00,29,Sun,13,14,2024-12-08,23-249,PHI,,CAR,W 22-16,0.00,0.00,0.0,0.0,29,50.0,0,0.0,7,31.8,WR,WilsJo03
7873,Johnny Wilson,0.00,23,Sun,14,15,2024-12-15,23-256,PHI,,PIT,W 27-13,0.00,0.00,0.0,0.0,23,28.8,0,0.0,7,28.0,WR,WilsJo03
7874,Johnny Wilson,0.00,9,Sun,15,16,2024-12-22,23-263,PHI,@,WAS,L 33-36,0.00,0.00,0.0,0.0,9,12.2,0,0.0,8,25.0,WR,WilsJo03
7875,Johnny Wilson,0.00,20,Sun,16,17,2024-12-29,23-270,PHI,,DAL,W 41-7,0.00,0.00,0.0,0.0,20,30.8,0,0.0,11,42.3,WR,WilsJo03
7876,Michael Wilson,0.00,65,Sun,14,15,2023-12-17,23-297,ARI,,SFO,L 29-45,0.00,0.00,0.0,0.0,65,87.8,0,0.0,0,0.0,WR,WilsMi02
7877,Michael Wilson,0.00,55,Sun,15,16,2023-12-24,23-304,ARI,@,CHI,L 16-27,0.00,0.00,0.0,0.0,55,90.2,0,0.0,0,0.0,WR,WilsMi02
7878,Michael Wilson,0.00,41,Sun,9,9,2024-11-03,24-254,ARI,,CHI,W 29-9,0.00,0.00,0.0,0.0,41,70.7,0,0.0,1,3.6,WR,WilsMi02
7879,Roman Wilson,0.00,5,Sun,6,6,2024-10-13,23-116,PIT,@,LVR,W 32-13,0.00,0.00,0.0,0.0,5,7.5,0,0.0,0,0.0,WR,WilsRo02
7880,Javon Wims,0.00,5,Sun,6,6,2022-10-16,28-035,ARI,@,SEA,L 9-19,0.00,0.00,0.0,0.0,5,7.0,0,0.0,0,0.0,WR,WimsJa00
7881,Juwann Winfree,0.00,5,Sun,1,1,2023-09-10,27-006,IND,,JAX,L 21-31,0.00,0.00,0.0,0.0,5,6.9,0,0.0,3,10.7,WR,WinfJu00
7882,Juwann Winfree,0.00,9,Sun,8,8,2023-10-29,27-055,IND,,NOR,L 27-38,0.00,0.00,0.0,0.0,9,12.7,0,0.0,13,38.2,WR,WinfJu00
7883,Juwann Winfree,0.00,6,Sun,9,9,2023-11-05,27-062,IND,@,CAR,W 27-13,0.00,0.00,0.0,0.0,6,9.8,0,0.0,16,57.1,WR,WinfJu00
7884,Juwann Winfree,0.00,1,Sun,10,10,2023-11-12,27-069,IND,@,NWE,W 10-6,0.00,0.00,0.0,0.0,1,1.8,0,0.0,11,52.4,WR,WinfJu00
7885,Juwann Winfree,0.00,13,Sun,3,3,2022-09-25,26-021,GNB,@,TAM,W 14-12,0.00,0.00,0.0,0.0,13,21.0,0,0.0,3,12.0,WR,WinfJu00
7886,Juwann Winfree,0.00,13,Sun,6,6,2022-10-16,26-042,GNB,,NYJ,L 10-27,0.00,0.00,0.0,0.0,13,17.8,0,0.0,6,20.7,WR,WinfJu00
7887,Easop Winston,0.00,2,Sun,6,7,2023-10-22,26-309,SEA,,ARI,W 20-10,0.00,0.00,0.0,0.0,2,3.3,0,0.0,0,0.0,WR,WinsEa00
7888,Michael Woods II,0.00,6,Sun,7,7,2022-10-23,22-218,CLE,@,BAL,L 20-23,0.00,0.00,0.0,0.0,6,10.0,0,0.0,3,11.1,WR,WoodMi00
7889,Michael Woods II,0.00,13,Sun,9,10,2022-11-13,22-239,CLE,@,MIA,L 17-39,0.00,0.00,0.0,0.0,13,19.4,0,0.0,12,52.2,WR,WoodMi00
7890,Michael Woods II,0.00,7,Sun,10,11,2022-11-20,22-246,CLE,@,BUF,L 23-31,0.00,0.00,0.0,0.0,7,9.3,0,0.0,16,53.3,WR,WoodMi00
7891,Michael Woods II,0.00,15,Sun,13,14,2022-12-11,22-267,CLE,@,CIN,L 10-23,0.00,0.00,0.0,0.0,15,20.8,0,0.0,11,45.8,WR,WoodMi00
7892,Michael Woods II,0.00,41,Sat,14,15,2022-12-17,22-273,CLE,,BAL,W 13-3,0.00,1.00,0.9,0.4,41,62.1,0,0.0,2,11.1,WR,WoodMi00
7893,Michael Woods II,0.00,21,Sun,16,17,2023-01-01,22-288,CLE,@,WAS,W 24-10,0.00,0.00,0.0,0.0,21,36.8,0,0.0,8,38.1,WR,WoodMi00
7894,Michael Woods II,0.00,45,Sun,15,16,2024-12-22,24-278,CLE,@,CIN,L 6-24,0.00,0.00,0.0,0.0,45,68.2,0,0.0,4,19.0,WR,WoodMi00
7895,Robert Woods,0.00,32,Sun,12,13,2023-12-03,31-237,HOU,,DEN,W 22-17,0.00,0.00,0.0,0.0,32,47.1,0,0.0,2,6.3,WR,WoodRo02
7896,Robert Woods,0.00,40,Sun,13,14,2023-12-10,31-244,HOU,@,NYJ,L 6-30,0.00,1.00,0.8,0.3,40,71.4,0,0.0,0,0.0,WR,WoodRo02
7897,Robert Woods,0.00,12,Sun,1,1,2024-09-08,32-151,HOU,@,IND,W 29-27,0.00,0.00,0.0,0.0,12,15.2,0,0.0,0,0.0,WR,WoodRo02
7898,Robert Woods,0.00,9,Sun,2,2,2024-09-15,32-158,HOU,,CHI,W 19-13,0.00,0.00,0.0,0.0,9,14.5,0,0.0,2,6.7,WR,WoodRo02
7899,Robert Woods,0.00,16,Sun,5,5,2024-10-06,32-179,HOU,,BUF,W 23-20,0.00,0.00,0.0,0.0,16,23.5,0,0.0,13,41.9,WR,WoodRo02
7900,Robert Woods,0.00,21,Sun,13,13,2024-12-01,32-235,HOU,@,JAX,W 23-20,0.00,0.00,0.0,0.0,21,33.3,0,0.0,8,29.6,WR,WoodRo02
7901,Robert Woods,0.00,32,Sun,8,9,2022-11-06,30-210,TEN,@,KAN,L 17-20 (OT),0.00,0.00,0.0,0.0,32,62.7,0,0.0,6,19.4,WR,WoodRo02
7902,Xavier Worthy,0.00,58,Mon,8,9,2024-11-04,21-191,KAN,,TAM,W 30-24 (OT),0.00,0.00,-1.0,-1.0,58,68.2,0,0.0,0,0.0,WR,WortXa00
7903,Xavier Worthy,0.00,1,Sun,17,18,2025-01-05,21-253,KAN,@,DEN,L 0-38,0.00,0.00,0.0,0.0,1,2.9,0,0.0,0,0.0,WR,WortXa00
7904,Dareke Young,0.00,4,Mon,1,1,2022-09-12,23-100,SEA,,DEN,W 17-16,0.00,0.00,0.0,0.0,4,7.3,0,0.0,5,26.3,WR,YounDa02
7905,Dareke Young,0.00,3,Sun,6,6,2022-10-16,23-134,SEA,,ARI,W 19-9,0.00,0.00,0.0,0.0,3,4.4,0,0.0,6,23.1,WR,YounDa02
7906,Dareke Young,0.00,17,Sun,7,7,2022-10-23,23-141,SEA,@,LAC,W 37-23,0.00,0.00,0.0,0.0,17,23.9,0,0.0,15,51.7,WR,YounDa02
7907,Dareke Young,0.00,4,Sun,8,8,2022-10-30,23-148,SEA,,NYG,W 27-13,0.00,0.00,0.0,0.0,4,6.3,0,0.0,20,66.7,WR,YounDa02
7908,Dareke Young,0.00,14,Sun,9,9,2022-11-06,23-155,SEA,@,ARI,W 31-21,0.00,0.00,0.0,0.0,14,19.2,0,0.0,18,66.7,WR,YounDa02
7909,Dareke Young,0.00,6,Sun,10,10,2022-11-13,23-162,SEA,@,TAM,L 16-21,0.00,0.00,0.0,0.0,6,11.5,0,0.0,15,71.4,WR,YounDa02
7910,Dareke Young,0.00,1,Sun,11,12,2022-11-27,23-176,SEA,,LVR,L 34-40 (OT),0.00,0.00,0.0,0.0,1,1.5,0,0.0,21,61.8,WR,YounDa02
7911,Dareke Young,0.00,1,Sun,12,13,2022-12-04,23-183,SEA,@,LAR,W 27-23,0.00,0.00,0.0,0.0,1,1.5,0,0.0,17,63.0,WR,YounDa02
7912,Dareke Young,0.00,2,Sun,13,14,2022-12-11,23-190,SEA,,CAR,L 24-30,0.00,0.00,0.0,0.0,2,3.7,0,0.0,18,64.3,WR,YounDa02
7913,Dareke Young,0.00,3,Thu,14,15,2022-12-15,23-194,SEA,,SFO,L 13-21,0.00,0.00,0.0,0.0,3,4.7,0,0.0,21,75.0,WR,YounDa02
7914,Dareke Young,0.00,10,Sat,15,16,2022-12-24,23-203,SEA,@,KAN,L 10-24,0.00,0.00,0.0,0.0,10,13.2,0,0.0,15,62.5,WR,YounDa02
7915,Dareke Young,0.00,27,Sun,16,17,2023-01-01,23-211,SEA,,NYJ,W 23-6,0.00,0.00,0.0,0.0,27,37.5,0,0.0,15,60.0,WR,YounDa02
7916,Dareke Young,0.00,2,Sun,9,10,2023-11-12,24-161,SEA,,WAS,W 29-26,0.00,0.00,0.0,0.0,2,2.5,0,0.0,17,48.6,WR,YounDa02
7917,Dareke Young,0.00,1,Sun,13,14,2023-12-10,24-189,SEA,@,SFO,L 16-28,0.00,0.00,0.0,0.0,1,1.7,0,0.0,15,55.6,WR,YounDa02
7918,Dareke Young,0.00,1,Mon,14,15,2023-12-18,24-197,SEA,,PHI,W 20-17,0.00,0.00,0.0,0.0,1,1.6,0,0.0,20,74.1,WR,YounDa02
7919,Dareke Young,0.00,1,Sun,15,16,2023-12-24,24-203,SEA,@,TEN,W 20-17,0.00,0.00,0.0,0.0,1,1.6,0,0.0,15,68.2,WR,YounDa02
7920,Dareke Young,0.00,4,Sun,17,18,2024-01-07,24-217,SEA,@,ARI,W 21-20,0.00,0.00,0.0,0.0,4,7.3,0,0.0,17,65.4,WR,YounDa02
7921,Dareke Young,0.00,7,Sun,1,1,2024-09-08,25-096,SEA,,DEN,W 26-20,0.00,0.00,0.0,0.0,7,10.4,0,0.0,24,70.6,WR,YounDa02
7922,Dareke Young,0.00,4,Sun,3,3,2024-09-22,25-110,SEA,,MIA,W 24-3,0.00,0.00,0.0,0.0,4,6.3,0,0.0,18,66.7,WR,YounDa02
7923,Dareke Young,0.00,1,Sun,7,7,2024-10-20,25-138,SEA,@,ATL,W 34-14,0.00,0.00,0.0,0.0,1,1.7,0,0.0,10,38.5,WR,YounDa02
7924,Dareke Young,0.00,4,Sun,8,8,2024-10-27,25-145,SEA,,BUF,L 10-31,0.00,0.00,0.0,0.0,4,7.8,0,0.0,11,47.8,WR,YounDa02
7925,Dareke Young,0.00,6,Sun,9,9,2024-11-03,25-152,SEA,,LAR,L 20-26 (OT),0.00,0.00,0.0,0.0,6,7.5,0,0.0,6,18.8,WR,YounDa02
7926,Dareke Young,0.00,3,Sun,14,15,2024-12-15,25-194,SEA,,GNB,L 13-30,0.00,0.00,0.0,0.0,3,5.1,0,0.0,20,69.0,WR,YounDa02
7927,Dareke Young,0.00,1,Thu,16,17,2024-12-26,25-205,SEA,@,CHI,W 6-3,0.00,0.00,0.0,0.0,1,1.9,0,0.0,16,76.2,WR,YounDa02
7928,Dareke Young,0.00,1,Sun,17,18,2025-01-05,25-215,SEA,@,LAR,W 30-25,0.00,0.00,0.0,0.0,1,1.8,0,0.0,18,66.7,WR,YounDa02
7929,Olamide Zaccheaus,0.00,60,Sun,14,15,2022-12-18,25-148,ATL,@,NOR,L 18-21,0.00,0.00,0.0,0.0,60,81.1,0,0.0,0,0.0,WR,ZaccOl01
7930,Olamide Zaccheaus,0.00,38,Sun,16,17,2023-01-01,25-162,ATL,,ARI,W 20-19,0.00,0.00,0.0,0.0,38,61.3,0,0.0,1,4.0,WR,ZaccOl01
7931,Olamide Zaccheaus,0.00,7,Sun,1,1,2023-09-10,26-049,PHI,@,NWE,W 25-20,0.00,0.00,0.0,0.0,7,10.6,0,0.0,7,24.1,WR,ZaccOl01
7932,Olamide Zaccheaus,0.00,35,Thu,2,2,2023-09-14,26-053,PHI,,MIN,W 34-28,0.00,0.00,0.0,0.0,35,45.5,0,0.0,7,24.1,WR,ZaccOl01
7933,Olamide Zaccheaus,0.00,9,Sun,5,5,2023-10-08,26-077,PHI,@,LAR,W 23-14,0.00,0.00,0.0,0.0,9,11.4,0,0.0,1,5.0,WR,ZaccOl01
7934,Olamide Zaccheaus,0.00,41,Sun,7,7,2023-10-22,26-091,PHI,,MIA,W 31-17,0.00,0.00,0.0,0.0,41,56.9,0,0.0,6,27.3,WR,ZaccOl01
7935,Olamide Zaccheaus,0.00,22,Mon,10,11,2023-11-20,26-120,PHI,@,KAN,W 21-17,0.00,0.00,0.0,0.0,22,39.3,0,0.0,7,26.9,WR,ZaccOl01
7936,Olamide Zaccheaus,0.00,24,Sun,12,13,2023-12-03,26-133,PHI,,SFO,L 19-42,0.00,0.00,0.0,0.0,24,33.3,0,0.0,9,34.6,WR,ZaccOl01
7937,Olamide Zaccheaus,0.00,5,Mon,14,15,2023-12-18,26-148,PHI,@,SEA,L 17-20,0.00,0.00,0.0,0.0,5,7.2,0,0.0,13,48.1,WR,ZaccOl01
7938,Olamide Zaccheaus,0.00,18,Mon,15,16,2023-12-25,26-155,PHI,,NYG,W 33-25,0.00,0.00,0.0,0.0,18,24.0,0,0.0,9,31.0,WR,ZaccOl01
7939,Olamide Zaccheaus,0.00,6,Sun,16,17,2023-12-31,26-161,PHI,,ARI,L 31-35,0.00,0.00,0.0,0.0,6,12.2,0,0.0,7,28.0,WR,ZaccOl01
7940,Olamide Zaccheaus,0.00,5,Mon,3,3,2024-09-23,27-062,WAS,@,CIN,W 38-33,0.00,0.00,0.0,0.0,5,8.5,0,0.0,4,15.4,WR,ZaccOl01
7941,Olamide Zaccheaus,0.00,26,Sun,8,8,2024-10-27,27-096,WAS,,CHI,W 18-15,0.00,0.00,0.0,0.0,26,35.1,0,0.0,7,26.9,WR,ZaccOl01
7942,Demario Douglas,-0.10,6,Sun,2,2,2023-09-17,22-283,NWE,,MIA,L 17-24,-0.10,1.90,2.9,0.9,6,8.1,0,0.0,3,12.0,WR,DougDe00
7943,Velus Jones Jr.,-0.10,4,Sun,1,1,2024-09-08,27-120,CHI,,TEN,W 24-17,-0.10,0.90,1.9,0.4,4,7.1,0,0.0,12,41.4,WR,JoneVe00
7944,Malachi Corley,-0.20,6,Thu,9,9,2024-10-31,22-224,NYJ,,HOU,W 21-13,-0.20,-0.20,0.8,-0.2,6,10.3,0,0.0,3,11.5,WR,CorlMa00
7945,Velus Jones Jr.,-0.20,12,Thu,6,6,2022-10-13,25-155,CHI,,WAS,L 7-12,-0.20,0.80,1.8,0.3,12,16.7,0,0.0,9,45.0,WR,JoneVe00
7946,Gunner Olszewski,-0.20,8,Sun,2,2,2022-09-18,25-296,PIT,,NWE,L 14-17,-0.20,-0.20,0.8,-0.2,8,13.6,0,0.0,8,36.4,WR,OlszGu00
7947,Anthony Schwartz,-0.20,5,Sun,12,13,2022-12-04,22-090,CLE,@,HOU,W 27-14,-0.20,0.80,1.8,0.3,5,7.9,0,0.0,10,32.3,WR,SchwAn00
7948,Braylon Sanders,-0.30,14,Sun,8,8,2022-10-30,23-282,MIA,@,DET,W 31-27,-0.30,1.70,2.7,0.7,14,20.6,0,0.0,0,0.0,WR,SandBr00
7949,DeAndre Carter,-0.40,49,Sun,4,4,2022-10-02,29-175,LAC,@,HOU,W 34-24,-0.40,1.60,2.6,0.6,49,70.0,0,0.0,8,27.6,WR,CartDe02
7950,Mecole Hardman,-0.40,22,Sun,8,8,2023-10-29,25-231,KAN,@,DEN,L 9-24,-0.40,1.60,2.6,0.6,22,36.1,0,0.0,9,40.9,WR,HardMe00
7951,Ihmir Smith-Marsette,-0.50,19,Sun,5,5,2022-10-09,23-041,CHI,@,MIN,L 22-29,-0.50,0.50,1.5,0.0,19,38.0,0,0.0,0,0.0,WR,SmitIh00
7952,Amari Rodgers,-0.60,16,Sun,7,7,2022-10-23,23-030,GNB,@,WAS,L 21-23,-0.60,1.40,2.4,0.4,16,29.6,0,0.0,11,37.9,WR,RodgAm00
7953,Darius Slayton,-0.60,52,Sun,16,17,2023-01-01,25-354,NYG,,IND,W 38-10,-0.60,1.40,2.4,0.4,52,82.5,0,0.0,0,0.0,WR,SlayDa01
7954,Deven Thompkins,-0.60,19,Sun,6,7,2023-10-22,23-303,TAM,,ATL,L 13-16,-0.60,2.40,3.4,0.9,19,26.0,0,0.0,7,33.3,WR,ThomDe07
7955,Josh Reynolds,-0.70,71,Mon,8,8,2023-10-30,28-256,DET,,LVR,W 26-14,-0.70,0.30,1.3,-0.2,71,82.6,0,0.0,0,0.0,WR,ReynJo00
7956,Greg Dortch,-0.80,20,Sun,8,8,2022-10-30,24-154,ARI,@,MIN,L 26-34,-0.80,1.20,2.2,0.2,20,25.6,0,0.0,14,46.7,WR,DortGr01
7957,Ryan Flournoy,-0.80,2,Sun,6,6,2024-10-13,24-352,DAL,,DET,L 9-47,-0.80,0.20,1.2,-0.3,2,2.9,0,0.0,15,53.6,WR,FlouRy00
7958,Isaiah McKenzie,-0.80,27,Sun,9,9,2023-11-05,28-210,IND,@,CAR,W 27-13,-0.80,1.20,2.2,0.2,27,44.3,0,0.0,8,28.6,WR,McKeIs00
7959,A.J. Brown,-1.10,12,Sun,17,18,2024-01-07,26-191,PHI,@,NYG,L 10-27,-1.10,-0.10,0.9,-0.6,12,18.5,0,0.0,0,0.0,WR,BrowAJ00
7960,Richie James,-1.10,21,Sun,4,4,2022-10-02,27-027,NYG,,CHI,W 20-12,-1.10,-0.10,0.9,-0.6,21,32.3,0,0.0,5,16.7,WR,JameRi00
7961,James Proche,-1.10,13,Sun,12,13,2022-12-04,26-074,BAL,,DEN,W 10-9,-1.10,0.90,1.9,0.9,13,18.1,0,0.0,8,30.8,WR,ProcJa00
7962,Garrett Wilson,-1.10,54,Sun,10,11,2023-11-19,23-120,NYJ,@,BUF,L 6-32,-1.10,0.90,1.9,-0.1,54,94.7,0,0.0,0,0.0,WR,WilsGa00
7963,Marvin Jones,-1.20,39,Thu,1,1,2023-09-07,33-179,DET,@,KAN,W 21-20,-1.20,0.80,1.8,-0.2,39,55.7,0,0.0,0,0.0,WR,JoneMa02
7964,Malik Washington,-1.20,27,Thu,12,13,2024-11-28,23-329,MIA,@,GNB,L 17-30,-1.20,0.80,1.8,-0.2,27,38.0,0,0.0,10,41.7,WR,WashMa00
7965,Olamide Zaccheaus,-1.20,16,Sun,10,10,2024-11-10,27-110,WAS,,PIT,L 27-28,-1.20,-0.20,0.8,-0.7,16,25.0,0,0.0,6,18.8,WR,ZaccOl01
7966,Xavier Gipson,-1.30,45,Sun,10,11,2023-11-19,22-256,NYJ,@,BUF,L 6-32,-1.30,-0.30,0.7,-0.8,45,78.9,0,0.0,8,29.6,WR,GipsXa00
7967,Kyle Philips,-1.40,27,Sun,6,6,2023-10-15,24-120,TEN,,BAL,L 16-24,-1.40,-0.40,0.6,-0.9,27,49.1,0,0.0,3,9.7,WR,PhilKy01
7968,Charlie Jones,-1.50,8,Sun,1,1,2024-09-08,25-315,CIN,,NWE,L 10-16,-1.50,-0.50,0.5,-1.0,8,15.7,0,0.0,5,23.8,WR,JoneCh11
7969,Chris Olave,-1.50,2,Sun,6,6,2024-10-13,24-108,NOR,,TAM,L 27-51,-1.50,-0.50,0.5,-1.0,2,2.9,0,0.0,0,0.0,WR,OlavCh00
7970,Kyle Philips,-1.50,13,Mon,2,2,2022-09-19,23-094,TEN,@,BUF,L 7-41,-1.50,-0.50,0.5,-1.0,13,23.2,0,0.0,1,3.7,WR,PhilKy01
7971,Marvin Mims,-1.60,20,Sun,5,5,2023-10-08,21-203,DEN,,NYJ,L 21-31,-1.60,-0.60,0.4,-1.1,20,31.7,0,0.0,11,34.4,WR,MimsMa00
7972,Tyler Scott,-1.60,27,Sun,11,11,2023-11-19,22-038,CHI,@,DET,L 26-31,-1.60,-0.60,0.4,-1.1,27,36.0,0,0.0,1,3.8,WR,ScotTy00
7973,Velus Jones Jr.,-1.70,40,Sun,14,15,2022-12-18,25-221,CHI,,PHI,L 20-25,-1.70,-0.70,0.3,-1.2,40,67.8,0,0.0,6,24.0,WR,JoneVe00
7974,Sterling Shepard,-1.70,10,Sun,7,7,2023-10-22,30-254,NYG,,WAS,W 14-7,-1.70,-0.70,0.3,-1.2,10,14.7,0,0.0,7,24.1,WR,ShepSt00
7975,Calvin Austin III,-2.00,40,Sat,17,18,2025-01-04,25-286,PIT,,CIN,L 17-19,-2.00,-2.00,-1.0,-2.0,40,65.6,0,0.0,3,11.5,WR,AustCa00
7976,DeAndre Carter,-2.00,4,Sun,11,12,2024-11-24,31-228,CHI,,MIN,L 27-30 (OT),-2.00,-2.00,-1.0,-2.0,4,5.3,0,0.0,11,35.5,WR,CartDe02
7977,Jacob Cowing,-2.00,3,Sun,9,10,2024-11-10,23-280,SFO,@,TAM,W 23-20,-2.00,-2.00,-1.0,-2.0,3,4.7,0,0.0,6,20.7,WR,CowiJa00
7978,Jamison Crowder,-2.00,5,Sun,15,16,2023-12-24,30-190,WAS,@,NYJ,L 28-30,-2.00,-2.00,-1.0,-2.0,5,8.2,0,0.0,6,16.7,WR,CrowJa00
7979,Jamison Crowder,-2.00,20,Sun,17,18,2025-01-05,31-202,WAS,@,DAL,W 23-19,-2.00,-2.00,-1.0,-2.0,20,34.5,0,0.0,4,14.3,WR,CrowJa00
7980,Xavier Gipson,-2.00,20,Sun,5,5,2023-10-08,22-214,NYJ,@,DEN,W 31-21,-2.00,-2.00,-1.0,-2.0,20,30.8,0,0.0,12,37.5,WR,GipsXa00
7981,Deonte Harty,-2.00,4,Sat,15,16,2023-12-23,26-019,BUF,@,LAC,W 24-22,-2.00,-2.00,-1.0,-2.0,4,7.3,0,0.0,4,13.3,WR,HarrDe07
7982,Deonte Harty,-2.00,2,Sun,4,4,2022-10-02,24-302,NOR,,MIN,L 25-28,-2.00,-2.00,-1.0,-2.0,2,3.3,0,0.0,11,35.5,WR,HarrDe07
7983,Jha'Quan Jackson,-2.00,2,Sun,11,12,2024-11-24,24-193,TEN,@,HOU,W 32-27,-2.00,-2.00,-1.0,-2.0,2,3.0,0,0.0,12,34.3,WR,JackJh00
7984,Jha'Quan Jackson,-2.00,2,Sun,12,13,2024-12-01,24-200,TEN,@,WAS,L 19-42,-2.00,-2.00,-1.0,-2.0,2,3.6,0,0.0,5,17.9,WR,JackJh00
7985,Richie James,-2.00,3,Sun,2,2,2023-09-17,28-012,KAN,@,JAX,W 17-9,-2.00,-2.00,-1.0,-2.0,3,4.5,0,0.0,8,36.4,WR,JameRi00
7986,Brandon Johnson,-2.00,7,Sun,17,18,2023-01-08,24-166,DEN,,LAC,W 31-28,-2.00,-2.00,-1.0,-2.0,7,10.8,0,0.0,3,9.7,WR,JohnBr23
7987,Isaiah McKenzie,-2.00,8,Sun,13,14,2023-12-10,28-245,IND,@,CIN,L 14-34,-2.00,-2.00,-1.0,-2.0,8,12.5,0,0.0,11,40.7,WR,McKeIs00
7988,Skyy Moore,-2.00,8,Sun,3,3,2022-09-25,22-015,KAN,@,IND,L 17-20,-2.00,-2.00,-1.0,-2.0,8,12.7,0,0.0,3,13.0,WR,MoorSk01
7989,Skyy Moore,-2.00,14,Sun,7,7,2022-10-23,22-043,KAN,@,SFO,W 44-23,-2.00,-2.00,-1.0,-2.0,14,21.9,0,0.0,1,3.6,WR,MoorSk01
7990,Gunner Olszewski,-2.00,1,Mon,2,2,2023-09-18,26-296,PIT,,CLE,W 26-22,-2.00,-1.00,0.0,-1.5,1,1.9,0,0.0,1,3.2,WR,OlszGu00
7991,Gunner Olszewski,-2.00,4,Sun,5,5,2023-10-08,26-316,PIT,,BAL,W 17-10,-2.00,-2.00,-1.0,-2.0,4,6.1,0,0.0,7,28.0,WR,OlszGu00
7992,James Proche,-2.00,3,Sun,9,10,2023-11-12,27-052,CLE,@,BAL,W 33-31,-2.00,-2.00,-1.0,-2.0,3,3.8,0,0.0,10,32.3,WR,ProcJa00
7993,James Proche,-2.00,2,Sun,14,15,2024-12-15,28-085,CLE,,KAN,L 7-21,-2.00,-2.00,-1.0,-2.0,2,3.2,0,0.0,9,34.6,WR,ProcJa00
7994,Amari Rodgers,-2.00,6,Sun,10,10,2022-11-13,23-051,GNB,,DAL,W 31-28 (OT),-2.00,-2.00,-1.0,-2.0,6,9.4,0,0.0,8,26.7,WR,RodgAm00
7995,Laviska Shenault Jr.,-2.00,2,Sun,12,13,2024-12-01,26-057,SEA,@,NYJ,W 26-21,-2.00,-2.00,-1.0,-2.0,2,3.1,0,0.0,15,62.5,WR,ShenLa00
7996,Steven Sims,-2.00,2,Sun,4,4,2024-09-29,27-182,HOU,,JAX,W 24-20,-2.00,-2.00,-1.0,-2.0,2,2.7,0,0.0,6,20.7,WR,SimsSt00
7997,Trent Taylor,-2.00,5,Sun,14,15,2023-12-17,29-231,CHI,@,CLE,L 17-20,-2.00,-2.00,-1.0,-2.0,5,6.8,0,0.0,9,25.7,WR,TaylTr02
7998,Trent Taylor,-2.00,3,Sun,6,6,2022-10-16,28-169,CIN,@,NOR,W 30-26,-2.00,-2.00,-1.0,-2.0,3,5.3,0,0.0,3,10.3,WR,TaylTr02
7999,Jalen Tolbert,-2.00,15,Mon,6,6,2023-10-16,24-231,DAL,@,LAC,W 20-17,-2.00,-2.00,-1.0,-2.0,15,23.4,0,0.0,21,84.0,WR,TolbJa00
8000,Kadarius Toney,-2.00,5,Sun,13,14,2024-12-08,25-316,CLE,@,PIT,L 14-27,-2.00,-2.00,-1.0,-2.0,5,6.9,0,0.0,6,20.7,WR,ToneKa00
8001,Austin Trammell,-2.00,4,Sun,6,6,2023-10-15,25-103,LAR,,ARI,W 26-9,-2.00,-2.00,-1.0,-2.0,4,7.0,0,0.0,7,25.9,WR,TramAu00
8002,KaVontae Turpin,-2.00,1,Sun,13,14,2022-12-11,26-131,DAL,,HOU,W 27-23,-2.00,-2.00,-1.0,-2.0,1,1.4,0,0.0,9,32.1,WR,TurpKa00
8003,Jalen Virgil,-2.00,4,Sun,11,12,2022-11-27,24-137,DEN,@,CAR,L 10-23,-2.00,-2.00,-1.0,-2.0,4,6.7,0,0.0,7,23.3,WR,VirgJa00
8004,Montrell Washington,-2.00,3,Mon,6,6,2022-10-17,23-217,DEN,@,LAC,L 16-19 (OT),-2.00,-1.00,0.0,-1.5,3,5.2,0,0.0,15,50.0,WR,WashMo00
8005,Cedrick Wilson Jr.,-2.00,29,Sun,1,1,2024-09-08,28-293,NOR,,CAR,W 47-10,-2.00,-2.00,-1.0,-2.0,29,43.9,0,0.0,14,46.7,WR,WilsCe01
8006,Richie James,-4.00,4,Sun,8,8,2022-10-30,27-055,NYG,@,SEA,L 13-27,-4.00,-4.00,-2.0,-4.0,4,6.2,0,0.0,5,16.7,WR,JameRi00
